1049 11699 22139 1500
1 1
1 3
1 4
1 12
1 13
2 1
2 13
2 2269
2 2270
2 2287
2 2359
2 2729
2 3691
2 3721
2 3739
2 3871
2 3879
2 3994
2 4019
2 4025
2 4028
2 4175
2 4244
2 4291
2 4324
2 4332
2 4333
2 4392
2 4393
2 4400
2 4466
2 4480
2 4519
2 4658
2 4659
2 4660
2 4661
2 4662
2 4685
2 4881
2 4882
2 4908
2 4953
2 5226
2 5610
2 5688
2 5793
2 5798
2 5801
2 5802
2 5839
2 5840
2 5878
2 5975
2 5994
2 6220
2 6221
2 6317
2 6831
2 6918
2 6919
2 6920
2 6921
2 6922
2 7103
2 7161
2 7664
2 7740
2 7812
2 9238
2 9239
2 9240
2 9324
2 9629
2 9630
2 9875
2 10175
2 10262
3 2
3 5
3 6
3 7
3 8
3 9
3 10
3 11
3 12
3 14
3 17
3 18
3 19
3 20
3 21
3 22
3 23
3 24
3 25
3 30
3 31
3 33
3 34
3 35
3 37
3 38
3 39
3 43
3 44
3 45
3 46
3 49
3 106
3 108
3 146
3 172
3 182
3 464
3 487
3 893
3 948
3 1186
3 1799
3 1832
3 1930
3 2006
3 2107
3 2194
3 2195
3 2196
3 2197
3 2198
3 2199
3 2204
3 2213
3 2215
3 2221
3 2225
3 2227
3 2233
3 2236
3 2237
3 2239
3 2241
3 2242
3 2243
3 2244
3 2245
3 2246
3 2247
3 2252
3 2267
3 2268
3 2302
3 2350
3 2351
3 2352
3 2353
3 2418
3 2588
3 2677
3 2681
3 2703
3 2742
3 2743
3 2744
3 2745
3 2840
3 2966
3 3276
3 3483
3 3513
3 3603
3 3624
3 3627
3 3647
3 3654
4 3
4 5
4 6
4 7
4 8
4 9
4 11
4 12
4 14
4 17
4 18
4 19
4 23
4 30
4 37
4 38
4 41
4 43
4 44
4 46
4 106
4 109
4 146
4 195
4 439
4 700
4 1234
4 1411
4 1491
4 1559
4 1670
4 1671
4 1673
4 1674
4 1679
4 1681
4 1704
4 1705
4 1706
4 1707
4 1708
4 1709
4 1710
4 1799
4 1832
4 1917
4 1918
4 1919
4 1920
4 1921
4 1922
4 1923
4 1924
4 1925
4 1926
4 1927
4 1928
4 1929
4 1931
4 1932
4 1985
4 1987
4 2194
4 2211
4 2212
4 2215
4 2216
4 2220
4 2231
4 2233
4 2234
4 2238
4 2239
4 2241
4 2242
4 2243
4 2244
4 2245
4 2246
4 2247
4 2248
4 2249
4 2251
4 2253
4 2254
4 2256
4 2257
4 2262
4 2267
4 2268
4 2271
4 2272
4 2273
4 2274
4 2277
4 2278
4 2279
4 2280
4 2281
4 2282
4 2283
4 2285
4 2286
4 2292
4 2295
4 2296
4 2297
4 2298
4 2301
4 2302
4 2303
4 2307
4 2310
4 2311
4 2316
4 2317
4 2318
4 2319
4 2320
4 2321
4 2322
4 2323
4 2324
4 2325
4 2326
4 2327
4 2328
4 2329
4 2330
4 2331
4 2332
4 2333
4 2334
4 2335
4 2336
4 2337
4 2338
4 2339
4 2340
4 2341
4 2342
4 2343
4 2344
4 2345
4 2346
4 2347
4 2348
4 2349
4 2350
4 2351
4 2352
4 2353
4 2354
4 2362
4 2384
4 2388
4 2389
4 2390
4 2391
4 2392
4 2393
4 2394
4 2395
4 2396
4 2397
4 2413
4 2415
4 2416
4 2417
4 2418
4 2419
4 2420
4 2421
4 2422
4 2423
4 2424
4 2425
4 2446
4 2447
4 2448
4 2449
4 2450
4 2451
4 2452
4 2453
4 2454
4 2455
4 2456
4 2457
4 2458
4 2459
4 2460
4 2461
4 2462
4 2463
4 2464
4 2465
4 2466
4 2467
4 2468
4 2469
4 2470
4 2471
4 2472
4 2473
4 2474
4 2475
4 2476
4 2477
4 2478
4 2479
4 2480
4 2481
4 2482
4 2483
4 2484
4 2485
4 2486
4 2487
4 2488
4 2489
4 2490
4 2491
4 2492
4 2493
4 2494
4 2495
4 2496
4 2497
4 2498
4 2499
4 2500
4 2501
4 2502
4 2503
4 2504
4 2505
4 2506
4 2507
4 2508
4 2509
4 2510
4 2511
4 2512
4 2513
4 2514
4 2515
4 2516
4 2517
4 2518
4 2519
4 2520
4 2521
4 2522
4 2523
4 2524
4 2525
4 2526
4 2527
4 2528
4 2529
4 2530
4 2531
4 2532
4 2533
4 2534
4 2535
4 2536
4 2537
4 2538
4 2539
4 2540
4 2541
4 2542
4 2543
4 2544
4 2545
4 2546
4 2547
4 2548
4 2549
4 2550
4 2551
4 2552
4 2565
4 2566
4 2567
4 2568
4 2569
4 2570
4 2571
4 2573
4 2658
4 2679
4 2681
4 2686
4 2695
4 2696
4 2697
4 2698
4 2699
4 2700
4 2701
4 2702
4 2705
4 2706
4 2707
4 2708
4 2709
4 2710
4 2724
4 2729
4 2730
4 2731
4 2739
4 2820
4 2823
4 2838
4 2842
4 2843
4 2844
4 2845
4 2846
4 2847
4 2848
4 2849
4 2852
4 2855
4 2860
4 2862
4 2863
4 2864
4 2869
4 2873
4 2877
4 2878
4 2879
4 2880
4 2881
4 2882
4 2883
4 2884
4 2885
4 2886
4 2888
4 2892
4 2893
4 2894
4 2895
4 2896
4 2897
4 2898
4 2899
4 2900
4 2901
4 2902
4 2903
4 2904
4 2918
4 2919
4 2922
4 2923
4 2924
4 2925
4 2926
4 2927
4 2928
4 2929
4 2930
4 2931
4 2932
4 2933
4 2934
4 2935
4 2936
4 2937
4 2938
4 2939
4 2940
4 2941
4 2942
4 2943
4 2944
4 2945
4 2946
4 2947
4 2948
4 2949
4 2950
4 2951
4 2952
4 2953
4 2954
4 2955
4 2956
4 2957
4 2958
4 2959
4 2960
4 2961
4 2962
4 2963
4 2964
4 2965
4 2966
4 2967
4 2968
4 2969
4 2970
4 2971
4 2972
4 2973
4 2975
4 2976
4 2977
4 2978
4 2979
4 2980
4 2992
4 2993
4 2994
4 2995
4 2996
4 2997
4 2998
4 2999
4 3000
4 3001
4 3173
4 3174
4 3175
4 3176
4 3177
4 3186
4 3187
4 3188
4 3189
4 3190
4 3191
4 3192
4 3203
4 3213
4 3214
4 3215
4 3216
4 3217
4 3218
4 3219
4 3220
4 3221
4 3222
4 3223
4 3224
4 3226
4 3247
4 3248
4 3249
4 3250
4 3304
4 3305
4 3306
4 3307
4 3308
4 3309
4 3310
4 3312
4 3313
4 3314
4 3315
4 3316
4 3317
4 3318
4 3319
4 3320
4 3321
4 3322
4 3323
4 3324
4 3325
4 3326
4 3330
4 3331
4 3332
4 3333
4 3334
4 3335
4 3336
4 3337
4 3343
4 3344
4 3355
4 3356
4 3357
4 3358
4 3360
4 3362
4 3364
4 3366
4 3367
4 3368
4 3369
4 3370
4 3371
4 3374
4 3376
4 3377
4 3380
4 3381
4 3382
4 3389
4 3391
4 3392
4 3395
4 3399
4 3406
4 3407
4 3408
4 3409
4 3410
4 3411
4 3412
4 3413
4 3414
4 3415
4 3416
4 3417
4 3418
4 3419
4 3422
4 3423
4 3424
4 3425
4 3426
4 3427
4 3428
4 3429
4 3430
4 3435
4 3439
4 3440
4 3441
4 3442
4 3456
4 3457
4 3458
4 3459
4 3460
4 3461
4 3462
4 3463
4 3465
4 3466
4 3467
4 3468
4 3469
4 3470
4 3471
4 3481
4 3484
4 3485
4 3486
4 3487
4 3488
4 3489
4 3490
4 3491
4 3492
4 3501
4 3502
4 3503
4 3504
4 3505
4 3506
4 3507
4 3508
4 3523
4 3537
4 3567
4 3656
4 3698
4 3707
4 3738
4 3745
4 3751
4 3769
4 3770
4 3771
4 3772
4 3773
4 3774
4 3775
4 3776
4 3777
4 3778
4 3779
4 3780
4 3781
4 3782
4 3783
4 3784
4 3785
4 3786
4 3787
4 3788
4 3789
4 3790
4 3791
4 3792
4 3793
4 3794
4 3795
4 3796
4 3797
4 3798
4 3799
4 3800
4 3801
4 3802
4 3803
4 3804
4 3805
4 3806
4 3807
4 3808
4 3809
4 3810
4 3811
4 3812
4 3813
4 3814
4 3815
4 3816
4 3817
4 3818
4 3819
4 3834
4 3835
4 3836
4 3837
4 3838
4 3839
4 3840
4 3841
4 3842
4 3849
4 3852
4 3878
4 3897
4 3914
4 3915
4 3936
4 3956
4 3983
4 3984
4 3985
4 3986
4 3987
4 3991
4 3992
4 3998
4 4002
4 4009
4 4010
4 4011
4 4012
4 4015
4 4021
4 4035
4 4039
4 4040
4 4041
4 4061
4 4074
4 4078
4 4079
4 4080
4 4099
4 4100
4 4101
4 4102
4 4103
4 4104
4 4105
4 4106
4 4107
4 4130
4 4134
4 4135
4 4137
4 4207
4 4229
4 4233
4 4276
4 4277
4 4278
4 4279
4 4321
4 4322
4 4323
4 4324
4 4325
4 4326
4 4327
4 4362
4 4380
4 4381
4 4382
4 4400
4 4438
4 4440
4 4451
4 4452
4 4453
4 4454
4 4455
4 4456
4 4457
4 4458
4 4459
4 4460
4 4593
4 4684
4 4714
4 4715
4 4716
4 4718
4 4766
4 4777
4 4778
4 4779
4 4780
4 4859
4 4860
4 4866
4 4870
4 4871
4 4872
4 4873
4 4874
4 4875
4 4876
4 4877
4 4878
4 4879
4 4880
4 4881
4 4882
4 4883
4 4884
4 4885
4 4886
4 4887
4 4888
4 4889
4 4890
4 4891
4 4892
4 4894
4 4895
4 4916
4 4917
4 4918
4 4919
4 4920
4 4921
4 4929
4 4930
4 4931
4 4932
4 4933
4 4934
4 4951
4 4952
4 4953
4 4954
4 4955
4 4959
4 5035
4 5227
4 5592
4 5684
4 6066
4 6067
4 6068
4 6069
4 6070
4 6071
4 6072
4 6073
4 6074
4 6075
4 6076
4 6077
4 6078
4 6079
4 6080
4 6081
4 6082
4 6083
4 6084
4 6085
4 6086
4 6087
4 6088
4 6089
4 6090
4 6091
4 6092
4 6093
4 6094
4 6095
4 6096
4 6097
4 6098
4 6099
4 6100
4 6101
4 6102
4 6103
4 6104
4 6105
4 6106
4 6107
4 6108
4 6109
4 6110
4 6111
4 6112
5 5
5 6
5 14
5 15
5 27
5 40
5 2231
5 4687
6 5
6 7
6 12
6 21
6 28
6 32
6 1929
6 2267
6 3688
6 3936
7 5
7 6
7 11
7 30
7 37
7 38
7 43
7 1670
7 1671
7 1672
7 1673
7 1674
7 1675
7 1681
7 2216
7 2224
7 2268
7 2615
7 4079
8 5
8 1676
8 1680
8 1799
8 1832
8 2229
8 2268
8 2317
8 3561
8 3656
8 3745
8 4002
8 4358
8 4372
8 4379
8 4383
8 4384
8 4388
9 5
9 6
9 46
9 48
9 49
9 50
9 51
9 52
9 53
9 54
9 55
9 56
9 57
9 58
9 59
9 60
9 61
9 62
9 63
9 64
9 65
9 66
9 67
9 68
9 69
9 70
9 71
9 72
9 73
9 74
9 76
9 77
9 78
9 79
9 80
9 81
9 82
9 83
9 84
9 85
9 86
9 87
9 88
9 89
9 90
9 91
9 92
9 93
9 94
9 95
9 96
9 97
9 98
9 99
9 100
9 101
9 102
9 103
9 104
9 105
9 106
9 107
9 108
9 109
9 110
9 114
9 115
9 116
9 117
9 118
9 119
9 120
9 121
9 122
9 123
9 124
9 125
9 126
9 127
9 128
9 129
9 130
9 131
9 132
9 133
9 134
9 135
9 136
9 137
9 138
9 139
9 140
9 141
9 142
9 143
9 144
9 145
9 146
9 147
9 148
9 149
9 150
9 151
9 152
9 153
9 154
9 155
9 156
9 157
9 158
9 159
9 160
9 161
9 162
9 163
9 164
9 165
9 166
9 167
9 168
9 169
9 170
9 171
9 172
9 173
9 174
9 175
9 176
9 177
9 178
9 179
9 180
9 187
9 188
9 189
9 190
9 191
9 192
9 193
9 194
9 195
9 196
9 197
9 198
9 199
9 200
9 201
9 202
9 203
9 204
9 205
9 206
9 207
9 208
9 209
9 210
9 211
9 212
9 213
9 214
9 215
9 216
9 217
9 218
9 219
9 220
9 221
9 222
9 223
9 224
9 225
9 226
9 227
9 228
9 229
9 230
9 231
9 232
9 233
9 234
9 235
9 236
9 237
9 238
9 239
9 240
9 241
9 242
9 243
9 244
9 245
9 246
9 247
9 248
9 249
9 250
9 251
9 252
9 253
9 254
9 255
9 256
9 257
9 258
9 259
9 260
9 261
9 262
9 263
9 264
9 265
9 266
9 267
9 268
9 269
9 270
9 271
9 272
9 273
9 274
9 275
9 276
9 277
9 278
9 279
9 280
9 281
9 282
9 283
9 284
9 285
9 286
9 287
9 288
9 289
9 290
9 291
9 292
9 293
9 294
9 295
9 296
9 297
9 298
9 299
9 300
9 301
9 302
9 303
9 304
9 305
9 306
9 307
9 308
9 309
9 310
9 311
9 312
9 313
9 314
9 315
9 316
9 317
9 318
9 319
9 320
9 321
9 322
9 323
9 324
9 325
9 326
9 327
9 328
9 329
9 330
9 331
9 332
9 333
9 334
9 335
9 336
9 337
9 338
9 339
9 340
9 341
9 342
9 343
9 344
9 345
9 346
9 347
9 348
9 349
9 350
9 351
9 352
9 353
9 354
9 355
9 356
9 357
9 358
9 359
9 360
9 361
9 362
9 363
9 364
9 365
9 366
9 367
9 368
9 369
9 370
9 371
9 372
9 373
9 374
9 375
9 376
9 377
9 378
9 379
9 380
9 381
9 382
9 383
9 384
9 385
9 386
9 387
9 388
9 389
9 390
9 391
9 392
9 393
9 394
9 395
9 396
9 397
9 398
9 399
9 400
9 401
9 402
9 403
9 404
9 405
9 406
9 407
9 408
9 409
9 410
9 411
9 412
9 413
9 414
9 415
9 416
9 417
9 418
9 419
9 420
9 421
9 422
9 423
9 424
9 425
9 426
9 427
9 428
9 429
9 430
9 431
9 432
9 433
9 434
9 435
9 436
9 437
9 438
9 439
9 440
9 441
9 442
9 443
9 444
9 445
9 446
9 447
9 448
9 449
9 450
9 451
9 452
9 453
9 454
9 455
9 456
9 457
9 458
9 459
9 460
9 461
9 462
9 463
9 464
9 465
9 466
9 467
9 468
9 469
9 470
9 471
9 472
9 473
9 474
9 475
9 476
9 477
9 478
9 479
9 480
9 481
9 482
9 483
9 484
9 485
9 486
9 487
9 488
9 489
9 490
9 491
9 492
9 493
9 494
9 495
9 496
9 497
9 498
9 499
9 500
9 501
9 502
9 503
9 504
9 505
9 506
9 507
9 508
9 509
9 510
9 511
9 512
9 513
9 514
9 515
9 516
9 517
9 518
9 519
9 520
9 521
9 522
9 523
9 524
9 525
9 526
9 527
9 528
9 529
9 530
9 531
9 532
9 533
9 534
9 535
9 536
9 537
9 538
9 539
9 540
9 541
9 542
9 543
9 544
9 545
9 546
9 547
9 548
9 549
9 550
9 551
9 552
9 553
9 554
9 555
9 556
9 557
9 558
9 559
9 560
9 561
9 562
9 563
9 564
9 565
9 566
9 567
9 568
9 569
9 570
9 571
9 572
9 573
9 574
9 575
9 576
9 577
9 578
9 579
9 580
9 581
9 582
9 583
9 584
9 585
9 586
9 587
9 588
9 589
9 590
9 591
9 592
9 593
9 594
9 595
9 596
9 597
9 598
9 599
9 600
9 601
9 602
9 603
9 604
9 605
9 606
9 607
9 608
9 609
9 610
9 611
9 612
9 613
9 614
9 615
9 616
9 617
9 618
9 619
9 620
9 621
9 622
9 623
9 624
9 625
9 626
9 627
9 628
9 629
9 630
9 631
9 632
9 633
9 634
9 635
9 636
9 637
9 638
9 639
9 640
9 641
9 642
9 643
9 644
9 645
9 646
9 647
9 648
9 649
9 650
9 651
9 652
9 653
9 654
9 655
9 656
9 657
9 658
9 659
9 660
9 661
9 662
9 663
9 664
9 665
9 666
9 667
9 668
9 669
9 670
9 671
9 672
9 673
9 674
9 675
9 676
9 677
9 678
9 679
9 680
9 681
9 682
9 683
9 684
9 685
9 686
9 687
9 688
9 689
9 690
9 691
9 692
9 693
9 694
9 695
9 696
9 697
9 698
9 699
9 700
9 701
9 702
9 703
9 704
9 705
9 706
9 707
9 708
9 709
9 710
9 711
9 712
9 713
9 714
9 715
9 716
9 717
9 718
9 719
9 720
9 721
9 722
9 723
9 724
9 725
9 726
9 727
9 728
9 729
9 730
9 731
9 732
9 733
9 734
9 735
9 736
9 737
9 738
9 739
9 740
9 741
9 742
9 743
9 744
9 745
9 746
9 747
9 748
9 749
9 750
9 751
9 752
9 753
9 754
9 755
9 756
9 757
9 758
9 759
9 760
9 761
9 762
9 763
9 764
9 765
9 766
9 767
9 768
9 769
9 770
9 771
9 772
9 773
9 774
9 775
9 776
9 777
9 778
9 779
9 780
9 781
9 782
9 783
9 784
9 785
9 786
9 787
9 788
9 789
9 790
9 791
9 792
9 793
9 794
9 795
9 796
9 797
9 798
9 799
9 800
9 801
9 802
9 803
9 804
9 805
9 806
9 807
9 808
9 809
9 810
9 811
9 812
9 813
9 814
9 815
9 816
9 817
9 818
9 819
9 820
9 821
9 822
9 823
9 824
9 825
9 826
9 827
9 828
9 829
9 830
9 831
9 832
9 833
9 834
9 835
9 836
9 837
9 838
9 839
9 840
9 841
9 842
9 843
9 844
9 845
9 846
9 847
9 848
9 849
9 850
9 851
9 852
9 853
9 854
9 855
9 856
9 857
9 858
9 859
9 860
9 861
9 862
9 863
9 864
9 865
9 866
9 867
9 868
9 869
9 870
9 871
9 872
9 873
9 874
9 875
9 876
9 877
9 878
9 879
9 880
9 881
9 882
9 883
9 884
9 885
9 886
9 887
9 888
9 889
9 890
9 891
9 892
9 893
9 894
9 895
9 896
9 897
9 898
9 899
9 900
9 901
9 902
9 903
9 904
9 905
9 906
9 907
9 908
9 909
9 910
9 911
9 912
9 913
9 914
9 915
9 916
9 917
9 918
9 919
9 920
9 921
9 922
9 923
9 924
9 925
9 926
9 927
9 928
9 929
9 930
9 931
9 932
9 933
9 934
9 935
9 936
9 937
9 938
9 939
9 940
9 941
9 942
9 943
9 944
9 945
9 946
9 947
9 948
9 949
9 950
9 951
9 952
9 953
9 954
9 955
9 956
9 957
9 958
9 959
9 960
9 961
9 962
9 963
9 964
9 965
9 966
9 967
9 968
9 969
9 970
9 971
9 972
9 973
9 974
9 975
9 976
9 977
9 978
9 979
9 980
9 981
9 982
9 983
9 984
9 985
9 986
9 987
9 988
9 989
9 990
9 991
9 992
9 993
9 994
9 995
9 996
9 997
9 998
9 999
9 1000
9 1001
9 1002
9 1003
9 1004
9 1005
9 1006
9 1007
9 1008
9 1009
9 1010
9 1011
9 1012
9 1013
9 1014
9 1015
9 1016
9 1017
9 1018
9 1019
9 1020
9 1021
9 1022
9 1023
9 1024
9 1025
9 1026
9 1027
9 1028
9 1029
9 1030
9 1031
9 1032
9 1033
9 1034
9 1035
9 1036
9 1037
9 1038
9 1039
9 1040
9 1041
9 1042
9 1043
9 1044
9 1045
9 1046
9 1047
9 1048
9 1049
9 1050
9 1051
9 1052
9 1053
9 1054
9 1055
9 1056
9 1057
9 1058
9 1059
9 1060
9 1061
9 1062
9 1063
9 1064
9 1065
9 1066
9 1067
9 1068
9 1069
9 1070
9 1071
9 1072
9 1073
9 1074
9 1075
9 1076
9 1077
9 1078
9 1079
9 1080
9 1081
9 1082
9 1083
9 1084
9 1085
9 1086
9 1087
9 1088
9 1089
9 1090
9 1091
9 1092
9 1093
9 1094
9 1095
9 1096
9 1097
9 1098
9 1099
9 1100
9 1101
9 1102
9 1103
9 1104
9 1105
9 1106
9 1107
9 1108
9 1109
9 1110
9 1111
9 1112
9 1113
9 1114
9 1115
9 1116
9 1117
9 1118
9 1119
9 1120
9 1121
9 1122
9 1123
9 1124
9 1125
9 1126
9 1127
9 1128
9 1129
9 1130
9 1131
9 1132
9 1133
9 1134
9 1135
9 1136
9 1137
9 1138
9 1139
9 1140
9 1141
9 1142
9 1143
9 1144
9 1145
9 1146
9 1147
9 1148
9 1149
9 1150
9 1151
9 1152
9 1153
9 1154
9 1155
9 1156
9 1157
9 1158
9 1159
9 1160
9 1161
9 1162
9 1163
9 1164
9 1165
9 1166
9 1167
9 1168
9 1169
9 1170
9 1171
9 1172
9 1173
9 1174
9 1175
9 1176
9 1177
9 1178
9 1179
9 1180
9 1181
9 1182
9 1183
9 1184
9 1185
9 1186
9 1187
9 1188
9 1189
9 1190
9 1191
9 1192
9 1193
9 1194
9 1195
9 1196
9 1197
9 1198
9 1199
9 1200
9 1201
9 1202
9 1203
9 1204
9 1205
9 1206
9 1207
9 1208
9 1209
9 1210
9 1211
9 1212
9 1213
9 1214
9 1215
9 1216
9 1217
9 1218
9 1219
9 1220
9 1221
9 1222
9 1223
9 1224
9 1225
9 1226
9 1227
9 1228
9 1229
9 1230
9 1231
9 1232
9 1233
9 1234
9 1235
9 1236
9 1237
9 1238
9 1239
9 1240
9 1241
9 1242
9 1243
9 1244
9 1245
9 1246
9 1247
9 1248
9 1249
9 1250
9 1251
9 1252
9 1253
9 1254
9 1255
9 1256
9 1257
9 1258
9 1259
9 1260
9 1261
9 1262
9 1263
9 1264
9 1265
9 1266
9 1267
9 1268
9 1269
9 1270
9 1271
9 1272
9 1273
9 1274
9 1275
9 1276
9 1277
9 1278
9 1279
9 1280
9 1281
9 1282
9 1283
9 1284
9 1285
9 1286
9 1287
9 1288
9 1289
9 1290
9 1291
9 1292
9 1293
9 1294
9 1295
9 1296
9 1297
9 1298
9 1299
9 1300
9 1301
9 1302
9 1303
9 1304
9 1305
9 1306
9 1307
9 1308
9 1309
9 1310
9 1311
9 1312
9 1313
9 1314
9 1315
9 1316
9 1317
9 1318
9 1319
9 1320
9 1321
9 1322
9 1323
9 1324
9 1325
9 1326
9 1327
9 1328
9 1329
9 1330
9 1331
9 1332
9 1333
9 1334
9 1335
9 1336
9 1337
9 1338
9 1339
9 1340
9 1341
9 1342
9 1343
9 1344
9 1345
9 1346
9 1347
9 1348
9 1349
9 1350
9 1351
9 1352
9 1353
9 1354
9 1355
9 1356
9 1357
9 1358
9 1359
9 1360
9 1361
9 1362
9 1363
9 1364
9 1365
9 1366
9 1367
9 1368
9 1369
9 1370
9 1371
9 1372
9 1373
9 1374
9 1375
9 1376
9 1377
9 1378
9 1379
9 1380
9 1381
9 1382
9 1383
9 1384
9 1385
9 1386
9 1387
9 1388
9 1389
9 1390
9 1391
9 1392
9 1393
9 1394
9 1395
9 1396
9 1397
9 1398
9 1399
9 1400
9 1401
9 1402
9 1403
9 1404
9 1405
9 1406
9 1407
9 1408
9 1409
9 1410
9 1411
9 1412
9 1413
9 1414
9 1415
9 1416
9 1417
9 1418
9 1419
9 1420
9 1421
9 1422
9 1423
9 1424
9 1425
9 1426
9 1427
9 1428
9 1429
9 1430
9 1431
9 1432
9 1433
9 1434
9 1435
9 1436
9 1437
9 1438
9 1439
9 1440
9 1441
9 1442
9 1443
9 1444
9 1445
9 1446
9 1447
9 1448
9 1449
9 1450
9 1451
9 1452
9 1453
9 1454
9 1455
9 1456
9 1457
9 1458
9 1459
9 1460
9 1461
9 1462
9 1463
9 1464
9 1465
9 1466
9 1467
9 1468
9 1469
9 1470
9 1471
9 1472
9 1473
9 1474
9 1475
9 1476
9 1477
9 1478
9 1479
9 1480
9 1481
9 1482
9 1483
9 1484
9 1485
9 1486
9 1487
9 1488
9 1489
9 1490
9 1491
9 1492
9 1493
9 1494
9 1495
9 1496
9 1497
9 1498
9 1499
9 1500
9 1501
9 1502
9 1503
9 1504
9 1505
9 1506
9 1507
9 1508
9 1509
9 1510
9 1511
9 1512
9 1513
9 1514
9 1515
9 1516
9 1517
9 1518
9 1519
9 1520
9 1521
9 1522
9 1523
9 1524
9 1525
9 1526
9 1527
9 1528
9 1529
9 1530
9 1531
9 1532
9 1533
9 1534
9 1535
9 1536
9 1537
9 1538
9 1539
9 1540
9 1541
9 1542
9 1543
9 1544
9 1545
9 1546
9 1547
9 1548
9 1549
9 1550
9 1551
9 1552
9 1553
9 1554
9 1555
9 1556
9 1557
9 1558
9 1559
9 1560
9 1561
9 1562
9 1563
9 1564
9 1565
9 1566
9 1567
9 1568
9 1569
9 1570
9 1571
9 1572
9 1573
9 1574
9 1575
9 1576
9 1577
9 1578
9 1579
9 1580
9 1581
9 1582
9 1583
9 1584
9 1585
9 1586
9 1587
9 1588
9 1589
9 1590
9 1591
9 1592
9 1593
9 1594
9 1595
9 1596
9 1597
9 1598
9 1599
9 1600
9 1601
9 1602
9 1603
9 1604
9 1605
9 1606
9 1607
9 1608
9 1609
9 1610
9 1611
9 1612
9 1613
9 1614
9 1615
9 1616
9 1617
9 1618
9 1619
9 1620
9 1621
9 1622
9 1623
9 1624
9 1625
9 1626
9 1627
9 1628
9 1629
9 1630
9 1631
9 1632
9 1633
9 1634
9 1635
9 1636
9 1637
9 1638
9 1639
9 1640
9 1641
9 1642
9 1643
9 1644
9 1645
9 1646
9 1647
9 1648
9 1649
9 1650
9 1651
9 1652
9 1653
9 1654
9 1655
9 1656
9 1657
9 1658
9 1659
9 1660
9 1661
9 1662
9 1663
9 1664
9 1665
9 1666
9 1667
9 1668
9 1669
9 1682
9 1683
9 1684
9 1685
9 1686
9 1687
9 1688
9 1689
9 1690
9 1691
9 1692
9 1693
9 1694
9 1695
9 1696
9 1697
9 1698
9 1699
9 1700
9 1701
9 1702
9 1703
9 1704
9 1705
9 1706
9 1707
9 1708
9 1709
9 1711
9 1712
9 1713
9 1714
9 1715
9 1716
9 1717
9 1718
9 1719
9 1720
9 1721
9 1722
9 1723
9 1724
9 1725
9 1726
9 1727
9 1728
9 1729
9 1730
9 1731
9 1732
9 1733
9 1734
9 1735
9 1736
9 1737
9 1738
9 1739
9 1740
9 1741
9 1742
9 1743
9 1744
9 1745
9 1746
9 1747
9 1748
9 1749
9 1750
9 1751
9 1752
9 1753
9 1754
9 1755
9 1756
9 1757
9 1758
9 1759
9 1760
9 1761
9 1762
9 1763
9 1764
9 1765
9 1766
9 1767
9 1768
9 1769
9 1770
9 1771
9 1772
9 1773
9 1774
9 1775
9 1776
9 1777
9 1778
9 1779
9 1780
9 1781
9 1782
9 1783
9 1784
9 1785
9 1786
9 1787
9 1788
9 1789
9 1790
9 1791
9 1792
9 1793
9 1794
9 1795
9 1796
9 1797
9 1798
9 1799
9 1800
9 1801
9 1802
9 1803
9 1804
9 1805
9 1806
9 1807
9 1808
9 1809
9 1810
9 1811
9 1812
9 1813
9 1814
9 1815
9 1816
9 1817
9 1818
9 1819
9 1820
9 1821
9 1822
9 1823
9 1824
9 1825
9 1826
9 1827
9 1828
9 1829
9 1830
9 1831
9 1832
9 1833
9 1834
9 1835
9 1836
9 1837
9 1838
9 1839
9 1840
9 1841
9 1842
9 1843
9 1844
9 1845
9 1846
9 1847
9 1848
9 1849
9 1850
9 1851
9 1852
9 1853
9 1854
9 1855
9 1856
9 1857
9 1858
9 1859
9 1860
9 1861
9 1862
9 1863
9 1864
9 1865
9 1866
9 1867
9 1868
9 1869
9 1870
9 1871
9 1872
9 1873
9 1874
9 1875
9 1876
9 1877
9 1878
9 1879
9 1880
9 1881
9 1882
9 1883
9 1884
9 1885
9 1886
9 1887
9 1888
9 1889
9 1890
9 1891
9 1892
9 1893
9 1894
9 1895
9 1896
9 1897
9 1898
9 1899
9 1900
9 1901
9 1902
9 1903
9 1904
9 1905
9 1906
9 1907
9 1908
9 1909
9 1910
9 1911
9 1912
9 1913
9 1914
9 1915
9 1933
9 1934
9 1935
9 1936
9 1937
9 1938
9 1939
9 1940
9 1941
9 1942
9 1943
9 1944
9 1945
9 1946
9 1947
9 1948
9 1949
9 1950
9 1951
9 1952
9 1953
9 1954
9 1955
9 1956
9 1957
9 1958
9 1959
9 1960
9 1961
9 1962
9 1963
9 1964
9 1965
9 1966
9 1967
9 1968
9 1969
9 1970
9 1971
9 1972
9 1973
9 1974
9 1975
9 1976
9 1977
9 1978
9 1979
9 1980
9 1981
9 1982
9 1983
9 1984
9 1985
9 1986
9 1987
9 1988
9 1989
9 1990
9 1991
9 1992
9 1993
9 1994
9 1995
9 1996
9 1997
9 1998
9 1999
9 2000
9 2001
9 2002
9 2003
9 2004
9 2005
9 2006
9 2007
9 2008
9 2009
9 2010
9 2011
9 2012
9 2013
9 2014
9 2015
9 2016
9 2017
9 2018
9 2019
9 2020
9 2021
9 2022
9 2023
9 2024
9 2025
9 2026
9 2027
9 2028
9 2029
9 2030
9 2031
9 2032
9 2033
9 2034
9 2035
9 2036
9 2037
9 2038
9 2039
9 2040
9 2041
9 2042
9 2043
9 2044
9 2045
9 2046
9 2047
9 2048
9 2049
9 2050
9 2051
9 2052
9 2053
9 2054
9 2055
9 2056
9 2057
9 2058
9 2059
9 2060
9 2061
9 2062
9 2063
9 2064
9 2065
9 2066
9 2067
9 2068
9 2069
9 2070
9 2071
9 2072
9 2073
9 2074
9 2075
9 2076
9 2077
9 2078
9 2079
9 2080
9 2081
9 2082
9 2083
9 2084
9 2085
9 2086
9 2087
9 2088
9 2089
9 2090
9 2091
9 2092
9 2093
9 2094
9 2095
9 2096
9 2097
9 2098
9 2099
9 2100
9 2101
9 2102
9 2103
9 2104
9 2105
9 2106
9 2107
9 2108
9 2109
9 2110
9 2111
9 2112
9 2113
9 2114
9 2115
9 2116
9 2117
9 2118
9 2119
9 2120
9 2121
9 2122
9 2123
9 2124
9 2125
9 2126
9 2127
9 2128
9 2129
9 2130
9 2131
9 2132
9 2133
9 2134
9 2135
9 2136
9 2137
9 2138
9 2139
9 2140
9 2141
9 2142
9 2143
9 2144
9 2145
9 2146
9 2147
9 2148
9 2149
9 2150
9 2151
9 2152
9 2153
9 2154
9 2155
9 2156
9 2157
9 2158
9 2159
9 2160
9 2161
9 2162
9 2163
9 2164
9 2165
9 2166
9 2167
9 2168
9 2169
9 2170
9 2171
9 2172
9 2173
9 2174
9 2175
9 2176
9 2177
9 2178
9 2179
9 2180
9 2181
9 2182
9 2183
9 2184
9 2185
9 2186
9 2187
9 2188
9 2189
9 2190
9 2191
9 2192
9 2193
9 2267
9 2575
9 2576
9 2577
9 2578
9 2579
9 2580
9 2581
9 2582
9 2583
9 2584
9 2585
9 2586
9 2587
9 2588
9 2589
9 2590
9 2591
9 2592
9 2593
9 2594
9 2595
9 2596
9 2597
9 2598
9 2599
9 2600
9 2601
9 2602
9 2603
9 2604
9 2605
9 2606
9 2607
9 2608
9 2609
9 2610
9 2611
9 2612
9 2613
9 2614
9 2615
9 2616
9 2617
9 2618
9 2619
9 2620
9 2621
9 2622
9 2623
9 2624
9 2625
9 2626
9 2627
9 2628
9 2629
9 2630
9 2631
9 2632
9 2633
9 2634
9 2635
9 2636
9 2637
9 2638
9 2639
9 2640
9 2641
9 2642
9 2643
9 2644
9 2645
9 2646
9 2647
9 2648
9 2649
9 2650
9 2651
9 2652
9 2653
9 2747
9 2748
9 2749
9 2750
9 2751
9 2752
9 2753
9 2754
9 2757
9 2758
9 2759
9 2760
9 2761
9 2762
9 2763
9 2764
9 2765
9 2766
9 2767
9 2768
9 2769
9 2770
9 2771
9 2772
9 2773
9 2774
9 2775
9 2776
9 2777
9 2778
9 2779
9 2780
9 2781
9 2782
9 2783
9 2784
9 2785
9 2786
9 2787
9 2788
9 2789
9 2790
9 2791
9 2792
9 2793
9 2794
9 2795
9 2796
9 2797
9 2798
9 2799
9 2800
9 3067
9 3068
9 3069
9 3070
9 3071
9 3072
9 3073
9 3074
9 3075
9 3076
9 3077
9 3078
9 3079
9 3080
9 3081
9 3082
9 3083
9 3084
9 3085
9 3086
9 3087
9 3088
9 3089
9 3090
9 3091
9 3092
9 3093
9 3094
9 3095
9 3096
9 3097
9 3098
9 3099
9 3100
9 3101
9 3102
9 3103
9 3104
9 3105
9 3106
9 3107
9 3108
9 3109
9 3110
9 3111
9 3112
9 3113
9 3114
9 3115
9 3116
9 3117
9 3118
9 3119
9 3120
9 3121
9 3122
9 3123
9 3124
9 3125
9 3126
9 3127
9 3128
9 3129
9 3130
9 3131
9 3132
9 3133
9 3134
9 3135
9 3136
9 3137
9 3138
9 3139
9 3140
9 3141
9 3142
9 3143
9 3144
9 3145
9 3146
9 3147
9 3148
9 3149
9 3150
9 3151
9 3152
9 3153
9 3154
9 3155
9 3156
9 3157
9 3158
9 3159
9 3160
9 3161
9 3162
9 3163
9 3164
9 3165
9 3166
9 3167
9 3168
9 3169
9 3170
9 3171
9 3172
9 3178
9 3179
9 3180
9 3181
9 3182
9 3183
9 8981
10 5
10 6
10 24
10 2206
11 5
11 6
11 2218
11 2219
12 5
12 6
12 47
12 2261
12 2399
12 5677
13 5
13 43
14 5
14 2250
14 2413
15 5
15 6
15 7
15 9
15 10
15 11
15 12
15 14
15 15
15 17
15 18
15 19
15 20
15 21
15 22
15 23
15 27
15 30
15 33
15 34
15 35
15 37
15 43
15 46
15 48
15 49
15 50
15 51
15 53
15 64
15 66
15 67
15 69
15 70
15 72
15 73
15 74
15 77
15 78
15 79
15 80
15 108
15 110
15 111
15 112
15 113
15 115
15 116
15 122
15 125
15 133
15 134
15 135
15 144
15 146
15 148
15 149
15 150
15 151
15 152
15 153
15 154
15 155
15 156
15 157
15 158
15 159
15 160
15 161
15 162
15 163
15 164
15 165
15 166
15 167
15 168
15 170
15 171
15 172
15 173
15 174
15 175
15 176
15 177
15 178
15 179
15 181
15 182
15 183
15 184
15 185
15 186
15 187
15 188
15 189
15 190
15 191
15 192
15 193
15 194
15 195
15 196
15 197
15 198
15 199
15 200
15 201
15 202
15 203
15 204
15 205
15 206
15 207
15 208
15 209
15 210
15 211
15 212
15 213
15 214
15 215
15 218
15 219
15 220
15 221
15 222
15 223
15 224
15 225
15 226
15 227
15 228
15 229
15 230
15 231
15 232
15 233
15 234
15 235
15 236
15 237
15 238
15 239
15 240
15 241
15 242
15 243
15 244
15 245
15 246
15 250
15 251
15 252
15 254
15 255
15 256
15 257
15 258
15 259
15 260
15 261
15 262
15 263
15 264
15 265
15 266
15 267
15 268
15 269
15 270
15 271
15 272
15 273
15 274
15 275
15 276
15 277
15 278
15 279
15 280
15 284
15 285
15 286
15 287
15 288
15 289
15 290
15 291
15 292
15 294
15 295
15 296
15 297
15 298
15 303
15 304
15 305
15 306
15 307
15 308
15 309
15 310
15 311
15 312
15 313
15 314
15 315
15 316
15 317
15 318
15 320
15 322
15 323
15 324
15 325
15 326
15 327
15 328
15 329
15 330
15 331
15 332
15 333
15 334
15 335
15 336
15 337
15 338
15 339
15 340
15 341
15 342
15 343
15 344
15 345
15 346
15 347
15 348
15 349
15 350
15 351
15 352
15 353
15 354
15 355
15 356
15 357
15 358
15 359
15 360
15 361
15 362
15 363
15 364
15 365
15 366
15 367
15 368
15 369
15 371
15 372
15 373
15 374
15 375
15 376
15 378
15 379
15 380
15 381
15 382
15 383
15 384
15 385
15 386
15 387
15 388
15 389
15 390
15 391
15 392
15 393
15 394
15 395
15 396
15 397
15 398
15 399
15 400
15 401
15 402
15 403
15 404
15 405
15 406
15 407
15 408
15 409
15 410
15 411
15 412
15 413
15 414
15 415
15 416
15 419
15 421
15 422
15 423
15 424
15 425
15 426
15 427
15 428
15 429
15 430
15 431
15 432
15 433
15 434
15 435
15 436
15 437
15 438
15 439
15 440
15 441
15 442
15 443
15 444
15 445
15 446
15 447
15 448
15 449
15 450
15 451
15 452
15 458
15 459
15 460
15 461
15 462
15 463
15 464
15 465
15 466
15 467
15 468
15 469
15 470
15 471
15 472
15 473
15 474
15 475
15 476
15 477
15 478
15 479
15 480
15 481
15 482
15 483
15 484
15 485
15 486
15 487
15 488
15 489
15 490
15 491
15 492
15 493
15 494
15 495
15 496
15 497
15 498
15 499
15 500
15 501
15 502
15 503
15 504
15 505
15 507
15 508
15 509
15 510
15 511
15 512
15 513
15 514
15 515
15 516
15 517
15 518
15 519
15 520
15 521
15 522
15 523
15 524
15 525
15 526
15 527
15 528
15 529
15 530
15 531
15 532
15 533
15 534
15 535
15 536
15 537
15 538
15 539
15 540
15 541
15 542
15 543
15 544
15 545
15 546
15 547
15 548
15 549
15 550
15 551
15 552
15 553
15 554
15 555
15 556
15 557
15 558
15 559
15 560
15 561
15 562
15 563
15 564
15 565
15 566
15 567
15 568
15 569
15 570
15 571
15 572
15 573
15 574
15 575
15 576
15 577
15 578
15 579
15 581
15 582
15 583
15 584
15 585
15 586
15 587
15 588
15 590
15 592
15 593
15 594
15 595
15 596
15 597
15 599
15 600
15 602
15 603
15 604
15 605
15 606
15 607
15 608
15 609
15 610
15 612
15 613
15 614
15 615
15 616
15 618
15 619
15 621
15 623
15 624
15 626
15 628
15 629
15 631
15 632
15 633
15 634
15 635
15 636
15 637
15 640
15 642
15 643
15 644
15 648
15 649
15 650
15 651
15 652
15 653
15 654
15 655
15 656
15 657
15 658
15 659
15 661
15 662
15 663
15 664
15 665
15 666
15 669
15 670
15 671
15 672
15 673
15 676
15 678
15 679
15 680
15 681
15 682
15 683
15 684
15 685
15 686
15 687
15 688
15 690
15 691
15 692
15 693
15 694
15 696
15 697
15 699
15 700
15 701
15 702
15 704
15 707
15 708
15 709
15 711
15 712
15 713
15 714
15 715
15 717
15 718
15 722
15 724
15 725
15 726
15 727
15 728
15 729
15 730
15 731
15 732
15 733
15 735
15 737
15 738
15 740
15 741
15 742
15 743
15 745
15 746
15 747
15 748
15 749
15 750
15 753
15 754
15 756
15 759
15 761
15 762
15 763
15 764
15 765
15 767
15 768
15 769
15 770
15 771
15 772
15 775
15 776
15 778
15 779
15 780
15 781
15 784
15 785
15 786
15 789
15 790
15 791
15 792
15 793
15 794
15 797
15 798
15 800
15 801
15 802
15 803
15 804
15 805
15 806
15 807
15 808
15 809
15 810
15 811
15 812
15 815
15 816
15 817
15 818
15 820
15 821
15 823
15 824
15 825
15 826
15 827
15 828
15 829
15 830
15 831
15 832
15 833
15 834
15 836
15 837
15 838
15 839
15 840
15 841
15 842
15 843
15 844
15 845
15 846
15 848
15 849
15 851
15 852
15 854
15 856
15 857
15 858
15 859
15 860
15 861
15 862
15 863
15 865
15 866
15 868
15 869
15 870
15 871
15 873
15 874
15 875
15 876
15 877
15 878
15 879
15 880
15 881
15 882
15 883
15 884
15 885
15 886
15 887
15 889
15 890
15 891
15 892
15 893
15 894
15 895
15 896
15 897
15 898
15 899
15 900
15 901
15 902
15 903
15 904
15 905
15 906
15 907
15 908
15 909
15 910
15 911
15 912
15 913
15 914
15 915
15 916
15 917
15 918
15 919
15 920
15 921
15 922
15 923
15 924
15 925
15 926
15 927
15 928
15 929
15 930
15 931
15 932
15 933
15 934
15 935
15 936
15 937
15 938
15 939
15 940
15 941
15 942
15 943
15 944
15 945
15 946
15 947
15 948
15 949
15 951
15 952
15 953
15 954
15 955
15 956
15 957
15 958
15 959
15 960
15 961
15 962
15 963
15 964
15 965
15 966
15 970
15 971
15 972
15 973
15 974
15 975
15 976
15 977
15 978
15 979
15 980
15 981
15 982
15 983
15 984
15 985
15 986
15 987
15 988
15 989
15 990
15 991
15 992
15 993
15 994
15 995
15 996
15 997
15 998
15 999
15 1000
15 1001
15 1002
15 1003
15 1004
15 1005
15 1006
15 1007
15 1008
15 1009
15 1010
15 1011
15 1012
15 1013
15 1014
15 1015
15 1016
15 1018
15 1019
15 1020
15 1021
15 1022
15 1023
15 1024
15 1025
15 1026
15 1027
15 1028
15 1029
15 1030
15 1031
15 1032
15 1033
15 1034
15 1035
15 1036
15 1037
15 1038
15 1039
15 1040
15 1041
15 1042
15 1043
15 1044
15 1045
15 1046
15 1047
15 1048
15 1049
15 1050
15 1051
15 1052
15 1053
15 1054
15 1055
15 1056
15 1057
15 1058
15 1059
15 1060
15 1061
15 1062
15 1063
15 1064
15 1065
15 1066
15 1067
15 1068
15 1069
15 1070
15 1071
15 1072
15 1073
15 1074
15 1075
15 1076
15 1077
15 1078
15 1079
15 1080
15 1081
15 1082
15 1083
15 1084
15 1085
15 1086
15 1087
15 1088
15 1089
15 1090
15 1091
15 1093
15 1098
15 1102
15 1103
15 1104
15 1105
15 1106
15 1107
15 1108
15 1109
15 1110
15 1111
15 1112
15 1113
15 1114
15 1115
15 1116
15 1117
15 1118
15 1119
15 1120
15 1121
15 1122
15 1123
15 1125
15 1126
15 1127
15 1128
15 1129
15 1130
15 1131
15 1132
15 1133
15 1134
15 1135
15 1136
15 1137
15 1138
15 1139
15 1140
15 1141
15 1142
15 1143
15 1144
15 1145
15 1146
15 1147
15 1148
15 1149
15 1150
15 1151
15 1152
15 1153
15 1154
15 1155
15 1156
15 1157
15 1158
15 1159
15 1160
15 1161
15 1162
15 1163
15 1164
15 1165
15 1166
15 1167
15 1168
15 1169
15 1170
15 1171
15 1172
15 1173
15 1174
15 1175
15 1176
15 1177
15 1178
15 1179
15 1180
15 1181
15 1182
15 1183
15 1184
15 1185
15 1186
15 1187
15 1188
15 1195
15 1196
15 1201
15 1202
15 1203
15 1204
15 1205
15 1206
15 1207
15 1208
15 1209
15 1210
15 1211
15 1212
15 1213
15 1214
15 1215
15 1216
15 1217
15 1218
15 1219
15 1220
15 1221
15 1222
15 1223
15 1224
15 1225
15 1226
15 1227
15 1228
15 1229
15 1230
15 1231
15 1232
15 1233
15 1234
15 1235
15 1236
15 1237
15 1238
15 1239
15 1240
15 1241
15 1242
15 1243
15 1244
15 1245
15 1246
15 1247
15 1248
15 1249
15 1250
15 1251
15 1252
15 1253
15 1254
15 1255
15 1256
15 1257
15 1258
15 1259
15 1260
15 1261
15 1262
15 1263
15 1264
15 1265
15 1266
15 1267
15 1268
15 1269
15 1270
15 1271
15 1272
15 1273
15 1274
15 1275
15 1276
15 1277
15 1278
15 1279
15 1280
15 1281
15 1282
15 1283
15 1284
15 1288
15 1289
15 1293
15 1294
15 1295
15 1296
15 1297
15 1298
15 1299
15 1300
15 1301
15 1302
15 1303
15 1304
15 1305
15 1306
15 1307
15 1308
15 1309
15 1310
15 1311
15 1312
15 1313
15 1314
15 1315
15 1316
15 1317
15 1318
15 1319
15 1320
15 1321
15 1322
15 1323
15 1324
15 1325
15 1326
15 1327
15 1328
15 1329
15 1330
15 1331
15 1332
15 1333
15 1334
15 1335
15 1336
15 1337
15 1338
15 1339
15 1340
15 1341
15 1342
15 1343
15 1344
15 1345
15 1346
15 1347
15 1348
15 1349
15 1350
15 1351
15 1352
15 1353
15 1354
15 1355
15 1356
15 1357
15 1358
15 1359
15 1360
15 1361
15 1362
15 1363
15 1364
15 1365
15 1366
15 1367
15 1368
15 1369
15 1370
15 1371
15 1372
15 1373
15 1374
15 1375
15 1376
15 1377
15 1378
15 1379
15 1380
15 1381
15 1382
15 1386
15 1388
15 1389
15 1390
15 1391
15 1392
15 1393
15 1394
15 1395
15 1397
15 1398
15 1399
15 1400
15 1401
15 1402
15 1403
15 1404
15 1405
15 1406
15 1408
15 1409
15 1410
15 1411
15 1412
15 1413
15 1414
15 1415
15 1416
15 1417
15 1418
15 1419
15 1420
15 1421
15 1422
15 1423
15 1424
15 1425
15 1426
15 1427
15 1428
15 1429
15 1430
15 1431
15 1432
15 1433
15 1434
15 1435
15 1436
15 1437
15 1438
15 1439
15 1440
15 1441
15 1442
15 1443
15 1444
15 1445
15 1446
15 1447
15 1448
15 1449
15 1450
15 1451
15 1452
15 1453
15 1454
15 1455
15 1456
15 1457
15 1458
15 1459
15 1460
15 1461
15 1462
15 1463
15 1464
15 1465
15 1466
15 1467
15 1468
15 1469
15 1470
15 1471
15 1472
15 1473
15 1478
15 1479
15 1482
15 1483
15 1484
15 1485
15 1486
15 1487
15 1488
15 1489
15 1490
15 1491
15 1492
15 1493
15 1494
15 1495
15 1496
15 1497
15 1498
15 1499
15 1500
15 1501
15 1502
15 1503
15 1504
15 1505
15 1506
15 1507
15 1508
15 1509
15 1510
15 1511
15 1512
15 1513
15 1514
15 1515
15 1516
15 1517
15 1518
15 1519
15 1520
15 1521
15 1522
15 1523
15 1524
15 1525
15 1526
15 1527
15 1528
15 1529
15 1530
15 1531
15 1532
15 1533
15 1534
15 1535
15 1536
15 1537
15 1538
15 1539
15 1540
15 1541
15 1542
15 1543
15 1544
15 1545
15 1546
15 1547
15 1548
15 1549
15 1550
15 1551
15 1552
15 1553
15 1554
15 1555
15 1556
15 1557
15 1558
15 1559
15 1560
15 1561
15 1562
15 1563
15 1564
15 1565
15 1566
15 1567
15 1568
15 1569
15 1570
15 1571
15 1572
15 1573
15 1574
15 1575
15 1576
15 1577
15 1578
15 1579
15 1580
15 1581
15 1582
15 1583
15 1584
15 1585
15 1586
15 1587
15 1588
15 1589
15 1590
15 1591
15 1592
15 1593
15 1594
15 1595
15 1596
15 1597
15 1598
15 1599
15 1600
15 1601
15 1602
15 1603
15 1604
15 1605
15 1606
15 1607
15 1608
15 1609
15 1610
15 1611
15 1612
15 1613
15 1614
15 1615
15 1616
15 1617
15 1623
15 1624
15 1625
15 1628
15 1629
15 1630
15 1631
15 1632
15 1633
15 1634
15 1635
15 1636
15 1637
15 1640
15 1644
15 1645
15 1646
15 1647
15 1664
15 1665
15 1666
15 1670
15 1674
15 1676
15 1677
15 1678
15 1679
15 1681
15 1682
15 1683
15 1684
15 1685
15 1686
15 1687
15 1688
15 1689
15 1690
15 1691
15 1692
15 1693
15 1694
15 1695
15 1696
15 1697
15 1698
15 1699
15 1700
15 1701
15 1703
15 1704
15 1705
15 1706
15 1707
15 1708
15 1709
15 1711
15 1712
15 1713
15 1714
15 1715
15 1716
15 1717
15 1718
15 1719
15 1720
15 1721
15 1722
15 1723
15 1724
15 1725
15 1726
15 1727
15 1728
15 1729
15 1730
15 1731
15 1733
15 1734
15 1735
15 1736
15 1737
15 1738
15 1739
15 1740
15 1741
15 1742
15 1743
15 1744
15 1745
15 1746
15 1747
15 1748
15 1749
15 1750
15 1751
15 1752
15 1753
15 1754
15 1755
15 1756
15 1757
15 1758
15 1759
15 1760
15 1761
15 1762
15 1763
15 1764
15 1765
15 1766
15 1767
15 1768
15 1769
15 1770
15 1771
15 1772
15 1773
15 1774
15 1775
15 1776
15 1777
15 1778
15 1779
15 1780
15 1781
15 1782
15 1783
15 1784
15 1785
15 1786
15 1787
15 1788
15 1789
15 1793
15 1794
15 1795
15 1796
15 1797
15 1798
15 1799
15 1800
15 1803
15 1806
15 1807
15 1809
15 1812
15 1813
15 1814
15 1825
15 1832
15 1834
15 1844
15 1847
15 1871
15 1872
15 1873
15 1874
15 1875
15 1876
15 1877
15 1878
15 1879
15 1880
15 1881
15 1882
15 1883
15 1884
15 1885
15 1886
15 1887
15 1888
15 1889
15 1890
15 1891
15 1892
15 1893
15 1894
15 1895
15 1896
15 1897
15 1898
15 1899
15 1900
15 1901
15 1902
15 1903
15 1904
15 1905
15 1906
15 1907
15 1908
15 1910
15 1912
15 1913
15 1914
15 1915
15 1916
15 1929
15 1933
15 1934
15 1935
15 1936
15 1937
15 1938
15 1939
15 1940
15 1941
15 1942
15 1943
15 1944
15 1945
15 1946
15 1947
15 1948
15 1949
15 1950
15 1951
15 1952
15 1953
15 1954
15 1955
15 1956
15 1957
15 1958
15 1959
15 1960
15 1961
15 1962
15 1963
15 1964
15 1965
15 1966
15 1967
15 1968
15 1969
15 1970
15 1971
15 1972
15 1973
15 1974
15 1975
15 1976
15 1977
15 1978
15 1979
15 1980
15 1981
15 1982
15 1983
15 1986
15 1987
15 1988
15 1989
15 1990
15 1991
15 1992
15 1993
15 1994
15 1995
15 1996
15 1997
15 1998
15 1999
15 2000
15 2001
15 2002
15 2003
15 2004
15 2005
15 2006
15 2007
15 2008
15 2009
15 2010
15 2011
15 2012
15 2013
15 2014
15 2015
15 2016
15 2017
15 2018
15 2019
15 2020
15 2021
15 2022
15 2023
15 2024
15 2025
15 2026
15 2027
15 2028
15 2029
15 2030
15 2031
15 2032
15 2033
15 2034
15 2035
15 2036
15 2037
15 2038
15 2039
15 2040
15 2041
15 2042
15 2043
15 2044
15 2045
15 2048
15 2049
15 2050
15 2052
15 2053
15 2054
15 2055
15 2056
15 2057
15 2058
15 2059
15 2060
15 2061
15 2062
15 2063
15 2064
15 2065
15 2066
15 2067
15 2068
15 2069
15 2070
15 2071
15 2072
15 2073
15 2074
15 2075
15 2076
15 2077
15 2078
15 2079
15 2080
15 2081
15 2082
15 2083
15 2084
15 2085
15 2086
15 2087
15 2088
15 2089
15 2090
15 2091
15 2092
15 2093
15 2094
15 2095
15 2096
15 2097
15 2098
15 2099
15 2100
15 2101
15 2102
15 2103
15 2108
15 2109
15 2110
15 2111
15 2113
15 2114
15 2115
15 2116
15 2117
15 2118
15 2119
15 2120
15 2121
15 2122
15 2123
15 2124
15 2125
15 2126
15 2127
15 2128
15 2129
15 2130
15 2131
15 2132
15 2133
15 2134
15 2135
15 2136
15 2137
15 2138
15 2139
15 2140
15 2141
15 2142
15 2143
15 2144
15 2145
15 2146
15 2147
15 2148
15 2153
15 2155
15 2156
15 2157
15 2168
15 2169
15 2170
15 2171
15 2172
15 2173
15 2174
15 2175
15 2176
15 2177
15 2178
15 2179
15 2180
15 2181
15 2182
15 2183
15 2184
15 2185
15 2186
15 2187
15 2188
15 2189
15 2190
15 2191
15 2192
15 2194
15 2197
15 2198
15 2199
15 2202
15 2205
15 2206
15 2208
15 2209
15 2211
15 2212
15 2215
15 2216
15 2217
15 2218
15 2225
15 2227
15 2228
15 2229
15 2233
15 2234
15 2237
15 2238
15 2240
15 2241
15 2242
15 2243
15 2244
15 2245
15 2246
15 2247
15 2248
15 2250
15 2251
15 2253
15 2254
15 2255
15 2256
15 2257
15 2258
15 2259
15 2260
15 2261
15 2262
15 2263
15 2264
15 2265
15 2266
15 2267
15 2268
15 2271
15 2272
15 2273
15 2274
15 2275
15 2276
15 2277
15 2278
15 2279
15 2281
15 2282
15 2284
15 2285
15 2287
15 2288
15 2289
15 2290
15 2291
15 2292
15 2293
15 2294
15 2297
15 2298
15 2299
15 2301
15 2302
15 2303
15 2304
15 2305
15 2306
15 2307
15 2308
15 2309
15 2310
15 2311
15 2312
15 2313
15 2314
15 2315
15 2317
15 2318
15 2319
15 2324
15 2326
15 2339
15 2340
15 2345
15 2346
15 2348
15 2350
15 2351
15 2352
15 2354
15 2355
15 2356
15 2357
15 2358
15 2359
15 2360
15 2361
15 2362
15 2363
15 2364
15 2365
15 2366
15 2367
15 2368
15 2369
15 2370
15 2371
15 2372
15 2373
15 2374
15 2375
15 2376
15 2377
15 2378
15 2379
15 2380
15 2381
15 2382
15 2383
15 2384
15 2385
15 2386
15 2387
15 2397
15 2398
15 2399
15 2400
15 2401
15 2402
15 2403
15 2404
15 2405
15 2406
15 2407
15 2408
15 2409
15 2410
15 2411
15 2412
15 2413
15 2414
15 2418
15 2421
15 2422
15 2423
15 2424
15 2425
15 2428
15 2429
15 2433
15 2434
15 2435
15 2436
15 2437
15 2438
15 2439
15 2440
15 2441
15 2442
15 2443
15 2444
15 2445
15 2447
15 2448
15 2449
15 2512
15 2553
15 2554
15 2555
15 2556
15 2557
15 2558
15 2559
15 2560
15 2561
15 2562
15 2563
15 2564
15 2565
15 2566
15 2567
15 2568
15 2569
15 2570
15 2571
15 2572
15 2574
15 2608
15 2613
15 2628
15 2645
15 2650
15 2654
15 2655
15 2656
15 2657
15 2659
15 2660
15 2661
15 2662
15 2663
15 2664
15 2668
15 2676
15 2679
15 2681
15 2693
15 2694
15 2697
15 2698
15 2699
15 2705
15 2712
15 2714
15 2715
15 2716
15 2717
15 2718
15 2719
15 2720
15 2721
15 2722
15 2724
15 2725
15 2726
15 2727
15 2728
15 2730
15 2731
15 2732
15 2733
15 2734
15 2735
15 2736
15 2737
15 2738
15 2739
15 2740
15 2741
15 2746
15 2753
15 2766
15 2767
15 2788
15 2801
15 2804
15 2805
15 2808
15 2809
15 2815
15 2816
15 2817
15 2818
15 2819
15 2820
15 2821
15 2824
15 2825
15 2827
15 2828
15 2829
15 2830
15 2831
15 2832
15 2833
15 2834
15 2835
15 2836
15 2837
15 2839
15 2840
15 2841
15 2844
15 2845
15 2846
15 2847
15 2849
15 2850
15 2851
15 2852
15 2853
15 2854
15 2855
15 2860
15 2861
15 2866
15 2867
15 2868
15 2872
15 2874
15 2875
15 2876
15 2878
15 2879
15 2880
15 2885
15 2886
15 2888
15 2890
15 2894
15 2904
15 2906
15 2907
15 2908
15 2909
15 2910
15 2911
15 2912
15 2913
15 2914
15 2915
15 2917
15 2918
15 2919
15 2920
15 2921
15 2960
15 2963
15 2964
15 2965
15 2970
15 2973
15 2974
15 2981
15 2982
15 2983
15 2984
15 2985
15 2987
15 3013
15 3025
15 3043
15 3047
15 3048
15 3049
15 3050
15 3051
15 3052
15 3053
15 3054
15 3055
15 3056
15 3057
15 3058
15 3059
15 3061
15 3062
15 3065
15 3066
15 3067
15 3072
15 3081
15 3083
15 3084
15 3087
15 3092
15 3099
15 3107
15 3138
15 3139
15 3148
15 3160
15 3184
15 3185
15 3188
15 3190
15 3191
15 3194
15 3195
15 3196
15 3197
15 3198
15 3199
15 3200
15 3203
15 3204
15 3205
15 3207
15 3208
15 3209
15 3210
15 3211
15 3212
15 3225
15 3227
15 3228
15 3231
15 3232
15 3233
15 3234
15 3235
15 3236
15 3237
15 3238
15 3239
15 3240
15 3241
15 3242
15 3243
15 3244
15 3245
15 3246
15 3252
15 3257
15 3277
15 3278
15 3286
15 3292
15 3298
15 3299
15 3300
15 3301
15 3302
15 3303
15 3311
15 3320
15 3323
15 3327
15 3328
15 3329
15 3338
15 3341
15 3342
15 3343
15 3345
15 3346
15 3348
15 3349
15 3350
15 3351
15 3352
15 3353
15 3354
15 3359
15 3361
15 3362
15 3363
15 3364
15 3365
15 3372
15 3373
15 3379
15 3383
15 3384
15 3385
15 3386
15 3387
15 3388
15 3390
15 3393
15 3394
15 3396
15 3397
15 3398
15 3401
15 3402
15 3404
15 3405
15 3406
15 3420
15 3421
15 3422
15 3433
15 3435
15 3436
15 3437
15 3438
15 3443
15 3444
15 3445
15 3446
15 3447
15 3448
15 3449
15 3452
15 3454
15 3455
15 3465
15 3466
15 3467
15 3468
15 3472
15 3473
15 3476
15 3477
15 3478
15 3479
15 3480
15 3481
15 3482
15 3494
15 3495
15 3496
15 3497
15 3498
15 3499
15 3500
15 3510
15 3511
15 3512
15 3514
15 3515
15 3516
15 3517
15 3518
15 3519
15 3520
15 3521
15 3522
15 3523
15 3524
15 3525
15 3526
15 3527
15 3528
15 3529
15 3530
15 3531
15 3532
15 3533
15 3535
15 3536
15 3537
15 3539
15 3540
15 3541
15 3542
15 3543
15 3544
15 3545
15 3546
15 3547
15 3548
15 3549
15 3550
15 3551
15 3552
15 3553
15 3554
15 3555
15 3556
15 3557
15 3558
15 3559
15 3560
15 3561
15 3562
15 3563
15 3564
15 3565
15 3566
15 3567
15 3568
15 3569
15 3570
15 3572
15 3573
15 3574
15 3575
15 3576
15 3577
15 3579
15 3580
15 3581
15 3582
15 3583
15 3584
15 3585
15 3586
15 3587
15 3588
15 3590
15 3591
15 3592
15 3593
15 3594
15 3597
15 3599
15 3600
15 3601
15 3602
15 3604
15 3605
15 3606
15 3607
15 3608
15 3609
15 3610
15 3611
15 3612
15 3613
15 3614
15 3615
15 3616
15 3617
15 3618
15 3619
15 3620
15 3621
15 3622
15 3623
15 3624
15 3625
15 3626
15 3628
15 3629
15 3630
15 3631
15 3632
15 3648
15 3649
15 3650
15 3651
15 3652
15 3653
15 3655
15 3656
15 3657
15 3658
15 3659
15 3660
15 3661
15 3662
15 3664
15 3665
15 3666
15 3667
15 3668
15 3669
15 3670
15 3672
15 3673
15 3674
15 3675
15 3676
15 3677
15 3678
15 3680
15 3681
15 3682
15 3683
15 3684
15 3685
15 3687
15 3691
15 3697
15 3698
15 3703
15 3704
15 3705
15 3706
15 3707
15 3708
15 3709
15 3711
15 3712
15 3713
15 3714
15 3715
15 3716
15 3717
15 3718
15 3719
15 3720
15 3721
15 3722
15 3723
15 3724
15 3725
15 3726
15 3727
15 3728
15 3729
15 3730
15 3731
15 3732
15 3733
15 3734
15 3735
15 3736
15 3737
15 3738
15 3739
15 3740
15 3741
15 3742
15 3743
15 3744
15 3745
15 3746
15 3747
15 3748
15 3751
15 3752
15 3753
15 3754
15 3758
15 3759
15 3760
15 3761
15 3762
15 3763
15 3764
15 3765
15 3767
15 3768
15 3820
15 3821
15 3822
15 3823
15 3824
15 3825
15 3826
15 3827
15 3828
15 3829
15 3830
15 3831
15 3832
15 3833
15 3834
15 3835
15 3836
15 3837
15 3838
15 3839
15 3841
15 3842
15 3843
15 3844
15 3845
15 3846
15 3847
15 3848
15 3849
15 3850
15 3851
15 3852
15 3853
15 3854
15 3855
15 3856
15 3857
15 3858
15 3859
15 3860
15 3861
15 3862
15 3863
15 3864
15 3865
15 3866
15 3867
15 3868
15 3869
15 3870
15 3871
15 3872
15 3873
15 3874
15 3875
15 3876
15 3877
15 3878
15 3879
15 3880
15 3881
15 3882
15 3883
15 3884
15 3885
15 3886
15 3887
15 3888
15 3889
15 3890
15 3891
15 3892
15 3893
15 3894
15 3895
15 3896
15 3897
15 3898
15 3899
15 3900
15 3901
15 3902
15 3903
15 3904
15 3905
15 3906
15 3907
15 3908
15 3909
15 3910
15 3911
15 3916
15 3917
15 3918
15 3919
15 3921
15 3922
15 3923
15 3924
15 3925
15 3926
15 3927
15 3928
15 3929
15 3930
15 3931
15 3932
15 3933
15 3934
15 3935
15 3936
15 3937
15 3938
15 3939
15 3940
15 3941
15 3942
15 3943
15 3944
15 3945
15 3946
15 3947
15 3948
15 3949
15 3950
15 3951
15 3952
15 3953
15 3954
15 3956
15 3958
15 3959
15 3960
15 3961
15 3962
15 3963
15 3964
15 3965
15 3966
15 3967
15 3968
15 3969
15 3970
15 3971
15 3972
15 3973
15 3974
15 3975
15 3976
15 3977
15 3978
15 3979
15 3980
15 3981
15 3982
15 3983
15 3984
15 3985
15 3986
15 3987
15 3988
15 3989
15 3990
15 3991
15 3992
15 3993
15 3994
15 3995
15 3996
15 3997
15 3998
15 3999
15 4000
15 4001
15 4002
15 4003
15 4004
15 4005
15 4007
15 4008
15 4009
15 4010
15 4011
15 4012
15 4013
15 4014
15 4015
15 4016
15 4017
15 4018
15 4019
15 4020
15 4021
15 4022
15 4023
15 4024
15 4025
15 4026
15 4027
15 4028
15 4029
15 4030
15 4031
15 4032
15 4035
15 4036
15 4037
15 4038
15 4040
15 4041
15 4042
15 4043
15 4044
15 4045
15 4046
15 4047
15 4048
15 4049
15 4050
15 4051
15 4052
15 4053
15 4054
15 4056
15 4057
15 4062
15 4064
15 4068
15 4069
15 4072
15 4073
15 4074
15 4075
15 4076
15 4077
15 4078
15 4079
15 4080
15 4081
15 4082
15 4083
15 4084
15 4085
15 4086
15 4087
15 4088
15 4089
15 4090
15 4091
15 4092
15 4094
15 4095
15 4096
15 4097
15 4098
15 4099
15 4100
15 4101
15 4102
15 4103
15 4104
15 4105
15 4106
15 4107
15 4108
15 4109
15 4110
15 4111
15 4112
15 4113
15 4114
15 4115
15 4116
15 4117
15 4118
15 4120
15 4121
15 4123
15 4124
15 4125
15 4126
15 4127
15 4128
15 4130
15 4131
15 4132
15 4137
15 4138
15 4139
15 4140
15 4141
15 4142
15 4143
15 4144
15 4145
15 4146
15 4147
15 4148
15 4149
15 4150
15 4151
15 4152
15 4153
15 4154
15 4155
15 4156
15 4157
15 4158
15 4160
15 4161
15 4162
15 4163
15 4164
15 4165
15 4167
15 4168
15 4169
15 4170
15 4171
15 4172
15 4177
15 4203
15 4207
15 4208
15 4211
15 4212
15 4213
15 4214
15 4215
15 4216
15 4217
15 4218
15 4219
15 4220
15 4221
15 4222
15 4223
15 4224
15 4225
15 4227
15 4228
15 4229
15 4230
15 4231
15 4232
15 4233
15 4234
15 4236
15 4237
15 4238
15 4239
15 4240
15 4241
15 4242
15 4243
15 4244
15 4245
15 4246
15 4247
15 4248
15 4253
15 4254
15 4255
15 4256
15 4257
15 4258
15 4259
15 4260
15 4261
15 4262
15 4263
15 4264
15 4265
15 4266
15 4267
15 4268
15 4269
15 4270
15 4271
15 4272
15 4273
15 4274
15 4280
15 4281
15 4283
15 4284
15 4285
15 4287
15 4288
15 4290
15 4291
15 4292
15 4293
15 4297
15 4298
15 4299
15 4300
15 4301
15 4305
15 4306
15 4307
15 4308
15 4309
15 4310
15 4321
15 4328
15 4329
15 4330
15 4331
15 4346
15 4347
15 4349
15 4354
15 4355
15 4359
15 4360
15 4361
15 4363
15 4364
15 4365
15 4368
15 4370
15 4371
15 4373
15 4376
15 4377
15 4378
15 4380
15 4389
15 4390
15 4391
15 4392
15 4393
15 4394
15 4395
15 4396
15 4397
15 4398
15 4399
15 4400
15 4401
15 4402
15 4404
15 4405
15 4406
15 4407
15 4409
15 4410
15 4412
15 4413
15 4414
15 4415
15 4419
15 4420
15 4421
15 4422
15 4423
15 4426
15 4427
15 4428
15 4429
15 4430
15 4431
15 4432
15 4433
15 4434
15 4435
15 4436
15 4437
15 4441
15 4442
15 4443
15 4444
15 4445
15 4446
15 4447
15 4449
15 4450
15 4461
15 4462
15 4463
15 4464
15 4465
15 4466
15 4467
15 4468
15 4469
15 4470
15 4475
15 4476
15 4480
15 4483
15 4484
15 4487
15 4488
15 4498
15 4499
15 4500
15 4501
15 4502
15 4503
15 4504
15 4505
15 4506
15 4507
15 4509
15 4510
15 4511
15 4512
15 4513
15 4514
15 4515
15 4517
15 4518
15 4519
15 4520
15 4524
15 4526
15 4527
15 4528
15 4530
15 4531
15 4536
15 4538
15 4539
15 4540
15 4541
15 4542
15 4543
15 4544
15 4545
15 4546
15 4560
15 4567
15 4568
15 4569
15 4570
15 4571
15 4572
15 4573
15 4574
15 4575
15 4576
15 4577
15 4578
15 4579
15 4584
15 4585
15 4586
15 4587
15 4588
15 4589
15 4590
15 4591
15 4592
15 4593
15 4595
15 4596
15 4597
15 4598
15 4599
15 4603
15 4604
15 4605
15 4606
15 4607
15 4613
15 4614
15 4615
15 4617
15 4619
15 4624
15 4628
15 4629
15 4630
15 4631
15 4636
15 4637
15 4640
15 4643
15 4646
15 4653
15 4654
15 4655
15 4657
15 4663
15 4664
15 4665
15 4668
15 4671
15 4681
15 4682
15 4683
15 4684
15 4685
15 4686
15 4687
15 4690
15 4694
15 4707
15 4708
15 4709
15 4713
15 4715
15 4717
15 4721
15 4722
15 4723
15 4725
15 4727
15 4729
15 4730
15 4735
15 4753
15 4754
15 4755
15 4761
15 4762
15 4763
15 4770
15 4773
15 4774
15 4775
15 4776
15 4782
15 4783
15 4784
15 4786
15 4787
15 4788
15 4789
15 4790
15 4791
15 4794
15 4795
15 4796
15 4798
15 4799
15 4800
15 4801
15 4802
15 4803
15 4804
15 4809
15 4810
15 4811
15 4812
15 4813
15 4814
15 4815
15 4816
15 4819
15 4820
15 4823
15 4824
15 4825
15 4826
15 4827
15 4828
15 4830
15 4835
15 4836
15 4837
15 4839
15 4841
15 4842
15 4843
15 4844
15 4845
15 4846
15 4848
15 4849
15 4851
15 4852
15 4853
15 4854
15 4855
15 4856
15 4857
15 4858
15 4859
15 4861
15 4862
15 4866
15 4867
15 4869
15 4877
15 4878
15 4892
15 4894
15 4896
15 4897
15 4898
15 4900
15 4901
15 4905
15 4907
15 4908
15 4909
15 4910
15 4911
15 4912
15 4913
15 4914
15 4915
15 4923
15 4924
15 4925
15 4926
15 4927
15 4928
15 4932
15 4935
15 4936
15 4937
15 4938
15 4939
15 4940
15 4941
15 4943
15 4944
15 4945
15 4946
15 4947
15 4948
15 4949
15 4950
15 4958
15 4960
15 4961
15 4962
15 4964
15 4965
15 4966
15 4967
15 4968
15 4969
15 4972
15 4973
15 4974
15 4975
15 4976
15 4977
15 4978
15 4979
15 4980
15 4981
15 4982
15 4983
15 4984
15 4985
15 4986
15 4987
15 4988
15 4989
15 4990
15 4991
15 4992
15 4993
15 4994
15 4995
15 4996
15 4998
15 4999
15 5000
15 5001
15 5003
15 5006
15 5008
15 5009
15 5010
15 5011
15 5012
15 5013
15 5017
15 5018
15 5019
15 5020
15 5021
15 5022
15 5023
15 5024
15 5025
15 5026
15 5027
15 5028
15 5029
15 5030
15 5031
15 5032
15 5033
15 5034
15 5035
15 5036
15 5037
15 5038
15 5039
15 5041
15 5043
15 5044
15 5045
15 5046
15 5047
15 5048
15 5049
15 5050
15 5051
15 5052
15 5053
15 5054
15 5055
15 5056
15 5057
15 5058
15 5059
15 5060
15 5062
15 5063
15 5064
15 5065
15 5066
15 5067
15 5068
15 5069
15 5070
15 5071
15 5072
15 5073
15 5074
15 5077
15 5078
15 5079
15 5080
15 5081
15 5082
15 5083
15 5084
15 5085
15 5086
15 5087
15 5088
15 5089
15 5090
15 5091
15 5092
15 5093
15 5094
15 5095
15 5097
15 5098
15 5099
15 5100
15 5101
15 5102
15 5103
15 5104
15 5105
15 5106
15 5108
15 5109
15 5110
15 5112
15 5115
15 5116
15 5117
15 5120
15 5121
15 5122
15 5123
15 5124
15 5125
15 5126
15 5127
15 5128
15 5131
15 5132
15 5133
15 5134
15 5135
15 5136
15 5138
15 5140
15 5141
15 5142
15 5143
15 5144
15 5145
15 5146
15 5147
15 5148
15 5149
15 5150
15 5151
15 5152
15 5153
15 5154
15 5155
15 5156
15 5157
15 5158
15 5159
15 5160
15 5161
15 5162
15 5163
15 5165
15 5166
15 5167
15 5168
15 5169
15 5170
15 5171
15 5172
15 5173
15 5174
15 5175
15 5176
15 5177
15 5178
15 5180
15 5181
15 5182
15 5183
15 5184
15 5187
15 5188
15 5189
15 5190
15 5191
15 5192
15 5193
15 5194
15 5195
15 5197
15 5198
15 5199
15 5200
15 5201
15 5202
15 5203
15 5204
15 5205
15 5206
15 5207
15 5208
15 5209
15 5210
15 5211
15 5212
15 5213
15 5214
15 5215
15 5216
15 5218
15 5219
15 5220
15 5221
15 5222
15 5223
15 5224
15 5225
15 5226
15 5227
15 5228
15 5229
15 5230
15 5231
15 5232
15 5233
15 5235
15 5237
15 5240
15 5241
15 5242
15 5243
15 5244
15 5246
15 5247
15 5248
15 5249
15 5251
15 5252
15 5253
15 5255
15 5256
15 5262
15 5263
15 5264
15 5265
15 5271
15 5274
15 5275
15 5276
15 5277
15 5278
15 5279
15 5291
15 5292
15 5293
15 5294
15 5295
15 5296
15 5297
15 5298
15 5299
15 5300
15 5301
15 5302
15 5303
15 5304
15 5306
15 5309
15 5310
15 5311
15 5312
15 5313
15 5314
15 5315
15 5316
15 5317
15 5319
15 5320
15 5321
15 5322
15 5323
15 5324
15 5325
15 5326
15 5327
15 5328
15 5329
15 5330
15 5331
15 5332
15 5334
15 5335
15 5336
15 5338
15 5342
15 5343
15 5344
15 5345
15 5346
15 5352
15 5353
15 5355
15 5356
15 5357
15 5358
15 5359
15 5360
15 5361
15 5362
15 5363
15 5364
15 5365
15 5366
15 5367
15 5368
15 5369
15 5370
15 5371
15 5372
15 5373
15 5374
15 5376
15 5378
15 5379
15 5380
15 5381
15 5382
15 5383
15 5384
15 5385
15 5386
15 5389
15 5390
15 5391
15 5392
15 5393
15 5394
15 5395
15 5396
15 5397
15 5398
15 5399
15 5400
15 5401
15 5402
15 5410
15 5411
15 5413
15 5415
15 5416
15 5417
15 5418
15 5419
15 5420
15 5421
15 5422
15 5423
15 5425
15 5426
15 5427
15 5428
15 5429
15 5430
15 5431
15 5435
15 5437
15 5438
15 5439
15 5440
15 5441
15 5442
15 5450
15 5451
15 5452
15 5453
15 5457
15 5458
15 5459
15 5462
15 5463
15 5464
15 5465
15 5467
15 5468
15 5469
15 5474
15 5475
15 5476
15 5477
15 5478
15 5479
15 5480
15 5481
15 5482
15 5483
15 5484
15 5486
15 5488
15 5494
15 5495
15 5496
15 5499
15 5500
15 5501
15 5503
15 5504
15 5505
15 5506
15 5507
15 5512
15 5513
15 5514
15 5515
15 5517
15 5519
15 5520
15 5523
15 5525
15 5526
15 5527
15 5530
15 5532
15 5533
15 5534
15 5535
15 5536
15 5537
15 5539
15 5541
15 5542
15 5543
15 5544
15 5545
15 5546
15 5547
15 5548
15 5550
15 5551
15 5552
15 5553
15 5555
15 5556
15 5557
15 5558
15 5559
15 5562
15 5564
15 5565
15 5566
15 5567
15 5568
15 5569
15 5571
15 5572
15 5573
15 5574
15 5576
15 5577
15 5578
15 5580
15 5581
15 5583
15 5584
15 5585
15 5586
15 5591
15 5592
15 5593
15 5594
15 5595
15 5596
15 5597
15 5599
15 5600
15 5601
15 5602
15 5606
15 5608
15 5609
15 5611
15 5612
15 5616
15 5617
15 5618
15 5619
15 5620
15 5621
15 5622
15 5624
15 5625
15 5626
15 5627
15 5631
15 5632
15 5633
15 5634
15 5635
15 5636
15 5637
15 5638
15 5642
15 5643
15 5645
15 5647
15 5648
15 5649
15 5650
15 5651
15 5653
15 5654
15 5655
15 5656
15 5657
15 5658
15 5659
15 5660
15 5661
15 5662
15 5663
15 5664
15 5665
15 5666
15 5667
15 5668
15 5669
15 5673
15 5674
15 5676
15 5677
15 5678
15 5681
15 5703
15 5704
15 5705
15 5706
15 5707
15 5708
15 5709
15 5712
15 5713
15 5719
15 5720
15 5721
15 5722
15 5728
15 5732
15 5733
15 5734
15 5738
15 5739
15 5740
15 5741
15 5742
15 5743
15 5744
15 5745
15 5746
15 5747
15 5748
15 5749
15 5752
15 5756
15 5770
15 5771
15 5772
15 5774
15 5775
15 5776
15 5777
15 5778
15 5781
15 5782
15 5791
15 5794
15 5795
15 5796
15 5807
15 5808
15 5809
15 5810
15 5811
15 5812
15 5813
15 5814
15 5815
15 5816
15 5819
15 5832
15 5838
15 5847
15 5848
15 5849
15 5868
15 5879
15 5880
15 5892
15 5899
15 5900
15 5902
15 5921
15 5925
15 5932
15 5933
15 5942
15 5945
15 5946
15 5948
15 5953
15 5955
15 5957
15 5958
15 5959
15 5961
15 5962
15 5965
15 5966
15 5967
15 6030
15 6031
15 6033
15 6034
15 6035
15 6036
15 6054
15 6067
15 6068
15 6069
15 6071
15 6073
15 6113
15 6130
15 6136
15 6138
15 6140
15 6141
15 6150
15 6155
15 6158
15 6159
15 6164
15 6165
15 6166
15 6168
15 6172
15 6179
15 6184
15 6185
15 6186
15 6187
15 6192
15 6193
15 6194
15 6195
15 6196
15 6197
15 6198
15 6199
15 6200
15 6201
15 6203
15 6204
15 6205
15 6206
15 6209
15 6211
15 6212
15 6213
15 6214
15 6215
15 6216
15 6218
15 6219
15 6220
15 6238
15 6242
15 6243
15 6275
15 6277
15 6278
15 6300
15 6320
15 6323
15 6324
15 6332
15 6333
15 6334
15 6337
15 6344
15 6379
15 6381
15 6382
15 6387
15 6404
15 6405
15 6406
15 6407
15 6409
15 6411
15 6422
15 6431
15 6439
15 6441
15 6442
15 6448
15 6450
15 6465
15 6476
15 6516
15 6517
15 6518
15 6524
15 6525
15 6526
15 6527
15 6528
15 6529
15 6530
15 6531
15 6532
15 6533
15 6534
15 6535
15 6536
15 6537
15 6538
15 6539
15 6540
15 6541
15 6542
15 6543
15 6544
15 6545
15 6546
15 6547
15 6562
15 6608
15 6609
15 6610
15 6611
15 6612
15 6613
15 6614
15 6615
15 6616
15 6617
15 6619
15 6621
15 6623
15 6625
15 6632
15 6642
15 6649
15 6659
15 6660
15 6664
15 6666
15 6667
15 6668
15 6669
15 6670
15 6671
15 6676
15 6679
15 6684
15 6709
15 6726
15 6727
15 6734
15 6741
15 6749
15 6759
15 6760
15 6761
15 6762
15 6763
15 6765
15 6767
15 6790
15 6791
15 6806
15 6831
15 6842
15 6852
15 6863
15 6865
15 6869
15 6872
15 6873
15 6874
15 6875
15 6890
15 6891
15 6905
15 6906
15 6917
15 6918
15 6919
15 6920
15 6921
15 6922
15 6923
15 6924
15 6932
15 6950
15 6953
15 6955
15 6957
15 6961
15 6964
15 6973
15 6986
15 7003
15 7004
15 7095
15 7096
15 7130
15 7144
15 7146
15 7157
15 7175
15 7191
15 7195
15 7196
15 7205
15 7216
15 7219
15 7231
15 8981
15 9552
16 5
17 5
17 6
17 2214
17 2215
17 3627
18 5
18 9
18 14
18 21
18 43
18 46
18 70
18 124
18 174
18 229
18 423
18 443
18 556
18 924
18 940
18 994
18 1063
18 1073
18 1129
18 1198
18 1243
18 1305
18 1308
18 1459
18 1496
18 1503
18 1510
18 1511
18 1524
18 1529
18 1566
18 1584
18 1601
18 1629
18 1637
18 1664
18 1690
18 1691
18 1704
18 1707
18 1804
18 1839
18 2230
18 2254
18 2267
18 2268
18 2279
18 2281
18 2301
18 2302
18 2732
18 2737
18 2738
18 2849
18 2855
18 2876
18 2888
18 3061
18 3076
18 3188
18 3238
18 3320
18 3335
18 3414
18 3422
18 3475
18 3561
18 3670
18 3751
18 3841
18 3847
18 3869
18 3874
18 3927
18 3936
18 4073
18 4079
18 4108
18 4216
18 4225
18 4229
18 4233
18 4305
18 4306
18 4307
18 4308
18 4309
18 4356
18 4367
18 4380
18 4414
18 4461
18 4602
18 4635
18 4651
18 4684
18 4821
18 4850
18 4866
18 4878
18 4898
18 4933
18 4937
18 4938
18 4939
18 4940
18 4941
18 5004
18 5014
18 5015
18 5016
18 5061
18 5062
18 5107
18 5113
18 5114
18 5117
18 5129
18 5130
18 5170
18 5568
18 5657
18 5660
18 6030
18 6172
18 6261
18 6262
18 6263
18 6264
18 6265
18 6266
18 6659
18 6680
18 6682
18 6683
18 6789
18 6794
18 6917
18 6923
19 5
19 6
19 33
19 34
19 35
19 36
19 43
19 2427
19 2428
19 2429
19 2430
19 2431
19 2432
19 7435
20 5
20 43
20 2268
21 5
21 42
21 1676
21 1677
21 1678
21 1679
21 2205
21 2211
21 2212
21 2285
21 2852
21 2904
21 3712
21 3736
21 3745
21 3765
21 3766
21 3833
21 3906
21 4079
21 4713
22 5
22 2426
23 5
23 2678
24 5
24 1740
24 1934
24 2017
24 2101
24 2113
24 2267
24 2437
24 2439
24 2442
24 2641
24 2680
24 2682
24 2683
24 2684
24 2685
24 2686
24 2687
24 2688
24 2689
24 2690
24 2691
25 5
26 5
26 37
26 1670
26 1674
26 2208
26 2218
26 2258
26 2425
26 2561
26 3832
26 6030
27 5
27 11
27 12
27 79
27 112
27 149
27 362
27 366
27 400
27 503
27 1328
27 2129
27 2246
27 2253
27 2303
27 2681
27 2696
27 2742
27 2836
27 2840
27 2847
27 2848
27 2849
27 2860
27 2928
27 2972
27 3210
27 3297
27 3422
27 3493
27 3527
27 3936
27 3942
27 4040
27 4041
27 4079
27 4379
27 4417
27 4657
27 4744
27 4745
27 4866
27 4894
27 4909
27 4980
27 5039
27 5130
27 5145
27 5236
27 5545
27 5558
27 5638
27 5660
27 5712
27 5785
27 5788
27 5899
27 6030
27 6031
27 6168
27 6225
27 6344
27 6450
27 6709
27 6842
27 6849
27 6874
27 6926
27 7070
27 7073
27 7093
27 7094
27 7156
27 7171
27 7175
27 7219
27 7259
27 7281
27 7292
27 7340
27 7341
27 7342
27 7343
27 7344
27 7345
27 7346
27 7347
27 7348
27 7349
27 7350
27 7351
27 7352
27 7353
27 7358
27 7359
27 7360
27 7361
27 7365
27 7366
27 7367
27 7368
27 7369
27 7370
27 7371
27 7372
27 7373
27 7374
27 7375
27 7377
27 7470
27 7588
27 7615
27 7648
27 7666
27 7667
27 7668
27 7669
27 7670
27 7671
27 7672
27 7673
27 7674
27 7675
27 7676
27 7677
27 7678
27 7679
27 7680
27 7681
27 7682
27 7683
27 7684
27 7746
27 7756
27 7777
27 7791
27 7871
27 8406
27 8429
27 8701
28 5
29 5
29 3867
29 4373
29 5983
29 7249
29 7577
29 8033
29 8034
29 8084
29 8085
29 8645
30 5
30 7
30 9
30 12
30 17
30 19
30 21
30 23
30 37
30 115
30 121
30 125
30 147
30 173
30 277
30 278
30 400
30 1029
30 1119
30 1267
30 1440
30 1665
30 1715
30 1722
30 1731
30 1756
30 1799
30 1809
30 1833
30 1941
30 2004
30 2195
30 2196
30 2215
30 2216
30 2218
30 2228
30 2229
30 2237
30 2268
30 2271
30 2281
30 2282
30 2284
30 2298
30 2303
30 2351
30 2352
30 2358
30 2362
30 2370
30 2376
30 2399
30 2401
30 2409
30 2418
30 2445
30 2447
30 2562
30 2563
30 2564
30 2681
30 2697
30 2729
30 2737
30 2781
30 2804
30 2805
30 2809
30 2847
30 2851
30 2856
30 2878
30 2879
30 2970
30 3006
30 3013
30 3164
30 3181
30 3191
30 3257
30 3320
30 3372
30 3523
30 3550
30 3552
30 3554
30 3558
30 3627
30 3720
30 3725
30 3761
30 3836
30 3845
30 3867
30 3870
30 3874
30 3880
30 3927
30 3942
30 3984
30 3991
30 4006
30 4015
30 4038
30 4068
30 4130
30 4131
30 4176
30 4328
30 4349
30 4373
30 4419
30 4426
30 4515
30 4528
30 4577
30 4682
30 4684
30 4728
30 4776
30 4783
30 4878
30 4942
30 5042
30 5049
30 5051
30 5095
30 5139
30 5324
30 5472
30 5497
30 5508
30 5632
30 5643
30 5761
30 6069
30 6158
30 6168
30 6188
30 6225
30 6319
30 6368
30 6372
30 6423
30 6455
30 6610
30 6640
30 6650
30 6693
30 6696
30 6725
30 6743
30 6753
30 6766
30 6782
30 6857
30 6866
30 6872
30 6905
30 6946
30 6952
30 6966
30 7011
30 7032
30 7049
30 7052
30 7083
30 7106
30 7175
30 7213
30 7219
30 7238
30 7239
30 7240
30 7281
30 7283
30 7292
30 7435
30 7470
30 7582
30 7585
30 7845
30 7847
30 7871
30 7872
30 7891
30 7916
30 7917
30 7918
30 7919
30 7920
30 7921
30 7925
30 7926
30 7927
30 7928
30 7929
30 7930
30 7931
30 7932
30 7933
30 7934
30 7935
30 7936
30 7937
30 7942
30 7944
30 7966
30 7967
30 7969
30 7970
30 7971
30 7972
30 7978
30 7984
30 7990
30 7991
30 8002
30 8018
30 8030
30 8032
30 8041
30 8086
30 8088
30 8089
30 8105
30 8245
30 8246
30 8247
30 8248
30 8252
30 8256
30 8257
30 8265
30 8267
30 8269
30 8270
30 8271
30 8308
30 8309
30 8310
30 8311
30 8320
30 8336
30 8354
30 8355
30 8365
30 8374
30 8375
30 8382
30 8392
30 8408
30 8410
30 8411
30 8420
30 8421
30 8425
30 8499
30 8581
30 8600
30 8601
30 8634
30 8644
30 8658
30 8665
30 8666
30 8667
30 8668
30 8677
30 8764
30 8784
30 8825
30 8857
30 8891
30 8927
30 8981
30 8982
30 8988
30 8989
30 8993
30 9010
30 9019
30 9092
30 9096
30 9100
30 9286
30 9549
30 9552
30 9561
30 9589
30 9594
30 10139
30 10140
30 10141
30 10707
30 11336
31 5
31 21
31 22
31 32
31 37
31 63
31 115
31 116
31 125
31 226
31 229
31 242
31 277
31 468
31 527
31 893
31 1288
31 1449
31 1555
31 1681
31 1737
31 1738
31 1832
31 1897
31 1938
31 2035
31 2160
31 2195
31 2199
31 2202
31 2209
31 2215
31 2216
31 2218
31 2234
31 2237
31 2251
31 2253
31 2255
31 2282
31 2306
31 2399
31 2400
31 2401
31 2404
31 2418
31 2421
31 2422
31 2423
31 2424
31 2425
31 2447
31 2448
31 2449
31 2573
31 2726
31 2730
31 2740
31 2742
31 2743
31 2745
31 2789
31 2802
31 2840
31 2876
31 2879
31 2898
31 2904
31 2917
31 2970
31 3032
31 3064
31 3119
31 3178
31 3190
31 3316
31 3320
31 3361
31 3372
31 3422
31 3481
31 3482
31 3497
31 3523
31 3525
31 3537
31 3552
31 3554
31 3561
31 3566
31 3597
31 3636
31 3644
31 3656
31 3687
31 3691
31 3712
31 3725
31 3747
31 3755
31 3756
31 3760
31 3761
31 3827
31 3845
31 3848
31 3852
31 3866
31 3867
31 3869
31 3878
31 3927
31 3937
31 3952
31 3983
31 3985
31 3986
31 3991
31 4000
31 4001
31 4002
31 4006
31 4015
31 4036
31 4037
31 4038
31 4047
31 4048
31 4056
31 4060
31 4061
31 4062
31 4063
31 4073
31 4074
31 4091
31 4092
31 4093
31 4099
31 4110
31 4129
31 4130
31 4131
31 4135
31 4151
31 4154
31 4157
31 4158
31 4215
31 4219
31 4266
31 4328
31 4373
31 4400
31 4414
31 4415
31 4419
31 4423
31 4424
31 4438
31 4439
31 4440
31 4449
31 4471
31 4472
31 4473
31 4474
31 4477
31 4478
31 4479
31 4490
31 4491
31 4492
31 4493
31 4494
31 4495
31 4508
31 4510
31 4520
31 4547
31 4548
31 4549
31 4550
31 4551
31 4552
31 4553
31 4554
31 4555
31 4556
31 4557
31 4559
31 4561
31 4562
31 4563
31 4564
31 4565
31 4566
31 4598
31 4607
31 4609
31 4610
31 4611
31 4640
31 4646
31 4655
31 4657
31 4663
31 4665
31 4668
31 4671
31 4679
31 4684
31 4691
31 4692
31 4693
31 4695
31 4704
31 4709
31 4723
31 4724
31 4725
31 4726
31 4727
31 4729
31 4730
31 4731
31 4756
31 4760
31 4766
31 4770
31 4794
31 4890
31 4898
31 4899
31 4929
31 4930
31 4931
31 4932
31 4933
31 4937
31 4938
31 4939
31 4940
31 4941
31 4965
31 4980
31 4981
31 5009
31 5034
31 5035
31 5041
31 5042
31 5046
31 5049
31 5051
31 5055
31 5083
31 5184
31 5237
31 5336
31 5388
31 5442
31 5477
31 5595
31 5632
31 5643
31 5653
31 5734
31 5753
31 5812
31 5813
31 5819
31 5820
31 5826
31 5827
31 5828
31 5829
31 5830
31 5831
31 5832
31 5833
31 5834
31 5835
31 5836
31 5838
31 5843
31 5844
31 5845
31 5851
31 5854
31 5855
31 5856
31 5857
31 5858
31 5859
31 5860
31 5861
31 5862
31 5869
31 5872
31 5883
31 5923
31 5933
31 5941
31 6009
31 6053
31 6138
31 6168
31 6211
31 6224
31 6225
31 6226
31 6228
31 6232
31 6233
31 6234
31 6235
31 6237
31 6239
31 6241
31 6244
31 6275
31 6277
31 6320
31 6330
31 6334
31 6344
31 6345
31 6361
31 6387
31 6391
31 6405
31 6422
31 6438
31 6475
31 6523
31 6555
31 6566
31 6574
31 6625
31 6629
31 6630
31 6650
31 6659
31 6664
31 6677
31 6678
31 6693
31 6695
31 6696
31 6790
31 6793
31 6809
31 6812
31 6849
31 6867
31 6868
31 6872
31 6874
31 6875
31 6901
31 6905
31 6910
31 6911
31 6912
31 6913
31 6914
31 6934
31 6942
31 6943
31 6945
31 6946
31 6952
31 6956
31 6960
31 6966
31 6985
31 7001
31 7049
31 7051
31 7074
31 7083
31 7086
31 7087
31 7100
31 7102
31 7129
31 7131
31 7143
31 7144
31 7157
31 7164
31 7175
31 7178
31 7199
31 7200
31 7201
31 7202
31 7237
31 7269
31 7270
31 7283
31 7284
31 7292
31 7380
31 7435
31 7461
31 7553
31 7564
31 7576
31 7578
31 7579
31 7580
31 7581
31 7582
31 7585
31 7587
31 7590
31 7592
31 7605
31 7606
31 7607
31 7608
31 7609
31 7613
31 7614
31 7617
31 7619
31 7621
31 7623
31 7625
31 7627
31 7628
31 7629
31 7631
31 7632
31 7633
31 7634
31 7635
31 7636
31 7637
31 7638
31 7639
31 7640
31 7641
31 7642
31 7643
31 7644
31 7646
31 7660
31 7661
31 7663
31 7692
31 7694
31 7709
31 7712
31 7713
31 7714
31 7715
31 7716
31 7717
31 7719
31 7727
31 7797
31 7834
31 7835
31 7836
31 7837
31 7838
31 7839
31 7840
31 7852
31 7854
31 7859
31 7860
31 7862
31 7863
31 7864
31 7865
31 7866
31 7870
31 7871
31 7873
31 7874
31 7875
31 7876
31 7877
31 7878
31 7879
31 7880
31 7881
31 7882
31 7883
31 7884
31 7885
31 7886
31 7887
31 7888
31 7889
31 7890
31 7891
31 7892
31 7893
31 7896
31 7897
31 7898
31 7899
31 7900
31 7901
31 7902
31 7903
31 7904
31 7907
31 7908
31 7909
31 7910
31 7911
31 7912
31 7913
31 7914
31 7915
31 7917
31 7922
31 7923
31 7924
31 7927
31 7938
31 7939
31 7940
31 7941
31 7943
31 7945
31 7946
31 7947
31 7949
31 7950
31 7951
31 7952
31 7964
31 7965
31 7968
31 7969
31 7973
31 7974
31 7975
31 7976
31 7977
31 7978
31 7979
31 7980
31 7981
31 7982
31 7983
31 7985
31 7986
31 7987
31 7988
31 7989
31 7992
31 7993
31 7994
31 7995
31 7996
31 7997
31 7998
31 7999
31 8005
31 8007
31 8009
31 8013
31 8014
31 8015
31 8017
31 8019
31 8020
31 8021
31 8022
31 8023
31 8024
31 8025
31 8026
31 8027
31 8028
31 8029
31 8030
31 8031
31 8032
31 8040
31 8041
31 8042
31 8043
31 8044
31 8045
31 8046
31 8048
31 8052
31 8053
31 8054
31 8055
31 8056
31 8057
31 8058
31 8059
31 8060
31 8061
31 8062
31 8063
31 8064
31 8065
31 8066
31 8067
31 8068
31 8069
31 8087
31 8090
31 8091
31 8092
31 8093
31 8094
31 8095
31 8096
31 8097
31 8098
31 8099
31 8100
31 8101
31 8102
31 8103
31 8104
31 8105
31 8106
31 8107
31 8108
31 8109
31 8110
31 8111
31 8112
31 8113
31 8114
31 8115
31 8116
31 8117
31 8118
31 8119
31 8120
31 8121
31 8122
31 8123
31 8124
31 8125
31 8126
31 8127
31 8128
31 8129
31 8130
31 8131
31 8132
31 8133
31 8134
31 8135
31 8136
31 8137
31 8138
31 8139
31 8140
31 8141
31 8142
31 8143
31 8144
31 8145
31 8146
31 8147
31 8148
31 8149
31 8150
31 8151
31 8152
31 8153
31 8154
31 8155
31 8156
31 8157
31 8158
31 8159
31 8160
31 8161
31 8162
31 8163
31 8164
31 8165
31 8166
31 8167
31 8168
31 8169
31 8170
31 8171
31 8172
31 8173
31 8174
31 8175
31 8176
31 8177
31 8178
31 8179
31 8180
31 8181
31 8182
31 8183
31 8184
31 8185
31 8186
31 8187
31 8188
31 8189
31 8190
31 8191
31 8192
31 8193
31 8194
31 8195
31 8196
31 8197
31 8198
31 8199
31 8200
31 8201
31 8202
31 8203
31 8204
31 8205
31 8206
31 8207
31 8208
31 8209
31 8210
31 8211
31 8212
31 8213
31 8214
31 8215
31 8216
31 8217
31 8218
31 8219
31 8220
31 8221
31 8222
31 8223
31 8224
31 8225
31 8226
31 8227
31 8228
31 8229
31 8230
31 8231
31 8232
31 8233
31 8234
31 8235
31 8236
31 8237
31 8238
31 8239
31 8240
31 8242
31 8255
31 8259
31 8276
31 8277
31 8278
31 8279
31 8280
31 8281
31 8282
31 8283
31 8284
31 8285
31 8286
31 8287
31 8288
31 8289
31 8290
31 8291
31 8292
31 8293
31 8294
31 8295
31 8296
31 8297
31 8298
31 8299
31 8300
31 8302
31 8305
31 8395
31 8398
31 8428
31 8440
31 8441
31 8442
31 8443
31 8444
31 8445
31 8446
31 8447
31 8448
31 8449
31 8450
31 8451
31 8452
31 8453
31 8454
31 8455
31 8456
31 8457
31 8458
31 8459
31 8460
31 8461
31 8462
31 8463
31 8464
31 8465
31 8466
31 8467
31 8468
31 8469
31 8470
31 8471
31 8472
31 8473
31 8474
31 8475
31 8476
31 8477
31 8478
31 8479
31 8480
31 8481
31 8482
31 8483
31 8484
31 8485
31 8486
31 8487
31 8488
31 8489
31 8490
31 8491
31 8492
31 8493
31 8494
31 8495
31 8496
31 8497
31 8502
31 8503
31 8504
31 8505
31 8506
31 8507
31 8508
31 8509
31 8510
31 8511
31 8512
31 8513
31 8514
31 8515
31 8516
31 8517
31 8518
31 8519
31 8520
31 8521
31 8522
31 8523
31 8524
31 8525
31 8526
31 8527
31 8528
31 8529
31 8530
31 8531
31 8536
31 8537
31 8538
31 8539
31 8540
31 8541
31 8542
31 8543
31 8544
31 8545
31 8546
31 8547
31 8548
31 8549
31 8550
31 8551
31 8552
31 8553
31 8554
31 8555
31 8556
31 8557
31 8558
31 8559
31 8560
31 8561
31 8562
31 8563
31 8564
31 8565
31 8566
31 8568
31 8573
31 8574
31 8575
31 8576
31 8577
31 8578
31 8579
31 8580
31 8581
31 8582
31 8583
31 8584
31 8585
31 8586
31 8587
31 8588
31 8589
31 8590
31 8591
31 8594
31 8595
31 8597
31 8602
31 8603
31 8605
31 8606
31 8608
31 8609
31 8610
31 8611
31 8612
31 8613
31 8614
31 8615
31 8616
31 8617
31 8618
31 8619
31 8620
31 8621
31 8622
31 8623
31 8625
31 8626
31 8627
31 8628
31 8629
31 8631
31 8632
31 8633
31 8634
31 8635
31 8636
31 8637
31 8640
31 8641
31 8642
31 8643
31 8644
31 8645
31 8658
31 8663
31 8664
31 8669
31 8670
31 8671
31 8672
31 8673
31 8674
31 8675
31 8676
31 8677
31 8678
31 8679
31 8681
31 8682
31 8686
31 8690
31 8691
31 8692
31 8693
31 8694
31 8695
31 8696
31 8697
31 8698
31 8699
31 8701
31 8704
31 8705
31 8706
31 8707
31 8708
31 8709
31 8710
31 8711
31 8712
31 8713
31 8714
31 8716
31 8717
31 8718
31 8719
31 8720
31 8721
31 8722
31 8723
31 8724
31 8725
31 8727
31 8728
31 8729
31 8730
31 8731
31 8734
31 8735
31 8736
31 8737
31 8738
31 8739
31 8740
31 8741
31 8742
31 8743
31 8746
31 8747
31 8748
31 8749
31 8750
31 8751
31 8752
31 8753
31 8754
31 8755
31 8757
31 8759
31 8760
31 8761
31 8764
31 8766
31 8769
31 8784
31 8800
31 8829
31 8864
31 8871
31 8878
31 8879
31 8880
31 8881
31 8882
31 8884
31 8885
31 8888
31 8902
31 8910
31 8911
31 8935
31 8945
31 8947
31 8966
31 8979
31 8997
31 8998
31 8999
31 9000
31 9001
31 9002
31 9003
31 9021
31 9022
31 9025
31 9026
31 9029
31 9030
31 9035
31 9039
31 9059
31 9071
31 9167
31 9170
31 9223
31 9224
31 9227
31 9235
31 9241
31 9276
31 9277
31 9289
31 9290
31 9297
31 9332
31 9424
31 9425
31 9458
31 9460
31 9468
31 9558
31 9584
31 9614
31 9619
31 9620
31 9633
31 9634
31 9635
31 9636
31 9637
31 9638
31 9639
31 9640
31 9641
31 9643
31 9644
31 9645
31 9646
31 9649
31 9650
31 9651
31 9652
31 9653
31 9654
31 9655
31 9656
31 9657
31 9658
31 9659
31 9660
31 9661
31 9662
31 9663
31 9664
31 9665
31 9666
31 9667
31 9668
31 9669
31 9670
31 9671
31 9672
31 9673
31 9674
31 9675
31 9676
31 9677
31 9678
31 9679
31 9680
31 9681
31 9682
31 9683
31 9684
31 9685
31 9686
31 9687
31 9688
31 9689
31 9690
31 9691
31 9692
31 9693
31 9694
31 9695
31 9696
31 9697
31 9698
31 9699
31 9700
31 9701
31 9702
31 9703
31 9704
31 9705
31 9706
31 9707
31 9708
31 9709
31 9710
31 9711
31 9712
31 9713
31 9714
31 9715
31 9716
31 9717
31 9718
31 9719
31 9720
31 9721
31 9722
31 9723
31 9724
31 9725
31 9726
31 9727
31 9728
31 9729
31 9730
31 9731
31 9732
31 9733
31 9734
31 9735
31 9736
31 9737
31 9738
31 9739
31 9740
31 9741
31 9742
31 9743
31 9744
31 9745
31 9746
31 9747
31 9748
31 9749
31 9750
31 9751
31 9752
31 9753
31 9754
31 9755
31 9756
31 9757
31 9758
31 9759
31 9760
31 9761
31 9762
31 9763
31 9765
31 9766
31 9767
31 9769
31 9770
31 9771
31 9772
31 9773
31 9774
31 9775
31 9776
31 9777
31 9778
31 9779
31 9780
31 9781
31 9782
31 9783
31 9784
31 9785
31 9786
31 9787
31 9847
31 9883
31 9884
31 9887
31 9894
31 10127
31 10132
31 10144
31 10146
31 10155
31 10170
31 10176
31 10181
31 10219
31 10251
31 10263
31 10266
31 10273
31 10279
31 10280
31 10281
31 10320
31 10332
31 10342
31 10343
31 10346
31 10347
31 10348
31 10349
31 10350
31 10351
31 10352
31 10353
31 10354
31 10355
31 10356
31 10357
31 10358
31 10359
31 10360
31 10361
31 10362
31 10363
31 10364
31 10365
31 10366
31 10367
31 10368
31 10369
31 10370
31 10371
31 10372
31 10373
31 10374
31 10375
31 10376
31 10377
31 10378
31 10379
31 10380
31 10381
31 10382
31 10383
31 10384
31 10385
31 10386
31 10387
31 10388
31 10389
31 10390
31 10391
31 10392
31 10393
31 10394
31 10395
31 10396
31 10397
31 10398
31 10399
31 10400
31 10401
31 10402
31 10403
31 10404
31 10405
31 10406
31 10407
31 10408
31 10409
31 10410
31 10411
31 10412
31 10413
31 10414
31 10415
31 10416
31 10417
31 10418
31 10419
31 10420
31 10421
31 10422
31 10423
31 10424
31 10425
31 10426
31 10427
31 10428
31 10429
31 10430
31 10431
31 10432
31 10433
31 10434
31 10435
31 10436
31 10437
31 10438
31 10439
31 10440
31 10441
31 10442
31 10443
31 10444
31 10445
31 10446
31 10447
31 10448
31 10449
31 10450
31 10451
31 10452
31 10453
31 10454
31 10455
31 10456
31 10457
31 10458
31 10459
31 10460
31 10461
31 10462
31 10463
31 10464
31 10465
31 10466
31 10467
31 10468
31 10469
31 10470
31 10471
31 10472
31 10473
31 10474
31 10475
31 10476
31 10477
31 10478
31 10479
31 10480
31 10481
31 10482
31 10483
31 10484
31 10485
31 10486
31 10487
31 10488
31 10489
31 10490
31 10491
31 10492
31 10493
31 10494
31 10495
31 10496
31 10497
31 10498
31 10499
31 10500
31 10501
31 10502
31 10503
31 10504
31 10505
31 10506
31 10507
31 10508
31 10509
31 10510
31 10511
31 10512
31 10513
31 10514
31 10515
31 10516
31 10517
31 10518
31 10519
31 10520
31 10521
31 10522
31 10523
31 10524
31 10525
31 10526
31 10527
31 10528
31 10529
31 10530
31 10531
31 10532
31 10533
31 10534
31 10535
31 10536
31 10537
31 10538
31 10539
31 10540
31 10541
31 10542
31 10543
31 10544
31 10545
31 10546
31 10547
31 10548
31 10549
31 10550
31 10551
31 10552
31 10553
31 10554
31 10555
31 10556
31 10557
31 10558
31 10559
31 10560
31 10561
31 10562
31 10563
31 10564
31 10565
31 10566
31 10567
31 10568
31 10569
31 10570
31 10571
31 10572
31 10573
31 10574
31 10575
31 10576
31 10577
31 10578
31 10579
31 10580
31 10581
31 10582
31 10583
31 10584
31 10585
31 10586
31 10587
31 10588
31 10589
31 10590
31 10591
31 10592
31 10593
31 10594
31 10595
31 10596
31 10597
31 10598
31 10599
31 10600
31 10601
31 10602
31 10603
31 10604
31 10605
31 10606
31 10607
31 10608
31 10609
31 10610
31 10611
31 10612
31 10613
31 10614
31 10615
31 10616
31 10617
31 10618
31 10619
31 10620
31 10621
31 10622
31 10623
31 10624
31 10625
31 10626
31 10627
31 10628
31 10629
31 10630
31 10631
31 10632
31 10633
31 10636
31 10637
31 10638
31 10639
31 10640
31 10641
31 10642
31 10643
31 10644
31 10645
31 10646
31 10647
31 10648
31 10649
31 10650
31 10651
31 10652
31 10653
31 10654
31 10655
31 10656
31 10657
31 10658
31 10659
31 10660
31 10661
31 10668
31 10669
31 10670
31 10671
31 10672
31 10674
31 10675
31 10744
31 10745
31 10746
31 10747
31 10748
31 10749
31 10750
31 10751
31 10754
31 10755
31 10767
31 10768
31 10821
31 10822
31 10823
31 10824
31 10825
31 10826
31 10827
31 10828
31 10829
31 10830
31 10831
31 10832
31 10833
31 10834
31 10835
31 10836
31 10837
31 10838
31 10839
31 10840
31 10841
31 10842
31 10843
31 10844
31 10845
31 10846
31 10847
31 10848
31 10849
31 10850
31 11336
31 11391
31 11392
31 11393
31 11394
31 11395
31 11396
31 11397
31 11398
31 11399
31 11400
31 11401
31 11402
31 11403
31 11404
31 11405
31 11406
31 11407
31 11408
31 11409
31 11410
31 11411
31 11412
31 11413
31 11414
31 11415
31 11416
31 11417
31 11418
31 11419
31 11420
31 11421
31 11422
31 11423
31 11424
31 11425
31 11426
31 11427
31 11428
31 11429
31 11430
31 11431
31 11432
31 11433
31 11434
31 11435
31 11436
31 11437
31 11438
31 11439
32 5
32 20
32 21
32 448
32 1834
32 1846
32 1869
32 2055
32 2196
32 2215
32 2216
32 2218
32 2281
32 2282
32 2311
32 2313
32 2404
32 2445
32 2710
32 3191
32 3320
32 3422
32 3512
32 3523
32 3550
32 3927
32 3991
32 4038
32 4153
32 4426
32 4462
32 4818
32 5388
32 5434
32 5643
32 6676
32 6757
32 6801
32 7038
32 7066
32 7081
32 7136
32 7151
32 7175
32 7292
32 7936
32 7989
32 8327
32 8328
32 8329
32 8330
32 8331
32 8332
32 8334
32 8335
32 8340
32 8342
32 8344
32 8345
32 8353
32 8359
32 8360
32 8363
32 8364
32 8370
32 8371
32 8377
32 8378
32 8379
32 8380
32 8381
32 8383
32 8386
32 8387
32 8389
32 8390
32 8391
32 8393
32 8394
32 8396
32 8397
32 8399
32 8400
32 8401
32 8402
32 8404
32 8405
32 8407
32 8409
32 8450
32 8451
32 8647
32 8648
32 8649
32 8926
32 9020
33 5
33 37
33 1674
33 2233
33 3826
33 7175
33 9051
33 9052
34 5
34 9
34 18
34 27
34 37
34 1674
34 1731
34 2208
34 2233
34 2261
34 2399
34 2413
34 2418
34 2445
34 2560
34 2573
34 2736
34 3437
34 3597
34 3721
34 3725
34 3739
34 3832
34 3852
34 3853
34 3854
34 3855
34 3856
34 3857
34 3858
34 3859
34 3860
34 3862
34 3863
34 3865
34 3868
34 3873
34 3875
34 3879
34 3880
34 3883
34 3937
34 3948
34 3950
34 3980
34 4019
34 4022
34 4023
34 4024
34 4025
34 4026
34 4027
34 4028
34 4032
34 4043
34 4125
34 4288
34 4293
34 4323
34 4364
34 4400
34 4422
34 4425
34 4446
34 4451
34 4452
34 4496
34 4733
34 4953
34 5095
34 5130
34 5221
34 5688
34 5790
34 5802
34 5805
34 5823
34 5882
34 6036
34 6038
34 6192
34 6194
34 6195
34 6197
34 6199
34 6200
34 6201
34 6202
34 6203
34 6205
34 6206
34 6257
34 6308
34 6460
34 6758
34 6914
34 6960
34 6981
34 6986
34 7001
34 7062
34 7111
34 7123
34 7145
34 7158
34 7463
34 7464
34 7465
34 7573
34 8538
34 8593
34 8804
34 9469
34 9470
34 9471
34 9473
34 9477
34 9489
34 9492
34 9493
34 9500
34 9502
34 9503
34 9504
35 5
35 12
35 19
35 125
35 1738
35 2210
35 2216
35 2253
35 2277
35 2306
35 2319
35 2804
35 2847
35 2849
35 2898
35 2970
35 3017
35 3160
35 3203
35 3320
35 3523
35 3537
35 3550
35 3656
35 3699
35 3701
35 3761
35 3881
35 3927
35 3983
35 4000
35 4025
35 4130
35 4525
35 4679
35 4764
35 4805
35 4978
35 4981
35 5051
35 5225
35 5278
35 5643
35 5711
35 5783
35 6069
35 6168
35 6275
35 6693
35 6766
35 6782
35 6801
35 6845
35 6905
35 6927
35 6930
35 7052
35 7078
35 7083
35 7175
35 7292
35 7936
35 8583
35 9022
35 9589
35 9590
35 9591
35 9592
35 9593
35 9594
35 9595
35 9596
35 9597
35 9598
35 9768
35 9804
35 9819
35 9820
35 9821
35 9822
35 9823
35 9824
35 9825
35 9827
35 9828
35 9829
35 9830
35 9831
35 9832
35 9833
35 9834
35 9835
35 9836
35 9837
35 9838
35 9839
35 9840
35 9841
35 9842
35 9854
35 9855
35 9856
35 9862
35 9863
35 9864
35 9867
35 9868
35 9870
35 9881
35 9882
35 9885
35 9897
35 9898
35 9900
35 10069
35 10070
35 10071
35 10072
35 10126
35 10127
35 10128
36 5
36 2319
36 7200
36 7201
36 7202
36 7216
36 7292
36 9673
36 9878
36 10077
37 6
37 12
37 29
37 43
37 2251
37 2252
37 2267
37 3845
37 4330
37 4331
37 4332
37 4333
37 4334
37 4338
37 4340
37 4341
37 4342
37 4343
37 4344
37 4348
37 4403
38 6
38 10
38 11
38 12
38 14
38 23
38 25
38 30
38 37
38 43
38 64
38 73
38 76
38 77
38 78
38 79
38 80
38 135
38 148
38 162
38 348
38 354
38 400
38 461
38 465
38 555
38 942
38 1026
38 1243
38 1411
38 1553
38 1638
38 1639
38 1640
38 1641
38 1642
38 1643
38 1649
38 1670
38 1698
38 1704
38 1705
38 1706
38 1707
38 1708
38 1709
38 1714
38 1731
38 1799
38 1812
38 1813
38 1834
38 1846
38 1847
38 1848
38 1849
38 1850
38 1851
38 1852
38 1853
38 1854
38 1855
38 1856
38 1857
38 1858
38 1859
38 1860
38 1861
38 1862
38 1863
38 1864
38 1865
38 1866
38 1867
38 1868
38 1869
38 1870
38 1929
38 2065
38 2088
38 2164
38 2195
38 2216
38 2218
38 2224
38 2227
38 2228
38 2229
38 2234
38 2242
38 2243
38 2253
38 2258
38 2267
38 2268
38 2277
38 2297
38 2298
38 2302
38 2303
38 2304
38 2326
38 2340
38 2348
38 2351
38 2354
38 2356
38 2357
38 2358
38 2369
38 2370
38 2391
38 2392
38 2393
38 2397
38 2404
38 2410
38 2449
38 2560
38 2656
38 2697
38 2698
38 2699
38 2707
38 2708
38 2709
38 2710
38 2721
38 2724
38 2727
38 2730
38 2804
38 2805
38 2813
38 2840
38 2846
38 2847
38 2849
38 2855
38 2860
38 2862
38 2863
38 2864
38 2874
38 2876
38 2885
38 2886
38 2894
38 2898
38 2899
38 2918
38 2919
38 2960
38 2964
38 2965
38 2966
38 2981
38 2982
38 2983
38 2984
38 2985
38 2986
38 2987
38 2988
38 2989
38 2990
38 2991
38 2993
38 2994
38 2995
38 2996
38 2997
38 2998
38 2999
38 3000
38 3037
38 3038
38 3039
38 3040
38 3041
38 3043
38 3044
38 3045
38 3046
38 3061
38 3178
38 3179
38 3180
38 3181
38 3182
38 3183
38 3204
38 3229
38 3230
38 3316
38 3317
38 3318
38 3319
38 3323
38 3324
38 3325
38 3326
38 3330
38 3331
38 3332
38 3333
38 3334
38 3335
38 3336
38 3337
38 3365
38 3422
38 3450
38 3465
38 3466
38 3467
38 3468
38 3498
38 3513
38 3550
38 3567
38 3597
38 3698
38 3746
38 3747
38 3822
38 3826
38 3841
38 3842
38 3845
38 3867
38 3874
38 3879
38 3900
38 3918
38 3923
38 3975
38 3983
38 3992
38 3997
38 4001
38 4002
38 4015
38 4016
38 4019
38 4021
38 4022
38 4023
38 4024
38 4027
38 4038
38 4047
38 4055
38 4059
38 4062
38 4091
38 4096
38 4097
38 4099
38 4100
38 4101
38 4102
38 4103
38 4104
38 4105
38 4106
38 4107
38 4108
38 4130
38 4146
38 4150
38 4175
38 4207
38 4219
38 4225
38 4226
38 4229
38 4233
38 4252
38 4282
38 4287
38 4289
38 4294
38 4295
38 4302
38 4303
38 4304
38 4305
38 4306
38 4307
38 4308
38 4309
38 4311
38 4312
38 4313
38 4314
38 4315
38 4316
38 4317
38 4318
38 4319
38 4320
38 4321
38 4335
38 4336
38 4337
38 4339
38 4350
38 4351
38 4352
38 4353
38 4356
38 4357
38 4366
38 4367
38 4368
38 4369
38 4374
38 4375
38 4379
38 4385
38 4387
38 4400
38 4416
38 4417
38 4418
38 4419
38 4426
38 4462
38 4475
38 4504
38 4507
38 4510
38 4515
38 4516
38 4520
38 4524
38 4525
38 4528
38 4529
38 4532
38 4533
38 4534
38 4535
38 4560
38 4567
38 4571
38 4572
38 4575
38 4576
38 4580
38 4581
38 4582
38 4593
38 4624
38 4631
38 4635
38 4637
38 4638
38 4639
38 4644
38 4645
38 4655
38 4671
38 4675
38 4679
38 4680
38 4682
38 4687
38 4689
38 4690
38 4710
38 4711
38 4712
38 4735
38 4764
38 4765
38 4767
38 4783
38 4784
38 4785
38 4793
38 4797
38 4803
38 4805
38 4806
38 4807
38 4818
38 4830
38 4831
38 4832
38 4834
38 4840
38 4847
38 4859
38 4860
38 4868
38 4870
38 4871
38 4872
38 4873
38 4874
38 4875
38 4876
38 4877
38 4878
38 4879
38 4880
38 4883
38 4884
38 4885
38 4886
38 4887
38 4888
38 4889
38 4891
38 4917
38 4918
38 4919
38 4920
38 4921
38 4929
38 4930
38 4931
38 4932
38 4933
38 4937
38 4938
38 4939
38 4940
38 4941
38 4965
38 4966
38 4980
38 4981
38 4997
38 5002
38 5004
38 5009
38 5034
38 5051
38 5061
38 5095
38 5107
38 5139
38 5170
38 5171
38 5193
38 5196
38 5216
38 5217
38 5227
38 5228
38 5229
38 5230
38 5231
38 5232
38 5233
38 5238
38 5245
38 5250
38 5253
38 5255
38 5257
38 5259
38 5271
38 5293
38 5305
38 5381
38 5395
38 5417
38 5432
38 5441
38 5442
38 5447
38 5448
38 5449
38 5470
38 5471
38 5472
38 5483
38 5485
38 5489
38 5491
38 5492
38 5493
38 5497
38 5498
38 5503
38 5508
38 5509
38 5517
38 5518
38 5521
38 5538
38 5540
38 5563
38 5570
38 5592
38 5613
38 5614
38 5615
38 5630
38 5631
38 5632
38 5638
38 5652
38 5653
38 5657
38 5660
38 5671
38 5677
38 5678
38 5679
38 5680
38 5682
38 5683
38 5684
38 5685
38 5686
38 5687
38 5693
38 5696
38 5709
38 5710
38 5711
38 5712
38 5716
38 5717
38 5719
38 5720
38 5721
38 5722
38 5724
38 5725
38 5726
38 5750
38 5751
38 5753
38 5756
38 5757
38 5758
38 5759
38 5760
38 5761
38 5765
38 5766
38 5767
38 5768
38 5769
38 5773
38 5777
38 5779
38 5780
38 5783
38 5784
38 5785
38 5786
38 5787
38 5788
38 5792
38 5798
38 5800
38 5803
38 5804
38 5805
38 5806
38 5810
38 5811
38 5812
38 5813
38 5814
38 5815
38 5816
38 5817
38 5818
38 5824
38 5825
38 5852
38 5863
38 5864
38 5866
38 5867
38 5873
38 5875
38 5883
38 5885
38 5886
38 5890
38 5891
38 5897
38 5898
38 5899
38 5903
38 5904
38 5905
38 5906
38 5910
38 5912
38 5913
38 5914
38 5915
38 5917
38 5918
38 5923
38 5924
38 5926
38 5927
38 5929
38 5930
38 5931
38 5932
38 5933
38 5934
38 5935
38 5936
38 5937
38 5938
38 5939
38 5940
38 5941
38 5954
38 5963
38 5964
38 5968
38 5969
38 6025
38 6026
38 6027
38 6028
38 6029
38 6030
38 6031
38 6037
38 6039
38 6040
38 6041
38 6043
38 6044
38 6048
38 6049
38 6050
38 6051
38 6052
38 6056
38 6058
38 6059
38 6060
38 6062
38 6063
38 6064
38 6065
38 6116
38 6117
38 6118
38 6119
38 6120
38 6121
38 6122
38 6123
38 6124
38 6125
38 6126
38 6127
38 6128
38 6131
38 6132
38 6133
38 6134
38 6142
38 6143
38 6144
38 6145
38 6146
38 6147
38 6148
38 6151
38 6152
38 6153
38 6156
38 6157
38 6160
38 6168
38 6171
38 6173
38 6174
38 6175
38 6176
38 6177
38 6178
38 6271
38 6279
38 6283
38 6287
38 6288
38 6289
38 6290
38 6291
38 6292
38 6293
38 6296
38 6713
38 6720
38 6960
38 7917
38 8336
38 8581
38 8784
38 9898
38 10729
39 6
39 4019
39 4978
39 8593
39 8801
39 8803
39 8804
40 6
40 8
40 9
40 12
40 14
40 79
40 103
40 109
40 110
40 111
40 112
40 113
40 147
40 182
40 278
40 988
40 1149
40 1338
40 1648
40 1681
40 1799
40 1802
40 1825
40 1832
40 1929
40 2004
40 2050
40 2193
40 2196
40 2215
40 2216
40 2218
40 2251
40 2257
40 2267
40 2273
40 2281
40 2282
40 2285
40 2297
40 2346
40 2357
40 2400
40 2556
40 2674
40 2697
40 2699
40 2726
40 2731
40 2736
40 2737
40 2738
40 2739
40 2740
40 2742
40 2743
40 2744
40 2745
40 2803
40 2814
40 2851
40 2863
40 2879
40 2885
40 2886
40 2894
40 2971
40 2981
40 2982
40 2983
40 2984
40 2985
40 2986
40 2987
40 2988
40 3064
40 3111
40 3188
40 3190
40 3191
40 3233
40 3234
40 3235
40 3236
40 3237
40 3238
40 3239
40 3240
40 3241
40 3242
40 3243
40 3245
40 3276
40 3286
40 3320
40 3364
40 3365
40 3372
40 3509
40 3513
40 3523
40 3537
40 3624
40 3627
40 3628
40 3629
40 3630
40 3631
40 3632
40 3633
40 3634
40 3635
40 3636
40 3637
40 3638
40 3639
40 3640
40 3641
40 3642
40 3643
40 3644
40 3645
40 3646
40 3647
40 3653
40 3654
40 3655
40 3656
40 3657
40 3691
40 3745
40 3746
40 3755
40 3761
40 3822
40 3826
40 3845
40 3848
40 3866
40 3867
40 3896
40 3922
40 3927
40 4002
40 4015
40 4037
40 4038
40 4130
40 4287
40 4289
40 4291
40 4345
40 4417
40 4426
40 4475
40 4510
40 4515
40 4572
40 4613
40 4614
40 4679
40 4684
40 4868
40 4878
40 4891
40 4898
40 4903
40 4980
40 4981
40 5034
40 5035
40 5042
40 5046
40 5049
40 5051
40 5225
40 5226
40 5227
40 5231
40 5235
40 5250
40 5324
40 5472
40 5503
40 5517
40 5524
40 5592
40 5610
40 5631
40 5632
40 5643
40 5659
40 5684
40 5753
40 5754
40 5755
40 6069
40 6113
40 6158
40 6168
40 6172
40 6188
40 6244
40 6296
40 6523
40 6553
40 6574
40 6678
40 6725
40 6738
40 6753
40 6785
40 6845
40 6872
40 6873
40 6874
40 6875
40 6879
40 6891
40 6894
40 6930
40 6941
40 7002
40 7088
40 7175
40 7212
40 7213
40 7273
40 7358
40 7360
40 7435
40 7470
40 7577
40 7578
40 7579
40 7590
40 7788
40 7824
40 7825
40 7873
40 7936
40 7985
40 7986
40 7987
40 7988
40 7989
40 8002
40 8023
40 8026
40 8030
40 8032
40 8300
40 8361
40 8429
40 8430
40 8444
40 8445
40 8446
40 8447
40 8448
40 8449
40 8450
40 8451
40 8538
40 8569
40 8575
40 8613
40 8614
40 8615
40 8616
40 8617
40 8620
40 8621
40 8622
40 8623
40 8626
40 8627
40 8628
40 8632
40 8633
40 8634
40 8635
40 8636
40 8637
40 8644
40 8701
40 8784
40 8866
40 8867
40 8868
40 8869
40 8870
40 8955
40 9138
40 9139
40 9143
40 9144
40 9241
40 9331
40 9332
40 9333
40 9417
40 9533
40 9572
40 9573
40 9574
40 9575
40 9576
40 9578
40 9579
40 9580
40 9581
40 9582
40 9647
40 9804
40 9848
40 10186
40 10219
40 10220
40 10244
40 10317
40 10318
40 10320
40 10343
40 10367
40 10433
40 10434
40 10435
40 10436
40 10437
40 10438
40 10439
40 10440
40 10441
40 10442
40 10443
40 10444
40 10448
40 10449
40 10450
40 10451
40 10452
40 10453
40 10454
40 10455
40 10459
40 10460
40 10461
40 10462
40 10463
40 10464
40 10465
40 10466
40 10467
40 10468
40 10469
40 10470
40 10471
40 10472
40 10473
40 10474
40 10475
40 10476
40 10477
40 10478
40 10479
40 10480
40 10481
40 10482
40 10483
40 10484
40 10485
40 10486
40 10488
40 10489
40 10490
40 10491
40 10492
40 10493
40 10494
40 10495
40 10496
40 10497
40 10498
40 10499
40 10500
40 10501
40 10502
40 10503
40 10504
40 10505
40 10506
40 10507
40 10508
40 10509
40 10510
40 10511
40 10512
40 10513
40 10514
40 10515
40 10516
40 10517
40 10518
40 10519
40 10520
40 10521
40 10522
40 10523
40 10524
40 10525
40 10526
40 10527
40 10528
40 10529
40 10530
40 10531
40 10532
40 10533
40 10534
40 10591
40 10662
40 10665
40 10666
40 10667
40 10673
40 10676
40 10677
40 10678
40 10679
40 10680
40 10681
40 10682
40 10683
40 10684
40 10685
40 10686
40 10687
40 10688
40 10689
40 10690
40 10691
40 10692
40 10693
40 10694
40 10695
40 10696
40 10697
40 10698
40 10707
40 10708
40 10711
40 10712
40 10713
40 10714
40 10715
40 10716
40 10717
40 10718
40 10719
40 10720
40 10721
40 10722
40 10723
40 10724
40 10725
40 10726
40 10727
40 10728
40 10729
40 10730
40 10732
40 10733
40 10734
40 10735
40 10736
40 10737
40 10738
40 10739
40 10740
40 10741
40 10742
40 10743
40 10744
40 10745
40 10746
40 10747
40 10748
40 10749
40 10750
40 10751
40 10752
40 10753
40 10754
40 10755
40 10756
40 10758
40 10759
40 10760
40 10761
40 10762
40 10763
40 10764
40 10765
40 10766
40 10769
40 10770
40 10771
40 10772
40 10773
40 10774
40 10775
40 10776
40 10777
40 10778
40 10779
40 10780
40 10781
40 10782
40 10783
40 10784
40 10785
40 10786
40 10787
40 10788
40 10789
40 10790
40 10791
40 10792
40 10793
40 10794
40 10795
40 10796
40 10797
40 10798
40 10799
40 10800
40 10801
40 10802
40 10803
40 10804
40 10805
40 10806
40 10807
40 10808
40 10809
40 10810
40 10811
40 10812
40 10813
40 10814
40 10815
40 10816
40 10817
40 10818
40 10819
40 10820
40 10852
40 10853
40 10854
40 10855
40 10856
40 10857
40 10858
40 10859
40 10860
40 10861
40 10862
40 10863
40 10864
40 10865
40 10866
40 10867
40 10868
40 10869
40 10870
40 10871
40 10872
40 10873
40 10874
40 10875
40 10876
40 10877
40 10878
40 10879
40 10880
40 10881
40 10882
40 10883
40 10884
40 10885
40 10886
40 10887
40 10888
40 10889
40 10890
40 10891
40 10892
40 10893
40 10894
40 10895
40 10896
40 10897
40 10898
40 10899
40 10900
40 10901
40 10902
40 10903
40 10904
40 10905
40 10906
40 10907
40 10908
40 10909
40 10910
40 10911
40 10912
40 10913
40 10914
40 10915
40 10916
40 10917
40 10918
40 10919
40 10920
40 10921
40 10922
40 10923
40 10924
40 10925
40 10926
40 10927
40 10928
40 10929
40 10930
40 10931
40 10932
40 10935
40 10936
40 10937
40 10938
40 10939
40 10940
40 10941
40 10942
40 10943
40 10944
40 10945
40 10946
40 10947
40 10948
40 10949
40 10950
40 10951
40 10952
40 10953
40 10954
40 10955
40 10956
40 10957
40 10958
40 10959
40 10960
40 10961
40 10962
40 10963
40 10964
40 10965
40 10966
40 10967
40 10968
40 10969
40 10970
40 10971
40 10972
40 10973
40 10974
40 10975
40 10976
40 10977
40 10978
40 10979
40 10980
40 10981
40 10982
40 10983
40 10984
40 10985
40 10986
40 10987
40 10988
40 10989
40 10990
40 10991
40 10992
40 10993
40 10994
40 10995
40 10996
40 10997
40 10998
40 10999
40 11000
40 11001
40 11002
40 11003
40 11004
40 11005
40 11006
40 11007
40 11008
40 11009
40 11010
40 11011
40 11012
40 11013
40 11014
40 11015
40 11016
40 11017
40 11018
40 11019
40 11020
40 11021
40 11022
40 11023
40 11024
40 11025
40 11026
40 11027
40 11028
40 11029
40 11030
40 11031
40 11032
40 11033
40 11034
40 11035
40 11036
40 11037
40 11038
40 11039
40 11040
40 11041
40 11042
40 11043
40 11044
40 11045
40 11046
40 11047
40 11048
40 11049
40 11050
40 11051
40 11052
40 11053
40 11054
40 11055
40 11056
40 11057
40 11058
40 11059
40 11060
40 11061
40 11062
40 11063
40 11064
40 11065
40 11066
40 11067
40 11068
40 11069
40 11070
40 11071
40 11072
40 11073
40 11074
40 11075
40 11076
40 11077
40 11078
40 11079
40 11080
40 11081
40 11082
40 11083
40 11084
40 11085
40 11086
40 11087
40 11088
40 11089
40 11090
40 11091
40 11092
40 11093
40 11094
40 11095
40 11096
40 11097
40 11098
40 11099
40 11100
40 11101
40 11102
40 11103
40 11104
40 11105
40 11106
40 11107
40 11108
40 11109
40 11110
40 11111
40 11112
40 11113
40 11114
40 11115
40 11116
40 11117
40 11118
40 11119
40 11120
40 11121
40 11122
40 11123
40 11124
40 11125
40 11126
40 11127
40 11128
40 11129
40 11130
40 11131
40 11132
40 11133
40 11134
40 11135
40 11136
40 11137
40 11138
40 11139
40 11140
40 11141
40 11142
40 11143
40 11144
40 11145
40 11146
40 11147
40 11148
40 11150
40 11151
40 11152
40 11153
40 11154
40 11155
40 11156
40 11157
40 11158
40 11159
40 11160
40 11161
40 11162
40 11163
40 11164
40 11165
40 11166
40 11167
40 11168
40 11169
40 11170
40 11171
40 11172
40 11173
40 11174
40 11175
40 11176
40 11177
40 11178
40 11179
40 11180
40 11181
40 11182
40 11183
40 11184
40 11185
40 11186
40 11187
40 11188
40 11189
40 11190
40 11191
40 11192
40 11193
40 11194
40 11195
40 11196
40 11197
40 11198
40 11199
40 11200
40 11201
40 11202
40 11203
40 11204
40 11205
40 11206
40 11207
40 11208
40 11209
40 11210
40 11211
40 11212
40 11213
40 11214
40 11215
40 11216
40 11217
40 11218
40 11219
40 11220
40 11221
40 11222
40 11223
40 11224
40 11225
40 11226
40 11227
40 11228
40 11229
40 11230
40 11231
40 11232
40 11233
40 11234
40 11235
40 11236
40 11237
40 11238
40 11239
40 11240
40 11241
40 11242
40 11243
40 11244
40 11245
40 11246
40 11247
40 11248
40 11249
40 11250
40 11251
40 11252
40 11253
40 11254
40 11255
40 11256
40 11257
40 11258
40 11259
40 11260
40 11261
40 11262
40 11263
40 11264
40 11265
40 11266
40 11267
40 11268
40 11269
40 11270
40 11271
40 11272
40 11273
40 11274
40 11275
40 11276
40 11277
40 11278
40 11279
40 11280
40 11281
40 11282
40 11283
40 11284
40 11285
40 11286
40 11287
40 11288
40 11289
40 11290
40 11291
40 11292
40 11293
40 11294
40 11298
40 11299
40 11307
40 11319
40 11320
40 11321
40 11322
40 11323
40 11324
40 11325
40 11326
40 11327
40 11334
40 11335
40 11345
40 11351
40 11354
40 11355
40 11373
40 11374
40 11375
40 11376
40 11377
40 11378
40 11379
40 11380
40 11381
40 11382
40 11383
40 11384
40 11385
40 11387
40 11388
40 11389
40 11390
40 11440
40 11447
40 11448
40 11463
40 11550
40 11551
40 11586
41 7
41 24
41 2410
41 2421
41 2775
41 3152
41 3525
41 3852
41 3854
41 3859
41 3865
41 3868
41 3870
41 3873
41 3874
41 3881
41 3980
41 4207
41 4266
41 4364
41 4654
41 5524
41 7175
41 7559
41 8108
41 8110
41 8111
41 8112
41 8113
41 8114
41 8115
41 8116
41 8117
41 8118
41 8119
41 8120
41 8121
41 8122
41 8123
41 8124
41 8125
41 8126
41 8127
41 8128
41 8129
41 8130
41 8131
41 8132
41 8133
41 8134
41 8135
41 8136
41 8137
41 8138
41 8139
41 8140
41 8141
41 8142
41 8143
41 8144
41 8145
41 8146
41 8147
41 8148
41 8149
41 8150
41 8151
41 8152
41 8153
41 8154
41 8155
41 8156
41 8157
41 8158
41 8159
41 8160
41 8161
41 8162
41 8163
41 8164
41 8165
41 8166
41 8167
41 8168
41 8169
41 8170
41 8171
41 8172
41 8173
41 8174
41 8175
41 8176
41 8177
41 8178
41 8179
41 8180
41 8181
41 8182
41 8192
41 8193
41 8194
41 8195
41 8196
41 8197
41 8198
41 8199
41 8200
41 8201
41 8202
41 8203
41 8204
41 8205
41 8206
41 8207
41 8208
41 8209
41 8210
41 8211
41 8212
41 8213
41 8214
41 8215
41 8216
41 8217
41 8218
41 8219
41 8220
41 8221
41 8222
41 8223
41 8224
41 8225
41 8226
41 8227
41 8228
41 8229
41 8230
41 8231
41 8232
41 8233
41 8234
41 8235
41 8236
41 8237
41 8238
41 8239
41 8240
41 8276
41 8277
41 8278
41 8279
41 8280
41 8281
41 8282
41 8283
41 8284
41 8285
41 8286
41 8287
41 8288
41 8289
41 8290
41 8291
41 8294
41 8295
41 8296
41 8297
41 8298
41 8316
41 8317
41 8318
41 8319
41 8320
41 8321
41 8322
41 8323
41 8324
41 8333
41 8427
41 8596
41 8680
41 8683
41 8684
41 8685
41 8906
41 8907
41 8908
41 8909
41 8969
41 8970
41 8971
41 8972
41 8980
41 9012
41 9013
41 9014
41 9074
41 9075
41 9076
41 9086
41 9088
41 9089
41 9384
41 10115
41 10134
42 7
42 2856
42 3422
42 7466
43 7
43 12
43 37
43 509
43 2229
43 2237
43 2279
43 2789
43 2970
43 3927
43 5677
43 6225
43 6509
43 7292
43 8476
43 9589
43 9594
43 9800
43 9832
43 9843
43 10553
44 8
44 1818
44 1934
44 2259
44 2267
44 2268
44 2302
44 2847
44 2849
44 3320
44 4001
44 4015
44 4079
44 4229
44 4233
44 4235
44 4593
44 4644
44 4684
44 4869
44 4900
44 4904
44 5075
44 5076
44 5118
44 5119
44 5236
44 5237
44 5238
44 5239
44 5387
44 5388
44 5503
44 5688
44 5689
45 9
45 7175
45 7292
46 9
46 2216
46 5231
46 5592
46 7175
47 11
47 37
47 43
47 48
47 172
47 385
47 1674
47 2194
47 2197
47 2198
47 2199
47 2206
47 2241
47 2262
47 2264
47 2268
47 2290
47 2301
47 2303
47 2317
47 2350
47 2352
47 2356
47 2357
47 2358
47 2360
47 2361
47 2362
47 2363
47 2364
47 2365
47 2366
47 2368
47 2369
47 2370
47 2371
47 2372
47 2373
47 2374
47 2375
47 2376
47 2377
47 2378
47 2379
47 2380
47 2388
47 2389
47 2390
47 2398
47 2410
47 2429
47 2733
47 2851
47 2885
47 2886
47 2894
47 2918
47 3350
47 3546
47 3548
47 3554
47 3555
47 3556
47 3656
47 3826
47 3827
47 3832
47 3841
47 3842
47 3845
47 3847
47 3848
47 3851
47 3852
47 3853
47 3855
47 3856
47 3857
47 3858
47 3859
47 3860
47 3861
47 3862
47 3863
47 3864
47 3865
47 3866
47 3867
47 3868
47 3869
47 3870
47 3872
47 3873
47 3874
47 3875
47 3876
47 3877
47 3878
47 3879
47 3880
47 3881
47 3883
47 3884
47 3885
47 3886
47 3887
47 3937
47 3948
47 3950
47 3980
47 3981
47 4002
47 4015
47 4016
47 4025
47 4026
47 4028
47 4029
47 4032
47 4033
47 4036
47 4037
47 4043
47 4059
47 4073
47 4078
47 4081
47 4099
47 4100
47 4105
47 4106
47 4107
47 4119
47 4125
47 4146
47 4150
47 4157
47 4229
47 4288
47 4293
47 4307
47 4309
47 4316
47 4326
47 4327
47 4331
47 4363
47 4364
47 4366
47 4374
47 4419
47 4443
47 4507
47 4510
47 4516
47 4525
47 4529
47 4532
47 4533
47 4534
47 4535
47 4581
47 4582
47 4613
47 4684
47 4690
47 4718
47 4792
47 4859
47 4932
47 4933
47 4982
47 5051
47 5095
47 5221
47 5225
47 5227
47 5228
47 5231
47 5233
47 5235
47 5272
47 5384
47 5441
47 5442
47 5516
47 5517
47 5528
47 5567
47 5569
47 5653
47 5657
47 5660
47 5670
47 5672
47 5690
47 5691
47 5692
47 5694
47 5695
47 5696
47 5697
47 5698
47 5699
47 5700
47 5701
47 5702
47 5703
47 5712
47 5714
47 5715
47 5718
47 5723
47 5732
47 5760
47 5762
47 5763
47 5764
47 5792
47 5797
47 5799
47 5817
47 5819
47 5820
47 5829
47 5830
47 5858
47 5867
47 5870
47 5874
47 5882
47 5883
47 5884
47 5893
47 5894
47 5895
47 5896
47 5911
47 5917
47 5943
47 5944
47 5949
47 5950
47 5951
47 5952
47 5969
47 5970
47 5971
47 5972
47 5973
47 5974
47 5975
47 5976
47 5977
47 5978
47 5979
47 5980
47 5981
47 5982
47 5983
47 5984
47 5985
47 5986
47 5987
47 5988
47 5989
47 5990
47 5991
47 5992
47 5993
47 5994
47 5995
47 5996
47 5997
47 5998
47 5999
47 6000
47 6001
47 6002
47 6003
47 6004
47 6005
47 6006
47 6007
47 6008
47 6009
47 6010
47 6011
47 6012
47 6013
47 6014
47 6015
47 6016
47 6017
47 6018
47 6019
47 6020
47 6021
47 6022
47 6023
47 6024
47 6030
47 6032
47 6033
47 6042
47 6045
47 6046
47 6047
47 6061
47 6128
47 6136
47 6183
47 6187
47 6225
47 6226
47 6228
47 6229
47 6230
47 6237
47 6249
47 6250
47 6251
47 6252
47 6253
47 6254
47 6256
47 6257
47 6258
47 6259
47 6270
47 6272
47 6273
47 6275
47 6276
47 6285
47 6286
47 6296
47 6307
47 6341
47 6342
47 6377
47 6632
47 6893
48 12
48 43
48 2863
48 2864
48 3043
48 3450
49 12
49 1326
49 1358
49 1631
49 1939
49 2050
49 2267
49 2268
49 2847
49 2849
49 4019
49 4022
49 4023
49 4024
49 4025
49 4027
49 4029
49 4030
49 4031
49 4033
49 4034
49 4043
49 4047
49 4048
49 4055
49 4056
49 4057
49 4058
49 4059
49 4060
49 4061
49 4062
49 4063
49 4064
49 4065
49 4066
49 4067
49 4079
49 4091
49 4092
49 4093
49 4119
49 4178
49 4179
49 4180
49 4181
49 4182
49 4183
49 4184
49 4185
49 4186
49 4187
49 4188
49 4189
49 4190
49 4191
49 4192
49 4193
49 4194
49 4195
49 4196
49 4197
49 4198
49 4199
49 4200
49 4201
49 4202
49 4203
49 4204
49 4205
49 4206
49 4209
49 4210
49 4229
49 4287
49 4288
49 4289
49 4328
49 4329
49 4461
49 4866
49 6422
50 12
50 2869
50 2870
50 2871
50 2891
51 12
51 5444
51 5455
52 12
52 5386
52 5390
52 5638
53 12
53 37
53 1355
53 1430
53 1712
53 1799
53 2234
53 2267
53 2277
53 2760
53 2847
53 3561
53 3983
53 4493
53 4725
53 5227
53 5560
53 5629
53 5638
53 5660
53 5712
54 12
54 46
54 2253
54 2847
54 3537
54 4175
54 4229
54 5793
54 5801
54 5823
54 5899
55 12
56 12
57 12
57 37
57 1681
57 3822
57 6168
57 6872
57 6874
57 6913
57 7077
57 7078
57 7884
57 8315
57 8398
57 8900
57 9594
57 9808
57 9809
57 9810
57 9811
57 9812
57 9813
57 9814
57 9815
57 9816
57 9817
57 9818
57 9842
57 9843
57 9844
57 9865
57 9866
57 9876
57 9877
57 10176
58 12
58 14
58 18
58 21
58 37
58 52
58 60
58 113
58 125
58 147
58 782
58 1179
58 1243
58 1288
58 1513
58 1601
58 1637
58 1674
58 1691
58 1834
58 1839
58 1860
58 1941
58 1992
58 1994
58 2194
58 2195
58 2216
58 2217
58 2218
58 2228
58 2237
58 2267
58 2277
58 2281
58 2282
58 2311
58 2317
58 2384
58 2409
58 2424
58 2435
58 2445
58 2447
58 2731
58 2737
58 2804
58 2835
58 2851
58 2891
58 3064
58 3190
58 3320
58 3372
58 3437
58 3523
58 3532
58 3548
58 3550
58 3552
58 3554
58 3561
58 3577
58 3712
58 3725
58 3761
58 3845
58 3857
58 3867
58 3868
58 3927
58 3984
58 3987
58 3991
58 3999
58 4015
58 4131
58 4328
58 4348
58 4374
58 4414
58 4415
58 4423
58 4424
58 4426
58 4438
58 4439
58 4440
58 4461
58 4471
58 4472
58 4473
58 4474
58 4477
58 4478
58 4479
58 4490
58 4491
58 4492
58 4493
58 4494
58 4504
58 4508
58 4547
58 4548
58 4549
58 4550
58 4551
58 4552
58 4553
58 4554
58 4555
58 4556
58 4557
58 4559
58 4561
58 4562
58 4563
58 4564
58 4565
58 4566
58 4572
58 4731
58 4830
58 4878
58 4899
58 4900
58 4901
58 4902
58 4903
58 4910
58 5035
58 5049
58 5194
58 5516
58 5524
58 5558
58 5592
58 5638
58 5643
58 5660
58 5911
58 6030
58 6069
58 6168
58 6225
58 6318
58 6332
58 6344
58 6356
58 6386
58 6387
58 6405
58 6482
58 6696
58 6710
58 6713
58 6720
58 6737
58 6746
58 6842
58 6843
58 6844
58 6845
58 6848
58 6910
58 6927
58 6928
58 6930
58 6932
58 6946
58 6955
58 6961
58 6981
58 6994
58 7032
58 7036
58 7037
58 7064
58 7068
58 7070
58 7071
58 7072
58 7073
58 7077
58 7078
58 7091
58 7102
58 7156
58 7159
58 7174
58 7175
58 7178
58 7214
58 7215
58 7218
58 7230
58 7242
58 7248
58 7257
58 7268
58 7274
58 7275
58 7281
58 7292
58 7332
58 7334
58 7335
58 7378
58 7383
58 7435
58 7467
58 7552
58 7581
58 7648
58 7832
58 7833
58 7840
58 7853
58 7862
58 7936
58 7964
58 8002
58 8425
58 8426
58 8451
58 8538
58 8656
58 8710
58 8784
58 8859
58 8884
58 9021
58 9022
58 9023
58 9024
58 9025
58 9026
58 9027
58 9028
58 9029
58 9030
58 9031
58 9032
58 9033
58 9034
58 9035
58 9036
58 9037
58 9038
58 9039
58 9046
58 9047
58 9048
58 9079
58 9080
58 9081
58 9120
58 9130
58 9258
58 9262
58 9263
58 9265
58 9268
58 9278
58 9279
58 9280
58 9281
58 9466
58 9467
58 9468
58 9469
58 9470
58 9471
58 9472
58 9473
58 9474
58 9475
58 9476
58 9477
58 9478
58 9479
58 9480
58 9481
58 9482
58 9483
58 9484
58 9485
58 9486
58 9487
58 9488
58 9489
58 9490
58 9491
58 9492
58 9493
58 9494
58 9495
58 9496
58 9497
58 9498
58 9499
58 9500
58 9501
58 9502
58 9503
58 9504
58 9505
58 9506
58 9507
58 9508
58 9509
58 9510
58 9511
58 9512
58 9513
58 9514
58 9515
58 9516
58 9517
58 9521
58 9577
58 9589
58 9594
58 9599
58 9634
58 10087
58 10088
58 10089
58 10090
58 10091
58 10092
58 10093
58 10094
58 10095
58 10096
58 10097
58 10098
58 10099
58 10100
58 10101
58 10102
58 10103
58 10112
58 10119
58 10186
58 10268
58 10270
58 10280
58 10292
58 10320
58 10326
58 10328
58 10329
58 10330
58 10352
58 10607
58 10662
58 10699
58 10705
58 10707
58 10745
58 10746
58 10747
58 10748
58 10749
58 10750
58 10751
58 11356
58 11483
58 11492
58 11501
59 12
59 2315
59 6630
59 7154
59 7157
59 7190
59 7198
59 7199
59 7200
59 7201
59 7202
59 7203
59 7281
60 12
60 115
60 2209
60 2216
60 2792
60 2804
60 3826
60 5666
60 7170
60 7175
60 7178
60 7281
60 7283
60 7284
60 7285
60 7289
60 7290
60 7291
60 7292
60 7299
60 7301
60 7303
60 7313
60 7314
60 7315
60 7316
60 7317
60 7318
60 7319
60 7320
60 7321
60 7322
60 7323
60 7324
60 7325
60 7326
60 7327
60 7328
60 7330
60 7546
60 7547
60 7548
60 7549
60 7550
60 7551
61 12
61 37
61 2279
61 2879
61 4015
61 4063
61 6868
61 6905
61 7175
61 7292
61 7435
61 7871
61 7927
61 8250
61 8251
61 8594
61 8595
61 8597
61 8608
61 8609
61 8997
61 8998
61 8999
61 9000
61 9001
61 9002
61 9003
61 9005
61 9006
62 12
63 12
63 21
63 35
63 37
63 60
63 85
63 107
63 109
63 119
63 127
63 133
63 134
63 304
63 350
63 366
63 561
63 824
63 939
63 1043
63 1048
63 1052
63 1106
63 1220
63 1635
63 1654
63 1664
63 1665
63 1666
63 1706
63 1815
63 2195
63 2216
63 2229
63 2240
63 2251
63 2252
63 2254
63 2277
63 2282
63 2302
63 2319
63 2367
63 2401
63 2445
63 2663
63 2665
63 2667
63 2668
63 2669
63 2670
63 2671
63 2672
63 2673
63 2674
63 2675
63 2733
63 2795
63 2804
63 2805
63 2806
63 2807
63 2809
63 2810
63 2811
63 2847
63 2917
63 3079
63 3086
63 3100
63 3135
63 3148
63 3156
63 3163
63 3320
63 3372
63 3497
63 3670
63 3671
63 3721
63 3725
63 3833
63 3863
63 3906
63 4001
63 4015
63 4024
63 4066
63 4093
63 4139
63 4157
63 4214
63 4266
63 4445
63 4446
63 4548
63 4598
63 4646
63 4657
63 4690
63 4695
63 4721
63 4727
63 4728
63 4729
63 4733
63 4783
63 4898
63 5039
63 5180
63 5225
63 5272
63 5539
63 5568
63 5638
63 5639
63 5640
63 5641
63 5659
63 5660
63 5922
63 5933
63 6030
63 6031
63 6135
63 6136
63 6168
63 6172
63 6244
63 6323
63 6325
63 6436
63 6468
63 6469
63 6620
63 6631
63 6650
63 6661
63 6678
63 6696
63 6731
63 6754
63 6756
63 6793
63 6832
63 6833
63 6834
63 6835
63 6844
63 6870
63 6872
63 6873
63 6874
63 6875
63 6876
63 6877
63 6878
63 6879
63 6880
63 6881
63 6882
63 6883
63 6886
63 6887
63 6891
63 6892
63 6893
63 6894
63 6895
63 6896
63 6897
63 6898
63 6907
63 6908
63 6909
63 6917
63 6944
63 6945
63 7049
63 7140
63 7144
63 7168
63 7169
63 7171
63 7172
63 7175
63 7176
63 7177
63 7178
63 7179
63 7180
63 7181
63 7182
63 7183
63 7184
63 7185
63 7186
63 7187
63 7188
63 7189
63 7206
63 7207
63 7208
63 7209
63 7210
63 7211
63 7212
63 7213
63 7219
63 7237
63 7283
63 7285
63 7286
63 7287
63 7288
63 7293
63 7294
63 7295
63 7296
63 7297
63 7298
63 7300
63 7301
63 7302
63 7303
63 7304
63 7305
63 7306
63 7307
63 7308
63 7309
63 7310
63 7311
63 7312
63 7435
63 7553
63 7570
63 7571
63 7572
63 7573
63 7574
63 7577
63 7578
63 7579
63 7580
63 7581
63 7582
63 7585
63 7593
63 7594
63 7595
63 7596
63 7597
63 7598
63 7599
63 7600
63 7601
63 7602
63 7604
63 7605
63 7610
63 7666
63 7695
63 7710
63 7756
63 7823
63 7824
63 7825
63 7871
63 7894
63 7895
63 7905
63 7906
63 7950
63 7953
63 7954
63 7955
63 7956
63 7957
63 7958
63 7959
63 7960
63 7961
63 7962
63 7963
63 8022
63 8023
63 8039
63 8244
63 8264
63 8303
63 8304
63 8356
63 8357
63 8430
63 8764
63 8941
63 9007
63 9153
63 9174
63 9230
63 9237
63 9300
63 9301
63 9302
63 9303
63 9304
63 9305
63 9306
63 9307
63 9308
63 9309
63 9310
63 9311
63 9320
63 9321
63 9322
63 9323
63 9324
63 9325
63 9326
63 9327
63 9328
63 9329
63 9330
63 9331
63 9332
63 9333
63 9334
63 9335
63 9336
63 9337
63 9338
63 9339
63 9340
63 9341
63 9342
63 9343
63 9344
63 9345
63 9346
63 9347
63 9348
63 9349
63 9350
63 9351
63 9352
63 9353
63 9354
63 9355
63 9356
63 9357
63 9358
63 9359
63 9360
63 9361
63 9362
63 9363
63 9364
63 9365
63 9366
63 9367
63 9368
63 9369
63 9370
63 9371
63 9372
63 9373
63 9374
63 9375
63 9376
63 9377
63 9378
63 9379
63 9380
63 9381
63 9382
63 9383
63 9385
63 9386
63 9387
63 9388
63 9389
63 9390
63 9391
63 9392
63 9393
63 9394
63 9395
63 9396
63 9397
63 9398
63 9399
63 9400
63 9401
63 9402
63 9403
63 9404
63 9405
63 9406
63 9407
63 9408
63 9409
63 9410
63 9411
63 9412
63 9413
63 9414
63 9415
63 9416
63 9417
63 9418
63 9419
63 9420
63 9421
63 9422
63 9423
63 9425
63 9426
63 9427
63 9428
63 9429
63 9430
63 9431
63 9432
63 9433
63 9434
63 9435
63 9436
63 9437
63 9438
63 9439
63 9440
63 9441
63 9442
63 9443
63 9444
63 9445
63 9446
63 9447
63 9448
63 9449
63 9450
63 9451
63 9452
63 9453
63 9457
63 9458
63 9459
63 9460
63 9468
63 9521
63 11386
64 12
64 1243
64 2215
64 2663
64 3761
64 4981
64 7126
64 7175
64 7292
64 7891
64 8784
64 10135
64 10136
64 10137
64 10138
64 10139
64 10258
65 12
65 37
65 334
65 425
65 456
65 496
65 1139
65 1802
65 1868
65 1907
65 1929
65 2216
65 2251
65 2279
65 2732
65 2847
65 3468
65 3523
65 3739
65 4516
65 4834
65 5472
65 5857
65 6168
65 6574
65 6795
65 6844
65 6905
65 7175
65 7581
65 7891
65 7908
65 8431
65 8585
65 8784
65 9009
65 10169
65 10244
65 10263
65 10320
65 10333
65 10707
65 10709
65 10710
65 11336
66 12
66 4818
66 5643
66 6168
66 6574
66 7470
66 10696
66 10708
67 12
67 477
67 2234
67 3983
67 3984
67 4314
67 6135
67 6650
67 6858
67 7435
67 7828
67 7873
67 9698
67 9794
67 10085
67 10867
68 12
68 2234
68 2282
68 3320
68 5887
68 6892
68 8538
68 8567
68 9602
69 12
69 37
69 41
69 2234
69 2268
69 2286
69 2737
69 4529
69 7175
69 7221
69 7292
69 7872
70 12
70 37
70 1090
70 1139
70 1155
70 1458
70 2098
70 2218
70 2279
70 3525
70 3761
70 3983
70 7175
70 7221
70 8115
70 8779
70 8780
70 9378
70 10769
71 12
71 37
71 1913
71 2229
71 2279
71 2421
71 2423
71 2804
71 4426
71 4630
71 4785
71 4840
71 4941
71 7175
71 7210
71 9763
71 10333
71 10472
71 11249
72 12
72 43
72 133
72 400
72 1834
72 2216
72 2306
72 2319
72 2742
72 3286
72 3422
72 3571
72 3573
72 3725
72 3761
72 3936
72 3979
72 4038
72 4462
72 4575
72 4663
72 5051
72 5196
72 5253
72 5257
72 5503
72 5653
72 5753
72 5761
72 5933
72 6069
72 6696
72 6998
72 7082
72 7175
72 7281
72 8254
72 8255
72 8338
72 8339
72 8341
72 8343
72 8347
72 8348
72 8349
72 8351
72 8352
72 8583
72 8764
72 9042
72 9043
72 9050
72 9053
72 9054
72 9058
72 9060
72 9061
72 9062
72 9063
72 9065
72 9066
72 9332
72 10227
72 10320
72 10548
72 11330
72 11331
72 11332
72 11333
72 11336
72 11338
72 11340
72 11341
72 11342
72 11343
72 11344
72 11345
72 11364
72 11386
73 12
73 1029
73 6650
74 14
74 1681
74 1712
75 14
75 3481
75 4829
76 14
76 17
76 1825
76 3320
76 3376
76 4038
76 4731
76 5466
76 5657
76 6114
76 6115
77 14
77 43
77 46
77 1196
77 1724
77 2242
77 2257
77 2267
77 2297
77 2302
77 2697
77 2698
77 2699
77 2847
77 2849
77 2885
77 2886
77 2894
77 2973
77 2981
77 2982
77 2983
77 2984
77 2985
77 2987
77 3061
77 3062
77 3063
77 3064
77 3191
77 3323
77 3567
77 3867
77 4327
77 4419
77 5278
77 5279
77 5280
77 5282
77 5284
77 5285
77 5286
77 5287
77 5288
77 5289
77 5290
77 5291
77 5293
77 5294
77 5296
77 5297
77 5299
77 5300
77 5301
77 5303
77 5304
77 5309
77 5333
77 5336
77 5337
77 5351
77 5358
77 5362
77 5366
77 5375
77 5376
77 5377
77 5381
77 5386
77 5395
77 5402
77 5403
77 5404
77 5405
77 5406
77 5407
77 5408
77 5409
77 5410
77 5411
77 5412
77 5442
77 5461
77 5473
77 5494
77 5503
77 5523
77 5524
77 5526
77 5529
77 5578
77 5582
77 5587
77 5588
77 5589
77 5590
77 5623
77 5628
77 5638
78 14
79 14
79 229
79 254
79 259
79 323
79 400
79 1288
79 1403
79 2611
79 4203
79 6864
79 7099
79 7110
79 7111
79 7112
79 7127
79 7147
80 14
81 14
81 25
81 50
81 181
81 184
81 188
81 2206
81 2227
81 2262
81 2264
81 2282
81 2733
81 2734
81 2735
81 2843
81 2970
81 3321
81 3323
81 3350
81 3481
81 3867
81 4119
81 4305
81 4576
81 4679
81 4840
81 4931
81 4937
81 4941
81 4982
81 5385
81 6070
81 6225
81 6227
81 6241
81 6332
81 6609
81 6917
81 7078
81 7104
81 7105
81 7106
81 7121
81 7122
81 7123
81 7124
81 7175
81 7292
81 7435
81 7937
81 8422
81 8429
81 8431
81 9167
81 9168
81 9169
81 9170
81 9171
82 14
83 14
83 2208
83 2282
83 3240
83 3561
83 3656
83 3937
83 4006
83 5039
83 5095
83 5237
83 6158
83 7126
83 9004
83 9239
83 9240
84 14
84 2697
84 2699
84 2885
84 2886
84 2894
84 2981
84 2982
84 2983
84 2984
84 2985
84 2986
84 2987
84 2988
84 9572
84 9573
84 9574
84 9575
84 9576
84 9578
84 9579
84 9580
84 9581
84 9582
85 14
85 278
85 625
85 1236
85 1681
85 1817
85 2273
85 2879
85 4345
85 5387
85 5610
85 7241
85 9037
85 9154
85 9550
85 9551
85 9893
85 9894
85 9896
85 10073
85 10074
85 10075
85 10076
85 10082
85 10083
85 10084
85 10085
85 10086
85 10110
85 10111
85 10115
85 10132
85 10133
85 10206
85 10216
85 10218
85 10219
85 10220
85 10239
85 10240
85 10241
85 10242
85 10245
85 10247
85 10251
85 10252
85 10253
85 10254
85 10255
85 10256
85 10257
85 10258
85 10273
86 15
86 1678
86 2195
86 2320
86 2321
86 2322
86 2323
86 3422
86 3695
86 3696
87 16
88 17
88 23
88 27
88 2215
88 2241
88 2242
88 2243
88 2244
88 2245
88 2246
88 2247
88 2350
88 2351
88 2352
88 2353
88 2388
88 2389
88 2390
88 2391
88 2392
88 2393
88 2399
88 2970
88 3633
88 3647
88 3698
88 3997
88 4047
88 4229
88 4414
88 4461
88 4494
88 4495
88 4516
88 4525
88 4533
88 4548
88 4549
88 4550
88 4554
88 4575
88 4582
88 4617
88 4631
88 4655
88 4664
88 4721
88 4975
88 4976
88 5493
88 5517
88 5643
88 5819
88 5820
88 5826
88 5827
88 5828
88 5829
88 5830
88 5831
88 5832
88 5833
88 5834
88 5835
88 5836
88 5837
88 5838
88 5843
88 5844
88 5845
88 5846
88 5850
88 5851
88 5853
88 5854
88 5855
88 5856
88 5857
88 5858
88 5859
88 5860
88 5861
88 5862
88 5887
88 5888
88 5889
88 5907
88 5908
88 5909
88 5911
88 5912
88 5916
88 5917
88 5920
88 5922
88 5923
88 5924
88 6036
88 6038
88 6407
88 6449
88 6632
88 6842
88 6843
88 6844
88 6854
88 6942
89 17
89 21
89 165
89 1447
89 2194
89 2217
89 2237
89 2251
89 2266
89 2312
89 2319
89 2397
89 2399
89 2400
89 2401
89 2402
89 2404
89 2406
89 2407
89 2409
89 2424
89 2435
89 2573
89 2707
89 2826
89 3527
89 3546
89 3547
89 3548
89 3549
89 3550
89 3551
89 3552
89 3553
89 3554
89 3555
89 3556
89 3557
89 3558
89 3561
89 3567
89 3680
89 3712
89 3725
89 3833
89 3870
89 3871
89 3927
89 3996
89 3999
89 4001
89 4017
89 4036
89 4066
89 4068
89 4157
89 4414
89 4439
89 4443
89 4478
89 4479
89 4508
89 4577
89 4584
89 4585
89 4586
89 4687
89 4690
89 4736
89 4737
89 5039
89 5125
89 5272
89 5503
89 5592
89 5728
89 5821
89 6016
89 6017
89 6066
89 6115
89 6172
89 6184
89 6185
89 6188
89 6317
89 6344
89 6345
89 6404
89 6441
89 6451
89 6520
89 6602
89 6603
89 6626
89 6628
89 6651
89 6652
89 6653
89 6654
89 6655
89 6656
89 6657
89 6658
89 6659
89 6766
89 6770
89 6771
89 6783
89 6819
89 6822
89 6828
89 6831
89 6842
89 6845
89 6858
89 6872
89 6873
89 6874
89 6875
89 6901
89 6923
89 6925
89 6941
89 6964
89 6976
89 6998
89 7009
89 7010
89 7011
89 7012
89 7013
89 7014
89 7015
89 7016
89 7017
89 7018
89 7019
89 7020
89 7021
89 7022
89 7023
89 7024
89 7025
89 7026
89 7027
89 7028
89 7029
89 7030
89 7031
89 7032
89 7033
89 7034
89 7035
89 7038
89 7061
89 7066
89 7067
89 7075
89 7079
89 7080
89 7081
89 7090
89 7100
89 7158
89 7175
89 7178
89 7210
89 7228
89 7279
89 7280
89 7377
89 7463
89 7464
89 7465
89 7466
89 7585
89 7661
89 7662
89 7663
89 7664
89 7666
89 7685
89 7686
89 7687
89 7688
89 7689
89 7690
89 7694
89 7695
89 7696
89 7699
89 7701
89 7702
89 7712
89 7717
89 7720
89 7748
89 7749
89 7750
89 7751
89 7752
89 7753
89 7754
89 7755
89 7756
89 7757
89 7758
89 7759
89 7760
89 7761
89 7762
89 7763
89 7764
89 7765
89 7766
89 7767
89 7768
89 7769
89 7770
89 7771
89 7772
89 7773
89 7794
89 7803
89 7804
89 7805
89 7806
89 7807
89 7808
89 7809
89 7810
89 7811
89 7812
89 7813
89 7814
89 7815
89 7816
89 7817
89 7818
89 7819
89 7820
89 7821
89 7822
89 7826
89 7830
89 7831
89 7871
89 7948
89 8005
89 8581
89 8650
89 8651
89 8652
89 8653
89 8654
89 8655
89 8656
89 8657
89 8658
89 8784
89 8857
89 8858
89 8859
89 8863
89 9115
89 9131
89 9132
89 9133
90 17
90 4695
90 6344
90 6345
90 6385
90 6386
90 6387
90 6404
90 6405
90 6407
90 6408
90 6410
90 6415
90 6416
90 6417
90 6418
90 6423
90 6424
90 6431
90 6432
90 6433
90 6443
90 6445
90 6446
90 6447
90 6454
90 6455
90 6520
90 6521
90 6522
90 6606
90 6607
90 6621
90 6622
90 6631
90 6644
90 6645
90 6646
90 6650
90 6681
90 6685
90 6687
90 6688
90 6689
90 6690
90 6693
90 6696
90 6713
90 6718
90 6720
90 6725
90 6737
90 6738
90 6743
90 6745
90 6746
90 6768
90 6769
90 6772
90 6773
90 6774
90 6775
90 6776
90 6777
90 6778
90 6779
90 6780
90 6781
90 6782
90 6784
90 6785
90 6786
90 6787
90 6788
90 6789
90 6792
90 6793
90 6795
90 6796
90 6797
90 6798
90 6799
90 6800
90 6801
90 6802
90 6803
90 6804
90 6805
90 6806
90 6807
90 6808
90 6809
90 6810
90 6811
90 6812
90 6813
90 6814
90 6815
90 6816
90 6817
90 6818
90 6842
90 6843
90 6844
90 6845
90 6846
90 6847
90 6848
90 6855
90 6857
90 6866
90 6867
90 6868
90 6910
90 6911
90 6912
90 6926
90 6927
90 6928
90 6929
90 6930
90 6931
90 6932
90 6933
90 6937
90 6938
90 6939
90 6951
90 6952
90 6962
90 6963
90 6964
90 6966
90 6967
90 6968
90 6969
90 6970
90 6971
90 6972
90 6973
90 6974
90 6987
90 6988
90 6989
90 6990
90 6991
90 6992
90 6993
90 6994
90 6995
90 6996
90 6997
90 6998
90 6999
90 7000
90 7038
90 7039
90 7040
90 7041
90 7042
90 7043
90 7044
90 7045
90 7046
90 7047
90 7048
90 7049
90 7050
90 7051
90 7052
90 7053
90 7054
90 7055
90 7056
90 7057
90 7058
90 7059
90 7060
90 7066
90 7083
90 7125
90 7136
90 7137
90 7143
90 7151
90 7175
90 7204
90 7227
90 7243
90 7244
90 7260
90 7272
90 7647
90 7651
90 7657
90 7658
90 7660
90 7665
90 7791
90 8337
90 8719
90 8724
90 8725
90 8735
90 8736
90 8737
90 8738
90 8741
90 8768
90 8795
90 8802
90 8810
91 19
91 2349
91 4462
91 6829
91 6830
91 7336
92 20
93 21
94 21
94 2101
94 2195
94 2400
94 2401
94 2432
94 3848
94 3849
94 4092
94 6137
94 7281
95 21
95 3991
95 7151
95 8925
96 21
96 2211
96 2369
96 2970
96 3550
96 4445
96 5632
96 6650
96 7175
96 7648
96 8182
96 8581
96 10320
97 21
97 2244
97 2733
97 8658
97 9124
97 9790
97 9791
97 11329
98 22
98 43
98 3534
98 4296
99 22
99 1780
99 2202
99 2250
99 2253
99 2267
99 2730
99 2740
99 2741
99 2840
99 2849
99 2881
99 2882
99 2904
99 2917
99 3361
99 3422
99 3482
99 3497
99 3525
99 3687
99 3906
99 3927
99 3997
99 4047
99 4048
99 4056
99 4060
99 4061
99 4062
99 4091
99 4092
99 4093
99 4154
99 4229
99 4233
99 4594
99 4599
99 4600
99 4601
99 4607
99 4608
99 4609
99 4610
99 4611
99 4612
99 4615
99 4616
99 4617
99 4618
99 4619
99 4620
99 4621
99 4622
99 4623
99 4624
99 4625
99 4626
99 4627
99 4631
99 4632
99 4633
99 4634
99 4640
99 4641
99 4642
99 4646
99 4647
99 4648
99 4649
99 4650
99 4651
99 4652
99 4653
99 4654
99 4655
99 4656
99 4657
99 4658
99 4659
99 4660
99 4661
99 4662
99 4663
99 4665
99 4666
99 4667
99 4668
99 4669
99 4670
99 4671
99 4672
99 4673
99 4674
99 4676
99 4677
99 4678
99 4688
99 4691
99 4692
99 4693
99 4695
99 4696
99 4697
99 4698
99 4699
99 4700
99 4701
99 4702
99 4703
99 4704
99 4705
99 4706
99 4709
99 4719
99 4720
99 4723
99 4724
99 4725
99 4726
99 4727
99 4728
99 4729
99 4730
99 4731
99 4732
99 4733
99 4734
99 4736
99 4737
99 4738
99 4739
99 4740
99 4741
99 4742
99 4743
99 4744
99 4745
99 4747
99 4748
99 4749
99 4750
99 4751
99 4752
99 4756
99 4757
99 4758
99 4759
99 4760
99 4766
99 4768
99 4769
99 4770
99 4771
99 4772
99 4794
99 6161
99 6162
99 6163
100 23
100 2449
101 23
101 77
101 135
101 169
101 180
101 216
101 217
101 247
101 248
101 249
101 281
101 282
101 283
101 299
101 300
101 301
101 302
101 319
101 321
101 370
101 417
101 418
101 420
101 453
101 454
101 455
101 456
101 457
101 506
101 580
101 633
101 967
101 968
101 969
101 1092
101 1094
101 1095
101 1096
101 1097
101 1099
101 1100
101 1101
101 1189
101 1190
101 1191
101 1192
101 1193
101 1194
101 1196
101 1197
101 1198
101 1199
101 1200
101 1285
101 1286
101 1287
101 1288
101 1290
101 1291
101 1292
101 1383
101 1384
101 1385
101 1386
101 1387
101 1417
101 1449
101 1474
101 1475
101 1476
101 1477
101 1480
101 1481
101 1618
101 1619
101 1620
101 1621
101 1622
101 1626
101 1627
101 1702
101 1731
101 1732
101 1790
101 1791
101 1792
101 1909
101 1911
101 1984
101 1985
101 2042
101 2046
101 2047
101 2104
101 2105
101 2106
101 2107
101 2149
101 2150
101 2151
101 2152
101 2154
101 2665
101 2666
101 2667
101 2668
101 2669
101 2670
101 2671
101 2672
101 2673
101 2674
101 2675
101 2712
101 2713
101 2714
101 2715
101 2716
101 2717
101 2718
101 2719
101 2720
101 2802
101 2803
101 2804
101 2809
101 2810
101 2811
101 2812
101 2813
101 2814
101 2822
101 2835
101 2836
101 2918
101 2919
101 3193
101 3230
101 5041
101 5042
101 5046
101 5049
102 23
103 23
103 6030
104 23
104 1709
104 2216
104 2428
104 2431
104 2435
104 3203
104 3314
104 3996
104 4002
104 4060
104 4091
104 4093
104 4134
104 4154
104 4607
104 4691
104 4692
104 4695
104 4729
104 4760
104 4942
104 5051
104 5633
104 5780
104 6025
104 6244
104 6442
104 6709
104 6731
104 7196
104 7256
104 7830
104 7839
104 7845
104 8640
104 9525
104 9536
104 9537
104 9538
104 9539
104 9542
104 9543
104 9544
104 9545
104 9546
104 9547
104 9553
104 9554
104 9555
104 9556
104 9557
104 9558
104 9559
104 9560
104 9562
104 9563
104 9564
104 9565
104 9566
104 9567
104 9568
104 9569
104 9570
104 9571
104 9583
104 9584
104 9585
104 9586
104 9587
104 9588
104 9602
104 9603
104 9604
105 23
105 2253
105 2254
105 2555
105 2556
105 2844
105 2878
105 3481
105 3525
105 3537
105 3712
105 3721
105 3739
105 3833
105 3927
105 4055
105 4064
105 4130
105 4328
105 4449
105 4607
105 4713
105 4723
105 4899
105 4974
105 5142
105 5237
105 5583
105 5869
105 5872
105 6166
105 6169
105 6186
105 6187
105 6188
105 6576
105 6642
105 6664
105 6854
105 6947
105 6981
105 7008
105 7690
105 7908
105 8244
105 8581
105 8582
105 8583
105 8764
105 8784
106 25
106 184
106 2262
106 2398
106 3826
106 3981
106 4426
106 4679
106 5035
106 5589
106 5670
106 5678
106 5805
106 6254
106 6256
106 6257
106 7001
106 7123
106 7124
106 7175
106 7292
106 7927
106 7930
106 7976
106 8967
106 9005
106 9008
106 9009
106 9040
107 25
107 184
107 266
107 1149
107 2004
107 2410
107 3864
107 4015
107 6250
107 8704
107 8717
107 8900
107 9384
107 9826
107 9853
107 9873
107 9879
107 9880
107 9892
107 9893
107 9895
107 10074
107 10075
107 10083
107 10107
107 10108
107 10109
107 10166
107 10167
107 10267
107 10344
107 10345
107 10634
107 10635
107 11327
107 11552
107 11553
107 11554
107 11555
107 11556
107 11557
107 11558
107 11559
107 11560
107 11561
107 11562
107 11563
107 11564
107 11565
107 11566
107 11567
108 26
109 30
109 43
109 1710
109 2232
110 35
110 562
110 1065
110 1708
110 1714
110 2196
110 2430
110 2904
110 2917
110 3203
110 3205
110 3314
110 3372
110 3437
110 3482
110 3497
110 3765
110 3906
110 3996
110 4002
110 4017
110 4134
110 4651
110 4653
110 4654
110 4693
110 4724
110 4727
110 4728
110 4731
110 4756
110 4794
110 5051
110 5633
110 5780
110 5941
110 6731
110 6880
110 6882
110 6883
110 6886
110 6887
110 7011
110 7195
110 7845
110 8538
110 9266
110 9269
110 9274
110 9276
110 9277
110 9530
110 9531
110 9532
111 37
111 2400
111 3720
111 4016
111 4853
111 4863
111 4864
112 37
112 1674
112 2256
112 2311
112 2317
112 3187
112 3721
112 3848
112 3874
112 3948
112 4029
112 4043
112 4166
112 4219
112 4445
112 4485
112 5225
112 5229
112 5235
112 5282
112 5284
112 5285
112 5286
112 5287
112 5288
112 5289
112 5290
112 5333
112 6136
112 7199
112 7584
112 9104
112 10548
113 37
113 5657
114 37
115 37
115 6030
115 6861
115 6862
116 37
116 7651
117 37
118 37
119 37
119 1972
119 2233
119 2282
119 2310
119 4012
119 4016
119 4980
119 5009
119 5165
119 5232
119 6168
119 7175
119 10271
119 10696
119 10700
119 10701
119 10702
119 10703
119 10704
119 10707
119 11336
120 41
121 42
121 1710
121 2219
121 2249
121 2300
121 2308
121 2309
121 2329
121 2334
121 2337
121 2396
121 2412
121 2414
121 2446
121 2455
121 2459
121 2460
121 2461
121 2462
121 2465
121 2467
121 2470
121 2472
121 2474
121 2475
121 2480
121 2482
121 2483
121 2484
121 2485
121 2487
121 2488
121 2492
121 2493
121 2495
121 2496
121 2497
121 2498
121 2499
121 2500
121 2501
121 2505
121 2507
121 2509
121 2510
121 2514
121 2515
121 2517
121 2519
121 2520
121 2523
121 2525
121 2526
121 2527
121 2529
121 2532
121 2533
121 2538
121 2539
121 2543
121 2544
121 2659
121 2676
121 2678
121 2694
121 2706
121 2711
121 2725
121 2746
121 2816
121 2825
121 2829
121 2832
121 2833
121 2834
121 2837
121 2841
121 2853
121 2854
121 2855
121 2867
121 2868
121 2870
121 2872
121 2875
121 2883
121 2884
121 2910
121 2912
121 2921
121 2924
121 2967
121 2969
121 2974
121 3048
121 3054
121 3056
121 3057
121 3058
121 3060
121 3066
121 3185
121 3186
121 3197
121 3199
121 3200
121 3201
121 3202
121 3208
121 3211
121 3212
121 3225
121 3226
121 3227
121 3228
121 3277
121 3278
121 3300
121 3327
121 3339
121 3340
121 3341
121 3345
121 3348
121 3354
121 3373
121 3375
121 3376
121 3384
121 3386
121 3402
121 3403
121 3404
121 3405
121 3406
121 3415
121 3419
121 3421
121 3429
121 3433
121 3445
121 3469
121 3471
121 3472
121 3477
121 3478
121 3499
121 3516
121 3517
121 3522
121 3526
121 3529
121 3531
121 3541
121 3562
121 3568
121 3569
121 3572
121 3575
121 3588
121 3592
121 3594
121 3606
121 3608
121 3610
121 3614
121 3618
121 3621
121 3623
121 3625
121 3648
121 3650
121 3652
121 3658
121 3659
121 3661
121 3666
121 3668
121 3669
121 3673
121 3674
121 3697
121 3704
121 3705
121 3706
121 3713
121 3717
121 3722
121 3730
121 3732
121 3733
121 3741
121 3743
121 3744
121 3752
121 3759
121 3764
121 3767
121 3844
121 3850
121 3902
121 3904
121 3909
121 3910
121 3911
121 3914
121 3916
121 3917
121 3928
121 3934
121 3938
121 3940
121 3943
121 3944
121 3951
121 3953
121 3954
121 3959
121 3978
121 4005
121 4014
121 4018
121 4021
121 4034
121 4045
121 4075
121 4095
121 4120
121 4121
121 4123
121 4124
121 4140
121 4144
121 4147
121 4148
121 4163
121 4167
121 4168
121 4211
121 4212
121 4213
121 4220
121 4221
121 4222
121 4227
121 4228
121 4230
121 4237
121 4242
121 4251
121 4252
121 4255
121 4256
121 4268
121 4270
121 4271
121 4273
121 4275
121 4276
121 4277
121 4279
121 4281
121 4283
121 4294
121 4295
121 4297
121 4298
121 4299
121 4302
121 4304
121 4322
121 4346
121 4347
121 4361
121 4378
121 4389
121 4396
121 4398
121 4401
121 4405
121 4406
121 4411
121 4420
121 4441
121 4444
121 4448
121 4464
121 4470
121 4484
121 4485
121 4486
121 4499
121 4500
121 4503
121 4506
121 4513
121 4517
121 4526
121 4527
121 4545
121 4546
121 4569
121 4574
121 4587
121 4588
121 4590
121 4592
121 4593
121 4594
121 4595
121 4596
121 4604
121 4636
121 4638
121 4643
121 4683
121 4753
121 4755
121 4761
121 4763
121 4773
121 4786
121 4789
121 4790
121 4791
121 4795
121 4798
121 4809
121 4810
121 4820
121 4822
121 4824
121 4825
121 4835
121 4836
121 4839
121 4842
121 4849
121 4861
121 4896
121 4897
121 4907
121 4912
121 4927
121 4935
121 4943
121 4944
121 4945
121 4947
121 4958
121 4964
121 4967
121 4968
121 4969
121 4996
121 4999
121 5000
121 5006
121 5007
121 5008
121 5017
121 5023
121 5024
121 5025
121 5043
121 5045
121 5048
121 5054
121 5056
121 5063
121 5067
121 5071
121 5072
121 5074
121 5075
121 5076
121 5078
121 5080
121 5081
121 5082
121 5084
121 5086
121 5087
121 5091
121 5092
121 5093
121 5098
121 5104
121 5106
121 5110
121 5126
121 5128
121 5131
121 5138
121 5141
121 5155
121 5158
121 5161
121 5162
121 5169
121 5173
121 5174
121 5175
121 5177
121 5187
121 5188
121 5200
121 5204
121 5207
121 5208
121 5209
121 5210
121 5213
121 5214
121 5218
121 5222
121 5248
121 5249
121 5251
121 5252
121 5262
121 5276
121 5281
121 5291
121 5295
121 5305
121 5312
121 5331
121 5333
121 5334
121 5335
121 5365
121 5393
121 5396
121 5397
121 5398
121 5399
121 5400
121 5402
121 5404
121 5405
121 5406
121 5407
121 5411
121 5416
121 5421
121 5422
121 5423
121 5427
121 5428
121 5435
121 5438
121 5439
121 5440
121 5443
121 5444
121 5446
121 5447
121 5448
121 5449
121 5453
121 5454
121 5455
121 5469
121 5470
121 5475
121 5479
121 5483
121 5484
121 5486
121 5501
121 5505
121 5506
121 5515
121 5530
121 5540
121 5544
121 5548
121 5557
121 5564
121 5576
121 5581
121 5584
121 5586
121 5599
121 5600
121 5601
121 5608
121 5611
121 5612
121 5614
121 5616
121 5617
121 5621
121 5624
121 5626
121 5634
121 5635
121 5636
121 5645
121 5648
121 5650
121 5654
121 5655
121 5663
121 5664
121 5667
121 5672
121 5676
121 5679
121 5680
121 5691
121 5692
121 5709
121 5710
121 5714
121 5731
121 5738
121 5741
121 5756
121 5757
121 5759
121 5770
121 5771
121 5773
121 5775
121 5776
121 5778
121 5781
121 5795
121 5807
121 5808
121 5817
121 5822
121 5849
121 5852
121 5866
121 5880
121 5881
121 5885
121 5886
121 5898
121 5902
121 5905
121 5906
121 5930
121 5942
121 5949
121 5955
121 5959
121 5961
121 5963
121 5964
121 5966
121 6028
121 6043
121 6045
121 6046
121 6049
121 6058
121 6059
121 6060
121 6062
121 6063
121 6064
121 6065
121 6096
121 6097
121 6098
121 6099
121 6100
121 6101
121 6104
121 6108
121 6112
121 6116
121 6124
121 6137
121 6140
121 6151
121 6161
121 6162
121 6165
121 6178
121 6179
121 6180
121 6262
121 6263
121 6265
121 6271
121 6279
121 6298
121 6306
121 6336
121 6411
121 6431
121 6448
121 6954
121 7006
121 7250
121 7252
121 7328
121 7365
121 7366
121 7372
121 7374
121 7409
121 7424
121 7433
121 7475
121 7669
121 7677
121 7681
121 7682
121 7683
121 7966
121 7967
121 7984
121 7990
121 7991
121 8089
121 8247
121 8271
121 8318
121 8319
121 8324
121 8338
121 8344
121 8351
121 8396
121 8400
121 8402
121 8406
121 8420
121 8427
121 8596
121 8600
121 8666
121 8667
121 8684
121 8970
121 9014
121 9046
121 9053
121 9061
121 9076
121 9088
121 9811
121 9902
121 9903
121 9904
121 9905
121 9906
121 9907
121 9908
121 9909
121 9910
121 9911
121 9912
121 9913
121 9914
121 9915
121 9916
121 9917
121 9918
121 9919
121 9920
121 9921
121 9922
121 9923
121 9924
121 9925
121 9926
121 9927
121 9928
121 9929
121 9931
121 9932
121 9933
121 9934
121 9935
121 9936
121 9937
121 9938
121 9939
121 9940
121 9941
121 9942
121 9943
121 9944
121 9945
121 9946
121 9947
121 9948
121 9949
121 9950
121 9951
121 9952
121 9953
121 9954
121 9955
121 9956
121 9957
121 9958
121 9960
121 9961
121 9962
121 9963
121 9964
121 9965
121 9966
121 9967
121 9968
121 9969
121 9970
121 9971
121 9972
121 9973
121 9974
121 9975
121 9976
121 9977
121 9978
121 9979
121 9980
121 9981
121 9982
121 9983
121 9984
121 9985
121 9986
121 9987
121 9988
121 9989
121 9990
121 9991
121 9992
121 9993
121 9994
121 9995
121 9996
121 9997
121 9998
121 9999
121 10000
121 10001
121 10002
121 10003
121 10004
121 10005
121 10006
121 10007
121 10008
121 10009
121 10010
121 10011
121 10012
121 10013
121 10014
121 10015
121 10016
121 10017
121 10018
121 10019
121 10020
121 10021
121 10022
121 10023
121 10024
121 10025
121 10026
121 10027
121 10028
121 10029
121 10030
121 10031
121 10032
121 10033
121 10034
121 10035
121 10036
121 10037
121 10038
121 10040
121 10041
121 10042
121 10043
121 10044
121 10045
121 10046
121 10047
121 10048
121 10049
121 10050
121 10051
121 10052
121 10053
121 10054
121 10055
121 10056
121 10057
121 10058
121 10059
121 10060
121 10061
121 10062
121 10063
121 10064
121 10065
121 10066
121 10067
121 10068
122 43
122 2573
122 2826
123 43
123 2889
124 43
124 2235
124 2236
124 3603
125 43
125 2317
125 3687
125 3689
125 3690
125 3692
125 3693
125 3694
125 3695
125 3696
125 3698
125 3699
125 3700
125 3701
125 3702
126 43
127 43
127 65
127 136
127 138
127 142
127 143
127 144
127 145
127 254
127 555
127 890
127 1576
127 1638
127 1639
127 1640
127 1641
127 1642
127 1643
127 2198
127 2267
127 2268
127 2302
127 2565
127 2566
127 2567
127 2568
127 2569
127 2570
127 2571
127 2726
127 2855
127 2856
127 2857
127 2858
127 2859
127 2860
127 2862
127 2863
127 2864
127 2865
127 2909
127 3002
127 3003
127 3004
127 3005
127 3006
127 3007
127 3008
127 3009
127 3010
127 3011
127 3012
127 3013
127 3014
127 3015
127 3016
127 3017
127 3018
127 3019
127 3020
127 3021
127 3022
127 3023
127 3024
127 3025
127 3026
127 3027
127 3028
127 3029
127 3030
127 3031
127 3032
127 3033
127 3034
127 3035
127 3036
127 3037
127 3038
127 3039
127 3040
127 3041
127 3042
127 3043
127 3044
127 3045
127 3046
127 3047
127 3229
127 3233
127 3234
127 3235
127 3236
127 3237
127 3238
127 3239
127 3240
127 3241
127 3242
127 3243
127 3245
127 3251
127 3252
127 3253
127 3254
127 3255
127 3256
127 3257
127 3258
127 3259
127 3260
127 3261
127 3262
127 3263
127 3264
127 3265
127 3266
127 3267
127 3268
127 3269
127 3270
127 3271
127 3272
127 3273
127 3274
127 3275
127 3276
127 3279
127 3280
127 3281
127 3282
127 3283
127 3284
127 3285
127 3286
127 3287
127 3288
127 3289
127 3290
127 3291
127 3292
127 3293
127 3294
127 3295
127 3296
127 3450
127 3574
127 3864
127 4229
127 4411
127 4414
127 4415
127 4424
127 4425
127 4438
127 4439
127 4440
127 4461
127 4471
127 4472
127 4473
127 4474
127 4477
127 4478
127 4479
127 4489
127 4490
127 4491
127 4492
127 4493
127 4494
127 4495
127 4496
127 4497
127 4498
127 4508
127 4521
127 4522
127 4523
127 4547
127 4548
127 4549
127 4550
127 4551
127 4552
127 4553
127 4554
127 4555
127 4556
127 4557
127 4558
127 4559
127 4561
127 4562
127 4563
127 4564
127 4565
127 4566
127 4883
128 43
128 5137
128 5956
129 43
129 3061
129 5356
129 5644
130 43
130 3061
130 5442
131 43
131 3061
131 5352
131 5356
131 5359
131 5360
132 43
132 3061
132 5356
132 5358
132 5359
132 5361
133 43
133 5359
134 43
134 2216
134 2267
134 2847
134 2849
134 4079
134 5483
134 5638
134 5645
135 43
135 843
135 1618
135 2259
135 2267
135 2297
135 2360
135 2847
135 3061
135 5291
135 5293
135 5638
135 5666
135 5684
136 43
136 5646
136 5712
137 43
137 4041
137 5571
137 5638
138 43
138 2267
138 2847
138 4079
138 5227
138 5399
138 5406
138 5657
139 43
139 3061
139 5338
139 5638
140 43
140 2267
140 2268
140 3712
140 4015
140 4021
140 4079
140 4229
140 5227
140 5293
140 5395
140 5410
140 5414
140 5638
140 5643
141 46
141 4373
141 6753
142 46
142 2267
142 2268
142 2847
142 2849
142 3061
142 5279
142 5282
142 5291
142 5293
142 5296
142 5297
142 5395
142 5638
143 46
143 2268
143 4229
143 5660
143 7175
144 75
144 104
144 407
144 1820
144 1821
144 1822
144 1832
144 1941
144 2216
144 2218
144 2253
144 2277
144 2281
144 2303
144 2317
144 2413
144 2422
144 2445
144 2696
144 2847
144 3063
144 3372
144 3551
144 3725
144 3878
144 4015
144 4125
144 4130
144 4150
144 4419
144 4687
144 4690
144 4983
144 5051
144 5554
144 5660
144 5666
144 5869
144 5870
144 5871
144 5872
144 6158
144 6211
144 6361
144 6362
144 7073
144 7161
144 7162
144 7163
144 7164
144 7165
144 7166
144 7167
144 7168
144 7169
144 7170
144 7171
144 7173
144 7269
144 7270
144 7271
144 7278
144 7281
144 7355
144 7356
144 7357
144 7377
144 7387
144 7388
144 7389
144 7390
144 7391
144 7392
144 7393
144 7394
144 7395
144 7396
144 7397
144 7398
144 7399
144 7400
144 7401
144 7402
144 7403
144 7404
144 7405
144 7406
144 7407
144 7408
144 7409
144 7410
144 7411
144 7412
144 7413
144 7414
144 7415
144 7416
144 7417
144 7418
144 7419
144 7420
144 7421
144 7422
144 7423
144 7424
144 7425
144 7426
144 7427
144 7428
144 7429
144 7430
144 7431
144 7432
144 7433
144 7434
144 7435
144 7436
144 7437
144 7438
144 7439
144 7440
144 7441
144 7442
144 7443
144 7444
144 7445
144 7446
144 7447
144 7448
144 7449
144 7450
144 7451
144 7452
144 7453
144 7454
144 7455
144 7456
144 7457
144 7458
144 7459
144 7460
144 7476
144 7482
144 7483
144 7484
144 7485
144 7486
144 7487
144 7488
144 7489
144 7490
144 7491
144 7492
144 7493
144 7494
144 7495
144 7496
144 7497
144 7498
144 7499
144 7500
144 7501
144 7502
144 7503
144 7504
144 7505
144 7506
144 7507
144 7508
144 7509
144 7510
144 7511
144 7512
144 7513
144 7514
144 7515
144 7516
144 7517
144 7518
144 7519
144 7520
144 7521
144 7522
144 7523
144 7524
144 7525
144 7526
144 7527
144 7528
144 7529
144 7530
144 7531
144 7532
144 7533
144 7534
144 7535
144 7536
144 7537
144 7538
144 7539
144 7540
144 7541
144 7542
144 7543
144 7544
144 7545
144 7797
144 9898
145 79
145 2413
145 3339
145 3340
146 79
146 2267
146 3725
146 3739
146 3955
146 3956
146 3957
147 108
147 150
147 151
147 152
147 154
147 155
147 160
147 161
147 164
147 165
147 167
147 170
147 171
147 172
147 177
147 180
147 202
147 203
147 205
147 206
147 210
147 211
147 212
147 215
147 218
147 219
147 220
147 221
147 223
147 224
147 225
147 226
147 228
147 230
147 231
147 232
147 235
147 236
147 237
147 239
147 241
147 243
147 244
147 246
147 248
147 250
147 251
147 254
147 255
147 256
147 257
147 258
147 259
147 261
147 262
147 263
147 266
147 268
147 269
147 271
147 274
147 276
147 277
147 278
147 281
147 284
147 287
147 289
147 291
147 292
147 293
147 296
147 302
147 305
147 306
147 307
147 308
147 310
147 312
147 313
147 314
147 316
147 318
147 319
147 320
147 321
147 322
147 326
147 327
147 328
147 329
147 330
147 333
147 334
147 339
147 340
147 342
147 344
147 345
147 346
147 351
147 352
147 354
147 356
147 358
147 359
147 364
147 365
147 367
147 371
147 376
147 378
147 379
147 380
147 382
147 384
147 385
147 387
147 389
147 392
147 394
147 395
147 397
147 400
147 402
147 403
147 405
147 406
147 407
147 408
147 409
147 412
147 413
147 414
147 421
147 423
147 424
147 427
147 431
147 432
147 435
147 437
147 438
147 439
147 440
147 441
147 443
147 444
147 446
147 447
147 448
147 451
147 452
147 453
147 454
147 457
147 463
147 467
147 469
147 470
147 473
147 474
147 475
147 476
147 477
147 480
147 483
147 484
147 485
147 487
147 488
147 490
147 492
147 495
147 499
147 500
147 501
147 502
147 503
147 504
147 505
147 506
147 507
147 508
147 509
147 510
147 512
147 514
147 516
147 517
147 518
147 521
147 522
147 523
147 524
147 526
147 527
147 529
147 530
147 532
147 533
147 534
147 536
147 537
147 541
147 542
147 544
147 545
147 546
147 548
147 549
147 550
147 551
147 554
147 555
147 557
147 558
147 559
147 562
147 565
147 566
147 569
147 573
147 577
147 578
147 580
147 583
147 585
147 586
147 587
147 588
147 589
147 590
147 591
147 592
147 593
147 594
147 595
147 596
147 597
147 598
147 599
147 600
147 601
147 602
147 603
147 604
147 605
147 606
147 607
147 608
147 609
147 610
147 622
147 623
147 624
147 625
147 626
147 638
147 639
147 640
147 645
147 646
147 647
147 665
147 666
147 667
147 674
147 675
147 676
147 681
147 682
147 683
147 684
147 685
147 686
147 687
147 688
147 695
147 696
147 697
147 705
147 716
147 719
147 720
147 721
147 722
147 723
147 724
147 725
147 726
147 734
147 735
147 751
147 757
147 758
147 759
147 773
147 782
147 787
147 795
147 796
147 797
147 798
147 813
147 819
147 822
147 823
147 824
147 825
147 826
147 827
147 828
147 829
147 830
147 831
147 832
147 833
147 834
147 843
147 844
147 845
147 846
147 853
147 854
147 859
147 872
147 873
147 874
147 883
147 884
147 885
147 886
147 887
147 890
147 891
147 892
147 896
147 897
147 899
147 900
147 901
147 902
147 905
147 906
147 907
147 909
147 911
147 912
147 913
147 916
147 918
147 919
147 920
147 921
147 923
147 925
147 928
147 929
147 931
147 932
147 934
147 935
147 936
147 937
147 944
147 945
147 946
147 947
147 948
147 950
147 955
147 956
147 957
147 959
147 960
147 967
147 971
147 972
147 974
147 976
147 979
147 980
147 981
147 984
147 985
147 986
147 987
147 988
147 990
147 992
147 993
147 994
147 995
147 996
147 998
147 999
147 1004
147 1006
147 1008
147 1009
147 1010
147 1011
147 1013
147 1014
147 1015
147 1019
147 1020
147 1023
147 1025
147 1029
147 1031
147 1033
147 1034
147 1035
147 1038
147 1039
147 1040
147 1042
147 1044
147 1045
147 1046
147 1047
147 1049
147 1050
147 1055
147 1056
147 1058
147 1059
147 1064
147 1065
147 1066
147 1067
147 1068
147 1070
147 1071
147 1072
147 1074
147 1079
147 1081
147 1083
147 1084
147 1086
147 1087
147 1090
147 1095
147 1097
147 1100
147 1101
147 1103
147 1104
147 1105
147 1107
147 1112
147 1114
147 1115
147 1119
147 1121
147 1122
147 1123
147 1124
147 1126
147 1129
147 1130
147 1131
147 1133
147 1134
147 1135
147 1137
147 1139
147 1142
147 1144
147 1148
147 1149
147 1151
147 1153
147 1155
147 1156
147 1158
147 1159
147 1160
147 1161
147 1162
147 1163
147 1164
147 1166
147 1168
147 1172
147 1179
147 1180
147 1181
147 1182
147 1185
147 1186
147 1188
147 1190
147 1193
147 1194
147 1198
147 1199
147 1200
147 1201
147 1202
147 1206
147 1208
147 1209
147 1210
147 1212
147 1217
147 1219
147 1221
147 1223
147 1224
147 1225
147 1226
147 1227
147 1229
147 1230
147 1231
147 1233
147 1234
147 1235
147 1236
147 1237
147 1238
147 1240
147 1242
147 1244
147 1245
147 1246
147 1254
147 1255
147 1257
147 1258
147 1262
147 1265
147 1267
147 1268
147 1269
147 1271
147 1272
147 1273
147 1274
147 1279
147 1282
147 1284
147 1286
147 1287
147 1291
147 1292
147 1293
147 1294
147 1295
147 1296
147 1298
147 1300
147 1305
147 1306
147 1308
147 1309
147 1310
147 1312
147 1313
147 1314
147 1315
147 1317
147 1319
147 1320
147 1321
147 1324
147 1325
147 1333
147 1335
147 1336
147 1339
147 1341
147 1343
147 1345
147 1346
147 1347
147 1348
147 1349
147 1351
147 1352
147 1353
147 1356
147 1357
147 1358
147 1359
147 1360
147 1361
147 1364
147 1366
147 1367
147 1368
147 1369
147 1370
147 1374
147 1376
147 1379
147 1380
147 1385
147 1387
147 1388
147 1389
147 1391
147 1393
147 1406
147 1407
147 1408
147 1409
147 1410
147 1412
147 1414
147 1419
147 1422
147 1427
147 1428
147 1429
147 1430
147 1433
147 1434
147 1436
147 1437
147 1438
147 1439
147 1442
147 1443
147 1444
147 1445
147 1446
147 1449
147 1454
147 1459
147 1460
147 1462
147 1465
147 1466
147 1469
147 1470
147 1472
147 1474
147 1475
147 1476
147 1477
147 1479
147 1481
147 1482
147 1484
147 1491
147 1497
147 1500
147 1502
147 1506
147 1507
147 1508
147 1509
147 1511
147 1513
147 1514
147 1515
147 1516
147 1517
147 1518
147 1525
147 1526
147 1533
147 1537
147 1538
147 1540
147 1541
147 1543
147 1546
147 1549
147 1552
147 1555
147 1556
147 1559
147 1560
147 1562
147 1563
147 1564
147 1566
147 1568
147 1569
147 1571
147 1572
147 1573
147 1574
147 1576
147 1577
147 1578
147 1582
147 1585
147 1586
147 1588
147 1589
147 1599
147 1601
147 1602
147 1605
147 1607
147 1610
147 1611
147 1612
147 1613
147 1614
147 1616
147 1618
147 1619
147 1621
147 1622
147 1623
147 1624
147 1625
147 1626
147 1627
147 1628
147 1629
147 1631
147 1632
147 1686
147 1687
147 1690
147 1693
147 1695
147 1696
147 1697
147 1698
147 1703
147 1711
147 1712
147 1713
147 1714
147 1717
147 1718
147 1723
147 1725
147 1729
147 1731
147 1733
147 1736
147 1737
147 1740
147 1742
147 1744
147 1745
147 1751
147 1753
147 1755
147 1756
147 1760
147 1762
147 1763
147 1764
147 1765
147 1766
147 1767
147 1771
147 1772
147 1777
147 1778
147 1785
147 1786
147 1787
147 1788
147 1789
147 1791
147 1792
147 1793
147 1794
147 1797
147 1798
147 1817
147 1874
147 1887
147 1888
147 1890
147 1893
147 1895
147 1898
147 1899
147 1902
147 1903
147 1904
147 1908
147 1913
147 1933
147 1934
147 1935
147 1936
147 1938
147 1940
147 1942
147 1945
147 1947
147 1948
147 1950
147 1951
147 1955
147 1958
147 1959
147 1960
147 1966
147 1967
147 1968
147 1970
147 1974
147 1979
147 1981
147 1982
147 1983
147 1984
147 1988
147 1990
147 1992
147 1993
147 1994
147 1997
147 1998
147 2000
147 2001
147 2002
147 2003
147 2004
147 2005
147 2008
147 2012
147 2013
147 2014
147 2016
147 2017
147 2019
147 2021
147 2022
147 2023
147 2025
147 2028
147 2029
147 2030
147 2032
147 2033
147 2035
147 2036
147 2037
147 2039
147 2041
147 2042
147 2050
147 2051
147 2052
147 2053
147 2056
147 2060
147 2063
147 2066
147 2067
147 2068
147 2069
147 2071
147 2078
147 2079
147 2080
147 2082
147 2083
147 2084
147 2087
147 2089
147 2095
147 2099
147 2100
147 2101
147 2104
147 2107
147 2108
147 2109
147 2111
147 2113
147 2116
147 2118
147 2119
147 2120
147 2125
147 2126
147 2132
147 2133
147 2134
147 2135
147 2136
147 2137
147 2138
147 2140
147 2142
147 2143
147 2144
147 2146
147 2147
147 2149
147 2152
147 2153
147 2154
147 2155
147 2382
147 2437
147 2438
147 2439
147 2440
147 2441
147 2442
147 2443
147 2444
147 2575
147 2577
147 2579
147 2580
147 2581
147 2585
147 2591
147 2593
147 2596
147 2601
147 2602
147 2606
147 2610
147 2611
147 2614
147 2620
147 2622
147 2623
147 2625
147 2629
147 2631
147 2632
147 2634
147 2637
147 2639
147 2641
147 2650
147 2747
147 2748
147 2749
147 2751
147 2752
147 2753
147 2754
147 2777
147 2802
147 2822
147 3072
147 3081
147 3087
147 3090
147 3092
147 3099
147 3101
147 3107
147 3129
147 3142
147 3148
147 3362
147 3664
147 3665
147 4808
147 4841
147 5206
147 5266
147 5267
147 5268
147 5269
147 5270
147 5526
147 5598
147 5666
147 6182
147 6183
147 6608
147 6613
147 6614
147 6615
147 6616
147 6617
147 6625
147 6635
147 6636
147 6637
147 6638
147 6639
147 6640
147 6641
147 6666
147 6667
147 6668
147 6669
147 6670
147 6671
147 6691
147 6765
147 7245
147 7288
147 7354
147 7604
147 8090
147 8092
147 8093
147 8094
147 8095
147 8096
147 8097
147 8098
147 8099
147 8680
147 8689
147 8700
147 8702
147 8726
147 8744
147 8773
147 8775
147 8779
147 8782
147 8789
147 8791
147 8793
147 8805
147 8806
147 8837
147 8865
147 8897
147 8899
147 9024
147 9117
147 9121
147 9123
147 9696
147 9697
147 9698
147 9760
147 9773
147 9794
147 10253
147 10256
147 10273
147 10274
147 10275
147 10276
147 10320
147 11568
147 11569
147 11570
147 11571
147 11572
147 11573
147 11574
147 11575
147 11576
147 11577
147 11578
147 11579
147 11580
147 11581
147 11582
147 11583
147 11584
147 11585
147 11587
147 11588
147 11589
147 11590
147 11591
147 11592
147 11593
147 11594
147 11595
147 11596
147 11597
147 11598
147 11599
147 11600
147 11601
147 11602
147 11603
147 11604
147 11605
147 11606
147 11607
147 11608
147 11609
147 11610
147 11611
147 11612
147 11613
147 11614
147 11615
147 11616
147 11617
147 11618
147 11619
147 11620
147 11621
147 11622
147 11623
147 11624
147 11625
147 11626
147 11627
147 11628
147 11629
147 11630
147 11631
147 11632
147 11633
147 11634
147 11635
147 11636
147 11637
147 11638
147 11639
147 11640
147 11641
147 11642
147 11643
147 11644
147 11645
147 11646
147 11647
147 11648
147 11649
147 11650
147 11651
147 11652
147 11653
147 11654
147 11655
147 11656
147 11657
147 11658
147 11659
147 11660
147 11661
147 11662
147 11663
147 11664
147 11665
147 11666
147 11667
147 11668
147 11669
147 11670
147 11671
147 11672
147 11673
147 11674
147 11675
147 11676
147 11677
147 11678
147 11679
147 11680
147 11681
147 11682
147 11683
147 11684
147 11685
147 11686
147 11687
147 11688
147 11689
147 11690
147 11691
147 11692
147 11693
147 11694
147 11695
147 11696
147 11697
147 11698
148 109
148 1667
148 2732
148 3566
148 4838
149 110
149 2737
149 3662
149 3663
150 111
150 3365
150 7358
150 7360
151 112
151 4377
151 7175
151 7844
151 7845
151 7846
152 113
153 113
153 8701
153 11307
153 11308
153 11309
153 11310
153 11311
153 11312
153 11313
153 11314
153 11315
153 11316
153 11317
154 115
154 2253
154 3597
154 4668
154 6837
154 7281
154 7292
154 9016
155 147
156 151
156 994
156 1731
156 4735
156 5353
156 5442
156 5638
157 152
157 997
157 1839
157 3707
157 3710
157 4603
157 5206
157 6330
157 6343
158 173
158 2377
159 182
160 185
160 5592
160 5712
161 226
161 988
161 1543
161 1732
161 1738
161 2552
161 8715
161 9255
161 9594
161 9792
161 9793
161 9794
161 9803
161 9882
161 9885
161 9886
161 9888
161 10203
161 10204
161 10271
161 10274
161 10275
161 10276
161 10324
162 237
162 1844
162 2177
162 2254
162 2267
162 3725
162 4229
162 5304
162 5381
162 5457
162 5461
162 5522
162 5638
163 273
163 5442
164 277
164 2863
164 4015
164 4898
164 9178
164 9222
165 298
165 3014
165 5606
165 6756
166 407
166 2400
166 3628
166 3629
166 3630
166 3631
166 3632
166 3633
166 3634
166 3635
166 3636
166 3637
166 3638
166 3639
166 3640
166 3641
166 3642
166 3643
166 3644
166 3645
166 3646
166 3647
166 3653
166 3657
166 4792
166 5267
166 5268
166 5269
166 5270
166 5911
166 8450
166 8451
166 8613
166 8614
166 8616
166 8617
166 8620
166 8621
166 8622
166 8623
166 8626
166 8627
166 8628
166 8632
166 8633
166 8634
166 8635
166 8636
166 8637
166 9138
166 9139
166 9143
166 9144
166 9157
167 472
168 529
168 2742
168 2743
168 2744
168 2745
169 556
169 968
169 983
169 5593
169 5594
169 5595
169 5596
169 9609
169 9610
169 9611
169 9612
169 9613
170 556
170 1839
170 2303
170 2319
170 4229
170 4331
170 4859
170 5194
170 5517
170 6294
170 6295
170 6296
170 6297
170 6298
170 6299
170 6301
170 6302
170 6303
170 6304
170 6305
170 6306
170 6308
170 6309
170 6310
170 6311
170 6312
170 6313
170 6314
170 6315
170 6316
170 6317
170 6321
170 6322
170 6323
170 6324
170 6325
170 6326
170 6327
170 6331
170 6335
170 6336
170 6710
170 6711
170 6712
170 6747
171 719
171 799
171 4684
171 7361
171 9224
171 9842
171 9847
171 9848
171 9849
171 9850
171 9851
171 9852
171 9857
172 756
173 794
174 812
175 859
175 7554
176 912
176 1255
177 927
177 2268
177 2887
178 1016
178 1473
178 1577
178 2633
178 5536
178 5537
178 6388
178 6389
178 6390
178 6391
178 6392
178 6393
178 6394
178 6395
178 6396
178 6397
178 6398
178 6399
178 6400
178 6401
178 6402
178 6403
179 1179
179 1245
179 3493
179 3494
180 1236
180 2282
180 2379
180 2863
180 2864
180 2984
180 3043
180 3450
180 3725
180 4019
180 4684
180 5524
180 7582
180 7592
180 7611
180 7614
180 7695
180 7998
180 8000
180 8762
180 8767
180 8816
180 8839
180 10222
180 10223
180 10224
180 10225
180 10226
180 10227
180 10228
180 10229
180 10230
180 10231
180 10232
180 10233
180 11336
181 1338
182 1365
183 1406
184 1413
185 1456
186 1456
187 1523
188 1638
188 1639
188 1640
188 1641
188 1642
188 1643
188 1706
188 2306
188 2409
188 2860
188 2862
188 2863
188 3037
188 3038
188 3039
188 3040
188 3041
188 3043
188 3045
188 3450
188 3527
188 3852
188 4000
188 4001
188 4015
188 4036
188 4577
188 4584
188 4860
188 4870
188 4871
188 4872
188 4875
188 4876
188 4877
188 4878
188 4883
188 4884
188 4885
188 4886
188 4887
188 4888
188 4889
188 4919
188 4920
188 5216
188 5587
188 5660
188 6030
188 6073
188 6159
188 6184
188 6242
188 6322
188 6338
188 6339
188 6344
188 6347
188 6348
188 6349
188 6350
188 6352
188 6355
188 6356
188 6358
188 6359
188 6360
188 6363
188 6365
188 6369
188 6370
188 6372
188 6373
188 6375
188 6382
188 6385
188 6386
188 6404
188 6405
188 6407
188 6415
188 6416
188 6417
188 6418
188 6423
188 6424
188 6425
188 6426
188 6427
188 6428
188 6429
188 6430
188 6431
188 6433
188 6434
188 6435
188 6436
188 6437
188 6438
188 6441
188 6443
188 6444
188 6445
188 6446
188 6447
188 6451
188 6454
188 6455
188 6460
188 6520
188 6521
188 6522
188 6602
188 6603
188 6604
188 6605
188 6606
188 6607
188 6620
188 6624
188 6626
188 6627
188 6628
188 6629
188 6630
188 6649
188 6651
188 6652
188 6653
188 6654
188 6655
188 6656
188 6657
188 6658
188 6659
188 6663
188 6664
188 6677
188 6715
189 1664
189 8892
189 9067
190 1667
191 1670
191 2216
191 2224
191 2233
191 2277
191 3867
191 3879
191 5877
191 6260
191 6267
192 1670
192 2258
192 2261
192 2560
192 3436
192 3854
192 4733
192 5882
192 5944
192 6201
192 6202
192 6203
192 6205
192 6216
192 6859
192 6860
192 6896
192 6981
192 7573
193 1670
193 3832
193 3854
193 3879
193 4019
193 4022
193 4023
193 4024
193 4025
193 4027
193 4028
193 5031
193 6285
193 7118
193 7119
193 7120
193 7175
194 1670
194 2208
194 2258
194 2560
194 3721
194 3854
194 4733
194 5882
194 6896
194 6914
194 7128
195 1670
196 1674
197 1674
197 8306
198 1674
199 1676
199 2281
199 4015
199 4138
199 6764
199 6980
199 6981
199 6982
199 6983
199 6984
200 1677
201 1677
201 2379
201 4070
201 4071
201 4970
201 4971
202 1677
203 1683
203 2348
203 5039
203 6923
203 7175
203 7210
203 9005
203 9161
203 9525
203 11300
203 11301
203 11302
203 11303
203 11304
203 11442
203 11443
204 1705
204 1707
204 3039
204 3257
204 3287
204 3852
204 4860
204 4883
204 6030
204 6071
204 6073
204 6337
204 6338
204 6339
204 6340
204 6346
204 6347
204 6350
204 6351
204 6352
204 6353
204 6354
204 6355
204 6356
204 6357
204 6358
204 6359
204 6360
204 6364
204 6367
204 6368
204 6369
204 6370
204 6371
204 6372
204 6373
204 6374
204 6375
204 6376
204 6456
204 6457
204 6458
204 6459
204 6461
204 6462
204 6463
204 6464
204 6465
204 6466
204 6467
204 6468
204 6469
204 6470
204 6471
204 6472
204 6473
204 6474
204 6475
204 6476
204 6477
204 6478
204 6479
204 6480
204 6481
204 6482
204 6483
204 6484
204 6485
204 6486
204 6487
204 6488
204 6489
204 6490
204 6491
205 1710
205 2249
205 2268
205 2279
205 2308
205 2309
205 2329
205 2334
205 2335
205 2337
205 2396
205 2412
205 2414
205 2446
205 2455
205 2459
205 2460
205 2461
205 2462
205 2465
205 2467
205 2470
205 2472
205 2474
205 2475
205 2480
205 2482
205 2483
205 2484
205 2485
205 2487
205 2488
205 2492
205 2493
205 2495
205 2496
205 2497
205 2498
205 2499
205 2500
205 2501
205 2504
205 2505
205 2507
205 2509
205 2510
205 2514
205 2515
205 2517
205 2519
205 2520
205 2523
205 2525
205 2526
205 2527
205 2529
205 2532
205 2533
205 2538
205 2539
205 2543
205 2544
205 2659
205 2676
205 2694
205 2706
205 2725
205 2746
205 2816
205 2825
205 2829
205 2832
205 2833
205 2837
205 2841
205 2853
205 2854
205 2855
205 2867
205 2868
205 2872
205 2875
205 2884
205 2910
205 2912
205 2921
205 2924
205 2967
205 2969
205 2974
205 3048
205 3054
205 3056
205 3057
205 3058
205 3066
205 3173
205 3185
205 3186
205 3197
205 3199
205 3200
205 3202
205 3208
205 3211
205 3212
205 3225
205 3226
205 3227
205 3228
205 3277
205 3278
205 3300
205 3327
205 3341
205 3345
205 3348
205 3354
205 3371
205 3373
205 3376
205 3384
205 3386
205 3402
205 3404
205 3405
205 3406
205 3415
205 3419
205 3421
205 3429
205 3433
205 3445
205 3469
205 3471
205 3472
205 3477
205 3478
205 3499
205 3516
205 3517
205 3522
205 3526
205 3529
205 3531
205 3541
205 3562
205 3568
205 3569
205 3572
205 3575
205 3588
205 3592
205 3594
205 3606
205 3608
205 3610
205 3614
205 3618
205 3621
205 3623
205 3625
205 3648
205 3650
205 3652
205 3658
205 3659
205 3661
205 3666
205 3668
205 3669
205 3673
205 3674
205 3697
205 3704
205 3705
205 3706
205 3713
205 3717
205 3722
205 3729
205 3730
205 3732
205 3733
205 3741
205 3743
205 3744
205 3752
205 3759
205 3764
205 3767
205 3844
205 3850
205 3902
205 3904
205 3909
205 3910
205 3911
205 3914
205 3916
205 3917
205 3928
205 3934
205 3938
205 3940
205 3943
205 3944
205 3951
205 3953
205 3954
205 3959
205 3978
205 4005
205 4014
205 4018
205 4021
205 4045
205 4075
205 4095
205 4120
205 4121
205 4123
205 4124
205 4140
205 4144
205 4147
205 4148
205 4163
205 4167
205 4168
205 4211
205 4212
205 4213
205 4220
205 4221
205 4222
205 4227
205 4228
205 4230
205 4242
205 4252
205 4255
205 4256
205 4268
205 4270
205 4271
205 4273
205 4276
205 4277
205 4279
205 4281
205 4283
205 4294
205 4295
205 4297
205 4298
205 4299
205 4302
205 4304
205 4322
205 4346
205 4347
205 4361
205 4378
205 4389
205 4396
205 4398
205 4401
205 4405
205 4406
205 4420
205 4441
205 4444
205 4464
205 4470
205 4484
205 4486
205 4499
205 4500
205 4503
205 4506
205 4513
205 4517
205 4526
205 4527
205 4545
205 4546
205 4569
205 4574
205 4587
205 4588
205 4590
205 4592
205 4593
205 4595
205 4596
205 4604
205 4636
205 4638
205 4643
205 4683
205 4753
205 4755
205 4761
205 4763
205 4773
205 4786
205 4789
205 4790
205 4791
205 4795
205 4798
205 4809
205 4810
205 4820
205 4824
205 4825
205 4835
205 4836
205 4839
205 4842
205 4849
205 4861
205 4896
205 4897
205 4907
205 4912
205 4927
205 4935
205 4943
205 4944
205 4945
205 4947
205 4958
205 4964
205 4967
205 4968
205 4969
205 4996
205 4999
205 5000
205 5006
205 5008
205 5017
205 5023
205 5024
205 5025
205 5043
205 5045
205 5048
205 5054
205 5056
205 5063
205 5067
205 5071
205 5072
205 5074
205 5075
205 5076
205 5078
205 5080
205 5081
205 5082
205 5084
205 5086
205 5087
205 5091
205 5092
205 5093
205 5098
205 5104
205 5106
205 5110
205 5126
205 5128
205 5131
205 5138
205 5141
205 5155
205 5158
205 5161
205 5162
205 5169
205 5173
205 5174
205 5175
205 5177
205 5187
205 5188
205 5200
205 5204
205 5207
205 5208
205 5209
205 5210
205 5213
205 5214
205 5218
205 5222
205 5244
205 5248
205 5249
205 5251
205 5252
205 5262
205 5276
205 5291
205 5295
205 5305
205 5312
205 5331
205 5334
205 5335
205 5365
205 5396
205 5397
205 5399
205 5400
205 5416
205 5421
205 5422
205 5423
205 5435
205 5438
205 5443
205 5444
205 5447
205 5449
205 5453
205 5454
205 5469
205 5470
205 5475
205 5479
205 5484
205 5486
205 5501
205 5505
205 5506
205 5515
205 5530
205 5540
205 5544
205 5548
205 5557
205 5564
205 5576
205 5581
205 5584
205 5586
205 5599
205 5600
205 5601
205 5608
205 5611
205 5612
205 5614
205 5616
205 5617
205 5621
205 5624
205 5626
205 5634
205 5635
205 5636
205 5648
205 5650
205 5654
205 5655
205 5667
205 5672
205 5676
205 5679
205 5680
205 5691
205 5692
205 5709
205 5710
205 5714
205 5738
205 5741
205 5756
205 5757
205 5759
205 5770
205 5771
205 5773
205 5775
205 5776
205 5778
205 5781
205 5795
205 5807
205 5808
205 5817
205 5849
205 5852
205 5866
205 5880
205 5885
205 5886
205 5898
205 5902
205 5905
205 5906
205 5930
205 5942
205 5949
205 5955
205 5959
205 5961
205 5963
205 5964
205 5966
205 6028
205 6043
205 6045
205 6046
205 6049
205 6058
205 6059
205 6060
205 6062
205 6063
205 6064
205 6065
205 6096
205 6097
205 6098
205 6099
205 6100
205 6101
205 6104
205 6108
205 6112
205 6116
205 6124
205 6140
205 6151
205 6161
205 6162
205 6165
205 6178
205 6179
205 6263
205 6265
205 6271
205 6279
205 6298
205 6306
205 6336
205 6411
205 6431
205 6448
205 6749
205 7175
205 7250
205 7252
205 7268
205 7328
205 7365
205 7366
205 7372
205 7374
205 7409
205 7424
205 7433
205 7435
205 7475
205 7669
205 7677
205 7681
205 7682
205 7683
205 7966
205 7967
205 7984
205 7990
205 7991
205 8089
205 8247
205 8271
205 8318
205 8319
205 8324
205 8338
205 8344
205 8351
205 8396
205 8400
205 8402
205 8406
205 8420
205 8427
205 8596
205 8600
205 8665
205 8666
205 8667
205 8684
205 8970
205 9014
205 9046
205 9053
205 9061
205 9076
205 9088
205 9548
205 9600
205 9811
205 9882
205 9902
205 9903
205 9904
205 9905
205 9906
205 9907
205 9908
205 9909
205 9910
205 9911
205 9912
205 9913
205 9914
205 9915
205 9916
205 9917
205 9918
205 9919
205 9920
205 9921
205 9922
205 9923
205 9924
205 9925
205 9926
205 9927
205 9928
205 9929
205 9930
205 9931
205 9932
205 9933
205 9934
205 9935
205 9936
205 9937
205 9938
205 9939
205 9940
205 9941
205 9942
205 9943
205 9944
205 9945
205 9946
205 9947
205 9948
205 9949
205 9950
205 9951
205 9952
205 9953
205 9954
205 9955
205 9956
205 9957
205 9958
205 9959
205 9960
205 9961
205 9962
205 9963
205 9964
205 9965
205 9966
205 9967
205 9968
205 9969
205 9970
205 9971
205 9972
205 9973
205 9974
205 9975
205 9976
205 9977
205 9978
205 9979
205 9980
205 9981
205 9982
205 9983
205 9984
205 9985
205 9986
205 9987
205 9988
205 9989
205 9990
205 9991
205 9992
205 9993
205 9994
205 9995
205 9996
205 9997
205 9998
205 9999
205 10000
205 10001
205 10002
205 10003
205 10004
205 10005
205 10006
205 10007
205 10008
205 10009
205 10010
205 10011
205 10012
205 10013
205 10014
205 10015
205 10016
205 10017
205 10018
205 10019
205 10020
205 10021
205 10022
205 10023
205 10024
205 10025
205 10026
205 10027
205 10028
205 10029
205 10030
205 10031
205 10032
205 10033
205 10034
205 10035
205 10036
205 10037
205 10038
205 10039
205 10040
205 10041
205 10042
205 10043
205 10044
205 10045
205 10046
205 10047
205 10048
205 10049
205 10050
205 10051
205 10052
205 10053
205 10054
205 10055
205 10056
205 10057
205 10058
205 10059
205 10060
205 10061
205 10062
205 10063
205 10064
205 10065
205 10066
205 10067
205 10068
205 10070
206 1712
206 1934
206 2113
206 6030
206 6180
206 6181
206 6182
206 6183
207 1727
208 1731
208 4122
209 1799
210 1802
211 1809
211 7175
211 8988
211 8989
211 8990
211 8991
212 1813
212 2207
212 2228
212 2229
212 2358
212 2423
212 2555
212 2556
212 2712
212 2713
212 2714
212 2715
212 2716
212 2717
212 2718
212 2719
212 2720
212 3188
212 3190
212 3191
212 3204
212 3362
212 3443
212 3537
212 3554
212 3620
212 3760
212 3761
212 3762
212 4129
212 4598
212 4682
212 5055
212 5170
212 5171
212 5193
212 5539
212 5562
212 5566
212 5610
212 6166
212 6167
212 6169
212 6170
212 6186
212 6187
212 6188
212 6189
212 6190
212 6217
212 6244
212 6245
212 6248
212 6251
212 6275
212 6319
212 6732
212 6934
212 6946
212 6965
212 7007
212 7008
212 7076
212 7085
212 7116
212 7117
212 7126
212 7265
212 7695
212 7721
212 7722
212 7723
212 7724
212 7725
212 7727
212 7728
212 7729
212 7730
212 7731
212 7732
212 7733
212 7734
212 7735
212 7736
212 7737
212 7738
212 7743
212 7744
212 7745
212 7746
213 1813
214 1814
215 1820
215 2216
215 2317
215 7267
216 1822
217 1824
218 1825
219 1834
219 7163
219 9858
219 9859
220 1862
221 1876
222 1917
222 1918
222 1919
222 1920
222 1921
222 1922
222 1923
222 1924
222 1925
222 1926
222 1927
222 1928
222 1929
222 1930
222 1931
222 1932
222 2903
222 3391
222 3392
222 11352
222 11353
223 1929
224 1994
225 2194
225 3554
226 2196
227 2200
227 2201
228 2208
228 2261
228 3854
228 4175
228 5793
228 7393
228 7469
228 8638
228 8639
229 2209
229 2281
229 5051
229 5660
229 6379
229 6382
229 7131
230 2210
231 2215
231 4386
232 2215
232 2267
232 3656
232 4130
232 4229
232 5253
232 5254
232 5255
232 5257
232 5258
232 5503
232 5653
232 5660
232 5753
232 5761
232 6419
232 6749
232 8254
232 8255
233 2216
234 2216
235 2216
236 2216
237 2216
238 2216
238 2267
238 3061
238 5287
238 5293
238 5296
238 5299
239 2216
239 2267
239 4079
239 5393
239 5402
240 2216
241 2216
242 2216
242 6135
242 6136
243 2216
244 2216
245 2216
246 2216
247 2216
248 2216
248 7338
249 2216
250 2216
251 2216
252 2216
253 2216
254 2216
254 9164
254 9165
255 2216
256 2216
257 2216
258 2216
258 2435
258 3906
258 3996
258 4017
258 4608
258 4690
258 5230
258 5941
258 7197
258 7839
258 7973
258 9269
258 9604
258 9609
258 9617
258 9618
258 9619
258 9620
258 9621
258 9622
259 2216
259 5677
259 5678
259 5719
259 5720
259 5721
259 5722
259 5810
259 5811
259 8385
259 8388
259 10117
259 10118
259 10223
260 2218
261 2218
262 2218
263 2220
264 2221
265 2222
265 2223
265 2452
266 2224
266 3874
266 6452
266 6453
267 2226
268 2227
269 2228
269 2229
269 2230
270 2228
271 2230
271 2712
271 2714
271 2715
271 2716
271 2717
271 2718
271 2719
271 2720
271 3414
271 3537
271 3745
271 3761
271 3762
271 4216
271 4682
271 5558
271 5660
271 6069
271 6695
271 7219
271 7695
271 7721
271 7722
271 7723
271 7724
271 7735
271 7736
271 7737
271 7739
271 7740
271 7741
271 7742
272 2233
272 2399
272 2846
272 3922
272 4016
272 5867
272 5883
273 2234
273 2970
274 2237
274 2314
274 2315
274 2318
274 2399
274 3863
274 4001
274 4002
274 4073
274 4868
274 4898
274 5221
274 5225
274 5227
274 5336
274 5567
274 5568
274 5632
274 6790
274 6874
274 6946
274 7178
274 7281
274 7557
274 7558
274 7576
274 7577
274 7578
274 7579
274 7580
274 7581
274 7582
274 7583
274 7584
274 7586
274 7587
274 7588
274 7589
274 7590
274 7591
274 7592
274 7593
274 7605
274 7606
274 7607
274 7608
274 7609
274 7610
274 7611
274 7612
274 7613
274 7614
274 7615
274 7616
274 7617
274 7618
274 7619
274 7621
274 7622
274 7623
274 7624
274 7625
274 7626
274 7627
274 7628
274 7629
274 7630
274 7631
274 7632
274 7633
274 7634
274 7635
274 7636
274 7637
274 7638
274 7639
274 7640
274 7641
274 7642
274 7643
274 7644
274 7645
274 7646
274 7666
274 7692
274 7693
274 7694
274 7695
274 7696
274 7697
274 7698
274 7699
274 7700
274 7701
274 7702
274 7703
274 7704
274 7705
274 7706
274 7707
274 7708
274 7709
274 7710
274 7711
274 7712
274 7713
274 7714
274 7715
274 7716
274 7717
274 7719
274 7994
274 7997
274 7998
274 7999
274 8000
274 8001
274 8002
274 8003
274 8004
274 8006
274 8007
274 8008
274 8009
274 8010
274 8011
274 8012
274 8021
274 8035
274 8036
274 8037
274 8047
274 8048
274 8049
274 8050
274 8051
274 8052
274 8070
274 8071
274 8072
274 8073
274 8074
274 8075
274 8076
274 8077
274 8078
274 8079
274 8080
274 8081
274 8082
274 8083
274 8258
274 8259
274 8606
274 8945
274 8973
275 2242
275 4905
275 6823
276 2242
276 2730
276 2840
276 2898
276 2917
276 3687
276 3906
276 3927
276 4002
276 4048
276 4058
276 4061
276 4092
276 4646
276 4651
276 4690
276 4692
276 4704
276 4724
276 4756
276 4766
276 5922
276 6965
276 7195
276 7821
276 7830
276 9558
276 9623
276 9624
276 9625
276 9798
277 2250
278 2251
278 2252
278 2269
278 2270
279 2251
280 2266
281 2267
281 2905
282 2267
282 3400
283 2267
283 3720
284 2267
284 2268
284 2302
284 3717
284 3746
284 3747
284 3748
284 3755
284 3756
284 3757
285 2267
285 3577
285 3578
285 5660
285 6057
285 6166
285 6172
285 6236
285 9842
286 2267
286 3062
286 5280
286 5292
286 5302
287 2267
287 5285
288 2267
288 5284
288 5302
289 2267
289 3062
289 5282
289 5292
289 5294
290 2267
290 3061
290 5286
291 2267
291 3061
291 5284
291 5288
291 5307
292 2267
292 5288
292 5307
293 2267
293 5308
294 2267
294 5283
294 5293
294 5296
294 5299
295 2267
295 5318
296 2267
297 2268
298 2268
299 2277
299 7175
299 7229
299 7604
300 2282
300 2917
300 3954
300 5426
300 6645
301 2282
301 6946
301 7135
301 8450
301 8451
302 2282
303 2282
304 2285
304 4130
304 10071
304 10077
304 10078
304 10079
304 10080
304 11447
305 2297
305 6168
305 6574
305 10320
305 10662
305 10696
306 2298
307 2298
308 2300
309 2300
309 2308
309 3414
309 5164
309 5165
309 5166
309 5655
309 5963
309 7092
310 2303
310 3025
310 3574
310 3575
310 3576
311 2303
311 6030
312 2303
313 2303
313 3854
313 4025
313 4028
313 6257
313 7363
313 7376
313 7379
313 7789
313 7790
314 2306
314 9795
315 2310
316 2310
316 3691
316 4229
316 4266
316 6681
316 7175
316 7212
316 7435
316 7915
316 7917
316 8931
316 8932
316 8979
316 8981
317 2310
318 2311
319 2311
320 2311
321 2312
322 2317
323 2317
323 3375
324 2317
325 2317
325 4746
326 2317
327 2317
328 2317
329 2317
330 2317
331 2317
332 2317
333 2317
334 2317
335 2317
336 2317
337 2317
338 2317
339 2317
340 2317
341 2317
342 2317
342 4684
342 7358
342 7360
342 7361
343 2317
344 2317
344 7175
344 9899
345 2319
346 2319
346 7175
347 2319
348 2319
349 2319
350 2319
351 2319
352 2340
353 2357
353 2358
353 2369
353 2372
353 2377
354 2357
355 2357
356 2362
357 2377
357 3090
358 2379
359 2412
360 2413
360 3343
360 3431
360 3432
361 2421
361 7331
362 2428
362 7175
362 7178
362 9318
362 9319
363 2430
363 4154
363 7195
363 7256
364 2436
364 3205
364 3721
364 3724
364 3725
365 2447
365 10758
365 10851
366 2449
367 2559
368 2608
369 2641
370 2663
371 2704
371 6940
372 2707
372 2727
373 2710
374 2710
374 3822
374 5913
374 6894
375 2711
376 2724
377 2731
377 3698
377 4015
377 5051
377 5524
377 7175
377 10185
377 10186
377 10187
377 10190
377 10192
377 10193
377 10194
377 10195
377 10197
377 10198
377 10199
377 10200
377 10201
377 10202
377 10209
377 10244
377 10269
377 10320
377 10745
377 10746
377 10747
377 10748
377 10749
377 10750
377 10751
377 11356
377 11357
377 11358
377 11359
377 11360
377 11361
377 11362
377 11363
377 11371
377 11372
377 11445
377 11446
377 11450
377 11451
377 11452
377 11453
377 11454
377 11455
377 11456
377 11457
377 11458
377 11459
377 11460
377 11461
377 11462
377 11463
377 11464
377 11465
377 11466
377 11467
377 11468
377 11469
377 11470
377 11471
377 11472
377 11473
377 11474
377 11475
377 11476
377 11477
377 11478
377 11479
377 11480
377 11481
377 11482
377 11483
377 11484
377 11485
377 11486
377 11487
377 11488
377 11489
377 11490
377 11491
377 11492
377 11493
377 11494
377 11495
377 11496
377 11497
377 11498
377 11499
377 11500
377 11501
377 11502
377 11503
377 11504
377 11505
377 11506
377 11507
377 11508
377 11509
377 11510
377 11511
377 11512
377 11513
377 11514
377 11515
377 11516
377 11517
377 11518
377 11519
377 11520
377 11521
377 11523
377 11524
377 11525
377 11526
377 11527
377 11529
377 11530
377 11531
377 11532
377 11533
377 11534
377 11535
377 11536
377 11537
377 11538
377 11539
377 11540
377 11541
377 11542
377 11543
377 11544
377 11545
377 11546
377 11547
377 11548
377 11549
377 11550
377 11551
378 2732
378 3589
379 2736
380 2742
381 2742
382 2742
382 3656
382 4015
382 4288
382 5227
382 5235
382 5592
382 5632
382 5684
382 7582
382 7584
382 7997
382 8000
382 8001
382 8259
382 10303
382 10304
382 10305
382 10306
383 2743
383 3509
383 8419
384 2766
385 2777
385 3101
385 3129
385 3142
385 3158
385 3279
385 3881
385 4035
385 5603
385 5604
385 5605
385 5606
385 5607
386 2823
387 2847
387 4865
387 4866
388 2847
388 4079
388 5657
389 2847
389 5400
390 2847
391 2847
392 2849
393 2851
394 2852
395 2863
396 2871
396 4316
396 6350
396 7175
396 8893
396 9041
397 2879
397 8890
397 8891
397 8912
397 9550
397 9551
397 9891
397 9892
397 9893
397 9894
397 9895
398 2879
399 2880
400 2898
401 2904
402 2905
402 4359
402 5931
402 6032
402 6037
402 6249
402 6297
402 6307
402 6686
402 6697
402 6698
402 6699
402 6704
402 6705
402 6714
402 6716
402 6717
402 6719
402 6735
402 6739
402 6744
402 6820
402 6821
402 6824
402 6825
402 6826
402 6840
402 6871
402 6884
402 6885
402 6888
402 6889
402 6899
402 6900
402 7097
402 7107
402 7108
402 7109
402 7220
402 7221
402 7222
402 7223
402 7224
402 7225
402 7226
402 7232
402 7233
402 7234
402 7235
402 7236
402 7261
402 7262
402 7384
402 7649
402 7650
402 7652
402 7653
402 7654
402 7655
402 7656
402 7659
402 7684
402 7775
402 7776
402 7780
402 7781
402 7782
402 7783
402 7784
402 7785
402 7786
402 7802
402 7828
402 7850
402 7851
402 7868
402 7869
402 8272
402 8273
402 8274
402 8275
402 8314
402 8335
402 8358
402 8367
402 8368
402 8369
402 8376
402 8403
402 8436
402 8437
402 8438
402 8439
402 8624
402 8659
402 8660
402 8661
402 8662
402 8786
402 8841
402 8843
402 8844
402 8845
402 8846
402 8849
402 8850
402 8851
402 8852
402 8853
402 8854
402 8886
402 8894
402 8904
402 8905
402 8924
402 8925
402 8939
402 8944
402 8946
402 8948
402 8949
402 8950
402 8953
402 8956
402 8976
402 8977
402 8978
402 8983
402 8987
402 8995
402 9015
402 9018
402 9055
402 9056
402 9057
402 9097
402 9098
402 9124
402 9125
402 9135
402 9136
402 9148
402 9149
402 9150
402 9151
402 9164
402 9165
402 9172
402 9173
402 9226
402 9229
402 9242
402 9243
402 9244
402 9245
402 9246
402 9247
402 9249
402 9250
402 9251
402 9252
402 9253
402 9254
402 9256
402 9257
402 9314
402 9315
402 9316
402 9461
402 9462
402 9607
402 9615
402 9626
402 9627
402 9628
402 9629
402 9630
402 9788
402 9789
402 9795
402 9796
402 9806
402 9807
402 9860
402 9861
402 9869
402 9874
402 9875
402 9901
403 2909
404 2916
404 2917
405 2917
406 2972
407 2987
408 3014
409 3060
410 3061
410 5351
410 5352
410 5355
410 5356
410 5357
410 5359
410 5442
411 3064
411 4028
411 4043
411 6257
411 10154
411 10155
411 10156
411 10157
411 10158
411 10159
411 10160
411 10161
411 10162
411 10163
411 10164
411 10169
411 10170
411 10171
411 10174
411 10176
411 10178
411 10179
411 10180
411 10181
411 10182
411 10183
411 10184
411 10188
411 10189
411 10205
411 10207
411 10208
411 10211
411 10212
411 10213
411 10215
411 10264
411 10599
412 3148
412 6791
412 6903
412 6904
412 6905
412 6906
413 3188
414 3188
414 3190
414 3191
414 8361
414 8917
414 8918
414 8919
414 8920
414 8921
415 3201
415 3202
415 3203
415 3204
415 3205
415 3206
415 3207
415 3394
415 4151
415 4152
415 4153
415 4154
415 6172
416 3204
416 5801
416 5802
416 5878
416 6412
416 6413
416 6414
417 3204
417 3680
417 10130
417 10131
418 3209
419 3297
419 3493
419 4744
419 4745
419 4983
419 5130
419 5145
419 5545
419 6414
419 7037
419 7070
419 7177
419 7250
419 7251
419 7252
419 7253
419 7254
419 7255
419 7475
420 3335
421 3372
421 7178
421 7199
421 7855
421 9518
421 9519
421 9520
422 3403
423 3414
423 3443
423 3482
423 3525
424 3414
425 3436
426 3443
426 3475
426 3912
426 3913
427 3451
427 3497
428 3453
429 3464
429 3465
429 3466
429 3467
429 3468
429 3598
429 3599
430 3481
431 3498
431 4001
431 5227
431 7175
431 7178
431 9230
431 9283
431 9284
431 9285
431 9286
431 9287
431 9288
431 9299
431 9313
432 3521
432 3523
433 3523
434 3523
435 3523
436 3537
436 5568
437 3537
438 3537
438 10757
439 3540
440 3543
441 3552
441 3554
442 3561
442 4006
442 6220
443 3561
444 3567
445 3573
446 3597
447 3618
447 8923
448 3636
448 9178
448 9253
448 9254
448 9631
448 9632
449 3656
449 6440
450 3656
450 3832
450 3879
450 4025
450 4028
450 4125
450 5221
450 5384
450 6986
450 7478
451 3656
451 7553
452 3656
452 9799
453 3679
454 3721
454 3739
454 3826
454 3832
454 3853
454 3854
454 3855
454 3856
454 3857
454 3858
454 3859
454 3860
454 3862
454 3863
454 3865
454 3868
454 3873
454 3875
454 3879
454 3880
454 3883
454 3948
454 3950
454 3980
454 4025
454 4026
454 4028
454 4032
454 4293
454 4364
454 5095
454 5221
454 6192
454 6194
454 6195
454 6197
454 6199
454 6200
454 6201
454 6202
454 6203
454 6206
454 6209
454 6224
454 6420
454 6421
455 3721
455 3739
456 3736
456 6780
457 3739
457 6186
457 6221
458 3749
459 3760
460 3761
460 9070
461 3832
461 3863
461 3937
461 3948
461 4025
461 4028
461 4043
461 5221
461 7796
462 3832
463 3845
463 3893
463 4417
463 6985
463 6986
463 7002
464 3845
464 3867
464 4311
464 4312
465 3852
466 3852
467 3854
467 3856
467 4025
467 5095
467 7175
468 3855
469 3857
469 3868
470 3860
470 6181
470 6577
470 6578
470 6579
470 6580
470 6581
470 6582
470 6583
470 6584
470 6585
470 6586
470 6587
470 6588
470 6589
470 6590
470 6591
470 6592
470 6593
470 6594
470 6595
470 6596
470 6597
470 6598
470 6599
470 6600
470 6601
470 6608
470 6611
470 6613
470 6614
470 6615
470 6616
470 6617
470 6625
470 6633
470 6634
470 6660
470 6666
470 6667
470 6668
470 6669
470 6670
470 6671
470 6672
470 6673
470 6674
470 6675
470 6676
470 7130
471 3863
471 4288
471 5095
471 5384
471 6986
471 7480
471 7481
472 3863
473 3867
474 3874
475 3874
476 3879
476 6914
477 3885
477 6936
478 3926
479 3927
480 3927
481 3927
482 3927
483 3930
484 3937
484 6742
485 3942
486 3948
487 3976
488 3983
489 3983
490 3983
491 3983
492 3984
493 3991
493 7175
493 9273
493 9522
494 3991
494 8952
495 3996
495 9525
495 9526
496 4001
496 6757
496 9174
496 9175
496 9176
496 9177
496 9178
496 9179
496 9180
496 9181
496 9182
496 9183
496 9184
496 9185
496 9186
496 9187
496 9188
496 9189
496 9190
496 9191
496 9192
496 9193
496 9194
496 9195
496 9196
496 9197
496 9198
496 9199
496 9200
496 9201
496 9202
496 9203
496 9204
496 9205
496 9206
496 9207
496 9208
496 9209
496 9210
496 9211
496 9212
496 9213
496 9214
496 9215
496 9216
496 9217
496 9218
496 9219
496 9220
496 9230
496 9231
496 9232
497 4002
497 6790
498 4015
499 4015
499 9093
499 9101
499 9102
500 4016
501 4016
501 5231
502 4016
502 7798
503 4017
504 4024
504 6719
504 7827
504 8363
504 9605
504 9606
505 4024
505 9104
506 4025
506 4028
506 6329
507 4037
508 4037
508 5876
508 5953
508 5954
509 4037
509 10291
510 4038
510 6953
510 6954
511 4038
511 7175
511 7582
511 11336
512 4043
512 4275
513 4043
514 4043
515 4043
515 10163
516 4074
516 4345
517 4078
518 4079
519 4079
520 4098
520 4159
521 4135
522 4150
523 4150
523 9156
524 4153
524 8392
525 4157
525 4328
525 5083
525 5096
526 4173
526 4174
526 4175
526 4176
527 4229
527 7172
527 7191
527 7192
527 7194
527 7195
527 7196
527 7197
527 7830
527 7831
528 4251
529 4288
529 5221
530 4289
531 4315
532 4331
533 4334
534 4349
535 4349
536 4352
537 4419
537 6956
537 6957
537 6961
538 4419
538 5508
539 4426
539 5035
539 5125
539 7175
539 9105
540 4437
540 7827
540 7829
540 7848
540 7856
540 8362
540 8413
540 8415
540 8796
540 8887
540 10106
541 4437
541 4571
542 4437
543 4443
543 4448
544 4462
545 4462
545 4878
545 6186
545 6486
545 9839
545 10320
545 11347
545 11348
545 11349
545 11350
545 11351
546 4475
547 4481
547 4482
548 4485
548 4486
549 4567
550 4571
551 4571
552 4571
553 4577
553 6382
553 7094
553 7756
553 8260
553 8261
553 8262
553 8263
554 4586
554 4906
554 6353
555 4597
556 4607
556 6168
556 8784
556 10145
556 10146
557 4630
558 4655
559 4679
560 4684
560 6030
560 6563
560 6913
560 6914
560 6915
560 6916
561 4684
561 7273
561 7799
561 7800
561 7801
562 4687
562 4690
562 6849
562 6850
562 7281
562 7282
562 7564
562 7565
563 4687
563 7256
564 4687
564 4690
564 6907
564 10214
565 4813
566 4815
567 4822
568 4831
568 8606
568 11336
569 4866
570 4866
571 4868
572 4878
573 4878
573 8936
574 4892
575 4893
576 4956
576 4957
577 4963
577 7175
577 9161
577 9241
577 9248
577 9842
578 4970
578 8038
579 4974
579 6755
580 4974
581 4981
582 4981
583 5007
584 5039
585 5039
585 10283
586 5040
587 5049
588 5051
588 7216
588 7471
588 7472
588 7473
589 5051
590 5051
590 9271
591 5051
592 5051
593 5051
594 5051
594 5660
594 10320
595 5051
596 5096
597 5111
597 5112
598 5165
599 5193
600 5217
600 9454
600 9455
601 5221
601 5660
601 7062
602 5221
602 9162
603 5225
604 5227
605 5227
606 5228
607 5230
608 5260
608 5261
609 5273
610 5281
611 5289
611 5304
612 5290
613 5314
613 5638
614 5340
615 5341
616 5347
617 5348
618 5349
619 5350
620 5352
621 5354
622 5355
623 5356
623 5357
623 5360
624 5357
625 5377
626 5388
627 5392
628 5396
629 5413
629 5638
630 5414
630 5638
631 5414
632 5417
633 5424
634 5433
634 5434
635 5442
635 5660
635 5712
635 5736
636 5443
636 5446
637 5445
638 5453
638 5638
639 5454
639 5456
640 5458
640 5459
640 5460
641 5490
642 5502
643 5503
644 5510
644 5511
645 5547
646 5549
647 5558
647 7292
647 7364
647 7871
648 5558
649 5562
649 5566
649 5841
649 5842
650 5568
650 6168
651 5579
652 5583
653 5592
654 5592
655 5629
656 5632
657 5632
658 5657
658 5700
658 5703
658 5704
658 5705
658 5706
658 5707
658 5708
658 5712
658 5731
658 5732
658 5733
658 5734
659 5657
660 5657
660 5881
661 5657
662 5657
663 5657
664 5660
664 5947
665 5660
665 6223
665 6224
665 6225
665 6226
665 6227
665 6228
665 6231
665 6232
665 6233
665 6234
665 6235
665 6237
665 6239
665 6241
666 5660
666 6791
667 5660
667 6168
667 6383
668 5675
669 5712
670 5720
670 5810
671 5721
671 5722
671 5810
671 5811
672 5727
673 5729
673 5730
674 5735
675 5737
676 5753
676 6750
677 5754
677 5755
678 5780
678 5789
678 6184
678 6185
679 5790
680 5819
680 5820
680 5821
680 5822
680 5839
680 5840
681 5865
682 5877
682 5940
682 6958
682 6959
683 5913
684 5918
684 5919
685 5928
685 5929
686 5957
687 6030
688 6030
688 6281
688 6282
689 6055
690 6069
691 6069
691 10313
691 10314
692 6129
693 6148
694 6154
695 6159
695 10116
696 6168
697 6168
698 6168
699 6168
700 6168
701 6168
702 6168
703 6168
704 6168
705 6168
706 6168
707 6168
708 6168
708 10271
709 6168
710 6185
711 6186
712 6186
713 6186
714 6186
714 9298
715 6191
716 6207
717 6208
718 6210
719 6222
720 6225
721 6246
721 6255
722 6247
723 6275
723 6618
724 6275
724 6902
725 6277
725 7584
725 10238
725 10272
725 10285
725 10286
725 10288
725 10289
725 10290
725 10293
725 10294
725 10295
725 10296
725 10297
725 10298
725 10307
725 10309
725 10312
725 10315
725 10316
725 10320
725 10321
725 10332
725 10707
725 11305
725 11318
725 11337
725 11346
725 11366
725 11367
725 11368
725 11369
725 11370
726 6284
727 6308
728 6308
729 6378
730 6384
731 6387
731 6844
732 6405
733 6607
734 6609
735 6631
735 6650
735 6696
735 6844
735 7158
736 6632
737 6642
737 7074
737 7086
737 7102
737 7103
737 7129
738 6643
739 6645
739 6841
740 6650
740 9172
740 9257
740 9260
741 6650
741 6696
742 6661
742 6751
743 6662
744 6665
745 6692
746 6694
747 6700
747 6701
747 6702
747 6706
747 6707
747 6708
747 6722
747 6723
747 6724
747 6728
747 6729
747 6839
748 6703
748 11336
749 6731
750 6733
751 6736
752 6740
753 6752
754 6753
755 6780
755 9842
756 6801
756 7038
757 6826
758 6826
758 6827
759 6836
760 6838
761 6845
761 6927
761 6930
762 6853
762 6854
762 7082
763 6856
764 6863
765 6905
765 10144
766 6907
767 6914
768 6932
769 6935
770 6943
770 6947
770 6948
771 6950
771 7005
772 6955
773 6960
774 6965
775 6975
776 6977
776 6978
776 6979
777 6977
777 10143
778 7006
779 7065
780 7066
781 7083
782 7084
783 7106
783 7175
783 7292
783 7339
784 7114
784 7115
785 7132
785 7133
786 7134
787 7138
788 7141
789 7142
790 7153
791 7155
792 7156
793 7163
793 7199
793 8955
794 7175
795 7175
796 7175
797 7175
798 7175
799 7175
800 7175
801 7175
802 7175
803 7175
803 9094
803 9095
803 9292
804 7175
805 7175
805 9049
805 9051
806 7175
807 7175
808 7175
808 8929
808 8930
809 7175
809 8933
810 7175
811 7175
812 7175
813 7175
814 7175
815 7175
816 7175
817 7175
818 7175
819 7175
820 7175
821 7175
822 7175
823 7175
824 7175
825 7175
825 9614
825 11440
825 11441
826 7191
827 7193
828 7210
829 7219
830 7237
830 7238
830 7239
830 7240
830 7241
831 7266
831 7292
831 7871
832 7278
833 7281
834 7281
835 7281
835 7385
835 7386
836 7329
836 8954
837 7333
838 7337
839 7381
840 7382
840 7582
840 9044
840 9045
841 7462
842 7467
843 7474
843 7479
844 7487
844 7561
844 7562
844 7563
844 8241
844 8367
844 8913
844 8928
844 9078
844 9082
844 9083
844 9084
845 7555
846 7560
847 7567
848 7569
849 7575
850 7577
851 7582
852 7582
852 9234
853 7583
853 8004
853 9235
853 9237
853 9238
854 7583
855 7583
855 10320
856 7591
857 7603
858 7610
859 7620
860 7651
860 9221
860 9805
860 10311
861 7659
861 7784
861 8423
861 8424
861 8434
861 8435
861 8847
861 8916
861 8922
862 7663
862 9059
863 7684
863 7792
863 7793
863 9788
863 9789
863 9845
863 9846
863 9874
863 10120
863 10121
863 10663
863 10664
864 7691
865 7726
866 7774
867 7778
867 7779
867 7784
867 7787
868 7792
868 7793
869 7796
870 7828
870 8032
870 9109
870 9524
870 10271
871 7841
872 7842
873 7849
874 7852
874 8268
875 7853
876 7857
877 7858
878 7861
879 7867
880 7886
880 9227
880 9842
881 7891
882 7917
882 8404
882 9151
882 9159
882 9221
882 9243
882 10071
882 10077
882 10091
882 10113
882 10114
882 10122
882 10123
882 10124
882 10168
882 10175
882 10248
882 10249
882 10250
882 10262
882 10327
882 11296
882 11297
883 7917
883 8797
883 10177
883 11528
884 8002
884 10191
885 8075
886 8075
886 10334
886 10335
886 10336
886 10337
886 10338
886 10339
886 10340
886 10341
887 8106
887 11444
888 8243
889 8249
890 8272
891 8301
891 8412
892 8306
892 8307
893 8313
893 9795
893 9861
893 9871
893 9872
894 8320
894 8335
894 9111
894 9112
895 8325
895 8326
896 8346
897 8373
898 8384
899 8414
900 8416
901 8417
902 8418
903 8418
903 8772
903 8883
903 8898
903 8914
903 8915
903 8951
903 8974
903 8994
903 9118
903 9119
903 9137
903 9147
903 9158
904 8432
904 8433
905 8451
906 8498
907 8538
907 8569
907 8570
907 8571
907 8572
908 8598
909 8607
910 8646
911 8658
912 8727
913 8776
914 8777
915 8797
916 8808
916 8809
917 8815
917 8820
917 8821
918 8825
919 8836
919 9134
920 8855
921 8856
922 8889
923 8891
924 8894
924 9282
925 8903
925 8910
925 8911
926 8911
927 8924
928 8934
929 8935
929 8937
930 8955
930 8957
930 8958
931 8959
932 8960
932 8961
933 8965
934 8966
935 8968
936 8972
937 8975
938 8986
939 8996
940 9010
941 9011
942 9017
943 9020
944 9064
945 9069
946 9077
947 9087
948 9090
949 9091
950 9099
950 9122
951 9113
952 9115
953 9126
954 9127
954 9128
954 9129
955 9141
955 9142
956 9145
957 9146
958 9155
959 9159
960 9161
961 9221
962 9223
962 9224
962 9227
963 9225
964 9228
965 9233
965 9236
966 9253
966 9254
967 9253
967 9254
967 9629
967 9630
967 9930
968 9259
969 9259
969 10243
970 9261
971 9262
972 9264
973 9267
974 9270
975 9272
976 9288
977 9293
978 9294
979 9295
980 9296
981 9312
982 9314
982 11328
983 9317
984 9456
985 9463
985 9464
986 9465
987 9523
988 9527
989 9528
990 9529
991 9534
991 9535
992 9540
993 9541
994 9548
995 9589
995 9800
995 9842
996 9594
996 10126
997 9601
998 9607
998 10323
999 9608
1000 9616
1001 9626
1001 9628
1002 9635
1003 9764
1004 9797
1005 9798
1005 9799
1006 9801
1007 9802
1008 9802
1009 9804
1010 9840
1011 9842
1012 9889
1013 9890
1014 10104
1014 10105
1015 10113
1015 10114
1016 10113
1017 10125
1017 10147
1017 10148
1017 10149
1017 10150
1017 10151
1017 10152
1017 10153
1018 10129
1019 10136
1020 10142
1021 10165
1022 10172
1022 10173
1023 10227
1024 10235
1025 10268
1026 10282
1026 10325
1027 10287
1028 10299
1029 10300
1030 10302
1031 10310
1032 10320
1033 10322
1034 10331
1035 10358
1036 10446
1037 10706
1038 10707
1039 10731
1040 10933
1040 10934
1041 11295
1042 11306
1043 11330
1044 11336
1045 11336
1046 11356
1047 11440
1048 11449
1049 11699
2 3 4 5 6 7 8 9 10 11 12 13 14 15 16 17 18 19 20 21 22 23 24 25 26 27 28 29 30 31 32 33 34 35 36 37 38 39 40 41 42 43 44 45 46 47 48 49 50 51 52 53 54 55 56 57 58 59 60 61 62 63 64 65 66 67 68 69 70 71 72 73 74 75 76 77 78 79 80 81 82 83 84 85 86 87 88 89 90 91 92 93 94 95 96 97 98 99 100 101 102 103 104 105 106 107 108 109 110 111 112 113 114 115 116 117 118 119 120 121 122 123 124 125 126 127 128 129 130 131 132 133 134 135 136 137 138 139 140 141 142 143 144 145 146 147 148 149 150 151 152 153 154 155 156 157 158 159 160 161 162 163 164 165 166 167 168 169 170 171 172 173 174 175 176 177 178 179 180 181 182 183 184 185 186 187 188 189 190 191 192 193 194 195 196 197 198 199 200 1 2 3 4 5 6 7 8 9 10 11 12 13 14 15 16 17 18 19 20 21 22 23 24 25 26 27 28 29 30 31 32 33 34 35 36 37 38 39 40 41 42 43 44 45 46 47 48 49 50 51 52 53 54 55 56 57 58 59 60 61 62 63 64 65 66 67 68 69 70 71 72 73 74 75 76 77 78 79 80 81 82 83 84 85 86 87 88 89 90 91 92 93 94 95 96 97 98 99 100 101 102 103 104 105 106 107 108 109 110 111 112 113 114 115 116 117 118 119 120 121 122 123 124 125 126 127 128 129 130 131 132 133 134 135 136 137 138 139 140 141 142 143 144 145 146 147 148 149 150 151 152 153 154 155 156 157 158 159 160 161 162 163 164 165 166 167 168 169 170 171 172 173 174 175 176 177 178 179 180 181 182 183 184 185 186 187 188 189 190 191 192 193 194 195 196 197 198 199 200 1 2 3 4 5 6 7 8 9 10 11 12 13 14 15 16 17 18 19 20 21 22 23 24 25 26 27 28 29 30 31 32 33 34 35 36 37 38 39 40 41 42 43 44 45 46 47 48 49 50 51 52 53 54 55 56 57 58 59 60 61 62 63 64 65 66 67 68 69 70 71 72 73 74 75 76 77 78 79 80 81 82 83 84 85 86 87 88 89 90 91 92 93 94 95 96 97 98 99 100 101 102 103 104 105 106 107 108 109 110 111 112 113 114 115 116 117 118 119 120 121 122 123 124 125 126 127 128 129 130 131 132 133 134 135 136 137 138 139 140 141 142 143 144 145 146 147 148 149 150 151 152 153 154 155 156 157 158 159 160 161 162 163 164 165 166 167 168 169 170 171 172 173 174 175 176 177 178 179 180 181 182 183 184 185 186 187 188 189 190 191 192 193 194 195 196 197 198 199 200 1 2 3 4 5 6 7 8 9 10 11 12 13 14 15 16 17 18 19 20 21 22 23 24 25 26 27 28 29 30 31 32 33 34 35 36 37 38 39 40 41 42 43 44 45 46 47 48 49 50 51 52 53 54 55 56 57 58 59 60 61 62 63 64 65 66 67 68 69 70 71 72 73 74 75 76 77 78 79 80 81 82 83 84 85 86 87 88 89 90 91 92 93 94 95 96 97 98 99 100 101 102 103 104 105 106 107 108 109 110 111 112 113 114 115 116 117 118 119 120 121 122 123 124 125 126 127 128 129 130 131 132 133 134 135 136 137 138 139 140 141 142 143 144 145 146 147 148 149 150 151 152 153 154 155 156 157 158 159 160 161 162 163 164 165 166 167 168 169 170 171 172 173 174 175 176 177 178 179 180 181 182 183 184 185 186 187 188 189 190 191 192 193 194 195 196 197 198 199 200 1 2 3 4 5 6 7 8 9 10 11 12 13 14 15 16 17 18 19 20 21 22 23 24 25 26 27 28 29 30 31 32 33 34 35 36 37 38 39 40 41 42 43 44 45 46 47 48 49 50 51 52 53 54 55 56 57 58 59 60 61 62 63 64 65 66 67 68 69 70 71 72 73 74 75 76 77 78 79 80 81 82 83 84 85 86 87 88 89 90 91 92 93 94 95 96 97 98 99 100 101 102 103 104 105 106 107 108 109 110 111 112 113 114 115 116 117 118 119 120 121 122 123 124 125 126 127 128 129 130 131 132 133 134 135 136 137 138 139 140 141 142 143 144 145 146 147 148 149 150 151 152 153 154 155 156 157 158 159 160 161 162 163 164 165 166 167 168 169 170 171 172 173 174 175 176 177 178 179 180 181 182 183 184 185 186 187 188 189 190 191 192 193 194 195 196 197 198 199 200 1 2 3 4 5 6 7 8 9 10 11 12 13 14 15 16 17 18 19 20 21 22 23 24 25 26 27 28 29 30 31 32 33 34 35 36 37 38 39 40 41 42 43 44 45 46 47 48 49 50 
2 3 4 5 6 7 8 9 10 11 12 13 14 15 16 17 18 19 20 21 22 23 24 25 26 27 28 29 30 31 32 33 34 35 36 37 38 39 40 41 42 43 44 45 46 47 48 49 50 51 52 53 54 55 56 57 58 59 60 61 62 63 64 65 66 67 68 69 70 71 72 73 74 75 76 77 78 79 80 81 82 83 84 85 86 87 88 89 90 91 92 93 94 95 96 97 98 99 100 101 102 103 104 105 106 107 108 109 110 111 112 113 114 115 116 117 118 119 120 121 122 123 124 125 126 127 128 129 130 131 132 133 134 135 136 137 138 139 140 141 142 143 144 145 146 147 148 149 150 151 152 153 154 155 156 157 158 159 160 161 162 163 164 165 166 167 168 169 170 171 172 173 174 175 176 177 178 179 180 181 182 183 184 185 186 187 188 189 190 191 192 193 194 195 196 197 198 199 200 1 2 3 4 5 6 7 8 9 10 11 12 13 14 15 16 17 18 19 20 21 22 23 24 25 26 27 28 29 30 31 32 33 34 35 36 37 38 39 40 41 42 43 44 45 46 47 48 49 50 51 52 53 54 55 56 57 58 59 60 61 62 63 64 65 66 67 68 69 70 71 72 73 74 75 76 77 78 79 80 81 82 83 84 85 86 87 88 89 90 91 92 93 94 95 96 97 98 99 100 101 102 103 104 105 106 107 108 109 110 111 112 113 114 115 116 117 118 119 120 121 122 123 124 125 126 127 128 129 130 131 132 133 134 135 136 137 138 139 140 141 142 143 144 145 146 147 148 149 150 151 152 153 154 155 156 157 158 159 160 161 162 163 164 165 166 167 168 169 170 171 172 173 174 175 176 177 178 179 180 181 182 183 184 185 186 187 188 189 190 191 192 193 194 195 196 197 198 199 200 1 2 3 4 5 6 7 8 9 10 11 12 13 14 15 16 17 18 19 20 21 22 23 24 25 26 27 28 29 30 31 32 33 34 35 36 37 38 39 40 41 42 43 44 45 46 47 48 49 50 51 52 53 54 55 56 57 58 59 60 61 62 63 64 65 66 67 68 69 70 71 72 73 74 75 76 77 78 79 80 81 82 83 84 85 86 87 88 89 90 91 92 93 94 95 96 97 98 99 100 101 102 103 104 105 106 107 108 109 110 111 112 113 114 115 116 117 118 119 120 121 122 123 124 125 126 127 128 129 130 131 132 133 134 135 136 137 138 139 140 141 142 143 144 145 146 147 148 149 150 151 152 153 154 155 156 157 158 159 160 161 162 163 164 165 166 167 168 169 170 171 172 173 174 175 176 177 178 179 180 181 182 183 184 185 186 187 188 189 190 191 192 193 194 195 196 197 198 199 200 1 2 3 4 5 6 7 8 9 10 11 12 13 14 15 16 17 18 19 20 21 22 23 24 25 26 27 28 29 30 31 32 33 34 35 36 37 38 39 40 41 42 43 44 45 46 47 48 49 50 51 52 53 54 55 56 57 58 59 60 61 62 63 64 65 66 67 68 69 70 71 72 73 74 75 76 77 78 79 80 81 82 83 84 85 86 87 88 89 90 91 92 93 94 95 96 97 98 99 100 101 102 103 104 105 106 107 108 109 110 111 112 113 114 115 116 117 118 119 120 121 122 123 124 125 126 127 128 129 130 131 132 133 134 135 136 137 138 139 140 141 142 143 144 145 146 147 148 149 150 151 152 153 154 155 156 157 158 159 160 161 162 163 164 165 166 167 168 169 170 171 172 173 174 175 176 177 178 179 180 181 182 183 184 185 186 187 188 189 190 191 192 193 194 195 196 197 198 199 200 1 2 3 4 5 6 7 8 9 10 11 12 13 14 15 16 17 18 19 20 21 22 23 24 25 26 27 28 29 30 31 32 33 34 35 36 37 38 39 40 41 42 43 44 45 46 47 48 49 50 51 52 53 54 55 56 57 58 59 60 61 62 63 64 65 66 67 68 69 70 71 72 73 74 75 76 77 78 79 80 81 82 83 84 85 86 87 88 89 90 91 92 93 94 95 96 97 98 99 100 101 102 103 104 105 106 107 108 109 110 111 112 113 114 115 116 117 118 119 120 121 122 123 124 125 126 127 128 129 130 131 132 133 134 135 136 137 138 139 140 141 142 143 144 145 146 147 148 149 150 151 152 153 154 155 156 157 158 159 160 161 162 163 164 165 166 167 168 169 170 171 172 173 174 175 176 177 178 179 180 181 182 183 184 185 186 187 188 189 190 191 192 193 194 195 196 197 198 199 200 1 2 3 4 5 6 7 8 9 10 11 12 13 14 15 16 17 18 19 20 21 22 23 24 25 26 27 28 29 30 31 32 33 34 35 36 37 38 39 40 41 42 43 44 45 46 47 48 49 50 51 52 53 54 55 56 57 58 59 60 61 62 63 64 65 66 67 68 69 70 71 72 73 74 75 76 77 78 79 80 81 82 83 84 85 86 87 88 89 90 91 92 93 94 95 96 97 98 99 100 101 102 103 104 105 106 107 108 109 110 111 112 113 114 115 116 117 118 119 120 121 122 123 124 125 126 127 128 129 130 131 132 133 134 135 136 137 138 139 140 141 142 143 144 145 146 147 148 149 150 151 152 153 154 155 156 157 158 159 160 161 162 163 164 165 166 167 168 169 170 171 172 173 174 175 176 177 178 179 180 181 182 183 184 185 186 187 188 189 190 191 192 193 194 195 196 197 198 199 200 1 2 3 4 5 6 7 8 9 10 11 12 13 14 15 16 17 18 19 20 21 22 23 24 25 26 27 28 29 30 31 32 33 34 35 36 37 38 39 40 41 42 43 44 45 46 47 48 49 50 51 52 53 54 55 56 57 58 59 60 61 62 63 64 65 66 67 68 69 70 71 72 73 74 75 76 77 78 79 80 81 82 83 84 85 86 87 88 89 90 91 92 93 94 95 96 97 98 99 100 101 102 103 104 105 106 107 108 109 110 111 112 113 114 115 116 117 118 119 120 121 122 123 124 125 126 127 128 129 130 131 132 133 134 135 136 137 138 139 140 141 142 143 144 145 146 147 148 149 150 151 152 153 154 155 156 157 158 159 160 161 162 163 164 165 166 167 168 169 170 171 172 173 174 175 176 177 178 179 180 181 182 183 184 185 186 187 188 189 190 191 192 193 194 195 196 197 198 199 200 1 2 3 4 5 6 7 8 9 10 11 12 13 14 15 16 17 18 19 20 21 22 23 24 25 26 27 28 29 30 31 32 33 34 35 36 37 38 39 40 41 42 43 44 45 46 47 48 49 50 51 52 53 54 55 56 57 58 59 60 61 62 63 64 65 66 67 68 69 70 71 72 73 74 75 76 77 78 79 80 81 82 83 84 85 86 87 88 89 90 91 92 93 94 95 96 97 98 99 100 101 102 103 104 105 106 107 108 109 110 111 112 113 114 115 116 117 118 119 120 121 122 123 124 125 126 127 128 129 130 131 132 133 134 135 136 137 138 139 140 141 142 143 144 145 146 147 148 149 150 151 152 153 154 155 156 157 158 159 160 161 162 163 164 165 166 167 168 169 170 171 172 173 174 175 176 177 178 179 180 181 182 183 184 185 186 187 188 189 190 191 192 193 194 195 196 197 198 199 200 1 2 3 4 5 6 7 8 9 10 11 12 13 14 15 16 17 18 19 20 21 22 23 24 25 26 27 28 29 30 31 32 33 34 35 36 37 38 39 40 41 42 43 44 45 46 47 48 49 50 51 52 53 54 55 56 57 58 59 60 61 62 63 64 65 66 67 68 69 70 71 72 73 74 75 76 77 78 79 80 81 82 83 84 85 86 87 88 89 90 91 92 93 94 95 96 97 98 99 100 101 102 103 104 105 106 107 108 109 110 111 112 113 114 115 116 117 118 119 120 121 122 123 124 125 126 127 128 129 130 131 132 133 134 135 136 137 138 139 140 141 142 143 144 145 146 147 148 149 150 151 152 153 154 155 156 157 158 159 160 161 162 163 164 165 166 167 168 169 170 171 172 173 174 175 176 177 178 179 180 181 182 183 184 185 186 187 188 189 190 191 192 193 194 195 196 197 198 199 200 1 2 3 4 5 6 7 8 9 10 11 12 13 14 15 16 17 18 19 20 21 22 23 24 25 26 27 28 29 30 31 32 33 34 35 36 37 38 39 40 41 42 43 44 45 46 47 48 49 50 51 52 53 54 55 56 57 58 59 60 61 62 63 64 65 66 67 68 69 70 71 72 73 74 75 76 77 78 79 80 81 82 83 84 85 86 87 88 89 90 91 92 93 94 95 96 97 98 99 100 101 102 103 104 105 106 107 108 109 110 111 112 113 114 115 116 117 118 119 120 121 122 123 124 125 126 127 128 129 130 131 132 133 134 135 136 137 138 139 140 141 142 143 144 145 146 147 148 149 150 151 152 153 154 155 156 157 158 159 160 161 162 163 164 165 166 167 168 169 170 171 172 173 174 175 176 177 178 179 180 181 182 183 184 185 186 187 188 189 190 191 192 193 194 195 196 197 198 199 200 1 2 3 4 5 6 7 8 9 10 11 12 13 14 15 16 17 18 19 20 21 22 23 24 25 26 27 28 29 30 31 32 33 34 35 36 37 38 39 40 41 42 43 44 45 46 47 48 49 50 51 52 53 54 55 56 57 58 59 60 61 62 63 64 65 66 67 68 69 70 71 72 73 74 75 76 77 78 79 80 81 82 83 84 85 86 87 88 89 90 91 92 93 94 95 96 97 98 99 100 101 102 103 104 105 106 107 108 109 110 111 112 113 114 115 116 117 118 119 120 121 122 123 124 125 126 127 128 129 130 131 132 133 134 135 136 137 138 139 140 141 142 143 144 145 146 147 148 149 150 151 152 153 154 155 156 157 158 159 160 161 162 163 164 165 166 167 168 169 170 171 172 173 174 175 176 177 178 179 180 181 182 183 184 185 186 187 188 189 190 191 192 193 194 195 196 197 198 199 200 1 2 3 4 5 6 7 8 9 10 11 12 13 14 15 16 17 18 19 20 21 22 23 24 25 26 27 28 29 30 31 32 33 34 35 36 37 38 39 40 41 42 43 44 45 46 47 48 49 50 51 52 53 54 55 56 57 58 59 60 61 62 63 64 65 66 67 68 69 70 71 72 73 74 75 76 77 78 79 80 81 82 83 84 85 86 87 88 89 90 91 92 93 94 95 96 97 98 99 100 101 102 103 104 105 106 107 108 109 110 111 112 113 114 115 116 117 118 119 120 121 122 123 124 125 126 127 128 129 130 131 132 133 134 135 136 137 138 139 140 141 142 143 144 145 146 147 148 149 150 151 152 153 154 155 156 157 158 159 160 161 162 163 164 165 166 167 168 169 170 171 172 173 174 175 176 177 178 179 180 181 182 183 184 185 186 187 188 189 190 191 192 193 194 195 196 197 198 199 200 1 2 3 4 5 6 7 8 9 10 11 12 13 14 15 16 17 18 19 20 21 22 23 24 25 26 27 28 29 30 31 32 33 34 35 36 37 38 39 40 41 42 43 44 45 46 47 48 49 50 51 52 53 54 55 56 57 58 59 60 61 62 63 64 65 66 67 68 69 70 71 72 73 74 75 76 77 78 79 80 81 82 83 84 85 86 87 88 89 90 91 92 93 94 95 96 97 98 99 100 101 102 103 104 105 106 107 108 109 110 111 112 113 114 115 116 117 118 119 120 121 122 123 124 125 126 127 128 129 130 131 132 133 134 135 136 137 138 139 140 141 142 143 144 145 146 147 148 149 150 151 152 153 154 155 156 157 158 159 160 161 162 163 164 165 166 167 168 169 170 171 172 173 174 175 176 177 178 179 180 181 182 183 184 185 186 187 188 189 190 191 192 193 194 195 196 197 198 199 200 1 2 3 4 5 6 7 8 9 10 11 12 13 14 15 16 17 18 19 20 21 22 23 24 25 26 27 28 29 30 31 32 33 34 35 36 37 38 39 40 41 42 43 44 45 46 47 48 49 50 51 52 53 54 55 56 57 58 59 60 61 62 63 64 65 66 67 68 69 70 71 72 73 74 75 76 77 78 79 80 81 82 83 84 85 86 87 88 89 90 91 92 93 94 95 96 97 98 99 100 101 102 103 104 105 106 107 108 109 110 111 112 113 114 115 116 117 118 119 120 121 122 123 124 125 126 127 128 129 130 131 132 133 134 135 136 137 138 139 140 141 142 143 144 145 146 147 148 149 150 151 152 153 154 155 156 157 158 159 160 161 162 163 164 165 166 167 168 169 170 171 172 173 174 175 176 177 178 179 180 181 182 183 184 185 186 187 188 189 190 191 192 193 194 195 196 197 198 199 200 1 2 3 4 5 6 7 8 9 10 11 12 13 14 15 16 17 18 19 20 21 22 23 24 25 26 27 28 29 30 31 32 33 34 35 36 37 38 39 40 41 42 43 44 45 46 47 48 49 50 51 52 53 54 55 56 57 58 59 60 61 62 63 64 65 66 67 68 69 70 71 72 73 74 75 76 77 78 79 80 81 82 83 84 85 86 87 88 89 90 91 92 93 94 95 96 97 98 99 100 101 102 103 104 105 106 107 108 109 110 111 112 113 114 115 116 117 118 119 120 121 122 123 124 125 126 127 128 129 130 131 132 133 134 135 136 137 138 139 140 141 142 143 144 145 146 147 148 149 150 151 152 153 154 155 156 157 158 159 160 161 162 163 164 165 166 167 168 169 170 171 172 173 174 175 176 177 178 179 180 181 182 183 184 185 186 187 188 189 190 191 192 193 194 195 196 197 198 199 200 1 2 3 4 5 6 7 8 9 10 11 12 13 14 15 16 17 18 19 20 21 22 23 24 25 26 27 28 29 30 31 32 33 34 35 36 37 38 39 40 41 42 43 44 45 46 47 48 49 50 51 52 53 54 55 56 57 58 59 60 61 62 63 64 65 66 67 68 69 70 71 72 73 74 75 76 77 78 79 80 81 82 83 84 85 86 87 88 89 90 91 92 93 94 95 96 97 98 99 100 101 102 103 104 105 106 107 108 109 110 111 112 113 114 115 116 117 118 119 120 121 122 123 124 125 126 127 128 129 130 131 132 133 134 135 136 137 138 139 140 141 142 143 144 145 146 147 148 149 150 151 152 153 154 155 156 157 158 159 160 161 162 163 164 165 166 167 168 169 170 171 172 173 174 175 176 177 178 179 180 181 182 183 184 185 186 187 188 189 190 191 192 193 194 195 196 197 198 199 200 1 2 3 4 5 6 7 8 9 10 11 12 13 14 15 16 17 18 19 20 21 22 23 24 25 26 27 28 29 30 31 32 33 34 35 36 37 38 39 40 41 42 43 44 45 46 47 48 49 50 51 52 53 54 55 56 57 58 59 60 61 62 63 64 65 66 67 68 69 70 71 72 73 74 75 76 77 78 79 80 81 82 83 84 85 86 87 88 89 90 91 92 93 94 95 96 97 98 99 100 101 102 103 104 105 106 107 108 109 110 111 112 113 114 115 116 117 118 119 120 121 122 123 124 125 126 127 128 129 130 131 132 133 134 135 136 137 138 139 140 141 142 143 144 145 146 147 148 149 150 151 152 153 154 155 156 157 158 159 160 161 162 163 164 165 166 167 168 169 170 171 172 173 174 175 176 177 178 179 180 181 182 183 184 185 186 187 188 189 190 191 192 193 194 195 196 197 198 199 200 1 2 3 4 5 6 7 8 9 10 11 12 13 14 15 16 17 18 19 20 21 22 23 24 25 26 27 28 29 30 31 32 33 34 35 36 37 38 39 40 41 42 43 44 45 46 47 48 49 50 51 52 53 54 55 56 57 58 59 60 61 62 63 64 65 66 67 68 69 70 71 72 73 74 75 76 77 78 79 80 81 82 83 84 85 86 87 88 89 90 91 92 93 94 95 96 97 98 99 100 101 102 103 104 105 106 107 108 109 110 111 112 113 114 115 116 117 118 119 120 121 122 123 124 125 126 127 128 129 130 131 132 133 134 135 136 137 138 139 140 141 142 143 144 145 146 147 148 149 150 151 152 153 154 155 156 157 158 159 160 161 162 163 164 165 166 167 168 169 170 171 172 173 174 175 176 177 178 179 180 181 182 183 184 185 186 187 188 189 190 191 192 193 194 195 196 197 198 199 200 1 2 3 4 5 6 7 8 9 10 11 12 13 14 15 16 17 18 19 20 21 22 23 24 25 26 27 28 29 30 31 32 33 34 35 36 37 38 39 40 41 42 43 44 45 46 47 48 49 50 51 52 53 54 55 56 57 58 59 60 61 62 63 64 65 66 67 68 69 70 71 72 73 74 75 76 77 78 79 80 81 82 83 84 85 86 87 88 89 90 91 92 93 94 95 96 97 98 99 100 101 102 103 104 105 106 107 108 109 110 111 112 113 114 115 116 117 118 119 120 121 122 123 124 125 126 127 128 129 130 131 132 133 134 135 136 137 138 139 140 141 142 143 144 145 146 147 148 149 150 151 152 153 154 155 156 157 158 159 160 161 162 163 164 165 166 167 168 169 170 171 172 173 174 175 176 177 178 179 180 181 182 183 184 185 186 187 188 189 190 191 192 193 194 195 196 197 198 199 200 1 2 3 4 5 6 7 8 9 10 11 12 13 14 15 16 17 18 19 20 21 22 23 24 25 26 27 28 29 30 31 32 33 34 35 36 37 38 39 40 41 42 43 44 45 46 47 48 49 50 51 52 53 54 55 56 57 58 59 60 61 62 63 64 65 66 67 68 69 70 71 72 73 74 75 76 77 78 79 80 81 82 83 84 85 86 87 88 89 90 91 92 93 94 95 96 97 98 99 100 101 102 103 104 105 106 107 108 109 110 111 112 113 114 115 116 117 118 119 120 121 122 123 124 125 126 127 128 129 130 131 132 133 134 135 136 137 138 139 140 141 142 143 144 145 146 147 148 149 150 151 152 153 154 155 156 157 158 159 160 161 162 163 164 165 166 167 168 169 170 171 172 173 174 175 176 177 178 179 180 181 182 183 184 185 186 187 188 189 190 191 192 193 194 195 196 197 198 199 200 1 2 3 4 5 6 7 8 9 10 11 12 13 14 15 16 17 18 19 20 21 22 23 24 25 26 27 28 29 30 31 32 33 34 35 36 37 38 39 40 41 42 43 44 45 46 47 48 49 50 51 52 53 54 55 56 57 58 59 60 61 62 63 64 65 66 67 68 69 70 71 72 73 74 75 76 77 78 79 80 81 82 83 84 85 86 87 88 89 90 91 92 93 94 95 96 97 98 99 100 101 102 103 104 105 106 107 108 109 110 111 112 113 114 115 116 117 118 119 120 121 122 123 124 125 126 127 128 129 130 131 132 133 134 135 136 137 138 139 140 141 142 143 144 145 146 147 148 149 150 151 152 153 154 155 156 157 158 159 160 161 162 163 164 165 166 167 168 169 170 171 172 173 174 175 176 177 178 179 180 181 182 183 184 185 186 187 188 189 190 191 192 193 194 195 196 197 198 199 200 1 2 3 4 5 6 7 8 9 10 11 12 13 14 15 16 17 18 19 20 21 22 23 24 25 26 27 28 29 30 31 32 33 34 35 36 37 38 39 40 41 42 43 44 45 46 47 48 49 50 51 52 53 54 55 56 57 58 59 60 61 62 63 64 65 66 67 68 69 70 71 72 73 74 75 76 77 78 79 80 81 82 83 84 85 86 87 88 89 90 91 92 93 94 95 96 97 98 99 100 101 102 103 104 105 106 107 108 109 110 111 112 113 114 115 116 117 118 119 120 121 122 123 124 125 126 127 128 129 130 131 132 133 134 135 136 137 138 139 140 141 142 143 144 145 146 147 148 149 150 151 152 153 154 155 156 157 158 159 160 161 162 163 164 165 166 167 168 169 170 171 172 173 174 175 176 177 178 179 180 181 182 183 184 185 186 187 188 189 190 191 192 193 194 195 196 197 198 199 200 1 2 3 4 5 6 7 8 9 10 11 12 13 14 15 16 17 18 19 20 21 22 23 24 25 26 27 28 29 30 31 32 33 34 35 36 37 38 39 40 41 42 43 44 45 46 47 48 49 50 51 52 53 54 55 56 57 58 59 60 61 62 63 64 65 66 67 68 69 70 71 72 73 74 75 76 77 78 79 80 81 82 83 84 85 86 87 88 89 90 91 92 93 94 95 96 97 98 99 100 101 102 103 104 105 106 107 108 109 110 111 112 113 114 115 116 117 118 119 120 121 122 123 124 125 126 127 128 129 130 131 132 133 134 135 136 137 138 139 140 141 142 143 144 145 146 147 148 149 150 151 152 153 154 155 156 157 158 159 160 161 162 163 164 165 166 167 168 169 170 171 172 173 174 175 176 177 178 179 180 181 182 183 184 185 186 187 188 189 190 191 192 193 194 195 196 197 198 199 200 1 2 3 4 5 6 7 8 9 10 11 12 13 14 15 16 17 18 19 20 21 22 23 24 25 26 27 28 29 30 31 32 33 34 35 36 37 38 39 40 41 42 43 44 45 46 47 48 49 50 51 52 53 54 55 56 57 58 59 60 61 62 63 64 65 66 67 68 69 70 71 72 73 74 75 76 77 78 79 80 81 82 83 84 85 86 87 88 89 90 91 92 93 94 95 96 97 98 99 100 101 102 103 104 105 106 107 108 109 110 111 112 113 114 115 116 117 118 119 120 121 122 123 124 125 126 127 128 129 130 131 132 133 134 135 136 137 138 139 140 141 142 143 144 145 146 147 148 149 150 151 152 153 154 155 156 157 158 159 160 161 162 163 164 165 166 167 168 169 170 171 172 173 174 175 176 177 178 179 180 181 182 183 184 185 186 187 188 189 190 191 192 193 194 195 196 197 198 199 200 1 2 3 4 5 6 7 8 9 10 11 12 13 14 15 16 17 18 19 20 21 22 23 24 25 26 27 28 29 30 31 32 33 34 35 36 37 38 39 40 41 42 43 44 45 46 47 48 49 50 51 52 53 54 55 56 57 58 59 60 61 62 63 64 65 66 67 68 69 70 71 72 73 74 75 76 77 78 79 80 81 82 83 84 85 86 87 88 89 90 91 92 93 94 95 96 97 98 99 100 101 102 103 104 105 106 107 108 109 110 111 112 113 114 115 116 117 118 119 120 121 122 123 124 125 126 127 128 129 130 131 132 133 134 135 136 137 138 139 140 141 142 143 144 145 146 147 148 149 150 151 152 153 154 155 156 157 158 159 160 161 162 163 164 165 166 167 168 169 170 171 172 173 174 175 176 177 178 179 180 181 182 183 184 185 186 187 188 189 190 191 192 193 194 195 196 197 198 199 200 1 2 3 4 5 6 7 8 9 10 11 12 13 14 15 16 17 18 19 20 21 22 23 24 25 26 27 28 29 30 31 32 33 34 35 36 37 38 39 40 41 42 43 44 45 46 47 48 49 50 51 52 53 54 55 56 57 58 59 60 61 62 63 64 65 66 67 68 69 70 71 72 73 74 75 76 77 78 79 80 81 82 83 84 85 86 87 88 89 90 91 92 93 94 95 96 97 98 99 100 101 102 103 104 105 106 107 108 109 110 111 112 113 114 115 116 117 118 119 120 121 122 123 124 125 126 127 128 129 130 131 132 133 134 135 136 137 138 139 140 141 142 143 144 145 146 147 148 149 150 151 152 153 154 155 156 157 158 159 160 161 162 163 164 165 166 167 168 169 170 171 172 173 174 175 176 177 178 179 180 181 182 183 184 185 186 187 188 189 190 191 192 193 194 195 196 197 198 199 200 1 2 3 4 5 6 7 8 9 10 11 12 13 14 15 16 17 18 19 20 21 22 23 24 25 26 27 28 29 30 31 32 33 34 35 36 37 38 39 40 41 42 43 44 45 46 47 48 49 50 51 52 53 54 55 56 57 58 59 60 61 62 63 64 65 66 67 68 69 70 71 72 73 74 75 76 77 78 79 80 81 82 83 84 85 86 87 88 89 90 91 92 93 94 95 96 97 98 99 100 101 102 103 104 105 106 107 108 109 110 111 112 113 114 115 116 117 118 119 120 121 122 123 124 125 126 127 128 129 130 131 132 133 134 135 136 137 138 139 140 141 142 143 144 145 146 147 148 149 150 151 152 153 154 155 156 157 158 159 160 161 162 163 164 165 166 167 168 169 170 171 172 173 174 175 176 177 178 179 180 181 182 183 184 185 186 187 188 189 190 191 192 193 194 195 196 197 198 199 200 1 2 3 4 5 6 7 8 9 10 11 12 13 14 15 16 17 18 19 20 21 22 23 24 25 26 27 28 29 30 31 32 33 34 35 36 37 38 39 40 41 42 43 44 45 46 47 48 49 50 51 52 53 54 55 56 57 58 59 60 61 62 63 64 65 66 67 68 69 70 71 72 73 74 75 76 77 78 79 80 81 82 83 84 85 86 87 88 89 90 91 92 93 94 95 96 97 98 99 100 101 102 103 104 105 106 107 108 109 110 111 112 113 114 115 116 117 118 119 120 121 122 123 124 125 126 127 128 129 130 131 132 133 134 135 136 137 138 139 140 141 142 143 144 145 146 147 148 149 150 151 152 153 154 155 156 157 158 159 160 161 162 163 164 165 166 167 168 169 170 171 172 173 174 175 176 177 178 179 180 181 182 183 184 185 186 187 188 189 190 191 192 193 194 195 196 197 198 199 200 1 2 3 4 5 6 7 8 9 10 11 12 13 14 15 16 17 18 19 20 21 22 23 24 25 26 27 28 29 30 31 32 33 34 35 36 37 38 39 40 41 42 43 44 45 46 47 48 49 50 51 52 53 54 55 56 57 58 59 60 61 62 63 64 65 66 67 68 69 70 71 72 73 74 75 76 77 78 79 80 81 82 83 84 85 86 87 88 89 90 91 92 93 94 95 96 97 98 99 100 101 102 103 104 105 106 107 108 109 110 111 112 113 114 115 116 117 118 119 120 121 122 123 124 125 126 127 128 129 130 131 132 133 134 135 136 137 138 139 140 141 142 143 144 145 146 147 148 149 150 151 152 153 154 155 156 157 158 159 160 161 162 163 164 165 166 167 168 169 170 171 172 173 174 175 176 177 178 179 180 181 182 183 184 185 186 187 188 189 190 191 192 193 194 195 196 197 198 199 200 1 2 3 4 5 6 7 8 9 10 11 12 13 14 15 16 17 18 19 20 21 22 23 24 25 26 27 28 29 30 31 32 33 34 35 36 37 38 39 40 41 42 43 44 45 46 47 48 49 50 51 52 53 54 55 56 57 58 59 60 61 62 63 64 65 66 67 68 69 70 71 72 73 74 75 76 77 78 79 80 81 82 83 84 85 86 87 88 89 90 91 92 93 94 95 96 97 98 99 100 101 102 103 104 105 106 107 108 109 110 111 112 113 114 115 116 117 118 119 120 121 122 123 124 125 126 127 128 129 130 131 132 133 134 135 136 137 138 139 140 141 142 143 144 145 146 147 148 149 150 151 152 153 154 155 156 157 158 159 160 161 162 163 164 165 166 167 168 169 170 171 172 173 174 175 176 177 178 179 180 181 182 183 184 185 186 187 188 189 190 191 192 193 194 195 196 197 198 199 200 1 2 3 4 5 6 7 8 9 10 11 12 13 14 15 16 17 18 19 20 21 22 23 24 25 26 27 28 29 30 31 32 33 34 35 36 37 38 39 40 41 42 43 44 45 46 47 48 49 50 51 52 53 54 55 56 57 58 59 60 61 62 63 64 65 66 67 68 69 70 71 72 73 74 75 76 77 78 79 80 81 82 83 84 85 86 87 88 89 90 91 92 93 94 95 96 97 98 99 100 101 102 103 104 105 106 107 108 109 110 111 112 113 114 115 116 117 118 119 120 121 122 123 124 125 126 127 128 129 130 131 132 133 134 135 136 137 138 139 140 141 142 143 144 145 146 147 148 149 150 151 152 153 154 155 156 157 158 159 160 161 162 163 164 165 166 167 168 169 170 171 172 173 174 175 176 177 178 179 180 181 182 183 184 185 186 187 188 189 190 191 192 193 194 195 196 197 198 199 200 1 2 3 4 5 6 7 8 9 10 11 12 13 14 15 16 17 18 19 20 21 22 23 24 25 26 27 28 29 30 31 32 33 34 35 36 37 38 39 40 41 42 43 44 45 46 47 48 49 50 51 52 53 54 55 56 57 58 59 60 61 62 63 64 65 66 67 68 69 70 71 72 73 74 75 76 77 78 79 80 81 82 83 84 85 86 87 88 89 90 91 92 93 94 95 96 97 98 99 100 101 102 103 104 105 106 107 108 109 110 111 112 113 114 115 116 117 118 119 120 121 122 123 124 125 126 127 128 129 130 131 132 133 134 135 136 137 138 139 140 141 142 143 144 145 146 147 148 149 150 151 152 153 154 155 156 157 158 159 160 161 162 163 164 165 166 167 168 169 170 171 172 173 174 175 176 177 178 179 180 181 182 183 184 185 186 187 188 189 190 191 192 193 194 195 196 197 198 199 200 1 2 3 4 5 6 7 8 9 10 11 12 13 14 15 16 17 18 19 20 21 22 23 24 25 26 27 28 29 30 31 32 33 34 35 36 37 38 39 40 41 42 43 44 45 46 47 48 49 50 51 52 53 54 55 56 57 58 59 60 61 62 63 64 65 66 67 68 69 70 71 72 73 74 75 76 77 78 79 80 81 82 83 84 85 86 87 88 89 90 91 92 93 94 95 96 97 98 99 100 101 102 103 104 105 106 107 108 109 110 111 112 113 114 115 116 117 118 119 120 121 122 123 124 125 126 127 128 129 130 131 132 133 134 135 136 137 138 139 140 141 142 143 144 145 146 147 148 149 150 151 152 153 154 155 156 157 158 159 160 161 162 163 164 165 166 167 168 169 170 171 172 173 174 175 176 177 178 179 180 181 182 183 184 185 186 187 188 189 190 191 192 193 194 195 196 197 198 199 200 1 2 3 4 5 6 7 8 9 10 11 12 13 14 15 16 17 18 19 20 21 22 23 24 25 26 27 28 29 30 31 32 33 34 35 36 37 38 39 40 41 42 43 44 45 46 47 48 49 50 51 52 53 54 55 56 57 58 59 60 61 62 63 64 65 66 67 68 69 70 71 72 73 74 75 76 77 78 79 80 81 82 83 84 85 86 87 88 89 90 91 92 93 94 95 96 97 98 99 100 101 102 103 104 105 106 107 108 109 110 111 112 113 114 115 116 117 118 119 120 121 122 123 124 125 126 127 128 129 130 131 132 133 134 135 136 137 138 139 140 141 142 143 144 145 146 147 148 149 150 151 152 153 154 155 156 157 158 159 160 161 162 163 164 165 166 167 168 169 170 171 172 173 174 175 176 177 178 179 180 181 182 183 184 185 186 187 188 189 190 191 192 193 194 195 196 197 198 199 200 1 2 3 4 5 6 7 8 9 10 11 12 13 14 15 16 17 18 19 20 21 22 23 24 25 26 27 28 29 30 31 32 33 34 35 36 37 38 39 40 41 42 43 44 45 46 47 48 49 50 51 52 53 54 55 56 57 58 59 60 61 62 63 64 65 66 67 68 69 70 71 72 73 74 75 76 77 78 79 80 81 82 83 84 85 86 87 88 89 90 91 92 93 94 95 96 97 98 99 100 101 102 103 104 105 106 107 108 109 110 111 112 113 114 115 116 117 118 119 120 121 122 123 124 125 126 127 128 129 130 131 132 133 134 135 136 137 138 139 140 141 142 143 144 145 146 147 148 149 150 151 152 153 154 155 156 157 158 159 160 161 162 163 164 165 166 167 168 169 170 171 172 173 174 175 176 177 178 179 180 181 182 183 184 185 186 187 188 189 190 191 192 193 194 195 196 197 198 199 200 1 2 3 4 5 6 7 8 9 10 11 12 13 14 15 16 17 18 19 20 21 22 23 24 25 26 27 28 29 30 31 32 33 34 35 36 37 38 39 40 41 42 43 44 45 46 47 48 49 50 51 52 53 54 55 56 57 58 59 60 61 62 63 64 65 66 67 68 69 70 71 72 73 74 75 76 77 78 79 80 81 82 83 84 85 86 87 88 89 90 91 92 93 94 95 96 97 98 99 100 101 102 103 104 105 106 107 108 109 110 111 112 113 114 115 116 117 118 119 120 121 122 123 124 125 126 127 128 129 130 131 132 133 134 135 136 137 138 139 140 141 142 143 144 145 146 147 148 149 150 151 152 153 154 155 156 157 158 159 160 161 162 163 164 165 166 167 168 169 170 171 172 173 174 175 176 177 178 179 180 181 182 183 184 185 186 187 188 189 190 191 192 193 194 195 196 197 198 199 200 1 2 3 4 5 6 7 8 9 10 11 12 13 14 15 16 17 18 19 20 21 22 23 24 25 26 27 28 29 30 31 32 33 34 35 36 37 38 39 40 41 42 43 44 45 46 47 48 49 50 51 52 53 54 55 56 57 58 59 60 61 62 63 64 65 66 67 68 69 70 71 72 73 74 75 76 77 78 79 80 81 82 83 84 85 86 87 88 89 90 91 92 93 94 95 96 97 98 99 100 101 102 103 104 105 106 107 108 109 110 111 112 113 114 115 116 117 118 119 120 121 122 123 124 125 126 127 128 129 130 131 132 133 134 135 136 137 138 139 140 141 142 143 144 145 146 147 148 149 150 151 152 153 154 155 156 157 158 159 160 161 162 163 164 165 166 167 168 169 170 171 172 173 174 175 176 177 178 179 180 181 182 183 184 185 186 187 188 189 190 191 192 193 194 195 196 197 198 199 200 1 2 3 4 5 6 7 8 9 10 11 12 13 14 15 16 17 18 19 20 21 22 23 24 25 26 27 28 29 30 31 32 33 34 35 36 37 38 39 40 41 42 43 44 45 46 47 48 49 50 51 52 53 54 55 56 57 58 59 60 61 62 63 64 65 66 67 68 69 70 71 72 73 74 75 76 77 78 79 80 81 82 83 84 85 86 87 88 89 90 91 92 93 94 95 96 97 98 99 100 101 102 103 104 105 106 107 108 109 110 111 112 113 114 115 116 117 118 119 120 121 122 123 124 125 126 127 128 129 130 131 132 133 134 135 136 137 138 139 140 141 142 143 144 145 146 147 148 149 150 151 152 153 154 155 156 157 158 159 160 161 162 163 164 165 166 167 168 169 170 171 172 173 174 175 176 177 178 179 180 181 182 183 184 185 186 187 188 189 190 191 192 193 194 195 196 197 198 199 200 1 2 3 4 5 6 7 8 9 10 11 12 13 14 15 16 17 18 19 20 21 22 23 24 25 26 27 28 29 30 31 32 33 34 35 36 37 38 39 40 41 42 43 44 45 46 47 48 49 50 51 52 53 54 55 56 57 58 59 60 61 62 63 64 65 66 67 68 69 70 71 72 73 74 75 76 77 78 79 80 81 82 83 84 85 86 87 88 89 90 91 92 93 94 95 96 97 98 99 100 101 102 103 104 105 106 107 108 109 110 111 112 113 114 115 116 117 118 119 120 121 122 123 124 125 126 127 128 129 130 131 132 133 134 135 136 137 138 139 140 141 142 143 144 145 146 147 148 149 150 151 152 153 154 155 156 157 158 159 160 161 162 163 164 165 166 167 168 169 170 171 172 173 174 175 176 177 178 179 180 181 182 183 184 185 186 187 188 189 190 191 192 193 194 195 196 197 198 199 200 1 2 3 4 5 6 7 8 9 10 11 12 13 14 15 16 17 18 19 20 21 22 23 24 25 26 27 28 29 30 31 32 33 34 35 36 37 38 39 40 41 42 43 44 45 46 47 48 49 50 51 52 53 54 55 56 57 58 59 60 61 62 63 64 65 66 67 68 69 70 71 72 73 74 75 76 77 78 79 80 81 82 83 84 85 86 87 88 89 90 91 92 93 94 95 96 97 98 99 100 101 102 103 104 105 106 107 108 109 110 111 112 113 114 115 116 117 118 119 120 121 122 123 124 125 126 127 128 129 130 131 132 133 134 135 136 137 138 139 140 141 142 143 144 145 146 147 148 149 150 151 152 153 154 155 156 157 158 159 160 161 162 163 164 165 166 167 168 169 170 171 172 173 174 175 176 177 178 179 180 181 182 183 184 185 186 187 188 189 190 191 192 193 194 195 196 197 198 199 200 1 2 3 4 5 6 7 8 9 10 11 12 13 14 15 16 17 18 19 20 21 22 23 24 25 26 27 28 29 30 31 32 33 34 35 36 37 38 39 40 41 42 43 44 45 46 47 48 49 50 51 52 53 54 55 56 57 58 59 60 61 62 63 64 65 66 67 68 69 70 71 72 73 74 75 76 77 78 79 80 81 82 83 84 85 86 87 88 89 90 91 92 93 94 95 96 97 98 99 100 101 102 103 104 105 106 107 108 109 110 111 112 113 114 115 116 117 118 119 120 121 122 123 124 125 126 127 128 129 130 131 132 133 134 135 136 137 138 139 140 141 142 143 144 145 146 147 148 149 150 151 152 153 154 155 156 157 158 159 160 161 162 163 164 165 166 167 168 169 170 171 172 173 174 175 176 177 178 179 180 181 182 183 184 185 186 187 188 189 190 191 192 193 194 195 196 197 198 199 200 1 2 3 4 5 6 7 8 9 10 11 12 13 14 15 16 17 18 19 20 21 22 23 24 25 26 27 28 29 30 31 32 33 34 35 36 37 38 39 40 41 42 43 44 45 46 47 48 49 50 51 52 53 54 55 56 57 58 59 60 61 62 63 64 65 66 67 68 69 70 71 72 73 74 75 76 77 78 79 80 81 82 83 84 85 86 87 88 89 90 91 92 93 94 95 96 97 98 99 100 101 102 103 104 105 106 107 108 109 110 111 112 113 114 115 116 117 118 119 120 121 122 123 124 125 126 127 128 129 130 131 132 133 134 135 136 137 138 139 140 141 142 143 144 145 146 147 148 149 150 151 152 153 154 155 156 157 158 159 160 161 162 163 164 165 166 167 168 169 170 171 172 173 174 175 176 177 178 179 180 181 182 183 184 185 186 187 188 189 190 191 192 193 194 195 196 197 198 199 200 1 2 3 4 5 6 7 8 9 10 11 12 13 14 15 16 17 18 19 20 21 22 23 24 25 26 27 28 29 30 31 32 33 34 35 36 37 38 39 40 41 42 43 44 45 46 47 48 49 50 51 52 53 54 55 56 57 58 59 60 61 62 63 64 65 66 67 68 69 70 71 72 73 74 75 76 77 78 79 80 81 82 83 84 85 86 87 88 89 90 91 92 93 94 95 96 97 98 99 100 101 102 103 104 105 106 107 108 109 110 111 112 113 114 115 116 117 118 119 120 121 122 123 124 125 126 127 128 129 130 131 132 133 134 135 136 137 138 139 140 141 142 143 144 145 146 147 148 149 150 151 152 153 154 155 156 157 158 159 160 161 162 163 164 165 166 167 168 169 170 171 172 173 174 175 176 177 178 179 180 181 182 183 184 185 186 187 188 189 190 191 192 193 194 195 196 197 198 199 200 1 2 3 4 5 6 7 8 9 10 11 12 13 14 15 16 17 18 19 20 21 22 23 24 25 26 27 28 29 30 31 32 33 34 35 36 37 38 39 40 41 42 43 44 45 46 47 48 49 50 51 52 53 54 55 56 57 58 59 60 61 62 63 64 65 66 67 68 69 70 71 72 73 74 75 76 77 78 79 80 81 82 83 84 85 86 87 88 89 90 91 92 93 94 95 96 97 98 99 100 101 102 103 104 105 106 107 108 109 110 111 112 113 114 115 116 117 118 119 120 121 122 123 124 125 126 127 128 129 130 131 132 133 134 135 136 137 138 139 140 141 142 143 144 145 146 147 148 149 150 151 152 153 154 155 156 157 158 159 160 161 162 163 164 165 166 167 168 169 170 171 172 173 174 175 176 177 178 179 180 181 182 183 184 185 186 187 188 189 190 191 192 193 194 195 196 197 198 199 200 1 2 3 4 5 6 7 8 9 10 11 12 13 14 15 16 17 18 19 20 21 22 23 24 25 26 27 28 29 30 31 32 33 34 35 36 37 38 39 40 41 42 43 44 45 46 47 48 49 50 51 52 53 54 55 56 57 58 59 60 61 62 63 64 65 66 67 68 69 70 71 72 73 74 75 76 77 78 79 80 81 82 83 84 85 86 87 88 89 90 91 92 93 94 95 96 97 98 99 100 101 102 103 104 105 106 107 108 109 110 111 112 113 114 115 116 117 118 119 120 121 122 123 124 125 126 127 128 129 130 131 132 133 134 135 136 137 138 139 140 141 142 143 144 145 146 147 148 149 150 151 152 153 154 155 156 157 158 159 160 161 162 163 164 165 166 167 168 169 170 171 172 173 174 175 176 177 178 179 180 181 182 183 184 185 186 187 188 189 190 191 192 193 194 195 196 197 198 199 200 1 2 3 4 5 6 7 8 9 10 11 12 13 14 15 16 17 18 19 20 21 22 23 24 25 26 27 28 29 30 31 32 33 34 35 36 37 38 39 40 41 42 43 44 45 46 47 48 49 50 51 52 53 54 55 56 57 58 59 60 61 62 63 64 65 66 67 68 69 70 71 72 73 74 75 76 77 78 79 80 81 82 83 84 85 86 87 88 89 90 91 92 93 94 95 96 97 98 99 100 101 102 103 104 105 106 107 108 109 110 111 112 113 114 115 116 117 118 119 120 121 122 123 124 125 126 127 128 129 130 131 132 133 134 135 136 137 138 139 140 141 142 143 144 145 146 147 148 149 150 151 152 153 154 155 156 157 158 159 160 161 162 163 164 165 166 167 168 169 170 171 172 173 174 175 176 177 178 179 180 181 182 183 184 185 186 187 188 189 190 191 192 193 194 195 196 197 198 199 200 1 2 3 4 5 6 7 8 9 10 11 12 13 14 15 16 17 18 19 20 21 22 23 24 25 26 27 28 29 30 31 32 33 34 35 36 37 38 39 40 41 42 43 44 45 46 47 48 49 50 51 52 53 54 55 56 57 58 59 60 61 62 63 64 65 66 67 68 69 70 71 72 73 74 75 76 77 78 79 80 81 82 83 84 85 86 87 88 89 90 91 92 93 94 95 96 97 98 99 100 101 102 103 104 105 106 107 108 109 110 111 112 113 114 115 116 117 118 119 120 121 122 123 124 125 126 127 128 129 130 131 132 133 134 135 136 137 138 139 140 141 142 143 144 145 146 147 148 149 150 151 152 153 154 155 156 157 158 159 160 161 162 163 164 165 166 167 168 169 170 171 172 173 174 175 176 177 178 179 180 181 182 183 184 185 186 187 188 189 190 191 192 193 194 195 196 197 198 199 200 1 2 3 4 5 6 7 8 9 10 11 12 13 14 15 16 17 18 19 20 21 22 23 24 25 26 27 28 29 30 31 32 33 34 35 36 37 38 39 40 41 42 43 44 45 46 47 48 49 50 51 52 53 54 55 56 57 58 59 60 61 62 63 64 65 66 67 68 69 70 71 72 73 74 75 76 77 78 79 80 81 82 83 84 85 86 87 88 89 90 91 92 93 94 95 96 97 98 99 100 101 102 103 104 105 106 107 108 109 110 111 112 113 114 115 116 117 118 119 120 121 122 123 124 125 126 127 128 129 130 131 132 133 134 135 136 137 138 139 140 141 142 143 144 145 146 147 148 149 150 151 152 153 154 155 156 157 158 159 160 161 162 163 164 165 166 167 168 169 170 171 172 173 174 175 176 177 178 179 180 181 182 183 184 185 186 187 188 189 190 191 192 193 194 195 196 197 198 199 200 1 2 3 4 5 6 7 8 9 10 11 12 13 14 15 16 17 18 19 20 21 22 23 24 25 26 27 28 29 30 31 32 33 34 35 36 37 38 39 40 41 42 43 44 45 46 47 48 49 50 51 52 53 54 55 56 57 58 59 60 61 62 63 64 65 66 67 68 69 70 71 72 73 74 75 76 77 78 79 80 81 82 83 84 85 86 87 88 89 90 91 92 93 94 95 96 97 98 99 100 101 102 103 104 105 106 107 108 109 110 111 112 113 114 115 116 117 118 119 120 121 122 123 124 125 126 127 128 129 130 131 132 133 134 135 136 137 138 139 140 141 142 143 144 145 146 147 148 149 150 151 152 153 154 155 156 157 158 159 160 161 162 163 164 165 166 167 168 169 170 171 172 173 174 175 176 177 178 179 180 181 182 183 184 185 186 187 188 189 190 191 192 193 194 195 196 197 198 199 200 1 2 3 4 5 6 7 8 9 10 11 12 13 14 15 16 17 18 19 20 21 22 23 24 25 26 27 28 29 30 31 32 33 34 35 36 37 38 39 40 41 42 43 44 45 46 47 48 49 50 51 52 53 54 55 56 57 58 59 60 61 62 63 64 65 66 67 68 69 70 71 72 73 74 75 76 77 78 79 80 81 82 83 84 85 86 87 88 89 90 91 92 93 94 95 96 97 98 99 100 101 102 103 104 105 106 107 108 109 110 111 112 113 114 115 116 117 118 119 120 121 122 123 124 125 126 127 128 129 130 131 132 133 134 135 136 137 138 139 140 141 142 143 144 145 146 147 148 149 150 151 152 153 154 155 156 157 158 159 160 161 162 163 164 165 166 167 168 169 170 171 172 173 174 175 176 177 178 179 180 181 182 183 184 185 186 187 188 189 190 191 192 193 194 195 196 197 198 199 200 1 2 3 4 5 6 7 8 9 10 11 12 13 14 15 16 17 18 19 20 21 22 23 24 25 26 27 28 29 30 31 32 33 34 35 36 37 38 39 40 41 42 43 44 45 46 47 48 49 50 51 52 53 54 55 56 57 58 59 60 61 62 63 64 65 66 67 68 69 70 71 72 73 74 75 76 77 78 79 80 81 82 83 84 85 86 87 88 89 90 91 92 93 94 95 96 97 98 99 100 101 102 103 104 105 106 107 108 109 110 111 112 113 114 115 116 117 118 119 120 121 122 123 124 125 126 127 128 129 130 131 132 133 134 135 136 137 138 139 140 141 142 143 144 145 146 147 148 149 150 151 152 153 154 155 156 157 158 159 160 161 162 163 164 165 166 167 168 169 170 171 172 173 174 175 176 177 178 179 180 181 182 183 184 185 186 187 188 189 190 191 192 193 194 195 196 197 198 199 200 1 2 3 4 5 6 7 8 9 10 11 12 13 14 15 16 17 18 19 20 21 22 23 24 25 26 27 28 29 30 31 32 33 34 35 36 37 38 39 40 41 42 43 44 45 46 47 48 49 50 51 52 53 54 55 56 57 58 59 60 61 62 63 64 65 66 67 68 69 70 71 72 73 74 75 76 77 78 79 80 81 82 83 84 85 86 87 88 89 90 91 92 93 94 95 96 97 98 99 100 101 102 103 104 105 106 107 108 109 110 111 112 113 114 115 116 117 118 119 120 121 122 123 124 125 126 127 128 129 130 131 132 133 134 135 136 137 138 139 140 141 142 143 144 145 146 147 148 149 150 151 152 153 154 155 156 157 158 159 160 161 162 163 164 165 166 167 168 169 170 171 172 173 174 175 176 177 178 179 180 181 182 183 184 185 186 187 188 189 190 191 192 193 194 195 196 197 198 199 200 1 2 3 4 5 6 7 8 9 10 11 12 13 14 15 16 17 18 19 20 21 22 23 24 25 26 27 28 29 30 31 32 33 34 35 36 37 38 39 40 41 42 43 44 45 46 47 48 49 50 51 52 53 54 55 56 57 58 59 60 61 62 63 64 65 66 67 68 69 70 71 72 73 74 75 76 77 78 79 80 81 82 83 84 85 86 87 88 89 90 91 92 93 94 95 96 97 98 99 100 101 102 103 104 105 106 107 108 109 110 111 112 113 114 115 116 117 118 119 120 121 122 123 124 125 126 127 128 129 130 131 132 133 134 135 136 137 138 139 140 141 142 143 144 145 146 147 148 149 150 151 152 153 154 155 156 157 158 159 160 161 162 163 164 165 166 167 168 169 170 171 172 173 174 175 176 177 178 179 180 181 182 183 184 185 186 187 188 189 190 191 192 193 194 195 196 197 198 199 200 1 2 3 4 5 6 7 8 9 10 11 12 13 14 15 16 17 18 19 20 21 22 23 24 25 26 27 28 29 30 31 32 33 34 35 36 37 38 39 40 41 42 43 44 45 46 47 48 49 50 51 52 53 54 55 56 57 58 59 60 61 62 63 64 65 66 67 68 69 70 71 72 73 74 75 76 77 78 79 80 81 82 83 84 85 86 87 88 89 90 91 92 93 94 95 96 97 98 99 100 101 102 103 104 105 106 107 108 109 110 111 112 113 114 115 116 117 118 119 120 121 122 123 124 125 126 127 128 129 130 131 132 133 134 135 136 137 138 139 140 141 142 143 144 145 146 147 148 149 150 151 152 153 154 155 156 157 158 159 160 161 162 163 164 165 166 167 168 169 170 171 172 173 174 175 176 177 178 179 180 181 182 183 184 185 186 187 188 189 190 191 192 193 194 195 196 197 198 199 200 1 2 3 4 5 6 7 8 9 10 11 12 13 14 15 16 17 18 19 20 21 22 23 24 25 26 27 28 29 30 31 32 33 34 35 36 37 38 39 40 41 42 43 44 45 46 47 48 49 50 51 52 53 54 55 56 57 58 59 60 61 62 63 64 65 66 67 68 69 70 71 72 73 74 75 76 77 78 79 80 81 82 83 84 85 86 87 88 89 90 91 92 93 94 95 96 97 98 99 100 101 102 103 104 105 106 107 108 109 110 111 112 113 114 115 116 117 118 119 120 121 122 123 124 125 126 127 128 129 130 131 132 133 134 135 136 137 138 139 140 141 142 143 144 145 146 147 148 149 150 151 152 153 154 155 156 157 158 159 160 161 162 163 164 165 166 167 168 169 170 171 172 173 174 175 176 177 178 179 180 181 182 183 184 185 186 187 188 189 190 191 192 193 194 195 196 197 198 199 200 1 2 3 4 5 6 7 8 9 10 11 12 13 14 15 16 17 18 19 20 21 22 23 24 25 26 27 28 29 30 31 32 33 34 35 36 37 38 39 40 41 42 43 44 45 46 47 48 49 50 51 52 53 54 55 56 57 58 59 60 61 62 63 64 65 66 67 68 69 70 71 72 73 74 75 76 77 78 79 80 81 82 83 84 85 86 87 88 89 90 91 92 93 94 95 96 97 98 99 100 101 102 103 104 105 106 107 108 109 110 111 112 113 114 115 116 117 118 119 120 121 122 123 124 125 126 127 128 129 130 131 132 133 134 135 136 137 138 139 140 141 142 143 144 145 146 147 148 149 150 151 152 153 154 155 156 157 158 159 160 161 162 163 164 165 166 167 168 169 170 171 172 173 174 175 176 177 178 179 180 181 182 183 184 185 186 187 188 189 190 191 192 193 194 195 196 197 198 199 200 1 2 3 4 5 6 7 8 9 10 11 12 13 14 15 16 17 18 19 20 21 22 23 24 25 26 27 28 29 30 31 32 33 34 35 36 37 38 39 40 41 42 43 44 45 46 47 48 49 50 51 52 53 54 55 56 57 58 59 60 61 62 63 64 65 66 67 68 69 70 71 72 73 74 75 76 77 78 79 80 81 82 83 84 85 86 87 88 89 90 91 92 93 94 95 96 97 98 99 100 101 102 103 104 105 106 107 108 109 110 111 112 113 114 115 116 117 118 119 120 121 122 123 124 125 126 127 128 129 130 131 132 133 134 135 136 137 138 139 140 141 142 143 144 145 146 147 148 149 150 151 152 153 154 155 156 157 158 159 160 161 162 163 164 165 166 167 168 169 170 171 172 173 174 175 176 177 178 179 180 181 182 183 184 185 186 187 188 189 190 191 192 193 194 195 196 197 198 199 200 1 2 3 4 5 6 7 8 9 10 11 12 13 14 15 16 17 18 19 20 21 22 23 24 25 26 27 28 29 30 31 32 33 34 35 36 37 38 39 40 41 42 43 44 45 46 47 48 49 50 51 52 53 54 55 56 57 58 59 60 61 62 63 64 65 66 67 68 69 70 71 72 73 74 75 76 77 78 79 80 81 82 83 84 85 86 87 88 89 90 91 92 93 94 95 96 97 98 99 100 101 102 103 104 105 106 107 108 109 110 111 112 113 114 115 116 117 118 119 120 121 122 123 124 125 126 127 128 129 130 131 132 133 134 135 136 137 138 139 140 141 142 143 144 145 146 147 148 149 150 151 152 153 154 155 156 157 158 159 160 161 162 163 164 165 166 167 168 169 170 171 172 173 174 175 176 177 178 179 180 181 182 183 184 185 186 187 188 189 190 191 192 193 194 195 196 197 198 199 200 1 2 3 4 5 6 7 8 9 10 11 12 13 14 15 16 17 18 19 20 21 22 23 24 25 26 27 28 29 30 31 32 33 34 35 36 37 38 39 40 41 42 43 44 45 46 47 48 49 50 51 52 53 54 55 56 57 58 59 60 61 62 63 64 65 66 67 68 69 70 71 72 73 74 75 76 77 78 79 80 81 82 83 84 85 86 87 88 89 90 91 92 93 94 95 96 97 98 99 100 
