1325 7819 13242 1500
1 1
1 2
1 3
1 4
1 5
1 6
1 7
1 8
1 9
1 10
1 11
1 12
1 13
1 14
1 15
1 16
1 17
1 18
1 19
1 20
1 21
1 22
1 23
1 24
1 25
1 26
1 27
1 28
1 29
1 30
1 31
1 32
1 33
1 34
1 35
1 36
1 37
1 38
1 39
1 40
1 41
1 42
1 43
1 44
1 45
1 46
1 47
1 48
1 49
1 50
1 51
1 52
1 53
1 54
1 55
1 56
1 57
1 58
1 59
1 60
1 61
1 62
1 63
1 64
1 65
1 66
1 67
1 68
1 69
1 70
1 71
1 72
1 73
1 74
1 75
1 76
1 77
1 78
1 79
1 80
1 81
1 82
1 83
1 84
1 85
1 86
1 87
1 88
1 89
1 90
1 91
1 92
1 93
1 94
1 95
1 96
1 97
1 98
1 99
1 100
1 101
1 102
1 103
1 104
1 105
1 106
1 107
1 108
1 109
1 110
1 111
1 112
1 113
1 114
1 115
1 116
1 117
1 118
1 119
1 120
1 121
1 122
1 123
1 124
1 125
1 126
1 127
1 128
1 129
1 130
1 131
1 132
1 133
1 134
1 135
1 136
1 137
1 138
1 139
1 140
1 141
1 142
1 143
1 144
1 145
1 146
1 147
1 148
1 149
1 150
1 151
1 152
1 153
1 154
1 155
1 156
1 157
1 158
1 159
1 160
1 161
1 162
1 163
1 164
1 165
1 166
1 167
1 168
1 169
1 170
1 171
1 172
1 173
1 174
1 175
1 176
1 177
1 178
1 179
1 180
1 182
1 185
1 186
1 187
1 188
1 189
1 190
1 191
1 192
1 193
1 195
1 196
1 197
1 198
1 199
1 200
1 201
1 202
1 203
1 204
1 205
1 206
1 207
1 208
1 209
1 210
1 211
1 212
1 213
1 214
1 215
1 216
1 217
1 218
1 219
1 220
1 221
1 222
1 223
1 224
1 225
1 226
1 227
1 228
1 229
1 230
1 231
1 232
1 233
1 234
1 235
1 236
1 237
1 238
1 239
1 240
1 241
1 243
1 244
1 245
1 246
1 247
1 248
1 249
1 250
1 251
1 253
1 254
1 255
1 256
1 257
1 258
1 259
1 260
1 261
1 262
1 263
1 264
1 265
1 266
1 267
1 268
1 269
1 270
1 271
1 272
1 273
1 274
1 275
1 276
1 277
1 278
1 279
1 280
1 281
1 284
1 286
1 287
1 288
1 289
1 290
1 291
1 292
1 293
1 295
1 296
1 297
1 298
1 299
1 300
1 301
1 302
1 303
1 304
1 305
1 306
1 307
1 308
1 309
1 310
1 311
1 312
1 313
1 314
1 315
1 316
1 317
1 318
1 319
1 320
1 321
1 322
1 323
1 324
1 325
1 326
1 327
1 328
1 329
1 330
1 331
1 332
1 333
1 334
1 335
1 336
1 337
1 338
1 339
1 340
1 341
1 342
1 343
1 344
1 345
1 346
1 347
1 348
1 349
1 350
1 352
1 354
1 355
1 356
1 357
1 359
1 360
1 361
1 362
1 363
1 364
1 370
1 373
1 388
1 389
1 390
1 391
1 392
1 393
1 394
1 395
1 396
1 397
1 398
1 399
1 400
1 401
1 402
1 403
1 404
1 405
1 406
1 407
1 408
1 409
1 411
1 412
1 413
1 414
1 415
1 422
1 427
1 428
1 429
1 430
1 431
1 432
1 433
1 434
1 436
1 438
1 445
1 446
1 447
1 448
1 449
1 450
1 452
1 453
1 454
1 455
1 456
1 457
1 458
1 459
1 460
1 461
1 462
1 463
1 464
1 465
1 466
1 467
1 468
1 469
1 470
1 471
1 472
1 473
1 474
1 475
1 476
1 477
1 478
1 479
1 480
1 481
1 482
1 483
1 484
1 485
1 486
1 487
1 488
1 489
1 490
1 491
1 492
1 493
1 494
1 495
1 496
1 497
1 498
1 499
1 500
1 501
1 502
1 503
1 504
1 505
1 506
1 507
1 508
1 509
1 510
1 511
1 512
1 513
1 514
1 515
1 516
1 517
1 518
1 519
1 522
1 523
1 524
1 525
1 526
1 527
1 528
1 529
1 532
1 533
1 534
1 535
1 536
1 537
1 538
1 539
1 540
1 541
1 542
1 543
1 544
1 545
1 546
1 547
1 548
1 550
1 551
1 553
1 554
1 555
1 556
1 557
1 558
1 559
1 560
1 561
1 562
1 563
1 572
1 573
1 574
1 575
1 576
1 577
1 578
1 579
1 580
1 581
1 582
1 583
1 584
1 587
1 588
1 589
1 590
1 591
1 592
1 593
1 594
1 595
1 596
1 597
1 598
1 599
1 600
1 601
1 602
1 603
1 604
1 605
1 606
1 607
1 608
1 609
1 610
1 611
1 612
1 613
1 614
1 615
1 616
1 617
1 618
1 619
1 620
1 621
1 622
1 623
1 624
1 625
1 626
1 627
1 628
1 629
1 630
1 631
1 632
1 633
1 634
1 635
1 636
1 637
1 638
1 639
1 640
1 641
1 642
1 643
1 644
1 645
1 646
1 647
1 648
1 649
1 650
1 651
1 652
1 653
1 654
1 655
1 656
1 657
1 658
1 659
1 660
1 661
1 662
1 663
1 664
1 665
1 666
1 667
1 668
1 669
1 670
1 671
1 672
1 673
1 674
1 675
1 676
1 677
1 678
1 679
1 680
1 681
1 682
1 683
1 684
1 685
1 686
1 687
1 688
1 689
1 690
1 692
1 693
1 694
1 695
1 696
1 697
1 702
1 704
1 707
1 712
1 713
1 719
1 724
1 726
1 763
1 791
1 797
1 798
1 799
1 800
1 801
1 802
1 803
1 804
1 805
1 813
1 845
1 849
1 851
1 898
1 914
1 915
1 916
1 918
1 919
1 920
1 922
1 923
1 930
1 931
1 932
1 934
1 935
1 936
1 937
1 938
1 939
1 940
1 941
1 942
1 969
1 971
1 976
1 977
1 987
1 1007
1 1008
1 1009
1 1010
1 1011
1 1012
1 1013
1 1014
1 1015
1 1016
1 1017
1 1018
1 1019
1 1020
1 1021
1 1022
1 1023
1 1024
1 1025
1 1026
1 1027
1 1028
1 1029
1 1030
1 1031
1 1032
1 1033
1 1034
1 1035
1 1036
1 1037
1 1038
1 1041
1 1047
1 1052
1 1086
1 1087
1 1088
1 1089
1 1090
1 1091
1 1092
1 1093
1 1096
1 1097
1 1100
1 1101
1 1103
1 1104
1 1105
1 1106
1 1107
1 1108
1 1109
1 1110
1 1111
1 1112
1 1113
1 1114
1 1115
1 1186
1 1201
1 1202
1 1203
1 1205
1 1206
1 1207
1 1208
1 1209
1 1210
1 1211
1 1212
1 1213
1 1214
1 1215
1 1216
1 1219
1 1220
1 1221
1 1222
1 1223
1 1224
1 1225
1 1226
1 1227
1 1228
1 1229
1 1230
1 1231
1 1232
1 1233
1 1234
1 1235
1 1236
1 1237
1 1238
1 1239
1 1240
1 1292
1 1293
1 1294
1 1295
1 1327
1 1332
1 1333
1 1335
1 1336
1 1337
1 1338
1 1339
1 1340
1 1341
1 1342
1 1343
1 1344
1 1345
1 1346
1 1347
1 1348
1 1349
1 1350
1 1351
1 1352
1 1356
1 1371
1 1415
1 1416
1 1417
1 1418
1 1419
1 1420
1 1421
1 1422
1 1423
1 1424
1 1439
1 1440
1 1442
1 1444
1 1451
1 1453
1 1454
1 1455
1 1459
1 1460
1 1466
1 1521
1 1551
1 1599
1 1601
1 1641
1 1647
1 1648
1 1649
1 1650
1 1651
1 1652
1 1669
1 1687
1 1706
1 1716
1 1737
1 1738
1 1745
1 1767
1 1834
1 1845
1 1902
1 1914
1 1915
1 1916
1 1917
1 1932
1 1951
1 1952
1 1953
1 1954
1 1955
1 1956
1 1957
1 1958
1 1959
1 1987
1 2021
1 2026
1 2033
1 2034
1 2035
1 2037
1 2039
1 2040
1 2041
1 2042
1 2043
1 2044
1 2045
1 2046
1 2047
1 2062
1 2072
1 2186
1 2187
1 2188
1 2189
1 2190
1 2191
1 2360
1 2414
1 2415
1 2416
1 2496
1 2498
1 2510
1 2511
1 2512
1 2513
1 2536
1 2537
1 2543
1 2594
1 2595
1 2596
1 2599
1 2600
1 2601
1 2602
1 2603
1 2611
1 2629
1 2641
1 2646
1 2649
1 2654
1 2657
1 2701
1 2707
1 2733
1 2751
1 2762
1 2797
1 2807
1 2813
1 2828
1 2838
1 2839
1 2840
1 2841
1 2842
1 2843
1 2844
1 2847
1 2848
1 2851
1 2854
1 2878
1 2879
1 2880
1 2881
1 2882
1 2883
1 2884
1 2885
1 2886
1 2887
1 2888
1 2889
1 2890
1 2891
1 2892
1 2893
1 2894
1 2895
1 2896
1 2897
1 3025
1 3164
1 3181
1 3182
1 3184
1 3185
1 3187
1 3188
1 3191
1 3192
1 3193
1 3194
1 3195
1 3196
1 3197
1 3216
1 3246
1 3261
1 3265
1 3271
1 3275
1 3284
1 3293
1 3294
1 3295
1 3296
1 3297
1 3298
1 3299
1 3300
1 3301
1 3302
1 3303
1 3305
1 3338
1 3343
1 3344
1 3416
1 3417
1 3457
1 3517
1 3561
1 3562
1 3628
1 3629
1 3638
1 3639
1 3640
1 3655
1 3748
1 3749
1 3750
1 3751
1 3753
1 3756
1 3982
1 3983
1 3984
1 3985
1 3986
1 3987
1 3988
1 3989
1 3990
1 3991
1 3992
1 3993
1 3994
1 3995
1 3996
1 3997
1 3998
1 3999
1 4000
1 4001
1 4002
1 4003
1 4004
1 4005
1 4037
1 4514
1 4517
1 4525
1 4545
1 4549
1 4550
1 4638
1 4741
1 4755
1 4756
1 4757
1 4790
1 4794
1 4796
1 4799
1 4801
1 4806
1 4809
1 4811
1 4813
1 4815
1 4817
1 4822
1 4940
1 4941
1 4944
1 4950
1 4951
1 4952
1 4953
1 4972
1 4973
1 4974
1 4975
1 4976
1 4977
1 4978
1 4979
1 4980
1 4981
1 4982
1 4983
1 4999
1 5061
1 5070
1 5071
1 5090
1 5096
1 5098
1 5106
1 5109
1 5120
1 5121
1 5133
1 5149
1 5150
1 5159
1 5161
1 5175
1 5183
1 5188
1 5251
1 5253
1 5254
1 5255
1 5257
1 5258
1 5259
1 5261
1 5267
1 5274
1 5278
1 5280
1 5282
1 5287
1 5289
1 5290
1 5291
1 5292
1 5293
1 5298
1 5322
1 5325
1 5326
1 5339
1 5341
1 5346
1 5347
1 5392
1 5414
1 5421
1 5425
1 5605
1 5606
1 5607
1 5608
1 5609
1 5610
1 5611
1 5788
1 5789
1 5790
1 5791
1 5817
1 5818
1 5819
1 5820
1 5821
1 5822
1 5823
1 5833
1 5834
1 5900
1 5902
1 5908
1 5935
1 5940
1 5972
1 6152
1 6159
1 6160
1 6161
1 6164
1 6165
1 6166
1 6169
1 6172
1 6173
1 6174
1 6176
1 6177
1 6178
1 6179
1 6180
1 6195
1 6196
1 6197
1 6198
1 6199
1 6200
1 6226
1 6240
1 6246
1 6251
1 6255
1 6362
1 6363
1 6448
1 6449
1 6450
1 6481
1 6483
1 6484
1 6485
1 6486
1 6487
1 6488
1 6489
1 6490
1 6491
1 6492
1 6493
1 6494
1 6495
1 6496
1 6497
1 6498
1 6499
1 6500
1 6501
1 6502
1 6511
1 6513
1 6518
1 6519
1 6520
1 6522
1 7377
1 7417
1 7419
1 7488
2 1
3 2
3 22
3 23
3 182
3 183
3 184
3 1437
3 1444
3 1445
3 1446
3 1447
3 1457
3 4040
3 5425
3 5962
4 2
4 188
5 4
5 251
5 271
5 296
5 300
5 5938
6 4
6 25
6 308
6 891
6 920
6 1443
6 1444
6 1445
6 1446
6 1448
7 4
7 22
7 23
7 1905
7 1956
7 2089
7 2657
7 2899
7 2947
7 2981
7 4040
7 4939
7 5198
7 5254
7 5255
7 5268
7 5277
7 5278
7 5286
7 5288
7 5289
7 5292
7 5298
7 5305
7 5317
7 5322
7 5325
7 5327
7 5333
7 5367
7 5392
7 5393
7 5394
7 5395
7 5902
7 5939
7 5984
8 4
8 3338
8 4664
8 5962
8 7704
9 4
9 6
9 20
9 22
9 25
9 171
9 531
9 584
9 1114
9 1612
9 1932
9 2010
9 2011
9 2017
9 2018
9 2019
9 2020
9 2021
9 2022
9 2023
9 2024
9 2025
9 2026
9 2027
9 2028
9 2029
9 2030
9 2031
9 2032
9 2033
9 2034
9 2035
9 2036
9 2037
9 2038
9 2039
9 2040
9 2041
9 2042
9 2043
9 2044
9 2045
9 2046
9 2047
9 2048
9 2049
9 2050
9 2051
9 2052
9 2054
9 2100
9 2191
9 2216
9 2762
9 3272
9 3426
9 4026
9 4027
9 4669
9 4670
9 4801
9 4802
9 4999
9 5252
9 5253
9 5255
9 5287
9 5289
9 5291
9 5292
9 5293
9 5294
9 5312
9 5314
9 5315
9 5316
9 5330
9 5392
9 5421
9 5425
9 6513
10 4
10 5
10 6
10 20
10 22
10 23
10 264
10 268
10 281
10 284
10 842
10 1339
10 1970
10 1987
10 2444
10 2629
10 2646
10 2762
10 2845
10 3025
10 3219
10 3246
10 3247
10 3271
10 3334
10 3338
10 3365
10 3751
10 3803
10 4026
10 4835
10 5392
10 5394
10 5395
11 4
11 1927
12 4
13 4
13 2326
13 5341
13 5392
13 5425
13 5938
14 4
14 20
14 22
14 23
14 25
14 169
14 268
14 275
14 281
14 284
14 371
14 431
14 436
14 531
14 692
14 704
14 705
14 706
14 709
14 716
14 717
14 718
14 732
14 733
14 734
14 746
14 755
14 764
14 765
14 769
14 770
14 779
14 787
14 789
14 790
14 791
14 794
14 796
14 804
14 806
14 807
14 825
14 826
14 827
14 828
14 829
14 830
14 831
14 832
14 833
14 834
14 835
14 839
14 842
14 844
14 847
14 848
14 849
14 850
14 852
14 854
14 856
14 857
14 858
14 859
14 860
14 861
14 862
14 863
14 864
14 866
14 869
14 870
14 877
14 878
14 879
14 880
14 882
14 883
14 884
14 887
14 891
14 896
14 903
14 905
14 913
14 921
14 957
14 987
14 1003
14 1114
14 1284
14 1324
14 1336
14 1407
14 1470
14 1473
14 1485
14 1486
14 1488
14 1490
14 1493
14 1494
14 1499
14 1500
14 1501
14 1503
14 1504
14 1505
14 1507
14 1508
14 1510
14 1512
14 1513
14 1514
14 1515
14 1516
14 1517
14 1519
14 1520
14 1522
14 1523
14 1524
14 1525
14 1526
14 1527
14 1528
14 1529
14 1530
14 1531
14 1538
14 1542
14 1544
14 1545
14 1546
14 1550
14 1551
14 1552
14 1555
14 1557
14 1558
14 1559
14 1560
14 1561
14 1565
14 1566
14 1607
14 1609
14 1638
14 1643
14 1660
14 1662
14 1671
14 1675
14 1676
14 1679
14 1680
14 1682
14 1683
14 1684
14 1685
14 1727
14 1755
14 1756
14 1757
14 1763
14 1766
14 1774
14 1782
14 1795
14 1829
14 1846
14 1904
14 1909
14 1910
14 1911
14 1912
14 1918
14 1919
14 1925
14 1928
14 1929
14 1931
14 1942
14 1947
14 1960
14 1962
14 1987
14 1992
14 1993
14 1994
14 1995
14 1999
14 2000
14 2001
14 2008
14 2055
14 2065
14 2068
14 2069
14 2070
14 2084
14 2091
14 2106
14 2108
14 2109
14 2111
14 2112
14 2113
14 2114
14 2115
14 2116
14 2117
14 2118
14 2119
14 2120
14 2121
14 2122
14 2123
14 2124
14 2125
14 2126
14 2127
14 2128
14 2129
14 2130
14 2131
14 2132
14 2133
14 2134
14 2135
14 2136
14 2137
14 2138
14 2139
14 2140
14 2141
14 2142
14 2143
14 2144
14 2145
14 2146
14 2147
14 2148
14 2149
14 2150
14 2151
14 2152
14 2153
14 2154
14 2155
14 2156
14 2157
14 2158
14 2159
14 2160
14 2161
14 2162
14 2163
14 2164
14 2165
14 2166
14 2167
14 2168
14 2169
14 2170
14 2171
14 2172
14 2173
14 2174
14 2175
14 2176
14 2177
14 2178
14 2179
14 2180
14 2181
14 2182
14 2183
14 2184
14 2185
14 2192
14 2193
14 2194
14 2196
14 2215
14 2235
14 2236
14 2241
14 2242
14 2243
14 2244
14 2245
14 2246
14 2247
14 2248
14 2249
14 2250
14 2251
14 2252
14 2253
14 2254
14 2255
14 2256
14 2257
14 2258
14 2259
14 2260
14 2261
14 2262
14 2263
14 2264
14 2266
14 2267
14 2268
14 2269
14 2270
14 2271
14 2272
14 2273
14 2274
14 2276
14 2281
14 2283
14 2289
14 2292
14 2293
14 2294
14 2295
14 2296
14 2297
14 2298
14 2299
14 2300
14 2302
14 2303
14 2304
14 2305
14 2306
14 2307
14 2308
14 2309
14 2310
14 2311
14 2312
14 2313
14 2314
14 2315
14 2317
14 2318
14 2326
14 2327
14 2328
14 2329
14 2330
14 2331
14 2332
14 2333
14 2334
14 2335
14 2339
14 2340
14 2341
14 2344
14 2345
14 2346
14 2347
14 2352
14 2353
14 2354
14 2355
14 2356
14 2357
14 2358
14 2359
14 2365
14 2366
14 2367
14 2368
14 2369
14 2370
14 2371
14 2372
14 2373
14 2374
14 2375
14 2376
14 2377
14 2378
14 2379
14 2380
14 2381
14 2382
14 2383
14 2384
14 2385
14 2386
14 2387
14 2388
14 2389
14 2390
14 2391
14 2392
14 2393
14 2397
14 2398
14 2402
14 2403
14 2404
14 2405
14 2417
14 2418
14 2419
14 2421
14 2422
14 2423
14 2424
14 2425
14 2426
14 2427
14 2442
14 2443
14 2448
14 2449
14 2451
14 2453
14 2454
14 2455
14 2456
14 2457
14 2458
14 2459
14 2477
14 2478
14 2480
14 2481
14 2482
14 2483
14 2489
14 2490
14 2493
14 2494
14 2495
14 2496
14 2497
14 2498
14 2505
14 2506
14 2507
14 2508
14 2518
14 2519
14 2527
14 2528
14 2529
14 2530
14 2542
14 2547
14 2548
14 2551
14 2552
14 2562
14 2565
14 2569
14 2605
14 2607
14 2608
14 2609
14 2610
14 2611
14 2612
14 2613
14 2614
14 2615
14 2616
14 2617
14 2618
14 2619
14 2620
14 2621
14 2622
14 2623
14 2624
14 2625
14 2626
14 2627
14 2628
14 2629
14 2636
14 2637
14 2638
14 2639
14 2640
14 2642
14 2643
14 2646
14 2647
14 2649
14 2653
14 2655
14 2656
14 2658
14 2659
14 2660
14 2662
14 2663
14 2664
14 2665
14 2667
14 2668
14 2671
14 2672
14 2673
14 2674
14 2675
14 2676
14 2677
14 2678
14 2679
14 2682
14 2683
14 2714
14 2718
14 2733
14 2742
14 2743
14 2744
14 2748
14 2752
14 2753
14 2762
14 2766
14 2798
14 2800
14 2801
14 2805
14 2806
14 2808
14 2816
14 2820
14 2821
14 2823
14 2824
14 2825
14 2826
14 2827
14 2839
14 2844
14 2845
14 2860
14 2877
14 2901
14 2902
14 2919
14 2920
14 2921
14 2922
14 2926
14 2928
14 2929
14 2930
14 2939
14 2942
14 2944
14 2981
14 3001
14 3002
14 3004
14 3005
14 3006
14 3007
14 3008
14 3009
14 3012
14 3014
14 3016
14 3017
14 3018
14 3019
14 3020
14 3022
14 3025
14 3032
14 3033
14 3034
14 3122
14 3212
14 3213
14 3214
14 3215
14 3231
14 3232
14 3233
14 3234
14 3235
14 3236
14 3237
14 3246
14 3247
14 3255
14 3263
14 3264
14 3268
14 3271
14 3279
14 3284
14 3304
14 3308
14 3311
14 3322
14 3338
14 3342
14 3365
14 3381
14 3382
14 3389
14 3502
14 3527
14 3692
14 3713
14 3718
14 3764
14 3803
14 3932
14 4026
14 4636
14 4637
14 4663
14 4676
14 4677
14 4678
14 4679
14 4680
14 4681
14 4682
14 4683
14 4684
14 4685
14 4686
14 4687
14 4688
14 4689
14 4690
14 4691
14 4692
14 4693
14 4694
14 4695
14 4696
14 4697
14 4698
14 4699
14 4700
14 4701
14 4702
14 4703
14 4941
14 5144
14 5145
14 5147
14 5185
14 5399
14 5400
14 5401
14 5432
14 5434
14 5438
14 5537
14 5814
14 5815
14 5816
14 5830
14 5831
14 5832
14 5915
14 5975
14 5976
14 5977
14 5978
14 5979
14 5980
14 5981
14 5982
14 5986
14 5988
14 5989
14 5990
14 5991
14 5992
14 5993
14 5994
14 5995
14 5996
14 5998
14 6135
14 6136
14 6208
14 6209
14 6210
14 6224
14 6236
14 6248
14 6270
14 6271
14 6273
14 6275
14 6276
14 6277
14 6278
14 6288
14 6289
14 6290
14 6291
14 6302
14 6303
14 6304
14 6305
14 6306
14 6307
14 6308
14 6309
14 6310
14 6311
14 6312
14 6313
14 6317
14 6320
14 6325
14 6335
14 6342
14 6387
14 6388
14 6415
14 6549
14 7389
14 7390
14 7391
14 7396
14 7430
14 7432
14 7437
14 7438
14 7453
14 7465
14 7481
14 7489
14 7490
14 7491
14 7502
14 7703
14 7704
14 7705
14 7717
14 7718
14 7719
14 7720
14 7758
14 7759
14 7760
14 7761
14 7762
14 7763
14 7770
14 7773
14 7776
14 7777
14 7778
14 7779
14 7780
14 7781
14 7786
14 7788
14 7789
14 7790
14 7792
14 7793
14 7794
14 7796
14 7798
14 7805
14 7806
15 4
16 4
16 3365
16 5147
16 5148
16 5157
17 4
17 22
18 4
18 22
18 2632
18 2762
18 3271
18 3720
18 3803
18 4029
18 4032
18 4748
18 4818
18 5414
19 4
19 2502
20 4
20 5
20 12
20 13
20 17
20 20
20 22
20 23
20 25
20 166
20 171
20 187
20 188
20 249
20 260
20 264
20 268
20 269
20 271
20 284
20 287
20 290
20 295
20 355
20 371
20 422
20 423
20 424
20 430
20 431
20 432
20 436
20 443
20 639
20 692
20 694
20 704
20 705
20 706
20 709
20 711
20 716
20 717
20 718
20 719
20 732
20 762
20 770
20 787
20 789
20 790
20 791
20 794
20 796
20 806
20 807
20 825
20 826
20 827
20 828
20 829
20 830
20 831
20 832
20 833
20 834
20 835
20 837
20 839
20 842
20 844
20 847
20 848
20 849
20 850
20 875
20 877
20 878
20 879
20 880
20 881
20 882
20 883
20 884
20 886
20 887
20 888
20 891
20 892
20 894
20 895
20 896
20 898
20 925
20 930
20 931
20 932
20 933
20 936
20 937
20 951
20 957
20 958
20 982
20 987
20 1042
20 1045
20 1051
20 1114
20 1207
20 1249
20 1284
20 1300
20 1301
20 1302
20 1327
20 1336
20 1338
20 1343
20 1346
20 1347
20 1365
20 1366
20 1367
20 1369
20 1392
20 1402
20 1407
20 1428
20 1435
20 1473
20 1485
20 1486
20 1488
20 1490
20 1493
20 1494
20 1499
20 1500
20 1501
20 1502
20 1503
20 1511
20 1512
20 1513
20 1514
20 1515
20 1516
20 1517
20 1518
20 1519
20 1522
20 1523
20 1524
20 1525
20 1526
20 1527
20 1528
20 1529
20 1530
20 1538
20 1542
20 1544
20 1545
20 1546
20 1550
20 1601
20 1631
20 1632
20 1638
20 1655
20 1660
20 1662
20 1670
20 1671
20 1755
20 1763
20 1776
20 1791
20 1795
20 1862
20 1888
20 1904
20 1909
20 1910
20 1911
20 1912
20 1928
20 1929
20 1942
20 1956
20 1960
20 1987
20 1993
20 1999
20 2000
20 2021
20 2028
20 2042
20 2068
20 2069
20 2070
20 2091
20 2107
20 2109
20 2110
20 2111
20 2112
20 2113
20 2114
20 2115
20 2116
20 2117
20 2118
20 2119
20 2120
20 2121
20 2122
20 2123
20 2124
20 2125
20 2126
20 2129
20 2131
20 2132
20 2133
20 2141
20 2142
20 2143
20 2144
20 2145
20 2146
20 2147
20 2148
20 2149
20 2158
20 2159
20 2160
20 2161
20 2162
20 2163
20 2164
20 2165
20 2166
20 2167
20 2168
20 2169
20 2170
20 2171
20 2172
20 2173
20 2174
20 2175
20 2176
20 2177
20 2178
20 2179
20 2180
20 2181
20 2196
20 2215
20 2219
20 2224
20 2225
20 2276
20 2281
20 2292
20 2293
20 2294
20 2295
20 2296
20 2297
20 2298
20 2299
20 2300
20 2313
20 2314
20 2315
20 2317
20 2318
20 2326
20 2327
20 2335
20 2339
20 2342
20 2350
20 2353
20 2354
20 2355
20 2357
20 2361
20 2362
20 2363
20 2364
20 2397
20 2398
20 2402
20 2403
20 2404
20 2421
20 2422
20 2423
20 2424
20 2425
20 2426
20 2427
20 2442
20 2443
20 2493
20 2518
20 2519
20 2527
20 2528
20 2529
20 2530
20 2563
20 2605
20 2606
20 2607
20 2608
20 2609
20 2610
20 2611
20 2612
20 2613
20 2614
20 2615
20 2616
20 2617
20 2618
20 2619
20 2620
20 2621
20 2622
20 2623
20 2624
20 2625
20 2626
20 2627
20 2629
20 2636
20 2637
20 2638
20 2639
20 2640
20 2642
20 2646
20 2649
20 2654
20 2655
20 2656
20 2658
20 2659
20 2660
20 2663
20 2667
20 2682
20 2684
20 2685
20 2686
20 2687
20 2688
20 2689
20 2690
20 2691
20 2692
20 2693
20 2694
20 2695
20 2696
20 2697
20 2698
20 2699
20 2700
20 2701
20 2702
20 2703
20 2704
20 2705
20 2706
20 2707
20 2708
20 2709
20 2710
20 2711
20 2712
20 2713
20 2714
20 2715
20 2716
20 2717
20 2718
20 2719
20 2720
20 2721
20 2722
20 2723
20 2724
20 2725
20 2726
20 2727
20 2728
20 2729
20 2730
20 2731
20 2732
20 2733
20 2734
20 2735
20 2736
20 2737
20 2738
20 2739
20 2740
20 2741
20 2742
20 2743
20 2744
20 2745
20 2746
20 2747
20 2748
20 2749
20 2750
20 2751
20 2752
20 2753
20 2754
20 2755
20 2756
20 2757
20 2758
20 2759
20 2760
20 2761
20 2762
20 2767
20 2768
20 2769
20 2770
20 2771
20 2772
20 2773
20 2774
20 2775
20 2776
20 2777
20 2778
20 2779
20 2780
20 2781
20 2782
20 2783
20 2784
20 2785
20 2786
20 2787
20 2788
20 2789
20 2790
20 2791
20 2792
20 2793
20 2794
20 2795
20 2796
20 2797
20 2798
20 2799
20 2800
20 2802
20 2803
20 2804
20 2806
20 2807
20 2809
20 2810
20 2811
20 2812
20 2813
20 2814
20 2815
20 2816
20 2817
20 2818
20 2819
20 2822
20 2823
20 2828
20 2829
20 2830
20 2831
20 2832
20 2833
20 2834
20 2835
20 2836
20 2837
20 2838
20 2839
20 2840
20 2841
20 2842
20 2843
20 2844
20 2845
20 2847
20 2848
20 2849
20 2850
20 2851
20 2852
20 2853
20 2854
20 2855
20 2856
20 2857
20 2863
20 2864
20 2865
20 2866
20 2867
20 2868
20 2869
20 2870
20 2871
20 2872
20 2873
20 2874
20 2875
20 2876
20 2888
20 2898
20 2899
20 2900
20 2901
20 2903
20 2904
20 2905
20 2906
20 2907
20 2908
20 2909
20 2910
20 2911
20 2912
20 2913
20 2914
20 2915
20 2916
20 2917
20 2919
20 2922
20 2923
20 2924
20 2925
20 2926
20 2927
20 2928
20 2931
20 2932
20 2933
20 2934
20 2935
20 2936
20 2937
20 2938
20 2940
20 2941
20 2942
20 2943
20 2944
20 2945
20 2946
20 2947
20 2948
20 2949
20 2950
20 2951
20 2952
20 2953
20 2954
20 2955
20 2956
20 2957
20 2958
20 2959
20 2960
20 2961
20 2962
20 2963
20 2964
20 2965
20 2966
20 2967
20 2968
20 2969
20 2970
20 2971
20 2972
20 2973
20 2974
20 2975
20 2976
20 2977
20 2978
20 2979
20 2980
20 2981
20 2982
20 2983
20 2984
20 2985
20 2986
20 2987
20 2988
20 2989
20 2990
20 2991
20 2992
20 2993
20 2994
20 2995
20 2996
20 2997
20 2998
20 2999
20 3000
20 3001
20 3003
20 3006
20 3007
20 3023
20 3024
20 3025
20 3026
20 3027
20 3028
20 3029
20 3030
20 3031
20 3032
20 3033
20 3035
20 3036
20 3037
20 3038
20 3039
20 3040
20 3041
20 3042
20 3043
20 3044
20 3045
20 3046
20 3047
20 3048
20 3049
20 3050
20 3051
20 3052
20 3053
20 3054
20 3055
20 3056
20 3057
20 3058
20 3059
20 3060
20 3061
20 3062
20 3063
20 3064
20 3065
20 3066
20 3067
20 3068
20 3069
20 3070
20 3071
20 3072
20 3074
20 3075
20 3076
20 3077
20 3078
20 3079
20 3080
20 3081
20 3082
20 3083
20 3084
20 3085
20 3086
20 3087
20 3088
20 3089
20 3090
20 3091
20 3092
20 3093
20 3094
20 3095
20 3096
20 3097
20 3098
20 3099
20 3100
20 3101
20 3102
20 3103
20 3104
20 3105
20 3106
20 3107
20 3108
20 3109
20 3110
20 3111
20 3112
20 3113
20 3114
20 3115
20 3116
20 3117
20 3118
20 3119
20 3120
20 3121
20 3122
20 3123
20 3124
20 3125
20 3126
20 3127
20 3128
20 3129
20 3130
20 3131
20 3132
20 3133
20 3134
20 3135
20 3136
20 3137
20 3138
20 3139
20 3140
20 3141
20 3142
20 3143
20 3144
20 3145
20 3146
20 3147
20 3149
20 3150
20 3151
20 3152
20 3154
20 3155
20 3156
20 3157
20 3158
20 3159
20 3160
20 3161
20 3162
20 3163
20 3164
20 3165
20 3166
20 3167
20 3168
20 3169
20 3170
20 3171
20 3172
20 3173
20 3174
20 3175
20 3176
20 3177
20 3179
20 3180
20 3181
20 3182
20 3183
20 3184
20 3185
20 3187
20 3188
20 3189
20 3190
20 3191
20 3199
20 3200
20 3201
20 3202
20 3203
20 3204
20 3205
20 3206
20 3207
20 3208
20 3209
20 3210
20 3216
20 3217
20 3218
20 3219
20 3220
20 3221
20 3222
20 3223
20 3224
20 3225
20 3226
20 3227
20 3228
20 3229
20 3230
20 3231
20 3232
20 3233
20 3234
20 3235
20 3236
20 3238
20 3239
20 3240
20 3241
20 3242
20 3243
20 3244
20 3245
20 3246
20 3247
20 3248
20 3250
20 3251
20 3252
20 3253
20 3254
20 3256
20 3257
20 3258
20 3259
20 3260
20 3263
20 3264
20 3266
20 3267
20 3268
20 3269
20 3270
20 3271
20 3272
20 3273
20 3274
20 3275
20 3276
20 3277
20 3278
20 3279
20 3280
20 3281
20 3282
20 3283
20 3284
20 3285
20 3286
20 3287
20 3288
20 3289
20 3290
20 3291
20 3305
20 3306
20 3307
20 3309
20 3310
20 3311
20 3312
20 3313
20 3314
20 3315
20 3316
20 3317
20 3318
20 3319
20 3320
20 3321
20 3323
20 3324
20 3325
20 3326
20 3327
20 3328
20 3329
20 3330
20 3331
20 3332
20 3333
20 3335
20 3336
20 3337
20 3338
20 3339
20 3340
20 3341
20 3342
20 3344
20 3345
20 3346
20 3347
20 3348
20 3349
20 3350
20 3351
20 3352
20 3353
20 3354
20 3355
20 3356
20 3357
20 3358
20 3359
20 3360
20 3361
20 3362
20 3363
20 3364
20 3365
20 3366
20 3367
20 3368
20 3369
20 3370
20 3371
20 3372
20 3373
20 3374
20 3375
20 3377
20 3378
20 3379
20 3380
20 3381
20 3382
20 3383
20 3384
20 3385
20 3386
20 3387
20 3388
20 3389
20 3390
20 3391
20 3392
20 3393
20 3394
20 3395
20 3396
20 3397
20 3398
20 3399
20 3400
20 3401
20 3402
20 3403
20 3404
20 3405
20 3406
20 3407
20 3408
20 3409
20 3410
20 3411
20 3412
20 3413
20 3414
20 3415
20 3418
20 3419
20 3420
20 3421
20 3422
20 3423
20 3424
20 3425
20 3426
20 3427
20 3428
20 3429
20 3430
20 3431
20 3432
20 3433
20 3434
20 3435
20 3436
20 3437
20 3438
20 3439
20 3440
20 3441
20 3442
20 3443
20 3444
20 3445
20 3446
20 3447
20 3448
20 3449
20 3450
20 3451
20 3452
20 3453
20 3454
20 3455
20 3456
20 3458
20 3459
20 3460
20 3461
20 3462
20 3463
20 3464
20 3465
20 3466
20 3467
20 3468
20 3469
20 3470
20 3471
20 3472
20 3473
20 3474
20 3475
20 3476
20 3477
20 3478
20 3479
20 3480
20 3481
20 3482
20 3483
20 3484
20 3485
20 3486
20 3487
20 3488
20 3489
20 3490
20 3491
20 3492
20 3493
20 3494
20 3495
20 3496
20 3497
20 3498
20 3499
20 3500
20 3501
20 3502
20 3503
20 3504
20 3505
20 3506
20 3507
20 3508
20 3509
20 3510
20 3511
20 3512
20 3513
20 3514
20 3515
20 3516
20 3517
20 3518
20 3519
20 3520
20 3521
20 3522
20 3523
20 3524
20 3525
20 3526
20 3528
20 3529
20 3530
20 3531
20 3532
20 3533
20 3534
20 3535
20 3536
20 3537
20 3538
20 3539
20 3540
20 3541
20 3542
20 3543
20 3544
20 3545
20 3546
20 3547
20 3548
20 3549
20 3550
20 3551
20 3552
20 3553
20 3554
20 3555
20 3556
20 3557
20 3558
20 3559
20 3560
20 3563
20 3564
20 3565
20 3566
20 3567
20 3568
20 3569
20 3570
20 3571
20 3572
20 3573
20 3574
20 3575
20 3576
20 3577
20 3578
20 3579
20 3580
20 3581
20 3582
20 3583
20 3584
20 3585
20 3586
20 3587
20 3588
20 3589
20 3590
20 3591
20 3592
20 3593
20 3594
20 3595
20 3596
20 3597
20 3598
20 3599
20 3600
20 3601
20 3602
20 3603
20 3604
20 3605
20 3606
20 3607
20 3608
20 3609
20 3610
20 3611
20 3612
20 3613
20 3614
20 3615
20 3616
20 3617
20 3618
20 3619
20 3620
20 3621
20 3622
20 3623
20 3624
20 3625
20 3626
20 3627
20 3628
20 3629
20 3630
20 3631
20 3632
20 3633
20 3634
20 3635
20 3636
20 3637
20 3641
20 3642
20 3643
20 3644
20 3645
20 3646
20 3647
20 3648
20 3649
20 3650
20 3651
20 3656
20 3657
20 3658
20 3659
20 3660
20 3661
20 3662
20 3663
20 3664
20 3665
20 3666
20 3667
20 3668
20 3669
20 3670
20 3671
20 3672
20 3673
20 3674
20 3675
20 3676
20 3677
20 3678
20 3679
20 3680
20 3681
20 3682
20 3683
20 3684
20 3685
20 3686
20 3687
20 3688
20 3689
20 3690
20 3691
20 3693
20 3694
20 3695
20 3696
20 3698
20 3699
20 3700
20 3701
20 3702
20 3703
20 3704
20 3707
20 3708
20 3709
20 3710
20 3711
20 3712
20 3713
20 3715
20 3716
20 3717
20 3718
20 3719
20 3721
20 3722
20 3723
20 3724
20 3725
20 3726
20 3727
20 3728
20 3729
20 3730
20 3731
20 3732
20 3733
20 3734
20 3735
20 3736
20 3737
20 3738
20 3739
20 3740
20 3743
20 3744
20 3745
20 3746
20 3747
20 3748
20 3749
20 3750
20 3751
20 3752
20 3753
20 3754
20 3755
20 3756
20 3757
20 3758
20 3759
20 3760
20 3761
20 3762
20 3763
20 3764
20 3765
20 3766
20 3767
20 3768
20 3769
20 3770
20 3771
20 3772
20 3773
20 3774
20 3775
20 3776
20 3777
20 3778
20 3779
20 3780
20 3781
20 3782
20 3783
20 3784
20 3785
20 3786
20 3787
20 3788
20 3789
20 3790
20 3791
20 3792
20 3793
20 3794
20 3795
20 3796
20 3797
20 3798
20 3799
20 3800
20 3801
20 3802
20 3803
20 3804
20 3805
20 3806
20 3807
20 3808
20 3809
20 3810
20 3811
20 3812
20 3813
20 3815
20 3816
20 3817
20 3818
20 3819
20 3820
20 3821
20 3822
20 3823
20 3824
20 3825
20 3826
20 3827
20 3828
20 3829
20 3830
20 3831
20 3832
20 3833
20 3834
20 3835
20 3836
20 3837
20 3838
20 3839
20 3840
20 3841
20 3842
20 3843
20 3844
20 3845
20 3846
20 3847
20 3848
20 3849
20 3850
20 3851
20 3852
20 3853
20 3854
20 3855
20 3856
20 3857
20 3858
20 3859
20 3860
20 3861
20 3862
20 3863
20 3864
20 3865
20 3866
20 3867
20 3868
20 3869
20 3870
20 3871
20 3872
20 3873
20 3874
20 3875
20 3876
20 3877
20 3878
20 3879
20 3880
20 3881
20 3882
20 3883
20 3884
20 3885
20 3886
20 3887
20 3888
20 3889
20 3890
20 3891
20 3892
20 3893
20 3894
20 3895
20 3896
20 3897
20 3898
20 3899
20 3900
20 3901
20 3902
20 3903
20 3904
20 3905
20 3906
20 3907
20 3908
20 3909
20 3910
20 3911
20 3912
20 3913
20 3914
20 3915
20 3916
20 3917
20 3918
20 3919
20 3920
20 3921
20 3922
20 3923
20 3924
20 3925
20 3926
20 3927
20 3928
20 3929
20 3930
20 3931
20 3933
20 3934
20 3935
20 3936
20 3937
20 3938
20 3939
20 3940
20 3941
20 3942
20 3943
20 3944
20 3945
20 3946
20 3947
20 3948
20 3951
20 3952
20 3953
20 3954
20 3955
20 3956
20 3957
20 3958
20 3959
20 3960
20 3961
20 3962
20 3963
20 3964
20 3965
20 3966
20 3967
20 3968
20 3969
20 3970
20 3971
20 3972
20 3973
20 3974
20 3975
20 3976
20 3977
20 3978
20 3979
20 3980
20 3981
20 3982
20 3983
20 3985
20 4006
20 4007
20 4008
20 4009
20 4010
20 4011
20 4012
20 4013
20 4014
20 4015
20 4016
20 4017
20 4018
20 4019
20 4020
20 4021
20 4022
20 4023
20 4024
20 4025
20 4026
20 4027
20 4028
20 4029
20 4030
20 4031
20 4032
20 4033
20 4034
20 4035
20 4036
20 4037
20 4038
20 4039
20 4040
20 4041
20 4042
20 4043
20 4044
20 4045
20 4046
20 4047
20 4048
20 4049
20 4050
20 4051
20 4052
20 4053
20 4054
20 4055
20 4056
20 4057
20 4058
20 4059
20 4060
20 4061
20 4062
20 4063
20 4064
20 4065
20 4066
20 4067
20 4068
20 4069
20 4070
20 4071
20 4072
20 4073
20 4074
20 4075
20 4076
20 4077
20 4078
20 4079
20 4080
20 4081
20 4082
20 4083
20 4084
20 4085
20 4086
20 4087
20 4088
20 4089
20 4090
20 4091
20 4092
20 4093
20 4094
20 4095
20 4096
20 4097
20 4098
20 4099
20 4100
20 4101
20 4102
20 4103
20 4104
20 4105
20 4106
20 4107
20 4108
20 4109
20 4110
20 4111
20 4112
20 4113
20 4114
20 4115
20 4116
20 4117
20 4118
20 4119
20 4120
20 4121
20 4122
20 4123
20 4124
20 4125
20 4126
20 4127
20 4128
20 4129
20 4130
20 4131
20 4132
20 4133
20 4134
20 4135
20 4136
20 4137
20 4138
20 4139
20 4140
20 4141
20 4142
20 4143
20 4144
20 4145
20 4146
20 4147
20 4148
20 4149
20 4150
20 4151
20 4152
20 4153
20 4154
20 4155
20 4156
20 4157
20 4158
20 4159
20 4160
20 4161
20 4162
20 4163
20 4164
20 4165
20 4166
20 4167
20 4168
20 4169
20 4170
20 4171
20 4172
20 4173
20 4174
20 4175
20 4176
20 4177
20 4178
20 4179
20 4180
20 4181
20 4182
20 4183
20 4184
20 4185
20 4186
20 4187
20 4188
20 4189
20 4190
20 4191
20 4192
20 4193
20 4194
20 4195
20 4196
20 4197
20 4198
20 4199
20 4200
20 4201
20 4202
20 4203
20 4204
20 4205
20 4206
20 4207
20 4208
20 4209
20 4210
20 4211
20 4212
20 4213
20 4214
20 4215
20 4216
20 4217
20 4218
20 4219
20 4220
20 4221
20 4222
20 4223
20 4224
20 4225
20 4226
20 4227
20 4228
20 4229
20 4230
20 4231
20 4232
20 4233
20 4234
20 4235
20 4236
20 4237
20 4238
20 4239
20 4240
20 4241
20 4242
20 4243
20 4244
20 4245
20 4246
20 4247
20 4248
20 4249
20 4250
20 4251
20 4252
20 4253
20 4254
20 4255
20 4256
20 4257
20 4258
20 4259
20 4260
20 4261
20 4262
20 4263
20 4264
20 4265
20 4266
20 4267
20 4268
20 4269
20 4270
20 4271
20 4272
20 4273
20 4274
20 4275
20 4276
20 4277
20 4278
20 4279
20 4280
20 4281
20 4282
20 4283
20 4284
20 4285
20 4286
20 4287
20 4288
20 4289
20 4290
20 4291
20 4292
20 4293
20 4294
20 4295
20 4296
20 4297
20 4298
20 4299
20 4300
20 4301
20 4302
20 4303
20 4304
20 4305
20 4306
20 4307
20 4308
20 4309
20 4310
20 4311
20 4312
20 4313
20 4314
20 4315
20 4316
20 4317
20 4318
20 4319
20 4320
20 4321
20 4322
20 4323
20 4324
20 4325
20 4326
20 4327
20 4328
20 4329
20 4330
20 4331
20 4332
20 4333
20 4334
20 4335
20 4336
20 4337
20 4338
20 4339
20 4340
20 4341
20 4342
20 4343
20 4344
20 4345
20 4346
20 4347
20 4348
20 4349
20 4350
20 4351
20 4352
20 4353
20 4354
20 4355
20 4356
20 4357
20 4358
20 4359
20 4360
20 4361
20 4362
20 4363
20 4364
20 4365
20 4366
20 4367
20 4368
20 4369
20 4370
20 4371
20 4372
20 4373
20 4374
20 4375
20 4376
20 4377
20 4378
20 4379
20 4380
20 4381
20 4382
20 4383
20 4384
20 4385
20 4386
20 4387
20 4388
20 4389
20 4390
20 4391
20 4392
20 4393
20 4394
20 4395
20 4396
20 4397
20 4398
20 4399
20 4400
20 4401
20 4402
20 4403
20 4404
20 4405
20 4406
20 4407
20 4408
20 4409
20 4410
20 4411
20 4412
20 4413
20 4414
20 4415
20 4416
20 4417
20 4418
20 4419
20 4420
20 4421
20 4422
20 4423
20 4424
20 4425
20 4426
20 4427
20 4428
20 4429
20 4430
20 4431
20 4432
20 4433
20 4434
20 4435
20 4436
20 4437
20 4438
20 4439
20 4440
20 4441
20 4442
20 4443
20 4444
20 4445
20 4446
20 4447
20 4448
20 4449
20 4450
20 4451
20 4452
20 4453
20 4454
20 4455
20 4456
20 4457
20 4458
20 4459
20 4460
20 4461
20 4462
20 4463
20 4464
20 4465
20 4466
20 4467
20 4468
20 4469
20 4470
20 4471
20 4472
20 4473
20 4474
20 4475
20 4476
20 4477
20 4478
20 4479
20 4480
20 4481
20 4482
20 4483
20 4484
20 4485
20 4486
20 4487
20 4488
20 4489
20 4490
20 4491
20 4492
20 4493
20 4494
20 4495
20 4496
20 4497
20 4498
20 4499
20 4500
20 4501
20 4502
20 4503
20 4504
20 4505
20 4506
20 4507
20 4508
20 4509
20 4510
20 4511
20 4512
20 4513
20 4514
20 4515
20 4516
20 4517
20 4518
20 4519
20 4520
20 4521
20 4522
20 4523
20 4524
20 4525
20 4526
20 4527
20 4528
20 4529
20 4530
20 4531
20 4532
20 4533
20 4534
20 4535
20 4536
20 4537
20 4538
20 4539
20 4540
20 4541
20 4542
20 4543
20 4544
20 4545
20 4546
20 4547
20 4548
20 4549
20 4550
20 4551
20 4552
20 4553
20 4554
20 4555
20 4556
20 4557
20 4558
20 4559
20 4560
20 4561
20 4562
20 4563
20 4564
20 4565
20 4566
20 4567
20 4568
20 4569
20 4570
20 4571
20 4572
20 4573
20 4574
20 4575
20 4576
20 4577
20 4578
20 4579
20 4580
20 4581
20 4582
20 4583
20 4584
20 4585
20 4586
20 4587
20 4588
20 4589
20 4590
20 4591
20 4592
20 4593
20 4594
20 4595
20 4596
20 4597
20 4598
20 4599
20 4600
20 4601
20 4602
20 4603
20 4604
20 4605
20 4606
20 4607
20 4608
20 4609
20 4610
20 4611
20 4612
20 4613
20 4614
20 4615
20 4616
20 4617
20 4618
20 4619
20 4620
20 4621
20 4622
20 4623
20 4624
20 4625
20 4626
20 4627
20 4628
20 4629
20 4630
20 4631
20 4632
20 4633
20 4634
20 4635
20 4636
20 4637
20 4638
20 4640
20 4641
20 4642
20 4643
20 4644
20 4645
20 4646
20 4647
20 4648
20 4649
20 4650
20 4651
20 4652
20 4653
20 4654
20 4655
20 4656
20 4657
20 4658
20 4659
20 4660
20 4662
20 4663
20 4664
20 4665
20 4666
20 4667
20 4668
20 4669
20 4670
20 4671
20 4672
20 4673
20 4674
20 4675
20 4676
20 4677
20 4678
20 4679
20 4680
20 4681
20 4682
20 4683
20 4684
20 4685
20 4686
20 4687
20 4688
20 4689
20 4690
20 4691
20 4692
20 4693
20 4694
20 4695
20 4696
20 4697
20 4698
20 4699
20 4700
20 4701
20 4702
20 4703
20 4704
20 4705
20 4706
20 4707
20 4708
20 4709
20 4710
20 4711
20 4712
20 4713
20 4714
20 4715
20 4716
20 4717
20 4718
20 4719
20 4720
20 4721
20 4722
20 4723
20 4724
20 4725
20 4726
20 4727
20 4728
20 4729
20 4730
20 4731
20 4732
20 4733
20 4734
20 4735
20 4736
20 4737
20 4738
20 4739
20 4740
20 4741
20 4742
20 4743
20 4744
20 4745
20 4746
20 4747
20 4749
20 4750
20 4752
20 4753
20 4754
20 4755
20 4756
20 4758
20 4759
20 4760
20 4761
20 4762
20 4763
20 4764
20 4765
20 4766
20 4767
20 4768
20 4769
20 4770
20 4771
20 4772
20 4773
20 4774
20 4775
20 4776
20 4777
20 4778
20 4779
20 4780
20 4781
20 4782
20 4783
20 4784
20 4785
20 4786
20 4787
20 4788
20 4789
20 4790
20 4791
20 4792
20 4793
20 4794
20 4795
20 4796
20 4797
20 4798
20 4799
20 4800
20 4801
20 4802
20 4803
20 4804
20 4805
20 4806
20 4807
20 4808
20 4809
20 4810
20 4811
20 4812
20 4813
20 4814
20 4815
20 4816
20 4817
20 4818
20 4819
20 4821
20 4822
20 4823
20 4824
20 4826
20 4827
20 4828
20 4829
20 4830
20 4831
20 4832
20 4833
20 4839
20 4840
20 4841
20 4842
20 4843
20 4844
20 4845
20 4846
20 4847
20 4848
20 4849
20 4850
20 4851
20 4852
20 4853
20 4854
20 4855
20 4856
20 4857
20 4858
20 4859
20 4860
20 4861
20 4862
20 4863
20 4864
20 4865
20 4866
20 4867
20 4868
20 4869
20 4870
20 4871
20 4872
20 4873
20 4874
20 4875
20 4876
20 4877
20 4878
20 4879
20 4880
20 4881
20 4882
20 4883
20 4884
20 4885
20 4886
20 4887
20 4888
20 4889
20 4890
20 4891
20 4892
20 4893
20 4894
20 4895
20 4896
20 4897
20 4898
20 4899
20 4900
20 4901
20 4902
20 4903
20 4904
20 4905
20 4906
20 4907
20 4908
20 4909
20 4910
20 4911
20 4912
20 4913
20 4914
20 4915
20 4916
20 4917
20 4918
20 4919
20 4920
20 4921
20 4922
20 4923
20 4924
20 4925
20 4926
20 4927
20 4928
20 4929
20 4930
20 4931
20 4932
20 4933
20 4934
20 4935
20 4936
20 4937
20 4938
20 4939
20 4940
20 4941
20 4942
20 4943
20 4944
20 4945
20 4946
20 4947
20 4948
20 4949
20 4950
20 4954
20 4955
20 4956
20 4957
20 4958
20 4959
20 4960
20 4961
20 4962
20 4963
20 4964
20 4965
20 4966
20 4967
20 4968
20 4969
20 4970
20 4971
20 4984
20 4985
20 4986
20 4987
20 4988
20 4989
20 4990
20 4991
20 4992
20 4993
20 4994
20 4995
20 4996
20 4997
20 4998
20 4999
20 5000
20 5001
20 5002
20 5003
20 5004
20 5005
20 5006
20 5007
20 5008
20 5009
20 5010
20 5011
20 5012
20 5013
20 5014
20 5015
20 5016
20 5019
20 5020
20 5021
20 5022
20 5023
20 5024
20 5025
20 5026
20 5027
20 5028
20 5029
20 5030
20 5031
20 5032
20 5033
20 5034
20 5035
20 5036
20 5037
20 5038
20 5039
20 5040
20 5041
20 5042
20 5043
20 5044
20 5045
20 5046
20 5047
20 5048
20 5049
20 5050
20 5051
20 5052
20 5053
20 5054
20 5055
20 5056
20 5057
20 5058
20 5059
20 5060
20 5061
20 5062
20 5063
20 5066
20 5067
20 5068
20 5069
20 5070
20 5071
20 5072
20 5075
20 5076
20 5077
20 5078
20 5079
20 5080
20 5081
20 5082
20 5083
20 5084
20 5085
20 5087
20 5088
20 5089
20 5090
20 5091
20 5092
20 5093
20 5094
20 5095
20 5096
20 5097
20 5098
20 5099
20 5100
20 5101
20 5102
20 5103
20 5104
20 5105
20 5106
20 5107
20 5108
20 5109
20 5110
20 5111
20 5112
20 5113
20 5114
20 5115
20 5116
20 5117
20 5118
20 5119
20 5122
20 5124
20 5125
20 5126
20 5127
20 5133
20 5139
20 5143
20 5144
20 5155
20 5161
20 5162
20 5163
20 5164
20 5165
20 5166
20 5167
20 5168
20 5169
20 5170
20 5171
20 5172
20 5173
20 5174
20 5177
20 5178
20 5179
20 5180
20 5181
20 5182
20 5183
20 5194
20 5195
20 5196
20 5197
20 5198
20 5199
20 5200
20 5201
20 5202
20 5203
20 5204
20 5205
20 5206
20 5207
20 5208
20 5209
20 5210
20 5211
20 5212
20 5213
20 5214
20 5215
20 5216
20 5217
20 5218
20 5219
20 5220
20 5221
20 5222
20 5223
20 5224
20 5225
20 5226
20 5227
20 5228
20 5229
20 5230
20 5231
20 5232
20 5233
20 5234
20 5236
20 5237
20 5238
20 5239
20 5240
20 5242
20 5243
20 5244
20 5245
20 5246
20 5247
20 5248
20 5249
20 5250
20 5251
20 5252
20 5253
20 5254
20 5255
20 5256
20 5257
20 5258
20 5259
20 5260
20 5261
20 5262
20 5263
20 5264
20 5265
20 5266
20 5267
20 5268
20 5269
20 5270
20 5271
20 5272
20 5273
20 5274
20 5275
20 5276
20 5277
20 5278
20 5279
20 5280
20 5281
20 5282
20 5283
20 5284
20 5285
20 5286
20 5287
20 5288
20 5289
20 5290
20 5291
20 5292
20 5293
20 5294
20 5295
20 5296
20 5297
20 5298
20 5299
20 5300
20 5301
20 5302
20 5303
20 5304
20 5305
20 5306
20 5307
20 5308
20 5309
20 5310
20 5311
20 5312
20 5313
20 5314
20 5315
20 5316
20 5317
20 5318
20 5319
20 5320
20 5321
20 5322
20 5323
20 5324
20 5325
20 5326
20 5327
20 5328
20 5329
20 5330
20 5331
20 5332
20 5333
20 5334
20 5335
20 5336
20 5337
20 5338
20 5339
20 5340
20 5341
20 5342
20 5343
20 5344
20 5345
20 5348
20 5349
20 5350
20 5351
20 5352
20 5353
20 5355
20 5356
20 5357
20 5358
20 5359
20 5360
20 5361
20 5362
20 5363
20 5364
20 5365
20 5366
20 5367
20 5368
20 5369
20 5370
20 5371
20 5372
20 5373
20 5374
20 5375
20 5376
20 5377
20 5378
20 5379
20 5380
20 5381
20 5382
20 5383
20 5384
20 5385
20 5386
20 5387
20 5388
20 5389
20 5390
20 5391
20 5392
20 5393
20 5394
20 5395
20 5403
20 5404
20 5405
20 5406
20 5407
20 5412
20 5413
20 5414
20 5415
20 5416
20 5417
20 5418
20 5419
20 5420
20 5421
20 5422
20 5423
20 5424
20 5425
20 5426
20 5427
20 5428
20 5429
20 5431
20 5433
20 5435
20 5436
20 5439
20 5440
20 5441
20 5442
20 5443
20 5444
20 5445
20 5446
20 5447
20 5448
20 5449
20 5450
20 5451
20 5452
20 5453
20 5454
20 5455
20 5456
20 5457
20 5458
20 5459
20 5460
20 5461
20 5462
20 5463
20 5464
20 5465
20 5466
20 5467
20 5468
20 5469
20 5470
20 5471
20 5472
20 5473
20 5474
20 5475
20 5476
20 5477
20 5478
20 5479
20 5480
20 5481
20 5482
20 5483
20 5484
20 5485
20 5486
20 5487
20 5488
20 5489
20 5490
20 5491
20 5492
20 5493
20 5494
20 5495
20 5496
20 5497
20 5498
20 5499
20 5500
20 5501
20 5502
20 5503
20 5504
20 5505
20 5506
20 5507
20 5508
20 5509
20 5510
20 5511
20 5512
20 5513
20 5514
20 5515
20 5516
20 5517
20 5518
20 5519
20 5520
20 5521
20 5522
20 5523
20 5524
20 5525
20 5526
20 5527
20 5528
20 5529
20 5530
20 5531
20 5532
20 5533
20 5534
20 5535
20 5536
20 5538
20 5539
20 5540
20 5541
20 5542
20 5543
20 5544
20 5545
20 5546
20 5547
20 5548
20 5549
20 5550
20 5551
20 5552
20 5553
20 5554
20 5555
20 5556
20 5557
20 5558
20 5559
20 5560
20 5561
20 5562
20 5563
20 5564
20 5565
20 5566
20 5567
20 5568
20 5569
20 5570
20 5571
20 5572
20 5573
20 5574
20 5575
20 5576
20 5577
20 5578
20 5579
20 5580
20 5581
20 5582
20 5583
20 5584
20 5585
20 5586
20 5587
20 5588
20 5589
20 5590
20 5591
20 5592
20 5593
20 5594
20 5595
20 5596
20 5597
20 5598
20 5599
20 5600
20 5601
20 5602
20 5603
20 5604
20 5612
20 5613
20 5614
20 5615
20 5616
20 5617
20 5618
20 5619
20 5620
20 5621
20 5622
20 5623
20 5624
20 5625
20 5626
20 5627
20 5628
20 5629
20 5630
20 5631
20 5632
20 5633
20 5634
20 5635
20 5636
20 5637
20 5638
20 5639
20 5640
20 5641
20 5642
20 5643
20 5644
20 5645
20 5646
20 5647
20 5648
20 5649
20 5650
20 5651
20 5652
20 5653
20 5654
20 5655
20 5656
20 5657
20 5658
20 5659
20 5660
20 5661
20 5662
20 5663
20 5664
20 5665
20 5666
20 5667
20 5668
20 5669
20 5670
20 5671
20 5672
20 5673
20 5674
20 5675
20 5676
20 5677
20 5678
20 5679
20 5680
20 5681
20 5682
20 5683
20 5684
20 5685
20 5686
20 5687
20 5688
20 5689
20 5690
20 5691
20 5692
20 5693
20 5694
20 5695
20 5696
20 5697
20 5698
20 5699
20 5700
20 5701
20 5702
20 5703
20 5704
20 5705
20 5706
20 5707
20 5708
20 5709
20 5710
20 5711
20 5712
20 5713
20 5714
20 5715
20 5716
20 5717
20 5718
20 5719
20 5720
20 5721
20 5722
20 5723
20 5724
20 5725
20 5726
20 5727
20 5728
20 5729
20 5730
20 5731
20 5732
20 5733
20 5734
20 5735
20 5736
20 5737
20 5738
20 5739
20 5740
20 5741
20 5742
20 5743
20 5744
20 5745
20 5746
20 5747
20 5748
20 5749
20 5750
20 5751
20 5752
20 5753
20 5754
20 5755
20 5756
20 5757
20 5758
20 5759
20 5760
20 5761
20 5762
20 5763
20 5764
20 5765
20 5766
20 5767
20 5768
20 5769
20 5770
20 5771
20 5772
20 5773
20 5774
20 5775
20 5776
20 5777
20 5778
20 5779
20 5780
20 5781
20 5782
20 5783
20 5784
20 5785
20 5786
20 5787
20 5792
20 5793
20 5794
20 5795
20 5796
20 5797
20 5798
20 5799
20 5800
20 5801
20 5802
20 5803
20 5804
20 5805
20 5806
20 5807
20 5808
20 5809
20 5810
20 5811
20 5812
20 5813
20 5824
20 5835
20 5836
20 5837
20 5838
20 5839
20 5840
20 5841
20 5842
20 5843
20 5844
20 5845
20 5846
20 5847
20 5848
20 5849
20 5850
20 5851
20 5852
20 5853
20 5854
20 5855
20 5856
20 5857
20 5858
20 5859
20 5860
20 5861
20 5862
20 5863
20 5864
20 5865
20 5866
20 5867
20 5868
20 5869
20 5870
20 5871
20 5872
20 5873
20 5874
20 5875
20 5876
20 5877
20 5878
20 5879
20 5880
20 5881
20 5882
20 5883
20 5884
20 5885
20 5886
20 5887
20 5888
20 5889
20 5890
20 5891
20 5892
20 5893
20 5894
20 5895
20 5896
20 5897
20 5898
20 5899
20 5900
20 5901
20 5902
20 5903
20 5904
20 5906
20 5907
20 5911
20 5912
20 5913
20 5914
20 5916
20 5917
20 5918
20 5919
20 5920
20 5921
20 5922
20 5923
20 5924
20 5925
20 5926
20 5927
20 5928
20 5929
20 5930
20 5931
20 5932
20 5933
20 5934
20 5935
20 5936
20 5937
20 5938
20 5939
20 5940
20 5941
20 5942
20 5943
20 5944
20 5945
20 5946
20 5947
20 5948
20 5949
20 5950
20 5951
20 5952
20 5953
20 5954
20 5955
20 5956
20 5957
20 5958
20 5959
20 5960
20 5961
20 5962
20 5963
20 5964
20 5965
20 5966
20 5967
20 5968
20 5969
20 5983
20 5984
20 5985
20 5999
20 6000
20 6001
20 6002
20 6003
20 6004
20 6005
20 6006
20 6007
20 6008
20 6009
20 6010
20 6011
20 6012
20 6013
20 6014
20 6015
20 6016
20 6017
20 6018
20 6019
20 6020
20 6021
20 6022
20 6023
20 6024
20 6025
20 6026
20 6027
20 6028
20 6029
20 6030
20 6031
20 6032
20 6033
20 6034
20 6035
20 6036
20 6037
20 6038
20 6039
20 6040
20 6041
20 6042
20 6043
20 6044
20 6045
20 6046
20 6047
20 6048
20 6049
20 6050
20 6051
20 6052
20 6053
20 6054
20 6055
20 6056
20 6057
20 6058
20 6059
20 6060
20 6061
20 6062
20 6063
20 6064
20 6065
20 6066
20 6067
20 6068
20 6069
20 6070
20 6071
20 6072
20 6073
20 6074
20 6075
20 6076
20 6077
20 6078
20 6079
20 6080
20 6081
20 6082
20 6083
20 6084
20 6085
20 6086
20 6087
20 6088
20 6089
20 6090
20 6091
20 6092
20 6093
20 6094
20 6095
20 6096
20 6097
20 6098
20 6099
20 6100
20 6101
20 6102
20 6103
20 6104
20 6105
20 6106
20 6107
20 6108
20 6109
20 6110
20 6111
20 6112
20 6113
20 6114
20 6115
20 6116
20 6117
20 6118
20 6119
20 6120
20 6121
20 6122
20 6123
20 6124
20 6125
20 6126
20 6127
20 6128
20 6129
20 6130
20 6133
20 6164
20 6165
20 6166
20 6167
20 6168
20 6169
20 6170
20 6171
20 6172
20 6173
20 6174
20 6175
20 6176
20 6177
20 6178
20 6179
20 6180
20 6189
20 6190
20 6191
20 6192
20 6193
20 6195
20 6201
20 6202
20 6203
20 6204
20 6205
20 6206
20 6207
20 6211
20 6212
20 6213
20 6214
20 6215
20 6216
20 6217
20 6218
20 6219
20 6220
20 6221
20 6222
20 6223
20 6225
20 6243
21 4
21 22
21 275
21 2629
21 2630
21 2762
21 3219
21 3246
21 3247
21 3271
21 3338
21 3742
21 3803
21 4026
21 5186
21 5392
22 5
22 284
22 803
22 1343
22 2229
22 2230
23 6
23 374
23 375
23 376
23 377
23 378
23 379
23 380
23 381
23 382
23 383
23 384
23 385
23 386
23 387
23 432
23 435
23 436
23 437
23 2654
23 2655
23 2656
23 4040
23 4999
23 5253
23 5324
23 5333
23 5894
23 5962
23 7509
23 7511
24 12
25 12
25 708
26 12
26 284
26 298
26 1543
26 1793
26 1794
26 1964
26 4576
27 13
28 13
28 181
28 254
28 2360
29 13
29 5143
30 13
30 87
30 1384
30 1385
30 1521
31 13
32 13
32 22
32 192
32 692
32 706
32 891
32 1042
32 1249
32 1442
32 1462
32 2133
32 2360
32 2388
32 2474
32 2775
32 2777
32 2903
32 3033
32 3080
32 3197
32 3201
32 3248
32 3271
32 3764
32 3765
32 3767
32 3768
32 3894
32 3895
32 3902
32 4525
32 4638
32 4731
32 4733
32 5086
32 5136
33 13
33 269
33 284
33 705
33 3338
33 4041
33 7541
33 7542
33 7543
33 7544
33 7545
34 16
34 766
34 808
34 809
34 810
34 811
34 812
34 813
34 814
34 815
34 816
34 817
34 818
34 819
34 820
34 821
34 822
34 823
34 824
34 978
34 1050
34 1944
34 1945
34 5287
34 5317
34 5392
35 17
35 20
35 23
35 171
35 199
35 253
35 290
35 292
35 295
35 431
35 531
35 713
35 1339
35 1366
35 1419
35 1454
35 1638
35 1795
35 1862
35 1914
35 1915
35 1932
35 2169
35 2219
35 2260
35 2276
35 2281
35 2629
35 2646
35 2649
35 2653
35 2654
35 2656
35 2658
35 2685
35 2724
35 2762
35 3024
35 3210
35 3223
35 3279
35 3284
35 3338
35 3363
35 3365
35 3387
35 3426
35 3733
35 3764
35 4025
35 4041
35 4730
35 4739
35 5116
35 5205
35 5221
35 5420
35 5659
35 5962
35 6006
35 6100
35 6192
35 6195
35 6256
35 6407
35 6477
35 6482
35 6524
35 7509
35 7604
35 7606
35 7609
35 7682
35 7700
35 7703
35 7704
35 7706
35 7707
35 7711
35 7713
35 7714
35 7715
35 7716
35 7717
35 7719
35 7720
35 7721
35 7722
35 7723
35 7724
35 7725
35 7728
35 7729
35 7730
35 7731
35 7732
35 7733
35 7734
35 7735
35 7736
35 7737
35 7738
35 7739
35 7740
35 7741
35 7742
35 7743
35 7744
35 7745
35 7746
35 7747
35 7748
35 7754
35 7755
35 7756
35 7757
35 7758
35 7764
35 7770
35 7771
35 7772
35 7773
35 7774
35 7775
35 7783
35 7786
35 7787
35 7800
35 7802
35 7804
35 7805
35 7806
35 7810
35 7815
35 7819
36 20
36 410
36 411
36 1856
37 22
37 1667
37 1668
38 22
38 23
38 531
38 1928
38 1929
38 1930
38 1931
38 1942
38 1947
38 1948
38 1949
38 1961
38 1969
38 1989
38 1990
38 1991
38 1999
38 2002
38 2016
38 2064
38 2065
38 2066
38 2195
38 2197
38 2198
38 2199
38 2200
38 2201
38 3264
39 22
39 250
39 411
39 1439
39 1440
39 1932
39 2014
39 5946
40 22
40 23
40 25
40 432
40 448
40 762
40 1201
40 1448
40 2219
40 2222
40 2223
40 2224
40 2225
40 2237
40 2238
40 2239
40 2240
40 2491
40 3217
40 3338
40 4041
40 5253
40 5254
40 5279
40 5281
40 5291
40 5326
40 5330
40 5392
40 5425
40 5894
40 5936
40 5938
40 5939
40 5941
40 5946
41 22
41 2434
41 2444
41 2629
41 2762
42 22
42 298
42 299
42 1527
42 1530
42 2284
42 2286
42 2287
42 2288
42 2289
43 22
43 2472
43 4032
43 4034
43 4041
43 5333
43 5335
43 5339
43 5945
44 22
44 5937
45 22
45 5936
45 5944
45 5946
46 22
46 2631
46 3751
46 5252
46 5253
46 5279
46 5281
46 5307
46 5321
46 5392
46 5425
46 6133
47 22
47 2762
48 22
48 266
48 2168
48 2629
48 2762
48 3338
48 3932
48 6539
48 6544
48 6550
48 6551
49 22
49 3697
50 23
50 4579
50 5143
51 23
51 426
51 2947
51 2948
51 2981
51 5288
51 5296
51 5297
51 5301
51 5303
51 5306
51 5308
51 5319
51 5322
51 5330
51 5427
51 5428
52 23
52 284
52 520
52 521
52 564
52 565
52 566
52 567
52 568
52 569
52 570
52 692
52 728
52 789
52 790
52 794
52 795
52 875
52 877
52 878
52 879
52 880
52 881
52 882
52 883
52 884
52 886
52 887
52 888
52 891
52 892
52 894
52 895
52 896
52 897
52 1098
52 1808
52 1843
52 1844
52 1845
52 4999
53 23
53 1564
53 1755
53 1765
53 1767
54 23
54 1339
54 2360
55 23
55 732
55 1546
55 1620
55 1638
55 1799
55 1862
55 1960
55 2103
55 2160
55 2185
55 2762
55 2904
55 2905
55 2906
55 2908
55 2909
55 2910
55 2911
55 2912
55 2913
55 2914
55 3311
55 4525
55 4528
55 4536
55 4540
55 4542
55 4544
55 4545
55 4546
55 4547
55 4548
55 4549
55 4550
55 4551
55 4552
55 4553
55 4554
55 4555
55 4556
55 4557
55 4558
55 4559
55 4560
55 4561
55 4562
55 4563
55 4564
55 4565
55 4566
55 4567
55 4568
55 4569
55 4570
55 4571
55 4572
55 4573
55 4574
55 4575
55 4576
55 4577
55 4578
55 4579
55 4580
55 4581
55 4582
55 4583
55 4587
55 5094
55 5176
55 5177
55 5178
55 5179
55 5233
55 5381
55 5392
55 5396
55 5397
55 5398
55 5402
55 5410
55 5411
55 5431
55 5435
55 5436
55 5831
55 6157
55 6158
55 6159
55 6164
55 6168
55 6170
55 6171
55 6173
55 6175
55 6181
55 6186
55 6187
55 6195
55 6227
55 6229
55 6231
55 6232
55 6249
55 6261
55 6262
56 23
56 373
56 487
56 532
56 1444
56 1532
56 3365
56 6133
56 6389
56 6390
56 6391
56 6513
56 6558
56 6559
56 6560
56 6561
56 6562
56 6563
56 6564
56 6565
56 6566
56 6567
56 6568
56 6569
56 6570
56 6571
56 6572
56 6573
56 6574
56 6575
56 6576
56 6577
56 6578
56 6579
56 6580
56 6581
56 6582
56 6583
56 6584
56 6585
56 6586
56 6587
56 6588
56 6589
56 6590
56 6591
56 6592
56 6593
56 6594
56 6595
56 6596
56 6597
56 6598
56 6599
56 6600
56 6601
56 6602
56 6603
56 6604
56 6605
56 6606
56 6607
56 6608
56 6609
56 6610
56 6611
56 6612
56 6613
56 6614
56 6615
56 6616
56 6617
56 6618
56 6619
56 6620
56 6621
56 6622
56 6623
56 6624
56 6625
56 6626
56 6627
56 6628
56 6629
56 6630
56 6631
56 6632
56 6633
56 6634
56 6635
56 6636
56 6637
56 6638
56 6639
56 6640
56 6641
56 6642
56 6643
56 6644
56 6645
56 6646
56 6647
56 6648
56 6649
56 6650
56 6651
56 6652
56 6653
56 6654
56 6655
56 6656
56 6657
56 6658
56 6659
56 6660
56 6661
56 6662
56 6663
56 6664
56 6665
56 6666
56 6667
56 6668
56 6669
56 6670
56 6671
56 6672
56 6673
56 6674
56 6675
56 6676
56 6677
56 6678
56 6679
56 6680
56 6681
56 6682
56 6683
56 6684
56 6685
56 6686
56 6687
56 6688
56 6689
56 6690
56 6691
56 6692
56 6693
56 6694
56 6695
56 6696
56 6697
56 6698
56 6699
56 6700
56 6701
56 6702
56 6703
56 6704
56 6705
56 6706
56 6707
56 6708
56 6709
56 6710
56 6711
56 6712
56 6713
56 6714
56 6715
56 6716
56 6717
56 6718
56 6719
56 6720
56 6721
56 6722
56 6723
56 6724
56 6725
56 6726
56 6727
56 6728
56 6729
56 6730
56 6731
56 6732
56 6733
56 6734
56 6735
56 6736
56 6737
56 6738
56 6739
56 6740
56 6741
56 6742
56 6743
56 6744
56 6745
56 6746
56 6747
56 6748
56 6749
56 6750
56 6751
56 6752
56 6753
56 6754
56 6755
56 6756
56 6757
56 6758
56 6759
56 6760
56 6761
56 6762
56 6763
56 6764
56 6765
56 6766
56 6767
56 6768
56 6769
56 6770
56 6771
56 6772
56 6773
56 6774
56 6775
56 6776
56 6777
56 6778
56 6779
56 6780
56 6781
56 6782
56 6783
56 6784
56 6785
56 6786
56 6787
56 6788
56 6789
56 6790
56 6791
56 6792
56 6793
56 6794
56 6795
56 6796
56 6797
56 6798
56 6799
56 6800
56 6801
56 6802
56 6803
56 6804
56 6805
56 6806
56 6807
56 6808
56 6809
56 6810
56 6811
56 6812
56 6813
56 6814
56 6815
56 6816
56 6817
56 6818
56 6819
56 6820
56 6821
56 6822
56 6823
56 6824
56 6825
56 6826
56 6827
56 6828
56 6829
56 6830
56 6831
56 6832
56 6833
56 6834
56 6835
56 6836
56 6837
56 6838
56 6839
56 6840
56 6841
56 6842
56 6843
56 6844
56 6845
56 6846
56 6847
56 6848
56 6849
56 6850
56 6851
56 6852
56 6853
56 6854
56 6855
56 6856
56 6857
56 6858
56 6859
56 6860
56 6861
56 6862
56 6863
56 6864
56 6865
56 6866
56 6867
56 6868
56 6869
56 6870
56 6871
56 6872
56 6873
56 6874
56 6875
56 6876
56 6877
56 6878
56 6879
56 6880
56 6881
56 6882
56 6883
56 6884
56 6885
56 6886
56 6887
56 6888
56 6889
56 6890
56 6891
56 6892
56 6893
56 6894
56 6895
56 6896
56 6897
56 6898
56 6899
56 6900
56 6901
56 6902
56 6903
56 6904
56 6905
56 6906
56 6907
56 6908
56 6909
56 6910
56 6911
56 6912
56 6913
56 6914
56 6915
56 6916
56 6917
56 6918
56 6919
56 6920
56 6921
56 6922
56 6923
56 6924
56 6925
56 6926
56 6927
56 6928
56 6929
56 6930
56 6931
56 6932
56 6933
56 6934
56 6935
56 6936
56 6937
56 6938
56 6939
56 6940
56 6941
56 6942
56 6943
56 6944
56 6945
56 6946
56 6947
56 6948
56 6949
56 6950
56 6951
56 6952
56 6953
56 6954
56 6955
56 6956
56 6957
56 6958
56 6959
56 6960
56 6961
56 6962
56 6963
56 6964
56 6965
56 6966
56 6967
56 6968
56 6969
56 6970
56 6971
56 6972
56 6973
56 6974
56 6975
56 6976
56 6977
56 6978
56 6979
56 6980
56 6981
56 6982
56 6983
56 6984
56 6985
56 6986
56 6987
56 6988
56 6989
56 6990
56 6991
56 6992
56 6993
56 6994
56 6995
56 6996
56 6997
56 6998
56 6999
56 7000
56 7001
56 7002
56 7003
56 7004
56 7005
56 7006
56 7007
56 7008
56 7009
56 7010
56 7011
56 7012
56 7013
56 7014
56 7015
56 7016
56 7017
56 7018
56 7019
56 7020
56 7021
56 7022
56 7023
56 7024
56 7025
56 7026
56 7027
56 7028
56 7029
56 7030
56 7031
56 7032
56 7033
56 7034
56 7035
56 7036
56 7037
56 7038
56 7039
56 7040
56 7041
56 7042
56 7043
56 7044
56 7045
56 7046
56 7047
56 7048
56 7049
56 7050
56 7051
56 7052
56 7053
56 7054
56 7055
56 7056
56 7057
56 7058
56 7059
56 7060
56 7061
56 7062
56 7063
56 7064
56 7065
56 7066
56 7067
56 7068
56 7069
56 7070
56 7071
56 7072
56 7073
56 7074
56 7075
56 7076
56 7077
56 7078
56 7079
56 7080
56 7081
56 7082
56 7083
56 7084
56 7085
56 7086
56 7087
56 7088
56 7089
56 7090
56 7091
56 7092
56 7093
56 7094
56 7095
56 7096
56 7097
56 7098
56 7099
56 7100
56 7101
56 7102
56 7103
56 7104
56 7105
56 7106
56 7107
56 7108
56 7109
56 7110
56 7111
56 7112
56 7113
56 7114
56 7115
56 7116
56 7117
56 7118
56 7119
56 7120
56 7121
56 7122
56 7123
56 7124
56 7125
56 7126
56 7127
56 7128
56 7129
56 7130
56 7131
56 7132
56 7133
56 7134
56 7135
56 7136
56 7137
56 7138
56 7139
56 7140
56 7141
56 7142
56 7143
56 7144
56 7145
56 7146
56 7147
56 7148
56 7149
56 7150
56 7151
56 7152
56 7153
56 7154
56 7155
56 7156
56 7157
56 7158
56 7159
56 7160
56 7161
56 7162
56 7163
56 7164
56 7165
56 7166
56 7167
56 7168
56 7169
56 7170
56 7171
56 7172
56 7173
56 7174
56 7175
56 7176
56 7177
56 7178
56 7179
56 7180
56 7181
56 7182
56 7183
56 7184
56 7185
56 7186
56 7187
56 7188
56 7189
56 7190
56 7191
56 7192
56 7193
56 7194
56 7195
56 7196
56 7197
56 7198
56 7199
56 7200
56 7201
56 7202
56 7203
56 7204
56 7205
56 7206
56 7207
56 7208
56 7209
56 7210
56 7211
56 7212
56 7213
56 7214
56 7215
56 7216
56 7217
56 7218
56 7219
56 7220
56 7221
56 7222
56 7223
56 7224
56 7225
56 7226
56 7227
56 7228
56 7229
56 7230
56 7231
56 7232
56 7233
56 7234
56 7235
56 7236
56 7237
56 7238
56 7239
56 7240
56 7241
56 7242
56 7243
56 7244
56 7245
56 7246
56 7247
56 7248
56 7249
56 7250
56 7251
56 7252
56 7253
56 7254
56 7255
56 7256
56 7257
56 7258
56 7259
56 7260
56 7261
56 7262
56 7263
56 7264
56 7265
56 7266
56 7267
56 7268
56 7269
56 7270
56 7271
56 7272
56 7273
56 7274
56 7275
56 7276
56 7277
56 7278
56 7279
56 7280
56 7281
56 7282
56 7283
56 7284
56 7285
56 7286
56 7287
56 7288
56 7289
56 7290
56 7291
56 7292
56 7293
56 7294
56 7295
56 7296
56 7297
56 7298
56 7299
56 7300
56 7301
56 7302
56 7303
56 7304
56 7305
56 7306
56 7307
56 7308
56 7309
56 7310
56 7311
56 7312
56 7313
56 7314
56 7315
56 7316
56 7317
56 7318
56 7319
56 7320
56 7321
56 7322
56 7323
56 7324
56 7325
56 7326
56 7327
56 7328
56 7329
56 7330
56 7331
56 7332
56 7333
56 7334
56 7335
56 7336
56 7337
56 7338
56 7339
56 7340
56 7341
56 7342
56 7343
56 7344
56 7345
56 7346
56 7347
56 7348
56 7349
56 7350
56 7351
56 7352
56 7353
56 7354
56 7355
56 7356
56 7357
56 7358
56 7359
56 7360
56 7361
56 7362
56 7363
56 7364
56 7365
56 7366
56 7367
56 7368
56 7369
56 7370
56 7371
56 7372
56 7373
56 7374
56 7375
56 7695
57 23
57 755
57 764
57 765
57 1609
57 2131
57 2134
57 2137
57 2138
57 2252
57 2253
57 2254
57 2304
57 2334
57 2335
57 2352
57 2354
57 2355
57 2356
57 2359
57 2362
57 2365
57 2548
57 3271
57 3284
57 3338
57 3365
57 3721
57 7703
57 7725
58 25
58 284
59 25
59 804
59 2067
59 5425
60 25
60 2396
61 36
61 37
61 38
61 39
61 40
61 41
61 42
61 43
61 44
61 45
61 46
61 47
61 48
61 49
61 50
61 51
61 52
61 53
61 54
61 55
61 56
61 57
61 58
61 59
61 60
61 61
61 62
61 63
61 64
61 65
61 66
61 67
61 68
61 69
61 70
61 71
61 72
61 73
61 74
61 75
61 76
61 77
61 78
61 79
61 80
61 81
61 82
61 83
61 84
61 85
61 86
61 87
61 88
61 89
61 90
61 91
61 92
61 93
61 94
61 95
61 96
61 97
61 98
61 99
61 100
61 101
61 102
61 103
61 104
61 105
61 106
61 107
61 108
61 109
61 110
61 111
61 112
61 113
61 114
61 115
61 116
61 117
61 118
61 119
61 120
61 121
61 122
61 123
61 124
61 125
61 126
61 127
61 128
61 129
61 130
61 131
61 132
61 133
61 134
61 135
61 136
61 137
61 138
61 139
61 140
61 141
61 142
61 143
61 144
61 145
61 146
61 147
61 148
61 149
61 150
61 151
61 152
61 153
61 154
61 155
61 156
61 157
61 158
61 159
61 160
61 161
61 162
61 163
61 164
61 165
61 166
61 167
61 168
61 169
61 170
61 171
61 172
61 173
61 174
61 175
61 176
61 177
61 178
61 179
61 180
61 185
61 186
61 200
61 201
61 202
61 203
61 204
61 205
61 206
61 207
61 208
61 209
61 210
61 211
61 212
61 213
61 214
61 215
61 216
61 217
61 218
61 219
61 220
61 221
61 222
61 223
61 224
61 225
61 226
61 227
61 228
61 229
61 230
61 231
61 232
61 233
61 234
61 235
61 236
61 237
61 238
61 239
61 240
61 241
61 243
61 244
61 245
61 246
61 247
61 255
61 256
61 257
61 258
61 259
61 276
61 277
61 301
61 302
61 303
61 304
61 305
61 306
61 307
61 345
61 346
61 391
61 392
61 393
61 394
61 395
61 396
61 397
61 398
61 399
61 400
61 401
61 402
61 403
61 404
61 405
61 406
61 407
61 488
61 489
61 490
61 491
61 492
61 493
61 522
61 523
61 524
62 37
62 102
62 1016
62 1017
62 2035
62 2036
62 2038
62 2051
62 2252
62 2301
62 2416
63 182
63 188
63 242
63 422
63 430
63 719
63 774
63 941
63 945
63 982
63 1206
63 1417
63 1627
63 1631
63 1797
63 1798
63 1956
63 2828
63 3441
63 3726
63 3733
63 3737
63 4040
63 4041
63 4078
63 5117
63 5250
63 5253
63 5286
63 5293
63 5330
63 5333
63 5339
63 5341
63 5414
63 5416
63 5425
63 5897
63 5900
63 5936
63 5939
63 5944
63 5946
64 184
64 194
64 320
64 321
64 335
64 340
64 341
64 353
64 373
64 487
64 532
64 1046
64 1264
64 1444
64 1458
64 1532
64 1813
64 1933
64 2080
64 6558
64 6559
64 6560
64 6561
64 6562
64 6563
64 6564
64 6565
64 6566
64 6567
64 6568
64 6569
64 6570
64 6571
64 6572
64 6573
64 6574
64 6575
64 6576
64 6577
64 6578
64 6579
64 6580
64 6581
64 6582
64 6583
64 6584
64 6585
64 6586
64 6587
64 6588
64 6589
64 6590
64 6591
64 6592
64 6593
64 6594
64 6595
64 6596
64 6597
64 6598
64 6599
64 6600
64 6601
64 6602
64 6603
64 6604
64 6605
64 6606
64 6607
64 6608
64 6609
64 6610
64 6611
64 6612
64 6613
64 6614
64 6615
64 6616
64 6617
64 6618
64 6619
64 6620
64 6621
64 6622
64 6623
64 6624
64 6625
64 6626
64 6627
64 6628
64 6629
64 6630
64 6631
64 6632
64 6633
64 6634
64 6635
64 6636
64 6637
64 6638
64 6639
64 6640
64 6641
64 6642
64 6643
64 6644
64 6646
64 6647
64 6648
64 6649
64 6650
64 6651
64 6652
64 6653
64 6654
64 6655
64 6656
64 6657
64 6658
64 6659
64 6660
64 6661
64 6662
64 6663
64 6664
64 6665
64 6666
64 6667
64 6668
64 6669
64 6670
64 6671
64 6672
64 6673
64 6674
64 6675
64 6676
64 6677
64 6678
64 6679
64 6680
64 6681
64 6682
64 6683
64 6685
64 6686
64 6687
64 6688
64 6689
64 6690
64 6691
64 6692
64 6693
64 6694
64 6695
64 6696
64 6697
64 6698
64 6699
64 6700
64 6701
64 6702
64 6703
64 6704
64 6705
64 6706
64 6707
64 6708
64 6709
64 6710
64 6711
64 6712
64 6713
64 6714
64 6715
64 6716
64 6717
64 6718
64 6719
64 6720
64 6721
64 6722
64 6723
64 6724
64 6725
64 6726
64 6727
64 6728
64 6729
64 6730
64 6731
64 6732
64 6733
64 6734
64 6735
64 6736
64 6737
64 6738
64 6739
64 6740
64 6741
64 6742
64 6743
64 6744
64 6745
64 6746
64 6747
64 6748
64 6749
64 6750
64 6751
64 6752
64 6753
64 6754
64 6755
64 6756
64 6757
64 6758
64 6759
64 6760
64 6761
64 6762
64 6763
64 6764
64 6765
64 6766
64 6767
64 6768
64 6769
64 6770
64 6771
64 6772
64 6773
64 6774
64 6775
64 6776
64 6777
64 6778
64 6779
64 6780
64 6781
64 6782
64 6783
64 6784
64 6785
64 6786
64 6787
64 6788
64 6789
64 6790
64 6791
64 6792
64 6793
64 6794
64 6795
64 6796
64 6797
64 6798
64 6799
64 6800
64 6801
64 6802
64 6803
64 6804
64 6805
64 6806
64 6807
64 6808
64 6809
64 6810
64 6811
64 6812
64 6813
64 6814
64 6815
64 6816
64 6817
64 6818
64 6819
64 6820
64 6821
64 6822
64 6823
64 6824
64 6825
64 6826
64 6827
64 6828
64 6829
64 6830
64 6831
64 6832
64 6833
64 6834
64 6835
64 6836
64 6837
64 6838
64 6839
64 6840
64 6841
64 6842
64 6843
64 6844
64 6845
64 6846
64 6847
64 6848
64 6849
64 6850
64 6851
64 6852
64 6853
64 6854
64 6855
64 6856
64 6857
64 6858
64 6859
64 6860
64 6861
64 6862
64 6863
64 6864
64 6865
64 6866
64 6867
64 6868
64 6869
64 6870
64 6871
64 6872
64 6873
64 6874
64 6875
64 6876
64 6877
64 6878
64 6879
64 6880
64 6881
64 6882
64 6883
64 6884
64 6885
64 6886
64 6887
64 6888
64 6889
64 6890
64 6891
64 6892
64 6893
64 6894
64 6895
64 6896
64 6897
64 6898
64 6899
64 6900
64 6901
64 6902
64 6903
64 6904
64 6905
64 6906
64 6907
64 6908
64 6909
64 6910
64 6911
64 6912
64 6913
64 6914
64 6915
64 6916
64 6917
64 6918
64 6919
64 6920
64 6921
64 6922
64 6923
64 6924
64 6925
64 6926
64 6927
64 6928
64 6929
64 6931
64 6932
64 6933
64 6934
64 6936
64 6937
64 6938
64 6939
64 6941
64 6942
64 6943
64 6944
64 6945
64 6946
64 6947
64 6948
64 6949
64 6950
64 6951
64 6952
64 6953
64 6954
64 6955
64 6956
64 6957
64 6958
64 6959
64 6960
64 6961
64 6962
64 6963
64 6964
64 6965
64 6966
64 6967
64 6968
64 6969
64 6970
64 6971
64 6972
64 6973
64 6974
64 6975
64 6976
64 6977
64 6978
64 6979
64 6980
64 6981
64 6982
64 6983
64 6984
64 6985
64 6986
64 6987
64 6988
64 6989
64 6990
64 6991
64 6992
64 6993
64 6994
64 6995
64 6996
64 6997
64 6998
64 6999
64 7000
64 7001
64 7002
64 7003
64 7004
64 7005
64 7006
64 7007
64 7008
64 7009
64 7010
64 7011
64 7012
64 7013
64 7014
64 7015
64 7016
64 7017
64 7018
64 7019
64 7020
64 7021
64 7022
64 7023
64 7024
64 7025
64 7026
64 7027
64 7028
64 7029
64 7030
64 7031
64 7032
64 7033
64 7034
64 7035
64 7036
64 7037
64 7038
64 7039
64 7040
64 7041
64 7042
64 7043
64 7044
64 7045
64 7046
64 7047
64 7048
64 7049
64 7050
64 7051
64 7052
64 7053
64 7054
64 7055
64 7056
64 7057
64 7058
64 7059
64 7060
64 7061
64 7062
64 7063
64 7064
64 7065
64 7066
64 7067
64 7068
64 7069
64 7070
64 7071
64 7072
64 7073
64 7074
64 7075
64 7076
64 7077
64 7078
64 7079
64 7080
64 7081
64 7082
64 7083
64 7084
64 7085
64 7086
64 7087
64 7088
64 7089
64 7090
64 7091
64 7092
64 7093
64 7094
64 7095
64 7096
64 7097
64 7098
64 7099
64 7100
64 7101
64 7102
64 7103
64 7104
64 7105
64 7106
64 7107
64 7108
64 7109
64 7110
64 7111
64 7112
64 7113
64 7114
64 7115
64 7116
64 7117
64 7118
64 7119
64 7120
64 7121
64 7122
64 7123
64 7124
64 7125
64 7126
64 7127
64 7128
64 7129
64 7130
64 7131
64 7132
64 7133
64 7134
64 7135
64 7136
64 7137
64 7138
64 7139
64 7140
64 7141
64 7142
64 7143
64 7144
64 7145
64 7146
64 7147
64 7148
64 7149
64 7150
64 7151
64 7152
64 7153
64 7154
64 7155
64 7156
64 7157
64 7158
64 7159
64 7160
64 7161
64 7162
64 7163
64 7164
64 7165
64 7166
64 7167
64 7168
64 7169
64 7170
64 7171
64 7172
64 7173
64 7174
64 7175
64 7176
64 7177
64 7178
64 7179
64 7180
64 7181
64 7182
64 7183
64 7184
64 7185
64 7186
64 7187
64 7188
64 7189
64 7190
64 7191
64 7192
64 7193
64 7194
64 7195
64 7196
64 7197
64 7198
64 7199
64 7200
64 7201
64 7202
64 7203
64 7204
64 7205
64 7206
64 7207
64 7208
64 7209
64 7210
64 7211
64 7212
64 7213
64 7214
64 7215
64 7216
64 7217
64 7218
64 7219
64 7220
64 7221
64 7222
64 7223
64 7224
64 7225
64 7226
64 7227
64 7228
64 7229
64 7230
64 7231
64 7232
64 7233
64 7234
64 7235
64 7236
64 7237
64 7238
64 7239
64 7240
64 7241
64 7242
64 7243
64 7244
64 7245
64 7246
64 7247
64 7248
64 7249
64 7250
64 7251
64 7252
64 7253
64 7254
64 7255
64 7256
64 7257
64 7258
64 7259
64 7260
64 7261
64 7262
64 7263
64 7264
64 7265
64 7266
64 7267
64 7268
64 7269
64 7270
64 7271
64 7272
64 7273
64 7274
64 7275
64 7276
64 7277
64 7278
64 7279
64 7280
64 7281
64 7282
64 7283
64 7284
64 7285
64 7286
64 7287
64 7288
64 7289
64 7290
64 7291
64 7292
64 7293
64 7294
64 7295
64 7296
64 7297
64 7298
64 7299
64 7300
64 7301
64 7302
64 7303
64 7304
64 7305
64 7306
64 7307
64 7308
64 7309
64 7310
64 7311
64 7312
64 7313
64 7314
64 7315
64 7316
64 7317
64 7318
64 7319
64 7320
64 7321
64 7322
64 7323
64 7324
64 7325
64 7326
64 7327
64 7328
64 7329
64 7330
64 7331
64 7332
64 7333
64 7334
64 7335
64 7336
64 7337
64 7338
64 7339
64 7340
64 7341
64 7342
64 7343
64 7344
64 7345
64 7346
64 7347
64 7348
64 7349
64 7350
64 7351
64 7352
64 7353
64 7354
64 7355
64 7356
64 7357
64 7358
64 7359
64 7360
64 7361
64 7362
64 7363
64 7364
64 7365
64 7366
64 7367
64 7368
64 7369
64 7370
64 7371
64 7372
64 7373
64 7374
64 7375
65 188
65 430
65 531
65 1627
65 1630
65 2492
66 188
66 269
66 422
66 430
66 706
66 774
66 945
66 982
66 1205
66 1206
66 1417
66 1627
66 2219
66 2734
66 3228
66 3505
66 3733
66 3737
66 5122
66 5272
66 6251
67 194
68 199
68 242
68 695
68 719
68 941
68 1207
68 1630
68 2056
68 2057
68 2059
68 6138
68 6139
69 199
70 199
71 251
72 253
72 290
72 571
73 254
74 260
74 2190
74 4817
75 264
75 1184
75 1185
75 1186
75 1201
76 271
76 272
76 275
76 278
77 282
77 283
77 4579
78 284
78 436
78 1334
78 1335
78 1339
79 284
79 1449
79 1450
79 1451
79 1456
80 284
80 298
80 2588
80 2763
80 2764
80 2765
81 284
81 298
81 2230
81 2540
81 2580
82 285
83 290
83 785
84 295
85 295
86 297
86 1550
86 1721
86 1722
86 1723
86 1724
86 1725
86 1726
86 1728
86 1729
86 1730
86 1731
86 1732
86 1733
86 1734
86 1735
86 1743
86 1747
87 297
88 298
89 298
90 298
91 299
91 1044
91 1049
91 1271
91 1278
91 1379
92 351
92 352
92 353
92 354
93 358
94 416
94 417
94 418
94 419
94 420
94 421
94 422
94 423
94 424
94 425
94 5326
95 418
96 422
97 426
97 723
97 747
97 748
97 749
97 972
97 1467
97 1471
97 2408
97 2509
97 5253
97 5254
97 5277
97 5286
97 5293
97 5295
97 5304
97 5307
97 5309
97 5326
97 5330
97 5333
97 5414
97 5421
97 5425
97 5900
97 5946
97 5962
98 428
99 428
99 1861
100 430
100 431
100 432
101 432
102 432
103 436
103 930
103 931
103 932
103 933
103 1051
103 1116
103 1117
103 1120
103 1122
103 1123
103 1124
103 1125
103 1126
103 1129
103 1134
103 1136
103 1142
103 1144
103 1145
103 1146
103 1148
103 1162
103 1166
103 1167
103 1168
103 1169
103 1170
103 1171
103 1172
103 1173
103 1174
103 1175
103 1176
103 1177
103 1178
103 1179
103 1180
103 1181
103 1182
103 1187
103 1188
103 1189
103 1190
103 1191
103 1192
103 1193
103 1194
103 1195
103 1196
103 1197
103 1198
103 1199
103 1200
104 436
104 5286
104 5330
104 5900
105 439
105 2947
105 2981
105 4029
105 5251
105 5254
105 5255
105 5287
105 5288
105 5293
105 5298
105 5299
105 5300
105 5322
105 5323
105 5367
105 5900
106 448
106 1392
106 1441
107 448
108 469
109 531
110 531
110 1869
111 549
112 552
113 554
114 620
114 5277
115 620
116 692
117 692
117 705
117 1272
117 1273
117 1285
117 1286
117 1287
117 1289
117 1290
117 1291
117 1292
117 1296
117 1297
117 1298
117 1327
117 1393
117 1403
117 1404
118 692
118 704
118 705
118 706
118 770
118 891
118 896
118 3338
118 3834
118 7415
118 7493
119 694
119 2069
119 2161
119 5293
119 5425
119 5945
120 696
120 1791
120 2653
120 2663
120 2718
120 2886
120 3024
120 3338
120 3365
120 3764
120 3869
120 4030
120 4033
120 4041
120 4061
120 4063
120 5080
120 5094
120 5117
120 5195
120 5213
120 5215
120 5226
120 5250
120 5254
120 5262
120 5333
120 5341
120 5343
120 5534
120 5539
120 5542
120 5701
120 5734
120 5766
120 5768
120 5786
120 5894
120 5900
120 5902
120 5941
120 5946
120 7540
120 7609
120 7611
120 7612
120 7613
120 7614
120 7616
120 7617
120 7618
120 7619
120 7620
120 7621
120 7622
120 7623
120 7624
120 7625
120 7626
120 7627
120 7628
120 7629
120 7630
120 7631
120 7632
120 7633
120 7634
120 7635
120 7636
120 7637
120 7638
120 7639
120 7640
120 7641
120 7642
120 7643
120 7644
120 7645
120 7646
120 7647
120 7648
120 7649
120 7650
120 7651
120 7652
120 7653
120 7654
120 7655
120 7656
120 7657
120 7658
120 7659
120 7660
120 7661
120 7662
120 7663
120 7664
120 7665
120 7667
120 7668
120 7669
120 7670
120 7671
120 7672
120 7673
120 7674
120 7675
120 7676
120 7677
120 7678
120 7679
120 7680
120 7681
120 7708
120 7710
120 7711
120 7712
120 7725
120 7749
120 7750
120 7751
120 7752
120 7753
120 7754
120 7782
121 697
121 780
121 1351
121 2653
121 2766
121 2957
121 2969
121 2970
121 2972
121 2987
121 2988
121 2989
121 2994
121 2996
121 3148
121 3164
121 3203
121 3808
121 4027
121 4146
121 4520
121 4522
121 4556
121 4567
121 4577
121 4578
121 4584
121 4642
121 4643
121 4664
121 4706
121 4935
121 4936
121 5160
121 5286
121 5343
121 5425
121 6164
121 6169
121 6172
121 6173
121 6176
121 6177
121 6178
121 7626
121 7729
121 7773
122 698
123 704
123 891
123 930
123 1241
123 1242
123 1243
123 1244
123 1245
123 1246
123 1247
123 1248
123 1267
123 1268
123 1269
123 1279
123 1280
123 1281
123 1282
123 1283
123 1284
123 1319
123 1390
124 704
124 705
124 1395
124 1396
124 1397
124 1402
125 705
126 705
127 705
127 2138
127 3389
127 5235
127 6532
127 6533
127 7702
128 705
128 1488
128 1515
128 2606
128 2621
128 3391
128 6329
128 6346
128 6437
128 6458
128 7433
128 7439
128 7452
129 709
130 719
131 733
131 1453
131 4041
132 737
133 740
133 741
133 4676
133 5143
133 6172
133 6174
133 6177
133 6178
134 745
135 750
136 756
136 4029
136 4999
136 5287
136 5318
136 5420
136 5425
136 5935
137 757
138 765
139 766
140 770
141 770
141 1513
141 1514
141 1515
141 1516
141 1904
141 2563
141 5988
141 7808
141 7809
141 7811
141 7812
141 7813
141 7814
142 772
143 774
143 891
143 1249
143 1966
144 778
145 779
146 788
147 803
147 1366
148 804
149 825
149 7698
149 7699
150 842
151 848
152 887
153 891
153 1006
154 898
155 905
155 1449
155 1450
155 1451
155 1452
155 1463
155 1616
155 2222
155 2223
155 2436
155 2440
155 2484
155 2488
155 2924
155 3026
155 3027
155 3250
155 3260
155 3418
155 3779
155 3820
155 3850
155 3851
155 3852
155 3863
155 4047
155 4056
155 4790
155 6514
155 6515
155 6530
155 6531
155 6553
155 7485
155 7644
156 910
157 910
157 1484
157 1624
157 1667
157 1668
157 1688
157 1694
157 1697
157 1699
157 1708
157 1709
157 1710
157 1711
157 1718
157 1742
157 1749
157 1773
157 1777
157 1780
157 1781
157 1785
157 1792
157 1802
157 1804
157 1805
157 1809
157 1810
157 1811
157 1812
157 1907
157 1920
157 1921
157 1923
157 1965
157 1972
157 1974
157 1975
157 1976
157 1978
157 1979
157 1980
157 1981
157 1982
157 1983
157 1984
157 1997
157 2092
157 2093
157 2094
157 2095
157 2096
157 2097
157 2098
157 2101
157 2202
157 2203
157 2207
157 2208
157 2209
157 2210
157 2211
157 2212
157 2213
157 2227
157 2232
157 2279
157 2280
157 2290
157 2291
157 2394
157 2395
157 2399
157 2400
157 2406
157 2407
157 2411
157 2412
157 2428
157 2430
157 2431
157 2432
157 2433
157 2435
157 2467
157 2468
157 2469
157 2470
157 2479
157 2501
157 2502
157 2514
157 2515
157 2516
157 2517
157 2541
157 2549
157 2553
157 2582
157 2583
157 2584
157 2585
157 2586
157 2587
157 2590
157 2591
157 2592
157 2597
157 2598
157 2604
157 2651
157 2680
157 2681
157 2762
157 2918
157 3021
157 3153
157 3178
157 3186
157 3198
157 3248
157 3249
157 3376
157 3653
157 3654
157 3949
157 3950
157 4661
157 4751
157 4836
157 4837
157 5073
157 5086
157 5130
157 5131
157 5132
157 5153
157 5154
157 5235
157 5241
157 5251
157 5408
157 5409
157 5825
157 5826
157 5827
157 5828
157 5829
157 5970
157 5973
157 5987
157 5997
157 6140
157 6141
157 6142
157 6143
157 6144
157 6145
157 6146
157 6147
157 6148
157 6150
157 6151
157 6153
157 6154
157 6155
157 6156
157 6162
157 6163
157 6257
157 6258
157 6259
157 6366
157 6506
157 6508
157 6510
157 6512
157 6514
157 6515
157 6526
157 6529
157 6530
157 6531
157 6534
157 6536
157 6537
157 6538
157 6539
157 6543
157 6544
157 6545
157 6548
157 6552
157 6553
157 6557
157 7508
158 912
158 5133
158 5291
158 5292
158 5293
158 5296
158 5421
158 5894
159 914
159 6256
160 926
161 927
162 929
163 931
164 931
165 931
166 931
167 931
168 931
169 931
169 7566
170 941
170 4029
170 5286
170 5330
170 5897
170 5939
170 5943
171 941
171 6164
172 950
173 951
174 966
174 967
175 969
176 969
176 2762
176 3713
176 3714
177 975
178 980
179 981
180 983
180 1183
181 984
182 987
182 988
182 989
182 990
182 991
182 7421
182 7790
182 7793
182 7794
183 987
183 1711
183 2231
183 6174
183 6416
183 6503
183 7421
183 7442
183 7448
184 1041
184 1042
184 2193
184 2243
184 2251
184 2252
184 2253
184 2254
184 2255
184 2256
184 2258
184 2264
185 1041
185 1461
185 1462
186 1041
186 2217
186 2218
186 2323
186 2430
186 2846
186 3010
186 3011
186 5135
186 5136
186 5137
186 5138
187 1043
188 1044
189 1046
190 1048
191 1052
191 1053
191 1054
191 1055
191 1056
191 1057
191 1058
191 1059
191 1060
191 1061
191 1062
191 1063
191 1064
191 1065
191 1066
191 1067
191 1068
191 1069
191 1070
191 1071
191 1072
191 1073
191 1074
191 1075
191 1076
191 1077
191 1078
191 1079
191 1080
191 1081
191 1082
191 1083
191 1084
191 1085
191 1094
191 1095
191 1158
191 1159
191 1160
191 1161
191 1163
191 1164
191 1165
191 1217
191 1218
191 1219
191 1220
191 1221
191 1222
191 1223
191 1224
191 1225
191 1226
191 1227
191 1228
191 1229
191 1230
191 1231
191 1232
191 1233
191 1234
191 1235
191 1236
191 1237
191 1238
191 1239
191 1240
191 1249
191 1266
191 1300
191 1301
191 1302
191 1303
191 1304
191 1305
191 1306
191 1307
191 1308
191 1309
191 1310
191 1311
191 1313
191 1314
191 1315
191 1316
191 1317
191 1318
191 1324
191 1325
191 1326
191 1361
191 1362
191 1388
191 1389
191 1391
191 1426
191 1429
191 1430
191 1431
191 1432
191 1444
191 1445
192 1096
193 1098
194 1099
195 1103
195 1118
195 1119
195 1120
195 1121
195 1127
195 1128
195 1130
195 1131
195 1132
195 1133
195 1135
195 1137
195 1138
195 1139
195 1140
195 1141
196 1143
196 1147
196 1149
196 1150
196 1151
196 1152
196 1153
196 1154
196 1155
196 1156
196 1157
197 1204
197 1328
197 1329
197 1330
197 1331
197 1353
197 1360
197 1363
197 1364
198 1207
198 4834
198 5421
199 1249
199 1250
199 1251
199 1252
199 1253
199 1254
199 1255
199 1256
199 1257
199 1258
199 1259
199 1260
199 1261
199 1262
199 1372
199 1373
199 1374
199 1375
199 1376
199 1377
199 1378
199 1380
199 1381
199 1382
199 1383
199 1405
199 1406
199 1408
199 1409
199 1410
199 1411
199 1412
199 1413
199 1414
199 1427
200 1249
200 1300
200 1301
200 1302
200 1365
200 1367
200 1368
200 1425
201 1249
201 1300
201 4579
202 1263
202 1264
203 1265
203 1270
203 1274
203 1275
203 1277
203 1354
203 1355
203 1357
203 1358
203 1359
204 1276
205 1299
206 1301
207 1312
208 1320
209 1321
209 1322
209 1484
209 1494
209 1564
209 1593
209 1740
209 2691
209 2915
209 3480
209 3892
209 4359
209 4364
209 4401
209 4518
209 4525
209 4526
209 4527
209 4528
209 4529
209 4530
209 4531
209 4532
209 4533
209 4534
209 4535
209 4536
209 4537
209 4538
209 4539
209 4540
209 4541
209 4542
209 4543
209 4544
209 4545
209 4546
209 4547
209 4548
209 4549
209 4550
209 4551
209 4552
209 4553
209 4554
209 4555
209 4556
209 4557
209 4558
209 4559
209 4560
209 4561
209 4562
209 4563
209 4564
209 4565
209 4566
209 4567
209 4568
209 4569
209 4570
209 4572
209 4573
209 4574
209 4575
209 4576
209 4577
209 4578
209 4579
209 4580
209 4581
209 4582
209 4583
209 4584
209 4585
209 4586
209 4621
209 4623
209 4624
209 4625
209 4626
209 4627
209 4628
209 4629
209 4630
209 4631
209 4632
209 4640
209 4646
209 4655
209 4660
209 4781
209 4886
209 4888
209 4918
209 4987
209 5143
209 5251
209 6164
209 6165
209 6166
209 6177
210 1323
211 1324
211 1398
211 1399
211 1400
211 1401
212 1336
212 1834
213 1336
213 1833
214 1366
215 1370
216 1371
217 1387
218 1394
219 1419
220 1428
221 1433
222 1434
223 1436
223 1437
224 1444
224 1482
224 1483
225 1449
225 1450
225 2222
225 2223
225 2224
225 2225
225 2238
225 2436
225 2437
225 2438
225 2439
225 2440
225 2441
225 2503
225 2504
225 3392
226 1451
226 1452
226 1463
226 1614
226 1615
226 1616
227 1453
227 2479
227 2481
227 2564
227 6172
227 7606
227 7609
228 1458
229 1464
230 1465
231 1468
232 1469
232 1977
233 1470
234 1476
235 1477
236 1478
237 1479
238 1480
238 1481
239 1503
240 1512
240 2166
240 2177
240 2180
241 1518
242 1540
243 1555
243 1557
243 1752
243 1753
243 1754
244 1578
244 1591
245 1586
245 1587
245 1782
245 1785
245 1919
246 1589
246 1590
247 1602
248 1608
248 6234
249 1610
250 1611
251 1611
252 1612
253 1616
253 1617
253 1623
253 1640
253 1641
253 1642
253 5264
253 5330
253 5333
253 5343
254 1617
255 1619
256 1621
256 1626
256 5392
257 1624
258 1632
259 1633
260 1638
260 3279
260 7764
260 7765
260 7766
260 7767
260 7768
260 7769
260 7770
261 1639
262 1646
263 1653
264 1662
265 1687
265 1688
266 1696
267 1700
267 1701
267 1702
267 1703
267 1704
267 1705
267 1706
267 1712
267 1713
267 1714
267 1716
267 1790
268 1706
269 1707
270 1716
270 1719
271 1761
272 1762
273 1766
273 2322
273 4034
273 5311
274 1768
275 1769
276 1772
277 1779
278 1779
278 1840
278 5939
279 1783
280 1784
281 1791
282 1799
283 1801
284 1807
285 1813
286 1819
287 1831
288 1837
288 2316
289 1840
290 1847
290 1848
291 1851
292 1852
293 1853
294 1854
295 1856
295 1857
295 1858
296 1856
296 7470
297 1860
298 1865
299 1867
300 1868
301 1869
301 1967
301 1968
301 1969
302 1901
303 1906
304 1922
305 1926
306 1933
307 1935
308 1937
309 1938
310 1943
311 1946
312 1947
312 4026
312 4027
312 4028
312 4029
312 4032
312 4034
312 4038
312 5117
312 5250
312 5262
312 5286
312 5330
312 5333
312 5339
312 5341
312 5343
312 5425
312 5900
312 5902
312 5936
312 5937
312 5939
312 5940
312 5941
313 1950
314 1963
315 1965
315 2222
315 2223
315 2224
315 2225
315 2238
315 2484
315 2485
315 2486
315 2487
315 2488
316 1971
317 1973
317 2014
318 1993
318 3272
318 5537
318 5907
318 5984
318 5985
319 2000
320 2003
321 2004
321 2012
321 3652
322 2005
323 2006
324 2007
325 2015
326 2021
326 6513
327 2053
328 2058
329 2061
330 2071
331 2080
332 2082
333 2083
334 2099
335 2101
335 2211
335 2460
335 2461
335 2465
335 2466
335 2589
335 2861
335 2862
336 2111
337 2112
338 2113
339 2119
339 6176
340 2127
341 2128
342 2134
343 2136
343 2155
344 2168
345 2196
345 2352
345 2551
345 5279
345 5425
345 5935
346 2204
346 2206
346 2211
346 2214
347 2205
348 2220
348 2221
349 2220
349 2221
349 6526
349 6530
349 6531
349 6541
349 6542
349 6548
349 6552
349 7413
349 7414
349 7564
349 7565
350 2222
350 2223
350 6504
351 2222
351 2223
351 2224
351 2225
351 2238
351 6504
351 7513
351 7514
352 2226
353 2226
354 2228
355 2231
355 2233
355 2275
355 2277
355 2301
355 2429
355 2445
355 2446
355 2568
355 2652
355 7379
356 2234
357 2265
358 2282
358 5392
359 2297
360 2297
361 2301
362 2303
362 2565
363 2319
363 2324
364 2321
364 5287
364 5392
365 2325
366 2326
366 2444
366 2473
366 2474
366 6546
366 7380
367 2336
367 2337
368 2338
369 2344
369 2345
369 2346
369 2347
370 2358
371 2394
372 2401
372 4659
373 2409
374 2411
374 2571
375 2413
376 2416
376 4806
377 2419
377 5974
378 2420
378 4939
379 2444
380 2447
381 2452
382 2452
382 2545
382 2650
382 2666
382 2858
382 2859
382 3292
382 3741
382 4639
382 4825
382 5189
382 5190
382 5191
382 5193
382 5354
382 5430
382 5909
383 2462
383 3275
383 4664
384 2463
384 2464
385 2476
385 7589
386 2499
387 2500
388 2533
389 2538
389 2539
389 2634
389 2635
389 2645
390 2546
391 2564
392 2570
393 2570
393 7807
394 2573
394 2574
395 2575
395 2577
395 2578
396 2576
397 2579
398 2581
398 5184
399 2596
400 2611
400 2762
400 5155
401 2629
402 2633
403 2644
404 2646
404 3751
404 5278
405 2648
406 2661
407 2669
407 2670
407 4525
407 4621
407 5307
407 5902
407 5984
408 2685
409 2691
409 2698
409 2915
409 3480
409 3892
409 4319
409 4321
409 4322
409 4323
409 4324
409 4325
409 4336
409 4390
409 4403
409 4484
409 4485
409 4517
409 4518
409 4519
409 4520
409 4521
409 4522
409 4525
409 4537
409 4588
409 4595
409 4598
409 4640
409 4641
409 4642
409 4644
409 4647
409 4648
409 4650
409 4651
409 4652
409 4653
409 4654
409 4655
409 4657
409 4658
409 4659
409 4660
409 4677
409 4679
409 4703
409 4859
409 4881
409 4882
409 4883
409 4884
409 4885
409 4886
409 4887
409 4888
409 4889
409 4892
409 4900
409 4902
409 4903
409 4904
409 4905
409 4906
409 4907
409 4908
409 4909
409 4912
409 4915
409 4916
409 4917
409 4919
409 4921
409 5044
409 5045
409 5046
409 5048
409 5049
409 5050
409 5052
409 5053
409 5057
409 5058
409 6164
409 6165
409 6166
409 6174
410 2691
410 3480
410 3892
410 4987
411 2691
411 3480
411 3892
411 4517
412 2691
412 3892
413 2691
414 2691
414 2697
414 2698
414 2724
414 2725
414 2785
414 2786
414 2915
414 2917
414 3480
414 3481
414 3637
414 3693
414 3892
414 4319
414 4320
414 4321
414 4322
414 4323
414 4324
414 4325
414 4326
414 4336
414 4350
414 4356
414 4359
414 4360
414 4361
414 4362
414 4363
414 4364
414 4365
414 4366
414 4367
414 4368
414 4390
414 4391
414 4392
414 4393
414 4401
414 4402
414 4403
414 4404
414 4440
414 4441
414 4442
414 4443
414 4444
414 4445
414 4446
414 4447
414 4448
414 4449
414 4450
414 4451
414 4452
414 4453
414 4481
414 4482
414 4483
414 4484
414 4485
414 4486
414 4487
414 4488
414 4489
414 4514
414 4517
414 4518
414 4522
414 4525
414 4526
414 4528
414 4538
414 4547
414 4548
414 4549
414 4564
414 4566
414 4571
414 4572
414 4576
414 4583
414 4587
414 4588
414 4589
414 4590
414 4591
414 4593
414 4595
414 4596
414 4597
414 4598
414 4599
414 4600
414 4621
414 4622
414 4623
414 4624
414 4625
414 4626
414 4627
414 4628
414 4629
414 4630
414 4631
414 4632
414 4633
414 4640
414 4641
414 4642
414 4643
414 4644
414 4645
414 4646
414 4647
414 4648
414 4649
414 4650
414 4651
414 4652
414 4653
414 4654
414 4655
414 4656
414 4657
414 4658
414 4659
414 4660
414 4662
414 4664
414 4665
414 4666
414 4667
414 4668
414 4669
414 4670
414 4671
414 4672
414 4673
414 4674
414 4675
414 4676
414 4677
414 4679
414 4680
414 4681
414 4682
414 4683
414 4684
414 4685
414 4686
414 4687
414 4688
414 4689
414 4690
414 4691
414 4692
414 4693
414 4694
414 4695
414 4696
414 4697
414 4698
414 4699
414 4700
414 4701
414 4702
414 4703
414 4704
414 4705
414 4755
414 4756
414 4780
414 4781
414 4782
414 4783
414 4784
414 4785
414 4786
414 4787
414 4794
414 4809
414 4810
414 4852
414 4855
414 4856
414 4857
414 4858
414 4859
414 4860
414 4862
414 4881
414 4882
414 4883
414 4884
414 4885
414 4886
414 4887
414 4888
414 4889
414 4890
414 4891
414 4892
414 4893
414 4894
414 4895
414 4896
414 4897
414 4898
414 4899
414 4900
414 4901
414 4902
414 4903
414 4904
414 4905
414 4906
414 4907
414 4908
414 4909
414 4910
414 4911
414 4912
414 4913
414 4914
414 4915
414 4916
414 4917
414 4918
414 4919
414 4920
414 4921
414 4938
414 4939
414 4961
414 4987
414 5044
414 5045
414 5046
414 5048
414 5049
414 5050
414 5051
414 5052
414 5053
414 5054
414 5055
414 5057
414 5058
414 5059
414 5069
414 5114
414 5143
414 6164
414 6165
414 6166
414 6169
414 6172
414 6174
414 6177
414 6178
414 6179
414 6180
415 2691
415 2697
415 2698
415 2915
415 2917
415 3480
415 3481
415 3637
415 3693
415 3892
415 4364
415 4390
415 4401
415 4403
415 4514
415 4525
415 4755
415 4756
415 4809
415 4859
415 4900
415 4915
415 4921
415 4961
415 5057
415 5143
415 6164
415 6165
415 6166
416 2691
416 2698
416 2702
416 2703
416 2704
416 2705
416 2707
416 2721
416 2722
416 2726
416 2733
416 2735
416 2842
416 2915
416 2916
416 2917
416 3480
416 3481
416 4319
416 4320
416 4321
416 4322
416 4323
416 4324
416 4325
416 4326
416 4336
416 4350
416 4356
416 4359
416 4360
416 4361
416 4362
416 4363
416 4364
416 4365
416 4366
416 4367
416 4368
416 4390
416 4391
416 4392
416 4393
416 4401
416 4402
416 4403
416 4404
416 4413
416 4414
416 4415
416 4416
416 4428
416 4429
416 4440
416 4441
416 4442
416 4443
416 4444
416 4445
416 4446
416 4447
416 4448
416 4449
416 4450
416 4451
416 4452
416 4453
416 4481
416 4482
416 4483
416 4484
416 4485
416 4486
416 4487
416 4488
416 4489
416 4588
416 4589
416 4590
416 4591
416 4592
416 4593
416 4594
416 4595
416 4596
416 4597
416 4598
416 4599
416 4600
416 4621
416 4640
416 4645
416 4662
416 4663
416 4667
416 4668
416 4670
416 4674
416 4675
416 4676
416 4677
416 4678
416 4679
416 4680
416 4681
416 4682
416 4683
416 4684
416 4685
416 4686
416 4687
416 4688
416 4689
416 4690
416 4691
416 4692
416 4693
416 4694
416 4695
416 4696
416 4697
416 4698
416 4699
416 4700
416 4701
416 4702
416 4703
416 4704
416 4705
416 4764
416 4780
416 4781
416 4782
416 4783
416 4784
416 4785
416 4786
416 4787
416 4852
416 4855
416 4856
416 4857
416 4858
416 4859
416 4860
416 4862
416 4881
416 4882
416 4883
416 4884
416 4885
416 4886
416 4887
416 4888
416 4889
416 4890
416 4891
416 4892
416 4893
416 4894
416 4895
416 4896
416 4897
416 4898
416 4899
416 4900
416 4901
416 4902
416 4903
416 4904
416 4905
416 4906
416 4907
416 4908
416 4909
416 4910
416 4911
416 4912
416 4913
416 4914
416 4915
416 4916
416 4917
416 4918
416 4919
416 4920
416 4921
416 5044
416 5045
416 5046
416 5047
416 5048
416 5049
416 5050
416 5051
416 5052
416 5053
416 5054
416 5055
416 5056
416 5057
416 5058
416 5059
416 6167
417 2691
417 3892
417 4541
417 4561
417 4987
417 5143
417 5187
417 6172
417 6174
417 6176
418 2724
418 2725
419 2724
419 2725
420 2724
421 2724
422 2724
422 5114
423 2724
423 2725
423 2786
423 4938
423 4939
424 2744
424 5122
424 5253
424 5254
424 5286
424 5287
424 5291
424 5292
424 5293
424 5308
424 5325
424 5326
424 5414
424 5420
424 5421
424 5962
425 2744
425 2786
425 4938
425 4939
425 5252
426 2744
426 2899
426 5250
426 5252
426 5277
426 5278
426 5279
426 5286
426 5290
426 5292
426 5294
426 5305
426 5311
426 5315
426 5316
426 5317
426 5330
426 5333
426 5341
426 5343
426 5414
426 5420
426 5425
426 5894
426 5897
426 5900
426 5935
426 5937
426 5938
426 5939
426 5940
426 5944
426 5946
427 2762
427 3006
427 3007
427 4152
428 2762
429 2762
429 4818
430 2762
430 4820
431 2762
432 2762
433 2785
433 2786
433 5114
434 2785
434 2786
435 2785
435 4939
436 2785
436 5316
437 2785
437 4938
437 5258
437 5260
437 5265
437 5266
437 5267
438 2786
439 2786
440 2786
441 2786
442 2786
442 5251
443 2786
444 2786
444 4938
445 2786
446 2786
447 2786
448 2786
448 4755
449 2786
449 4938
449 4939
450 2786
451 2786
452 2786
452 4939
453 2786
454 2786
455 2804
455 4517
455 4518
455 4519
455 4520
455 4521
455 4522
455 4523
456 2804
456 4362
456 4514
456 4517
456 4518
456 4519
456 4520
456 4521
456 4522
456 4523
456 4578
456 4583
456 4588
456 4589
456 4590
456 4595
456 4599
456 4600
456 4679
456 4682
456 4683
456 4684
456 4685
456 4686
456 4687
456 4688
456 4689
456 4690
456 4691
456 4692
456 4693
456 4694
456 4695
456 4696
456 4697
456 4698
456 4699
456 4700
456 4701
456 4702
456 4703
456 6164
456 6176
457 2838
457 5251
458 2838
458 4040
458 5117
458 5250
458 5251
458 5286
458 5330
458 5333
458 5339
458 5414
458 5416
458 5421
458 5425
458 5900
458 5936
458 5941
458 5944
458 5946
459 2838
459 5117
459 5250
459 5254
459 5286
459 5303
459 5307
459 5330
459 5333
459 5335
459 5341
459 5414
459 5416
459 5425
459 5428
459 5897
459 5900
459 5941
459 5944
459 5946
460 2838
461 2838
461 2947
461 4034
461 5122
461 5251
461 5253
461 5261
461 5262
461 5268
461 5271
461 5272
461 5274
461 5281
461 5286
461 5287
461 5293
461 5302
461 5309
461 5317
461 5320
461 5321
461 5322
461 5324
461 5333
461 5343
461 5894
461 5897
461 5900
461 5902
461 5935
461 5938
461 5939
461 5941
461 5944
461 5946
461 5958
462 2838
462 4038
462 4041
462 4999
462 5250
462 5273
462 5275
462 5276
462 5286
462 5288
462 5295
462 5297
462 5301
462 5306
462 5307
462 5308
462 5313
462 5317
462 5319
462 5320
462 5324
462 5326
462 5330
462 5333
462 5335
462 5339
462 5341
462 5343
462 5414
462 5416
462 5420
462 5425
462 5428
462 5900
462 5937
462 5940
462 5941
462 5944
462 5946
462 5984
463 2899
463 5100
463 5277
463 5315
464 2915
464 4525
464 4987
464 5143
464 6164
464 6165
464 6166
464 6168
464 6169
464 6170
464 6171
464 6172
464 6173
464 6174
464 6175
464 6176
464 6177
464 6178
464 6179
464 6180
464 6195
465 2915
465 4519
465 4525
465 4528
465 4538
465 4542
465 4551
465 4552
465 4557
465 4558
465 4559
465 4563
465 4570
465 4572
465 4573
465 4625
465 4629
465 4662
465 4669
465 4679
465 4691
465 4695
465 6164
465 6168
465 6169
465 6172
465 6173
465 6174
465 6176
465 6177
465 6178
465 6179
465 6195
466 2915
467 2915
467 4794
467 6165
468 2915
469 2918
470 2919
470 4525
470 4538
470 4540
470 5139
470 5140
470 5141
470 5142
470 5144
470 5146
470 5158
471 2948
471 4038
471 4040
471 4999
471 5291
471 5292
471 5330
471 5425
471 5894
471 5900
471 5902
471 5938
471 5939
471 5962
472 2948
472 5297
472 5298
472 5301
472 5323
472 5425
473 2994
474 3013
475 3015
476 3073
477 3073
477 7576
478 3093
478 7517
479 3148
480 3261
480 3262
481 3268
481 4941
481 6136
482 3271
482 5253
482 5392
483 3272
484 3284
484 3338
484 3365
484 7606
484 7609
484 7703
484 7704
484 7709
484 7725
484 7726
484 7727
485 3311
486 3338
487 3338
487 5252
487 5253
487 5279
487 5317
487 5437
488 3338
489 3365
490 3365
491 3365
492 3365
493 3365
494 3365
495 3365
495 7725
496 3390
496 3392
497 3430
497 6527
498 3480
499 3480
500 3480
500 3892
500 6165
500 6174
501 3530
502 3547
503 3639
503 4822
504 3654
504 5829
504 5910
504 6141
504 7410
504 7485
504 7486
504 7494
504 7495
504 7496
504 7515
505 3693
505 4663
506 3705
506 3706
507 3814
507 3876
508 3892
509 3892
509 4525
510 3928
510 3929
511 3930
511 3931
512 4027
512 4030
512 5939
513 4027
513 4035
514 4027
515 4027
515 4030
515 4032
515 4037
515 4038
516 4028
516 4030
516 4034
517 4028
518 4028
518 4033
518 4034
518 4040
518 4999
518 5117
518 5286
518 5333
518 5339
518 5416
518 5425
518 5894
518 5935
518 5938
518 5939
519 4029
520 4029
521 4029
522 4029
522 5252
522 5317
522 5330
522 5394
522 5395
522 5425
522 5935
523 4029
523 4030
523 4037
523 4040
523 5117
523 5122
523 5250
523 5251
523 5255
523 5256
523 5257
523 5258
523 5259
523 5260
523 5261
523 5262
523 5263
523 5265
523 5266
523 5267
523 5268
523 5269
523 5270
523 5271
523 5272
523 5273
523 5274
523 5275
523 5276
523 5281
523 5282
523 5283
523 5286
523 5287
523 5297
523 5298
523 5308
523 5309
523 5313
523 5320
523 5323
523 5324
523 5326
523 5330
523 5335
523 5341
523 5343
523 5414
523 5416
523 5420
523 5900
523 5902
523 5935
523 5936
523 5939
523 5941
523 5944
523 5946
524 4029
525 4029
525 4034
525 4037
525 5117
525 5250
525 5286
525 5287
525 5307
525 5324
525 5330
525 5333
525 5335
525 5339
525 5341
525 5343
525 5414
525 5416
525 5425
525 5894
525 5897
525 5900
525 5902
525 5936
525 5943
525 5944
525 5946
526 4029
526 5287
526 5343
527 4029
528 4029
529 4030
529 4032
529 4034
529 4037
529 5291
529 5341
529 5938
530 4031
531 4032
531 5944
532 4032
533 4032
534 4032
535 4033
536 4033
536 5117
536 5286
536 5335
536 5420
536 5894
536 5897
536 5900
536 5902
536 5937
536 5938
537 4034
538 4034
538 5333
539 4034
540 4034
540 4040
540 5117
540 5250
540 5286
540 5287
540 5288
540 5297
540 5301
540 5306
540 5330
540 5333
540 5339
540 5416
540 5425
540 5894
540 5897
540 5900
540 5936
540 5944
541 4034
541 5250
541 5339
541 5414
542 4034
542 5117
542 5250
542 5253
542 5286
542 5330
542 5333
542 5335
542 5339
542 5341
542 5414
542 5416
542 5425
542 5894
542 5897
542 5900
542 5902
542 5936
542 5944
542 5946
542 5984
543 4034
544 4034
545 4034
545 5255
545 5298
546 4034
546 4040
546 5341
546 5343
546 5937
546 5944
546 5945
547 4034
547 4039
547 5339
547 5341
547 5343
547 5902
547 5937
547 5939
547 5941
548 4035
548 4036
548 5902
549 4035
549 5333
549 5335
549 5935
549 5939
550 4035
550 4040
550 5250
550 5286
550 5330
550 5335
550 5339
550 5416
550 5425
550 5897
551 4035
551 7397
551 7398
551 7399
551 7400
551 7401
551 7402
551 7403
551 7404
551 7405
551 7406
551 7407
551 7408
551 7409
551 7497
551 7498
551 7604
552 4036
553 4036
554 4037
555 4037
556 4038
557 4039
558 4039
559 4039
560 4039
560 5392
560 5897
561 4039
562 4039
562 5292
562 5425
563 4040
564 4040
565 4040
565 5425
565 5902
566 4040
566 5250
566 5254
566 5286
566 5325
566 5330
566 5341
566 5416
566 5425
566 5894
566 5897
566 5900
566 5902
566 5946
567 4040
568 4040
568 5250
568 5286
568 5330
568 5425
568 5900
568 5902
568 5939
569 4040
570 4040
570 5117
570 5286
570 5305
570 5318
570 5326
570 5333
570 5894
570 5900
570 5902
570 5939
570 5941
570 5942
570 5943
571 4040
571 5117
571 5250
571 5333
571 5341
572 4040
572 5117
572 5250
572 5286
572 5339
572 5425
572 5944
572 5946
573 4040
573 5117
573 5250
573 5286
573 5330
573 5333
573 5341
573 5414
573 5416
574 4040
574 5250
574 5286
574 5330
574 5343
574 5416
574 5894
574 5936
575 4040
575 5297
575 5425
576 4040
576 5286
576 5330
576 5333
576 5343
576 5414
576 5416
576 5897
576 5944
576 5946
577 4040
578 4040
579 4040
580 4040
580 5117
580 5330
580 5425
580 5902
580 5938
581 4040
581 5250
581 5286
581 5287
581 5414
581 5428
581 5897
581 5944
582 4040
583 4041
583 5343
584 4323
585 4359
585 4364
585 4676
585 4881
585 4882
585 4883
585 4884
585 4887
585 4888
585 4889
585 6164
585 6168
585 6172
585 6174
585 6179
585 6195
586 4361
586 4517
586 4518
586 4528
586 4538
586 4552
586 4558
586 4572
586 4645
586 4653
586 4676
586 4885
586 4904
586 4910
586 4915
586 4916
586 4917
586 4918
586 4919
586 4921
586 5047
586 5115
586 5143
586 6168
586 6169
586 6172
586 6173
586 6174
586 6176
586 6177
586 6178
586 6179
586 6195
587 4363
587 4517
587 4518
587 4519
587 4520
587 4521
587 4522
587 4523
587 4558
587 4588
587 4912
587 6174
588 4393
588 5143
588 6364
589 4403
589 4525
589 4598
589 4883
589 4884
589 4885
589 4886
589 4887
589 4888
589 4889
589 5046
590 4487
591 4517
591 4525
592 4517
592 4646
592 4654
592 4683
592 4691
592 4881
592 4882
592 4883
592 4884
592 4887
592 4888
592 4889
592 5044
592 5045
592 5046
592 5052
592 5057
592 5058
592 5090
592 6164
592 6172
592 6173
592 6174
592 6179
592 6195
593 4518
593 6180
594 4518
594 4662
594 4667
594 6174
595 4525
596 4525
597 4525
598 4525
599 4525
600 4525
600 6180
601 4525
601 6176
601 6178
601 6179
602 4525
603 4525
604 4525
605 4525
605 4859
605 5143
605 6164
605 6165
605 6166
605 6173
605 6174
606 4525
607 4525
608 4525
608 4573
608 4582
608 6164
608 6168
608 6180
608 6195
609 4525
610 4525
610 4859
610 6172
610 6174
611 4525
612 4525
612 6177
613 4525
613 4538
613 4555
613 4669
613 6164
613 6169
613 6172
613 6174
613 6177
613 6178
613 6179
614 4525
614 4528
614 4550
614 4563
614 4622
614 4662
614 5143
614 6169
614 6173
614 6174
614 6176
614 6179
615 4525
615 4526
615 4538
615 4544
615 4549
615 4579
616 4525
616 4528
616 4536
616 4540
616 4541
616 4542
616 4543
616 4544
616 4545
616 4546
616 4549
616 4550
616 4551
616 4552
616 4553
616 4554
616 4556
616 4557
616 4559
616 4560
616 4565
616 4566
616 4567
616 4569
616 4570
616 4572
616 4575
616 4576
616 4577
616 4579
616 4580
616 4581
616 4583
616 4585
617 4525
617 4526
617 4527
617 4528
617 4529
617 4530
617 4531
617 4532
617 4533
617 4534
617 4535
617 4536
617 4537
617 4538
617 4539
617 4540
617 4541
617 4542
617 4543
617 4544
617 4545
617 4546
617 4547
617 4548
617 4549
617 4550
617 4551
617 4552
617 4553
617 4554
617 4555
617 4556
617 4557
617 4558
617 4559
617 4560
617 4561
617 4562
617 4563
617 4564
617 4565
617 4566
617 4567
617 4568
617 4569
617 4570
617 4572
617 4573
617 4574
617 4575
617 4576
617 4577
617 4578
617 4579
617 4580
617 4581
617 4582
617 4585
617 6164
617 6177
618 4525
619 4525
620 4525
621 4525
622 4525
622 4938
622 4939
622 5251
622 6176
622 6177
623 4525
624 4525
624 4528
624 4552
624 4561
624 4567
624 4668
624 6169
624 6172
624 6174
624 6176
624 6177
624 6179
624 6195
625 4528
625 4570
625 4580
626 4528
626 4540
626 4541
626 4544
626 4546
626 4547
626 4549
626 4550
626 4551
626 4552
626 4553
626 4554
626 4555
626 4557
626 4558
626 4561
626 4562
626 4565
626 4576
627 4528
627 4539
627 4541
627 4542
627 4543
627 4545
627 4546
627 4547
627 4548
627 4549
627 4550
627 4551
627 4554
627 4555
627 4556
627 4557
627 4558
627 4560
627 4561
627 4562
627 4563
627 4566
627 4567
627 4569
627 4572
627 4577
627 4578
627 4581
627 4585
628 4528
628 4546
628 4560
629 4528
629 4541
629 4545
629 4546
629 4547
629 4548
629 4553
629 4555
629 4556
629 4558
630 4528
631 4528
631 4536
631 4541
631 4547
631 4549
631 4550
631 4551
631 4552
631 4554
631 4555
631 4556
631 4560
631 4567
631 4568
631 4573
631 4574
631 4585
631 6172
631 6179
632 4528
633 4528
634 4536
634 4547
634 4558
634 4559
634 4569
634 4572
634 4573
634 4574
634 4578
634 4581
634 4583
634 4587
635 4536
636 4536
636 4564
636 4580
637 4538
638 4538
639 4538
639 4558
639 4564
640 4538
641 4541
641 4546
641 4547
641 4551
641 4577
641 4578
641 4583
641 4585
641 6169
641 6172
641 6173
641 6174
641 6175
641 6179
641 6195
642 4542
642 5143
643 4542
643 4579
644 4542
645 4542
646 4542
647 4542
648 4542
649 4542
650 4542
651 4542
652 4542
653 4542
654 4542
655 4542
656 4542
657 4542
658 4542
659 4542
660 4542
661 4542
662 4542
663 4542
664 4542
665 4542
666 4542
667 4542
668 4542
669 4542
670 4542
671 4542
672 4542
673 4542
674 4542
675 4542
676 4542
677 4542
678 4542
679 4542
679 5274
680 4542
681 4543
681 5736
682 4545
682 4565
683 4546
683 4552
683 4556
683 6179
684 4546
684 4555
684 4569
685 4548
686 4548
686 4549
686 4550
686 4553
686 4561
686 4566
686 4568
686 4572
686 4576
686 4580
687 4550
688 4551
688 4562
689 4551
690 4551
690 4572
690 4576
690 4583
691 4554
692 4558
692 4576
693 4565
694 4566
695 4570
695 4571
696 4570
697 4570
698 4573
699 4573
700 4573
701 4573
702 4576
703 4576
704 4576
705 4576
706 4576
707 4576
708 4579
709 4579
710 4579
711 4579
712 4579
713 4579
714 4579
715 4579
716 4579
717 4579
718 4579
719 4579
720 4579
721 4579
722 4579
723 4579
724 4579
725 4579
726 4579
727 4579
727 5286
727 5330
727 5333
727 5416
727 5900
727 5935
728 4579
729 4579
730 4579
731 4579
732 4579
733 4579
734 4579
735 4579
736 4579
737 4579
738 4579
739 4579
740 4579
741 4579
742 4579
743 4579
744 4579
745 4579
746 4579
747 4579
748 4579
749 4579
750 4579
751 4579
752 4579
753 4579
754 4579
755 4579
756 4579
757 4579
758 4579
759 4579
760 4579
761 4579
762 4579
763 4579
763 4938
764 4579
765 4579
766 4579
767 4579
768 4579
769 4582
770 4591
770 4595
770 4596
770 4597
770 4598
770 4599
770 4600
771 4597
772 4598
773 4600
774 4621
774 4623
774 4624
774 4625
774 4626
774 4627
774 4628
774 4629
774 4630
774 4631
774 4632
774 4662
774 4664
774 4665
774 4666
775 4621
775 4624
775 4625
775 4626
775 4627
775 4628
775 4630
775 4657
775 4664
775 4676
775 4699
776 4621
776 4676
777 4621
777 4676
778 4621
778 4622
778 4623
778 4632
778 4641
778 4642
778 4643
778 4644
778 4645
778 4646
778 4649
778 4650
778 4651
778 4652
778 4653
778 4654
778 4655
778 4656
778 4657
778 4658
778 4659
778 4662
778 4663
778 4673
779 4621
779 4623
779 4624
779 4625
779 4626
779 4627
779 4628
779 4629
779 4630
779 4631
779 4632
779 4640
779 4642
779 4644
779 4653
779 4655
780 4624
780 6174
780 6177
781 4631
782 4640
782 4676
783 4640
783 4663
783 4664
783 4665
783 4666
783 4667
783 4668
783 4669
783 4670
783 4671
783 4672
783 4673
783 4676
784 4642
784 4650
784 4652
784 4662
784 4664
784 4665
784 4666
784 4667
784 4668
784 4669
784 4670
784 4671
784 4672
784 4673
784 4674
784 4675
785 4645
785 4659
786 4646
787 4650
787 6177
788 4651
788 4653
788 4658
788 4676
788 4677
788 4678
788 4679
788 4680
788 4681
788 4682
788 4683
788 4684
788 4685
788 4686
788 4687
788 4688
788 4689
788 4690
788 4691
788 4692
788 4693
788 4694
788 4695
788 4696
788 4697
788 4698
788 4699
788 4700
788 4701
788 4702
788 4703
789 4653
790 4653
790 5290
791 4654
792 4655
793 4657
793 4659
793 4660
794 4658
795 4662
796 4662
797 4667
798 4667
799 4676
799 4677
799 4678
799 4679
799 4680
799 4681
799 4682
799 4683
799 4684
799 4685
799 4686
799 4687
799 4688
799 4689
799 4690
799 4691
799 4692
799 4693
799 4694
799 4695
799 4696
799 4697
799 4698
799 4699
799 4700
799 4701
799 4702
799 4703
800 4676
801 4676
802 4676
803 4676
804 4676
805 4676
806 4676
807 4676
808 4677
808 4679
808 4680
809 4677
809 4679
809 4680
810 4677
810 4679
810 4680
810 6172
811 4706
812 4755
813 4755
813 4756
814 4756
815 4794
816 4794
817 4838
818 4839
818 6164
819 4859
820 4859
821 4859
822 4859
823 4859
824 4859
825 4859
826 4859
827 4859
828 4861
829 4883
829 4886
829 4887
829 4888
830 4885
831 4904
832 4910
833 4918
834 4938
835 4938
836 4938
837 4938
838 4938
838 4939
839 4938
840 4938
841 4938
842 4938
843 4938
844 4938
845 4938
846 4938
846 4939
847 4938
848 4938
849 4938
850 4938
851 4938
852 4938
853 4938
853 5263
854 4938
855 4938
855 4939
856 4938
857 4938
858 4939
859 4939
860 4939
861 4939
862 4939
863 4939
864 4939
865 4939
866 4939
867 4939
868 4939
869 4939
870 4939
871 4939
872 4939
873 4939
874 4939
875 4939
876 4939
877 4939
878 4939
879 4939
880 4939
881 4939
882 4939
883 4939
884 4939
885 4939
886 4939
887 4939
888 4939
889 4939
889 5114
890 4939
891 4939
892 4939
893 4939
894 4939
895 4939
896 4939
897 4985
897 4986
897 4988
897 5017
897 5018
897 5064
897 5065
898 4999
898 5425
899 4999
900 4999
901 4999
902 4999
903 4999
903 5317
904 4999
904 5294
904 5421
905 5047
906 5069
907 5069
908 5069
909 5069
910 5069
911 5074
912 5090
912 5143
912 6195
913 5090
913 5143
914 5090
915 5090
915 6165
915 6166
915 6180
916 5090
917 5090
918 5090
919 5090
919 6179
920 5090
921 5090
922 5090
923 5114
924 5114
925 5115
926 5117
926 5938
927 5117
927 5286
927 5330
927 5425
927 5946
928 5117
928 5416
928 5900
929 5117
929 5250
929 5286
929 5339
929 5341
929 5416
929 5425
929 5897
929 5944
930 5117
930 5250
930 5286
930 5330
930 5333
930 5341
930 5416
930 5425
930 5900
930 5944
931 5117
932 5117
932 5250
932 5286
932 5330
932 5333
932 5341
932 5414
932 5416
932 5425
932 5897
932 5900
932 5939
932 5944
932 5946
933 5117
933 5250
933 5286
933 5297
933 5330
933 5333
933 5335
933 5339
933 5341
933 5343
933 5414
933 5416
933 5425
933 5894
933 5897
933 5900
933 5902
933 5936
933 5939
933 5943
933 5944
933 5946
934 5117
934 5286
934 5414
934 5944
935 5117
935 5286
935 5330
935 5333
935 5339
935 5341
935 5939
935 5946
936 5117
936 5339
936 5414
936 5936
937 5117
937 5286
938 5117
938 5293
939 5117
939 5250
939 5286
939 5330
939 5333
939 5339
939 5343
939 5414
939 5425
939 5902
939 5936
939 5939
939 5943
939 5946
940 5122
941 5122
941 5250
941 5253
941 5256
941 5257
941 5261
941 5281
941 5286
941 5287
941 5304
941 5305
941 5307
941 5330
941 5333
941 5335
941 5343
941 5414
941 5416
941 5420
941 5421
941 5894
941 5897
941 5900
941 5936
941 5938
941 5944
941 5946
942 5123
942 5128
943 5128
943 5129
943 5902
944 5134
945 5139
945 5140
945 5141
945 5142
945 5151
945 5152
946 5143
947 5143
948 5143
949 5143
950 5143
951 5143
952 5143
953 5143
954 5143
955 5143
956 5143
956 6164
956 6172
956 6174
956 6180
957 5143
957 6176
958 5156
958 5192
959 5160
960 5233
961 5245
961 7540
962 5250
963 5250
963 5286
963 5288
963 5306
963 5319
963 5330
963 5339
963 5341
963 5414
963 5425
963 5941
963 5944
963 5946
964 5250
964 5897
965 5250
966 5250
966 5286
966 5333
966 5341
966 5425
966 5936
966 5941
966 5984
967 5250
967 5330
967 5343
967 5946
968 5250
968 5286
968 5330
968 5333
968 5335
968 5341
968 5414
968 5425
968 5428
968 5900
968 5902
968 5939
968 5941
968 5946
968 5984
969 5250
970 5250
970 5286
970 5330
970 5414
970 5425
970 5944
971 5250
971 5414
971 5416
971 5894
971 5936
971 5940
971 5944
972 5250
973 5251
974 5251
975 5251
976 5251
977 5251
978 5251
979 5251
980 5251
981 5251
982 5251
983 5251
984 5251
985 5251
986 5251
987 5251
987 5253
987 5262
987 5286
987 5295
987 5302
987 5307
987 5341
987 5416
987 5421
987 5425
987 5894
987 5897
987 5902
987 5936
987 5938
987 5962
988 5252
988 5935
989 5252
989 5254
990 5253
990 5292
991 5253
992 5253
993 5254
993 5303
993 5428
994 5254
994 5425
995 5254
995 5287
995 5341
996 5254
996 5291
996 5293
996 5310
997 5255
997 5287
998 5255
998 5256
998 5257
998 5269
998 5270
998 5271
998 5305
999 5259
999 5282
1000 5261
1000 5268
1001 5262
1002 5272
1003 5273
1004 5275
1004 5311
1004 7410
1004 7522
1005 5276
1006 5278
1007 5283
1008 5286
1009 5286
1009 5333
1010 5286
1010 5343
1011 5286
1012 5286
1012 5330
1012 5339
1013 5286
1013 5330
1013 5333
1013 5414
1013 5416
1013 5900
1014 5286
1014 5944
1015 5286
1015 5341
1015 5343
1015 5414
1015 5416
1015 5897
1015 5944
1015 5946
1016 5286
1017 5286
1017 5287
1017 5343
1017 5420
1017 5894
1017 5900
1017 5902
1017 5935
1017 5936
1017 5937
1017 5938
1017 5939
1017 5940
1017 5941
1017 5943
1017 5944
1017 5945
1017 5946
1018 5286
1018 5333
1018 5416
1018 5897
1019 5286
1020 5287
1020 5416
1020 5425
1021 5287
1021 5292
1021 5305
1022 5287
1023 5287
1023 5297
1023 5306
1023 5307
1023 5428
1023 5984
1024 5287
1025 5287
1025 5297
1026 5287
1027 5288
1027 5306
1027 5319
1028 5288
1029 5289
1029 5291
1029 5293
1030 5293
1031 5293
1032 5293
1033 5293
1034 5294
1035 5297
1035 5984
1036 5297
1036 5333
1036 5428
1036 5984
1037 5297
1038 5303
1038 5428
1039 5306
1039 5322
1040 5307
1041 5313
1041 5343
1041 5944
1041 5962
1042 5317
1042 5944
1043 5317
1044 5318
1045 5323
1046 5330
1047 5330
1047 5946
1048 5330
1049 5330
1049 5936
1049 5939
1050 5330
1050 5414
1050 5416
1050 5425
1050 5894
1050 5944
1051 5330
1052 5330
1053 5333
1054 5333
1055 5333
1056 5333
1057 5333
1057 5946
1058 5333
1059 5333
1059 5341
1060 5333
1061 5335
1062 5335
1063 5335
1064 5339
1065 5339
1065 5425
1065 5900
1065 5944
1066 5339
1066 5420
1066 5425
1066 5902
1066 5939
1067 5339
1067 5414
1068 5339
1069 5341
1069 5900
1070 5341
1071 5341
1072 5341
1073 5343
1074 5343
1075 5343
1075 5894
1075 5946
1076 5392
1077 5392
1078 5392
1079 5392
1080 5392
1081 5392
1082 5392
1083 5392
1084 5392
1085 5416
1086 5416
1086 5900
1087 5416
1088 5420
1089 5420
1090 5420
1091 5420
1092 5420
1093 5425
1094 5425
1095 5425
1096 5425
1097 5425
1098 5425
1099 5425
1100 5425
1101 5425
1102 5425
1103 5425
1104 5425
1105 5425
1106 5425
1107 5425
1108 5425
1108 5894
1108 5902
1109 5683
1110 5894
1111 5894
1112 5894
1113 5894
1114 5894
1114 5897
1114 5900
1114 5902
1114 5935
1114 5936
1114 5937
1114 5939
1114 5940
1114 5941
1114 5943
1114 5944
1114 5945
1114 5946
1114 5984
1115 5894
1115 5935
1115 5937
1116 5897
1116 5941
1117 5897
1117 5944
1117 5946
1118 5897
1119 5897
1120 5900
1121 5902
1122 5902
1123 5902
1124 5902
1125 5902
1126 5902
1127 5902
1128 5905
1129 5910
1130 5935
1131 5935
1132 5935
1133 5936
1134 5936
1135 5936
1135 5939
1135 5946
1136 5937
1137 5938
1138 5938
1139 5938
1140 5939
1141 5939
1142 5939
1143 5939
1144 5939
1145 5939
1146 5939
1147 5939
1148 5939
1149 5939
1150 5939
1151 5939
1152 5939
1153 5939
1153 5945
1154 5940
1155 5941
1156 5944
1157 5946
1158 5946
1159 5946
1160 5946
1161 5946
1162 5962
1163 5962
1164 5970
1164 6163
1164 6182
1165 5971
1166 5984
1167 6023
1167 7539
1168 6132
1169 6134
1169 6137
1170 6149
1171 6152
1172 6155
1172 6156
1172 6514
1172 6515
1172 6645
1172 6684
1173 6155
1173 6156
1173 6516
1173 6517
1174 6155
1174 6156
1175 6164
1175 6170
1175 6179
1175 6195
1176 6164
1176 6195
1177 6164
1178 6164
1178 6169
1178 6170
1178 6174
1178 6175
1178 6176
1178 6177
1178 6178
1178 6179
1178 6180
1178 6195
1179 6164
1180 6164
1181 6164
1182 6164
1182 6177
1183 6164
1183 6169
1183 6174
1183 6176
1183 6177
1183 6178
1183 6179
1183 6180
1183 6195
1184 6164
1184 6168
1184 6169
1184 6170
1184 6171
1184 6172
1184 6173
1184 6174
1184 6175
1184 6176
1184 6177
1184 6178
1184 6179
1184 6180
1184 6195
1185 6164
1185 6170
1186 6164
1187 6164
1188 6164
1189 6164
1190 6164
1191 6164
1191 6168
1191 6169
1191 6172
1191 6174
1192 6164
1193 6164
1193 6178
1193 6179
1193 6195
1194 6166
1194 6178
1195 6166
1196 6166
1197 6166
1198 6166
1198 6172
1199 6168
1200 6169
1201 6169
1201 6177
1201 6195
1202 6169
1202 6172
1202 6173
1202 6175
1202 6177
1202 6178
1202 6179
1202 6195
1203 6169
1203 6172
1203 6173
1203 6174
1203 6177
1203 6178
1203 6179
1203 6195
1204 6169
1204 6172
1204 6174
1204 6176
1204 6177
1205 6169
1205 6174
1205 6176
1205 6177
1205 6178
1205 6179
1206 6170
1206 6179
1207 6170
1208 6171
1208 6195
1209 6172
1209 6173
1210 6172
1210 6173
1210 6179
1210 6195
1211 6172
1212 6172
1213 6172
1214 6172
1214 6173
1214 6174
1215 6172
1216 6173
1216 6180
1217 6173
1217 6179
1218 6173
1219 6173
1220 6173
1220 6176
1220 6178
1221 6173
1221 6177
1222 6173
1223 6173
1223 6177
1223 6179
1223 6195
1224 6174
1225 6174
1226 6174
1227 6174
1228 6174
1229 6174
1230 6174
1231 6174
1232 6176
1233 6176
1234 6176
1235 6176
1236 6176
1237 6176
1237 6179
1238 6177
1239 6177
1240 6177
1241 6177
1241 6179
1242 6177
1243 6177
1244 6177
1245 6177
1246 6177
1247 6177
1248 6177
1249 6177
1250 6177
1250 6195
1251 6177
1252 6178
1253 6178
1254 6179
1254 6195
1255 6179
1256 6179
1256 6195
1257 6179
1258 6179
1259 6179
1260 6179
1261 6180
1262 6180
1263 6183
1264 6184
1265 6185
1266 6188
1266 6189
1266 6190
1266 6191
1266 6192
1266 6193
1266 6201
1266 6202
1266 6203
1266 6204
1266 6205
1266 6206
1267 6189
1268 6194
1269 6195
1270 6195
1271 6195
1272 6195
1273 6228
1274 6230
1274 6368
1275 6241
1276 6245
1277 6247
1278 6252
1279 6257
1279 7701
1280 6260
1281 6314
1282 6331
1283 6340
1283 6341
1284 6367
1285 6376
1286 6378
1286 6379
1286 6380
1286 6381
1286 6382
1286 6383
1286 6547
1287 6384
1288 6385
1289 6386
1290 6482
1291 6505
1292 6507
1293 6508
1293 6512
1294 6523
1295 6524
1295 6525
1296 6528
1297 6529
1298 6540
1299 6554
1300 6556
1301 7376
1302 7381
1303 7382
1304 7383
1305 7384
1305 7385
1306 7386
1306 7387
1307 7410
1308 7411
1308 7412
1309 7416
1309 7471
1309 7472
1309 7473
1309 7474
1309 7475
1309 7476
1309 7477
1310 7423
1311 7424
1312 7487
1313 7502
1314 7510
1315 7516
1316 7518
1316 7519
1316 7520
1317 7521
1318 7615
1319 7774
1320 7784
1321 7785
1322 7799
1323 7801
1324 7803
1325 7818
2 3 4 5 6 7 8 9 10 11 12 13 14 15 16 17 18 19 20 21 22 23 24 25 26 27 28 29 30 31 32 33 34 35 36 37 38 39 40 41 42 43 44 45 46 47 48 49 50 51 52 53 54 55 56 57 58 59 60 61 62 63 64 65 66 67 68 69 70 71 72 73 74 75 76 77 78 79 80 81 82 83 84 85 86 87 88 89 90 91 92 93 94 95 96 97 98 99 100 101 102 103 104 105 106 107 108 109 110 111 112 113 114 115 116 117 118 119 120 121 122 123 124 125 126 127 128 129 130 131 132 133 134 135 136 137 138 139 140 141 142 143 144 145 146 147 148 149 150 151 152 153 154 155 156 157 158 159 160 161 162 163 164 165 166 167 168 169 170 171 172 173 174 175 176 177 178 179 180 181 182 183 184 185 186 187 188 189 190 191 192 193 194 195 196 197 198 199 200 1 2 3 4 5 6 7 8 9 10 11 12 13 14 15 16 17 18 19 20 21 22 23 24 25 26 27 28 29 30 31 32 33 34 35 36 37 38 39 40 41 42 43 44 45 46 47 48 49 50 51 52 53 54 55 56 57 58 59 60 61 62 63 64 65 66 67 68 69 70 71 72 73 74 75 76 77 78 79 80 81 82 83 84 85 86 87 88 89 90 91 92 93 94 95 96 97 98 99 100 101 102 103 104 105 106 107 108 109 110 111 112 113 114 115 116 117 118 119 120 121 122 123 124 125 126 127 128 129 130 131 132 133 134 135 136 137 138 139 140 141 142 143 144 145 146 147 148 149 150 151 152 153 154 155 156 157 158 159 160 161 162 163 164 165 166 167 168 169 170 171 172 173 174 175 176 177 178 179 180 181 182 183 184 185 186 187 188 189 190 191 192 193 194 195 196 197 198 199 200 1 2 3 4 5 6 7 8 9 10 11 12 13 14 15 16 17 18 19 20 21 22 23 24 25 26 27 28 29 30 31 32 33 34 35 36 37 38 39 40 41 42 43 44 45 46 47 48 49 50 51 52 53 54 55 56 57 58 59 60 61 62 63 64 65 66 67 68 69 70 71 72 73 74 75 76 77 78 79 80 81 82 83 84 85 86 87 88 89 90 91 92 93 94 95 96 97 98 99 100 101 102 103 104 105 106 107 108 109 110 111 112 113 114 115 116 117 118 119 120 121 122 123 124 125 126 127 128 129 130 131 132 133 134 135 136 137 138 139 140 141 142 143 144 145 146 147 148 149 150 151 152 153 154 155 156 157 158 159 160 161 162 163 164 165 166 167 168 169 170 171 172 173 174 175 176 177 178 179 180 181 182 183 184 185 186 187 188 189 190 191 192 193 194 195 196 197 198 199 200 1 2 3 4 5 6 7 8 9 10 11 12 13 14 15 16 17 18 19 20 21 22 23 24 25 26 27 28 29 30 31 32 33 34 35 36 37 38 39 40 41 42 43 44 45 46 47 48 49 50 51 52 53 54 55 56 57 58 59 60 61 62 63 64 65 66 67 68 69 70 71 72 73 74 75 76 77 78 79 80 81 82 83 84 85 86 87 88 89 90 91 92 93 94 95 96 97 98 99 100 101 102 103 104 105 106 107 108 109 110 111 112 113 114 115 116 117 118 119 120 121 122 123 124 125 126 127 128 129 130 131 132 133 134 135 136 137 138 139 140 141 142 143 144 145 146 147 148 149 150 151 152 153 154 155 156 157 158 159 160 161 162 163 164 165 166 167 168 169 170 171 172 173 174 175 176 177 178 179 180 181 182 183 184 185 186 187 188 189 190 191 192 193 194 195 196 197 198 199 200 1 2 3 4 5 6 7 8 9 10 11 12 13 14 15 16 17 18 19 20 21 22 23 24 25 26 27 28 29 30 31 32 33 34 35 36 37 38 39 40 41 42 43 44 45 46 47 48 49 50 51 52 53 54 55 56 57 58 59 60 61 62 63 64 65 66 67 68 69 70 71 72 73 74 75 76 77 78 79 80 81 82 83 84 85 86 87 88 89 90 91 92 93 94 95 96 97 98 99 100 101 102 103 104 105 106 107 108 109 110 111 112 113 114 115 116 117 118 119 120 121 122 123 124 125 126 127 128 129 130 131 132 133 134 135 136 137 138 139 140 141 142 143 144 145 146 147 148 149 150 151 152 153 154 155 156 157 158 159 160 161 162 163 164 165 166 167 168 169 170 171 172 173 174 175 176 177 178 179 180 181 182 183 184 185 186 187 188 189 190 191 192 193 194 195 196 197 198 199 200 1 2 3 4 5 6 7 8 9 10 11 12 13 14 15 16 17 18 19 20 21 22 23 24 25 26 27 28 29 30 31 32 33 34 35 36 37 38 39 40 41 42 43 44 45 46 47 48 49 50 51 52 53 54 55 56 57 58 59 60 61 62 63 64 65 66 67 68 69 70 71 72 73 74 75 76 77 78 79 80 81 82 83 84 85 86 87 88 89 90 91 92 93 94 95 96 97 98 99 100 101 102 103 104 105 106 107 108 109 110 111 112 113 114 115 116 117 118 119 120 121 122 123 124 125 126 127 128 129 130 131 132 133 134 135 136 137 138 139 140 141 142 143 144 145 146 147 148 149 150 151 152 153 154 155 156 157 158 159 160 161 162 163 164 165 166 167 168 169 170 171 172 173 174 175 176 177 178 179 180 181 182 183 184 185 186 187 188 189 190 191 192 193 194 195 196 197 198 199 200 1 2 3 4 5 6 7 8 9 10 11 12 13 14 15 16 17 18 19 20 21 22 23 24 25 26 27 28 29 30 31 32 33 34 35 36 37 38 39 40 41 42 43 44 45 46 47 48 49 50 51 52 53 54 55 56 57 58 59 60 61 62 63 64 65 66 67 68 69 70 71 72 73 74 75 76 77 78 79 80 81 82 83 84 85 86 87 88 89 90 91 92 93 94 95 96 97 98 99 100 101 102 103 104 105 106 107 108 109 110 111 112 113 114 115 116 117 118 119 120 121 122 123 124 125 126 
2 3 4 5 6 7 8 9 10 11 12 13 14 15 16 17 18 19 20 21 22 23 24 25 26 27 28 29 30 31 32 33 34 35 36 37 38 39 40 41 42 43 44 45 46 47 48 49 50 51 52 53 54 55 56 57 58 59 60 61 62 63 64 65 66 67 68 69 70 71 72 73 74 75 76 77 78 79 80 81 82 83 84 85 86 87 88 89 90 91 92 93 94 95 96 97 98 99 100 101 102 103 104 105 106 107 108 109 110 111 112 113 114 115 116 117 118 119 120 121 122 123 124 125 126 127 128 129 130 131 132 133 134 135 136 137 138 139 140 141 142 143 144 145 146 147 148 149 150 151 152 153 154 155 156 157 158 159 160 161 162 163 164 165 166 167 168 169 170 171 172 173 174 175 176 177 178 179 180 181 182 183 184 185 186 187 188 189 190 191 192 193 194 195 196 197 198 199 200 1 2 3 4 5 6 7 8 9 10 11 12 13 14 15 16 17 18 19 20 21 22 23 24 25 26 27 28 29 30 31 32 33 34 35 36 37 38 39 40 41 42 43 44 45 46 47 48 49 50 51 52 53 54 55 56 57 58 59 60 61 62 63 64 65 66 67 68 69 70 71 72 73 74 75 76 77 78 79 80 81 82 83 84 85 86 87 88 89 90 91 92 93 94 95 96 97 98 99 100 101 102 103 104 105 106 107 108 109 110 111 112 113 114 115 116 117 118 119 120 121 122 123 124 125 126 127 128 129 130 131 132 133 134 135 136 137 138 139 140 141 142 143 144 145 146 147 148 149 150 151 152 153 154 155 156 157 158 159 160 161 162 163 164 165 166 167 168 169 170 171 172 173 174 175 176 177 178 179 180 181 182 183 184 185 186 187 188 189 190 191 192 193 194 195 196 197 198 199 200 1 2 3 4 5 6 7 8 9 10 11 12 13 14 15 16 17 18 19 20 21 22 23 24 25 26 27 28 29 30 31 32 33 34 35 36 37 38 39 40 41 42 43 44 45 46 47 48 49 50 51 52 53 54 55 56 57 58 59 60 61 62 63 64 65 66 67 68 69 70 71 72 73 74 75 76 77 78 79 80 81 82 83 84 85 86 87 88 89 90 91 92 93 94 95 96 97 98 99 100 101 102 103 104 105 106 107 108 109 110 111 112 113 114 115 116 117 118 119 120 121 122 123 124 125 126 127 128 129 130 131 132 133 134 135 136 137 138 139 140 141 142 143 144 145 146 147 148 149 150 151 152 153 154 155 156 157 158 159 160 161 162 163 164 165 166 167 168 169 170 171 172 173 174 175 176 177 178 179 180 181 182 183 184 185 186 187 188 189 190 191 192 193 194 195 196 197 198 199 200 1 2 3 4 5 6 7 8 9 10 11 12 13 14 15 16 17 18 19 20 21 22 23 24 25 26 27 28 29 30 31 32 33 34 35 36 37 38 39 40 41 42 43 44 45 46 47 48 49 50 51 52 53 54 55 56 57 58 59 60 61 62 63 64 65 66 67 68 69 70 71 72 73 74 75 76 77 78 79 80 81 82 83 84 85 86 87 88 89 90 91 92 93 94 95 96 97 98 99 100 101 102 103 104 105 106 107 108 109 110 111 112 113 114 115 116 117 118 119 120 121 122 123 124 125 126 127 128 129 130 131 132 133 134 135 136 137 138 139 140 141 142 143 144 145 146 147 148 149 150 151 152 153 154 155 156 157 158 159 160 161 162 163 164 165 166 167 168 169 170 171 172 173 174 175 176 177 178 179 180 181 182 183 184 185 186 187 188 189 190 191 192 193 194 195 196 197 198 199 200 1 2 3 4 5 6 7 8 9 10 11 12 13 14 15 16 17 18 19 20 21 22 23 24 25 26 27 28 29 30 31 32 33 34 35 36 37 38 39 40 41 42 43 44 45 46 47 48 49 50 51 52 53 54 55 56 57 58 59 60 61 62 63 64 65 66 67 68 69 70 71 72 73 74 75 76 77 78 79 80 81 82 83 84 85 86 87 88 89 90 91 92 93 94 95 96 97 98 99 100 101 102 103 104 105 106 107 108 109 110 111 112 113 114 115 116 117 118 119 120 121 122 123 124 125 126 127 128 129 130 131 132 133 134 135 136 137 138 139 140 141 142 143 144 145 146 147 148 149 150 151 152 153 154 155 156 157 158 159 160 161 162 163 164 165 166 167 168 169 170 171 172 173 174 175 176 177 178 179 180 181 182 183 184 185 186 187 188 189 190 191 192 193 194 195 196 197 198 199 200 1 2 3 4 5 6 7 8 9 10 11 12 13 14 15 16 17 18 19 20 21 22 23 24 25 26 27 28 29 30 31 32 33 34 35 36 37 38 39 40 41 42 43 44 45 46 47 48 49 50 51 52 53 54 55 56 57 58 59 60 61 62 63 64 65 66 67 68 69 70 71 72 73 74 75 76 77 78 79 80 81 82 83 84 85 86 87 88 89 90 91 92 93 94 95 96 97 98 99 100 101 102 103 104 105 106 107 108 109 110 111 112 113 114 115 116 117 118 119 120 121 122 123 124 125 126 127 128 129 130 131 132 133 134 135 136 137 138 139 140 141 142 143 144 145 146 147 148 149 150 151 152 153 154 155 156 157 158 159 160 161 162 163 164 165 166 167 168 169 170 171 172 173 174 175 176 177 178 179 180 181 182 183 184 185 186 187 188 189 190 191 192 193 194 195 196 197 198 199 200 1 2 3 4 5 6 7 8 9 10 11 12 13 14 15 16 17 18 19 20 21 22 23 24 25 26 27 28 29 30 31 32 33 34 35 36 37 38 39 40 41 42 43 44 45 46 47 48 49 50 51 52 53 54 55 56 57 58 59 60 61 62 63 64 65 66 67 68 69 70 71 72 73 74 75 76 77 78 79 80 81 82 83 84 85 86 87 88 89 90 91 92 93 94 95 96 97 98 99 100 101 102 103 104 105 106 107 108 109 110 111 112 113 114 115 116 117 118 119 120 121 122 123 124 125 126 127 128 129 130 131 132 133 134 135 136 137 138 139 140 141 142 143 144 145 146 147 148 149 150 151 152 153 154 155 156 157 158 159 160 161 162 163 164 165 166 167 168 169 170 171 172 173 174 175 176 177 178 179 180 181 182 183 184 185 186 187 188 189 190 191 192 193 194 195 196 197 198 199 200 1 2 3 4 5 6 7 8 9 10 11 12 13 14 15 16 17 18 19 20 21 22 23 24 25 26 27 28 29 30 31 32 33 34 35 36 37 38 39 40 41 42 43 44 45 46 47 48 49 50 51 52 53 54 55 56 57 58 59 60 61 62 63 64 65 66 67 68 69 70 71 72 73 74 75 76 77 78 79 80 81 82 83 84 85 86 87 88 89 90 91 92 93 94 95 96 97 98 99 100 101 102 103 104 105 106 107 108 109 110 111 112 113 114 115 116 117 118 119 120 121 122 123 124 125 126 127 128 129 130 131 132 133 134 135 136 137 138 139 140 141 142 143 144 145 146 147 148 149 150 151 152 153 154 155 156 157 158 159 160 161 162 163 164 165 166 167 168 169 170 171 172 173 174 175 176 177 178 179 180 181 182 183 184 185 186 187 188 189 190 191 192 193 194 195 196 197 198 199 200 1 2 3 4 5 6 7 8 9 10 11 12 13 14 15 16 17 18 19 20 21 22 23 24 25 26 27 28 29 30 31 32 33 34 35 36 37 38 39 40 41 42 43 44 45 46 47 48 49 50 51 52 53 54 55 56 57 58 59 60 61 62 63 64 65 66 67 68 69 70 71 72 73 74 75 76 77 78 79 80 81 82 83 84 85 86 87 88 89 90 91 92 93 94 95 96 97 98 99 100 101 102 103 104 105 106 107 108 109 110 111 112 113 114 115 116 117 118 119 120 121 122 123 124 125 126 127 128 129 130 131 132 133 134 135 136 137 138 139 140 141 142 143 144 145 146 147 148 149 150 151 152 153 154 155 156 157 158 159 160 161 162 163 164 165 166 167 168 169 170 171 172 173 174 175 176 177 178 179 180 181 182 183 184 185 186 187 188 189 190 191 192 193 194 195 196 197 198 199 200 1 2 3 4 5 6 7 8 9 10 11 12 13 14 15 16 17 18 19 20 21 22 23 24 25 26 27 28 29 30 31 32 33 34 35 36 37 38 39 40 41 42 43 44 45 46 47 48 49 50 51 52 53 54 55 56 57 58 59 60 61 62 63 64 65 66 67 68 69 70 71 72 73 74 75 76 77 78 79 80 81 82 83 84 85 86 87 88 89 90 91 92 93 94 95 96 97 98 99 100 101 102 103 104 105 106 107 108 109 110 111 112 113 114 115 116 117 118 119 120 121 122 123 124 125 126 127 128 129 130 131 132 133 134 135 136 137 138 139 140 141 142 143 144 145 146 147 148 149 150 151 152 153 154 155 156 157 158 159 160 161 162 163 164 165 166 167 168 169 170 171 172 173 174 175 176 177 178 179 180 181 182 183 184 185 186 187 188 189 190 191 192 193 194 195 196 197 198 199 200 1 2 3 4 5 6 7 8 9 10 11 12 13 14 15 16 17 18 19 20 21 22 23 24 25 26 27 28 29 30 31 32 33 34 35 36 37 38 39 40 41 42 43 44 45 46 47 48 49 50 51 52 53 54 55 56 57 58 59 60 61 62 63 64 65 66 67 68 69 70 71 72 73 74 75 76 77 78 79 80 81 82 83 84 85 86 87 88 89 90 91 92 93 94 95 96 97 98 99 100 101 102 103 104 105 106 107 108 109 110 111 112 113 114 115 116 117 118 119 120 121 122 123 124 125 126 127 128 129 130 131 132 133 134 135 136 137 138 139 140 141 142 143 144 145 146 147 148 149 150 151 152 153 154 155 156 157 158 159 160 161 162 163 164 165 166 167 168 169 170 171 172 173 174 175 176 177 178 179 180 181 182 183 184 185 186 187 188 189 190 191 192 193 194 195 196 197 198 199 200 1 2 3 4 5 6 7 8 9 10 11 12 13 14 15 16 17 18 19 20 21 22 23 24 25 26 27 28 29 30 31 32 33 34 35 36 37 38 39 40 41 42 43 44 45 46 47 48 49 50 51 52 53 54 55 56 57 58 59 60 61 62 63 64 65 66 67 68 69 70 71 72 73 74 75 76 77 78 79 80 81 82 83 84 85 86 87 88 89 90 91 92 93 94 95 96 97 98 99 100 101 102 103 104 105 106 107 108 109 110 111 112 113 114 115 116 117 118 119 120 121 122 123 124 125 126 127 128 129 130 131 132 133 134 135 136 137 138 139 140 141 142 143 144 145 146 147 148 149 150 151 152 153 154 155 156 157 158 159 160 161 162 163 164 165 166 167 168 169 170 171 172 173 174 175 176 177 178 179 180 181 182 183 184 185 186 187 188 189 190 191 192 193 194 195 196 197 198 199 200 1 2 3 4 5 6 7 8 9 10 11 12 13 14 15 16 17 18 19 20 21 22 23 24 25 26 27 28 29 30 31 32 33 34 35 36 37 38 39 40 41 42 43 44 45 46 47 48 49 50 51 52 53 54 55 56 57 58 59 60 61 62 63 64 65 66 67 68 69 70 71 72 73 74 75 76 77 78 79 80 81 82 83 84 85 86 87 88 89 90 91 92 93 94 95 96 97 98 99 100 101 102 103 104 105 106 107 108 109 110 111 112 113 114 115 116 117 118 119 120 121 122 123 124 125 126 127 128 129 130 131 132 133 134 135 136 137 138 139 140 141 142 143 144 145 146 147 148 149 150 151 152 153 154 155 156 157 158 159 160 161 162 163 164 165 166 167 168 169 170 171 172 173 174 175 176 177 178 179 180 181 182 183 184 185 186 187 188 189 190 191 192 193 194 195 196 197 198 199 200 1 2 3 4 5 6 7 8 9 10 11 12 13 14 15 16 17 18 19 20 21 22 23 24 25 26 27 28 29 30 31 32 33 34 35 36 37 38 39 40 41 42 43 44 45 46 47 48 49 50 51 52 53 54 55 56 57 58 59 60 61 62 63 64 65 66 67 68 69 70 71 72 73 74 75 76 77 78 79 80 81 82 83 84 85 86 87 88 89 90 91 92 93 94 95 96 97 98 99 100 101 102 103 104 105 106 107 108 109 110 111 112 113 114 115 116 117 118 119 120 121 122 123 124 125 126 127 128 129 130 131 132 133 134 135 136 137 138 139 140 141 142 143 144 145 146 147 148 149 150 151 152 153 154 155 156 157 158 159 160 161 162 163 164 165 166 167 168 169 170 171 172 173 174 175 176 177 178 179 180 181 182 183 184 185 186 187 188 189 190 191 192 193 194 195 196 197 198 199 200 1 2 3 4 5 6 7 8 9 10 11 12 13 14 15 16 17 18 19 20 21 22 23 24 25 26 27 28 29 30 31 32 33 34 35 36 37 38 39 40 41 42 43 44 45 46 47 48 49 50 51 52 53 54 55 56 57 58 59 60 61 62 63 64 65 66 67 68 69 70 71 72 73 74 75 76 77 78 79 80 81 82 83 84 85 86 87 88 89 90 91 92 93 94 95 96 97 98 99 100 101 102 103 104 105 106 107 108 109 110 111 112 113 114 115 116 117 118 119 120 121 122 123 124 125 126 127 128 129 130 131 132 133 134 135 136 137 138 139 140 141 142 143 144 145 146 147 148 149 150 151 152 153 154 155 156 157 158 159 160 161 162 163 164 165 166 167 168 169 170 171 172 173 174 175 176 177 178 179 180 181 182 183 184 185 186 187 188 189 190 191 192 193 194 195 196 197 198 199 200 1 2 3 4 5 6 7 8 9 10 11 12 13 14 15 16 17 18 19 20 21 22 23 24 25 26 27 28 29 30 31 32 33 34 35 36 37 38 39 40 41 42 43 44 45 46 47 48 49 50 51 52 53 54 55 56 57 58 59 60 61 62 63 64 65 66 67 68 69 70 71 72 73 74 75 76 77 78 79 80 81 82 83 84 85 86 87 88 89 90 91 92 93 94 95 96 97 98 99 100 101 102 103 104 105 106 107 108 109 110 111 112 113 114 115 116 117 118 119 120 121 122 123 124 125 126 127 128 129 130 131 132 133 134 135 136 137 138 139 140 141 142 143 144 145 146 147 148 149 150 151 152 153 154 155 156 157 158 159 160 161 162 163 164 165 166 167 168 169 170 171 172 173 174 175 176 177 178 179 180 181 182 183 184 185 186 187 188 189 190 191 192 193 194 195 196 197 198 199 200 1 2 3 4 5 6 7 8 9 10 11 12 13 14 15 16 17 18 19 20 21 22 23 24 25 26 27 28 29 30 31 32 33 34 35 36 37 38 39 40 41 42 43 44 45 46 47 48 49 50 51 52 53 54 55 56 57 58 59 60 61 62 63 64 65 66 67 68 69 70 71 72 73 74 75 76 77 78 79 80 81 82 83 84 85 86 87 88 89 90 91 92 93 94 95 96 97 98 99 100 101 102 103 104 105 106 107 108 109 110 111 112 113 114 115 116 117 118 119 120 121 122 123 124 125 126 127 128 129 130 131 132 133 134 135 136 137 138 139 140 141 142 143 144 145 146 147 148 149 150 151 152 153 154 155 156 157 158 159 160 161 162 163 164 165 166 167 168 169 170 171 172 173 174 175 176 177 178 179 180 181 182 183 184 185 186 187 188 189 190 191 192 193 194 195 196 197 198 199 200 1 2 3 4 5 6 7 8 9 10 11 12 13 14 15 16 17 18 19 20 21 22 23 24 25 26 27 28 29 30 31 32 33 34 35 36 37 38 39 40 41 42 43 44 45 46 47 48 49 50 51 52 53 54 55 56 57 58 59 60 61 62 63 64 65 66 67 68 69 70 71 72 73 74 75 76 77 78 79 80 81 82 83 84 85 86 87 88 89 90 91 92 93 94 95 96 97 98 99 100 101 102 103 104 105 106 107 108 109 110 111 112 113 114 115 116 117 118 119 120 121 122 123 124 125 126 127 128 129 130 131 132 133 134 135 136 137 138 139 140 141 142 143 144 145 146 147 148 149 150 151 152 153 154 155 156 157 158 159 160 161 162 163 164 165 166 167 168 169 170 171 172 173 174 175 176 177 178 179 180 181 182 183 184 185 186 187 188 189 190 191 192 193 194 195 196 197 198 199 200 1 2 3 4 5 6 7 8 9 10 11 12 13 14 15 16 17 18 19 20 21 22 23 24 25 26 27 28 29 30 31 32 33 34 35 36 37 38 39 40 41 42 43 44 45 46 47 48 49 50 51 52 53 54 55 56 57 58 59 60 61 62 63 64 65 66 67 68 69 70 71 72 73 74 75 76 77 78 79 80 81 82 83 84 85 86 87 88 89 90 91 92 93 94 95 96 97 98 99 100 101 102 103 104 105 106 107 108 109 110 111 112 113 114 115 116 117 118 119 120 121 122 123 124 125 126 127 128 129 130 131 132 133 134 135 136 137 138 139 140 141 142 143 144 145 146 147 148 149 150 151 152 153 154 155 156 157 158 159 160 161 162 163 164 165 166 167 168 169 170 171 172 173 174 175 176 177 178 179 180 181 182 183 184 185 186 187 188 189 190 191 192 193 194 195 196 197 198 199 200 1 2 3 4 5 6 7 8 9 10 11 12 13 14 15 16 17 18 19 20 21 22 23 24 25 26 27 28 29 30 31 32 33 34 35 36 37 38 39 40 41 42 43 44 45 46 47 48 49 50 51 52 53 54 55 56 57 58 59 60 61 62 63 64 65 66 67 68 69 70 71 72 73 74 75 76 77 78 79 80 81 82 83 84 85 86 87 88 89 90 91 92 93 94 95 96 97 98 99 100 101 102 103 104 105 106 107 108 109 110 111 112 113 114 115 116 117 118 119 120 121 122 123 124 125 126 127 128 129 130 131 132 133 134 135 136 137 138 139 140 141 142 143 144 145 146 147 148 149 150 151 152 153 154 155 156 157 158 159 160 161 162 163 164 165 166 167 168 169 170 171 172 173 174 175 176 177 178 179 180 181 182 183 184 185 186 187 188 189 190 191 192 193 194 195 196 197 198 199 200 1 2 3 4 5 6 7 8 9 10 11 12 13 14 15 16 17 18 19 20 21 22 23 24 25 26 27 28 29 30 31 32 33 34 35 36 37 38 39 40 41 42 43 44 45 46 47 48 49 50 51 52 53 54 55 56 57 58 59 60 61 62 63 64 65 66 67 68 69 70 71 72 73 74 75 76 77 78 79 80 81 82 83 84 85 86 87 88 89 90 91 92 93 94 95 96 97 98 99 100 101 102 103 104 105 106 107 108 109 110 111 112 113 114 115 116 117 118 119 120 121 122 123 124 125 126 127 128 129 130 131 132 133 134 135 136 137 138 139 140 141 142 143 144 145 146 147 148 149 150 151 152 153 154 155 156 157 158 159 160 161 162 163 164 165 166 167 168 169 170 171 172 173 174 175 176 177 178 179 180 181 182 183 184 185 186 187 188 189 190 191 192 193 194 195 196 197 198 199 200 1 2 3 4 5 6 7 8 9 10 11 12 13 14 15 16 17 18 19 20 21 22 23 24 25 26 27 28 29 30 31 32 33 34 35 36 37 38 39 40 41 42 43 44 45 46 47 48 49 50 51 52 53 54 55 56 57 58 59 60 61 62 63 64 65 66 67 68 69 70 71 72 73 74 75 76 77 78 79 80 81 82 83 84 85 86 87 88 89 90 91 92 93 94 95 96 97 98 99 100 101 102 103 104 105 106 107 108 109 110 111 112 113 114 115 116 117 118 119 120 121 122 123 124 125 126 127 128 129 130 131 132 133 134 135 136 137 138 139 140 141 142 143 144 145 146 147 148 149 150 151 152 153 154 155 156 157 158 159 160 161 162 163 164 165 166 167 168 169 170 171 172 173 174 175 176 177 178 179 180 181 182 183 184 185 186 187 188 189 190 191 192 193 194 195 196 197 198 199 200 1 2 3 4 5 6 7 8 9 10 11 12 13 14 15 16 17 18 19 20 21 22 23 24 25 26 27 28 29 30 31 32 33 34 35 36 37 38 39 40 41 42 43 44 45 46 47 48 49 50 51 52 53 54 55 56 57 58 59 60 61 62 63 64 65 66 67 68 69 70 71 72 73 74 75 76 77 78 79 80 81 82 83 84 85 86 87 88 89 90 91 92 93 94 95 96 97 98 99 100 101 102 103 104 105 106 107 108 109 110 111 112 113 114 115 116 117 118 119 120 121 122 123 124 125 126 127 128 129 130 131 132 133 134 135 136 137 138 139 140 141 142 143 144 145 146 147 148 149 150 151 152 153 154 155 156 157 158 159 160 161 162 163 164 165 166 167 168 169 170 171 172 173 174 175 176 177 178 179 180 181 182 183 184 185 186 187 188 189 190 191 192 193 194 195 196 197 198 199 200 1 2 3 4 5 6 7 8 9 10 11 12 13 14 15 16 17 18 19 20 21 22 23 24 25 26 27 28 29 30 31 32 33 34 35 36 37 38 39 40 41 42 43 44 45 46 47 48 49 50 51 52 53 54 55 56 57 58 59 60 61 62 63 64 65 66 67 68 69 70 71 72 73 74 75 76 77 78 79 80 81 82 83 84 85 86 87 88 89 90 91 92 93 94 95 96 97 98 99 100 101 102 103 104 105 106 107 108 109 110 111 112 113 114 115 116 117 118 119 120 121 122 123 124 125 126 127 128 129 130 131 132 133 134 135 136 137 138 139 140 141 142 143 144 145 146 147 148 149 150 151 152 153 154 155 156 157 158 159 160 161 162 163 164 165 166 167 168 169 170 171 172 173 174 175 176 177 178 179 180 181 182 183 184 185 186 187 188 189 190 191 192 193 194 195 196 197 198 199 200 1 2 3 4 5 6 7 8 9 10 11 12 13 14 15 16 17 18 19 20 21 22 23 24 25 26 27 28 29 30 31 32 33 34 35 36 37 38 39 40 41 42 43 44 45 46 47 48 49 50 51 52 53 54 55 56 57 58 59 60 61 62 63 64 65 66 67 68 69 70 71 72 73 74 75 76 77 78 79 80 81 82 83 84 85 86 87 88 89 90 91 92 93 94 95 96 97 98 99 100 101 102 103 104 105 106 107 108 109 110 111 112 113 114 115 116 117 118 119 120 121 122 123 124 125 126 127 128 129 130 131 132 133 134 135 136 137 138 139 140 141 142 143 144 145 146 147 148 149 150 151 152 153 154 155 156 157 158 159 160 161 162 163 164 165 166 167 168 169 170 171 172 173 174 175 176 177 178 179 180 181 182 183 184 185 186 187 188 189 190 191 192 193 194 195 196 197 198 199 200 1 2 3 4 5 6 7 8 9 10 11 12 13 14 15 16 17 18 19 20 21 22 23 24 25 26 27 28 29 30 31 32 33 34 35 36 37 38 39 40 41 42 43 44 45 46 47 48 49 50 51 52 53 54 55 56 57 58 59 60 61 62 63 64 65 66 67 68 69 70 71 72 73 74 75 76 77 78 79 80 81 82 83 84 85 86 87 88 89 90 91 92 93 94 95 96 97 98 99 100 101 102 103 104 105 106 107 108 109 110 111 112 113 114 115 116 117 118 119 120 121 122 123 124 125 126 127 128 129 130 131 132 133 134 135 136 137 138 139 140 141 142 143 144 145 146 147 148 149 150 151 152 153 154 155 156 157 158 159 160 161 162 163 164 165 166 167 168 169 170 171 172 173 174 175 176 177 178 179 180 181 182 183 184 185 186 187 188 189 190 191 192 193 194 195 196 197 198 199 200 1 2 3 4 5 6 7 8 9 10 11 12 13 14 15 16 17 18 19 20 21 22 23 24 25 26 27 28 29 30 31 32 33 34 35 36 37 38 39 40 41 42 43 44 45 46 47 48 49 50 51 52 53 54 55 56 57 58 59 60 61 62 63 64 65 66 67 68 69 70 71 72 73 74 75 76 77 78 79 80 81 82 83 84 85 86 87 88 89 90 91 92 93 94 95 96 97 98 99 100 101 102 103 104 105 106 107 108 109 110 111 112 113 114 115 116 117 118 119 120 121 122 123 124 125 126 127 128 129 130 131 132 133 134 135 136 137 138 139 140 141 142 143 144 145 146 147 148 149 150 151 152 153 154 155 156 157 158 159 160 161 162 163 164 165 166 167 168 169 170 171 172 173 174 175 176 177 178 179 180 181 182 183 184 185 186 187 188 189 190 191 192 193 194 195 196 197 198 199 200 1 2 3 4 5 6 7 8 9 10 11 12 13 14 15 16 17 18 19 20 21 22 23 24 25 26 27 28 29 30 31 32 33 34 35 36 37 38 39 40 41 42 43 44 45 46 47 48 49 50 51 52 53 54 55 56 57 58 59 60 61 62 63 64 65 66 67 68 69 70 71 72 73 74 75 76 77 78 79 80 81 82 83 84 85 86 87 88 89 90 91 92 93 94 95 96 97 98 99 100 101 102 103 104 105 106 107 108 109 110 111 112 113 114 115 116 117 118 119 120 121 122 123 124 125 126 127 128 129 130 131 132 133 134 135 136 137 138 139 140 141 142 143 144 145 146 147 148 149 150 151 152 153 154 155 156 157 158 159 160 161 162 163 164 165 166 167 168 169 170 171 172 173 174 175 176 177 178 179 180 181 182 183 184 185 186 187 188 189 190 191 192 193 194 195 196 197 198 199 200 1 2 3 4 5 6 7 8 9 10 11 12 13 14 15 16 17 18 19 20 21 22 23 24 25 26 27 28 29 30 31 32 33 34 35 36 37 38 39 40 41 42 43 44 45 46 47 48 49 50 51 52 53 54 55 56 57 58 59 60 61 62 63 64 65 66 67 68 69 70 71 72 73 74 75 76 77 78 79 80 81 82 83 84 85 86 87 88 89 90 91 92 93 94 95 96 97 98 99 100 101 102 103 104 105 106 107 108 109 110 111 112 113 114 115 116 117 118 119 120 121 122 123 124 125 126 127 128 129 130 131 132 133 134 135 136 137 138 139 140 141 142 143 144 145 146 147 148 149 150 151 152 153 154 155 156 157 158 159 160 161 162 163 164 165 166 167 168 169 170 171 172 173 174 175 176 177 178 179 180 181 182 183 184 185 186 187 188 189 190 191 192 193 194 195 196 197 198 199 200 1 2 3 4 5 6 7 8 9 10 11 12 13 14 15 16 17 18 19 20 21 22 23 24 25 26 27 28 29 30 31 32 33 34 35 36 37 38 39 40 41 42 43 44 45 46 47 48 49 50 51 52 53 54 55 56 57 58 59 60 61 62 63 64 65 66 67 68 69 70 71 72 73 74 75 76 77 78 79 80 81 82 83 84 85 86 87 88 89 90 91 92 93 94 95 96 97 98 99 100 101 102 103 104 105 106 107 108 109 110 111 112 113 114 115 116 117 118 119 120 121 122 123 124 125 126 127 128 129 130 131 132 133 134 135 136 137 138 139 140 141 142 143 144 145 146 147 148 149 150 151 152 153 154 155 156 157 158 159 160 161 162 163 164 165 166 167 168 169 170 171 172 173 174 175 176 177 178 179 180 181 182 183 184 185 186 187 188 189 190 191 192 193 194 195 196 197 198 199 200 1 2 3 4 5 6 7 8 9 10 11 12 13 14 15 16 17 18 19 20 21 22 23 24 25 26 27 28 29 30 31 32 33 34 35 36 37 38 39 40 41 42 43 44 45 46 47 48 49 50 51 52 53 54 55 56 57 58 59 60 61 62 63 64 65 66 67 68 69 70 71 72 73 74 75 76 77 78 79 80 81 82 83 84 85 86 87 88 89 90 91 92 93 94 95 96 97 98 99 100 101 102 103 104 105 106 107 108 109 110 111 112 113 114 115 116 117 118 119 120 121 122 123 124 125 126 127 128 129 130 131 132 133 134 135 136 137 138 139 140 141 142 143 144 145 146 147 148 149 150 151 152 153 154 155 156 157 158 159 160 161 162 163 164 165 166 167 168 169 170 171 172 173 174 175 176 177 178 179 180 181 182 183 184 185 186 187 188 189 190 191 192 193 194 195 196 197 198 199 200 1 2 3 4 5 6 7 8 9 10 11 12 13 14 15 16 17 18 19 20 21 22 23 24 25 26 27 28 29 30 31 32 33 34 35 36 37 38 39 40 41 42 43 44 45 46 47 48 49 50 51 52 53 54 55 56 57 58 59 60 61 62 63 64 65 66 67 68 69 70 71 72 73 74 75 76 77 78 79 80 81 82 83 84 85 86 87 88 89 90 91 92 93 94 95 96 97 98 99 100 101 102 103 104 105 106 107 108 109 110 111 112 113 114 115 116 117 118 119 120 121 122 123 124 125 126 127 128 129 130 131 132 133 134 135 136 137 138 139 140 141 142 143 144 145 146 147 148 149 150 151 152 153 154 155 156 157 158 159 160 161 162 163 164 165 166 167 168 169 170 171 172 173 174 175 176 177 178 179 180 181 182 183 184 185 186 187 188 189 190 191 192 193 194 195 196 197 198 199 200 1 2 3 4 5 6 7 8 9 10 11 12 13 14 15 16 17 18 19 20 21 22 23 24 25 26 27 28 29 30 31 32 33 34 35 36 37 38 39 40 41 42 43 44 45 46 47 48 49 50 51 52 53 54 55 56 57 58 59 60 61 62 63 64 65 66 67 68 69 70 71 72 73 74 75 76 77 78 79 80 81 82 83 84 85 86 87 88 89 90 91 92 93 94 95 96 97 98 99 100 101 102 103 104 105 106 107 108 109 110 111 112 113 114 115 116 117 118 119 120 121 122 123 124 125 126 127 128 129 130 131 132 133 134 135 136 137 138 139 140 141 142 143 144 145 146 147 148 149 150 151 152 153 154 155 156 157 158 159 160 161 162 163 164 165 166 167 168 169 170 171 172 173 174 175 176 177 178 179 180 181 182 183 184 185 186 187 188 189 190 191 192 193 194 195 196 197 198 199 200 1 2 3 4 5 6 7 8 9 10 11 12 13 14 15 16 17 18 19 20 21 22 23 24 25 26 27 28 29 30 31 32 33 34 35 36 37 38 39 40 41 42 43 44 45 46 47 48 49 50 51 52 53 54 55 56 57 58 59 60 61 62 63 64 65 66 67 68 69 70 71 72 73 74 75 76 77 78 79 80 81 82 83 84 85 86 87 88 89 90 91 92 93 94 95 96 97 98 99 100 101 102 103 104 105 106 107 108 109 110 111 112 113 114 115 116 117 118 119 120 121 122 123 124 125 126 127 128 129 130 131 132 133 134 135 136 137 138 139 140 141 142 143 144 145 146 147 148 149 150 151 152 153 154 155 156 157 158 159 160 161 162 163 164 165 166 167 168 169 170 171 172 173 174 175 176 177 178 179 180 181 182 183 184 185 186 187 188 189 190 191 192 193 194 195 196 197 198 199 200 1 2 3 4 5 6 7 8 9 10 11 12 13 14 15 16 17 18 19 20 21 22 23 24 25 26 27 28 29 30 31 32 33 34 35 36 37 38 39 40 41 42 43 44 45 46 47 48 49 50 51 52 53 54 55 56 57 58 59 60 61 62 63 64 65 66 67 68 69 70 71 72 73 74 75 76 77 78 79 80 81 82 83 84 85 86 87 88 89 90 91 92 93 94 95 96 97 98 99 100 101 102 103 104 105 106 107 108 109 110 111 112 113 114 115 116 117 118 119 120 121 122 123 124 125 126 127 128 129 130 131 132 133 134 135 136 137 138 139 140 141 142 143 144 145 146 147 148 149 150 151 152 153 154 155 156 157 158 159 160 161 162 163 164 165 166 167 168 169 170 171 172 173 174 175 176 177 178 179 180 181 182 183 184 185 186 187 188 189 190 191 192 193 194 195 196 197 198 199 200 1 2 3 4 5 6 7 8 9 10 11 12 13 14 15 16 17 18 19 20 21 22 23 24 25 26 27 28 29 30 31 32 33 34 35 36 37 38 39 40 41 42 43 44 45 46 47 48 49 50 51 52 53 54 55 56 57 58 59 60 61 62 63 64 65 66 67 68 69 70 71 72 73 74 75 76 77 78 79 80 81 82 83 84 85 86 87 88 89 90 91 92 93 94 95 96 97 98 99 100 101 102 103 104 105 106 107 108 109 110 111 112 113 114 115 116 117 118 119 120 121 122 123 124 125 126 127 128 129 130 131 132 133 134 135 136 137 138 139 140 141 142 143 144 145 146 147 148 149 150 151 152 153 154 155 156 157 158 159 160 161 162 163 164 165 166 167 168 169 170 171 172 173 174 175 176 177 178 179 180 181 182 183 184 185 186 187 188 189 190 191 192 193 194 195 196 197 198 199 200 1 2 3 4 5 6 7 8 9 10 11 12 13 14 15 16 17 18 19 20 21 22 23 24 25 26 27 28 29 30 31 32 33 34 35 36 37 38 39 40 41 42 43 44 45 46 47 48 49 50 51 52 53 54 55 56 57 58 59 60 61 62 63 64 65 66 67 68 69 70 71 72 73 74 75 76 77 78 79 80 81 82 83 84 85 86 87 88 89 90 91 92 93 94 95 96 97 98 99 100 101 102 103 104 105 106 107 108 109 110 111 112 113 114 115 116 117 118 119 120 121 122 123 124 125 126 127 128 129 130 131 132 133 134 135 136 137 138 139 140 141 142 143 144 145 146 147 148 149 150 151 152 153 154 155 156 157 158 159 160 161 162 163 164 165 166 167 168 169 170 171 172 173 174 175 176 177 178 179 180 181 182 183 184 185 186 187 188 189 190 191 192 193 194 195 196 197 198 199 200 1 2 3 4 5 6 7 8 9 10 11 12 13 14 15 16 17 18 19 20 21 22 23 24 25 26 27 28 29 30 31 32 33 34 35 36 37 38 39 40 41 42 43 44 45 46 47 48 49 50 51 52 53 54 55 56 57 58 59 60 61 62 63 64 65 66 67 68 69 70 71 72 73 74 75 76 77 78 79 80 81 82 83 84 85 86 87 88 89 90 91 92 93 94 95 96 97 98 99 100 101 102 103 104 105 106 107 108 109 110 111 112 113 114 115 116 117 118 119 120 121 122 123 124 125 126 127 128 129 130 131 132 133 134 135 136 137 138 139 140 141 142 143 144 145 146 147 148 149 150 151 152 153 154 155 156 157 158 159 160 161 162 163 164 165 166 167 168 169 170 171 172 173 174 175 176 177 178 179 180 181 182 183 184 185 186 187 188 189 190 191 192 193 194 195 196 197 198 199 200 1 2 3 4 5 6 7 8 9 10 11 12 13 14 15 16 17 18 19 20 21 22 23 24 25 26 27 28 29 30 31 32 33 34 35 36 37 38 39 40 41 42 43 44 45 46 47 48 49 50 51 52 53 54 55 56 57 58 59 60 61 62 63 64 65 66 67 68 69 70 71 72 73 74 75 76 77 78 79 80 81 82 83 84 85 86 87 88 89 90 91 92 93 94 95 96 97 98 99 100 101 102 103 104 105 106 107 108 109 110 111 112 113 114 115 116 117 118 119 120 121 122 123 124 125 126 127 128 129 130 131 132 133 134 135 136 137 138 139 140 141 142 143 144 145 146 147 148 149 150 151 152 153 154 155 156 157 158 159 160 161 162 163 164 165 166 167 168 169 170 171 172 173 174 175 176 177 178 179 180 181 182 183 184 185 186 187 188 189 190 191 192 193 194 195 196 197 198 199 200 1 2 3 4 5 6 7 8 9 10 11 12 13 14 15 16 17 18 19 20 
