1507 21868 33167 1500
1 1
1 2
1 3
1 4
1 5
1 6
1 7
1 9
1 10
1 11
1 13
1 14
1 16
1 17
1 18
1 19
1 20
1 21
1 22
1 23
1 24
1 25
1 26
1 27
1 28
1 29
1 30
1 31
1 32
1 33
1 34
1 35
1 36
1 37
1 39
1 40
1 43
1 44
1 45
1 46
1 47
1 53
1 54
1 55
1 56
1 57
1 62
1 63
1 64
1 65
1 66
1 67
1 68
1 69
1 70
1 71
1 72
1 73
1 74
1 75
1 76
1 77
1 78
1 79
1 80
1 81
1 82
1 83
1 84
1 85
1 86
1 87
1 88
1 89
1 90
1 91
1 92
1 93
1 94
1 95
1 96
1 97
1 98
1 99
1 100
1 101
1 102
1 103
1 104
1 105
1 106
1 107
1 108
1 109
1 110
1 111
1 112
1 113
1 114
1 115
1 116
1 117
1 118
1 119
1 120
1 121
1 122
1 123
1 124
1 125
1 126
1 127
1 128
1 129
1 130
1 132
1 133
1 134
1 139
1 141
1 142
1 143
1 144
1 145
1 146
1 147
1 148
1 149
1 150
1 151
1 152
1 153
1 156
1 157
1 158
1 159
1 160
1 161
1 162
1 163
1 164
1 165
1 166
1 167
1 168
1 169
1 170
1 174
1 175
1 176
1 177
1 178
1 179
1 180
1 181
1 182
1 183
1 184
1 185
1 186
1 187
1 188
1 189
1 190
1 191
1 192
1 193
1 202
1 203
1 204
1 205
1 207
1 208
1 228
1 229
1 230
1 231
1 232
1 233
1 237
1 238
1 239
1 240
1 241
1 242
1 243
1 244
1 245
1 246
1 286
1 296
1 326
1 328
1 344
1 383
1 385
1 465
1 473
1 497
1 533
1 539
1 546
1 548
1 674
1 702
1 703
1 704
1 705
1 706
1 707
1 708
1 709
1 909
1 915
1 945
1 984
1 1855
1 1856
1 1866
1 3470
1 3527
1 3528
1 3877
1 3939
1 4566
1 4567
1 4987
1 5287
1 6747
1 6760
1 7245
1 7322
1 7450
1 7451
1 7486
1 7495
1 7499
1 7504
1 7845
1 8024
1 9185
1 9373
1 10037
1 10129
1 10134
1 10139
1 10183
1 10186
1 10193
1 10195
1 11217
1 11231
1 11256
1 11286
1 11382
1 11391
1 11419
1 11421
1 11605
1 11616
1 11630
1 11637
1 11751
1 11800
1 11819
1 16876
1 17035
1 17535
1 17747
1 17750
1 17751
1 17752
1 17753
1 17754
1 17755
1 17756
1 17757
1 17758
1 17759
1 17760
1 17761
1 17762
1 17763
1 17764
1 17765
1 17766
1 17767
1 17768
1 17770
1 17775
1 17776
1 17777
1 17778
1 17779
1 17780
1 17781
1 17782
1 17783
1 17784
1 17785
1 17864
1 17865
1 17866
1 17867
1 17868
1 17869
1 17870
1 17871
1 17872
1 17873
1 17874
1 17875
1 17876
1 17877
1 17878
1 17879
1 17880
1 17881
1 17882
1 17883
1 17884
1 17885
1 17887
1 17888
1 17889
1 17890
1 17891
1 17892
1 17893
1 17894
1 17895
1 17896
1 17897
1 17898
1 17899
1 17900
1 17901
1 17902
1 17903
1 17904
1 17905
1 17906
1 17907
1 17908
1 17909
1 17910
1 17911
1 17912
1 17913
1 17914
1 17915
1 17916
1 17917
1 17918
1 17919
1 17920
1 17921
1 17922
1 17923
1 17924
1 17925
1 17926
1 17927
1 17928
1 17929
1 17930
1 17931
1 17932
1 17933
1 17934
1 17935
1 17936
1 17937
1 17938
1 17939
1 17940
1 17941
1 17942
1 17943
1 17944
1 17945
1 17946
1 17947
1 17948
1 17949
1 17950
1 17953
1 17964
1 17965
1 17966
1 17967
1 17968
1 17970
1 17971
1 17984
1 17985
1 17986
1 18061
1 18062
1 18086
1 18088
1 18132
1 18260
1 18293
1 18294
2 1
2 2
2 6
2 7
2 9
2 14
2 15
2 16
2 17
2 19
2 21
2 22
2 23
2 24
2 26
2 27
2 28
2 29
2 30
2 31
2 32
2 33
2 34
2 35
2 36
2 37
2 40
2 51
2 52
2 54
2 56
2 58
2 61
2 63
2 64
2 66
2 68
2 69
2 70
2 71
2 76
2 77
2 100
2 101
2 102
2 103
2 108
2 111
2 112
2 114
2 116
2 120
2 121
2 122
2 123
2 124
2 133
2 134
2 136
2 146
2 153
2 154
2 162
2 169
2 171
2 172
2 173
2 177
2 181
2 195
2 218
2 222
2 229
2 233
2 238
2 242
2 257
2 267
2 289
2 296
2 299
2 300
2 301
2 302
2 303
2 304
2 305
2 306
2 307
2 308
2 309
2 310
2 311
2 312
2 313
2 315
2 316
2 317
2 319
2 324
2 334
2 346
2 347
2 352
2 360
2 361
2 366
2 367
2 374
2 375
2 382
2 383
2 385
2 419
2 426
2 444
2 449
2 450
2 465
2 489
2 496
2 497
2 498
2 499
2 500
2 501
2 502
2 503
2 504
2 505
2 506
2 507
2 509
2 510
2 511
2 512
2 513
2 514
2 515
2 516
2 517
2 520
2 521
2 522
2 523
2 524
2 525
2 527
2 528
2 529
2 530
2 531
2 536
2 537
2 538
2 540
2 543
2 545
2 546
2 550
2 552
2 555
2 561
2 562
2 571
2 574
2 601
2 603
2 604
2 605
2 606
2 613
2 614
2 615
2 620
2 917
2 918
2 919
2 1870
3 2
3 12
3 13
3 14
3 15
3 16
3 17
3 18
3 19
3 20
3 21
3 22
3 23
3 24
3 25
3 26
3 27
3 28
3 29
3 30
3 31
3 32
3 33
3 34
3 35
3 36
3 37
3 38
4 2
5 2
5 5
5 6
5 7
5 11
5 13
5 14
5 16
5 18
5 19
5 20
5 21
5 22
5 23
5 24
5 26
5 27
5 28
5 29
5 30
5 31
5 32
5 33
5 34
5 35
5 36
5 41
5 42
5 43
5 54
5 55
5 63
5 64
5 65
5 66
5 67
5 68
5 69
5 70
5 71
5 72
5 76
5 96
5 104
5 105
5 106
5 107
5 108
5 109
5 116
5 118
5 123
5 127
5 130
5 133
5 134
5 135
5 136
5 137
5 138
5 139
5 140
5 142
5 143
5 147
5 150
5 154
5 155
5 166
5 171
5 172
5 173
5 194
5 195
5 196
5 197
5 198
5 199
5 200
5 201
5 209
5 210
5 211
5 212
5 213
5 214
5 217
5 218
5 219
5 220
5 221
5 222
5 223
5 224
5 225
5 226
5 227
5 235
5 236
5 237
5 242
5 245
5 247
5 268
5 269
5 270
5 271
5 272
5 273
5 274
5 280
5 281
5 291
5 292
5 293
5 323
5 324
5 325
5 326
5 333
5 334
5 335
5 336
5 362
5 363
5 364
5 371
5 372
5 373
5 374
5 375
5 376
5 377
5 378
5 391
5 392
5 393
5 394
5 395
5 396
5 397
5 398
5 399
5 429
5 442
5 449
5 450
5 451
5 452
5 473
5 474
5 475
5 476
5 477
5 478
5 479
5 480
5 481
5 482
5 483
5 484
5 497
5 507
5 522
5 547
5 608
5 609
5 610
5 611
5 612
5 747
5 748
6 2
6 278
7 2
7 146
7 278
7 279
8 2
8 16
8 555
8 673
8 696
8 697
8 701
8 703
9 2
9 11285
10 3
10 5
10 27
10 103
10 124
10 166
10 222
10 293
10 326
10 465
10 518
10 571
10 594
10 596
10 626
10 648
10 650
10 700
10 725
10 749
10 786
10 849
10 907
10 945
10 970
10 2815
10 3224
10 3243
10 3471
10 3472
10 3523
10 3529
10 3784
10 3785
10 3787
10 3788
10 3794
10 3795
10 3805
10 3815
10 3816
10 3817
10 3819
10 3820
10 3821
10 3822
10 3824
10 3825
10 3826
10 3827
10 3830
10 3831
10 3832
10 3833
10 3834
10 3835
10 3836
10 3837
10 3838
10 3839
10 3840
10 3841
10 3842
10 3844
10 3845
10 3846
10 3847
10 3848
10 3849
10 3850
10 3851
10 3852
10 3853
10 3854
10 3855
10 3856
10 3857
10 3874
10 3876
11 3
11 4
11 5
11 6
11 7
11 9
11 12
11 13
11 14
11 15
11 16
11 17
11 18
11 19
11 20
11 21
11 22
11 23
11 24
11 25
11 26
11 27
11 28
11 29
11 30
11 31
11 32
11 33
11 34
11 35
11 36
11 37
11 38
11 39
11 40
11 49
11 50
11 51
11 52
11 53
11 54
11 55
11 56
11 61
11 62
11 63
11 65
11 66
11 67
11 68
11 69
11 70
11 71
11 73
11 74
11 75
11 76
11 77
11 78
11 79
11 80
11 81
11 82
11 84
11 85
11 86
11 87
11 88
11 90
11 91
11 92
11 94
11 95
11 96
11 97
11 98
11 99
11 100
11 101
11 102
11 103
11 104
11 105
11 108
11 110
11 111
11 112
11 113
11 114
11 115
11 116
11 117
11 118
11 119
11 120
11 121
11 123
11 124
11 125
11 126
11 128
11 129
11 130
11 131
11 132
11 133
11 135
11 136
11 137
11 138
11 139
11 140
11 141
11 142
11 143
11 144
11 145
11 147
11 148
11 149
11 150
11 151
11 152
11 153
11 154
11 156
11 157
11 158
11 159
11 160
11 161
11 162
11 163
11 164
11 165
11 166
11 167
11 168
11 169
11 170
11 171
11 172
11 173
11 174
11 175
11 176
11 177
11 178
11 179
11 180
11 181
11 182
11 183
11 184
11 185
11 186
11 187
11 188
11 189
11 190
11 191
11 192
11 193
11 194
11 195
11 196
11 197
11 199
11 200
11 201
11 202
11 203
11 204
11 205
11 206
11 207
11 208
11 209
11 211
11 212
11 213
11 214
11 217
11 218
11 219
11 221
11 222
11 223
11 224
11 226
11 227
11 228
11 229
11 230
11 231
11 232
11 233
11 234
11 235
11 237
11 238
11 239
11 240
11 241
11 242
11 243
11 244
11 245
11 246
11 247
11 251
11 253
11 255
11 256
11 257
11 263
11 264
11 265
11 266
11 267
11 268
11 269
11 270
11 271
11 272
11 273
11 274
11 280
11 281
11 282
11 283
11 285
11 286
11 287
11 289
11 291
11 292
11 293
11 294
11 295
11 296
11 297
11 298
11 299
11 300
11 301
11 302
11 303
11 304
11 306
11 307
11 308
11 309
11 310
11 311
11 312
11 313
11 314
11 315
11 316
11 317
11 318
11 319
11 320
11 321
11 324
11 325
11 326
11 328
11 329
11 331
11 332
11 333
11 334
11 336
11 339
11 341
11 342
11 343
11 344
11 346
11 347
11 351
11 352
11 353
11 354
11 355
11 356
11 357
11 360
11 361
11 363
11 365
11 366
11 367
11 368
11 370
11 371
11 372
11 373
11 375
11 377
11 378
11 380
11 381
11 382
11 383
11 385
11 386
11 387
11 388
11 389
11 390
11 392
11 393
11 394
11 395
11 396
11 397
11 398
11 399
11 400
11 403
11 406
11 409
11 410
11 413
11 415
11 416
11 417
11 418
11 420
11 421
11 422
11 423
11 424
11 426
11 428
11 430
11 432
11 434
11 437
11 440
11 441
11 443
11 445
11 446
11 447
11 449
11 451
11 452
11 453
11 454
11 455
11 457
11 460
11 462
11 465
11 470
11 471
11 474
11 475
11 476
11 477
11 478
11 479
11 480
11 481
11 482
11 483
11 484
11 488
11 489
11 491
11 493
11 494
11 496
11 498
11 499
11 500
11 501
11 502
11 503
11 504
11 507
11 509
11 513
11 514
11 515
11 516
11 518
11 520
11 522
11 525
11 527
11 528
11 529
11 530
11 533
11 535
11 536
11 538
11 539
11 540
11 546
11 547
11 548
11 549
11 552
11 553
11 554
11 555
11 557
11 558
11 559
11 561
11 562
11 563
11 566
11 569
11 571
11 572
11 574
11 576
11 577
11 578
11 579
11 582
11 583
11 584
11 585
11 586
11 587
11 589
11 591
11 593
11 594
11 596
11 599
11 608
11 610
11 611
11 612
11 619
11 621
11 625
11 626
11 629
11 631
11 636
11 637
11 638
11 639
11 640
11 644
11 645
11 647
11 649
11 651
11 652
11 653
11 655
11 656
11 657
11 662
11 663
11 664
11 665
11 666
11 668
11 669
11 671
11 673
11 674
11 677
11 679
11 683
11 684
11 685
11 686
11 687
11 688
11 690
11 692
11 693
11 696
11 697
11 698
11 700
11 701
11 702
11 703
11 705
11 707
11 710
11 712
11 713
11 716
11 720
11 721
11 722
11 723
11 724
11 725
11 726
11 727
11 728
11 730
11 733
11 734
11 735
11 736
11 738
11 739
11 740
11 741
11 743
11 747
11 749
11 750
11 751
11 752
11 753
11 754
11 755
11 756
11 757
11 758
11 759
11 768
11 770
11 772
11 774
11 776
11 779
11 781
11 782
11 784
11 785
11 788
11 790
11 793
11 797
11 798
11 801
11 805
11 806
11 810
11 814
11 815
11 816
11 817
11 818
11 819
11 820
11 821
11 825
11 830
11 832
11 833
11 834
11 837
11 843
11 844
11 849
11 850
11 852
11 853
11 854
11 858
11 860
11 862
11 863
11 864
11 865
11 872
11 874
11 880
11 885
11 888
11 890
11 893
11 896
11 904
11 905
11 906
11 907
11 908
11 909
11 910
11 914
11 915
11 916
11 920
11 921
11 923
11 924
11 927
11 928
11 930
11 936
11 943
11 945
11 948
11 955
11 956
11 958
11 960
11 963
11 967
11 970
11 971
11 972
11 973
11 974
11 976
11 978
11 979
11 980
11 981
11 982
11 983
11 984
11 988
11 1035
11 1061
11 1073
11 1079
11 1086
11 1109
11 1110
11 1116
11 1161
11 1163
11 1169
11 1182
11 1189
11 1210
11 1235
11 1239
11 1256
11 1276
11 1277
11 1280
11 1283
11 1310
11 1323
11 1353
11 1358
11 1367
11 1371
11 1391
11 1395
11 1415
11 1417
11 1419
11 1435
11 1440
11 1456
11 1460
11 1462
11 1466
11 1475
11 1489
11 1495
11 1505
11 1518
11 1538
11 1551
11 1564
11 1568
11 1594
11 1597
11 1598
11 1633
11 1643
11 1647
11 1665
11 1669
11 1672
11 1673
11 1674
11 1676
11 1683
11 1714
11 1724
11 1760
11 1768
11 1770
11 1777
11 1787
11 1794
11 1797
11 1810
11 1812
11 1818
11 1820
11 1825
11 1829
11 1850
11 1851
11 1852
11 1853
11 1854
11 1855
11 1856
11 1857
11 1859
11 1860
11 1865
11 1866
11 1867
11 1868
11 1869
11 1871
11 1872
11 1873
11 1874
11 1875
11 1876
11 1877
11 1878
11 1881
11 1882
11 1883
11 1885
11 1886
11 1887
11 1888
11 1889
11 1890
11 1891
11 1892
11 1893
11 1898
11 1902
11 1911
11 1921
11 1927
11 1944
11 1951
11 1993
11 2003
11 2009
11 2023
11 2026
11 2038
11 2050
11 2052
11 2056
11 2067
11 2073
11 2080
11 2083
11 2085
11 2086
11 2091
11 2098
11 2100
11 2102
11 2118
11 2123
11 2125
11 2128
11 2133
11 2134
11 2136
11 2139
11 2145
11 2152
11 2154
11 2156
11 2162
11 2179
11 2180
11 2190
11 2225
11 2231
11 2269
11 2271
11 2276
11 2277
11 2278
11 2280
11 2283
11 2284
11 2286
11 2288
11 2290
11 2291
11 2292
11 2297
11 2300
11 2306
11 2308
11 2309
11 2312
11 2314
11 2317
11 2320
11 2321
11 2322
11 2324
11 2329
11 2330
11 2331
11 2338
11 2340
11 2342
11 2345
11 2346
11 2347
11 2349
11 2352
11 2356
11 2359
11 2361
11 2363
11 2364
11 2365
11 2369
11 2370
11 2372
11 2373
11 2385
11 2387
11 2394
11 2396
11 2400
11 2406
11 2407
11 2410
11 2413
11 2415
11 2416
11 2417
11 2422
11 2424
11 2426
11 2427
11 2428
11 2432
11 2433
11 2436
11 2441
11 2442
11 2451
11 2452
11 2455
11 2457
11 2458
11 2459
11 2464
11 2465
11 2467
11 2469
11 2470
11 2474
11 2478
11 2479
11 2480
11 2482
11 2485
11 2487
11 2488
11 2490
11 2491
11 2492
11 2498
11 2501
11 2504
11 2505
11 2507
11 2508
11 2509
11 2510
11 2512
11 2514
11 2515
11 2516
11 2518
11 2519
11 2521
11 2522
11 2524
11 2529
11 2533
11 2534
11 2538
11 2542
11 2543
11 2544
11 2546
11 2550
11 2551
11 2555
11 2556
11 2559
11 2561
11 2562
11 2563
11 2564
11 2566
11 2568
11 2569
11 2574
11 2577
11 2579
11 2580
11 2582
11 2583
11 2585
11 2588
11 2589
11 2590
11 2591
11 2592
11 2593
11 2595
11 2598
11 2599
11 2600
11 2601
11 2604
11 2606
11 2608
11 2609
11 2610
11 2611
11 2612
11 2615
11 2617
11 2618
11 2619
11 2620
11 2622
11 2626
11 2627
11 2629
11 2630
11 2631
11 2632
11 2635
11 2637
11 2640
11 2641
11 2642
11 2645
11 2646
11 2647
11 2648
11 2650
11 2651
11 2654
11 2655
11 2658
11 2665
11 2666
11 2670
11 2671
11 2672
11 2674
11 2675
11 2680
11 2684
11 2686
11 2687
11 2689
11 2692
11 2693
11 2694
11 2696
11 2697
11 2700
11 2701
11 2704
11 2706
11 2709
11 2710
11 2712
11 2713
11 2714
11 2715
11 2716
11 2717
11 2718
11 2719
11 2722
11 2723
11 2725
11 2727
11 2728
11 2730
11 2732
11 2742
11 2743
11 2744
11 2745
11 2756
11 2760
11 2763
11 2766
11 2767
11 2769
11 2771
11 2772
11 2776
11 2784
11 2793
11 2806
11 2815
11 2816
11 2820
11 2821
11 2822
11 2834
11 2846
11 2852
11 2865
11 2874
11 2877
11 2928
11 2987
11 2988
11 2995
11 3006
11 3024
11 3025
11 3036
11 3043
11 3054
11 3064
11 3068
11 3072
11 3074
11 3088
11 3139
11 3140
11 3141
11 3143
11 3167
11 3168
11 3196
11 3197
11 3198
11 3199
11 3200
11 3201
11 3202
11 3203
11 3204
11 3205
11 3210
11 3211
11 3212
11 3213
11 3214
11 3220
11 3221
11 3222
11 3223
11 3224
11 3225
11 3226
11 3229
11 3231
11 3232
11 3233
11 3239
11 3243
11 3244
11 3245
11 3246
11 3247
11 3248
11 3249
11 3255
11 3256
11 3259
11 3263
11 3264
11 3265
11 3266
11 3267
11 3268
11 3269
11 3270
11 3271
11 3272
11 3273
11 3274
11 3275
11 3276
11 3277
11 3278
11 3279
11 3280
11 3281
11 3282
11 3283
11 3284
11 3285
11 3286
11 3287
11 3288
11 3289
11 3290
11 3291
11 3292
11 3293
11 3294
11 3295
11 3296
11 3297
11 3298
11 3299
11 3300
11 3301
11 3302
11 3303
11 3304
11 3305
11 3306
11 3307
11 3308
11 3309
11 3310
11 3311
11 3312
11 3313
11 3314
11 3315
11 3316
11 3317
11 3318
11 3319
11 3320
11 3321
11 3322
11 3323
11 3324
11 3325
11 3326
11 3327
11 3328
11 3329
11 3330
11 3331
11 3332
11 3333
11 3334
11 3335
11 3336
11 3337
11 3338
11 3339
11 3340
11 3341
11 3342
11 3343
11 3344
11 3345
11 3346
11 3347
11 3348
11 3349
11 3350
11 3351
11 3352
11 3353
11 3354
11 3355
11 3356
11 3357
11 3358
11 3359
11 3360
11 3361
11 3362
11 3363
11 3364
11 3365
11 3366
11 3367
11 3368
11 3369
11 3370
11 3371
11 3372
11 3373
11 3374
11 3375
11 3376
11 3377
11 3378
11 3379
11 3380
11 3381
11 3382
11 3383
11 3384
11 3385
11 3386
11 3387
11 3388
11 3389
11 3390
11 3391
11 3392
11 3393
11 3394
11 3395
11 3396
11 3397
11 3398
11 3399
11 3400
11 3401
11 3402
11 3403
11 3404
11 3405
11 3406
11 3407
11 3408
11 3409
11 3410
11 3411
11 3412
11 3413
11 3414
11 3415
11 3416
11 3417
11 3418
11 3419
11 3420
11 3421
11 3422
11 3423
11 3424
11 3425
11 3426
11 3427
11 3428
11 3429
11 3430
11 3431
11 3432
11 3433
11 3434
11 3435
11 3436
11 3437
11 3438
11 3439
11 3440
11 3441
11 3442
11 3443
11 3444
11 3445
11 3446
11 3447
11 3448
11 3449
11 3450
11 3451
11 3452
11 3453
11 3454
11 3455
11 3456
11 3457
11 3461
11 3469
11 3470
11 3472
11 3485
11 3493
11 3494
11 3495
11 3501
11 3502
11 3503
11 3509
11 3517
11 3519
11 3521
11 3522
11 3523
11 3527
11 3528
11 3529
11 3530
11 3531
11 3533
11 3542
11 3544
11 3560
11 3575
11 3577
11 3579
11 3591
11 3593
11 3609
11 3613
11 3615
11 3623
11 3630
11 3639
11 3644
11 3649
11 3655
11 3667
11 3686
11 3712
11 3765
11 3784
11 3785
11 3787
11 3789
11 3795
11 3797
11 3805
11 3809
11 3811
11 3815
11 3816
11 3817
11 3819
11 3821
11 3822
11 3824
11 3830
11 3847
11 3848
11 3849
11 3850
11 3851
11 3852
11 3853
11 3854
11 3855
11 3856
11 3861
11 3863
11 3864
11 3872
11 3874
11 3877
11 3886
11 3891
11 3892
11 3893
11 3895
11 3897
11 3902
11 3903
11 3904
11 3905
11 3906
11 3907
11 3909
11 3911
11 3916
11 3921
11 3929
11 3930
11 3932
11 3934
11 3935
11 3936
11 3938
11 3941
11 3942
11 3943
11 3944
11 3945
11 3946
11 3965
11 3988
11 4011
11 4023
11 4061
11 4076
11 4098
11 4120
11 4125
11 4136
11 4146
11 4155
11 4168
11 4172
11 4195
11 4223
11 4237
11 4243
11 4287
11 4312
11 4321
11 4334
11 4336
11 4343
11 4350
11 4356
11 4405
11 4410
11 4461
11 4478
11 4493
11 4521
11 4548
11 4549
11 4550
11 4551
11 4553
11 4556
11 4557
11 4564
11 4567
11 4582
11 4616
11 4630
11 4641
11 4645
11 4669
11 4674
11 4680
11 4702
11 4737
11 4738
11 4775
11 4776
11 4780
11 4786
11 4789
11 4792
11 4795
11 4796
11 4797
11 4803
11 4804
11 4805
11 4806
11 4807
11 4811
11 4812
11 4813
11 4814
11 4815
11 4816
11 4817
11 4818
11 4819
11 4820
11 4821
11 4826
11 4828
11 4829
11 4830
11 4834
11 4836
11 4845
11 4846
11 4851
11 4852
11 4856
11 4863
11 4870
11 4872
11 4885
11 4898
11 4902
11 4911
11 4912
11 4913
11 4916
11 4917
11 4930
11 4931
11 4932
11 4933
11 4947
11 4959
11 4977
11 4980
11 4981
11 4985
11 4988
11 4989
11 4990
11 4991
11 4993
11 4998
11 5001
11 5002
11 5005
11 5012
11 5013
11 5028
11 5041
11 5054
11 5056
11 5057
11 5060
11 5061
11 5067
11 5074
11 5093
11 5104
11 5152
11 5172
11 5201
11 5222
11 5237
11 5259
11 5266
11 5269
11 5279
11 5306
11 5308
11 5320
11 5329
11 5330
11 5331
11 5332
11 5333
11 5334
11 5335
11 5336
11 5337
11 5346
11 5357
11 5358
11 5360
11 5362
11 5363
11 5364
11 5365
11 5367
11 5368
11 5374
11 5375
11 5383
11 5384
11 5386
11 5387
11 5388
11 5389
11 5390
11 5392
11 5395
11 5396
11 5397
11 5398
11 5399
11 5401
11 5402
11 5403
11 5404
11 5405
11 5406
11 5407
11 5409
11 5410
11 5411
11 5412
11 5413
11 5414
11 5415
11 5416
11 5418
11 5419
11 5420
11 5421
11 5422
11 5423
11 5424
11 5425
11 5426
11 5427
11 5428
11 5429
11 5430
11 5432
11 5433
11 5434
11 5435
11 5436
11 5437
11 5438
11 5439
11 5440
11 5441
11 5442
11 5443
11 5449
11 5450
11 5451
11 5452
11 5453
11 5454
11 5455
11 5456
11 5457
11 5458
11 5459
11 5460
11 5461
11 5470
11 5471
11 5472
11 5473
11 5474
11 5475
11 5476
11 5477
11 5478
11 5479
11 5480
11 5481
11 5482
11 5483
11 5484
11 5485
11 5487
11 5493
11 5494
11 5495
11 5496
11 5497
11 5498
11 5500
11 5501
11 5502
11 5503
11 5504
11 5505
11 5506
11 5507
11 5508
11 5509
11 5510
11 5511
11 5512
11 5513
11 5514
11 5515
11 5516
11 5520
11 5521
11 5522
11 5523
11 5524
11 5525
11 5526
11 5527
11 5528
11 5529
11 5530
11 5531
11 5532
11 5533
11 5534
11 5535
11 5536
11 5537
11 5538
11 5539
11 5540
11 5541
11 5542
11 5543
11 5544
11 5545
11 5546
11 5570
11 5571
11 5572
11 5573
11 5574
11 5575
11 5576
11 5577
11 5578
11 5579
11 5580
11 5581
11 5583
11 5584
11 5585
11 5586
11 5587
11 5588
11 5589
11 5590
11 5591
11 5592
11 5593
11 5594
11 5595
11 5605
11 5606
11 5607
11 5608
11 5609
11 5610
11 5611
11 5612
11 5613
11 5614
11 5615
11 5616
11 5617
11 5618
11 5619
11 5620
11 5621
11 5622
11 5623
11 5624
11 5625
11 5626
11 5627
11 5628
11 5629
11 5630
11 5631
11 5632
11 5633
11 5634
11 5635
11 5636
11 5637
11 5638
11 5639
11 5640
11 5641
11 5642
11 5643
11 5644
11 5645
11 5646
11 5647
11 5648
11 5651
11 5652
11 5653
11 5654
11 5655
11 5656
11 5657
11 5658
11 5659
11 5660
11 5661
11 5662
11 5663
11 5664
11 5665
11 5666
11 5667
11 5668
11 5669
11 5670
11 5671
11 5672
11 5673
11 5674
11 5675
11 5676
11 5677
11 5678
11 5679
11 5680
11 5685
11 5686
11 5687
11 5688
11 5689
11 5690
11 5691
11 5692
11 5693
11 5694
11 5695
11 5696
11 5697
11 5698
11 5699
11 5700
11 5701
11 5702
11 5703
11 5704
11 5705
11 5706
11 5707
11 5708
11 5709
11 5710
11 5711
11 5712
11 5713
11 5714
11 5715
11 5716
11 5717
11 5718
11 5724
11 5725
11 5726
11 5727
11 5728
11 5729
11 5730
11 5731
11 5732
11 5733
11 5734
11 5735
11 5736
11 5737
11 5738
11 5739
11 5740
11 5741
11 5742
11 5743
11 5744
11 5745
11 5746
11 5747
11 5748
11 5749
11 5750
11 5751
11 5752
11 5753
11 5754
11 5755
11 5756
11 5757
11 5758
11 5759
11 5760
11 5761
11 5762
11 5763
11 5764
11 5765
11 5766
11 5767
11 5768
11 5769
11 5770
11 5771
11 5772
11 5773
11 5774
11 5775
11 5776
11 5777
11 5778
11 5779
11 5786
11 5787
11 5788
11 5789
11 5790
11 5791
11 5792
11 5793
11 5794
11 5795
11 5796
11 5797
11 5798
11 5799
11 5800
11 5801
11 5802
11 5803
11 5804
11 5805
11 5806
11 5807
11 5808
11 5809
11 5810
11 5811
11 5812
11 5813
11 5814
11 5815
11 5816
11 5817
11 5818
11 5819
11 5820
11 5821
11 5822
11 5823
11 5824
11 5825
11 5826
11 5827
11 5828
11 5829
11 5830
11 5831
11 5832
11 5833
11 5834
11 5835
11 5836
11 5837
11 5838
11 5839
11 5840
11 5841
11 5842
11 5843
11 5844
11 5845
11 5846
11 5847
11 5848
11 5849
11 5850
11 5851
11 5852
11 5853
11 5854
11 5855
11 5856
11 5857
11 5858
11 5859
11 5860
11 5861
11 5862
11 5863
11 5873
11 5874
11 5875
11 5876
11 5877
11 5878
11 5879
11 5880
11 5881
11 5882
11 5883
11 5884
11 5885
11 5886
11 5887
11 5888
11 5889
11 5890
11 5891
11 5892
11 5893
11 5894
11 5895
11 5896
11 5897
11 5898
11 5899
11 5901
11 5902
11 5903
11 5904
11 5905
11 5906
11 5907
11 5908
11 5909
11 5910
11 5911
11 5912
11 5913
11 5914
11 5915
11 5916
11 5917
11 5918
11 5919
11 5920
11 5921
11 5922
11 5923
11 5924
11 5925
11 5926
11 5927
11 5928
11 5929
11 5930
11 5931
11 5932
11 5933
11 5934
11 5935
11 5936
11 5937
11 5938
11 5939
11 5940
11 5941
11 5942
11 5943
11 5944
11 5945
11 5946
11 5947
11 5948
11 5949
11 5950
11 5951
11 5952
11 5953
11 5954
11 5955
11 5956
11 5957
11 5958
11 5959
11 5960
11 5961
11 5962
11 5963
11 5964
11 5965
11 5966
11 5967
11 5968
11 5969
11 5970
11 5971
11 5972
11 5973
11 5974
11 5975
11 5976
11 5977
11 5978
11 5979
11 5980
11 5981
11 5982
11 5983
11 5984
11 5985
11 5986
11 5987
11 5988
11 5989
11 5990
11 5991
11 5992
11 5993
11 5994
11 5995
11 5996
11 5997
11 5998
11 5999
11 6000
11 6001
11 6002
11 6019
11 6020
11 6021
11 6022
11 6023
11 6024
11 6025
11 6026
11 6027
11 6028
11 6029
11 6030
11 6031
11 6032
11 6033
11 6034
11 6035
11 6036
11 6037
11 6038
11 6039
11 6040
11 6041
11 6042
11 6043
11 6044
11 6045
11 6046
11 6047
11 6048
11 6049
11 6050
11 6051
11 6052
11 6053
11 6054
11 6055
11 6056
11 6057
11 6058
11 6059
11 6060
11 6061
11 6062
11 6063
11 6064
11 6065
11 6066
11 6067
11 6068
11 6069
11 6070
11 6071
11 6072
11 6073
11 6074
11 6075
11 6076
11 6077
11 6078
11 6079
11 6080
11 6081
11 6082
11 6083
11 6084
11 6085
11 6086
11 6087
11 6088
11 6089
11 6090
11 6091
11 6092
11 6093
11 6094
11 6095
11 6096
11 6097
11 6098
11 6099
11 6100
11 6101
11 6102
11 6103
11 6104
11 6105
11 6106
11 6107
11 6108
11 6109
11 6110
11 6111
11 6112
11 6113
11 6114
11 6115
11 6116
11 6117
11 6118
11 6119
11 6120
11 6121
11 6122
11 6123
11 6124
11 6125
11 6126
11 6127
11 6128
11 6129
11 6130
11 6131
11 6132
11 6133
11 6134
11 6135
11 6136
11 6137
11 6138
11 6139
11 6140
11 6141
11 6142
11 6143
11 6144
11 6145
11 6146
11 6147
11 6148
11 6149
11 6150
11 6151
11 6152
11 6153
11 6154
11 6155
11 6156
11 6157
11 6158
11 6159
11 6160
11 6161
11 6162
11 6163
11 6164
11 6165
11 6166
11 6167
11 6179
11 6180
11 6181
11 6182
11 6183
11 6184
11 6185
11 6186
11 6187
11 6188
11 6189
11 6190
11 6191
11 6192
11 6193
11 6194
11 6195
11 6196
11 6197
11 6198
11 6199
11 6200
11 6201
11 6202
11 6203
11 6204
11 6205
11 6206
11 6207
11 6208
11 6209
11 6210
11 6211
11 6212
11 6213
11 6214
11 6215
11 6216
11 6217
11 6218
11 6219
11 6220
11 6221
11 6222
11 6223
11 6224
11 6225
11 6226
11 6227
11 6228
11 6229
11 6230
11 6231
11 6232
11 6233
11 6234
11 6235
11 6236
11 6237
11 6238
11 6239
11 6240
11 6241
11 6242
11 6243
11 6244
11 6245
11 6246
11 6247
11 6248
11 6249
11 6250
11 6251
11 6252
11 6253
11 6254
11 6255
11 6256
11 6257
11 6258
11 6259
11 6260
11 6261
11 6262
11 6263
11 6264
11 6265
11 6266
11 6267
11 6268
11 6269
11 6270
11 6271
11 6272
11 6273
11 6274
11 6275
11 6276
11 6277
11 6278
11 6279
11 6280
11 6281
11 6282
11 6283
11 6284
11 6285
11 6286
11 6287
11 6288
11 6289
11 6290
11 6291
11 6292
11 6293
11 6294
11 6295
11 6296
11 6297
11 6298
11 6299
11 6300
11 6301
11 6302
11 6303
11 6304
11 6305
11 6306
11 6307
11 6308
11 6309
11 6310
11 6311
11 6312
11 6313
11 6314
11 6315
11 6316
11 6317
11 6318
11 6319
11 6320
11 6321
11 6322
11 6323
11 6324
11 6325
11 6326
11 6327
11 6333
11 6334
11 6335
11 6336
11 6337
11 6338
11 6339
11 6340
11 6341
11 6342
11 6343
11 6344
11 6345
11 6346
11 6347
11 6348
11 6349
11 6350
11 6351
11 6352
11 6353
11 6354
11 6357
11 6358
11 6359
11 6360
11 6361
11 6362
11 6371
11 6372
11 6373
11 6374
11 6375
11 6376
11 6377
11 6378
11 6379
11 6380
11 6381
11 6382
11 6383
11 6384
11 6385
11 6386
11 6388
11 6389
11 6390
11 6391
11 6392
11 6393
11 6394
11 6395
11 6396
11 6397
11 6398
11 6401
11 6402
11 6403
11 6404
11 6405
11 6406
11 6407
11 6408
11 6409
11 6411
11 6412
11 6413
11 6414
11 6415
11 6416
11 6417
11 6418
11 6419
11 6420
11 6421
11 6422
11 6423
11 6424
11 6425
11 6426
11 6427
11 6428
11 6429
11 6430
11 6431
11 6432
11 6433
11 6434
11 6435
11 6436
11 6437
11 6438
11 6439
11 6440
11 6441
11 6442
11 6443
11 6444
11 6445
11 6446
11 6447
11 6448
11 6449
11 6450
11 6451
11 6452
11 6453
11 6487
11 6489
11 6490
11 6491
11 6492
11 6493
11 6496
11 6497
11 6499
11 6506
11 6507
11 6508
11 6511
11 6512
11 6513
11 6514
11 6515
11 6516
11 6517
11 6518
11 6519
11 6520
11 6521
11 6523
11 6525
11 6526
11 6529
11 6530
11 6535
11 6536
11 6538
11 6539
11 6540
11 6541
11 6542
11 6543
11 6544
11 6545
11 6546
11 6547
11 6548
11 6549
11 6550
11 6551
11 6552
11 6553
11 6554
11 6555
11 6556
11 6557
11 6558
11 6559
11 6560
11 6561
11 6562
11 6563
11 6564
11 6565
11 6566
11 6567
11 6568
11 6569
11 6570
11 6571
11 6573
11 6574
11 6575
11 6578
11 6579
11 6580
11 6581
11 6582
11 6585
11 6586
11 6587
11 6588
11 6589
11 6590
11 6591
11 6592
11 6593
11 6594
11 6595
11 6596
11 6597
11 6599
11 6600
11 6601
11 6602
11 6603
11 6604
11 6606
11 6607
11 6608
11 6610
11 6611
11 6612
11 6613
11 6614
11 6615
11 6616
11 6617
11 6618
11 6619
11 6620
11 6621
11 6622
11 6623
11 6624
11 6625
11 6626
11 6627
11 6628
11 6629
11 6630
11 6631
11 6636
11 6637
11 6640
11 6641
11 6642
11 6643
11 6644
11 6645
11 6647
11 6648
11 6649
11 6650
11 6652
11 6653
11 6654
11 6656
11 6665
11 6669
11 6670
11 6671
11 6675
11 6679
11 6680
11 6681
11 6682
11 6683
11 6684
11 6685
11 6689
11 6695
11 6696
11 6697
11 6698
11 6699
11 6700
11 6701
11 6702
11 6703
11 6704
11 6705
11 6706
11 6707
11 6708
11 6709
11 6710
11 6711
11 6712
11 6713
11 6714
11 6715
11 6716
11 6717
11 6718
11 6719
11 6720
11 6721
11 6722
11 6723
11 6724
11 6725
11 6726
11 6727
11 6728
11 6729
11 6730
11 6731
11 6732
11 6733
11 6734
11 6735
11 6736
11 6739
11 6740
11 6741
11 6742
11 6743
11 6744
11 6745
11 6746
11 6748
11 6749
11 6750
11 6751
11 6752
11 6753
11 6754
11 6755
11 6757
11 6768
11 6769
11 6772
11 6775
11 6776
11 6777
11 6778
11 6779
11 6780
11 6781
11 6782
11 6784
11 6785
11 6786
11 6789
11 6790
11 6791
11 6793
11 6794
11 6795
11 6796
11 6797
11 6798
11 6799
11 6800
11 6801
11 6802
11 6808
11 6809
11 6810
11 6811
11 6812
11 6813
11 6815
11 6816
11 6817
11 6818
11 6819
11 6820
11 6827
11 6828
11 6829
11 6831
11 6832
11 6833
11 6834
11 6835
11 6836
11 6837
11 6838
11 6839
11 6840
11 6842
11 6845
11 6848
11 6849
11 6851
11 6852
11 6853
11 6854
11 6855
11 6856
11 6861
11 6862
11 6863
11 6864
11 6865
11 6869
11 6870
11 6871
11 6872
11 6873
11 6874
11 6875
11 6878
11 6879
11 6880
11 6882
11 6883
11 6884
11 6885
11 6887
11 6888
11 6889
11 6890
11 6891
11 6892
11 6894
11 6895
11 6896
11 6897
11 6898
11 6899
11 6902
11 6904
11 6905
11 6907
11 6908
11 6909
11 6911
11 6912
11 6913
11 6915
11 6916
11 6917
11 6918
11 6919
11 6925
11 6926
11 6927
11 6928
11 6929
11 6930
11 6931
11 6932
11 6933
11 6935
11 6936
11 6937
11 6938
11 6939
11 6940
11 6941
11 6942
11 6943
11 6944
11 6945
11 6946
11 6947
11 6948
11 6951
11 6952
11 6953
11 6954
11 6955
11 6956
11 6957
11 6958
11 6959
11 6960
11 6961
11 6962
11 6963
11 6964
11 6965
11 6968
11 6969
11 6970
11 6971
11 6972
11 6973
11 6974
11 6976
11 6977
11 6978
11 6979
11 6980
11 6981
11 6982
11 6983
11 6984
11 6985
11 6986
11 6987
11 6988
11 6989
11 6990
11 6991
11 6992
11 6993
11 6994
11 6995
11 6996
11 6997
11 6998
11 6999
11 7000
11 7001
11 7002
11 7003
11 7004
11 7005
11 7006
11 7007
11 7008
11 7009
11 7010
11 7011
11 7012
11 7013
11 7014
11 7016
11 7020
11 7021
11 7022
11 7024
11 7025
11 7026
11 7027
11 7028
11 7030
11 7031
11 7032
11 7033
11 7034
11 7035
11 7036
11 7037
11 7038
11 7039
11 7043
11 7044
11 7045
11 7046
11 7047
11 7048
11 7049
11 7050
11 7052
11 7053
11 7054
11 7059
11 7060
11 7061
11 7062
11 7063
11 7064
11 7065
11 7066
11 7067
11 7069
11 7070
11 7071
11 7072
11 7073
11 7074
11 7075
11 7076
11 7077
11 7078
11 7080
11 7081
11 7082
11 7083
11 7084
11 7085
11 7086
11 7087
11 7088
11 7089
11 7092
11 7093
11 7094
11 7095
11 7096
11 7097
11 7098
11 7099
11 7101
11 7102
11 7103
11 7105
11 7106
11 7107
11 7109
11 7111
11 7112
11 7113
11 7114
11 7115
11 7116
11 7117
11 7118
11 7119
11 7121
11 7122
11 7123
11 7124
11 7125
11 7132
11 7133
11 7134
11 7135
11 7137
11 7138
11 7139
11 7140
11 7141
11 7142
11 7144
11 7145
11 7146
11 7147
11 7148
11 7149
11 7150
11 7151
11 7153
11 7154
11 7156
11 7157
11 7158
11 7159
11 7160
11 7161
11 7162
11 7163
11 7164
11 7165
11 7166
11 7168
11 7169
11 7171
11 7172
11 7173
11 7194
11 7239
11 7315
11 7356
11 7375
11 7383
11 7394
11 7403
11 7439
11 7526
11 7547
11 7571
11 7595
11 7607
11 7679
11 7682
11 7777
11 7806
11 7813
11 7846
11 7871
11 7917
11 7974
11 7975
11 8008
11 8039
11 8100
11 8104
11 8126
11 8311
11 8326
11 8377
11 8409
11 8416
11 8450
11 8496
11 8515
11 8526
11 8548
11 8581
11 8602
11 8622
11 8690
11 8717
11 8766
11 8773
11 8804
11 8941
11 8963
11 8985
11 9018
11 9054
11 9072
11 9144
11 9183
11 9231
11 9244
11 9287
11 9308
11 9434
11 9499
11 9546
11 9614
11 9678
11 9679
11 9755
11 9869
11 9910
11 9988
11 10254
11 10272
11 10289
11 10297
11 10352
11 10360
11 10401
11 10499
11 10564
11 10568
11 10579
11 10648
11 10651
11 10687
11 10710
11 10728
11 10778
11 10798
11 10817
11 10827
11 10845
11 10913
11 10945
11 10946
11 10947
11 10948
11 10949
11 10950
11 10951
11 10952
11 10953
11 10954
11 10955
11 10956
11 10957
11 10958
11 10959
11 10960
11 10961
11 10962
11 10963
11 10964
11 10965
11 10966
11 10967
11 10968
11 10969
11 10970
11 10971
11 10972
11 10973
11 10974
11 10975
11 10976
11 10977
11 10978
11 10979
11 10980
11 10981
11 10982
11 10983
11 10984
11 10985
11 10986
11 10987
11 10988
11 10989
11 10991
11 10992
11 10993
11 10994
11 10995
11 10996
11 10997
11 10998
11 10999
11 11000
11 11001
11 11002
11 11003
11 11004
11 11005
11 11006
11 11007
11 11008
11 11009
11 11010
11 11011
11 11012
11 11013
11 11014
11 11015
11 11016
11 11017
11 11018
11 11019
11 11020
11 11021
11 11022
11 11041
11 11042
11 11043
11 11044
11 11045
11 11046
11 11047
11 11048
11 11049
11 11050
11 11051
11 11052
11 11053
11 11054
11 11055
11 11056
11 11057
11 11058
11 11059
11 11060
11 11061
11 11062
11 11063
11 11064
11 11065
11 11066
11 11067
11 11068
11 11069
11 11070
11 11071
11 11072
11 11073
11 11074
11 11075
11 11076
11 11077
11 11078
11 11079
11 11080
11 11081
11 11082
11 11083
11 11084
11 11085
11 11086
11 11087
11 11088
11 11089
11 11090
11 11091
11 11092
11 11093
11 11094
11 11095
11 11096
11 11097
11 11098
11 11099
11 11100
11 11101
11 11102
11 11103
11 11104
11 11105
11 11106
11 11107
11 11108
11 11109
11 11110
11 11111
11 11112
11 11113
11 11114
11 11115
11 11116
11 11117
11 11118
11 11119
11 11120
11 11121
11 11122
11 11123
11 11124
11 11125
11 11126
11 11127
11 11128
11 11129
11 11130
11 11131
11 11132
11 11133
11 11134
11 11135
11 11136
11 11137
11 11138
11 11139
11 11140
11 11141
11 11142
11 11143
11 11144
11 11145
11 11146
11 11147
11 11148
11 11149
11 11150
11 11151
11 11152
11 11153
11 11154
11 11155
11 11156
11 11157
11 11158
11 11159
11 11160
11 11161
11 11162
11 11163
11 11164
11 11165
11 11166
11 11167
11 11168
11 11169
11 11170
11 11171
11 11172
11 11173
11 11174
11 11175
11 11176
11 11177
11 11178
11 11179
11 11180
11 11181
11 11204
11 11240
11 11403
11 11405
11 11441
11 11456
11 11661
11 11662
11 11663
11 11664
11 11665
11 11666
11 11667
11 11668
11 11669
11 11670
11 11671
11 11672
11 11673
11 11674
11 11675
11 11676
11 11677
11 11678
11 11679
11 11680
11 11681
11 11682
11 11683
11 11684
11 11685
11 11686
11 11687
11 11688
11 11689
11 11690
11 11691
11 11692
11 11693
11 11694
11 11695
11 11696
11 11698
11 11699
11 11700
11 11702
11 11703
11 11704
11 11705
11 11706
11 11707
11 11708
11 11709
11 11710
11 11711
11 11820
11 11821
11 11822
11 11823
11 11824
11 11825
11 11833
11 11843
11 11844
11 11845
11 11846
11 11847
11 11848
11 11849
11 11850
11 11851
11 11852
11 11853
11 11854
11 11855
11 11856
11 11857
11 11858
11 11859
11 11860
11 11861
11 11862
11 11863
11 11864
11 11865
11 11866
11 11867
11 11868
11 11869
11 11870
11 11871
11 11872
11 11873
11 11874
11 11875
11 11876
11 11877
11 11878
11 11879
11 11880
11 11881
11 11882
11 11883
11 11884
11 11885
11 11886
11 11887
11 11888
11 11889
11 11890
11 11891
11 11892
11 11893
11 11894
11 11895
11 11896
11 11897
11 11898
11 11899
11 11900
11 11901
11 11902
11 11903
11 11904
11 11905
11 11906
11 11907
11 11908
11 11909
11 11910
11 11911
11 11912
11 11913
11 11914
11 11915
11 11916
11 11917
11 11918
11 11919
11 11920
11 11921
11 11922
11 11923
11 11924
11 11925
11 11926
11 11927
11 11928
11 11929
11 11930
11 11931
11 11932
11 11933
11 11934
11 11935
11 11936
11 11937
11 11938
11 11939
11 11940
11 11941
11 11942
11 11943
11 11944
11 11945
11 11946
11 11947
11 11948
11 11949
11 11950
11 11951
11 11952
11 11953
11 11954
11 11955
11 11956
11 11957
11 11958
11 11959
11 11960
11 11961
11 11962
11 11963
11 11964
11 11965
11 11966
11 11967
11 11968
11 11969
11 11970
11 11971
11 11972
11 11973
11 11974
11 11975
11 11976
11 11977
11 11978
11 11979
11 11980
11 11981
11 11982
11 11983
11 11984
11 11985
11 11986
11 11987
11 11988
11 11989
11 11990
11 11991
11 11992
11 11993
11 11994
11 11995
11 11996
11 11997
11 11998
11 11999
11 12000
11 12001
11 12002
11 12003
11 12004
11 12005
11 12006
11 12007
11 12008
11 12009
11 12010
11 12011
11 12012
11 12013
11 12014
11 12015
11 12016
11 12017
11 12018
11 12019
11 12020
11 12021
11 12022
11 12023
11 12024
11 12025
11 12026
11 12027
11 12028
11 12029
11 12030
11 12031
11 12032
11 12033
11 12034
11 12035
11 12036
11 12037
11 12038
11 12039
11 12040
11 12041
11 12042
11 12043
11 12044
11 12045
11 12046
11 12047
11 12048
11 12049
11 12050
11 12051
11 12052
11 12053
11 12054
11 12055
11 12056
11 12057
11 12058
11 12059
11 12060
11 12061
11 12062
11 12063
11 12064
11 12065
11 12066
11 12067
11 12068
11 12069
11 12070
11 12071
11 12072
11 12073
11 12074
11 12075
11 12076
11 12077
11 12078
11 12079
11 12080
11 12081
11 12082
11 12083
11 12084
11 12085
11 12086
11 12087
11 12088
11 12089
11 12090
11 12091
11 12092
11 12093
11 12094
11 12095
11 12096
11 12097
11 12098
11 12099
11 12100
11 12101
11 12102
11 12103
11 12104
11 12105
11 12106
11 12107
11 12108
11 12109
11 12110
11 12111
11 12112
11 12113
11 12114
11 12115
11 12116
11 12117
11 12118
11 12119
11 12120
11 12121
11 12122
11 12123
11 12124
11 12125
11 12126
11 12127
11 12128
11 12129
11 12130
11 12131
11 12132
11 12133
11 12134
11 12135
11 12136
11 12137
11 12138
11 12139
11 12140
11 12141
11 12142
11 12143
11 12144
11 12145
11 12146
11 12147
11 12148
11 12149
11 12150
11 12151
11 12152
11 12153
11 12154
11 12155
11 12156
11 12157
11 12158
11 12159
11 12160
11 12161
11 12162
11 12163
11 12164
11 12165
11 12166
11 12167
11 12168
11 12169
11 12170
11 12171
11 12172
11 12173
11 12174
11 12175
11 12176
11 12177
11 12178
11 12179
11 12180
11 12181
11 12182
11 12183
11 12184
11 12185
11 12186
11 12187
11 12188
11 12189
11 12190
11 12191
11 12192
11 12193
11 12194
11 12195
11 12196
11 12197
11 12198
11 12199
11 12200
11 12201
11 12202
11 12203
11 12204
11 12205
11 12206
11 12207
11 12208
11 12209
11 12210
11 12211
11 12212
11 12213
11 12214
11 12215
11 12216
11 12217
11 12218
11 12219
11 12220
11 12221
11 12222
11 12223
11 12224
11 12225
11 12226
11 12227
11 12228
11 12229
11 12230
11 12231
11 12232
11 12233
11 12234
11 12235
11 12236
11 12237
11 12238
11 12239
11 12240
11 12241
11 12242
11 12243
11 12244
11 12245
11 12246
11 12247
11 12248
11 12249
11 12250
11 12251
11 12252
11 12253
11 12254
11 12255
11 12256
11 12257
11 12258
11 12259
11 12260
11 12261
11 12262
11 12263
11 12264
11 12265
11 12266
11 12267
11 12268
11 12269
11 12270
11 12271
11 12272
11 12273
11 12274
11 12275
11 12276
11 12277
11 12278
11 12279
11 12280
11 12281
11 12282
11 12283
11 12284
11 12285
11 12286
11 12287
11 12288
11 12289
11 12290
11 12291
11 12292
11 12293
11 12294
11 12295
11 12296
11 12297
11 12298
11 12299
11 12300
11 12301
11 12302
11 12303
11 12304
11 12305
11 12306
11 12307
11 12308
11 12309
11 12310
11 12311
11 12312
11 12313
11 12314
11 12315
11 12316
11 12317
11 12318
11 12319
11 12320
11 12321
11 12322
11 12323
11 12324
11 12325
11 12326
11 12327
11 12328
11 12329
11 12330
11 12331
11 12332
11 12333
11 12334
11 12335
11 12336
11 12337
11 12338
11 12339
11 12340
11 12341
11 12342
11 12343
11 12344
11 12345
11 12346
11 12347
11 12348
11 12349
11 12350
11 12351
11 12352
11 12353
11 12354
11 12355
11 12356
11 12357
11 12358
11 12359
11 12360
11 12361
11 12362
11 12363
11 12364
11 12365
11 12366
11 12367
11 12368
11 12369
11 12370
11 12371
11 12372
11 12373
11 12374
11 12375
11 12376
11 12377
11 12378
11 12379
11 12380
11 12381
11 12382
11 12383
11 12384
11 12385
11 12386
11 12387
11 12388
11 12389
11 12390
11 12391
11 12392
11 12393
11 12394
11 12395
11 12396
11 12397
11 12398
11 12399
11 12400
11 12401
11 12402
11 12403
11 12404
11 12405
11 12406
11 12407
11 12408
11 12409
11 12410
11 12411
11 12412
11 12413
11 12414
11 12415
11 12416
11 12417
11 12418
11 12419
11 12420
11 12421
11 12422
11 12423
11 12424
11 12425
11 12426
11 12427
11 12428
11 12429
11 12430
11 12431
11 12432
11 12433
11 12434
11 12435
11 12436
11 12437
11 12438
11 12439
11 12440
11 12441
11 12442
11 12443
11 12444
11 12445
11 12446
11 12447
11 12448
11 12449
11 12450
11 12451
11 12452
11 12453
11 12454
11 12455
11 12456
11 12457
11 12458
11 12459
11 12460
11 12461
11 12462
11 12463
11 12464
11 12465
11 12466
11 12467
11 12468
11 12469
11 12470
11 12471
11 12472
11 12473
11 12474
11 12475
11 12476
11 12477
11 12478
11 12479
11 12480
11 12481
11 12482
11 12483
11 12484
11 12485
11 12486
11 12487
11 12488
11 12489
11 12490
11 12491
11 12492
11 12493
11 12494
11 12495
11 12496
11 12497
11 12498
11 12499
11 12500
11 12501
11 12502
11 12503
11 12504
11 12505
11 12506
11 12507
11 12508
11 12509
11 12510
11 12511
11 12512
11 12513
11 12514
11 12515
11 12516
11 12517
11 12518
11 12519
11 12520
11 12521
11 12522
11 12523
11 12524
11 12525
11 12526
11 12527
11 12528
11 12529
11 12530
11 12531
11 12532
11 12533
11 12534
11 12535
11 12536
11 12537
11 12538
11 12539
11 12540
11 12541
11 12542
11 12543
11 12544
11 12545
11 12546
11 12547
11 12548
11 12549
11 12550
11 12551
11 12552
11 12553
11 12554
11 12555
11 12556
11 12557
11 12558
11 12559
11 12560
11 12561
11 12562
11 12563
11 12564
11 12565
11 12566
11 12567
11 12568
11 12569
11 12570
11 12571
11 12572
11 12573
11 12574
11 12575
11 12576
11 12577
11 12578
11 12579
11 12580
11 12581
11 12582
11 12583
11 12584
11 12585
11 12586
11 12587
11 12588
11 12589
11 12590
11 12591
11 12592
11 12593
11 12594
11 12595
11 12596
11 12597
11 12598
11 12599
11 12600
11 12601
11 12602
11 12603
11 12604
11 12605
11 12606
11 12607
11 12608
11 12609
11 12610
11 12611
11 12612
11 12613
11 12614
11 12615
11 12616
11 12617
11 12618
11 12619
11 12620
11 12621
11 12622
11 12623
11 12624
11 12625
11 12626
11 12627
11 12628
11 12629
11 12630
11 12631
11 12632
11 12633
11 12634
11 12635
11 12636
11 12637
11 12638
11 12639
11 12640
11 12641
11 12642
11 12643
11 12644
11 12645
11 12646
11 12647
11 12648
11 12649
11 12650
11 12651
11 12652
11 12653
11 12654
11 12655
11 12656
11 12657
11 12658
11 12659
11 12660
11 12661
11 12662
11 12663
11 12664
11 12665
11 12666
11 12667
11 12668
11 12669
11 12670
11 12671
11 12672
11 12673
11 12674
11 12675
11 12676
11 12677
11 12678
11 12679
11 12680
11 12681
11 12682
11 12683
11 12684
11 12685
11 12686
11 12687
11 12688
11 12689
11 12690
11 12691
11 12692
11 12693
11 12694
11 12695
11 12696
11 12697
11 12698
11 12699
11 12700
11 12701
11 12702
11 12703
11 12704
11 12705
11 12706
11 12707
11 12708
11 12709
11 12710
11 12711
11 12712
11 12713
11 12714
11 12715
11 12716
11 12717
11 12718
11 12719
11 12720
11 12721
11 12722
11 12723
11 12724
11 12725
11 12726
11 12727
11 12728
11 12729
11 12730
11 12731
11 12732
11 12733
11 12734
11 12735
11 12736
11 12737
11 12738
11 12739
11 12740
11 12741
11 12742
11 12743
11 12744
11 12745
11 12746
11 12747
11 12748
11 12749
11 12750
11 12751
11 12752
11 12753
11 12754
11 12755
11 12756
11 12757
11 12758
11 12759
11 12760
11 12761
11 12762
11 12763
11 12764
11 12765
11 12766
11 12767
11 12768
11 12769
11 12770
11 12771
11 12772
11 12773
11 12774
11 12775
11 12776
11 12777
11 12778
11 12779
11 12780
11 12781
11 12782
11 12783
11 12784
11 12785
11 12786
11 12787
11 12788
11 12789
11 12790
11 12791
11 12792
11 12793
11 12794
11 12795
11 12796
11 12797
11 12798
11 12799
11 12800
11 12801
11 12802
11 12803
11 12804
11 12805
11 12806
11 12807
11 12808
11 12809
11 12810
11 12811
11 12812
11 12813
11 12814
11 12815
11 12816
11 12817
11 12818
11 12819
11 12820
11 12821
11 12822
11 12823
11 12824
11 12825
11 12826
11 12827
11 12828
11 12829
11 12830
11 12831
11 12832
11 12833
11 12834
11 12835
11 12836
11 12837
11 12838
11 12839
11 12840
11 12841
11 12842
11 12843
11 12844
11 12845
11 12846
11 12847
11 12848
11 12849
11 12850
11 12851
11 12852
11 12853
11 12854
11 12855
11 12856
11 12857
11 12858
11 12859
11 12860
11 12861
11 12862
11 12863
11 12864
11 12865
11 12866
11 12867
11 12868
11 12869
11 12870
11 12871
11 12872
11 12873
11 12874
11 12875
11 12876
11 12877
11 12878
11 12879
11 12880
11 12881
11 12882
11 12883
11 12884
11 12885
11 12886
11 12887
11 12888
11 12889
11 12890
11 12891
11 12892
11 12893
11 12894
11 12895
11 12896
11 12897
11 12898
11 12899
11 12900
11 12901
11 12902
11 12903
11 12904
11 12905
11 12906
11 12907
11 12908
11 12909
11 12910
11 12911
11 12912
11 12913
11 12914
11 12915
11 12916
11 12917
11 12918
11 12919
11 12920
11 12921
11 12922
11 12923
11 12924
11 12925
11 12926
11 12927
11 12928
11 12929
11 12930
11 12931
11 12932
11 12933
11 12934
11 12935
11 12936
11 12937
11 12938
11 12939
11 12940
11 12941
11 12942
11 12943
11 12944
11 12945
11 12946
11 12947
11 12948
11 12949
11 12950
11 12951
11 12952
11 12953
11 12954
11 12955
11 12956
11 12957
11 12958
11 12959
11 12960
11 12961
11 12962
11 12963
11 12964
11 12965
11 12966
11 12967
11 12968
11 12969
11 12970
11 12971
11 12972
11 12973
11 12974
11 12975
11 12976
11 12977
11 12978
11 12979
11 12980
11 12981
11 12982
11 12983
11 12984
11 12985
11 12986
11 12987
11 12988
11 12989
11 12990
11 12991
11 12992
11 12993
11 12994
11 12995
11 12996
11 12997
11 12998
11 12999
11 13000
11 13001
11 13002
11 13003
11 13004
11 13005
11 13006
11 13007
11 13008
11 13009
11 13010
11 13011
11 13012
11 13013
11 13014
11 13015
11 13016
11 13017
11 13018
11 13019
11 13020
11 13021
11 13022
11 13023
11 13024
11 13025
11 13026
11 13027
11 13028
11 13029
11 13030
11 13031
11 13032
11 13033
11 13034
11 13035
11 13036
11 13037
11 13038
11 13039
11 13040
11 13041
11 13042
11 13043
11 13044
11 13045
11 13046
11 13047
11 13048
11 13049
11 13050
11 13051
11 13052
11 13053
11 13054
11 13055
11 13056
11 13057
11 13058
11 13059
11 13060
11 13061
11 13062
11 13063
11 13064
11 13065
11 13066
11 13067
11 13068
11 13069
11 13070
11 13071
11 13072
11 13073
11 13074
11 13075
11 13076
11 13077
11 13078
11 13079
11 13080
11 13081
11 13082
11 13083
11 13084
11 13085
11 13086
11 13087
11 13088
11 13089
11 13090
11 13091
11 13092
11 13093
11 13094
11 13095
11 13096
11 13097
11 13098
11 13099
11 13100
11 13101
11 13102
11 13103
11 13104
11 13105
11 13106
11 13107
11 13108
11 13109
11 13110
11 13111
11 13112
11 13113
11 13114
11 13115
11 13116
11 13117
11 13118
11 13119
11 13120
11 13121
11 13122
11 13123
11 13124
11 13125
11 13126
11 13127
11 13128
11 13129
11 13130
11 13131
11 13132
11 13133
11 13134
11 13135
11 13136
11 13137
11 13138
11 13139
11 13140
11 13141
11 13142
11 13143
11 13144
11 13145
11 13146
11 13147
11 13148
11 13149
11 13150
11 13151
11 13152
11 13153
11 13154
11 13155
11 13156
11 13157
11 13158
11 13159
11 13160
11 13161
11 13162
11 13163
11 13164
11 13165
11 13166
11 13167
11 13168
11 13169
11 13170
11 13171
11 13172
11 13173
11 13174
11 13175
11 13176
11 13177
11 13178
11 13179
11 13180
11 13181
11 13182
11 13183
11 13184
11 13185
11 13186
11 13187
11 13188
11 13189
11 13190
11 13191
11 13192
11 13193
11 13194
11 13195
11 13196
11 13197
11 13198
11 13199
11 13200
11 13201
11 13202
11 13203
11 13204
11 13205
11 13206
11 13207
11 13208
11 13209
11 13210
11 13211
11 13212
11 13213
11 13214
11 13215
11 13216
11 13217
11 13218
11 13219
11 13220
11 13221
11 13222
11 13223
11 13224
11 13225
11 13226
11 13227
11 13228
11 13229
11 13230
11 13231
11 13232
11 13233
11 13234
11 13235
11 13236
11 13237
11 13238
11 13239
11 13240
11 13241
11 13242
11 13243
11 13244
11 13245
11 13246
11 13247
11 13248
11 13249
11 13250
11 13251
11 13252
11 13253
11 13254
11 13255
11 13256
11 13257
11 13258
11 13259
11 13260
11 13261
11 13262
11 13263
11 13264
11 13265
11 13266
11 13267
11 13268
11 13269
11 13270
11 13271
11 13272
11 13273
11 13274
11 13275
11 13276
11 13277
11 13278
11 13279
11 13280
11 13281
11 13282
11 13283
11 13284
11 13285
11 13286
11 13287
11 13288
11 13289
11 13290
11 13291
11 13292
11 13293
11 13294
11 13295
11 13296
11 13297
11 13298
11 13299
11 13300
11 13301
11 13302
11 13303
11 13304
11 13305
11 13306
11 13307
11 13308
11 13309
11 13310
11 13311
11 13312
11 13313
11 13314
11 13315
11 13316
11 13317
11 13318
11 13319
11 13320
11 13321
11 13322
11 13323
11 13324
11 13325
11 13326
11 13327
11 13328
11 13329
11 13330
11 13331
11 13332
11 13333
11 13334
11 13335
11 13336
11 13337
11 13338
11 13339
11 13340
11 13341
11 13342
11 13343
11 13344
11 13345
11 13346
11 13347
11 13348
11 13349
11 13350
11 13351
11 13352
11 13353
11 13354
11 13355
11 13356
11 13357
11 13358
11 13359
11 13360
11 13361
11 13362
11 13363
11 13364
11 13365
11 13366
11 13367
11 13368
11 13369
11 13370
11 13371
11 13372
11 13373
11 13374
11 13375
11 13376
11 13377
11 13378
11 13379
11 13380
11 13381
11 13382
11 13383
11 13384
11 13385
11 13386
11 13387
11 13388
11 13389
11 13390
11 13391
11 13392
11 13393
11 13394
11 13395
11 13396
11 13397
11 13398
11 13399
11 13400
11 13401
11 13402
11 13403
11 13404
11 13405
11 13406
11 13407
11 13408
11 13409
11 13410
11 13411
11 13412
11 13413
11 13414
11 13415
11 13416
11 13417
11 13418
11 13419
11 13420
11 13421
11 13422
11 13423
11 13424
11 13425
11 13426
11 13427
11 13428
11 13429
11 13430
11 13431
11 13432
11 13433
11 13434
11 13435
11 13436
11 13437
11 13438
11 13439
11 13440
11 13441
11 13442
11 13443
11 13444
11 13445
11 13446
11 13447
11 13448
11 13449
11 13450
11 13451
11 13452
11 13453
11 13454
11 13455
11 13456
11 13457
11 13458
11 13459
11 13460
11 13461
11 13462
11 13463
11 13464
11 13465
11 13466
11 13467
11 13468
11 13469
11 13470
11 13471
11 13472
11 13473
11 13474
11 13475
11 13476
11 13477
11 13478
11 13479
11 13480
11 13481
11 13482
11 13483
11 13484
11 13485
11 13486
11 13487
11 13488
11 13489
11 13490
11 13491
11 13492
11 13493
11 13494
11 13495
11 13496
11 13497
11 13498
11 13499
11 13500
11 13501
11 13502
11 13503
11 13504
11 13505
11 13506
11 13507
11 13508
11 13509
11 13510
11 13511
11 13512
11 13513
11 13514
11 13515
11 13516
11 13517
11 13518
11 13519
11 13520
11 13521
11 13522
11 13523
11 13524
11 13525
11 13526
11 13527
11 13528
11 13529
11 13530
11 13531
11 13532
11 13533
11 13534
11 13535
11 13536
11 13537
11 13538
11 13539
11 13540
11 13541
11 13542
11 13543
11 13544
11 13545
11 13546
11 13547
11 13548
11 13549
11 13550
11 13551
11 13552
11 13553
11 13554
11 13555
11 13556
11 13557
11 13558
11 13559
11 13560
11 13561
11 13562
11 13563
11 13564
11 13565
11 13566
11 13567
11 13568
11 13569
11 13570
11 13571
11 13572
11 13573
11 13574
11 13575
11 13576
11 13577
11 13578
11 13579
11 13580
11 13581
11 13582
11 13583
11 13584
11 13585
11 13586
11 13587
11 13588
11 13589
11 13590
11 13591
11 13592
11 13593
11 13594
11 13595
11 13596
11 13597
11 13598
11 13599
11 13600
11 13601
11 13602
11 13603
11 13604
11 13605
11 13606
11 13607
11 13608
11 13609
11 13610
11 13611
11 13612
11 13613
11 13614
11 13615
11 13616
11 13617
11 13618
11 13619
11 13620
11 13621
11 13622
11 13623
11 13624
11 13625
11 13626
11 13627
11 13628
11 13629
11 13630
11 13631
11 13632
11 13633
11 13634
11 13635
11 13636
11 13637
11 13638
11 13639
11 13640
11 13641
11 13642
11 13643
11 13644
11 13645
11 13646
11 13647
11 13648
11 13649
11 13650
11 13651
11 13652
11 13653
11 13654
11 13655
11 13656
11 13657
11 13658
11 13659
11 13660
11 13661
11 13662
11 13663
11 13664
11 13665
11 13666
11 13667
11 13668
11 13669
11 13670
11 13671
11 13672
11 13673
11 13674
11 13675
11 13676
11 13677
11 13678
11 13679
11 13680
11 13681
11 13682
11 13683
11 13684
11 13685
11 13686
11 13687
11 13688
11 13689
11 13690
11 13691
11 13692
11 13693
11 13694
11 13695
11 13696
11 13697
11 13698
11 13699
11 13700
11 13701
11 13702
11 13703
11 13704
11 13705
11 13706
11 13707
11 13708
11 13709
11 13710
11 13711
11 13712
11 13713
11 13714
11 13715
11 13716
11 13717
11 13718
11 13719
11 13720
11 13721
11 13722
11 13723
11 13724
11 13725
11 13726
11 13727
11 13728
11 13729
11 13730
11 13731
11 13732
11 13733
11 13734
11 13735
11 13736
11 13737
11 13738
11 13739
11 13740
11 13741
11 13742
11 13743
11 13744
11 13745
11 13746
11 13747
11 13748
11 13749
11 13750
11 13751
11 13752
11 13753
11 13754
11 13755
11 13756
11 13757
11 13758
11 13759
11 13760
11 13761
11 13762
11 13763
11 13764
11 13765
11 13766
11 13767
11 13768
11 13769
11 13770
11 13771
11 13772
11 13773
11 13774
11 13775
11 13776
11 13777
11 13778
11 13779
11 13780
11 13781
11 13782
11 13783
11 13784
11 13785
11 13786
11 13787
11 13788
11 13789
11 13790
11 13791
11 13792
11 13793
11 13794
11 13795
11 13796
11 13797
11 13798
11 13799
11 13800
11 13801
11 13802
11 13803
11 13804
11 13805
11 13806
11 13807
11 13808
11 13809
11 13810
11 13811
11 13812
11 13813
11 13814
11 13815
11 13816
11 13817
11 13818
11 13819
11 13820
11 13821
11 13822
11 13823
11 13824
11 13825
11 13826
11 13827
11 13828
11 13829
11 13830
11 13831
11 13832
11 13833
11 13834
11 13835
11 13836
11 13837
11 13838
11 13839
11 13840
11 13841
11 13842
11 13843
11 13844
11 13845
11 13846
11 13847
11 13848
11 13849
11 13850
11 13851
11 13852
11 13853
11 13854
11 13855
11 13856
11 13857
11 13858
11 13859
11 13860
11 13861
11 13862
11 13863
11 13864
11 13865
11 13866
11 13867
11 13868
11 13869
11 13870
11 13871
11 13872
11 13873
11 13874
11 13875
11 13876
11 13877
11 13878
11 13879
11 13880
11 13881
11 13882
11 13883
11 13884
11 13885
11 13886
11 13887
11 13888
11 13889
11 13890
11 13891
11 13892
11 13893
11 13894
11 13895
11 13896
11 13897
11 13898
11 13899
11 13900
11 13901
11 13902
11 13903
11 13904
11 13905
11 13906
11 13907
11 13908
11 13909
11 13910
11 13911
11 13912
11 13913
11 13914
11 13915
11 13916
11 13917
11 13918
11 13919
11 13920
11 13921
11 13922
11 13923
11 13924
11 13925
11 13926
11 13927
11 13928
11 13929
11 13930
11 13931
11 13932
11 13933
11 13934
11 13935
11 13936
11 13937
11 13938
11 13939
11 13940
11 13941
11 13942
11 13943
11 13944
11 13945
11 13946
11 13947
11 13948
11 13949
11 13950
11 13951
11 13952
11 13953
11 13954
11 13955
11 13956
11 13957
11 13958
11 13959
11 13960
11 13961
11 13962
11 13963
11 13964
11 13965
11 13966
11 13967
11 13968
11 13969
11 13970
11 13971
11 13972
11 13973
11 13974
11 13975
11 13976
11 13977
11 13978
11 13979
11 13980
11 13981
11 13982
11 13983
11 13984
11 13985
11 13986
11 13987
11 13988
11 13989
11 13990
11 13991
11 13992
11 13993
11 13994
11 13995
11 13996
11 13997
11 13998
11 13999
11 14000
11 14001
11 14002
11 14003
11 14004
11 14005
11 14006
11 14007
11 14008
11 14009
11 14010
11 14011
11 14012
11 14013
11 14014
11 14015
11 14016
11 14017
11 14018
11 14019
11 14020
11 14021
11 14022
11 14023
11 14024
11 14025
11 14026
11 14027
11 14028
11 14029
11 14030
11 14031
11 14032
11 14033
11 14034
11 14035
11 14036
11 14037
11 14038
11 14039
11 14040
11 14041
11 14042
11 14043
11 14044
11 14045
11 14046
11 14047
11 14048
11 14049
11 14050
11 14051
11 14052
11 14053
11 14054
11 14055
11 14056
11 14057
11 14058
11 14059
11 14060
11 14061
11 14062
11 14063
11 14064
11 14065
11 14066
11 14067
11 14068
11 14069
11 14070
11 14071
11 14072
11 14073
11 14074
11 14075
11 14076
11 14077
11 14078
11 14079
11 14080
11 14081
11 14082
11 14083
11 14084
11 14085
11 14086
11 14087
11 14088
11 14089
11 14090
11 14091
11 14092
11 14093
11 14094
11 14095
11 14096
11 14097
11 14098
11 14099
11 14100
11 14101
11 14102
11 14103
11 14104
11 14105
11 14106
11 14107
11 14108
11 14109
11 14110
11 14111
11 14112
11 14113
11 14114
11 14115
11 14116
11 14117
11 14118
11 14119
11 14120
11 14121
11 14122
11 14123
11 14124
11 14125
11 14126
11 14127
11 14128
11 14129
11 14130
11 14131
11 14132
11 14133
11 14134
11 14135
11 14136
11 14137
11 14138
11 14139
11 14140
11 14141
11 14142
11 14143
11 14144
11 14145
11 14146
11 14147
11 14148
11 14149
11 14150
11 14151
11 14152
11 14153
11 14154
11 14155
11 14156
11 14157
11 14158
11 14159
11 14160
11 14161
11 14162
11 14163
11 14164
11 14165
11 14166
11 14167
11 14168
11 14169
11 14170
11 14171
11 14172
11 14173
11 14174
11 14175
11 14176
11 14177
11 14178
11 14179
11 14180
11 14181
11 14182
11 14183
11 14184
11 14185
11 14186
11 14187
11 14188
11 14189
11 14190
11 14191
11 14192
11 14193
11 14194
11 14195
11 14196
11 14197
11 14198
11 14199
11 14200
11 14201
11 14202
11 14203
11 14204
11 14205
11 14206
11 14207
11 14208
11 14209
11 14210
11 14211
11 14212
11 14213
11 14214
11 14215
11 14216
11 14217
11 14218
11 14219
11 14220
11 14221
11 14222
11 14223
11 14224
11 14225
11 14226
11 14227
11 14228
11 14229
11 14230
11 14231
11 14232
11 14233
11 14234
11 14235
11 14236
11 14237
11 14238
11 14239
11 14240
11 14241
11 14242
11 14243
11 14244
11 14245
11 14246
11 14247
11 14248
11 14249
11 14250
11 14251
11 14252
11 14253
11 14254
11 14255
11 14256
11 14257
11 14258
11 14259
11 14260
11 14261
11 14262
11 14263
11 14264
11 14265
11 14266
11 14267
11 14268
11 14269
11 14270
11 14271
11 14272
11 14273
11 14274
11 14275
11 14276
11 14277
11 14278
11 14279
11 14280
11 14281
11 14282
11 14283
11 14284
11 14285
11 14286
11 14287
11 14288
11 14289
11 14290
11 14291
11 14292
11 14293
11 14294
11 14295
11 14296
11 14297
11 14298
11 14299
11 14300
11 14301
11 14302
11 14303
11 14304
11 14305
11 14306
11 14307
11 14308
11 14309
11 14310
11 14311
11 14312
11 14313
11 14314
11 14315
11 14316
11 14317
11 14318
11 14319
11 14320
11 14321
11 14322
11 14323
11 14324
11 14325
11 14326
11 14327
11 14328
11 14329
11 14330
11 14331
11 14332
11 14333
11 14334
11 14335
11 14336
11 14337
11 14338
11 14339
11 14340
11 14341
11 14342
11 14343
11 14344
11 14345
11 14346
11 14347
11 14348
11 14349
11 14350
11 14351
11 14352
11 14353
11 14354
11 14355
11 14356
11 14357
11 14358
11 14359
11 14360
11 14361
11 14362
11 14363
11 14364
11 14365
11 14366
11 14367
11 14368
11 14369
11 14370
11 14371
11 14372
11 14373
11 14374
11 14375
11 14376
11 14377
11 14378
11 14379
11 14380
11 14381
11 14382
11 14383
11 14384
11 14385
11 14386
11 14387
11 14388
11 14389
11 14390
11 14391
11 14392
11 14393
11 14394
11 14395
11 14396
11 14397
11 14398
11 14399
11 14400
11 14401
11 14402
11 14403
11 14404
11 14405
11 14406
11 14407
11 14408
11 14409
11 14410
11 14411
11 14412
11 14413
11 14414
11 14415
11 14416
11 14417
11 14418
11 14419
11 14420
11 14421
11 14422
11 14423
11 14424
11 14425
11 14426
11 14427
11 14428
11 14429
11 14430
11 14431
11 14432
11 14433
11 14434
11 14435
11 14436
11 14437
11 14438
11 14439
11 14440
11 14441
11 14442
11 14443
11 14444
11 14445
11 14446
11 14447
11 14448
11 14449
11 14450
11 14451
11 14452
11 14453
11 14454
11 14455
11 14456
11 14457
11 14458
11 14459
11 14460
11 14461
11 14462
11 14463
11 14464
11 14465
11 14466
11 14467
11 14468
11 14469
11 14470
11 14471
11 14472
11 14473
11 14474
11 14475
11 14476
11 14477
11 14478
11 14479
11 14480
11 14481
11 14482
11 14483
11 14484
11 14485
11 14486
11 14487
11 14488
11 14489
11 14490
11 14491
11 14492
11 14493
11 14494
11 14495
11 14496
11 14497
11 14498
11 14499
11 14500
11 14501
11 14502
11 14503
11 14504
11 14505
11 14506
11 14507
11 14508
11 14509
11 14510
11 14511
11 14512
11 14513
11 14514
11 14515
11 14516
11 14517
11 14518
11 14519
11 14520
11 14521
11 14522
11 14523
11 14524
11 14525
11 14526
11 14527
11 14528
11 14529
11 14530
11 14531
11 14532
11 14533
11 14534
11 14535
11 14536
11 14537
11 14538
11 14539
11 14540
11 14541
11 14542
11 14543
11 14544
11 14545
11 14546
11 14547
11 14548
11 14549
11 14550
11 14551
11 14552
11 14553
11 14554
11 14555
11 14556
11 14557
11 14558
11 14559
11 14560
11 14561
11 14562
11 14563
11 14564
11 14565
11 14566
11 14567
11 14568
11 14569
11 14570
11 14571
11 14572
11 14573
11 14574
11 14575
11 14576
11 14577
11 14578
11 14579
11 14580
11 14581
11 14582
11 14583
11 14584
11 14585
11 14586
11 14587
11 14588
11 14589
11 14590
11 14591
11 14592
11 14593
11 14594
11 14595
11 14596
11 14597
11 14598
11 14599
11 14600
11 14601
11 14602
11 14603
11 14604
11 14605
11 14606
11 14607
11 14608
11 14609
11 14610
11 14611
11 14612
11 14613
11 14614
11 14615
11 14616
11 14617
11 14618
11 14619
11 14620
11 14621
11 14622
11 14623
11 14624
11 14625
11 14626
11 14627
11 14628
11 14629
11 14630
11 14631
11 14632
11 14633
11 14634
11 14635
11 14636
11 14637
11 14638
11 14639
11 14640
11 14641
11 14642
11 14643
11 14644
11 14645
11 14646
11 14647
11 14648
11 14649
11 14650
11 14651
11 14652
11 14653
11 14654
11 14655
11 14656
11 14657
11 14658
11 14659
11 14660
11 14661
11 14662
11 14663
11 14664
11 14665
11 14666
11 14667
11 14668
11 14669
11 14670
11 14671
11 14672
11 14673
11 14674
11 14675
11 14676
11 14677
11 14678
11 14679
11 14680
11 14681
11 14682
11 14683
11 14684
11 14685
11 14686
11 14687
11 14688
11 14689
11 14690
11 14691
11 14692
11 14693
11 14694
11 14695
11 14696
11 14697
11 14698
11 14699
11 14700
11 14701
11 14702
11 14703
11 14704
11 14705
11 14706
11 14707
11 14708
11 14709
11 14710
11 14711
11 14712
11 14713
11 14714
11 14715
11 14716
11 14717
11 14718
11 14719
11 14720
11 14721
11 14722
11 14723
11 14724
11 14725
11 14726
11 14727
11 14728
11 14729
11 14730
11 14731
11 14732
11 14733
11 14734
11 14735
11 14736
11 14737
11 14738
11 14739
11 14740
11 14741
11 14742
11 14743
11 14744
11 14745
11 14746
11 14747
11 14748
11 14749
11 14750
11 14751
11 14752
11 14753
11 14754
11 14755
11 14756
11 14757
11 14758
11 14759
11 14760
11 14761
11 14762
11 14763
11 14764
11 14765
11 14766
11 14767
11 14768
11 14769
11 14770
11 14771
11 14772
11 14773
11 14774
11 14775
11 14776
11 14777
11 14778
11 14779
11 14780
11 14781
11 14782
11 14783
11 14784
11 14785
11 14786
11 14787
11 14788
11 14789
11 14790
11 14791
11 14792
11 14793
11 14794
11 14795
11 14796
11 14797
11 14798
11 14799
11 14800
11 14801
11 14802
11 14803
11 14804
11 14805
11 14806
11 14807
11 14808
11 14809
11 14810
11 14811
11 14812
11 14813
11 14814
11 14815
11 14816
11 14817
11 14818
11 14819
11 14820
11 14821
11 14822
11 14823
11 14824
11 14825
11 14826
11 14827
11 14828
11 14829
11 14830
11 14831
11 14832
11 14833
11 14834
11 14835
11 14836
11 14837
11 14838
11 14839
11 14840
11 14841
11 14842
11 14843
11 14844
11 14845
11 14846
11 14847
11 14848
11 14849
11 14850
11 14851
11 14852
11 14853
11 14854
11 14855
11 14856
11 14857
11 14858
11 14859
11 14860
11 14861
11 14862
11 14863
11 14864
11 14865
11 14866
11 14867
11 14868
11 14869
11 14870
11 14871
11 14872
11 14873
11 14874
11 14875
11 14876
11 14877
11 14878
11 14879
11 14880
11 14881
11 14882
11 14883
11 14884
11 14885
11 14886
11 14887
11 14888
11 14889
11 14890
11 14891
11 14892
11 14893
11 14894
11 14895
11 14896
11 14897
11 14898
11 14899
11 14900
11 14901
11 14902
11 14903
11 14904
11 14905
11 14906
11 14907
11 14908
11 14909
11 14910
11 14911
11 14912
11 14913
11 14914
11 14915
11 14916
11 14917
11 14918
11 14919
11 14920
11 14921
11 14922
11 14923
11 14924
11 14925
11 14926
11 14927
11 14928
11 14929
11 14930
11 14931
11 14932
11 14933
11 14934
11 14935
11 14936
11 14937
11 14938
11 14939
11 14940
11 14941
11 14942
11 14943
11 14944
11 14945
11 14946
11 14947
11 14948
11 14949
11 14950
11 14951
11 14952
11 14953
11 14954
11 14955
11 14956
11 14957
11 14958
11 14959
11 14960
11 14961
11 14962
11 14963
11 14964
11 14965
11 14966
11 14967
11 14968
11 14969
11 14970
11 14971
11 14972
11 14973
11 14974
11 14975
11 14976
11 14977
11 14978
11 14979
11 14980
11 14981
11 14982
11 14983
11 14984
11 14985
11 14986
11 14987
11 14988
11 14989
11 14990
11 14991
11 14992
11 14993
11 14994
11 14995
11 14996
11 14997
11 14998
11 14999
11 15000
11 15001
11 15002
11 15003
11 15004
11 15005
11 15006
11 15007
11 15008
11 15009
11 15010
11 15011
11 15012
11 15013
11 15014
11 15015
11 15016
11 15017
11 15018
11 15019
11 15020
11 15021
11 15022
11 15023
11 15024
11 15025
11 15026
11 15027
11 15028
11 15029
11 15030
11 15031
11 15032
11 15033
11 15034
11 15035
11 15036
11 15037
11 15038
11 15039
11 15040
11 15041
11 15042
11 15043
11 15044
11 15045
11 15046
11 15047
11 15048
11 15049
11 15050
11 15051
11 15052
11 15053
11 15054
11 15055
11 15056
11 15057
11 15058
11 15059
11 15060
11 15061
11 15062
11 15063
11 15064
11 15065
11 15066
11 15067
11 15068
11 15069
11 15070
11 15071
11 15072
11 15073
11 15074
11 15075
11 15076
11 15077
11 15078
11 15079
11 15080
11 15081
11 15082
11 15083
11 15084
11 15085
11 15086
11 15087
11 15088
11 15089
11 15090
11 15091
11 15092
11 15093
11 15094
11 15095
11 15096
11 15097
11 15098
11 15099
11 15100
11 15101
11 15102
11 15103
11 15104
11 15105
11 15106
11 15107
11 15108
11 15109
11 15110
11 15111
11 15112
11 15113
11 15114
11 15115
11 15116
11 15117
11 15118
11 15119
11 15120
11 15121
11 15122
11 15123
11 15124
11 15125
11 15126
11 15127
11 15128
11 15129
11 15130
11 15131
11 15132
11 15133
11 15134
11 15135
11 15136
11 15137
11 15138
11 15139
11 15140
11 15141
11 15142
11 15143
11 15144
11 15145
11 15146
11 15147
11 15148
11 15149
11 15150
11 15151
11 15152
11 15153
11 15154
11 15155
11 15156
11 15157
11 15158
11 15159
11 15160
11 15161
11 15162
11 15163
11 15164
11 15165
11 15166
11 15167
11 15168
11 15169
11 15170
11 15171
11 15172
11 15173
11 15174
11 15175
11 15176
11 15177
11 15178
11 15179
11 15180
11 15181
11 15182
11 15183
11 15184
11 15185
11 15186
11 15187
11 15188
11 15189
11 15190
11 15191
11 15192
11 15193
11 15194
11 15195
11 15196
11 15197
11 15198
11 15199
11 15200
11 15201
11 15202
11 15203
11 15204
11 15205
11 15206
11 15207
11 15208
11 15209
11 15210
11 15211
11 15212
11 15213
11 15214
11 15215
11 15216
11 15217
11 15218
11 15219
11 15220
11 15221
11 15222
11 15223
11 15224
11 15225
11 15226
11 15227
11 15228
11 15229
11 15230
11 15231
11 15232
11 15233
11 15234
11 15235
11 15236
11 15237
11 15238
11 15239
11 15240
11 15241
11 15242
11 15243
11 15244
11 15245
11 15246
11 15247
11 15248
11 15251
11 15252
11 15253
11 15254
11 15255
11 15256
11 15257
11 15258
11 15259
11 15260
11 15261
11 15262
11 15263
11 15273
11 15274
11 15275
11 15276
11 15277
11 15278
11 15279
11 15280
11 15281
11 15282
11 15283
11 15284
11 15285
11 15286
11 15287
11 15288
11 15289
11 15290
11 15291
11 15292
11 15293
11 15294
11 15295
11 15296
11 15297
11 15298
11 15299
11 15300
11 15301
11 15302
11 15303
11 15304
11 15305
11 15306
11 15307
11 15308
11 15309
11 15310
11 15311
11 15312
11 15313
11 15314
11 15315
11 15316
11 15317
11 15318
11 15319
11 15320
11 15321
11 15322
11 15323
11 15324
11 15325
11 15326
11 15327
11 15328
11 15329
11 15330
11 15331
11 15332
11 15333
11 15334
11 15335
11 15336
11 15337
11 15338
11 15339
11 15340
11 15341
11 15342
11 15343
11 15344
11 15345
11 15346
11 15347
11 15348
11 15349
11 15350
11 15351
11 15352
11 15353
11 15354
11 15355
11 15356
11 15357
11 15358
11 15359
11 15360
11 15361
11 15362
11 15363
11 15364
11 15365
11 15366
11 15367
11 15368
11 15369
11 15370
11 15371
11 15372
11 15373
11 15374
11 15375
11 15376
11 15377
11 15378
11 15379
11 15380
11 15381
11 15382
11 15383
11 15384
11 15385
11 15386
11 15387
11 15388
11 15389
11 15390
11 15391
11 15392
11 15393
11 15394
11 15395
11 15396
11 15397
11 15398
11 15399
11 15400
11 15401
11 15402
11 15403
11 15404
11 15405
11 15406
11 15407
11 15408
11 15409
11 15410
11 15411
11 15412
11 15413
11 15414
11 15415
11 15416
11 15417
11 15418
11 15419
11 15420
11 15421
11 15422
11 15423
11 15424
11 15425
11 15426
11 15427
11 15428
11 15429
11 15430
11 15431
11 15432
11 15433
11 15434
11 15435
11 15436
11 15437
11 15438
11 15439
11 15440
11 15441
11 15442
11 15443
11 15444
11 15445
11 15446
11 15447
11 15448
11 15449
11 15450
11 15451
11 15452
11 15453
11 15454
11 15455
11 15456
11 15457
11 15458
11 15459
11 15460
11 15461
11 15462
11 15463
11 15464
11 15465
11 15466
11 15467
11 15468
11 15469
11 15470
11 15471
11 15472
11 15473
11 15474
11 15475
11 15476
11 15477
11 15478
11 15479
11 15480
11 15481
11 15482
11 15483
11 15484
11 15485
11 15486
11 15487
11 15488
11 15489
11 15490
11 15491
11 15492
11 15493
11 15494
11 15495
11 15496
11 15497
11 15498
11 15499
11 15500
11 15501
11 15502
11 15503
11 15504
11 15505
11 15506
11 15507
11 15508
11 15509
11 15510
11 15511
11 15512
11 15513
11 15514
11 15515
11 15516
11 15517
11 15518
11 15519
11 15520
11 15521
11 15522
11 15523
11 15524
11 15525
11 15526
11 15527
11 15528
11 15529
11 15530
11 15531
11 15532
11 15533
11 15534
11 15535
11 15536
11 15537
11 15538
11 15539
11 15540
11 15541
11 15542
11 15543
11 15544
11 15545
11 15546
11 15547
11 15548
11 15549
11 15550
11 15551
11 15552
11 15553
11 15554
11 15555
11 15556
11 15557
11 15558
11 15559
11 15560
11 15561
11 15562
11 15563
11 15564
11 15565
11 15566
11 15567
11 15568
11 15569
11 15570
11 15571
11 15572
11 15573
11 15574
11 15575
11 15576
11 15577
11 15578
11 15579
11 15580
11 15581
11 15582
11 15583
11 15584
11 15585
11 15586
11 15587
11 15588
11 15589
11 15590
11 15591
11 15592
11 15593
11 15594
11 15595
11 15596
11 15597
11 15598
11 15599
11 15600
11 15601
11 15602
11 15603
11 15604
11 15605
11 15606
11 15607
11 15608
11 15609
11 15610
11 15611
11 15612
11 15613
11 15614
11 15615
11 15616
11 15617
11 15618
11 15619
11 15620
11 15621
11 15622
11 15623
11 15624
11 15625
11 15626
11 15627
11 15628
11 15629
11 15630
11 15631
11 15632
11 15633
11 15634
11 15635
11 15636
11 15637
11 15638
11 15639
11 15640
11 15641
11 15642
11 15643
11 15644
11 15645
11 15646
11 15647
11 15648
11 15649
11 15650
11 15651
11 15652
11 15653
11 15654
11 15655
11 15656
11 15657
11 15658
11 15659
11 15660
11 15661
11 15662
11 15663
11 15664
11 15665
11 15666
11 15667
11 15668
11 15669
11 15670
11 15671
11 15672
11 15673
11 15674
11 15675
11 15676
11 15677
11 15678
11 15679
11 15680
11 15681
11 15682
11 15683
11 15684
11 15685
11 15686
11 15687
11 15688
11 15689
11 15690
11 15691
11 15692
11 15693
11 15694
11 15695
11 15696
11 15697
11 15698
11 15699
11 15700
11 15701
11 15702
11 15703
11 15704
11 15705
11 15706
11 15707
11 15708
11 15709
11 15710
11 15711
11 15712
11 15713
11 15714
11 15715
11 15716
11 15717
11 15718
11 15719
11 15720
11 15721
11 15722
11 15723
11 15724
11 15725
11 15726
11 15727
11 15728
11 15729
11 15730
11 15731
11 15732
11 15733
11 15734
11 15735
11 15736
11 15737
11 15738
11 15739
11 15740
11 15741
11 15742
11 15743
11 15744
11 15745
11 15746
11 15747
11 15748
11 15749
11 15750
11 15751
11 15752
11 15753
11 15754
11 15755
11 15756
11 15757
11 15758
11 15759
11 15760
11 15761
11 15762
11 15763
11 15764
11 15765
11 15766
11 15767
11 15768
11 15769
11 15770
11 15771
11 15772
11 15773
11 15774
11 15775
11 15776
11 15777
11 15778
11 15779
11 15780
11 15781
11 15782
11 15783
11 15784
11 15785
11 15786
11 15787
11 15788
11 15789
11 15790
11 15791
11 15792
11 15793
11 15794
11 15795
11 15796
11 15797
11 15798
11 15799
11 15800
11 15801
11 15802
11 15803
11 15804
11 15805
11 15806
11 15807
11 15808
11 15809
11 15810
11 15811
11 15812
11 15813
11 15814
11 15815
11 15816
11 15817
11 15821
11 15822
11 15823
11 15824
11 15825
11 15826
11 15827
11 15828
11 15829
11 15830
11 15831
11 15832
11 15833
11 15842
11 15843
11 15844
11 15845
11 15846
11 15847
11 15848
11 15849
11 15850
11 15851
11 15852
11 15853
11 15854
11 15855
11 15856
11 15857
11 15858
11 15859
11 15860
11 15861
11 15863
11 15864
11 15865
11 15866
11 15867
11 15868
11 15869
11 15870
11 15871
11 15872
11 15873
11 15874
11 15875
11 15876
11 15877
11 15878
11 15879
11 15880
11 15881
11 15882
11 15883
11 15884
11 15885
11 15886
11 15887
11 15888
11 15889
11 15890
11 15891
11 15892
11 15893
11 15894
11 15895
11 15896
11 15903
11 15904
11 15905
11 15906
11 15907
11 15908
11 15909
11 15910
11 15911
11 15912
11 15913
11 15914
11 15915
11 15916
11 15923
11 15924
11 15925
11 15926
11 15927
11 15928
11 15929
11 15930
11 15931
11 15932
11 15933
11 15934
11 15935
11 15936
11 15937
11 15938
11 15939
11 15940
11 15941
11 15943
11 15944
11 15945
11 15946
11 15947
11 15948
11 15949
11 15950
11 15951
11 15953
11 15954
11 15955
11 15956
11 15957
11 15958
11 15959
11 15960
11 15961
11 15962
11 15963
11 15964
11 15965
11 15966
11 15967
11 15968
11 15969
11 15970
11 15971
11 15972
11 15976
11 15977
11 15978
11 15979
11 15980
11 15981
11 15982
11 15983
11 15984
11 15985
11 15986
11 15987
11 15988
11 15989
11 15990
11 15991
11 15993
11 15994
11 15995
11 15996
11 15997
11 15998
11 15999
11 16000
11 16001
11 16002
11 16003
11 16004
11 16005
11 16006
11 16008
11 16009
11 16010
11 16011
11 16012
11 16013
11 16014
11 16015
11 16016
11 16017
11 16018
11 16019
11 16020
11 16021
11 16029
11 16030
11 16031
11 16032
11 16033
11 16036
11 16037
11 16038
11 16039
11 16040
11 16041
11 16042
11 16043
11 16044
11 16045
11 16046
11 16047
11 16048
11 16049
11 16052
11 16053
11 16054
11 16055
11 16056
11 16057
11 16058
11 16059
11 16060
11 16061
11 16062
11 16063
11 16064
11 16065
11 16066
11 16067
11 16068
11 16069
11 16070
11 16071
11 16072
11 16073
11 16074
11 16075
11 16076
11 16077
11 16078
11 16079
11 16080
11 16081
11 16082
11 16083
11 16084
11 16085
11 16086
11 16087
11 16088
11 16089
11 16090
11 16091
11 16092
11 16095
11 16096
11 16097
11 16098
11 16099
11 16100
11 16101
11 16102
11 16103
11 16104
11 16105
11 16106
11 16107
11 16108
11 16109
11 16113
11 16114
11 16115
11 16116
11 16117
11 16118
11 16119
11 16120
11 16121
11 16122
11 16123
11 16124
11 16125
11 16126
11 16127
11 16128
11 16129
11 16130
11 16131
11 16132
11 16133
11 16134
11 16135
11 16136
11 16137
11 16138
11 16139
11 16150
11 16151
11 16152
11 16153
11 16154
11 16155
11 16156
11 16157
11 16158
11 16159
11 16160
11 16161
11 16162
11 16163
11 16164
11 16165
11 16166
11 16167
11 16168
11 16169
11 16170
11 16175
11 16176
11 16177
11 16178
11 16179
11 16180
11 16183
11 16184
11 16185
11 16186
11 16187
11 16195
11 16196
11 16197
11 16198
11 16199
11 16200
11 16201
11 16202
11 16203
11 16204
11 16205
11 16206
11 16207
11 16208
11 16209
11 16210
11 16211
11 16212
11 16213
11 16214
11 16215
11 16216
11 16217
11 16218
11 16219
11 16220
11 16221
11 16222
11 16223
11 16224
11 16225
11 16226
11 16227
11 16228
11 16229
11 16230
11 16231
11 16232
11 16233
11 16234
11 16235
11 16236
11 16237
11 16238
11 16239
11 16240
11 16241
11 16242
11 16243
11 16244
11 16245
11 16246
11 16247
11 16248
11 16249
11 16250
11 16251
11 16252
11 16253
11 16254
11 16255
11 16256
11 16257
11 16258
11 16259
11 16260
11 16261
11 16264
11 16265
11 16266
11 16267
11 16268
11 16270
11 16271
11 16272
11 16273
11 16274
11 16275
11 16276
11 16277
11 16278
11 16279
11 16280
11 16281
11 16282
11 16283
11 16286
11 16287
11 16288
11 16289
11 16290
11 16291
11 16292
11 16293
11 16294
11 16295
11 16296
11 16297
11 16298
11 16299
11 16300
11 16301
11 16302
11 16303
11 16304
11 16305
11 16306
11 16307
11 16308
11 16309
11 16310
11 16311
11 16319
11 16320
11 16321
11 16322
11 16323
11 16324
11 16325
11 16326
11 16327
11 16328
11 16329
11 16330
11 16331
11 16332
11 16333
11 16334
11 16335
11 16336
11 16337
11 16338
11 16339
11 16340
11 16341
11 16342
11 16343
11 16344
11 16345
11 16346
11 16347
11 16348
11 16349
11 16350
11 16351
11 16352
11 16353
11 16354
11 16355
11 16356
11 16357
11 16358
11 16359
11 16360
11 16361
11 16362
11 16363
11 16364
11 16365
11 16366
11 16367
11 16368
11 16369
11 16370
11 16371
11 16372
11 16373
11 16374
11 16375
11 16381
11 16382
11 16383
11 16384
11 16385
11 16386
11 16387
11 16388
11 16389
11 16390
11 16391
11 16392
11 16393
11 16394
11 16395
11 16396
11 16397
11 16398
11 16399
11 16400
11 16401
11 16402
11 16403
11 16404
11 16405
11 16406
11 16407
11 16408
11 16409
11 16412
11 16413
11 16414
11 16415
11 16416
11 16417
11 16418
11 16419
11 16420
11 16421
11 16422
11 16423
11 16424
11 16425
11 16426
11 16427
11 16428
11 16429
11 16430
11 16431
11 16432
11 16433
11 16434
11 16435
11 16436
11 16437
11 16438
11 16439
11 16440
11 16441
11 16442
11 16443
11 16444
11 16476
11 16477
11 16478
11 16479
11 16480
11 16481
11 16482
11 16483
11 16484
11 16485
11 16486
11 16487
11 16488
11 16489
11 16493
11 16494
11 16495
11 16496
11 16497
11 16498
11 16499
11 16500
11 16501
11 16502
11 16503
11 16504
11 16505
11 16506
11 16507
11 16508
11 16509
11 16510
11 16511
11 16512
11 16513
11 16514
11 16515
11 16516
11 16517
11 16518
11 16519
11 16520
11 16521
11 16522
11 16523
11 16524
11 16525
11 16526
11 16527
11 16528
11 16529
11 16530
11 16531
11 16532
11 16533
11 16534
11 16535
11 16536
11 16552
11 16553
11 16554
11 16555
11 16556
11 16557
11 16558
11 16559
11 16560
11 16561
11 16562
11 16563
11 16564
11 16565
11 16566
11 16567
11 16568
11 16569
11 16570
11 16571
11 16572
11 16573
11 16574
11 16575
11 16576
11 16577
11 16578
11 16579
11 16580
11 16581
11 16582
11 16583
11 16584
11 16585
11 16586
11 16587
11 16588
11 16589
11 16590
11 16591
11 16592
11 16593
11 16594
11 16595
11 16596
11 16597
11 16598
11 16599
11 16600
11 16601
11 16602
11 16603
11 16604
11 16605
11 16606
11 16607
11 16608
11 16609
11 16610
11 16611
11 16612
11 16613
11 16614
11 16615
11 16616
11 16617
11 16618
11 16619
11 16620
11 16621
11 16622
11 16623
11 16624
11 16625
11 16626
11 16627
11 16628
11 16629
11 16630
11 16631
11 16632
11 16644
11 16645
11 16646
11 16647
11 16648
11 16649
11 16650
11 16651
11 16652
11 16653
11 16654
11 16655
11 16656
11 16657
11 16658
11 16659
11 16660
11 16661
11 16662
11 16663
11 16664
11 16665
11 16666
11 16667
11 16668
11 16669
11 16670
11 16671
11 16672
11 16673
11 16674
11 16675
11 16676
11 16677
11 16678
11 16679
11 16680
11 16681
11 16682
11 16683
11 16684
11 16685
11 16688
11 16689
11 16690
11 16691
11 16692
11 16693
11 16694
11 16695
11 16696
11 16697
11 16698
11 16699
11 16700
11 16701
11 16702
11 16703
11 16704
11 16710
11 16711
11 16712
11 16713
11 16714
11 16715
11 16716
11 16717
11 16718
11 16719
11 16720
11 16721
11 16722
11 16723
11 16724
11 16725
11 16726
11 16727
11 16728
11 16729
11 16730
11 16731
11 16732
11 16733
11 16734
11 16735
11 16736
11 16737
11 16738
11 16739
11 16740
11 16741
11 16752
11 16753
11 16754
11 16755
11 16756
11 16757
11 16758
11 16759
11 16760
11 16761
11 16762
11 16763
11 16764
11 16765
11 16766
11 16767
11 16768
11 16769
11 16770
11 16771
11 16772
11 16773
11 16774
11 16775
11 16776
11 16777
11 16778
11 16779
11 16780
11 16781
11 16782
11 16783
11 16784
11 16785
11 16786
11 16787
11 16788
11 16789
11 16790
11 16791
11 16800
11 16801
11 16802
11 16803
11 16804
11 16805
11 16806
11 16807
11 16808
11 16809
11 16810
11 16811
11 16812
11 16813
11 16814
11 16815
11 16816
11 16817
11 16818
11 16819
11 16820
11 16821
11 16822
11 16823
11 16824
11 16825
11 16826
11 16827
11 16828
11 16829
11 16830
11 16831
11 16832
11 16833
11 16834
11 16835
11 16836
11 16837
11 16838
11 16839
11 16840
11 16841
11 16842
11 16843
11 16844
11 16846
11 16847
11 16848
11 16849
11 16850
11 16851
11 16852
11 16853
11 16854
11 16855
11 16856
11 16857
11 16858
11 16859
11 16860
11 16861
11 16863
11 16864
11 16865
11 16866
11 16867
11 16868
11 16869
11 16870
11 16873
11 16874
11 16875
11 16876
11 16877
11 16878
11 16879
11 16880
11 16881
11 16882
11 16883
11 16884
11 16885
11 16886
11 16887
11 16888
11 16889
11 16890
11 16891
11 16892
11 16893
11 16894
11 16895
11 16896
11 16897
11 16898
11 16899
11 16900
11 16901
11 16902
11 16903
11 16904
11 16905
11 16906
11 16909
11 16910
11 16911
11 16912
11 16913
11 16914
11 16915
11 16916
11 16917
11 16918
11 16919
11 16920
11 16921
11 16922
11 16923
11 16924
11 16925
11 16926
11 16927
11 16928
11 16929
11 16930
11 16931
11 16933
11 16934
11 16935
11 16936
11 16937
11 16938
11 16939
11 16940
11 16941
11 16942
11 16943
11 16944
11 16945
11 16946
11 16947
11 16948
11 16949
11 16950
11 16951
11 16952
11 16953
11 16954
11 16955
11 16956
11 16957
11 16958
11 16959
11 16960
11 16961
11 16962
11 16963
11 16970
11 16971
11 16972
11 16973
11 16974
11 16975
11 16976
11 16977
11 16978
11 16979
11 16980
11 16981
11 16982
11 16983
11 16984
11 16985
11 16986
11 16987
11 16988
11 16989
11 16990
11 16991
11 16992
11 16993
11 16994
11 16995
11 16996
11 16997
11 16998
11 16999
11 17000
11 17001
11 17002
11 17003
11 17004
11 17005
11 17006
11 17007
11 17008
11 17009
11 17010
11 17011
11 17012
11 17013
11 17014
11 17015
11 17016
11 17017
11 17018
11 17019
11 17020
11 17021
11 17022
11 17023
11 17024
11 17025
11 17026
11 17027
11 17039
11 17040
11 17041
11 17042
11 17043
11 17044
11 17045
11 17046
11 17047
11 17048
11 17049
11 17050
11 17051
11 17052
11 17053
11 17054
11 17055
11 17056
11 17057
11 17058
11 17059
11 17060
11 17061
11 17062
11 17063
11 17064
11 17065
11 17066
11 17067
11 17068
11 17069
11 17070
11 17071
11 17072
11 17073
11 17074
11 17075
11 17076
11 17077
11 17081
11 17082
11 17083
11 17084
11 17085
11 17086
11 17087
11 17088
11 17089
11 17090
11 17091
11 17092
11 17093
11 17094
11 17095
11 17096
11 17097
11 17098
11 17099
11 17100
11 17101
11 17102
11 17103
11 17104
11 17105
11 17106
11 17107
11 17108
11 17109
11 17110
11 17111
11 17112
11 17113
11 17114
11 17115
11 17119
11 17120
11 17121
11 17122
11 17123
11 17124
11 17125
11 17126
11 17127
11 17128
11 17129
11 17130
11 17131
11 17132
11 17133
11 17134
11 17135
11 17136
11 17137
11 17138
11 17139
11 17140
11 17141
11 17142
11 17143
11 17144
11 17145
11 17146
11 17147
11 17148
11 17149
11 17150
11 17151
11 17152
11 17153
11 17154
11 17155
11 17156
11 17157
11 17158
11 17159
11 17160
11 17161
11 17162
11 17163
11 17164
11 17165
11 17166
11 17167
11 17168
11 17169
11 17180
11 17181
11 17182
11 17183
11 17184
11 17185
11 17186
11 17187
11 17188
11 17189
11 17190
11 17191
11 17192
11 17193
11 17194
11 17195
11 17196
11 17197
11 17198
11 17199
11 17200
11 17201
11 17202
11 17203
11 17204
11 17205
11 17206
11 17207
11 17208
11 17209
11 17210
11 17211
11 17212
11 17213
11 17214
11 17215
11 17218
11 17219
11 17220
11 17221
11 17222
11 17223
11 17224
11 17225
11 17226
11 17227
11 17228
11 17229
11 17230
11 17231
11 17232
11 17233
11 17234
11 17235
11 17236
11 17237
11 17238
11 17239
11 17240
11 17241
11 17242
11 17243
11 17244
11 17245
11 17246
11 17247
11 17248
11 17249
11 17250
11 17251
11 17252
11 17253
11 17254
11 17255
11 17256
11 17257
11 17259
11 17260
11 17261
11 17262
11 17263
11 17264
11 17265
11 17266
11 17267
11 17268
11 17269
11 17270
11 17271
11 17272
11 17273
11 17274
11 17275
11 17276
11 17277
11 17278
11 17279
11 17280
11 17281
11 17282
11 17283
11 17284
11 17285
11 17286
11 17287
11 17288
11 17289
11 17290
11 17291
11 17292
11 17293
11 17295
11 17296
11 17297
11 17298
11 17299
11 17300
11 17301
11 17302
11 17303
11 17304
11 17305
11 17306
11 17307
11 17308
11 17309
11 17310
11 17311
11 17312
11 17313
11 17314
11 17315
11 17316
11 17317
11 17318
11 17319
11 17320
11 17321
11 17322
11 17323
11 17324
11 17325
11 17326
11 17327
11 17328
11 17329
11 17330
11 17331
11 17332
11 17333
11 17334
11 17335
11 17336
11 17337
11 17338
11 17339
11 17340
11 17341
11 17342
11 17349
11 17350
11 17351
11 17352
11 17353
11 17354
11 17355
11 17356
11 17357
11 17358
11 17359
11 17360
11 17361
11 17362
11 17363
11 17364
11 17365
11 17366
11 17367
11 17368
11 17369
11 17370
11 17371
11 17372
11 17373
11 17374
11 17375
11 17376
11 17377
11 17378
11 17379
11 17380
11 17381
11 17382
11 17383
11 17384
11 17385
11 17386
11 17387
11 17388
11 17389
11 17390
11 17391
11 17392
11 17393
11 17394
11 17420
11 17421
11 17422
11 17423
11 17424
11 17425
11 17426
11 17427
11 17428
11 17429
11 17430
11 17431
11 17432
11 17433
11 17434
11 17435
11 17436
11 17437
11 17438
11 17439
11 17440
11 17441
11 17442
11 17443
11 17444
11 17445
11 17446
11 17447
11 17448
11 17449
11 17450
11 17451
11 17452
11 17453
11 17454
11 17455
11 17456
11 17457
11 17458
11 17459
11 17460
11 17461
11 17462
11 17463
11 17464
11 17465
11 17466
11 17467
11 17468
11 17469
11 17470
11 17471
11 17472
11 17473
11 17474
11 17475
11 17476
11 17477
11 17478
11 17479
11 17480
11 17481
11 17482
11 17483
11 17484
11 17485
11 17486
11 17487
11 17488
11 17489
11 17490
11 17491
11 17497
11 17498
11 17499
11 17500
11 17501
11 17502
11 17503
11 17504
11 17505
11 17506
11 17507
11 17508
11 17509
11 17510
11 17511
11 17512
11 17513
11 17514
11 17515
11 17516
11 17517
11 17518
11 17519
11 17520
11 17521
11 17522
11 17523
11 17524
11 17525
11 17526
11 17527
11 17528
11 17529
11 17530
11 17531
11 17532
11 17542
11 17543
11 17544
11 17545
11 17546
11 17547
11 17548
11 17549
11 17550
11 17551
11 17552
11 17553
11 17554
11 17555
11 17556
11 17557
11 17558
11 17559
11 17566
11 17567
11 17568
11 17569
11 17570
11 17571
11 17572
11 17573
11 17574
11 17575
11 17576
11 17577
11 17578
11 17579
11 17580
11 17581
11 17582
11 17583
11 17584
11 17585
11 17586
11 17587
11 17588
11 17589
11 17590
11 17591
11 17592
11 17593
11 17594
11 17595
11 17596
11 17618
11 17619
11 17620
11 17621
11 17622
11 17623
11 17624
11 17625
11 17626
11 17627
11 17628
11 17629
11 17630
11 17631
11 17632
11 17633
11 17634
11 17635
11 17636
11 17637
11 17638
11 17639
11 17640
11 17641
11 17642
11 17643
11 17644
11 17645
11 17646
11 17647
11 17648
11 17649
11 17650
11 17651
11 17652
11 17653
11 17654
11 17655
11 17656
11 17657
11 17658
11 17659
11 17660
11 17661
11 17662
11 17663
11 17664
11 17665
11 17666
11 17667
11 17668
11 17669
11 17670
11 17671
11 17672
11 17673
11 17674
11 17675
11 17676
11 17677
11 17678
11 17679
11 17680
11 17681
11 17682
11 17683
11 17684
11 17685
11 17686
11 17687
11 17688
11 17689
11 17690
11 17691
11 17700
11 17701
11 17702
11 17703
11 17704
11 17705
11 17706
11 17707
11 17708
11 17709
11 17710
11 17711
11 17712
11 17713
11 17714
11 17715
11 17716
11 17717
11 17718
11 17719
11 17720
11 17721
11 17722
11 17723
11 17724
11 17725
11 17726
11 17727
11 17728
11 17729
11 17730
11 17731
11 17732
11 17733
11 17734
11 17735
11 17736
11 17737
11 17738
11 17739
11 17740
11 17741
11 17742
11 17743
11 17744
11 17786
11 17787
11 17788
11 17789
11 17790
11 17791
11 17792
11 17793
11 17794
11 17795
11 17796
11 17797
11 17798
11 17799
11 17800
11 17801
11 17802
11 17803
11 17804
11 17805
11 17806
11 17807
11 17808
11 17809
11 17810
11 17811
11 17812
11 17813
11 17814
11 17815
11 17816
11 17817
11 17818
11 17819
11 17820
11 17821
11 17822
11 17823
11 17824
11 17825
11 17826
11 17827
11 17828
11 17829
11 17830
11 17831
11 17832
11 17833
11 17834
11 17835
11 17836
11 17837
11 17838
11 17839
11 17840
11 17841
11 17842
11 17843
11 17844
11 17845
11 17846
11 17847
11 17848
11 17849
11 17850
11 17851
11 17852
11 17853
11 17854
11 17855
11 17856
11 17857
11 17858
11 17859
11 17860
11 17861
11 17862
11 17954
11 17955
11 17956
11 17957
11 17958
11 17959
11 17960
11 17961
11 17962
11 17963
11 17989
11 17990
11 17991
11 17992
11 17993
11 17994
11 17995
11 17996
11 17997
11 17998
11 17999
11 18000
11 18001
11 18002
11 18003
11 18004
11 18005
11 18006
11 18007
11 18008
11 18009
11 18010
11 18011
11 18012
11 18013
11 18014
11 18015
11 18016
11 18017
11 18018
11 18019
11 18020
11 18021
11 18022
11 18023
11 18024
11 18025
11 18026
11 18027
11 18028
11 18029
11 18030
11 18031
11 18032
11 18033
11 18034
11 18035
11 18036
11 18037
11 18038
11 18039
11 18040
11 18041
11 18042
11 18043
11 18044
11 18045
11 18046
11 18047
11 18048
11 18049
11 18050
11 18051
11 18052
11 18064
11 18065
11 18066
11 18067
11 18068
11 18069
11 18070
11 18071
11 18072
11 18073
11 18074
11 18075
11 18076
11 18077
11 18078
11 18079
11 18080
11 18081
11 18082
11 18083
11 18084
11 18089
11 18090
11 18091
11 18092
11 18093
11 18094
11 18095
11 18096
11 18097
11 18098
11 18099
11 18100
11 18101
11 18102
11 18103
11 18140
11 18141
11 18142
11 18143
11 18144
11 18145
11 18146
11 18147
11 18148
11 18149
11 18150
11 18151
11 18152
11 18153
11 18154
11 18155
11 18156
11 18157
11 18158
11 18159
11 18160
11 18161
11 18162
11 18163
11 18164
11 18165
11 18166
11 18167
11 18168
11 18169
11 18170
11 18171
11 18172
11 18173
11 18174
11 18175
11 18177
11 18178
11 18179
11 18180
11 18181
11 18182
11 18183
11 18184
11 18185
11 18186
11 18187
11 18188
11 18225
11 18226
11 18227
11 18228
11 18229
11 18230
11 18231
11 18232
11 18233
11 18234
11 18235
11 18236
11 18237
11 18238
11 18239
11 18240
11 18241
11 18242
11 18243
11 18244
11 18245
11 18246
11 18247
11 18248
11 18249
11 18250
11 18265
11 18266
11 18267
11 18268
11 18269
11 18270
11 18271
11 18272
11 18273
11 18274
11 18275
11 18276
11 18277
11 18278
11 18279
11 18280
11 18281
11 18282
11 18283
11 18284
11 18285
11 18286
11 18287
11 18288
11 18289
11 18290
11 18291
11 18292
11 18338
11 18339
11 18340
11 18341
11 18342
11 18343
11 18344
11 18345
11 18346
11 18347
11 18348
11 18349
11 18350
11 18351
11 18352
11 18353
11 18354
11 18355
11 18356
11 18357
11 18358
11 18359
11 18360
11 18361
11 18362
11 18363
11 18364
11 18365
11 18366
11 18367
11 18368
11 18369
11 18370
11 18422
11 18423
11 18424
11 18425
11 18426
11 18427
11 18428
11 18429
11 18430
11 18431
11 18432
11 18433
11 18434
11 18435
11 18436
11 18437
11 18438
11 18439
11 18440
11 18441
11 18442
11 18443
11 18444
11 18445
11 18446
11 18447
11 18448
11 18449
11 18450
11 18451
11 18452
11 18453
11 18454
11 18455
11 18501
11 18502
11 18503
11 18504
11 18505
11 18506
11 18507
11 18508
11 18509
11 18510
11 18511
11 18512
11 18513
11 18514
11 18547
11 18548
11 18549
11 18550
11 18551
11 18552
11 18553
11 18554
11 18555
11 18556
11 18557
11 18558
11 18559
11 18560
11 18561
11 18562
11 18563
11 18564
11 18565
11 18566
11 18567
11 18568
11 18569
11 18591
11 18592
11 18593
11 18594
11 18595
11 18596
11 18597
11 18598
11 18599
11 18600
11 18601
11 18602
11 18603
11 18604
11 18605
11 18606
11 18607
11 18608
11 18609
11 18610
11 18611
11 18612
11 18652
11 18665
11 18666
11 18667
11 18668
11 18669
11 18670
11 18671
11 18672
11 18673
11 18674
11 18675
11 18676
11 18677
11 18678
11 18679
11 18680
11 18681
11 18682
11 18683
11 18684
11 18685
11 18686
11 18687
11 18688
11 18689
11 18690
11 18691
11 18692
11 18693
11 18694
11 18695
11 18696
11 18697
11 18698
11 18699
11 18700
11 18701
11 18702
11 18703
11 18704
11 18705
11 18706
11 18707
11 18708
11 18760
11 18761
11 18762
11 18763
11 18764
11 18765
11 18766
11 18767
11 18768
11 18769
11 18770
11 18771
11 18772
11 18773
11 18774
11 18775
11 18776
11 18777
11 18778
11 18779
11 18780
11 18781
11 18782
11 18783
11 18784
11 18785
11 18786
11 18787
11 18788
11 18789
11 18790
11 18791
11 18792
11 18793
11 18794
11 18795
11 18816
11 18817
11 18818
11 18819
11 18820
11 18821
11 18822
11 18823
11 18824
11 18825
11 18826
11 18827
11 18828
11 18829
11 18830
11 18831
11 18832
11 18833
11 18834
11 18835
11 18836
11 18837
11 18838
11 18900
11 18901
11 18902
11 18903
11 18904
11 18905
11 18906
11 18907
11 18908
11 18909
11 18910
11 18911
11 18912
11 18913
11 18914
11 18915
11 18916
11 18917
11 18918
11 18919
11 18920
11 18921
11 18922
11 18923
11 18924
11 18925
11 18926
11 18927
11 18934
11 18935
11 18936
11 18937
11 18938
11 18939
11 18940
11 18941
11 18942
11 18943
11 18944
11 18945
11 18946
11 18947
11 18948
11 18949
11 18950
11 18951
11 18952
11 18953
11 18954
11 18955
11 18956
11 18957
11 18958
11 18959
11 18960
11 18976
11 18977
11 18978
11 18979
11 18980
11 18981
11 18982
11 18983
11 18984
11 18985
11 18986
11 18987
11 18988
11 18989
11 18990
11 18991
11 18992
11 18993
11 18994
11 18995
11 18996
11 18997
11 18998
11 18999
11 19000
11 19001
11 19002
11 19003
11 19004
11 19005
11 19006
11 19007
11 19008
11 19009
11 19010
11 19011
11 19012
11 19013
11 19014
11 19015
11 19016
11 19017
11 19018
11 19033
11 19034
11 19035
11 19036
11 19037
11 19038
11 19039
11 19040
11 19041
11 19042
11 19043
11 19044
11 19045
11 19046
11 19047
11 19048
11 19049
11 19050
11 19051
11 19052
11 19053
11 19054
11 19055
11 19056
11 19057
11 19058
11 19059
11 19060
11 19061
11 19062
11 19063
11 19064
11 19065
11 19066
11 19067
11 19110
11 19111
11 19112
11 19113
11 19114
11 19115
11 19116
11 19117
11 19118
11 19119
11 19120
11 19121
11 19122
11 19123
11 19124
11 19125
11 19126
11 19127
11 19128
11 19129
11 19130
11 19131
11 19132
11 19133
11 19134
11 19135
11 19136
11 19137
11 19138
11 19139
11 19140
11 19141
11 19142
11 19143
11 19144
11 19145
11 19146
11 19147
11 19148
11 19149
11 19150
11 19151
11 19152
11 19153
11 19154
11 19155
11 19156
11 19157
11 19158
11 19159
11 19160
11 19161
11 19162
11 19163
11 19164
11 19165
11 19166
11 19168
11 19169
11 19170
11 19171
11 19172
11 19173
11 19174
11 19175
11 19176
11 19177
11 19178
11 19179
11 19180
11 19181
11 19182
11 19183
11 19184
11 19185
11 19186
11 19187
11 19188
11 19189
11 19190
11 19191
11 19192
11 19193
11 19207
11 19208
11 19209
11 19210
11 19211
11 19212
11 19213
11 19214
11 19215
11 19216
11 19217
11 19218
11 19219
11 19220
11 19221
11 19222
11 19223
11 19224
11 19225
11 19226
11 19306
11 19307
11 19308
11 19309
11 19310
11 19311
11 19312
11 19313
11 19314
11 19315
11 19316
11 19317
11 19318
11 19319
11 19320
11 19321
11 19322
11 19323
11 19324
11 19325
11 19326
11 19327
11 19328
11 19329
11 19330
11 19331
11 19332
11 19333
11 19334
11 19335
11 19336
11 19337
11 19338
11 19339
11 19340
11 19341
11 19342
11 19343
11 19344
11 19345
11 19346
11 19347
11 19351
11 19352
11 19353
11 19354
11 19355
11 19356
11 19357
11 19359
11 19360
11 19361
11 19362
11 19363
11 19364
11 19365
11 19366
11 19367
11 19368
11 19369
11 19370
11 19371
11 19372
11 19373
11 19374
11 19375
11 19376
11 19377
11 19390
11 19391
11 19392
11 19393
11 19394
11 19395
11 19396
11 19397
11 19398
11 19399
11 19400
11 19401
11 19402
11 19403
11 19404
11 19405
11 19406
11 19407
11 19408
11 19409
11 19410
11 19411
11 19412
11 19413
11 19414
11 19415
11 19416
11 19417
11 19418
11 19419
11 19420
11 19421
11 19422
11 19423
11 19424
11 19425
11 19426
11 19427
11 19428
11 19429
11 19430
11 19431
11 19432
11 19433
11 19442
11 19443
11 19444
11 19445
11 19446
11 19447
11 19448
11 19449
11 19450
11 19451
11 19452
11 19453
11 19454
11 19455
11 19456
11 19457
11 19458
11 19459
11 19460
11 19461
11 19462
11 19463
11 19464
11 19465
11 19466
11 19467
11 19468
11 19469
11 19470
11 19471
11 19472
11 19473
11 19474
11 19475
11 19476
11 19477
11 19478
11 19479
11 19480
11 19481
11 19482
11 19485
11 19486
11 19487
11 19488
11 19489
11 19490
11 19491
11 19492
11 19493
11 19494
11 19495
11 19496
11 19497
11 19498
11 19499
11 19500
11 19501
11 19502
11 19503
11 19504
11 19505
11 19506
11 19507
11 19508
11 19509
11 19510
11 19511
11 19512
11 19513
11 19514
11 19515
11 19516
11 19517
11 19521
11 19522
11 19523
11 19524
11 19525
11 19526
11 19527
11 19528
11 19529
11 19530
11 19531
11 19532
11 19533
11 19534
11 19535
11 19536
11 19537
11 19538
11 19539
11 19540
11 19541
11 19542
11 19543
11 19544
11 19545
11 19546
11 19547
11 19548
11 19549
11 19550
11 19551
11 19552
11 19553
11 19554
11 19555
11 19556
11 19557
11 19558
11 19559
11 19560
11 19561
11 19562
11 19563
11 19564
11 19572
11 19573
11 19574
11 19575
11 19576
11 19577
11 19578
11 19579
11 19580
11 19581
11 19582
11 19583
11 19584
11 19585
11 19586
11 19587
11 19588
11 19589
11 19590
11 19591
11 19592
11 19593
11 19594
11 19595
11 19596
11 19597
11 19598
11 19599
11 19600
11 19601
11 19602
11 19603
11 19604
11 19605
11 19606
11 19607
11 19644
11 19645
11 19646
11 19647
11 19648
11 19649
11 19650
11 19651
11 19652
11 19653
11 19654
11 19655
11 19656
11 19657
11 19658
11 19659
11 19660
11 19661
11 19662
11 19663
11 19664
11 19665
11 19666
11 19667
11 19668
11 19669
11 19670
11 19671
11 19672
11 19673
11 19674
11 19675
11 19676
11 19677
11 19678
11 19679
11 19680
11 19681
11 19682
11 19683
11 19684
11 19691
11 19692
11 19693
11 19694
11 19695
11 19696
11 19697
11 19698
11 19699
11 19700
11 19701
11 19702
11 19703
11 19704
11 19705
11 19706
11 19707
11 19708
11 19709
11 19710
11 19711
11 19712
11 19713
11 19714
11 19715
11 19716
11 19717
11 19718
11 19719
11 19720
11 19721
11 19722
11 19723
11 19724
11 19725
11 19726
11 19727
11 19728
11 19729
11 19730
11 19747
11 19748
11 19749
11 19750
11 19751
11 19752
11 19753
11 19754
11 19755
11 19756
11 19757
11 19758
11 19759
11 19760
11 19761
11 19762
11 19763
11 19764
11 19765
11 19766
11 19767
11 19768
11 19769
11 19770
11 19771
11 19772
11 19773
11 19774
11 19775
11 19776
11 19777
11 19778
11 19779
11 19780
11 19781
11 19782
11 19783
11 19784
11 19785
11 19786
11 19791
11 19792
11 19793
11 19794
11 19795
11 19796
11 19797
11 19798
11 19799
11 19800
11 19801
11 19802
11 19803
11 19804
11 19805
11 19806
11 19807
11 19808
11 19809
11 19810
11 19811
11 19812
11 19813
11 19814
11 19815
11 19816
11 19817
11 19818
11 19819
11 19820
11 19821
11 19822
11 19823
11 19824
11 19825
11 19826
11 19827
11 19828
11 19829
11 19830
11 19831
11 19832
11 19833
11 19834
11 19835
11 19836
11 19837
11 19838
11 19839
11 19840
11 19841
11 19842
11 19843
11 19844
11 19845
11 19846
11 19847
11 19848
11 19850
11 19851
11 19852
11 19853
11 19854
11 19855
11 19856
11 19857
11 19858
11 19859
11 19860
11 19861
11 19862
11 19863
11 19864
11 19865
11 19866
11 19867
11 19868
11 19869
11 19870
11 19871
11 19872
11 19873
11 19874
11 19875
11 19876
11 19877
11 19878
11 19879
11 19880
11 19881
11 19882
11 19883
11 19884
11 19885
11 19891
11 19892
11 19893
11 19894
11 19895
11 19896
11 19897
11 19898
11 19899
11 19900
11 19901
11 19902
11 19903
11 19904
11 19905
11 19906
11 19907
11 19908
11 19909
11 19910
11 19911
11 19912
11 19913
11 19914
11 19915
11 19916
11 19917
11 19925
11 19926
11 19927
11 19928
11 19929
11 19930
11 19931
11 19932
11 19933
11 19934
11 19935
11 19936
11 19937
11 19938
11 19939
11 19940
11 19941
11 19942
11 19943
11 19944
11 19945
11 19946
11 19947
11 19948
11 19949
11 19950
11 19951
11 19952
11 19953
11 19954
11 19955
11 19956
11 19957
11 19958
11 19959
11 19960
11 19961
11 19962
11 19963
11 19964
11 19965
11 19966
11 19967
11 19968
11 19969
11 19970
11 19971
11 19972
11 19973
11 19974
11 19975
11 19976
11 19977
11 19978
11 19979
11 19980
11 19981
11 19982
11 19983
11 19984
11 19985
11 19986
11 19987
11 19988
11 19989
11 19990
11 19991
11 20003
11 20004
11 20005
11 20006
11 20007
11 20008
11 20009
11 20010
11 20011
11 20012
11 20013
11 20014
11 20015
11 20016
11 20017
11 20018
11 20019
11 20020
11 20021
11 20022
11 20023
11 20024
11 20025
11 20026
11 20027
11 20028
11 20029
11 20030
11 20031
11 20032
11 20033
11 20034
11 20035
11 20036
11 20037
11 20038
11 20039
11 20040
11 20041
11 20042
11 20043
11 20044
11 20045
11 20046
11 20047
11 20048
11 20049
11 20050
11 20051
11 20052
11 20053
11 20054
11 20055
11 20056
11 20057
11 20058
11 20059
11 20060
11 20061
11 20062
11 20065
11 20066
11 20067
11 20068
11 20069
11 20070
11 20071
11 20072
11 20073
11 20074
11 20075
11 20076
11 20077
11 20078
11 20079
11 20080
11 20081
11 20082
11 20083
11 20084
11 20085
11 20086
11 20087
11 20088
11 20089
11 20090
11 20091
11 20092
11 20093
11 20094
11 20095
11 20096
11 20097
11 20098
11 20099
11 20100
11 20101
11 20102
11 20103
11 20104
11 20145
11 20146
11 20147
11 20148
11 20149
11 20150
11 20151
11 20152
11 20153
11 20154
11 20155
11 20156
11 20157
11 20158
11 20159
11 20160
11 20161
11 20162
11 20163
11 20164
11 20165
11 20166
11 20167
11 20168
11 20169
11 20170
11 20171
11 20172
11 20173
11 20174
11 20175
11 20176
11 20177
11 20178
11 20179
11 20180
11 20181
11 20182
11 20183
11 20184
11 20187
11 20188
11 20189
11 20190
11 20191
11 20192
11 20193
11 20194
11 20195
11 20196
11 20197
11 20198
11 20199
11 20200
11 20201
11 20202
11 20203
11 20204
11 20205
11 20206
11 20207
11 20208
11 20209
11 20210
11 20211
11 20212
11 20213
11 20214
11 20215
11 20216
11 20217
11 20218
11 20219
11 20220
11 20226
11 20227
11 20228
11 20229
11 20230
11 20231
11 20232
11 20233
11 20234
11 20235
11 20236
11 20237
11 20238
11 20239
11 20240
11 20241
11 20242
11 20243
11 20244
11 20245
11 20246
11 20247
11 20248
11 20249
11 20250
11 20251
11 20252
11 20253
11 20254
11 20255
11 20256
11 20257
11 20258
11 20259
11 20260
11 20261
11 20262
11 20263
11 20264
11 20265
11 20266
11 20267
11 20268
11 20269
11 20270
11 20271
11 20272
11 20273
11 20274
11 20275
11 20276
11 20282
11 20283
11 20284
11 20285
11 20286
11 20287
11 20288
11 20289
11 20290
11 20291
11 20292
11 20293
11 20294
11 20295
11 20296
11 20297
11 20298
11 20299
11 20300
11 20301
11 20302
11 20303
11 20304
11 20305
11 20306
11 20307
11 20308
11 20309
11 20310
11 20311
11 20312
11 20313
11 20314
11 20315
11 20316
11 20317
11 20318
11 20319
11 20320
11 20321
11 20322
11 20323
11 20324
11 20325
11 20326
11 20327
11 20406
11 20407
11 20408
11 20428
11 20429
11 20430
11 20435
11 20436
11 20437
11 20438
11 20439
11 20440
11 20441
11 20442
11 20443
11 20444
11 20445
11 20446
11 20447
11 20448
11 20449
11 20450
11 20451
11 20452
11 20453
11 20454
11 20455
11 20456
11 20457
11 20458
11 20459
11 20460
11 20461
11 20462
11 20463
11 20464
11 20465
11 20466
11 20467
11 20468
11 20469
11 20470
11 20471
11 20472
11 20473
11 20474
11 20475
11 20476
11 20477
11 20478
11 20479
11 20480
11 20481
11 20482
11 20483
11 20484
11 20485
11 20486
11 20487
11 20488
11 20489
11 20490
11 20491
11 20492
11 20493
11 20494
11 20495
11 20496
11 20497
11 20498
11 20499
11 20500
11 20501
11 20502
11 20504
11 20505
11 20506
11 20507
11 20508
11 20509
11 20510
11 20511
11 20512
11 20513
11 20514
11 20515
11 20516
11 20517
11 20518
11 20519
11 20520
11 20521
11 20522
11 20523
11 20524
11 20525
11 20526
11 20527
11 20528
11 20529
11 20530
11 20531
11 20532
11 20533
11 20534
11 20535
11 20536
11 20537
11 20538
11 20539
11 20540
11 20541
11 20542
11 20543
11 20544
11 20545
11 20546
11 20547
11 20548
11 20549
11 20550
11 20551
11 20552
11 20553
11 20554
11 20555
11 20556
11 20557
11 20558
11 20666
11 20667
11 20668
11 20669
11 20670
11 20671
11 20672
11 20673
11 20674
11 20675
11 20676
11 20677
11 20678
11 20679
11 20680
11 20681
11 20682
11 20683
11 20684
11 20685
11 20686
11 20687
11 20688
11 20689
11 20690
11 20691
11 20692
11 20693
11 20694
11 20695
11 20696
11 20697
11 20698
11 20699
11 20700
11 20701
11 20702
11 20703
11 20704
11 20705
11 20706
11 20707
11 20708
11 20709
11 20710
11 20711
11 20712
11 20713
11 20714
11 20715
11 20716
11 20717
11 20718
11 20719
11 20720
11 20721
11 20722
11 20723
11 20724
11 20725
11 20726
11 20821
11 20822
11 20823
11 20824
11 20825
11 20826
11 20827
11 20828
11 20829
11 20830
11 20831
11 20832
11 20833
11 20834
11 20835
11 20836
11 20837
11 20838
11 20839
11 20840
11 20841
11 20842
11 20843
11 20844
11 20845
11 20846
11 20847
11 20848
11 20849
11 20850
11 20851
11 20852
11 20853
11 20854
11 20900
11 20901
11 20902
11 20903
11 20904
11 20905
11 20906
11 20907
11 20908
11 20909
11 20910
11 20911
11 20912
11 20913
11 20914
11 20915
11 20916
11 20917
11 20918
11 20919
11 20920
11 20921
11 20922
11 20923
11 20924
11 20925
11 20926
11 20927
11 20928
11 20929
11 20930
11 20931
11 20932
11 20933
11 20934
11 20935
11 20936
11 20937
11 20938
11 20939
11 20940
11 20941
11 20942
11 20943
11 20944
11 20945
11 20946
11 20952
11 20953
11 20954
11 20955
11 20956
11 20957
11 20958
11 20959
11 20960
11 20961
11 20962
11 20963
11 20964
11 20965
11 20966
11 20967
11 20968
11 20969
11 20970
11 20971
11 20972
11 20973
11 20974
11 20975
11 20976
11 20977
11 20978
11 20979
11 20980
11 20981
11 20982
11 20983
11 20984
11 20985
11 20986
11 20987
11 20988
11 20989
11 20990
11 20991
11 20992
11 20993
11 20994
11 20995
11 20996
11 20997
11 20998
11 20999
11 21000
11 21001
11 21002
11 21003
11 21006
11 21007
11 21008
11 21009
11 21010
11 21011
11 21012
11 21013
11 21014
11 21015
11 21016
11 21017
11 21018
11 21019
11 21020
11 21021
11 21022
11 21023
11 21024
11 21025
11 21026
11 21027
11 21028
11 21029
11 21030
11 21031
11 21032
11 21033
11 21034
11 21035
11 21036
11 21037
11 21038
11 21334
11 21335
11 21336
11 21337
11 21338
11 21339
11 21340
11 21341
11 21342
11 21343
11 21344
11 21345
11 21346
11 21347
11 21348
11 21349
11 21350
11 21351
11 21352
11 21353
11 21354
11 21355
11 21356
11 21357
11 21358
11 21359
11 21360
11 21361
11 21362
11 21363
11 21364
11 21365
11 21366
11 21367
11 21368
11 21369
11 21370
11 21371
11 21372
11 21373
11 21374
11 21375
11 21378
11 21379
11 21380
11 21381
11 21382
11 21383
11 21384
11 21385
11 21386
11 21387
11 21388
11 21389
11 21390
11 21391
11 21392
11 21393
11 21394
11 21395
11 21396
11 21397
11 21398
11 21399
11 21400
11 21401
11 21412
11 21413
11 21414
11 21415
11 21416
11 21417
11 21418
11 21419
11 21420
11 21421
11 21422
11 21423
11 21424
11 21425
11 21426
11 21427
11 21428
11 21429
11 21430
11 21431
11 21432
11 21433
11 21434
11 21435
11 21436
11 21437
11 21438
11 21439
11 21440
11 21441
11 21442
11 21443
11 21444
11 21445
11 21446
11 21447
11 21448
11 21449
11 21450
11 21451
11 21452
11 21453
11 21454
11 21455
11 21456
11 21457
11 21458
11 21459
11 21460
11 21461
11 21462
11 21463
11 21464
11 21465
11 21475
11 21476
11 21477
11 21478
11 21479
11 21480
11 21481
11 21482
11 21483
11 21484
11 21485
11 21486
11 21487
11 21488
11 21489
11 21490
11 21491
11 21492
11 21493
11 21494
11 21495
11 21496
11 21497
11 21498
11 21499
11 21500
11 21501
11 21502
11 21503
11 21504
11 21505
11 21506
11 21507
11 21508
11 21509
11 21510
11 21511
11 21512
11 21513
11 21514
11 21515
11 21516
11 21517
11 21518
11 21519
11 21520
11 21521
11 21522
11 21523
11 21524
11 21525
11 21526
11 21527
11 21529
11 21530
11 21531
11 21532
11 21533
11 21534
11 21535
11 21536
11 21537
11 21538
11 21539
11 21540
11 21541
11 21542
11 21543
11 21544
11 21545
11 21546
11 21547
11 21548
11 21549
11 21550
11 21551
11 21552
11 21553
11 21554
11 21555
11 21556
11 21557
11 21558
11 21559
11 21560
11 21561
11 21562
11 21563
11 21564
11 21565
11 21566
11 21567
11 21568
11 21569
11 21570
11 21615
11 21616
11 21617
11 21618
11 21619
11 21620
11 21621
11 21622
11 21623
11 21624
11 21625
11 21626
11 21627
11 21628
11 21629
11 21630
11 21631
11 21632
11 21633
11 21634
11 21635
11 21636
11 21637
11 21638
11 21639
11 21640
11 21641
11 21642
11 21643
11 21644
11 21645
11 21646
11 21647
11 21648
11 21649
11 21650
11 21651
11 21652
11 21653
11 21654
11 21655
11 21656
11 21657
11 21658
11 21659
11 21660
11 21661
11 21662
11 21663
11 21664
11 21665
11 21666
11 21667
11 21668
11 21669
11 21670
11 21671
11 21672
11 21673
11 21674
11 21675
11 21676
11 21677
11 21704
11 21705
11 21706
11 21707
11 21708
11 21709
11 21710
11 21711
11 21712
11 21713
11 21714
11 21715
11 21716
11 21717
11 21718
11 21719
11 21720
11 21721
11 21722
11 21723
11 21724
11 21725
11 21726
11 21727
11 21728
11 21729
11 21730
11 21731
11 21732
11 21733
11 21734
11 21735
11 21736
11 21737
11 21738
11 21739
11 21740
11 21741
11 21742
11 21743
11 21744
11 21745
11 21746
11 21747
11 21748
11 21749
11 21750
11 21751
11 21752
11 21753
11 21754
11 21755
11 21756
11 21757
11 21758
11 21759
11 21760
11 21761
11 21762
11 21763
11 21764
11 21765
11 21766
11 21767
11 21768
11 21769
11 21770
11 21771
11 21772
11 21773
11 21774
11 21775
11 21776
11 21777
11 21778
11 21779
11 21780
11 21781
11 21782
11 21783
11 21784
11 21785
11 21786
11 21787
11 21788
11 21789
11 21790
11 21791
11 21792
11 21793
11 21794
11 21795
11 21796
11 21797
11 21798
11 21799
11 21800
11 21801
11 21802
11 21803
11 21804
11 21805
11 21806
11 21807
11 21808
11 21809
11 21810
11 21811
11 21812
11 21813
11 21814
11 21815
11 21816
11 21817
11 21818
11 21819
11 21820
11 21821
11 21822
11 21823
11 21824
11 21829
11 21830
11 21831
11 21832
11 21833
11 21834
11 21835
11 21836
11 21837
11 21838
11 21839
11 21840
11 21841
11 21842
11 21843
11 21844
11 21845
11 21846
11 21847
11 21848
11 21849
11 21850
11 21851
11 21852
11 21853
11 21854
11 21855
11 21856
11 21857
11 21858
11 21859
11 21860
11 21861
11 21862
11 21863
11 21864
12 3
12 13
12 36
12 39
12 153
12 238
12 952
12 3259
12 6481
13 3
13 5
13 7
13 12
13 37
13 38
13 39
13 40
13 49
13 51
13 53
13 54
13 56
13 61
13 62
13 63
13 64
13 67
13 68
13 69
13 70
13 74
13 75
13 76
13 77
13 100
13 102
13 110
13 111
13 112
13 115
13 116
13 118
13 120
13 121
13 124
13 129
13 138
13 148
13 153
13 158
13 161
13 162
13 165
13 166
13 167
13 168
13 169
13 171
13 177
13 193
13 195
13 218
13 222
13 229
13 233
13 237
13 238
13 242
13 246
13 249
13 250
13 256
13 258
13 262
13 263
13 264
13 291
13 294
13 319
13 324
13 328
13 341
13 342
13 343
13 344
13 345
13 346
13 347
13 348
13 349
13 350
13 351
13 352
13 353
13 354
13 355
13 356
13 357
13 383
13 449
13 453
13 455
13 460
13 465
13 470
13 518
13 533
13 536
13 539
13 542
13 546
13 547
13 548
13 552
13 553
13 558
13 561
13 562
13 571
13 574
13 576
13 577
13 585
13 586
13 591
13 594
13 619
13 629
13 630
13 631
13 632
13 638
13 639
13 641
13 642
13 647
13 649
13 652
13 655
13 664
13 666
13 668
13 669
13 671
13 672
13 679
13 685
13 687
13 702
13 703
13 705
13 707
13 720
13 722
13 724
13 725
13 730
13 733
13 735
13 736
13 738
13 739
13 740
13 747
13 768
13 772
13 774
13 817
13 818
13 819
13 820
13 821
13 849
13 862
13 863
13 864
13 865
13 904
13 907
13 914
13 930
13 945
13 950
13 951
13 952
13 953
13 954
13 956
13 970
13 971
13 973
13 976
13 979
13 984
13 1853
13 1854
13 1855
13 1856
13 1866
13 1868
13 1869
13 1871
13 1872
13 1878
13 1882
13 2725
13 2784
13 2793
13 2806
13 2822
13 3024
13 3072
13 3074
13 3205
13 3210
13 3211
13 3213
13 3221
13 3223
13 3224
13 3232
13 3233
13 3242
13 3244
13 3246
13 3259
13 3469
13 3470
13 3485
13 3493
13 3494
13 3525
13 3527
13 3528
13 3529
13 3531
13 3623
13 3655
13 3787
13 3810
13 3822
13 3830
13 3848
13 3849
13 3851
13 3852
13 3854
13 3855
13 3856
13 3861
13 3874
13 3877
13 3886
13 3891
13 3892
13 3897
13 3906
13 3907
13 3929
13 3930
13 3932
13 3938
13 3939
13 4564
13 4566
13 4567
13 4630
13 4737
13 4795
13 4796
13 4797
13 4805
13 4808
13 4816
13 4817
13 4818
13 4819
13 4830
13 4898
13 4912
13 4913
13 4916
13 4931
13 4932
13 4989
13 5002
13 5012
13 5013
13 5057
13 5074
13 5105
13 5129
13 5135
13 5186
13 5189
13 5212
13 5216
13 5248
13 5274
13 5287
13 5289
13 5290
13 5300
13 5310
13 5311
13 5348
13 5391
13 5444
13 5445
13 5446
13 5447
13 5463
13 5464
13 5468
13 5492
13 5553
13 5563
13 5566
13 5567
13 5568
13 5597
13 5650
13 5785
13 5867
13 5868
13 5869
13 5872
13 6010
13 6018
13 6328
13 6330
13 6363
13 6364
13 6365
13 6366
13 6367
13 6368
13 6369
13 6479
13 6481
13 6482
13 6483
13 6500
13 6501
13 6505
13 6537
13 6598
13 6747
13 6758
13 6759
13 6760
13 6761
13 6762
13 6763
13 6764
13 6765
13 6766
13 6770
13 6771
13 6773
13 6774
13 6783
13 6803
13 6804
13 6822
13 6857
13 6859
13 6870
13 6881
13 7100
13 7104
13 7108
13 7126
13 7127
13 7128
13 7130
13 7131
13 7152
13 7155
13 7167
13 7178
13 7241
13 7242
13 7243
13 7244
13 7245
13 7305
13 7306
13 7313
13 7314
13 7318
13 7320
13 7322
13 7380
13 7395
13 7396
13 7404
13 7405
13 7406
13 7408
13 7410
13 7412
13 7413
13 7414
13 7450
13 7451
13 7478
13 7479
13 7480
13 7481
13 7484
13 7486
13 7487
13 7489
13 7490
13 7492
13 7494
13 7495
13 7496
13 7497
13 7498
13 7499
13 7501
13 7506
13 7664
13 7670
13 7712
13 7811
13 7845
13 7891
13 7939
13 7998
13 8009
13 8010
13 8011
13 8012
13 8013
13 8014
13 8015
13 8016
13 8018
13 8024
13 8026
13 8027
13 8029
13 8030
13 8187
13 8231
13 8312
13 8503
13 8579
13 8634
13 8651
13 8672
13 8906
13 9142
13 9230
13 9261
13 9373
13 9445
13 9448
13 9591
13 9647
13 9671
13 9734
13 9867
13 9869
13 9965
13 9967
13 9968
13 10018
13 10031
13 10037
13 10062
13 10063
13 10064
13 10065
13 10066
13 10067
13 10068
13 10069
13 10070
13 10077
13 10078
13 10081
13 10085
13 10086
13 10094
13 10109
13 10122
13 10125
13 10127
13 10128
13 10129
13 10131
13 10132
13 10133
13 10134
13 10136
13 10137
13 10138
13 10139
13 10143
13 10147
13 10149
13 10182
13 10185
13 10188
13 10189
13 10190
13 10191
13 10192
13 10193
13 10194
13 10199
13 10990
13 11034
13 11039
13 11185
13 11187
13 11189
13 11190
13 11202
13 11203
13 11204
13 11217
13 11220
13 11225
13 11226
13 11227
13 11228
13 11229
13 11231
13 11233
13 11246
13 11251
13 11254
13 11256
13 11297
13 11314
13 11315
13 11323
13 11349
13 11365
13 11382
13 11383
13 11385
13 11387
13 11388
13 11389
13 11391
13 11392
13 11393
13 11394
13 11395
13 11396
13 11397
13 11401
13 11410
13 11418
13 11419
13 11421
13 11422
13 11423
13 11564
13 11568
13 11587
13 11593
13 11596
13 11597
13 11599
13 11600
13 11603
13 11606
13 11608
13 11616
13 11628
13 11629
13 11630
13 11631
13 11632
13 11633
13 11634
13 11635
13 11636
13 11637
13 11638
13 11645
13 11646
13 11647
13 11648
13 11653
13 11656
13 11660
13 11715
13 11728
13 11730
13 11739
13 11741
13 11742
13 11743
13 11744
13 11745
13 11746
13 11747
13 11748
13 11749
13 11750
13 11751
13 11755
13 11756
13 11758
13 11759
13 11760
13 11761
13 11762
13 11790
13 11794
13 11800
13 11803
13 11807
13 11819
13 11835
13 11836
13 11837
13 15265
13 15266
13 15267
13 15268
13 15269
13 15272
13 15834
13 15919
13 15920
13 15921
13 16093
13 16174
13 16312
13 16446
13 16447
13 16448
13 16449
13 16450
13 16451
13 16452
13 16453
13 16454
13 16455
13 16456
13 16464
13 16491
13 16541
13 16544
13 16545
13 16640
13 16641
13 16642
13 16687
13 16751
13 16908
13 17174
13 17175
13 17343
13 17345
13 17406
13 17535
13 17697
13 17746
13 17747
13 17750
13 17758
13 17759
13 17767
13 17768
13 17779
13 17864
13 17953
13 17964
13 17965
13 17966
13 17969
13 17982
13 17985
13 17987
13 17988
13 18058
13 18061
13 18062
13 18086
13 18120
13 18132
13 18134
13 18135
13 18136
13 18137
13 18194
13 18210
13 18218
13 18221
13 18259
13 18298
13 18305
13 18306
13 18307
13 18309
13 18310
13 18311
13 18312
13 18313
13 18319
13 18320
13 18321
13 18322
13 18323
13 18324
13 18325
13 18326
13 18327
13 18328
13 18329
13 18330
13 18331
13 18332
13 18486
13 18745
13 18878
13 18892
13 19233
13 19234
13 19235
13 19236
13 19237
13 19238
13 19239
13 19240
13 19241
13 19242
13 19243
13 19244
13 19245
13 19246
13 19247
13 19248
13 19249
13 19250
13 19251
13 19252
13 19253
13 19254
13 19255
13 19256
13 19257
13 19258
13 19259
13 19260
13 19261
13 19262
13 19263
13 19264
13 19265
13 19266
13 19267
13 19268
13 19269
13 19270
13 19271
13 19272
13 19273
13 19274
13 19275
13 19276
13 19277
13 19278
13 19279
13 19280
13 19281
13 19282
13 19283
13 19284
13 19285
13 19286
13 19287
13 19288
13 19289
13 19290
13 19291
13 19292
13 19293
13 19294
13 19295
13 19296
13 19297
13 19298
13 19299
13 19300
13 19609
13 19610
13 19611
13 19612
13 19613
13 19614
13 19615
13 19616
13 19617
13 19618
13 19619
13 19620
13 19621
13 19622
13 19623
13 19624
13 19625
13 19626
13 19627
13 19628
13 19629
13 19630
13 19631
13 19632
13 19633
13 19634
13 19635
13 19636
13 19637
13 19638
13 19639
13 19640
13 19641
13 19642
14 5
14 9
14 15
14 52
14 71
14 77
14 89
14 93
14 118
14 131
14 132
14 133
14 134
14 136
14 144
14 146
14 152
14 157
14 164
14 175
14 180
14 182
14 186
14 187
14 188
14 192
14 203
14 205
14 208
14 210
14 219
14 220
14 225
14 230
14 232
14 234
14 236
14 241
14 244
14 257
14 285
14 287
14 294
14 295
14 297
14 321
14 360
14 371
14 382
14 447
14 459
14 496
14 497
14 507
14 520
14 533
14 536
14 581
14 596
14 597
14 608
14 611
14 614
14 621
14 633
14 656
14 673
14 676
14 684
14 697
14 698
14 710
14 713
14 716
14 722
14 737
14 749
14 780
14 810
14 824
14 837
14 841
14 850
14 857
14 864
14 880
14 881
14 882
14 883
14 884
14 886
14 890
14 897
14 902
14 912
14 916
14 923
14 924
14 943
14 949
14 972
14 985
14 986
14 987
14 988
14 989
14 990
14 991
14 992
14 993
14 994
14 995
14 996
14 997
14 998
14 999
14 1000
14 1001
14 1002
14 1003
14 1004
14 1005
14 1006
14 1007
14 1008
14 1009
14 1010
14 1011
14 1012
14 1013
14 1014
14 1015
14 1016
14 1017
14 1018
14 1019
14 1020
14 1021
14 1022
14 1023
14 1024
14 1025
14 1026
14 1027
14 1028
14 1029
14 1030
14 1031
14 1032
14 1033
14 1034
14 1035
14 1036
14 1037
14 1038
14 1039
14 1040
14 1041
14 1042
14 1043
14 1044
14 1045
14 1046
14 1047
14 1048
14 1049
14 1050
14 1051
14 1052
14 1053
14 1054
14 1055
14 1056
14 1057
14 1058
14 1059
14 1060
14 1061
14 1062
14 1063
14 1064
14 1065
14 1066
14 1067
14 1068
14 1069
14 1070
14 1071
14 1072
14 1073
14 1074
14 1075
14 1076
14 1077
14 1078
14 1079
14 1080
14 1081
14 1082
14 1083
14 1084
14 1085
14 1086
14 1087
14 1088
14 1089
14 1090
14 1091
14 1092
14 1093
14 1094
14 1095
14 1096
14 1097
14 1098
14 1099
14 1100
14 1101
14 1102
14 1103
14 1104
14 1105
14 1106
14 1107
14 1108
14 1109
14 1110
14 1111
14 1112
14 1113
14 1114
14 1115
14 1116
14 1117
14 1118
14 1119
14 1120
14 1121
14 1122
14 1123
14 1124
14 1125
14 1126
14 1127
14 1128
14 1129
14 1130
14 1131
14 1132
14 1133
14 1134
14 1135
14 1136
14 1137
14 1138
14 1139
14 1140
14 1141
14 1142
14 1143
14 1144
14 1145
14 1146
14 1147
14 1148
14 1149
14 1150
14 1151
14 1152
14 1153
14 1154
14 1155
14 1156
14 1157
14 1158
14 1159
14 1160
14 1161
14 1162
14 1163
14 1164
14 1165
14 1166
14 1167
14 1168
14 1169
14 1170
14 1171
14 1172
14 1173
14 1174
14 1175
14 1176
14 1177
14 1178
14 1179
14 1180
14 1181
14 1182
14 1183
14 1184
14 1185
14 1186
14 1187
14 1188
14 1189
14 1190
14 1191
14 1192
14 1193
14 1194
14 1195
14 1196
14 1197
14 1198
14 1199
14 1200
14 1201
14 1202
14 1203
14 1204
14 1205
14 1206
14 1207
14 1208
14 1209
14 1210
14 1211
14 1212
14 1213
14 1214
14 1215
14 1216
14 1217
14 1218
14 1219
14 1220
14 1221
14 1222
14 1223
14 1224
14 1225
14 1226
14 1227
14 1228
14 1229
14 1230
14 1231
14 1232
14 1233
14 1234
14 1235
14 1236
14 1237
14 1238
14 1239
14 1240
14 1241
14 1242
14 1243
14 1244
14 1245
14 1246
14 1247
14 1248
14 1249
14 1250
14 1251
14 1252
14 1253
14 1254
14 1255
14 1256
14 1257
14 1258
14 1259
14 1260
14 1261
14 1262
14 1263
14 1264
14 1265
14 1266
14 1267
14 1268
14 1269
14 1270
14 1271
14 1272
14 1273
14 1274
14 1275
14 1276
14 1277
14 1278
14 1279
14 1280
14 1281
14 1282
14 1283
14 1284
14 1285
14 1286
14 1287
14 1288
14 1289
14 1290
14 1291
14 1292
14 1293
14 1294
14 1295
14 1296
14 1297
14 1298
14 1299
14 1300
14 1301
14 1302
14 1303
14 1304
14 1305
14 1306
14 1307
14 1308
14 1309
14 1310
14 1311
14 1312
14 1313
14 1314
14 1315
14 1316
14 1317
14 1318
14 1319
14 1320
14 1321
14 1322
14 1323
14 1324
14 1325
14 1326
14 1327
14 1328
14 1329
14 1330
14 1331
14 1332
14 1333
14 1334
14 1335
14 1336
14 1337
14 1338
14 1339
14 1340
14 1341
14 1342
14 1343
14 1344
14 1345
14 1346
14 1347
14 1348
14 1349
14 1350
14 1351
14 1352
14 1353
14 1354
14 1355
14 1356
14 1357
14 1358
14 1359
14 1360
14 1361
14 1362
14 1363
14 1364
14 1365
14 1366
14 1367
14 1368
14 1369
14 1370
14 1371
14 1372
14 1373
14 1374
14 1375
14 1376
14 1377
14 1378
14 1379
14 1380
14 1381
14 1382
14 1383
14 1384
14 1385
14 1386
14 1387
14 1388
14 1389
14 1390
14 1391
14 1392
14 1393
14 1394
14 1395
14 1396
14 1397
14 1398
14 1399
14 1400
14 1401
14 1402
14 1403
14 1404
14 1405
14 1406
14 1407
14 1408
14 1409
14 1410
14 1411
14 1412
14 1413
14 1414
14 1415
14 1416
14 1417
14 1418
14 1419
14 1420
14 1421
14 1422
14 1423
14 1424
14 1425
14 1426
14 1427
14 1428
14 1429
14 1430
14 1431
14 1432
14 1433
14 1434
14 1435
14 1436
14 1437
14 1438
14 1439
14 1440
14 1441
14 1442
14 1443
14 1444
14 1445
14 1446
14 1447
14 1448
14 1449
14 1450
14 1451
14 1452
14 1453
14 1454
14 1455
14 1456
14 1457
14 1458
14 1459
14 1460
14 1461
14 1462
14 1463
14 1464
14 1465
14 1466
14 1467
14 1468
14 1469
14 1470
14 1471
14 1472
14 1473
14 1474
14 1475
14 1476
14 1477
14 1478
14 1479
14 1480
14 1481
14 1482
14 1483
14 1484
14 1485
14 1486
14 1487
14 1488
14 1489
14 1490
14 1491
14 1492
14 1493
14 1494
14 1495
14 1496
14 1497
14 1498
14 1499
14 1500
14 1501
14 1502
14 1503
14 1504
14 1505
14 1506
14 1507
14 1508
14 1509
14 1510
14 1511
14 1512
14 1513
14 1514
14 1515
14 1516
14 1517
14 1518
14 1519
14 1520
14 1521
14 1522
14 1523
14 1524
14 1525
14 1526
14 1527
14 1528
14 1529
14 1530
14 1531
14 1532
14 1533
14 1534
14 1535
14 1536
14 1537
14 1538
14 1539
14 1540
14 1541
14 1542
14 1543
14 1544
14 1545
14 1546
14 1547
14 1548
14 1549
14 1550
14 1551
14 1552
14 1553
14 1554
14 1555
14 1556
14 1557
14 1558
14 1559
14 1560
14 1561
14 1562
14 1563
14 1564
14 1565
14 1566
14 1567
14 1568
14 1569
14 1570
14 1571
14 1572
14 1573
14 1574
14 1575
14 1576
14 1577
14 1578
14 1579
14 1580
14 1581
14 1582
14 1583
14 1584
14 1585
14 1586
14 1587
14 1588
14 1589
14 1590
14 1591
14 1592
14 1593
14 1594
14 1595
14 1596
14 1597
14 1598
14 1599
14 1600
14 1601
14 1602
14 1603
14 1604
14 1605
14 1606
14 1607
14 1608
14 1609
14 1610
14 1611
14 1612
14 1613
14 1614
14 1615
14 1616
14 1617
14 1618
14 1619
14 1620
14 1621
14 1622
14 1623
14 1624
14 1625
14 1626
14 1627
14 1628
14 1629
14 1630
14 1631
14 1632
14 1633
14 1634
14 1635
14 1636
14 1637
14 1638
14 1639
14 1640
14 1641
14 1642
14 1643
14 1644
14 1645
14 1646
14 1647
14 1648
14 1649
14 1650
14 1651
14 1652
14 1653
14 1654
14 1655
14 1656
14 1657
14 1658
14 1659
14 1660
14 1661
14 1662
14 1663
14 1664
14 1665
14 1666
14 1667
14 1668
14 1669
14 1670
14 1671
14 1672
14 1673
14 1674
14 1675
14 1676
14 1677
14 1678
14 1679
14 1680
14 1681
14 1682
14 1683
14 1684
14 1685
14 1686
14 1687
14 1688
14 1689
14 1690
14 1691
14 1692
14 1693
14 1694
14 1695
14 1696
14 1697
14 1698
14 1699
14 1700
14 1701
14 1702
14 1703
14 1704
14 1705
14 1706
14 1707
14 1708
14 1709
14 1710
14 1711
14 1712
14 1713
14 1714
14 1715
14 1716
14 1717
14 1718
14 1719
14 1720
14 1721
14 1722
14 1723
14 1724
14 1725
14 1726
14 1727
14 1728
14 1729
14 1730
14 1731
14 1732
14 1733
14 1734
14 1735
14 1736
14 1737
14 1738
14 1739
14 1740
14 1741
14 1742
14 1743
14 1744
14 1745
14 1746
14 1747
14 1748
14 1749
14 1750
14 1751
14 1752
14 1753
14 1754
14 1755
14 1756
14 1757
14 1758
14 1759
14 1760
14 1761
14 1762
14 1763
14 1764
14 1765
14 1766
14 1767
14 1768
14 1769
14 1770
14 1771
14 1772
14 1773
14 1774
14 1775
14 1776
14 1777
14 1778
14 1779
14 1780
14 1781
14 1782
14 1783
14 1784
14 1785
14 1786
14 1787
14 1788
14 1789
14 1790
14 1791
14 1792
14 1793
14 1794
14 1795
14 1796
14 1797
14 1798
14 1799
14 1800
14 1801
14 1802
14 1803
14 1804
14 1805
14 1806
14 1807
14 1808
14 1809
14 1810
14 1811
14 1812
14 1813
14 1814
14 1815
14 1816
14 1817
14 1818
14 1819
14 1820
14 1821
14 1822
14 1823
14 1824
14 1825
14 1826
14 1827
14 1828
14 1829
14 1830
14 1831
14 1832
14 1833
14 1834
14 1835
14 1836
14 1837
14 1838
14 1839
14 1840
14 1841
14 1842
14 1843
14 1844
14 1845
14 1846
14 1847
14 1848
14 1849
14 1861
14 1870
14 1885
14 1886
14 1887
14 1888
14 1889
14 1890
14 1891
14 1892
14 1893
14 1894
14 1895
14 1896
14 1897
14 1898
14 1899
14 1900
14 1901
14 1902
14 1903
14 1904
14 1905
14 1906
14 1907
14 1908
14 1909
14 1910
14 1911
14 1912
14 1913
14 1914
14 1915
14 1916
14 1917
14 1918
14 1919
14 1920
14 1921
14 1922
14 1923
14 1924
14 1925
14 1926
14 1927
14 1928
14 1929
14 1930
14 1931
14 1932
14 1933
14 1934
14 1935
14 1936
14 1937
14 1938
14 1939
14 1940
14 1941
14 1942
14 1943
14 1944
14 1945
14 1946
14 1947
14 1948
14 1949
14 1950
14 1951
14 1952
14 1953
14 1954
14 1955
14 1956
14 1957
14 1958
14 1959
14 1960
14 1961
14 1962
14 1963
14 1964
14 1965
14 1966
14 1967
14 1968
14 1969
14 1970
14 1971
14 1972
14 1973
14 1974
14 1975
14 1976
14 1977
14 1978
14 1979
14 1980
14 1981
14 1982
14 1983
14 1984
14 1985
14 1986
14 1987
14 1988
14 1989
14 1990
14 1991
14 1992
14 1993
14 1994
14 1995
14 1996
14 1997
14 1998
14 1999
14 2000
14 2001
14 2002
14 2003
14 2004
14 2005
14 2006
14 2007
14 2008
14 2009
14 2010
14 2011
14 2012
14 2013
14 2014
14 2015
14 2016
14 2017
14 2018
14 2019
14 2020
14 2021
14 2022
14 2023
14 2024
14 2025
14 2026
14 2027
14 2028
14 2029
14 2030
14 2031
14 2032
14 2033
14 2034
14 2035
14 2036
14 2037
14 2038
14 2039
14 2040
14 2041
14 2042
14 2043
14 2044
14 2045
14 2046
14 2047
14 2048
14 2049
14 2050
14 2051
14 2052
14 2053
14 2054
14 2055
14 2056
14 2057
14 2058
14 2059
14 2060
14 2061
14 2062
14 2063
14 2064
14 2065
14 2066
14 2067
14 2068
14 2069
14 2070
14 2071
14 2072
14 2073
14 2074
14 2075
14 2076
14 2077
14 2078
14 2079
14 2080
14 2081
14 2082
14 2083
14 2084
14 2085
14 2086
14 2087
14 2088
14 2089
14 2090
14 2091
14 2092
14 2093
14 2094
14 2095
14 2096
14 2097
14 2098
14 2099
14 2100
14 2101
14 2102
14 2103
14 2104
14 2105
14 2106
14 2107
14 2108
14 2109
14 2110
14 2111
14 2112
14 2113
14 2114
14 2115
14 2116
14 2117
14 2118
14 2119
14 2120
14 2121
14 2122
14 2123
14 2124
14 2125
14 2126
14 2127
14 2128
14 2129
14 2130
14 2131
14 2132
14 2133
14 2134
14 2135
14 2136
14 2137
14 2138
14 2139
14 2140
14 2141
14 2142
14 2143
14 2144
14 2145
14 2146
14 2147
14 2148
14 2149
14 2150
14 2151
14 2152
14 2153
14 2154
14 2155
14 2156
14 2157
14 2158
14 2159
14 2160
14 2161
14 2162
14 2163
14 2164
14 2165
14 2166
14 2167
14 2168
14 2169
14 2170
14 2171
14 2172
14 2173
14 2174
14 2175
14 2176
14 2177
14 2178
14 2179
14 2180
14 2181
14 2182
14 2183
14 2184
14 2185
14 2186
14 2187
14 2188
14 2189
14 2190
14 2191
14 2192
14 2193
14 2194
14 2195
14 2196
14 2197
14 2198
14 2199
14 2200
14 2201
14 2202
14 2203
14 2204
14 2205
14 2206
14 2207
14 2208
14 2209
14 2210
14 2211
14 2212
14 2213
14 2214
14 2215
14 2216
14 2217
14 2218
14 2219
14 2220
14 2221
14 2222
14 2223
14 2224
14 2225
14 2226
14 2227
14 2228
14 2229
14 2230
14 2231
14 2232
14 2233
14 2234
14 2235
14 2236
14 2237
14 2238
14 2239
14 2240
14 2241
14 2242
14 2243
14 2244
14 2245
14 2246
14 2247
14 2248
14 2249
14 2250
14 2251
14 2252
14 2253
14 2254
14 2255
14 2256
14 2257
14 2258
14 2259
14 2260
14 2261
14 2262
14 2263
14 2264
14 2265
14 2266
14 2267
14 2268
14 2269
14 2270
14 2271
14 2272
14 2273
14 2274
14 2275
14 2276
14 2277
14 2278
14 2279
14 2280
14 2281
14 2282
14 2283
14 2284
14 2285
14 2286
14 2287
14 2288
14 2289
14 2290
14 2291
14 2292
14 2293
14 2294
14 2295
14 2296
14 2297
14 2298
14 2299
14 2300
14 2301
14 2302
14 2303
14 2304
14 2305
14 2306
14 2307
14 2308
14 2309
14 2310
14 2311
14 2312
14 2313
14 2314
14 2315
14 2316
14 2317
14 2318
14 2319
14 2320
14 2321
14 2322
14 2323
14 2324
14 2325
14 2326
14 2327
14 2328
14 2329
14 2330
14 2331
14 2332
14 2333
14 2334
14 2335
14 2336
14 2337
14 2338
14 2339
14 2340
14 2341
14 2342
14 2343
14 2344
14 2345
14 2346
14 2347
14 2348
14 2349
14 2350
14 2351
14 2352
14 2353
14 2354
14 2355
14 2356
14 2357
14 2358
14 2359
14 2360
14 2361
14 2362
14 2363
14 2364
14 2365
14 2366
14 2367
14 2368
14 2369
14 2370
14 2371
14 2372
14 2373
14 2374
14 2375
14 2376
14 2377
14 2378
14 2379
14 2380
14 2381
14 2382
14 2383
14 2384
14 2385
14 2386
14 2387
14 2388
14 2389
14 2390
14 2391
14 2392
14 2393
14 2394
14 2395
14 2396
14 2397
14 2398
14 2399
14 2400
14 2401
14 2402
14 2403
14 2404
14 2405
14 2406
14 2407
14 2408
14 2409
14 2410
14 2411
14 2412
14 2413
14 2414
14 2415
14 2416
14 2417
14 2418
14 2419
14 2420
14 2421
14 2422
14 2423
14 2424
14 2425
14 2426
14 2427
14 2428
14 2429
14 2430
14 2431
14 2432
14 2433
14 2434
14 2435
14 2436
14 2437
14 2438
14 2439
14 2440
14 2441
14 2442
14 2443
14 2444
14 2445
14 2446
14 2447
14 2448
14 2449
14 2450
14 2451
14 2452
14 2453
14 2454
14 2455
14 2456
14 2457
14 2458
14 2459
14 2460
14 2461
14 2462
14 2463
14 2464
14 2465
14 2466
14 2467
14 2468
14 2469
14 2470
14 2471
14 2472
14 2473
14 2474
14 2475
14 2476
14 2477
14 2478
14 2479
14 2480
14 2481
14 2482
14 2483
14 2484
14 2485
14 2486
14 2487
14 2488
14 2489
14 2490
14 2491
14 2492
14 2493
14 2494
14 2495
14 2496
14 2497
14 2498
14 2499
14 2500
14 2501
14 2502
14 2503
14 2504
14 2505
14 2506
14 2507
14 2508
14 2509
14 2510
14 2511
14 2512
14 2513
14 2514
14 2515
14 2516
14 2517
14 2518
14 2519
14 2520
14 2521
14 2522
14 2523
14 2524
14 2525
14 2526
14 2527
14 2528
14 2529
14 2530
14 2531
14 2532
14 2533
14 2534
14 2535
14 2536
14 2537
14 2538
14 2539
14 2540
14 2541
14 2542
14 2543
14 2544
14 2545
14 2546
14 2547
14 2548
14 2549
14 2550
14 2551
14 2552
14 2553
14 2554
14 2555
14 2556
14 2557
14 2558
14 2559
14 2560
14 2561
14 2562
14 2563
14 2564
14 2565
14 2566
14 2567
14 2568
14 2569
14 2570
14 2571
14 2572
14 2573
14 2574
14 2575
14 2576
14 2577
14 2578
14 2579
14 2580
14 2581
14 2582
14 2583
14 2584
14 2585
14 2586
14 2587
14 2588
14 2589
14 2590
14 2591
14 2592
14 2593
14 2594
14 2595
14 2596
14 2597
14 2598
14 2599
14 2600
14 2601
14 2602
14 2603
14 2604
14 2605
14 2606
14 2607
14 2608
14 2609
14 2610
14 2611
14 2612
14 2613
14 2614
14 2615
14 2616
14 2617
14 2618
14 2619
14 2620
14 2621
14 2622
14 2623
14 2624
14 2625
14 2626
14 2627
14 2628
14 2629
14 2630
14 2631
14 2632
14 2633
14 2634
14 2635
14 2636
14 2637
14 2638
14 2639
14 2640
14 2641
14 2642
14 2643
14 2644
14 2645
14 2646
14 2647
14 2648
14 2649
14 2650
14 2651
14 2652
14 2653
14 2654
14 2655
14 2656
14 2657
14 2658
14 2659
14 2660
14 2661
14 2662
14 2663
14 2664
14 2665
14 2666
14 2667
14 2668
14 2669
14 2670
14 2671
14 2672
14 2673
14 2674
14 2675
14 2676
14 2677
14 2678
14 2679
14 2680
14 2681
14 2682
14 2683
14 2684
14 2685
14 2686
14 2687
14 2688
14 2689
14 2690
14 2691
14 2692
14 2693
14 2694
14 2695
14 2696
14 2697
14 2698
14 2699
14 2700
14 2701
14 2702
14 2703
14 2704
14 2705
14 2706
14 2707
14 2708
14 2709
14 2710
14 2711
14 2712
14 2713
14 2714
14 2715
14 2716
14 2717
14 2718
14 2719
14 2720
14 2721
14 2722
14 2723
14 2724
14 2726
14 2727
14 2728
14 2729
14 2730
14 2731
14 2732
14 2733
14 2734
14 2735
14 2736
14 2737
14 2738
14 2739
14 2740
14 2741
14 2742
14 2743
14 2744
14 2745
14 2746
14 2747
14 2748
14 2749
14 2750
14 2751
14 2752
14 2753
14 2754
14 2755
14 2757
14 2758
14 2759
14 2760
14 2761
14 2764
14 2765
14 2768
14 2769
14 2770
14 2773
14 2774
14 2775
14 2776
14 2777
14 2778
14 2779
14 2780
14 2781
14 2782
14 2783
14 2785
14 2786
14 2789
14 2790
14 2791
14 2792
14 2794
14 2795
14 2796
14 2797
14 2798
14 2799
14 2800
14 2801
14 2802
14 2803
14 2804
14 2805
14 2806
14 2807
14 2808
14 2809
14 2810
14 2811
14 2812
14 2813
14 2814
14 2817
14 2818
14 2823
14 2824
14 2825
14 2826
14 2827
14 2828
14 2829
14 2830
14 2831
14 2832
14 2833
14 2834
14 2835
14 2836
14 2837
14 2838
14 2840
14 2841
14 2842
14 2843
14 2844
14 2845
14 2848
14 2849
14 2850
14 2851
14 2852
14 2853
14 2854
14 2855
14 2856
14 2857
14 2858
14 2859
14 2860
14 2861
14 2862
14 2863
14 2864
14 2865
14 2866
14 2867
14 2868
14 2869
14 2870
14 2871
14 2872
14 2873
14 2874
14 2875
14 2876
14 2877
14 2878
14 2879
14 2880
14 2881
14 2882
14 2883
14 2884
14 2885
14 2886
14 2887
14 2888
14 2889
14 2890
14 2891
14 2892
14 2893
14 2894
14 2895
14 2896
14 2897
14 2898
14 2899
14 2900
14 2901
14 2902
14 2903
14 2904
14 2905
14 2906
14 2907
14 2908
14 2909
14 2910
14 2911
14 2912
14 2913
14 2914
14 2915
14 2916
14 2917
14 2918
14 2919
14 2920
14 2921
14 2922
14 2923
14 2924
14 2925
14 2926
14 2927
14 2928
14 2929
14 2930
14 2931
14 2932
14 2933
14 2934
14 2935
14 2936
14 2937
14 2938
14 2939
14 2940
14 2941
14 2942
14 2943
14 2944
14 2945
14 2946
14 2947
14 2948
14 2949
14 2950
14 2951
14 2952
14 2953
14 2954
14 2955
14 2956
14 2957
14 2958
14 2959
14 2960
14 2961
14 2962
14 2963
14 2964
14 2965
14 2966
14 2967
14 2968
14 2969
14 2970
14 2971
14 2972
14 2973
14 2974
14 2975
14 2976
14 2977
14 2978
14 2979
14 2980
14 2981
14 2982
14 2983
14 2984
14 2985
14 2986
14 2987
14 2988
14 2989
14 2990
14 2991
14 2992
14 2993
14 2994
14 2995
14 2996
14 2997
14 2998
14 2999
14 3000
14 3001
14 3002
14 3003
14 3004
14 3005
14 3006
14 3007
14 3008
14 3009
14 3010
14 3011
14 3012
14 3013
14 3014
14 3015
14 3016
14 3017
14 3018
14 3019
14 3020
14 3021
14 3022
14 3023
14 3026
14 3027
14 3028
14 3029
14 3030
14 3031
14 3032
14 3033
14 3034
14 3035
14 3036
14 3037
14 3038
14 3040
14 3041
14 3042
14 3044
14 3045
14 3046
14 3047
14 3048
14 3049
14 3050
14 3051
14 3052
14 3053
14 3054
14 3055
14 3056
14 3057
14 3058
14 3059
14 3060
14 3061
14 3062
14 3063
14 3065
14 3066
14 3067
14 3072
14 3075
14 3076
14 3077
14 3078
14 3079
14 3080
14 3081
14 3082
14 3083
14 3084
14 3085
14 3086
14 3087
14 3088
14 3089
14 3090
14 3091
14 3092
14 3093
14 3094
14 3095
14 3096
14 3097
14 3098
14 3099
14 3100
14 3101
14 3102
14 3103
14 3104
14 3105
14 3106
14 3107
14 3108
14 3109
14 3110
14 3111
14 3112
14 3113
14 3114
14 3115
14 3116
14 3117
14 3118
14 3119
14 3120
14 3121
14 3122
14 3123
14 3124
14 3125
14 3126
14 3127
14 3128
14 3129
14 3130
14 3131
14 3132
14 3133
14 3134
14 3135
14 3136
14 3137
14 3138
14 3139
14 3156
14 3157
14 3158
14 3161
14 3162
14 3163
14 3164
14 3165
14 3166
14 3167
14 3170
14 3171
14 3172
14 3173
14 3174
14 3175
14 3176
14 3177
14 3178
14 3182
14 3183
14 3184
14 3185
14 3186
14 3187
14 3188
14 3189
14 3190
14 3192
14 3193
14 3194
14 3195
14 3196
14 3197
14 3198
14 3199
14 3200
14 3201
14 3202
14 3203
14 3249
14 3345
14 3458
14 3459
14 3463
14 3464
14 3465
14 3473
14 3474
14 3475
14 3476
14 3477
14 3478
14 3479
14 3486
14 3487
14 3488
14 3489
14 3490
14 3497
14 3498
14 3499
14 3504
14 3505
14 3506
14 3507
14 3508
14 3509
14 3510
14 3511
14 3512
14 3513
14 3514
14 3515
14 3516
14 3533
14 3534
14 3535
14 3536
14 3537
14 3538
14 3539
14 3540
14 3541
14 3542
14 3543
14 3544
14 3545
14 3546
14 3547
14 3548
14 3549
14 3550
14 3551
14 3552
14 3553
14 3554
14 3555
14 3556
14 3557
14 3558
14 3559
14 3560
14 3561
14 3562
14 3563
14 3564
14 3565
14 3566
14 3567
14 3568
14 3569
14 3570
14 3571
14 3572
14 3573
14 3574
14 3575
14 3576
14 3577
14 3578
14 3579
14 3580
14 3581
14 3582
14 3583
14 3584
14 3585
14 3586
14 3587
14 3588
14 3589
14 3590
14 3591
14 3592
14 3593
14 3594
14 3595
14 3596
14 3597
14 3598
14 3599
14 3600
14 3601
14 3602
14 3603
14 3604
14 3605
14 3606
14 3607
14 3608
14 3609
14 3610
14 3611
14 3614
14 3615
14 3616
14 3617
14 3618
14 3619
14 3620
14 3621
14 3622
14 3624
14 3625
14 3626
14 3627
14 3628
14 3629
14 3630
14 3631
14 3632
14 3633
14 3634
14 3635
14 3636
14 3637
14 3638
14 3641
14 3642
14 3643
14 3644
14 3645
14 3646
14 3647
14 3648
14 3649
14 3650
14 3651
14 3652
14 3653
14 3654
14 3656
14 3657
14 3658
14 3659
14 3660
14 3661
14 3662
14 3663
14 3664
14 3665
14 3666
14 3667
14 3668
14 3669
14 3670
14 3671
14 3672
14 3673
14 3674
14 3675
14 3676
14 3677
14 3678
14 3679
14 3680
14 3681
14 3682
14 3683
14 3684
14 3685
14 3686
14 3687
14 3688
14 3689
14 3690
14 3691
14 3692
14 3693
14 3694
14 3695
14 3696
14 3697
14 3698
14 3699
14 3700
14 3701
14 3702
14 3703
14 3704
14 3705
14 3706
14 3707
14 3708
14 3710
14 3711
14 3712
14 3713
14 3714
14 3715
14 3716
14 3717
14 3718
14 3719
14 3720
14 3721
14 3722
14 3723
14 3724
14 3725
14 3726
14 3727
14 3728
14 3729
14 3730
14 3731
14 3732
14 3733
14 3734
14 3735
14 3736
14 3737
14 3738
14 3739
14 3740
14 3741
14 3742
14 3743
14 3744
14 3745
14 3746
14 3747
14 3748
14 3749
14 3750
14 3751
14 3752
14 3753
14 3754
14 3755
14 3756
14 3757
14 3758
14 3759
14 3760
14 3761
14 3763
14 3764
14 3766
14 3767
14 3768
14 3769
14 3770
14 3784
14 3815
14 3816
14 3921
14 3929
14 3938
14 3941
14 3942
14 3946
14 3947
14 3948
14 3949
14 3950
14 3951
14 3952
14 3953
14 3954
14 3955
14 3956
14 3957
14 3958
14 3959
14 3960
14 3961
14 3962
14 3963
14 3964
14 3965
14 3966
14 3967
14 3968
14 3969
14 3970
14 3971
14 3972
14 3973
14 3974
14 3975
14 3976
14 3977
14 3978
14 3979
14 3980
14 3981
14 3982
14 3983
14 3984
14 3985
14 3986
14 3987
14 3988
14 3989
14 3990
14 3991
14 3992
14 3993
14 3994
14 3995
14 3996
14 3997
14 3998
14 3999
14 4000
14 4001
14 4002
14 4003
14 4004
14 4005
14 4006
14 4007
14 4008
14 4009
14 4010
14 4011
14 4012
14 4013
14 4014
14 4015
14 4016
14 4017
14 4018
14 4019
14 4020
14 4021
14 4022
14 4023
14 4024
14 4025
14 4026
14 4027
14 4028
14 4029
14 4030
14 4031
14 4032
14 4033
14 4034
14 4035
14 4036
14 4037
14 4038
14 4039
14 4040
14 4041
14 4042
14 4043
14 4044
14 4045
14 4046
14 4047
14 4048
14 4049
14 4050
14 4051
14 4052
14 4053
14 4054
14 4055
14 4056
14 4057
14 4058
14 4059
14 4060
14 4061
14 4062
14 4063
14 4064
14 4065
14 4066
14 4067
14 4068
14 4069
14 4070
14 4071
14 4072
14 4073
14 4074
14 4075
14 4076
14 4077
14 4078
14 4079
14 4080
14 4081
14 4082
14 4083
14 4084
14 4085
14 4086
14 4087
14 4088
14 4089
14 4090
14 4091
14 4092
14 4093
14 4094
14 4095
14 4096
14 4097
14 4098
14 4099
14 4100
14 4101
14 4102
14 4103
14 4104
14 4105
14 4106
14 4107
14 4108
14 4109
14 4110
14 4111
14 4112
14 4113
14 4114
14 4115
14 4116
14 4117
14 4118
14 4119
14 4120
14 4121
14 4122
14 4123
14 4124
14 4125
14 4126
14 4127
14 4128
14 4129
14 4130
14 4131
14 4132
14 4133
14 4134
14 4135
14 4136
14 4137
14 4138
14 4139
14 4140
14 4141
14 4142
14 4143
14 4144
14 4145
14 4146
14 4147
14 4148
14 4149
14 4150
14 4151
14 4152
14 4153
14 4154
14 4155
14 4156
14 4157
14 4158
14 4159
14 4160
14 4161
14 4162
14 4163
14 4164
14 4165
14 4166
14 4167
14 4168
14 4169
14 4170
14 4171
14 4172
14 4173
14 4174
14 4175
14 4176
14 4177
14 4178
14 4179
14 4180
14 4181
14 4182
14 4183
14 4184
14 4185
14 4186
14 4187
14 4188
14 4189
14 4190
14 4191
14 4192
14 4193
14 4194
14 4195
14 4196
14 4197
14 4198
14 4199
14 4200
14 4201
14 4202
14 4203
14 4204
14 4205
14 4206
14 4207
14 4208
14 4209
14 4210
14 4211
14 4212
14 4213
14 4214
14 4215
14 4216
14 4217
14 4218
14 4219
14 4220
14 4221
14 4222
14 4223
14 4224
14 4225
14 4226
14 4227
14 4228
14 4229
14 4230
14 4231
14 4232
14 4233
14 4234
14 4235
14 4236
14 4237
14 4238
14 4239
14 4240
14 4241
14 4242
14 4243
14 4244
14 4245
14 4246
14 4247
14 4248
14 4249
14 4250
14 4251
14 4252
14 4253
14 4254
14 4255
14 4256
14 4257
14 4258
14 4259
14 4260
14 4261
14 4262
14 4263
14 4264
14 4265
14 4266
14 4267
14 4268
14 4269
14 4270
14 4271
14 4272
14 4273
14 4274
14 4275
14 4276
14 4277
14 4278
14 4279
14 4280
14 4281
14 4282
14 4283
14 4284
14 4285
14 4286
14 4287
14 4288
14 4289
14 4290
14 4291
14 4292
14 4293
14 4294
14 4295
14 4296
14 4297
14 4298
14 4299
14 4300
14 4301
14 4302
14 4303
14 4304
14 4305
14 4306
14 4307
14 4308
14 4309
14 4310
14 4311
14 4312
14 4313
14 4314
14 4315
14 4316
14 4317
14 4318
14 4319
14 4320
14 4321
14 4322
14 4323
14 4324
14 4325
14 4326
14 4327
14 4328
14 4329
14 4330
14 4331
14 4332
14 4333
14 4334
14 4335
14 4336
14 4337
14 4338
14 4339
14 4340
14 4341
14 4342
14 4343
14 4344
14 4345
14 4346
14 4347
14 4348
14 4349
14 4350
14 4351
14 4352
14 4353
14 4354
14 4355
14 4356
14 4357
14 4358
14 4359
14 4360
14 4361
14 4362
14 4363
14 4364
14 4365
14 4366
14 4367
14 4368
14 4369
14 4370
14 4371
14 4372
14 4373
14 4374
14 4375
14 4376
14 4377
14 4378
14 4379
14 4380
14 4381
14 4382
14 4383
14 4384
14 4385
14 4386
14 4387
14 4388
14 4389
14 4390
14 4391
14 4392
14 4393
14 4394
14 4395
14 4396
14 4397
14 4398
14 4399
14 4400
14 4401
14 4402
14 4403
14 4404
14 4405
14 4406
14 4407
14 4408
14 4409
14 4410
14 4411
14 4412
14 4413
14 4414
14 4415
14 4416
14 4417
14 4418
14 4419
14 4420
14 4421
14 4422
14 4423
14 4424
14 4425
14 4426
14 4427
14 4428
14 4429
14 4430
14 4431
14 4432
14 4433
14 4434
14 4435
14 4436
14 4437
14 4438
14 4439
14 4440
14 4441
14 4442
14 4443
14 4444
14 4445
14 4446
14 4447
14 4448
14 4449
14 4450
14 4451
14 4452
14 4453
14 4454
14 4455
14 4456
14 4457
14 4458
14 4459
14 4460
14 4461
14 4462
14 4463
14 4464
14 4465
14 4466
14 4467
14 4468
14 4469
14 4470
14 4471
14 4472
14 4473
14 4474
14 4475
14 4476
14 4477
14 4478
14 4479
14 4480
14 4481
14 4482
14 4483
14 4484
14 4485
14 4486
14 4487
14 4488
14 4489
14 4490
14 4491
14 4492
14 4493
14 4494
14 4495
14 4496
14 4497
14 4498
14 4499
14 4500
14 4501
14 4502
14 4503
14 4504
14 4505
14 4506
14 4507
14 4508
14 4509
14 4510
14 4511
14 4512
14 4513
14 4514
14 4515
14 4516
14 4517
14 4518
14 4519
14 4520
14 4521
14 4522
14 4523
14 4524
14 4525
14 4526
14 4527
14 4528
14 4529
14 4530
14 4531
14 4532
14 4533
14 4534
14 4535
14 4536
14 4537
14 4538
14 4539
14 4540
14 4541
14 4542
14 4543
14 4544
14 4545
14 4546
14 4547
14 4548
14 4549
14 4550
14 4551
14 4552
14 4553
14 4554
14 4558
14 4559
14 4560
14 4561
14 4562
14 4568
14 4569
14 4570
14 4571
14 4572
14 4573
14 4574
14 4575
14 4576
14 4577
14 4578
14 4579
14 4580
14 4583
14 4584
14 4585
14 4586
14 4587
14 4588
14 4589
14 4590
14 4591
14 4592
14 4593
14 4594
14 4595
14 4596
14 4597
14 4598
14 4599
14 4600
14 4601
14 4602
14 4603
14 4604
14 4605
14 4606
14 4607
14 4608
14 4609
14 4610
14 4611
14 4612
14 4613
14 4614
14 4615
14 4616
14 4617
14 4618
14 4619
14 4620
14 4621
14 4622
14 4623
14 4624
14 4625
14 4626
14 4627
14 4628
14 4636
14 4637
14 4638
14 4639
14 4640
14 4641
14 4642
14 4643
14 4644
14 4645
14 4646
14 4647
14 4648
14 4649
14 4650
14 4651
14 4652
14 4653
14 4654
14 4655
14 4656
14 4657
14 4658
14 4659
14 4660
14 4661
14 4662
14 4663
14 4664
14 4665
14 4666
14 4667
14 4668
14 4669
14 4670
14 4671
14 4674
14 4678
14 4682
14 4683
14 4684
14 4685
14 4686
14 4687
14 4688
14 4689
14 4690
14 4691
14 4692
14 4693
14 4694
14 4695
14 4696
14 4697
14 4698
14 4699
14 4700
14 4701
14 4702
14 4703
14 4704
14 4705
14 4706
14 4707
14 4708
14 4709
14 4710
14 4711
14 4712
14 4713
14 4714
14 4715
14 4716
14 4717
14 4718
14 4719
14 4720
14 4721
14 4722
14 4723
14 4724
14 4725
14 4726
14 4727
14 4728
14 4729
14 4730
14 4732
14 4733
14 4734
14 4735
14 4736
14 4739
14 4740
14 4741
14 4742
14 4743
14 4744
14 4745
14 4746
14 4747
14 4748
14 4749
14 4750
14 4751
14 4752
14 4753
14 4754
14 4755
14 4756
14 4757
14 4758
14 4759
14 4760
14 4761
14 4762
14 4763
14 4764
14 4765
14 4766
14 4767
14 4768
14 4769
14 4770
14 4771
14 4772
14 4773
14 4774
14 4777
14 4778
14 4779
14 4781
14 4782
14 4783
14 4784
14 4785
14 4789
14 4790
14 4792
14 4793
14 4794
14 4806
14 4822
14 4840
14 4841
14 4842
14 4843
14 4844
14 4845
14 4846
14 4847
14 4848
14 4849
14 4850
14 4851
14 4852
14 4853
14 4854
14 4855
14 4856
14 4857
14 4858
14 4859
14 4860
14 4861
14 4862
14 4863
14 4864
14 4865
14 4866
14 4867
14 4868
14 4869
14 4870
14 4871
14 4872
14 4873
14 4874
14 4875
14 4876
14 4877
14 4878
14 4879
14 4880
14 4881
14 4882
14 4885
14 4886
14 4887
14 4888
14 4889
14 4890
14 4891
14 4892
14 4893
14 4894
14 4895
14 4896
14 4897
14 4899
14 4900
14 4901
14 4903
14 4904
14 4905
14 4906
14 4907
14 4908
14 4909
14 4910
14 4914
14 4915
14 4919
14 4920
14 4921
14 4922
14 4923
14 4924
14 4925
14 4926
14 4927
14 4928
14 4934
14 4935
14 4936
14 4937
14 4938
14 4939
14 4940
14 4941
14 4942
14 4943
14 4944
14 4945
14 4946
14 4948
14 4949
14 4950
14 4951
14 4952
14 4953
14 4954
14 4955
14 4956
14 4957
14 4960
14 4961
14 4962
14 4963
14 4964
14 4965
14 4966
14 4967
14 4968
14 4969
14 4970
14 4971
14 4972
14 4973
14 4974
14 4975
14 4976
14 4978
14 4979
14 4981
14 4982
14 4983
14 4989
14 4990
14 4991
14 4992
14 4993
14 4994
14 4995
14 4998
14 5003
14 5004
14 5007
14 5008
14 5009
14 5014
14 5015
14 5016
14 5017
14 5018
14 5019
14 5020
14 5021
14 5022
14 5023
14 5024
14 5025
14 5026
14 5028
14 5029
14 5030
14 5031
14 5032
14 5033
14 5034
14 5035
14 5036
14 5037
14 5038
14 5039
14 5040
14 5041
14 5042
14 5043
14 5044
14 5045
14 5046
14 5047
14 5048
14 5049
14 5050
14 5051
14 5052
14 5053
14 5062
14 5063
14 5064
14 5065
14 5066
14 5068
14 5069
14 5070
14 5071
14 5072
14 5073
14 5075
14 5076
14 5077
14 5078
14 5079
14 5080
14 5081
14 5082
14 5083
14 5084
14 5085
14 5086
14 5087
14 5088
14 5089
14 5090
14 5091
14 5092
14 5093
14 5095
14 5098
14 5099
14 5100
14 5101
14 5102
14 5103
14 5104
14 5106
14 5107
14 5108
14 5109
14 5111
14 5112
14 5113
14 5114
14 5115
14 5116
14 5117
14 5118
14 5122
14 5123
14 5125
14 5126
14 5127
14 5130
14 5131
14 5132
14 5133
14 5134
14 5136
14 5137
14 5138
14 5139
14 5140
14 5141
14 5142
14 5143
14 5144
14 5159
14 5163
14 5164
14 5165
14 5166
14 5176
14 5177
14 5183
14 5184
14 5185
14 5191
14 5196
14 5197
14 5198
14 5199
14 5200
14 5201
14 5202
14 5203
14 5204
14 5205
14 5206
14 5207
14 5208
14 5209
14 5210
14 5211
14 5214
14 5215
14 5218
14 5219
14 5220
14 5221
14 5222
14 5224
14 5225
14 5226
14 5227
14 5228
14 5229
14 5230
14 5231
14 5232
14 5233
14 5235
14 5236
14 5237
14 5238
14 5239
14 5240
14 5241
14 5242
14 5243
14 5244
14 5245
14 5246
14 5247
14 5250
14 5251
14 5252
14 5253
14 5254
14 5255
14 5256
14 5257
14 5258
14 5259
14 5260
14 5261
14 5263
14 5264
14 5265
14 5266
14 5267
14 5268
14 5269
14 5270
14 5271
14 5272
14 5273
14 5275
14 5276
14 5277
14 5278
14 5279
14 5280
14 5281
14 5282
14 5283
14 5284
14 5285
14 5288
14 5295
14 5296
14 5297
14 5298
14 5299
14 5303
14 5304
14 5305
14 5306
14 5307
14 5308
14 5309
14 5314
14 5315
14 5316
14 5317
14 5318
14 5319
14 5320
14 5321
14 5322
14 5323
14 5324
14 5325
14 5326
14 5327
14 5328
14 5341
14 5342
14 5343
14 5344
14 5345
14 5347
14 5350
14 5351
14 5352
14 5353
14 5354
14 5355
14 5356
14 5359
14 5361
14 5369
14 5370
14 5371
14 5372
14 5373
14 5374
14 5375
14 5377
14 5378
14 5379
14 5380
14 5381
14 5385
14 6004
14 6007
14 6468
14 6527
14 6633
14 6634
14 6635
14 6870
14 7175
14 7180
14 7181
14 7182
14 7183
14 7184
14 7185
14 7186
14 7187
14 7188
14 7189
14 7190
14 7191
14 7192
14 7193
14 7194
14 7195
14 7196
14 7197
14 7198
14 7199
14 7200
14 7201
14 7202
14 7203
14 7204
14 7205
14 7206
14 7207
14 7208
14 7209
14 7210
14 7211
14 7212
14 7213
14 7214
14 7215
14 7216
14 7217
14 7218
14 7219
14 7220
14 7221
14 7222
14 7223
14 7224
14 7225
14 7226
14 7227
14 7228
14 7229
14 7230
14 7231
14 7232
14 7233
14 7234
14 7235
14 7236
14 7237
14 7238
14 7239
14 7250
14 7251
14 7252
14 7253
14 7254
14 7255
14 7256
14 7257
14 7258
14 7259
14 7260
14 7261
14 7262
14 7263
14 7264
14 7265
14 7266
14 7267
14 7268
14 7269
14 7270
14 7271
14 7272
14 7273
14 7274
14 7275
14 7276
14 7277
14 7278
14 7279
14 7280
14 7281
14 7282
14 7283
14 7284
14 7285
14 7286
14 7287
14 7288
14 7289
14 7290
14 7291
14 7292
14 7293
14 7294
14 7295
14 7296
14 7297
14 7298
14 7299
14 7300
14 7321
14 7322
14 7352
14 7353
14 7354
14 7355
14 7356
14 7357
14 7358
14 7359
14 7360
14 7361
14 7362
14 7363
14 7364
14 7365
14 7366
14 7367
14 7368
14 7369
14 7370
14 7371
14 7372
14 7373
14 7374
14 7375
14 7376
14 7377
14 7378
14 7379
14 7397
14 7412
14 7445
14 7714
14 7715
14 7814
14 7823
14 7824
14 7840
14 8033
14 8564
14 8702
14 10976
14 10977
14 11302
14 11321
14 11322
14 11331
14 11332
14 11333
14 11604
14 11609
14 11610
14 11736
14 11807
14 11831
14 11832
14 11833
14 11834
14 11839
14 11840
14 11841
14 11842
14 15952
14 15973
14 15974
14 15975
14 16034
14 16035
14 16377
14 16457
14 16458
14 16459
14 16460
14 16461
14 16462
14 16463
14 16464
14 16465
14 16466
14 16467
14 16468
14 16469
14 16470
14 16471
14 16472
14 16473
14 16474
14 16475
14 16559
14 16862
14 17398
14 19921
15 5
15 683
16 5
16 7
16 16
16 34
16 35
16 36
16 112
16 116
16 130
16 138
16 148
16 171
16 173
16 193
16 195
16 218
16 222
16 226
16 229
16 237
16 238
16 242
16 319
16 328
16 336
16 343
16 347
16 353
16 354
16 355
16 363
16 375
16 449
16 452
16 483
16 555
16 561
16 571
16 572
16 578
16 594
16 621
16 650
16 671
16 672
16 679
16 702
16 703
16 705
16 722
16 724
16 730
16 780
16 786
16 864
16 872
16 936
16 937
16 938
16 940
16 941
16 942
16 945
16 961
16 1869
16 2793
16 2806
16 3043
16 3139
16 3144
16 3145
16 3146
16 3147
16 3151
16 3152
16 3153
16 3154
16 3159
16 3160
16 3206
16 3207
16 3208
16 3209
16 3230
16 3244
16 3259
16 3469
16 3787
16 3790
16 3791
16 3793
16 3799
16 3800
16 3802
16 3803
16 3809
16 3814
16 3827
16 3831
16 3839
16 3841
16 3842
16 3845
16 3876
16 3883
16 3884
16 3886
16 3887
16 3906
16 4830
16 5057
16 5212
16 5300
16 5869
16 6171
16 6328
16 6366
16 6370
16 6583
16 6584
16 6635
16 6803
16 6805
16 6806
16 6822
16 6823
16 6824
16 6826
16 7100
16 7152
16 7155
16 7241
16 7243
16 7305
16 7306
16 7450
16 7670
16 7793
16 8013
16 8018
16 8673
17 5
17 66
17 104
17 107
17 108
17 130
17 147
17 150
17 173
17 195
17 218
17 237
17 242
17 296
17 319
17 324
17 328
17 336
17 347
17 349
17 363
17 533
17 552
17 555
17 561
17 574
17 611
17 621
17 635
17 703
17 705
17 707
18 5
18 7
18 14
18 16
18 19
18 21
18 24
18 27
18 28
18 34
18 35
18 36
18 51
18 54
18 64
18 65
18 66
18 69
18 104
18 108
18 112
18 116
18 120
18 130
18 138
18 139
18 148
18 171
18 173
18 193
18 195
18 218
18 222
18 226
18 229
18 237
18 238
18 242
18 319
18 324
18 328
18 331
18 334
18 336
18 341
18 343
18 347
18 349
18 353
18 354
18 355
18 363
18 364
18 368
18 372
18 375
18 443
18 446
18 449
18 452
18 471
18 475
18 477
18 478
18 479
18 480
18 482
18 483
18 488
18 502
18 533
18 541
18 552
18 559
18 561
18 571
18 572
18 578
18 585
18 594
18 621
18 635
18 672
18 679
18 696
18 703
18 705
18 707
18 724
18 830
18 863
18 864
18 865
18 922
18 945
18 956
18 1854
18 1869
18 1882
18 2793
18 2806
18 3025
18 3074
18 3146
18 3206
18 3244
18 3248
18 3259
18 3469
18 3493
18 3494
18 3528
18 3787
18 3797
18 3809
18 3848
18 3877
18 3886
18 4564
18 4630
18 4797
18 4830
18 4998
18 5057
18 5105
18 5391
18 5683
18 6010
18 6328
18 6365
18 6632
18 7100
18 7152
18 7155
18 7242
18 7243
18 7305
18 7313
18 7318
18 7324
18 7450
18 7481
18 7845
18 8011
18 8012
18 8024
18 8026
18 8030
18 8651
18 9186
18 9255
18 9448
19 5
19 17
20 5
20 36
20 124
20 669
20 945
20 3815
20 3846
20 3847
20 3848
20 3849
20 3850
20 3851
20 3852
20 3853
20 3854
20 3855
20 3856
20 3860
20 3861
21 5
22 5
23 5
23 16
23 19
23 21
23 27
23 34
23 64
23 77
23 120
23 138
23 148
23 171
23 173
23 218
23 222
23 229
23 238
23 242
23 319
23 328
23 347
23 350
23 353
23 354
23 452
23 533
23 571
23 578
23 625
23 671
23 679
23 703
23 705
23 707
23 724
23 863
23 945
23 956
23 1854
23 1869
23 1882
23 3025
23 3204
23 3244
23 3469
23 3493
23 3938
24 5
24 7
24 9
24 13
24 14
24 17
24 19
24 20
24 23
24 25
24 26
24 27
24 29
24 31
24 32
24 33
24 34
24 35
24 36
24 40
24 52
24 54
24 57
24 62
24 63
24 64
24 66
24 67
24 68
24 69
24 71
24 77
24 96
24 97
24 103
24 104
24 106
24 107
24 108
24 112
24 116
24 117
24 122
24 132
24 133
24 136
24 148
24 149
24 150
24 165
24 167
24 169
24 171
24 173
24 183
24 195
24 218
24 229
24 233
24 238
24 242
24 262
24 264
24 267
24 293
24 296
24 324
24 326
24 331
24 332
24 334
24 336
24 347
24 349
24 359
24 364
24 365
24 372
24 375
24 378
24 380
24 382
24 443
24 446
24 447
24 451
24 471
24 475
24 476
24 477
24 478
24 479
24 480
24 481
24 482
24 483
24 488
24 498
24 502
24 507
24 522
24 533
24 536
24 539
24 546
24 548
24 552
24 555
24 558
24 562
24 571
24 576
24 591
24 594
24 596
24 610
24 619
24 621
24 625
24 631
24 632
24 635
24 642
24 648
24 650
24 668
24 669
24 673
24 677
24 683
24 696
24 698
24 699
24 702
24 705
24 721
24 730
24 741
24 749
24 773
24 776
24 780
24 781
24 782
24 786
24 816
24 827
24 828
24 830
24 832
24 833
24 834
24 836
24 837
24 838
24 841
24 843
24 846
24 849
24 850
24 851
24 859
24 862
24 863
24 864
24 866
24 867
24 872
24 873
24 884
24 885
24 894
24 901
24 902
24 903
24 923
24 930
24 931
24 937
24 938
24 940
24 941
24 942
24 944
24 945
24 961
24 968
24 970
24 1018
24 1759
24 1854
24 1866
24 1867
24 1868
24 1869
24 1871
24 1879
24 1880
24 1881
24 2454
24 2679
24 2763
24 2767
24 2806
24 3127
24 3138
24 3139
24 3144
24 3145
24 3146
24 3147
24 3151
24 3152
24 3153
24 3154
24 3159
24 3160
24 3169
24 3181
24 3182
24 3195
24 3196
24 3197
24 3198
24 3199
24 3200
24 3201
24 3202
24 3203
24 3206
24 3207
24 3208
24 3209
24 3223
24 3225
24 3233
24 3243
24 3247
24 3248
24 3256
24 3261
24 3460
24 3461
24 3481
24 3485
24 3495
24 3503
24 3517
24 3519
24 3520
24 3522
24 3524
24 3525
24 3526
24 3527
24 3530
24 3531
24 3532
24 3623
24 3771
24 3784
24 3787
24 3790
24 3791
24 3792
24 3793
24 3795
24 3799
24 3800
24 3802
24 3803
24 3812
24 3814
24 3820
24 3823
24 3827
24 3831
24 3839
24 3841
24 3842
24 3845
24 3876
24 3883
24 3884
24 3887
24 3906
24 3907
24 3912
24 3914
24 3915
24 3918
24 3920
24 4306
24 4631
24 4632
24 4633
24 4634
24 4635
24 4799
24 4805
24 4806
24 4807
24 4810
24 4835
24 4838
24 4882
24 4898
24 4912
24 5012
24 5013
24 5027
24 5057
24 5074
24 5094
24 5097
24 5104
24 5105
24 5129
24 5135
24 5146
24 5167
24 5168
24 5169
24 5300
24 5339
24 5340
24 5376
24 5553
24 5650
24 5684
24 5784
24 6014
24 6018
24 6171
24 6172
24 6173
24 6174
24 6400
24 6445
24 6451
24 6463
24 6479
24 6480
24 6481
24 6482
24 6483
24 6484
24 6486
24 6488
24 6494
24 6495
24 6498
24 6500
24 6501
24 6502
24 6503
24 6504
24 6505
24 6508
24 6509
24 6528
24 6534
24 6537
24 6583
24 6584
24 6598
24 6632
24 6633
24 6634
24 6635
24 6638
24 6646
24 6655
24 6656
24 6657
24 6658
24 6659
24 6660
24 6661
24 6662
24 6663
24 6664
24 6665
24 6666
24 6667
24 6668
24 6670
24 6672
24 6673
24 6674
24 6676
24 6677
24 6678
24 6689
24 6783
24 6821
24 6828
24 6933
24 7152
24 7241
24 7242
24 7243
24 7245
24 7249
24 7304
24 7305
24 7306
24 7314
24 7318
24 7399
24 7402
24 7670
24 7762
24 7793
24 7794
24 8485
24 8498
24 8993
24 9017
24 9022
24 9035
24 9445
24 9617
24 9648
24 9734
24 9735
24 10071
24 10094
24 11736
25 5
25 7
25 14
25 19
25 20
25 21
25 24
25 27
25 28
25 34
25 35
25 36
25 38
25 64
25 66
25 69
25 116
25 120
25 130
25 138
25 148
25 171
25 173
25 193
25 195
25 218
25 222
25 226
25 229
25 237
25 238
25 242
25 319
25 324
25 328
25 334
25 341
25 343
25 347
25 349
25 350
25 353
25 354
25 355
25 366
25 397
25 449
25 452
25 473
25 533
25 552
25 555
25 561
25 572
25 578
25 586
25 621
25 625
25 671
25 672
25 679
25 703
25 705
25 707
25 724
26 5
27 5
27 7
27 53
27 69
27 77
27 99
27 121
27 134
27 166
27 167
27 171
27 194
27 218
27 222
27 229
27 326
27 342
27 347
27 353
27 371
27 382
27 533
27 538
27 541
27 548
27 562
27 630
27 631
27 647
27 649
27 655
27 703
27 707
27 768
27 772
27 841
27 864
27 868
27 909
27 945
27 1854
27 1882
27 2725
27 2806
27 3076
27 3259
27 3493
27 3529
27 3531
27 3929
27 3936
27 4780
27 4798
27 5002
27 5013
27 5124
27 5135
27 5189
27 5212
27 5249
27 5274
27 5310
27 5391
27 5492
27 5604
27 6017
27 6018
27 6356
27 6466
27 6528
27 6770
27 6803
27 6822
27 6850
27 6857
27 6868
27 6921
27 6922
27 6923
27 6949
27 6950
27 7015
27 7155
27 7305
27 7713
27 7762
27 10087
27 11438
27 16093
27 16110
28 5
28 9
28 26
28 51
28 116
28 222
28 351
28 355
28 549
28 571
28 574
28 772
28 864
28 970
28 3233
28 3816
28 3835
28 3852
28 4566
28 4680
28 5189
28 5785
28 6482
28 6758
28 6760
28 6766
28 7670
28 8030
28 8575
28 10045
28 10085
28 11401
28 11600
28 11834
28 17767
28 17953
28 18112
28 18615
28 18802
28 19380
29 5
30 5
30 4737
31 5
32 5
33 5
33 13
33 16
33 18
33 32
33 34
33 35
33 36
33 40
33 100
33 121
33 129
33 135
33 160
33 167
33 218
33 222
33 229
33 238
33 242
33 343
33 347
33 364
33 460
33 533
33 536
33 548
33 562
33 581
33 585
33 630
33 655
33 672
33 677
33 727
33 736
33 772
33 774
33 784
33 858
33 864
33 868
33 880
33 909
33 922
33 936
33 952
33 1854
33 1882
33 3074
33 3244
33 3259
33 3531
33 3798
33 3892
33 4564
33 4780
33 4878
33 5105
33 5124
33 5129
33 5135
33 5146
33 5147
33 5148
33 5149
33 5150
33 5151
33 5152
33 5153
33 5154
33 5155
33 5156
33 5157
33 5158
33 5160
33 5161
33 5162
33 5170
33 5171
33 5172
33 5173
33 5174
33 5175
33 5178
33 5179
33 5180
33 5181
33 5182
33 5187
33 5188
33 5189
33 5190
33 5192
33 5193
33 5195
33 5212
33 5216
33 5262
33 5274
33 5287
33 5290
33 5300
33 5310
33 5348
33 5391
33 5408
33 5444
33 5445
33 5446
33 5447
33 5448
33 5463
33 5464
33 5465
33 5466
33 5467
33 5469
33 5492
33 5553
33 5559
33 5560
33 5561
33 5562
33 5563
33 5564
33 5565
33 5566
33 5567
33 5568
33 5597
33 5602
33 5682
33 5685
33 5686
33 5687
33 5688
33 5689
33 5690
33 5691
33 5692
33 5693
33 5694
33 5695
33 5696
33 5697
33 5698
33 5699
33 5700
33 5701
33 5702
33 5703
33 5704
33 5705
33 5706
33 5707
33 5708
33 5709
33 5710
33 5711
33 5712
33 5713
33 5714
33 5715
33 5716
33 5717
33 5718
33 5724
33 5725
33 5726
33 5727
33 5728
33 5729
33 5730
33 5731
33 5732
33 5733
33 5734
33 5735
33 5736
33 5737
33 5738
33 5739
33 5740
33 5741
33 5742
33 5743
33 5744
33 5745
33 5746
33 5747
33 5748
33 5749
33 5750
33 5751
33 5752
33 5753
33 5754
33 5755
33 5756
33 5757
33 5758
33 5759
33 5760
33 5761
33 5762
33 5763
33 5764
33 5765
33 5766
33 5767
33 5768
33 5769
33 5770
33 5771
33 5772
33 5773
33 5774
33 5775
33 5776
33 5777
33 5778
33 5779
33 5786
33 5787
33 5788
33 5789
33 5790
33 5791
33 5792
33 5793
33 5794
33 5795
33 5796
33 5797
33 5798
33 5799
33 5800
33 5801
33 5802
33 5803
33 5804
33 5805
33 5806
33 5807
33 5808
33 5809
33 5810
33 5811
33 5812
33 5813
33 5814
33 5815
33 5816
33 5817
33 5818
33 5819
33 5820
33 5821
33 5822
33 5823
33 5824
33 5825
33 5826
33 5827
33 5828
33 5829
33 5830
33 5831
33 5832
33 5833
33 5834
33 5835
33 5836
33 5837
33 5838
33 5839
33 5840
33 5841
33 5842
33 5843
33 5844
33 5845
33 5846
33 5847
33 5848
33 5849
33 5850
33 5851
33 5852
33 5853
33 5854
33 5855
33 5856
33 5857
33 5858
33 5859
33 5860
33 5861
33 5862
33 5863
33 5873
33 5874
33 5875
33 5876
33 5877
33 5878
33 5879
33 5880
33 5881
33 5882
33 5883
33 5884
33 5885
33 5886
33 5887
33 5888
33 5889
33 5890
33 5891
33 5892
33 5893
33 5894
33 5895
33 5896
33 5897
33 5898
33 5899
33 5900
33 5901
33 5902
33 5903
33 5904
33 5905
33 5906
33 5907
33 5908
33 5909
33 5910
33 5911
33 5912
33 5913
33 5914
33 5915
33 5916
33 5917
33 5918
33 5919
33 5920
33 5921
33 5922
33 5923
33 5924
33 5925
33 5926
33 5927
33 5928
33 5929
33 5930
33 5931
33 5932
33 5933
33 5934
33 5935
33 5936
33 5937
33 5938
33 5939
33 5940
33 5941
33 5942
33 5943
33 5944
33 5945
33 5946
33 5947
33 5948
33 5949
33 5950
33 5951
33 5952
33 5953
33 5954
33 5955
33 5956
33 5957
33 5958
33 5959
33 5960
33 5961
33 5962
33 5963
33 5964
33 5965
33 5966
33 5967
33 5968
33 5969
33 5970
33 5971
33 5972
33 5973
33 5974
33 5975
33 5976
33 5977
33 5978
33 5979
33 5980
33 5981
33 5982
33 5983
33 5984
33 5985
33 5986
33 5987
33 5988
33 5989
33 5990
33 5991
33 5992
33 5993
33 5994
33 5995
33 5996
33 5997
33 5998
33 5999
33 6000
33 6001
33 6002
33 6019
33 6020
33 6021
33 6022
33 6023
33 6024
33 6025
33 6026
33 6027
33 6028
33 6029
33 6030
33 6031
33 6032
33 6033
33 6034
33 6035
33 6036
33 6037
33 6038
33 6039
33 6040
33 6041
33 6042
33 6043
33 6044
33 6045
33 6046
33 6047
33 6048
33 6049
33 6050
33 6051
33 6052
33 6053
33 6054
33 6055
33 6056
33 6057
33 6058
33 6059
33 6060
33 6061
33 6062
33 6063
33 6064
33 6065
33 6066
33 6067
33 6068
33 6069
33 6070
33 6071
33 6072
33 6073
33 6074
33 6075
33 6076
33 6077
33 6078
33 6079
33 6080
33 6081
33 6082
33 6083
33 6084
33 6085
33 6086
33 6087
33 6088
33 6089
33 6090
33 6091
33 6092
33 6093
33 6094
33 6095
33 6096
33 6097
33 6098
33 6099
33 6100
33 6101
33 6102
33 6103
33 6104
33 6105
33 6106
33 6107
33 6108
33 6109
33 6110
33 6111
33 6112
33 6113
33 6114
33 6115
33 6116
33 6117
33 6118
33 6119
33 6120
33 6121
33 6122
33 6123
33 6124
33 6125
33 6126
33 6127
33 6128
33 6129
33 6130
33 6131
33 6132
33 6133
33 6134
33 6135
33 6136
33 6137
33 6138
33 6139
33 6140
33 6141
33 6142
33 6143
33 6144
33 6145
33 6146
33 6147
33 6148
33 6149
33 6150
33 6151
33 6152
33 6153
33 6154
33 6155
33 6156
33 6157
33 6158
33 6159
33 6160
33 6161
33 6162
33 6163
33 6164
33 6165
33 6166
33 6167
33 6179
33 6180
33 6181
33 6182
33 6183
33 6184
33 6185
33 6186
33 6187
33 6188
33 6189
33 6190
33 6191
33 6192
33 6193
33 6194
33 6195
33 6196
33 6197
33 6198
33 6199
33 6200
33 6201
33 6202
33 6203
33 6204
33 6205
33 6206
33 6207
33 6208
33 6209
33 6210
33 6211
33 6212
33 6213
33 6214
33 6215
33 6216
33 6217
33 6218
33 6219
33 6220
33 6221
33 6222
33 6223
33 6224
33 6225
33 6226
33 6227
33 6228
33 6229
33 6230
33 6231
33 6232
33 6233
33 6234
33 6235
33 6236
33 6237
33 6238
33 6239
33 6240
33 6241
33 6242
33 6243
33 6244
33 6245
33 6246
33 6247
33 6248
33 6249
33 6250
33 6251
33 6252
33 6253
33 6254
33 6255
33 6256
33 6257
33 6258
33 6259
33 6260
33 6261
33 6262
33 6263
33 6264
33 6265
33 6266
33 6267
33 6268
33 6269
33 6270
33 6271
33 6272
33 6273
33 6274
33 6275
33 6276
33 6277
33 6278
33 6279
33 6280
33 6281
33 6282
33 6283
33 6284
33 6285
33 6286
33 6287
33 6288
33 6289
33 6290
33 6291
33 6292
33 6293
33 6294
33 6295
33 6296
33 6297
33 6298
33 6299
33 6300
33 6301
33 6302
33 6303
33 6304
33 6305
33 6306
33 6307
33 6308
33 6309
33 6310
33 6311
33 6312
33 6313
33 6314
33 6315
33 6316
33 6317
33 6318
33 6319
33 6320
33 6321
33 6322
33 6323
33 6324
33 6325
33 6326
33 6327
33 6333
33 6334
33 6335
33 6336
33 6337
33 6338
33 6339
33 6340
33 6341
33 6342
33 6343
33 6344
33 6345
33 6346
33 6347
33 6348
33 6349
33 6350
33 6351
33 6352
33 6353
33 6354
33 6357
33 6358
33 6359
33 6360
33 6361
33 6362
33 6371
33 6372
33 6373
33 6374
33 6375
33 6376
33 6377
33 6378
33 6379
33 6380
33 6381
33 6382
33 6383
33 6384
33 6385
33 6386
33 6388
33 6389
33 6390
33 6391
33 6392
33 6393
33 6394
33 6395
33 6396
33 6397
33 6398
33 6401
33 6402
33 6403
33 6404
33 6405
33 6406
33 6407
33 6408
33 6409
33 6411
33 6412
33 6413
33 6414
33 6415
33 6416
33 6417
33 6418
33 6419
33 6420
33 6421
33 6422
33 6423
33 6424
33 6425
33 6426
33 6427
33 6428
33 6429
33 6430
33 6431
33 6432
33 6433
33 6434
33 6435
33 6436
33 6437
33 6438
33 6439
33 6440
33 6441
33 6442
33 6443
33 6444
33 6445
33 6446
33 6447
33 6448
33 6449
33 6450
33 6451
33 6452
33 6453
33 6487
33 6489
33 6490
33 6491
33 6492
33 6493
33 6496
33 6497
33 6499
33 6506
33 6507
33 6508
33 6511
33 6512
33 6513
33 6514
33 6515
33 6516
33 6517
33 6518
33 6519
33 6520
33 6521
33 6523
33 6525
33 6526
33 6529
33 6530
33 6535
33 6536
33 6538
33 6539
33 6540
33 6541
33 6542
33 6543
33 6544
33 6545
33 6546
33 6547
33 6548
33 6549
33 6550
33 6551
33 6552
33 6553
33 6554
33 6555
33 6556
33 6557
33 6558
33 6559
33 6560
33 6561
33 6562
33 6563
33 6564
33 6565
33 6566
33 6567
33 6568
33 6569
33 6570
33 6571
33 6573
33 6574
33 6575
33 6578
33 6579
33 6580
33 6581
33 6582
33 6585
33 6586
33 6587
33 6588
33 6589
33 6590
33 6591
33 6592
33 6593
33 6594
33 6595
33 6596
33 6597
33 6599
33 6600
33 6601
33 6602
33 6603
33 6604
33 6606
33 6607
33 6608
33 6610
33 6611
33 6612
33 6613
33 6614
33 6615
33 6616
33 6617
33 6618
33 6619
33 6620
33 6621
33 6622
33 6623
33 6624
33 6625
33 6626
33 6627
33 6628
33 6629
33 6630
33 6631
33 6636
33 6637
33 6640
33 6641
33 6642
33 6643
33 6644
33 6645
33 6647
33 6648
33 6649
33 6650
33 6652
33 6653
33 6654
33 6669
33 6675
33 6679
33 6680
33 6681
33 6682
33 6683
33 6684
33 6685
33 6695
33 6696
33 6697
33 6698
33 6699
33 6700
33 6701
33 6702
33 6703
33 6704
33 6705
33 6706
33 6707
33 6708
33 6709
33 6710
33 6711
33 6712
33 6713
33 6714
33 6715
33 6716
33 6717
33 6718
33 6719
33 6720
33 6721
33 6722
33 6723
33 6724
33 6725
33 6726
33 6727
33 6728
33 6729
33 6730
33 6731
33 6732
33 6733
33 6734
33 6735
33 6740
33 6743
33 6744
33 6745
33 6746
33 6748
33 6749
33 6750
33 6751
33 6752
33 6753
33 6754
33 6755
33 6757
33 6768
33 6769
33 6772
33 6775
33 6776
33 6777
33 6778
33 6779
33 6780
33 6781
33 6782
33 6784
33 6785
33 6786
33 6789
33 6790
33 6791
33 6793
33 6794
33 6795
33 6796
33 6797
33 6798
33 6799
33 6800
33 6801
33 6802
33 6808
33 6809
33 6810
33 6811
33 6812
33 6813
33 6815
33 6816
33 6817
33 6818
33 6819
33 6820
33 6827
33 6831
33 6832
33 6833
33 6834
33 6835
33 6836
33 6837
33 6838
33 6839
33 6840
33 6842
33 6845
33 6848
33 6849
33 6851
33 6852
33 6853
33 6854
33 6855
33 6856
33 6861
33 6862
33 6863
33 6864
33 6865
33 6869
33 6871
33 6872
33 6873
33 6874
33 6875
33 6878
33 6879
33 6880
33 6882
33 6883
33 6884
33 6885
33 6887
33 6888
33 6889
33 6890
33 6891
33 6892
33 6894
33 6895
33 6896
33 6897
33 6898
33 6899
33 6902
33 6904
33 6905
33 6907
33 6908
33 6909
33 6911
33 6912
33 6913
33 6915
33 6916
33 6917
33 6918
33 6919
33 6924
33 6925
33 6926
33 6927
33 6928
33 6929
33 6930
33 6931
33 6932
33 6935
33 6936
33 6937
33 6938
33 6939
33 6940
33 6941
33 6942
33 6943
33 6944
33 6945
33 6946
33 6947
33 6948
33 6951
33 6952
33 6953
33 6954
33 6955
33 6956
33 6957
33 6958
33 6959
33 6960
33 6961
33 6962
33 6963
33 6964
33 6965
33 6968
33 6969
33 6970
33 6971
33 6972
33 6973
33 6974
33 6976
33 6977
33 6978
33 6979
33 6980
33 6981
33 6982
33 6983
33 6984
33 6985
33 6986
33 6987
33 6988
33 6989
33 6990
33 6991
33 6992
33 6993
33 6994
33 6995
33 6996
33 6997
33 6998
33 6999
33 7000
33 7001
33 7002
33 7003
33 7004
33 7005
33 7006
33 7007
33 7008
33 7009
33 7010
33 7011
33 7012
33 7013
33 7014
33 7016
33 7020
33 7021
33 7022
33 7024
33 7025
33 7026
33 7027
33 7028
33 7030
33 7031
33 7032
33 7033
33 7034
33 7035
33 7036
33 7037
33 7038
33 7039
33 7041
33 7043
33 7044
33 7045
33 7046
33 7047
33 7048
33 7049
33 7050
33 7052
33 7053
33 7054
33 7059
33 7060
33 7061
33 7062
33 7063
33 7064
33 7065
33 7066
33 7067
33 7069
33 7070
33 7071
33 7072
33 7073
33 7074
33 7075
33 7076
33 7077
33 7078
33 7079
33 7080
33 7081
33 7082
33 7083
33 7084
33 7085
33 7086
33 7087
33 7088
33 7089
33 7092
33 7093
33 7094
33 7095
33 7096
33 7097
33 7098
33 7099
33 7101
33 7102
33 7103
33 7105
33 7106
33 7107
33 7109
33 7111
33 7112
33 7113
33 7114
33 7115
33 7116
33 7117
33 7118
33 7119
33 7121
33 7122
33 7123
33 7124
33 7125
33 7132
33 7133
33 7134
33 7135
33 7137
33 7138
33 7139
33 7140
33 7141
33 7142
33 7144
33 7145
33 7146
33 7147
33 7148
33 7149
33 7150
33 7151
33 7153
33 7154
33 7156
33 7157
33 7158
33 7159
33 7160
33 7161
33 7162
33 7163
33 7164
33 7165
33 7166
33 7168
33 7169
33 7171
33 7172
33 7173
33 7307
33 7308
33 7309
33 7310
33 7311
33 7312
33 7315
33 7316
33 7317
33 7319
33 7325
33 7326
33 7327
33 7328
33 7329
33 7330
33 7331
33 7332
33 7333
33 7334
33 7335
33 7336
33 7337
33 7338
33 7339
33 7340
33 7341
33 7342
33 7343
33 7344
33 7345
33 7346
33 7347
33 7348
33 7349
33 7350
33 7381
33 7382
33 7383
33 7384
33 7385
33 7386
33 7387
33 7388
33 7389
33 7390
33 7391
33 7392
33 7393
33 7394
33 7415
33 7416
33 7417
33 7418
33 7419
33 7420
33 7421
33 7422
33 7423
33 7424
33 7425
33 7426
33 7427
33 7428
33 7429
33 7430
33 7431
33 7432
33 7433
33 7434
33 7435
33 7436
33 7437
33 7438
33 7439
33 7440
33 7441
33 7442
33 7443
33 7444
33 7457
33 7458
33 7459
33 7460
33 7461
33 7462
33 7463
33 7464
33 7465
33 7466
33 7467
33 7468
33 7469
33 7470
33 7471
33 7472
33 7473
33 7474
33 7475
33 7476
33 7477
33 7508
33 7509
33 7510
33 7511
33 7512
33 7513
33 7514
33 7515
33 7516
33 7517
33 7518
33 7519
33 7520
33 7521
33 7522
33 7523
33 7524
33 7525
33 7526
33 7527
33 7528
33 7529
33 7530
33 7531
33 7532
33 7533
33 7534
33 7535
33 7536
33 7537
33 7538
33 7539
33 7540
33 7541
33 7542
33 7543
33 7544
33 7545
33 7546
33 7547
33 7548
33 7549
33 7550
33 7551
33 7552
33 7553
33 7554
33 7555
33 7556
33 7557
33 7558
33 7560
33 7561
33 7562
33 7563
33 7564
33 7565
33 7566
33 7567
33 7568
33 7569
33 7570
33 7571
33 7572
33 7573
33 7574
33 7575
33 7577
33 7580
33 7581
33 7583
33 7584
33 7587
33 7590
33 7591
33 7592
33 7593
33 7594
33 7595
33 7596
33 7597
33 7598
33 7599
33 7600
33 7601
33 7602
33 7603
33 7605
33 7606
33 7607
33 7608
33 7609
33 7610
33 7611
33 7612
33 7613
33 7614
33 7615
33 7616
33 7617
33 7618
33 7619
33 7620
33 7621
33 7622
33 7623
33 7624
33 7625
33 7626
33 7627
33 7628
33 7629
33 7630
33 7631
33 7632
33 7633
33 7634
33 7635
33 7636
33 7637
33 7638
33 7639
33 7640
33 7641
33 7642
33 7643
33 7644
33 7645
33 7646
33 7647
33 7648
33 7649
33 7650
33 7651
33 7653
33 7654
33 7655
33 7656
33 7657
33 7658
33 7659
33 7660
33 7661
33 7671
33 7672
33 7673
33 7674
33 7675
33 7676
33 7677
33 7678
33 7679
33 7680
33 7681
33 7682
33 7683
33 7684
33 7685
33 7686
33 7687
33 7688
33 7689
33 7690
33 7691
33 7692
33 7693
33 7694
33 7695
33 7696
33 7697
33 7698
33 7699
33 7700
33 7701
33 7702
33 7703
33 7704
33 7705
33 7706
33 7707
33 7708
33 7709
33 7717
33 7718
33 7719
33 7720
33 7721
33 7722
33 7723
33 7724
33 7725
33 7726
33 7727
33 7728
33 7729
33 7730
33 7731
33 7732
33 7733
33 7734
33 7735
33 7736
33 7737
33 7738
33 7739
33 7740
33 7741
33 7742
33 7743
33 7744
33 7745
33 7746
33 7747
33 7748
33 7749
33 7750
33 7751
33 7752
33 7753
33 7754
33 7755
33 7756
33 7757
33 7758
33 7759
33 7761
33 7763
33 7764
33 7765
33 7766
33 7767
33 7768
33 7769
33 7770
33 7771
33 7772
33 7773
33 7774
33 7775
33 7776
33 7777
33 7778
33 7779
33 7780
33 7781
33 7782
33 7783
33 7784
33 7785
33 7787
33 7788
33 7789
33 7790
33 7791
33 7792
33 7795
33 7796
33 7797
33 7798
33 7799
33 7800
33 7801
33 7802
33 7803
33 7804
33 7805
33 7806
33 7807
33 7808
33 7809
33 7810
33 7812
33 7813
33 7815
33 7816
33 7817
33 7818
33 7819
33 7820
33 7821
33 7822
33 7826
33 7827
33 7828
33 7829
33 7830
33 7831
33 7832
33 7833
33 7834
33 7836
33 7837
33 7838
33 7839
33 7841
33 7842
33 7843
33 7844
33 7846
33 7847
33 7848
33 7849
33 7850
33 7852
33 7853
33 7854
33 7855
33 7856
33 7857
33 7858
33 7859
33 7860
33 7861
33 7862
33 7863
33 7864
33 7865
33 7867
33 7868
33 7869
33 7870
33 7871
33 7872
33 7873
33 7874
33 7875
33 7876
33 7877
33 7878
33 7879
33 7880
33 7881
33 7883
33 7884
33 7885
33 7886
33 7887
33 7888
33 7889
33 7890
33 7892
33 7893
33 7894
33 7895
33 7896
33 7897
33 7898
33 7899
33 7900
33 7901
33 7902
33 7903
33 7904
33 7905
33 7906
33 7907
33 7908
33 7909
33 7910
33 7912
33 7913
33 7914
33 7915
33 7917
33 7918
33 7919
33 7920
33 7921
33 7922
33 7923
33 7924
33 7925
33 7926
33 7928
33 7929
33 7930
33 7931
33 7932
33 7934
33 7935
33 7936
33 7937
33 7938
33 7940
33 7941
33 7942
33 7943
33 7944
33 7945
33 7946
33 7947
33 7948
33 7949
33 7950
33 7951
33 7952
33 7953
33 7954
33 7955
33 7956
33 7957
33 7958
33 7959
33 7961
33 7962
33 7964
33 7965
33 7966
33 7967
33 7968
33 7969
33 7970
33 7971
33 7972
33 7973
33 7974
33 7975
33 7976
33 7977
33 7978
33 7979
33 7980
33 7981
33 7982
33 7983
33 7984
33 7985
33 7986
33 7987
33 7988
33 7989
33 7990
33 7991
33 7992
33 7993
33 7994
33 7995
33 7996
33 7999
33 8000
33 8001
33 8002
33 8003
33 8004
33 8005
33 8006
33 8007
33 8008
33 8019
33 8020
33 8021
33 8022
33 8023
33 8031
33 8032
33 8034
33 8035
33 8036
33 8037
33 8038
33 8039
33 8040
33 8041
33 8042
33 8043
33 8044
33 8045
33 8046
33 8047
33 8048
33 8049
33 8050
33 8051
33 8052
33 8053
33 8054
33 8055
33 8056
33 8057
33 8058
33 8059
33 8060
33 8061
33 8062
33 8063
33 8064
33 8065
33 8066
33 8067
33 8068
33 8069
33 8070
33 8071
33 8072
33 8073
33 8074
33 8075
33 8076
33 8077
33 8079
33 8080
33 8081
33 8082
33 8083
33 8084
33 8085
33 8086
33 8087
33 8088
33 8089
33 8090
33 8091
33 8092
33 8093
33 8094
33 8095
33 8096
33 8098
33 8099
33 8100
33 8101
33 8102
33 8103
33 8104
33 8105
33 8106
33 8107
33 8108
33 8109
33 8110
33 8111
33 8112
33 8113
33 8114
33 8115
33 8116
33 8117
33 8118
33 8119
33 8120
33 8121
33 8122
33 8123
33 8124
33 8125
33 8126
33 8127
33 8128
33 8129
33 8130
33 8131
33 8132
33 8133
33 8134
33 8135
33 8136
33 8137
33 8138
33 8139
33 8140
33 8141
33 8142
33 8144
33 8147
33 8152
33 8153
33 8154
33 8155
33 8156
33 8157
33 8158
33 8159
33 8160
33 8161
33 8162
33 8163
33 8164
33 8165
33 8166
33 8167
33 8168
33 8169
33 8170
33 8171
33 8172
33 8174
33 8175
33 8176
33 8177
33 8179
33 8180
33 8181
33 8182
33 8183
33 8184
33 8185
33 8186
33 8188
33 8189
33 8190
33 8191
33 8192
33 8193
33 8194
33 8195
33 8196
33 8197
33 8198
33 8199
33 8200
33 8201
33 8202
33 8203
33 8204
33 8205
33 8207
33 8208
33 8210
33 8211
33 8212
33 8213
33 8214
33 8215
33 8216
33 8217
33 8218
33 8219
33 8220
33 8221
33 8222
33 8223
33 8224
33 8226
33 8227
33 8228
33 8229
33 8233
33 8234
33 8235
33 8236
33 8237
33 8238
33 8239
33 8240
33 8241
33 8242
33 8245
33 8246
33 8247
33 8248
33 8249
33 8250
33 8251
33 8252
33 8253
33 8254
33 8255
33 8257
33 8258
33 8259
33 8260
33 8263
33 8265
33 8266
33 8267
33 8268
33 8269
33 8270
33 8272
33 8273
33 8274
33 8275
33 8276
33 8277
33 8278
33 8279
33 8280
33 8281
33 8282
33 8283
33 8284
33 8285
33 8286
33 8287
33 8288
33 8289
33 8290
33 8291
33 8292
33 8293
33 8294
33 8295
33 8296
33 8297
33 8298
33 8299
33 8300
33 8301
33 8302
33 8303
33 8304
33 8305
33 8306
33 8307
33 8308
33 8309
33 8310
33 8311
33 8314
33 8315
33 8316
33 8317
33 8318
33 8319
33 8320
33 8321
33 8322
33 8323
33 8324
33 8325
33 8326
33 8327
33 8328
33 8329
33 8330
33 8331
33 8332
33 8333
33 8334
33 8335
33 8336
33 8337
33 8338
33 8339
33 8340
33 8341
33 8342
33 8343
33 8344
33 8345
33 8346
33 8347
33 8348
33 8349
33 8350
33 8351
33 8352
33 8353
33 8354
33 8355
33 8356
33 8357
33 8358
33 8359
33 8360
33 8361
33 8362
33 8363
33 8364
33 8365
33 8366
33 8367
33 8368
33 8369
33 8370
33 8371
33 8372
33 8373
33 8374
33 8375
33 8376
33 8377
33 8378
33 8379
33 8380
33 8381
33 8382
33 8383
33 8384
33 8385
33 8386
33 8387
33 8388
33 8389
33 8390
33 8391
33 8392
33 8393
33 8394
33 8395
33 8396
33 8397
33 8398
33 8399
33 8400
33 8401
33 8402
33 8403
33 8404
33 8405
33 8406
33 8407
33 8408
33 8409
33 8410
33 8411
33 8412
33 8413
33 8414
33 8415
33 8416
33 8417
33 8418
33 8419
33 8420
33 8421
33 8422
33 8423
33 8424
33 8425
33 8426
33 8427
33 8428
33 8429
33 8430
33 8431
33 8432
33 8433
33 8434
33 8435
33 8436
33 8437
33 8438
33 8439
33 8440
33 8441
33 8442
33 8443
33 8444
33 8445
33 8446
33 8447
33 8448
33 8449
33 8450
33 8451
33 8452
33 8453
33 8454
33 8455
33 8456
33 8457
33 8458
33 8459
33 8460
33 8461
33 8462
33 8463
33 8464
33 8465
33 8466
33 8467
33 8468
33 8469
33 8470
33 8471
33 8472
33 8473
33 8474
33 8475
33 8476
33 8477
33 8478
33 8479
33 8480
33 8481
33 8482
33 8483
33 8484
33 8486
33 8487
33 8488
33 8489
33 8491
33 8492
33 8493
33 8494
33 8495
33 8496
33 8497
33 8499
33 8501
33 8502
33 8504
33 8505
33 8506
33 8507
33 8508
33 8509
33 8510
33 8511
33 8513
33 8514
33 8515
33 8516
33 8517
33 8518
33 8519
33 8520
33 8521
33 8522
33 8523
33 8524
33 8525
33 8526
33 8527
33 8528
33 8529
33 8530
33 8531
33 8532
33 8535
33 8539
33 8540
33 8541
33 8542
33 8543
33 8544
33 8545
33 8546
33 8547
33 8548
33 8550
33 8551
33 8552
33 8553
33 8554
33 8555
33 8556
33 8557
33 8558
33 8559
33 8560
33 8561
33 8562
33 8563
33 8564
33 8565
33 8566
33 8567
33 8568
33 8569
33 8570
33 8571
33 8572
33 8573
33 8574
33 8576
33 8577
33 8578
33 8580
33 8581
33 8582
33 8583
33 8584
33 8585
33 8586
33 8587
33 8588
33 8589
33 8590
33 8591
33 8592
33 8593
33 8594
33 8595
33 8596
33 8597
33 8598
33 8599
33 8600
33 8601
33 8602
33 8603
33 8604
33 8605
33 8606
33 8607
33 8608
33 8609
33 8610
33 8611
33 8612
33 8613
33 8614
33 8615
33 8616
33 8617
33 8618
33 8619
33 8620
33 8621
33 8622
33 8623
33 8624
33 8625
33 8626
33 8627
33 8628
33 8629
33 8630
33 8632
33 8633
33 8637
33 8638
33 8639
33 8640
33 8641
33 8642
33 8643
33 8644
33 8645
33 8646
33 8647
33 8648
33 8649
33 8650
33 8653
33 8654
33 8655
33 8656
33 8657
33 8659
33 8660
33 8661
33 8662
33 8663
33 8664
33 8665
33 8666
33 8668
33 8670
33 8671
33 8675
33 8676
33 8677
33 8678
33 8679
33 8680
33 8681
33 8682
33 8683
33 8684
33 8685
33 8686
33 8687
33 8688
33 8689
33 8690
33 8691
33 8692
33 8693
33 8694
33 8695
33 8696
33 8697
33 8699
33 8700
33 8701
33 8706
33 8707
33 8709
33 8710
33 8711
33 8712
33 8713
33 8714
33 8715
33 8716
33 8717
33 8718
33 8719
33 8720
33 8721
33 8722
33 8723
33 8724
33 8727
33 8728
33 8729
33 8731
33 8732
33 8733
33 8734
33 8735
33 8736
33 8737
33 8738
33 8739
33 8740
33 8741
33 8742
33 8743
33 8744
33 8745
33 8746
33 8747
33 8748
33 8749
33 8750
33 8751
33 8752
33 8753
33 8754
33 8755
33 8756
33 8757
33 8758
33 8759
33 8760
33 8761
33 8762
33 8763
33 8764
33 8765
33 8766
33 8767
33 8768
33 8769
33 8770
33 8771
33 8772
33 8773
33 8774
33 8775
33 8776
33 8777
33 8778
33 8779
33 8780
33 8781
33 8782
33 8783
33 8784
33 8785
33 8786
33 8787
33 8788
33 8789
33 8790
33 8791
33 8792
33 8793
33 8794
33 8795
33 8796
33 8797
33 8798
33 8799
33 8800
33 8801
33 8802
33 8803
33 8804
33 8805
33 8806
33 8807
33 8808
33 8809
33 8810
33 8811
33 8812
33 8813
33 8814
33 8815
33 8816
33 8817
33 8818
33 8819
33 8820
33 8821
33 8822
33 8823
33 8824
33 8825
33 8826
33 8827
33 8828
33 8829
33 8830
33 8831
33 8832
33 8833
33 8834
33 8835
33 8836
33 8837
33 8838
33 8839
33 8840
33 8841
33 8842
33 8843
33 8845
33 8846
33 8848
33 8849
33 8850
33 8851
33 8852
33 8853
33 8854
33 8855
33 8856
33 8857
33 8858
33 8859
33 8860
33 8861
33 8862
33 8863
33 8864
33 8865
33 8866
33 8867
33 8868
33 8869
33 8870
33 8871
33 8872
33 8873
33 8874
33 8875
33 8876
33 8877
33 8878
33 8879
33 8880
33 8881
33 8882
33 8883
33 8884
33 8885
33 8887
33 8888
33 8889
33 8890
33 8891
33 8892
33 8893
33 8894
33 8895
33 8896
33 8897
33 8898
33 8899
33 8900
33 8901
33 8902
33 8903
33 8904
33 8905
33 8907
33 8910
33 8911
33 8912
33 8913
33 8915
33 8916
33 8917
33 8918
33 8919
33 8920
33 8921
33 8922
33 8923
33 8924
33 8925
33 8926
33 8928
33 8930
33 8931
33 8932
33 8933
33 8934
33 8935
33 8936
33 8937
33 8938
33 8939
33 8940
33 8941
33 8942
33 8943
33 8945
33 8946
33 8947
33 8948
33 8949
33 8950
33 8951
33 8952
33 8953
33 8954
33 8955
33 8956
33 8957
33 8958
33 8959
33 8960
33 8961
33 8962
33 8963
33 8964
33 8965
33 8966
33 8967
33 8968
33 8969
33 8970
33 8971
33 8972
33 8973
33 8974
33 8975
33 8976
33 8977
33 8978
33 8979
33 8980
33 8981
33 8982
33 8983
33 8985
33 8986
33 8987
33 8988
33 8989
33 8990
33 8991
33 8992
33 8994
33 8995
33 8996
33 8997
33 8998
33 8999
33 9000
33 9001
33 9002
33 9003
33 9004
33 9005
33 9006
33 9007
33 9008
33 9009
33 9010
33 9011
33 9012
33 9015
33 9016
33 9018
33 9019
33 9020
33 9021
33 9022
33 9023
33 9024
33 9025
33 9027
33 9028
33 9029
33 9030
33 9031
33 9032
33 9033
33 9034
33 9036
33 9037
33 9038
33 9039
33 9040
33 9041
33 9042
33 9043
33 9044
33 9045
33 9046
33 9047
33 9048
33 9049
33 9050
33 9051
33 9052
33 9053
33 9054
33 9056
33 9057
33 9058
33 9059
33 9060
33 9061
33 9062
33 9063
33 9064
33 9065
33 9066
33 9067
33 9068
33 9069
33 9070
33 9071
33 9072
33 9073
33 9074
33 9075
33 9076
33 9077
33 9078
33 9079
33 9080
33 9081
33 9082
33 9083
33 9084
33 9085
33 9086
33 9087
33 9088
33 9089
33 9090
33 9091
33 9092
33 9093
33 9094
33 9095
33 9096
33 9098
33 9099
33 9100
33 9101
33 9102
33 9103
33 9104
33 9105
33 9106
33 9107
33 9108
33 9109
33 9110
33 9111
33 9112
33 9113
33 9114
33 9115
33 9116
33 9117
33 9118
33 9119
33 9120
33 9121
33 9122
33 9123
33 9124
33 9125
33 9126
33 9127
33 9128
33 9129
33 9130
33 9131
33 9132
33 9133
33 9134
33 9135
33 9136
33 9137
33 9138
33 9139
33 9140
33 9143
33 9144
33 9145
33 9146
33 9147
33 9148
33 9149
33 9150
33 9151
33 9152
33 9153
33 9154
33 9155
33 9156
33 9157
33 9158
33 9159
33 9160
33 9161
33 9162
33 9163
33 9164
33 9165
33 9166
33 9167
33 9168
33 9169
33 9170
33 9171
33 9172
33 9173
33 9174
33 9175
33 9176
33 9177
33 9178
33 9181
33 9182
33 9183
33 9184
33 9199
33 9200
33 9201
33 9202
33 9203
33 9204
33 9205
33 9206
33 9207
33 9208
33 9209
33 9210
33 9211
33 9212
33 9213
33 9214
33 9215
33 9216
33 9217
33 9219
33 9220
33 9221
33 9222
33 9223
33 9224
33 9225
33 9226
33 9227
33 9228
33 9229
33 9231
33 9232
33 9233
33 9234
33 9235
33 9237
33 9238
33 9239
33 9240
33 9242
33 9243
33 9244
33 9246
33 9247
33 9248
33 9249
33 9250
33 9251
33 9252
33 9254
33 9256
33 9257
33 9258
33 9260
33 9263
33 9264
33 9266
33 9267
33 9270
33 9271
33 9273
33 9274
33 9278
33 9279
33 9280
33 9281
33 9282
33 9283
33 9284
33 9285
33 9286
33 9287
33 9288
33 9289
33 9290
33 9291
33 9292
33 9293
33 9294
33 9295
33 9296
33 9297
33 9298
33 9299
33 9300
33 9301
33 9302
33 9303
33 9304
33 9305
33 9306
33 9308
33 9309
33 9310
33 9311
33 9312
33 9313
33 9314
33 9315
33 9316
33 9317
33 9318
33 9320
33 9321
33 9322
33 9323
33 9324
33 9326
33 9328
33 9329
33 9330
33 9331
33 9332
33 9333
33 9334
33 9335
33 9336
33 9337
33 9338
33 9339
33 9340
33 9341
33 9342
33 9343
33 9344
33 9345
33 9346
33 9347
33 9348
33 9349
33 9350
33 9351
33 9352
33 9353
33 9355
33 9356
33 9357
33 9359
33 9361
33 9362
33 9363
33 9364
33 9365
33 9366
33 9367
33 9368
33 9369
33 9370
33 9371
33 9372
33 9374
33 9376
33 9377
33 9378
33 9379
33 9380
33 9381
33 9382
33 9383
33 9384
33 9385
33 9386
33 9387
33 9388
33 9389
33 9390
33 9391
33 9392
33 9393
33 9394
33 9395
33 9396
33 9397
33 9398
33 9399
33 9400
33 9401
33 9402
33 9404
33 9405
33 9406
33 9407
33 9408
33 9409
33 9410
33 9411
33 9412
33 9413
33 9414
33 9415
33 9416
33 9417
33 9418
33 9419
33 9420
33 9421
33 9422
33 9423
33 9425
33 9427
33 9428
33 9429
33 9430
33 9431
33 9432
33 9433
33 9434
33 9435
33 9436
33 9437
33 9438
33 9439
33 9440
33 9459
33 9460
33 9461
33 9462
33 9463
33 9464
33 9465
33 9466
33 9467
33 9468
33 9469
33 9470
33 9471
33 9472
33 9473
33 9474
33 9475
33 9476
33 9477
33 9478
33 9479
33 9480
33 9481
33 9482
33 9483
33 9484
33 9485
33 9486
33 9487
33 9488
33 9489
33 9490
33 9491
33 9492
33 9493
33 9494
33 9495
33 9496
33 9497
33 9498
33 9499
33 9500
33 9501
33 9502
33 9503
33 9504
33 9505
33 9506
33 9507
33 9508
33 9509
33 9510
33 9511
33 9512
33 9513
33 9514
33 9515
33 9516
33 9517
33 9518
33 9519
33 9520
33 9521
33 9522
33 9523
33 9524
33 9525
33 9526
33 9527
33 9528
33 9529
33 9530
33 9531
33 9532
33 9533
33 9534
33 9535
33 9536
33 9537
33 9538
33 9539
33 9541
33 9542
33 9543
33 9544
33 9545
33 9546
33 9547
33 9548
33 9549
33 9550
33 9551
33 9552
33 9554
33 9555
33 9556
33 9557
33 9558
33 9559
33 9560
33 9561
33 9562
33 9563
33 9564
33 9565
33 9566
33 9567
33 9568
33 9569
33 9570
33 9571
33 9573
33 9574
33 9575
33 9576
33 9577
33 9578
33 9579
33 9580
33 9581
33 9582
33 9584
33 9585
33 9586
33 9587
33 9588
33 9589
33 9590
33 9592
33 9593
33 9594
33 9595
33 9596
33 9598
33 9599
33 9600
33 9601
33 9602
33 9603
33 9604
33 9605
33 9606
33 9607
33 9608
33 9609
33 9610
33 9611
33 9612
33 9613
33 9614
33 9615
33 9618
33 9619
33 9620
33 9621
33 9622
33 9623
33 9624
33 9625
33 9626
33 9627
33 9628
33 9629
33 9630
33 9631
33 9632
33 9633
33 9634
33 9635
33 9636
33 9637
33 9638
33 9640
33 9641
33 9642
33 9643
33 9644
33 9645
33 9646
33 9649
33 9650
33 9652
33 9653
33 9654
33 9655
33 9656
33 9657
33 9658
33 9660
33 9661
33 9662
33 9663
33 9664
33 9665
33 9666
33 9667
33 9668
33 9669
33 9670
33 9673
33 9674
33 9675
33 9677
33 9678
33 9679
33 9680
33 9681
33 9682
33 9683
33 9684
33 9685
33 9686
33 9687
33 9688
33 9689
33 9690
33 9691
33 9692
33 9693
33 9694
33 9695
33 9696
33 9697
33 9698
33 9699
33 9700
33 9701
33 9702
33 9703
33 9704
33 9705
33 9706
33 9707
33 9708
33 9709
33 9710
33 9711
33 9712
33 9713
33 9714
33 9715
33 9716
33 9717
33 9718
33 9719
33 9720
33 9721
33 9722
33 9723
33 9724
33 9725
33 9726
33 9727
33 9728
33 9729
33 9730
33 9731
33 9732
33 9733
33 9736
33 9737
33 9738
33 9739
33 9741
33 9742
33 9743
33 9744
33 9745
33 9746
33 9747
33 9748
33 9749
33 9750
33 9751
33 9752
33 9753
33 9754
33 9755
33 9756
33 9757
33 9758
33 9759
33 9760
33 9761
33 9762
33 9763
33 9764
33 9765
33 9766
33 9768
33 9769
33 9770
33 9771
33 9773
33 9774
33 9776
33 9777
33 9778
33 9779
33 9780
33 9781
33 9782
33 9783
33 9784
33 9785
33 9786
33 9787
33 9788
33 9789
33 9790
33 9791
33 9792
33 9793
33 9794
33 9795
33 9796
33 9797
33 9798
33 9799
33 9800
33 9801
33 9802
33 9803
33 9804
33 9805
33 9806
33 9807
33 9808
33 9809
33 9810
33 9811
33 9812
33 9813
33 9814
33 9815
33 9816
33 9817
33 9818
33 9819
33 9820
33 9821
33 9822
33 9823
33 9824
33 9825
33 9826
33 9827
33 9828
33 9829
33 9830
33 9831
33 9832
33 9833
33 9834
33 9835
33 9836
33 9837
33 9838
33 9839
33 9840
33 9841
33 9842
33 9843
33 9844
33 9845
33 9846
33 9847
33 9848
33 9849
33 9850
33 9851
33 9852
33 9853
33 9854
33 9855
33 9856
33 9857
33 9858
33 9859
33 9860
33 9861
33 9862
33 9863
33 9864
33 9865
33 9866
33 9871
33 9872
33 9873
33 9874
33 9875
33 9876
33 9877
33 9878
33 9879
33 9880
33 9881
33 9882
33 9883
33 9884
33 9885
33 9886
33 9887
33 9888
33 9889
33 9890
33 9891
33 9892
33 9893
33 9895
33 9896
33 9897
33 9898
33 9899
33 9900
33 9902
33 9903
33 9904
33 9905
33 9906
33 9907
33 9908
33 9909
33 9910
33 9911
33 9912
33 9913
33 9914
33 9915
33 9916
33 9917
33 9918
33 9919
33 9920
33 9921
33 9922
33 9923
33 9924
33 9925
33 9926
33 9927
33 9928
33 9929
33 9930
33 9931
33 9932
33 9933
33 9934
33 9935
33 9936
33 9937
33 9938
33 9939
33 9941
33 9942
33 9944
33 9945
33 9946
33 9947
33 9948
33 9949
33 9950
33 9951
33 9952
33 9953
33 9954
33 9955
33 9956
33 9958
33 9959
33 9960
33 9962
33 9963
33 9964
33 9971
33 9972
33 9973
33 9974
33 9975
33 9976
33 9977
33 9980
33 9981
33 9982
33 9984
33 9985
33 9986
33 9987
33 9988
33 9989
33 9990
33 9991
33 9992
33 9993
33 9995
33 9996
33 9997
33 9998
33 10000
33 10001
33 10002
33 10003
33 10004
33 10005
33 10006
33 10007
33 10008
33 10009
33 10010
33 10011
33 10012
33 10014
33 10150
33 10152
33 10153
33 10154
33 10155
33 10156
33 10157
33 10158
33 10159
33 10160
33 10161
33 10162
33 10163
33 10164
33 10165
33 10166
33 10167
33 10168
33 10169
33 10170
33 10171
33 10172
33 10173
33 10174
33 10175
33 10176
33 10177
33 10178
33 10179
34 5
34 28
34 66
34 130
34 147
34 150
34 171
34 226
34 471
34 484
34 707
34 863
34 864
34 3877
34 4830
34 5682
34 5869
35 5
36 5
36 863
36 6690
36 6691
36 6692
36 6693
36 6694
37 5
38 5
38 289
39 5
39 1869
40 5
41 5
41 36
41 63
41 96
41 101
41 109
41 123
41 183
41 292
41 354
41 382
41 507
41 533
41 541
41 548
41 594
41 727
41 743
41 841
41 864
41 946
41 952
41 1879
41 2806
41 3248
41 3795
41 4737
41 4788
41 4912
41 5287
41 6583
41 6686
41 6758
41 6870
41 6893
41 7015
41 7042
41 7130
41 7480
41 7851
41 8011
41 8503
41 8672
41 8673
41 8674
41 8702
41 8704
41 8705
41 8726
41 9193
41 9194
41 9451
41 9458
41 9540
41 9553
41 9639
41 9647
41 9867
41 9868
41 9869
41 9961
41 9965
41 9966
41 9967
41 9968
41 9969
41 9970
41 10075
41 10090
41 10122
41 10182
41 10183
41 10184
41 10185
41 10186
41 10187
41 10188
41 10189
41 10190
41 10191
41 10192
41 10193
41 10194
41 10195
41 11401
42 5
43 5
44 5
44 19
44 24
44 27
44 222
44 559
44 585
44 625
44 5391
44 6632
44 7155
44 7242
44 8026
44 9869
45 5
46 5
46 7
46 54
46 68
46 71
46 118
46 158
46 159
46 165
46 194
46 249
46 251
46 309
46 312
46 334
46 945
46 946
46 947
46 3795
46 3892
46 4816
46 4916
46 5339
46 5556
46 10201
46 11038
46 11039
46 11182
46 11183
46 11184
46 11185
46 11186
46 11187
46 11188
46 11189
46 11190
46 11191
46 11192
46 11193
46 11194
46 11195
46 11196
47 5
47 7
47 38
47 53
47 68
47 70
47 76
47 100
47 102
47 103
47 110
47 114
47 121
47 153
47 166
47 167
47 169
47 172
47 194
47 222
47 229
47 300
47 301
47 302
47 303
47 304
47 305
47 306
47 307
47 308
47 309
47 310
47 311
47 312
47 313
47 315
47 316
47 317
47 319
47 342
47 347
47 353
47 361
47 366
47 367
47 374
47 538
47 541
47 547
47 548
47 562
47 577
47 626
47 630
47 631
47 640
47 641
47 642
47 643
47 647
47 655
47 685
47 703
47 725
47 747
47 768
47 772
47 864
47 868
47 904
47 906
47 907
47 908
47 909
47 920
47 945
47 956
47 1854
47 1882
47 2820
47 2821
47 3205
47 3210
47 3211
47 3212
47 3213
47 3214
47 3226
47 3229
47 3231
47 3232
47 3259
47 3493
47 3529
47 3531
47 3623
47 3787
47 3803
47 3810
47 3830
47 3874
47 3891
47 3893
47 3897
47 3936
47 4780
47 5002
47 5124
47 5135
47 5186
47 5189
47 5217
47 5274
47 5287
47 5289
47 5310
47 5391
47 5448
47 5492
47 5604
47 5785
47 5866
47 6010
47 6018
47 6369
47 6481
47 6509
47 6694
47 6770
47 6803
47 6822
47 6823
47 6857
47 7104
47 7120
47 7126
47 7127
47 7128
47 7380
47 7395
47 7396
47 7414
47 7664
47 7762
47 8262
47 8634
47 8667
47 8672
47 9373
47 10094
47 11182
48 5
48 14
48 16
48 21
48 27
48 28
48 34
48 35
48 38
48 39
48 63
48 64
48 69
48 112
48 116
48 138
48 148
48 171
48 193
48 195
48 218
48 222
48 226
48 229
48 237
48 238
48 242
48 324
48 328
48 341
48 343
48 347
48 350
48 353
48 354
48 355
48 449
48 452
48 533
48 539
48 552
48 559
48 561
48 572
48 578
48 585
48 594
48 666
48 672
48 679
48 696
48 702
48 703
48 705
48 707
48 722
48 724
48 730
48 862
48 863
48 864
48 865
48 872
48 945
48 956
48 1854
48 1868
48 1869
48 1878
48 1882
48 2793
48 2806
48 3043
48 3139
48 3244
48 3247
48 3469
48 3493
48 3494
48 3528
48 3785
48 3787
48 3821
48 3906
48 3938
48 4564
48 4630
48 4674
48 5057
48 5105
48 5212
48 5300
48 5311
48 5391
48 5869
48 6010
48 6328
48 6364
48 6365
48 6366
48 6370
48 6632
48 6635
48 6747
48 7100
48 7152
48 7155
48 7241
48 7242
48 7305
48 7306
48 7318
48 7380
48 7450
48 7480
48 7481
48 7670
48 7845
48 8010
48 8011
48 8012
48 8013
48 8014
48 8015
48 8016
48 8018
48 8024
48 8026
48 8027
48 8030
48 9869
48 10182
48 10183
48 10190
48 10191
48 10192
48 10193
49 5
50 5
51 5
52 5
53 5
54 5
54 380
54 6822
54 11350
54 15265
54 15272
54 15834
54 15835
54 15836
54 15837
54 15838
54 15839
54 15840
55 5
56 5
56 7
56 77
56 123
56 130
56 301
56 432
56 496
56 538
56 555
56 667
56 669
56 5216
56 6758
56 10114
56 17987
56 18058
56 18108
56 18110
56 18639
56 18805
56 18868
56 19019
56 19020
56 20727
56 20729
56 20730
56 20731
56 20732
56 20733
56 20734
56 21701
56 21702
57 5
57 52
57 3784
57 18104
57 18206
57 18254
58 5
58 7
58 54
58 62
58 63
58 69
58 103
58 107
58 125
58 145
58 158
58 194
58 319
58 320
58 455
58 489
58 538
58 547
58 553
58 574
58 619
58 630
58 638
58 669
58 914
58 930
58 931
58 2725
58 3495
58 3801
58 3830
58 3831
58 3854
58 3861
58 3876
58 3907
58 4826
58 5289
58 5444
58 5561
58 5866
58 6328
58 6483
58 6509
58 7314
58 7322
58 7414
58 7670
58 7933
58 9185
58 9968
58 10094
58 10123
58 10149
58 11196
58 11385
58 11606
58 11645
58 11648
58 11655
58 11656
58 11657
58 11660
58 11745
58 11800
58 11830
58 15264
58 15862
58 15919
58 15920
58 15921
58 15922
58 16751
58 18210
58 18397
58 18845
58 18846
58 18847
58 18848
58 18849
58 18850
58 18851
58 18975
58 19922
59 5
59 7
59 40
59 53
59 75
59 77
59 112
59 114
59 117
59 118
59 120
59 138
59 145
59 159
59 165
59 166
59 169
59 177
59 222
59 226
59 229
59 242
59 252
59 261
59 289
59 294
59 324
59 340
59 344
59 345
59 348
59 349
59 350
59 351
59 356
59 365
59 382
59 455
59 460
59 533
59 538
59 548
59 552
59 558
59 562
59 566
59 576
59 591
59 619
59 626
59 630
59 641
59 649
59 655
59 665
59 671
59 679
59 687
59 702
59 720
59 723
59 725
59 726
59 735
59 738
59 741
59 772
59 817
59 819
59 849
59 904
59 907
59 914
59 928
59 930
59 945
59 946
59 971
59 1853
59 1854
59 1868
59 1872
59 2725
59 2772
59 2793
59 2822
59 3024
59 3205
59 3223
59 3224
59 3232
59 3244
59 3259
59 3485
59 3493
59 3494
59 3527
59 3623
59 3771
59 3792
59 3810
59 3830
59 3851
59 3854
59 3877
59 3905
59 3907
59 3932
59 3939
59 4680
59 4807
59 4812
59 4814
59 4911
59 4912
59 4913
59 4931
59 4932
59 5135
59 5189
59 5212
59 5216
59 5274
59 5287
59 5310
59 5391
59 5566
59 5567
59 5596
59 5597
59 5869
59 6018
59 6366
59 6505
59 6509
59 6759
59 6760
59 6763
59 6765
59 6766
59 6857
59 7104
59 7126
59 7155
59 7243
59 7314
59 7322
59 7396
59 7405
59 7413
59 7451
59 7480
59 7482
59 7484
59 7495
59 7497
59 7498
59 7664
59 7711
59 7712
59 7716
59 7891
59 8014
59 8029
59 8187
59 8312
59 8634
59 8667
59 9186
59 9193
59 9261
59 9869
59 9961
59 9968
59 9969
59 10018
59 10031
59 10060
59 10085
59 10094
59 10109
59 10127
59 10136
59 10140
59 10182
59 11034
59 11187
59 11191
59 11203
59 11217
59 11229
59 11232
59 11254
59 11256
59 11314
59 11334
59 11335
59 11336
59 11337
59 11341
59 11342
59 11343
59 11344
59 11345
59 11346
59 11364
59 11365
59 11366
59 11382
59 11385
59 11392
59 11393
59 11397
59 11400
59 11421
59 11560
59 11561
59 11573
59 11597
59 11601
59 11605
59 11607
59 11632
59 11633
59 11646
59 11728
59 11730
59 11746
59 11769
59 11771
59 11772
59 11773
59 11774
59 11775
59 11776
59 11777
59 11778
59 11779
59 11780
59 11781
59 11782
59 11783
59 11784
59 11785
59 11786
59 11787
59 11788
59 11819
59 15267
59 15919
59 16110
59 16111
59 16454
59 16491
59 16642
59 16908
59 17406
59 17697
59 17746
59 17864
59 17953
59 17972
59 17973
59 17974
59 17975
59 17976
59 17977
59 17978
59 17979
59 17980
59 17982
59 17985
59 18060
59 18112
59 18135
59 18136
59 18220
59 18259
59 18305
59 18309
59 18396
59 18404
59 18405
59 18406
59 18407
59 18408
59 18409
59 18410
59 18465
59 18466
59 18467
59 18468
59 18469
59 18470
59 18471
59 18472
59 18473
59 18474
59 18475
59 18476
59 18477
59 18478
59 18479
59 18480
59 18481
59 18482
59 18483
59 18484
59 18485
59 18486
59 18487
59 18488
59 18489
59 18490
59 18491
59 18492
59 18493
59 18494
59 18495
59 18496
59 18497
59 18498
59 18499
59 18518
59 18519
59 18526
59 18583
59 18638
59 18639
59 18647
59 18652
59 18802
59 18809
59 18812
59 18842
59 18846
59 18852
59 18853
59 18854
59 18855
59 18856
59 18857
59 18858
59 18859
59 18860
59 18861
59 18862
59 18863
59 18864
59 18865
59 18866
59 18867
59 18868
59 18869
59 18870
59 18871
59 18872
59 18873
59 18874
59 18875
59 18876
59 18877
59 18879
59 18880
59 18881
59 18882
59 18883
59 18884
59 18885
59 18886
59 18887
59 18966
59 19021
59 19022
59 19023
59 19024
59 19025
59 19026
59 19027
59 19028
59 19083
59 19084
59 19085
59 19086
59 19087
59 19088
59 19089
59 19090
59 19091
59 19092
59 19093
59 19094
59 19095
59 19096
59 19097
59 19098
59 19099
59 19100
59 19101
59 19102
59 19303
59 19498
59 19690
59 19733
59 19734
59 19735
59 19736
59 19737
59 19738
59 19739
59 19740
59 19741
59 20402
59 20403
59 20404
59 20405
59 21333
60 5
61 5
61 7
61 12
61 34
61 37
61 38
61 51
61 66
61 75
61 97
61 117
61 118
61 119
61 120
61 147
61 148
61 153
61 160
61 161
61 165
61 166
61 167
61 168
61 169
61 177
61 181
61 183
61 218
61 233
61 238
61 246
61 258
61 263
61 264
61 286
61 291
61 292
61 305
61 313
61 325
61 342
61 346
61 348
61 349
61 350
61 351
61 356
61 383
61 450
61 470
61 475
61 502
61 546
61 547
61 553
61 562
61 566
61 572
61 576
61 585
61 593
61 594
61 619
61 626
61 629
61 632
61 635
61 647
61 649
61 650
61 655
61 668
61 674
61 702
61 705
61 707
61 723
61 724
61 734
61 738
61 739
61 740
61 741
61 747
61 748
61 784
61 816
61 817
61 818
61 820
61 852
61 864
61 868
61 915
61 931
61 937
61 945
61 956
61 959
61 960
61 961
61 977
61 982
61 983
61 1850
61 1859
61 1871
61 1876
61 2793
61 3024
61 3025
61 3068
61 3072
61 3145
61 3146
61 3151
61 3207
61 3222
61 3223
61 3224
61 3233
61 3242
61 3246
61 3257
61 3470
61 3501
61 3503
61 3517
61 3521
61 3530
61 3655
61 3771
61 3795
61 3797
61 3798
61 3802
61 3803
61 3810
61 3814
61 3827
61 3831
61 3839
61 3840
61 3841
61 3844
61 3847
61 3874
61 3886
61 3892
61 3893
61 3905
61 3932
61 3938
61 3941
61 4564
61 4566
61 4674
61 4680
61 4737
61 4775
61 4776
61 4796
61 4797
61 4811
61 4814
61 4815
61 4823
61 4824
61 4825
61 4830
61 4911
61 4912
61 5135
61 5189
61 5212
61 5248
61 5287
61 5289
61 5290
61 5310
61 5408
61 5447
61 5468
61 5553
61 5556
61 5562
61 5563
61 5564
61 5567
61 5683
61 5785
61 5866
61 5869
61 6010
61 6018
61 6328
61 6368
61 6369
61 6400
61 6410
61 6479
61 6481
61 6500
61 6505
61 6509
61 6583
61 6584
61 6609
61 6639
61 6747
61 6759
61 6760
61 6761
61 6762
61 6763
61 6764
61 6765
61 6766
61 6783
61 6803
61 6804
61 6822
61 6823
61 6826
61 7130
61 7131
61 7178
61 7243
61 7245
61 7320
61 7380
61 7395
61 7396
61 7406
61 7408
61 7410
61 7411
61 7412
61 7448
61 7449
61 7450
61 7451
61 7454
61 7456
61 7480
61 7487
61 7494
61 7497
61 7502
61 7503
61 7504
61 7505
61 7506
61 7582
61 7664
61 7762
61 7851
61 7866
61 7939
61 7963
61 7998
61 8009
61 8010
61 8013
61 8014
61 8016
61 8017
61 8030
61 8264
61 8651
61 8667
61 8914
61 8993
61 9017
61 9141
61 9142
61 9196
61 9236
61 9262
61 9628
61 9647
61 9999
61 10019
61 10022
61 10032
61 10034
61 10038
61 10041
61 10047
61 10052
61 10067
61 10068
61 10072
61 10094
61 10110
61 10120
61 10128
61 10129
61 10130
61 10138
61 10139
61 10186
61 10189
61 10990
61 11034
61 11182
61 11183
61 11184
61 11187
61 11190
61 11224
61 11254
61 11258
61 11269
61 11272
61 11284
61 11319
61 11347
61 11348
61 11350
61 11356
61 11365
61 11382
61 11387
61 11391
61 11399
61 11400
61 11408
61 11420
61 11428
61 11431
61 11558
61 11569
61 11570
61 11591
61 11593
61 11600
61 11603
61 11605
61 11607
61 11629
61 11638
61 11645
61 11647
61 11651
61 11660
61 11715
61 11729
61 11730
61 11739
61 11748
61 11760
61 11761
61 11762
61 11777
61 11800
61 11803
61 11830
61 11836
61 15264
61 15265
61 15268
61 15269
61 15272
61 15834
61 15835
61 15839
61 15862
61 15901
61 15902
61 15918
61 15919
61 15921
61 15922
61 15973
61 15974
61 16093
61 16110
61 16112
61 16448
61 16450
61 16451
61 16458
61 16464
61 16545
61 16548
61 16551
61 16640
61 16642
61 16686
61 16795
61 16907
61 17283
61 17294
61 17746
61 17751
61 17752
61 17754
61 17767
61 17768
61 17864
61 17964
61 17969
61 17982
61 17983
61 18054
61 18055
61 18112
61 18119
61 18134
61 18135
61 18137
61 18208
61 18218
61 18219
61 18222
61 18259
61 18262
61 18303
61 18323
61 18336
61 18372
61 18373
61 18374
61 18375
61 18376
61 18377
61 18378
61 18380
61 18383
61 18384
61 18385
61 18386
61 18387
61 18388
61 18389
61 18390
61 18391
61 18392
61 18393
61 18394
61 18396
61 18417
61 18418
61 18464
61 18465
61 18467
61 18468
61 18477
61 18486
61 18488
61 18489
61 18490
61 18493
61 18496
61 18497
61 18499
61 18520
61 18521
61 18522
61 18523
61 18524
61 18525
61 18526
61 18528
61 18529
61 18533
61 18534
61 18535
61 18537
61 18538
61 18541
61 18543
61 18545
61 18571
61 18572
61 18574
61 18576
61 18581
61 18582
61 18585
61 18587
61 18588
61 18590
61 18616
61 18621
61 18622
61 18623
61 18626
61 18627
61 18628
61 18629
61 18630
61 18632
61 18634
61 18635
61 18645
61 18646
61 18647
61 18648
61 18650
61 18657
61 18658
61 18662
61 18664
61 18717
61 18718
61 18719
61 18720
61 18721
61 18722
61 18725
61 18726
61 18727
61 18728
61 18729
61 18730
61 18731
61 18732
61 18734
61 18735
61 18736
61 18737
61 18738
61 18739
61 18740
61 18741
61 18742
61 18743
61 18744
61 18748
61 18749
61 18750
61 18751
61 18753
61 18755
61 18756
61 18757
61 18798
61 18799
61 18801
61 18803
61 18807
61 18808
61 18810
61 18811
61 18812
61 18813
61 18814
61 18815
61 18840
61 18842
61 18843
61 18857
61 18863
61 18875
61 18891
61 18892
61 18897
61 18898
61 18899
61 18929
61 18930
61 18932
61 18933
61 18961
61 18962
61 18966
61 18967
61 18968
61 18975
61 19019
61 19069
61 19070
61 19071
61 19072
61 19073
61 19074
61 19075
61 19076
61 19077
61 19078
61 19081
61 19084
61 19104
61 19108
61 19109
61 19197
61 19198
61 19199
61 19201
61 19203
61 19205
61 19206
61 19228
61 19230
61 19232
61 19240
61 19241
61 19242
61 19243
61 19244
61 19245
61 19246
61 19247
61 19248
61 19249
61 19250
61 19251
61 19252
61 19253
61 19254
61 19255
61 19256
61 19257
61 19258
61 19261
61 19262
61 19263
61 19264
61 19265
61 19266
61 19267
61 19269
61 19270
61 19271
61 19272
61 19273
61 19274
61 19275
61 19276
61 19277
61 19278
61 19279
61 19280
61 19281
61 19282
61 19283
61 19284
61 19285
61 19286
61 19287
61 19288
61 19289
61 19290
61 19291
61 19292
61 19293
61 19294
61 19295
61 19296
61 19297
61 19298
61 19387
61 19388
61 19435
61 19436
61 19437
61 19438
61 19570
61 19609
61 19610
61 19611
61 19612
61 19613
61 19614
61 19615
61 19616
61 19617
61 19618
61 19620
61 19621
61 19622
61 19623
61 19624
61 19625
61 19626
61 19627
61 19628
61 19629
61 19630
61 19631
61 19633
61 19634
61 19635
61 19637
61 19638
61 19639
61 19640
61 19641
61 19689
61 20106
61 20107
61 20108
61 20109
61 20110
61 20111
61 20112
61 20113
61 20114
61 20115
61 20116
61 20117
61 20118
61 20119
61 20120
61 20121
61 20122
61 20123
61 20124
61 20125
61 20126
61 20127
61 20128
61 20129
61 20130
61 20131
61 20132
61 20134
61 20135
61 20144
61 20559
61 20561
61 20564
61 20565
61 20566
61 20567
61 20568
61 20569
61 20570
61 20571
61 20572
61 20573
61 20574
61 20575
61 20576
61 20577
61 20578
61 20579
61 20580
61 20581
61 20582
61 20583
61 20584
61 20585
61 20586
61 20587
61 20588
61 20589
61 20590
61 20591
61 20592
61 20593
61 20594
61 20595
61 20596
61 20597
61 20598
61 20599
61 20600
61 20601
61 20602
61 20603
61 20604
61 20605
61 20606
61 20607
61 20608
61 20609
61 20610
61 20611
61 20612
61 20613
61 20614
61 20615
61 20616
61 20617
61 20618
61 20619
61 20620
61 20621
61 20622
61 20623
61 20624
61 20625
61 20626
61 20627
61 20628
61 20629
61 20630
61 20631
61 20632
61 20633
61 20634
61 20635
61 20636
61 20637
61 20638
61 20639
61 20640
61 20641
61 20642
61 20643
61 20644
61 20645
61 20646
61 20647
61 20648
61 20649
61 20650
61 20651
61 20652
61 20653
61 20654
61 20655
61 20656
61 20657
61 20658
61 20659
61 20660
61 20661
61 20662
61 20663
61 20664
61 20728
61 20735
61 20736
61 20737
61 20738
61 20739
61 20740
61 20741
61 20742
61 20743
61 20744
61 20745
61 20746
61 20747
61 20748
61 20749
61 20750
61 20751
61 20752
61 20753
61 20754
61 20755
61 20756
61 20757
61 20758
61 20759
61 20760
61 20761
61 20762
61 20763
61 20764
61 20765
61 20766
61 20767
61 20768
61 20769
61 20770
61 20771
61 20772
61 20773
61 20774
61 20775
61 20776
61 20777
61 20778
61 20779
61 20780
61 20781
61 20782
61 20783
61 20784
61 20785
61 20786
61 20787
61 20788
61 20789
61 20790
61 20791
61 20792
61 20793
61 20794
61 20795
61 20796
61 20797
61 20799
61 20800
61 20801
61 20803
61 20804
61 20805
61 20806
61 20807
61 20808
61 20809
61 20810
61 20811
61 20812
61 20813
61 20814
61 20815
61 20816
61 20817
61 20818
61 20819
61 20820
61 20856
61 20858
61 20859
61 20860
61 20861
61 20862
61 20864
61 20865
61 20866
61 20867
61 20868
61 20869
61 20870
61 20871
61 20872
61 20873
61 20874
61 20875
61 20876
61 20877
61 20878
61 20879
61 20880
61 20881
61 20882
61 20883
61 20884
61 20885
61 20886
61 20887
61 20888
61 20889
61 20890
61 20891
61 20892
61 20893
61 20894
61 20895
61 20896
61 20897
61 20898
61 20899
61 21039
61 21040
61 21041
61 21042
61 21043
61 21044
61 21045
61 21046
61 21047
61 21048
61 21049
61 21050
61 21051
61 21052
61 21053
61 21054
61 21055
61 21056
61 21057
61 21058
61 21059
61 21060
61 21061
61 21062
61 21063
61 21064
61 21065
61 21066
61 21067
61 21068
61 21069
61 21070
61 21071
61 21072
61 21073
61 21074
61 21075
61 21076
61 21077
61 21078
61 21079
61 21080
61 21081
61 21082
61 21083
61 21084
61 21085
61 21086
61 21087
61 21088
61 21089
61 21090
61 21091
61 21092
61 21093
61 21094
61 21095
61 21096
61 21097
61 21098
61 21099
61 21100
61 21101
61 21102
61 21103
61 21104
61 21105
61 21106
61 21107
61 21108
61 21109
61 21110
61 21111
61 21112
61 21113
61 21114
61 21115
61 21116
61 21117
61 21118
61 21119
61 21120
61 21121
61 21122
61 21123
61 21124
61 21125
61 21126
61 21127
61 21128
61 21129
61 21130
61 21131
61 21132
61 21133
61 21134
61 21135
61 21136
61 21137
61 21138
61 21139
61 21140
61 21141
61 21142
61 21143
61 21144
61 21145
61 21146
61 21147
61 21148
61 21149
61 21150
61 21151
61 21152
61 21153
61 21154
61 21155
61 21156
61 21157
61 21158
61 21159
61 21160
61 21161
61 21162
61 21163
61 21164
61 21165
61 21166
61 21167
61 21168
61 21169
61 21170
61 21171
61 21172
61 21173
61 21174
61 21175
61 21176
61 21177
61 21178
61 21179
61 21180
61 21181
61 21182
61 21183
61 21184
61 21185
61 21186
61 21187
61 21188
61 21189
61 21190
61 21191
61 21192
61 21193
61 21194
61 21195
61 21196
61 21197
61 21198
61 21199
61 21200
61 21201
61 21202
61 21203
61 21204
61 21205
61 21206
61 21207
61 21208
61 21209
61 21210
61 21211
61 21212
61 21213
61 21214
61 21215
61 21216
61 21217
61 21218
61 21219
61 21220
61 21221
61 21222
61 21223
61 21224
61 21225
61 21226
61 21227
61 21228
61 21229
61 21230
61 21231
61 21232
61 21233
61 21234
61 21235
61 21236
61 21237
61 21238
61 21239
61 21240
61 21241
61 21242
61 21243
61 21244
61 21245
61 21246
61 21247
61 21248
61 21249
61 21250
61 21251
61 21252
61 21253
61 21254
61 21255
61 21256
61 21257
61 21258
61 21259
61 21260
61 21261
61 21262
61 21263
61 21264
61 21265
61 21266
61 21267
61 21268
61 21269
61 21270
61 21271
61 21272
61 21273
61 21274
61 21275
61 21276
61 21277
61 21278
61 21279
61 21280
61 21281
61 21282
61 21283
61 21284
61 21285
61 21286
61 21287
61 21288
61 21289
61 21290
61 21291
61 21292
61 21293
61 21294
61 21295
61 21296
61 21297
61 21298
61 21299
61 21300
61 21301
61 21302
61 21303
61 21304
61 21305
61 21306
61 21307
61 21308
61 21309
61 21310
61 21311
61 21312
61 21313
61 21314
61 21315
61 21316
61 21317
61 21318
61 21319
61 21320
61 21321
61 21322
61 21323
61 21324
61 21325
61 21326
61 21327
61 21328
61 21329
61 21330
61 21331
62 5
63 5
63 27
63 52
63 132
63 133
63 496
63 837
63 1631
63 3451
63 3682
63 11466
63 11589
63 11807
63 12269
63 12287
63 12499
63 13718
63 15930
63 17025
63 17040
63 17046
63 17049
63 17468
63 18248
63 19006
63 19729
63 19913
63 19954
63 19997
63 19998
63 20042
63 20133
63 20140
63 20186
63 20221
63 20224
63 20277
63 20278
63 20280
63 20291
63 20328
63 20329
63 20331
63 20332
63 20334
63 20335
63 20336
63 20337
63 20338
63 20339
63 20340
63 20341
63 20342
63 20343
63 20344
63 20345
63 20346
63 20347
63 20348
63 20349
63 20350
63 20351
63 20352
63 20353
63 20354
63 20355
63 20356
63 20357
63 20358
63 20359
63 20360
63 20361
63 20362
63 20363
63 20364
63 20365
63 20366
63 20367
63 20368
63 20369
63 20370
63 20371
63 20372
63 20373
63 20374
63 20375
63 20376
63 20377
63 20378
63 20379
63 20380
63 20381
63 20382
63 20383
63 20384
63 20385
63 20386
63 20387
63 20388
63 20389
63 20390
63 20391
63 20392
63 20393
63 20394
63 20395
63 20396
63 20397
63 20398
63 20399
63 20400
63 20401
63 20409
63 20410
63 20411
63 20412
63 20413
63 20415
63 20416
63 20417
63 20418
63 20419
63 20420
63 20421
63 20422
63 20423
63 20424
63 20425
63 20426
63 20427
63 20503
63 20563
63 20948
63 20949
63 21033
63 21332
63 21403
63 21405
63 21409
63 21410
63 21467
63 21468
63 21471
63 21582
63 21685
63 21687
63 21695
64 6
64 7
64 16
64 60
64 66
64 104
64 108
64 130
64 138
64 331
64 347
64 363
64 443
64 446
64 477
64 478
64 481
64 482
64 483
64 604
64 611
64 722
64 744
64 746
64 773
64 968
64 1870
64 1881
64 3520
64 3938
64 4674
64 11322
64 15898
64 15899
64 16376
64 16378
64 16745
64 16872
64 17116
64 17408
64 17411
64 17764
64 17967
64 17968
64 18889
64 19381
64 19731
65 7
65 9
65 35
65 36
65 52
65 54
65 66
65 123
65 133
65 165
65 167
65 195
65 222
65 248
65 249
65 250
65 251
65 252
65 253
65 254
65 255
65 256
65 257
65 258
65 259
65 260
65 261
65 262
65 263
65 264
65 265
65 266
65 341
65 346
65 351
65 365
65 536
65 552
65 631
65 632
65 642
65 700
65 703
65 786
65 810
65 2784
65 3024
65 6758
65 7314
65 7396
65 8026
65 11302
66 7
66 289
66 290
67 7
67 63
67 77
67 166
67 338
67 339
67 340
67 341
67 342
67 343
67 344
67 345
67 346
67 347
67 348
67 349
67 350
67 351
67 352
67 353
67 354
67 355
67 473
67 591
67 633
67 634
67 635
67 636
67 637
67 638
67 639
67 640
67 641
67 642
67 643
67 661
67 662
67 663
67 664
67 665
67 666
67 667
67 668
67 669
68 7
68 77
68 195
68 233
68 332
68 547
68 548
68 549
68 551
68 552
68 553
68 556
68 557
68 563
69 7
70 7
70 194
70 648
71 7
71 76
71 112
71 171
71 319
71 608
71 609
71 683
71 684
71 685
71 686
71 687
72 7
73 7
73 14
73 19
73 21
73 27
73 35
73 36
73 50
73 65
73 104
73 108
73 138
73 147
73 148
73 149
73 150
73 171
73 173
73 193
73 198
73 218
73 222
73 226
73 229
73 237
73 324
73 328
73 336
73 341
73 347
73 350
73 355
73 363
73 443
73 471
73 475
73 477
73 478
73 479
73 480
73 481
73 482
73 483
73 488
73 502
73 524
73 533
73 552
73 555
73 561
73 611
73 621
73 671
73 679
73 703
73 705
73 707
73 722
73 780
73 830
73 896
74 7
74 14
74 19
74 36
74 38
74 63
74 64
74 65
74 112
74 138
74 148
74 171
74 195
74 237
74 324
74 328
74 343
74 350
74 502
74 611
74 666
74 671
74 679
74 707
74 722
74 960
74 1882
74 3043
74 3072
74 3877
74 6328
74 7305
74 7318
75 7
75 133
75 647
76 7
76 14
76 34
76 35
76 104
76 105
76 108
76 130
76 147
76 149
76 195
76 229
76 331
76 336
76 353
76 363
76 364
76 372
76 375
76 408
76 443
76 446
76 451
76 471
76 475
76 478
76 479
76 480
76 481
76 482
76 483
76 488
76 502
76 611
76 621
76 780
76 830
76 860
76 861
76 864
76 938
76 1879
76 3224
76 3793
76 3877
76 3884
76 3886
76 5567
76 5683
76 6328
76 6363
76 6365
76 6366
76 7450
76 8009
76 8010
76 8011
76 8012
76 8013
76 8014
76 8015
76 8016
76 8018
76 8024
76 8026
76 8027
76 8029
76 8030
77 7
78 7
78 62
78 574
78 679
78 727
78 773
78 776
79 7
79 13
79 16
79 17
79 18
79 19
79 20
79 22
79 23
79 24
79 25
79 26
79 27
79 29
79 30
79 31
79 32
79 33
79 34
79 38
79 57
79 63
79 98
79 132
79 133
79 135
79 167
79 255
79 326
79 373
79 410
79 497
79 502
79 557
79 559
79 578
79 677
79 696
79 730
79 749
79 780
79 837
79 923
79 935
79 977
79 983
79 1871
79 3169
79 3225
79 3523
79 3623
79 3639
79 3771
79 3784
79 3785
79 3786
79 3787
79 3788
79 3789
79 3790
79 3791
79 3792
79 3793
79 3794
79 3795
79 3796
79 3797
79 3798
79 3799
79 3800
79 3801
79 3802
79 3803
79 3804
79 3805
79 3806
79 3807
79 3808
79 3809
79 3810
79 3814
79 3815
79 3816
79 18652
80 7
80 68
80 150
80 195
80 353
80 547
80 591
80 592
80 593
80 594
80 649
80 650
80 672
80 722
80 945
80 5013
80 5186
80 5217
80 5311
80 6766
80 7243
81 7
81 914
81 948
81 4680
81 4681
81 4731
81 4737
81 4738
81 4812
81 4813
81 4814
81 4815
81 4816
81 4817
81 4818
81 4819
81 4820
81 4821
81 4823
81 4824
81 4825
81 4826
81 4827
81 4828
81 4898
81 4902
81 4911
81 4912
81 4913
81 4916
81 4931
81 4932
81 4933
81 5216
81 5301
81 5302
81 5348
81 5349
81 5444
81 5445
81 5463
81 5464
81 5465
81 5466
82 7
83 7
83 36
83 66
83 106
83 107
83 120
83 139
83 147
83 149
83 171
83 296
83 328
83 336
83 349
83 354
83 378
83 447
83 451
83 484
83 533
83 864
83 1868
83 1882
83 3738
83 3739
83 3883
83 5780
83 6635
83 7155
83 7241
83 8673
84 7
85 7
85 51
85 56
85 64
85 66
85 77
85 98
85 382
85 530
85 559
85 574
85 578
85 647
85 652
85 724
85 872
85 983
85 2793
85 3461
85 3809
85 3835
85 3906
85 4630
85 4998
85 5105
85 5391
85 5560
85 7314
85 7414
85 7712
85 8009
85 8503
85 9255
85 9259
85 9373
85 9375
85 9446
85 9447
85 9453
85 9454
85 9455
85 9456
85 9457
85 9572
85 9616
85 9617
85 9648
85 9734
85 9735
85 9983
85 9999
85 10031
85 10047
85 10142
85 10201
85 11023
85 11038
85 11040
85 11199
85 11200
85 11218
85 11235
85 11236
85 11237
85 11238
85 11239
85 11240
85 11241
85 11242
85 11243
85 11575
85 11576
85 11577
85 11578
85 11579
85 11580
85 11619
85 11620
85 11622
85 11729
85 11803
85 21408
85 21690
85 21697
85 21698
86 7
86 10114
86 10142
86 11301
86 11306
87 7
87 9
87 12
87 19
87 20
87 24
87 50
87 51
87 66
87 77
87 104
87 105
87 106
87 107
87 108
87 120
87 130
87 139
87 147
87 149
87 150
87 154
87 173
87 233
87 296
87 319
87 320
87 331
87 334
87 336
87 346
87 349
87 363
87 364
87 372
87 375
87 380
87 408
87 443
87 446
87 447
87 451
87 471
87 475
87 476
87 477
87 478
87 479
87 480
87 481
87 482
87 483
87 488
87 502
87 548
87 555
87 571
87 574
87 577
87 586
87 610
87 611
87 619
87 621
87 625
87 629
87 635
87 649
87 650
87 652
87 671
87 749
87 780
87 786
87 830
87 834
87 864
87 915
87 922
87 928
87 936
87 937
87 938
87 940
87 941
87 942
87 960
87 961
87 1852
87 1871
87 1879
87 3025
87 3074
87 3140
87 3141
87 3144
87 3145
87 3146
87 3147
87 3151
87 3152
87 3153
87 3154
87 3159
87 3160
87 3204
87 3206
87 3207
87 3208
87 3209
87 3224
87 3233
87 3249
87 3259
87 3470
87 3495
87 3789
87 3790
87 3791
87 3792
87 3793
87 3797
87 3799
87 3800
87 3802
87 3803
87 3809
87 3814
87 3815
87 3819
87 3822
87 3827
87 3831
87 3839
87 3841
87 3842
87 3845
87 3848
87 3854
87 3861
87 3876
87 3877
87 3883
87 3884
87 3887
87 4795
87 4796
87 4797
87 4830
87 4989
87 4998
87 5122
87 5287
87 5289
87 5567
87 5683
87 6363
87 6367
87 6368
87 6369
87 6583
87 6584
87 6693
87 6694
87 6783
87 6803
87 6805
87 6806
87 6807
87 6822
87 6823
87 6824
87 6825
87 6826
87 6914
87 7056
87 7243
87 7245
87 7313
87 7314
87 7324
87 7414
87 7793
87 8029
87 8651
87 8673
87 9448
87 10149
87 10185
87 10189
87 10194
87 10990
87 11220
87 11383
87 11388
87 11393
87 11395
87 11396
87 11645
87 11657
87 11715
87 15862
87 15919
88 8
88 12
88 38
88 39
88 40
88 51
88 53
88 54
88 56
88 60
88 63
88 67
88 68
88 71
88 74
88 77
88 97
88 102
88 110
88 111
88 117
88 120
88 121
88 123
88 125
88 130
88 138
88 145
88 146
88 148
88 158
88 159
88 161
88 162
88 165
88 166
88 167
88 171
88 194
88 195
88 222
88 229
88 234
88 251
88 301
88 303
88 305
88 306
88 308
88 309
88 311
88 315
88 316
88 317
88 336
88 351
88 358
88 359
88 365
88 383
88 385
88 386
88 387
88 388
88 389
88 390
88 400
88 406
88 407
88 408
88 409
88 410
88 411
88 412
88 413
88 414
88 415
88 416
88 417
88 419
88 420
88 421
88 422
88 423
88 424
88 425
88 426
88 427
88 428
88 429
88 430
88 431
88 432
88 433
88 434
88 435
88 436
88 437
88 438
88 439
88 440
88 441
88 442
88 443
88 444
88 453
88 454
88 455
88 456
88 457
88 458
88 466
89 9
90 9
90 1342
91 9
91 12
91 28
91 65
91 66
91 106
91 135
91 148
91 154
91 222
91 229
91 237
91 296
91 319
91 335
91 343
91 346
91 350
91 364
91 372
91 375
91 397
91 451
91 471
91 477
91 482
91 483
91 484
91 488
91 502
91 507
91 536
91 539
91 559
91 566
91 610
91 621
91 671
91 707
91 722
91 749
91 776
91 816
91 834
91 938
91 1852
91 1868
91 1871
91 1878
91 3025
91 3072
91 3141
91 3146
91 3247
91 3248
91 3249
91 3528
91 3785
91 3792
91 3805
91 3809
91 3815
91 3819
91 3821
91 3835
91 3842
91 3884
91 4980
91 4988
91 4990
91 4998
91 5122
91 5212
91 5683
91 6370
91 6572
91 6635
91 6694
91 6824
91 6825
91 7018
91 7019
91 7055
91 7155
91 7242
91 7245
91 7380
92 9
93 9
93 136
94 9
95 9
95 10
95 12
95 21
95 22
95 26
95 34
95 36
95 37
95 69
95 70
95 75
95 118
95 130
95 134
95 136
95 138
95 158
95 168
95 171
95 172
95 177
95 194
95 218
95 226
95 229
95 238
95 249
95 255
95 260
95 264
95 286
95 299
95 319
95 324
95 334
95 344
95 352
95 355
95 356
95 365
95 377
95 460
95 469
95 470
95 502
95 507
95 533
95 536
95 541
95 549
95 555
95 561
95 571
95 578
95 611
95 618
95 619
95 625
95 630
95 631
95 632
95 649
95 677
95 679
95 696
95 702
95 703
95 707
95 720
95 723
95 724
95 731
95 734
95 735
95 736
95 738
95 739
95 741
95 747
95 820
95 844
95 907
95 914
95 945
95 973
95 974
95 976
95 980
95 984
95 1853
95 1854
95 1856
95 1860
95 1866
95 1868
95 1869
95 1872
95 1873
95 1878
95 2763
95 2793
95 2820
95 3146
95 3169
95 3197
95 3203
95 3213
95 3225
95 3231
95 3259
95 3335
95 3494
95 3522
95 3524
95 3526
95 3639
95 3655
95 3784
95 3805
95 3809
95 3815
95 3886
95 3891
95 3941
95 4566
95 4775
95 4788
95 4795
95 4797
95 4805
95 4807
95 4912
95 4916
95 5057
95 5129
95 5186
95 5189
95 5248
95 5310
95 5469
95 5492
95 5556
95 5559
95 5560
95 5561
95 5563
95 5564
95 5566
95 5596
95 5597
95 5650
95 5867
95 5869
95 6010
95 6366
95 6370
95 6399
95 6537
95 6632
95 6686
95 6687
95 6756
95 6759
95 6760
95 6770
95 6771
95 7057
95 7120
95 7167
95 7170
95 7241
95 7242
95 7243
95 7313
95 7318
95 7320
95 7322
95 7380
95 7404
95 7452
95 7455
95 7480
95 7481
95 7486
95 7487
95 7488
95 7489
95 7492
95 7494
95 7501
95 7502
95 7503
95 7504
95 7506
95 7670
95 7762
95 7933
95 7939
95 8011
95 8014
95 8015
95 8026
95 8029
95 8231
95 8579
95 8651
95 8847
95 9142
95 9186
95 9194
95 9198
95 9255
95 9442
95 9445
95 9597
95 9734
95 9869
95 9961
95 9967
95 9968
95 9969
95 10037
95 10047
95 10063
95 10075
95 10078
95 10086
95 10093
95 10094
95 10099
95 10122
95 10125
95 10128
95 10129
95 10132
95 10135
95 10182
95 10186
95 10190
95 10192
95 10193
95 10194
95 11023
95 11185
95 11187
95 11189
95 11190
95 11191
95 11192
95 11194
95 11195
95 11217
95 11251
95 11254
95 11256
95 11301
95 11364
95 11366
95 11387
95 11388
95 11392
95 11395
95 11397
95 11399
95 11401
95 11405
95 11446
95 11553
95 11554
95 11558
95 11593
95 11619
95 11632
95 11645
95 11646
95 11656
95 11730
95 11739
95 11741
95 11742
95 11743
95 11756
95 11761
95 11819
95 11835
95 15921
95 16447
95 16448
95 16455
95 16456
95 16545
95 16641
95 16876
95 16964
95 17175
95 17185
95 17345
95 17697
95 17768
95 18112
95 18113
95 18128
95 18133
95 18134
95 18135
95 18136
95 18137
95 18138
95 18139
95 18176
95 18189
95 18190
95 18191
95 18192
95 18193
95 18194
95 18195
95 18196
95 18197
95 18198
95 18199
95 18200
95 18201
95 18202
95 18203
95 18204
95 18205
95 18207
95 18208
95 18209
95 18211
95 18212
95 18213
95 18214
95 18215
95 18216
95 18217
95 18218
95 18219
95 18220
95 18221
95 18222
95 18223
95 18224
95 18251
95 18252
95 18253
95 18255
95 18256
95 18257
95 18258
95 18259
95 18262
95 18263
95 18295
95 18296
95 18298
95 18299
95 18300
95 18303
95 18304
95 18305
95 18306
95 18307
95 18308
95 18309
95 18310
95 18311
95 18312
95 18313
95 18314
95 18315
95 18316
95 18317
95 18318
95 18336
95 18371
95 18372
95 18373
95 18374
95 18375
95 18376
95 18377
95 18378
95 18379
95 18380
95 18381
95 18382
95 18383
95 18384
95 18385
95 18386
95 18387
95 18388
95 18389
95 18390
95 18391
95 18392
95 18393
95 18394
95 18395
95 18397
95 18398
95 18399
95 18400
95 18401
95 18402
95 18403
95 18411
95 18412
95 18413
95 18414
95 18415
95 18416
95 18417
95 18418
95 18419
95 18420
95 18456
95 18457
95 18458
95 18459
95 18460
95 18461
95 18462
95 18464
95 18500
95 18516
95 18517
95 18518
95 18519
95 18520
95 18521
95 18522
95 18523
95 18524
95 18525
95 18526
95 18527
95 18528
95 18529
95 18530
95 18531
95 18532
95 18533
95 18534
95 18535
95 18536
95 18537
95 18538
95 18539
95 18540
95 18541
95 18542
95 18543
95 18544
95 18545
95 18546
95 18570
95 18571
95 18572
95 18573
95 18574
95 18575
95 18576
95 18577
95 18578
95 18579
95 18580
95 18581
95 18582
95 18583
95 18584
95 18585
95 18586
95 18587
95 18588
95 18589
95 18590
95 18613
95 18614
95 18615
95 18616
95 18617
95 18619
95 18620
95 18621
95 18622
95 18623
95 18625
95 18626
95 18627
95 18628
95 18629
95 18630
95 18631
95 18632
95 18633
95 18634
95 18635
95 18638
95 18644
95 18645
95 18646
95 18647
95 18648
95 18649
95 18650
95 18651
95 18652
95 18653
95 18656
95 18657
95 18658
95 18660
95 18661
95 18662
95 18663
95 18664
95 18709
95 18710
95 18711
95 18712
95 18713
95 18714
95 18715
95 18716
95 18717
95 18718
95 18720
95 18721
95 18722
95 18723
95 18724
95 18725
95 18726
95 18727
95 18728
95 18729
95 18730
95 18732
95 18733
95 18734
95 18735
95 18736
95 18737
95 18738
95 18739
95 18740
95 18741
95 18742
95 18743
95 18744
95 18746
95 18747
95 18748
95 18749
95 18750
95 18751
95 18752
95 18753
95 18755
95 18756
95 18757
95 18797
95 18798
95 18799
95 18800
95 18801
95 18802
95 18803
95 18806
95 18807
95 18808
95 18809
95 18810
95 18811
95 18812
95 18813
95 18814
95 18815
95 18839
95 18840
95 18841
95 18842
95 18843
95 18890
95 18891
95 18892
95 18893
95 18894
95 18895
95 18896
95 18897
95 18898
95 18899
95 18928
95 18929
95 18930
95 18931
95 18932
95 18933
95 18961
95 18962
95 18963
95 18964
95 18966
95 18967
95 18968
95 18970
95 18971
95 18972
95 18973
95 19068
95 19069
95 19070
95 19071
95 19072
95 19073
95 19074
95 19075
95 19076
95 19077
95 19078
95 19079
95 19080
95 19081
95 19196
95 19197
95 19198
95 19199
95 19200
95 19201
95 19203
95 19204
95 19205
95 19206
95 19227
95 19228
95 19229
95 19230
95 19231
95 19232
95 19301
95 19302
95 19303
95 19386
95 19387
95 19388
95 19389
95 19434
95 19435
95 19436
95 19437
95 19438
95 19439
95 19440
95 19483
95 19484
96 10
96 136
96 377
96 502
96 611
96 3169
96 6686
96 11405
96 16876
96 18133
96 18380
96 18382
97 12
97 13
97 17
97 20
97 27
97 34
97 36
97 37
97 40
97 56
97 64
97 70
97 101
97 103
97 116
97 122
97 123
97 124
97 132
97 148
97 159
97 160
97 168
97 169
97 172
97 177
97 183
97 195
97 226
97 233
97 237
97 242
97 324
97 333
97 348
97 353
97 366
97 368
97 452
97 453
97 460
97 489
97 526
97 546
97 548
97 549
97 552
97 553
97 555
97 558
97 562
97 578
97 586
98 13
99 13
100 13
100 36
100 4884
101 13
101 15819
102 13
102 26
102 11639
102 11801
102 11810
102 11811
102 11812
103 13
103 17
103 34
103 6634
103 11429
103 11811
104 13
104 20
104 29
104 10093
105 13
106 14
106 16
106 18
106 24
106 28
106 34
106 35
106 38
106 65
106 104
106 107
106 108
106 120
106 130
106 138
106 139
106 148
106 150
106 154
106 173
106 193
106 195
106 218
106 222
106 226
106 229
106 238
106 242
106 404
107 14
107 24
107 34
107 35
107 36
107 116
107 130
107 150
107 154
107 193
107 195
107 215
107 216
107 218
107 222
107 226
107 229
107 237
107 242
108 14
109 14
109 35
110 14
110 123
110 974
111 14
111 17
111 23
111 25
111 36
111 721
112 14
112 16750
112 16793
112 16794
112 16795
112 16796
112 16797
112 16798
113 14
113 20
113 21
113 22
113 23
113 25
113 26
113 29
113 40
113 55
113 66
113 75
113 114
113 117
113 125
113 148
113 160
113 172
113 233
113 301
113 305
113 306
113 309
113 312
113 317
113 342
113 349
113 361
113 533
113 538
113 547
113 559
113 561
113 562
113 571
113 591
113 618
113 632
113 643
113 677
113 703
113 734
113 735
113 736
113 853
113 862
113 864
113 865
113 906
113 930
113 973
113 974
113 979
113 980
113 982
113 1855
113 1856
113 1857
113 1866
113 1872
113 1878
113 1882
113 2767
113 2822
113 3213
113 3223
113 3224
113 3226
113 3460
113 3527
113 3809
113 3822
113 3849
113 3852
113 3856
113 3941
113 4566
113 4630
113 4737
113 4776
113 4788
113 4805
113 5002
113 5105
113 5217
113 5248
113 5287
113 5311
113 5408
113 5468
113 5469
113 5492
113 5559
113 5560
113 5563
113 5564
113 5866
113 6010
113 6363
113 6364
113 6399
113 6509
113 6598
113 6633
113 6690
113 6764
113 7108
113 7126
113 7167
113 7322
113 7380
113 7407
113 7450
113 7582
113 7670
113 7762
113 7811
113 7891
113 8014
113 8029
113 8232
113 8579
113 8635
113 8667
113 9194
113 9195
113 9196
113 9255
113 9373
113 9591
113 9597
113 9648
113 9735
113 10018
113 10031
113 10075
113 10138
113 10139
113 10185
113 10192
113 10193
113 11201
113 11226
113 11388
113 11389
113 11414
113 11423
113 11575
113 11645
113 11728
113 11743
113 11748
113 11751
113 11801
113 11810
113 11811
113 11819
113 15270
113 15920
113 16447
113 16453
113 16454
113 16964
113 17029
113 17030
113 17031
113 17032
113 17033
113 17034
113 17035
113 17036
113 17078
113 18652
114 14
114 21
114 22
114 23
114 25
114 26
114 29
114 40
114 66
114 75
114 117
114 125
114 160
114 171
114 233
114 305
114 309
114 312
114 349
114 357
114 382
114 538
114 559
114 571
114 631
114 632
114 642
114 643
114 677
114 703
114 705
114 853
114 862
114 865
114 906
114 973
114 974
114 979
114 1857
114 1866
114 1872
114 1882
114 2822
114 3213
114 3223
114 3224
114 3460
114 3527
114 3623
114 3822
114 3849
114 3852
114 3935
114 4776
114 4912
114 5105
114 5189
114 5217
114 5310
114 5311
114 5408
114 5468
114 5492
114 5556
114 5563
114 5866
114 6364
114 6598
114 6633
114 6690
114 6758
114 6764
114 7108
114 7167
114 7322
114 7324
114 7380
114 7450
114 7582
114 7670
114 7891
114 8014
114 8029
114 8579
114 8667
114 9196
114 9255
114 9373
114 9591
114 9597
114 9735
114 10018
114 10031
114 10075
114 10139
114 10185
114 10193
114 11201
114 11204
114 11212
114 11226
114 11389
114 11414
114 11423
114 11575
114 11728
114 11743
114 11751
114 11801
114 11810
114 16447
114 16454
114 16964
114 17016
114 17565
114 17599
114 17600
114 17601
114 17602
114 17603
114 17604
114 17605
114 17606
114 17607
114 17608
114 17609
114 18652
114 19305
115 15
115 20
115 25
115 54
115 102
115 115
115 118
115 119
115 158
115 159
115 160
115 162
115 165
115 166
115 167
115 168
115 169
115 194
115 206
115 237
115 238
115 242
115 250
115 253
115 254
115 256
115 264
115 342
115 360
115 460
115 465
115 571
115 576
115 732
115 736
115 739
115 741
115 817
115 818
115 819
115 820
115 821
115 822
115 864
115 946
115 947
115 948
115 949
115 950
115 951
115 952
115 953
115 954
116 15
116 17
116 11808
116 11809
117 16
118 16
118 312
118 316
119 16
119 22
120 16
121 16
121 20
121 69
121 222
121 353
121 533
121 1507
122 16
122 34
122 533
122 555
122 1877
122 8013
123 16
123 3921
124 16
124 353
124 3933
125 16
125 561
126 16
126 38
126 65
126 66
126 108
126 150
126 195
126 226
126 324
126 347
126 353
126 355
126 471
126 479
126 555
126 621
126 625
126 707
126 4674
126 4678
127 16
128 16
128 21
128 35
128 104
128 193
128 488
128 3938
128 6635
129 16
129 36
129 730
129 3926
129 4808
129 4835
129 5569
129 5865
129 5866
129 5867
129 5868
129 7990
129 11325
129 11410
129 11420
129 11421
129 11422
129 11423
129 14067
129 14730
129 16158
129 16883
129 17049
129 17075
129 17079
129 17112
129 17116
129 17132
129 17179
129 17217
129 17280
129 17343
129 17344
129 17345
129 17346
129 17391
129 17400
129 17401
129 17402
129 17403
129 17494
129 17535
129 17536
129 17564
129 17748
129 17749
129 18056
129 18057
129 18059
129 18107
129 18248
129 18889
130 16
130 17
130 167
130 6687
130 7108
131 16
131 166
131 585
131 619
131 632
132 16
132 21
132 24
132 31
132 32
132 621
133 16
134 16
134 96
134 5339
134 11424
134 13081
134 16284
135 17
135 319
135 321
135 322
136 17
136 318
136 319
136 320
137 17
138 17
138 36
139 17
139 18
140 17
140 18
140 19
140 21
140 66
140 173
140 591
141 17
141 18
141 3823
142 17
142 19
142 30
142 32
142 34
142 3531
142 7104
142 8187
142 11284
143 17
144 17
144 20
144 11424
144 17534
145 17
146 18
146 171
147 18
147 267
148 18
148 18300
149 19
150 19
150 294
150 349
150 591
151 19
151 4429
152 19
153 19
153 26
153 35
153 5650
154 19
155 19
156 19
156 11364
156 11790
157 19
158 19
158 31
158 172
158 17492
159 20
160 20
160 21
160 112
160 372
160 4801
161 20
161 26
161 29
161 63
161 75
161 172
161 301
161 306
161 342
161 533
161 561
161 562
161 591
161 618
161 632
161 735
161 736
161 930
161 973
161 980
161 1856
161 1866
161 1872
161 1878
161 3226
161 3527
161 3784
161 3809
161 3822
161 3856
161 3941
161 4566
161 4630
161 4737
161 4788
161 4805
161 5002
161 5248
161 5287
161 5469
161 5559
161 5564
161 6010
161 6363
161 6509
161 6598
161 7126
161 7407
161 7450
161 7762
161 8029
161 8635
161 9194
161 9195
161 9648
161 10138
161 10192
161 11645
161 11748
161 15270
161 16447
161 16453
161 17170
161 17171
161 17172
161 17173
162 22
162 32
163 24
163 25
163 35
163 611
163 11307
164 24
164 34
164 109
164 139
164 10182
164 16707
164 16964
164 16966
164 16967
164 16969
165 24
165 864
165 11801
165 15268
165 19163
165 19195
165 21703
166 25
166 27
166 28
166 36
166 56
166 118
166 122
166 299
166 460
166 720
166 738
166 739
166 741
166 743
166 744
166 746
167 25
168 25
168 548
168 571
168 1854
168 18526
169 25
169 11244
169 11394
170 25
170 35
170 36
170 299
170 6687
170 16410
170 16411
170 16932
170 19217
171 25
172 26
173 26
174 26
174 306
174 311
174 316
175 26
176 26
176 447
176 611
176 983
176 4835
176 6632
177 26
178 26
178 29
178 591
178 6758
179 26
179 784
179 11352
180 26
180 27
180 353
180 455
180 1854
180 5310
180 10192
181 27
181 34
181 36
182 27
182 35
182 36
182 71
182 10031
183 28
183 158
183 552
183 561
184 29
184 52
185 32
185 5104
186 34
187 34
187 562
188 34
188 847
188 848
189 34
189 668
189 3259
190 34
190 3945
191 34
192 34
192 36
192 55
192 63
192 134
192 335
192 344
192 435
192 536
192 661
192 732
192 739
192 743
192 841
192 884
192 922
192 1866
192 1871
192 1879
192 3146
192 3225
192 3238
192 3494
192 3639
192 3784
192 3792
192 3796
192 3797
192 3798
192 3801
192 3901
192 3932
192 3945
192 4306
192 4788
192 5013
192 5448
192 5561
192 6598
192 6638
192 6870
192 6914
192 7017
192 7018
192 7019
192 7055
192 7056
192 7128
192 7447
192 9196
192 9591
192 9735
192 9867
192 9869
192 10069
192 10833
192 11190
192 11226
192 11424
192 11614
192 11743
192 11754
192 11764
192 15917
192 15918
192 15974
192 16382
192 16641
192 16687
192 16707
192 16708
192 17399
192 17404
192 17405
192 17407
192 17408
192 17409
192 17410
192 17416
192 17417
192 17865
192 18087
192 18105
192 18114
192 18115
192 18116
192 18117
192 18118
192 18119
192 18120
192 18121
192 18122
192 18123
192 18124
192 18125
192 18126
192 18127
192 18129
192 18130
192 18131
192 18325
192 18333
192 18334
193 34
194 34
194 35
194 310
194 11797
195 34
196 34
196 571
197 34
197 18063
197 18526
198 34
198 984
198 17767
198 18730
198 18731
198 18733
198 18736
198 18737
198 18738
199 34
199 11553
200 35
201 35
202 36
203 36
204 36
205 36
206 36
207 36
208 36
209 36
210 36
211 36
212 36
212 98
213 36
214 36
215 36
216 36
216 3773
216 3873
217 36
218 36
218 41
218 171
218 517
218 919
218 3189
218 3927
218 4631
218 5169
218 6004
219 36
220 36
221 36
222 36
222 51
222 52
222 54
222 71
222 148
222 171
222 296
222 347
222 371
222 372
222 382
222 460
222 507
222 536
222 585
222 619
222 632
222 677
222 739
222 784
222 864
222 880
222 931
222 1871
222 1882
222 3717
222 3803
222 3830
222 3992
222 4674
222 4878
222 5002
222 5013
222 5105
222 5147
222 5148
222 5149
222 5150
222 5151
222 5152
222 5153
222 5154
222 5155
222 5156
222 5157
222 5158
222 5160
222 5161
222 5162
222 5170
222 5171
222 5172
222 5173
222 5174
222 5175
222 5178
222 5180
222 5181
222 5182
222 5187
222 5188
222 5190
222 5192
222 5193
222 5329
222 5330
222 5331
222 5332
222 5333
222 5334
222 5335
222 5336
222 5337
222 5346
222 5357
222 5358
222 5360
222 5362
222 5363
222 5364
222 5365
222 5367
222 5368
222 5382
222 5383
222 5384
222 5386
222 5387
222 5388
222 5389
222 5390
222 5392
222 5394
222 5395
222 5396
222 5397
222 5398
222 5399
222 5401
222 5402
222 5403
222 5404
222 5405
222 5406
222 5407
222 5409
222 5410
222 5411
222 5412
222 5413
222 5414
222 5415
222 5416
222 5418
222 5419
222 5420
222 5421
222 5422
222 5423
222 5424
222 5425
222 5426
222 5427
222 5428
222 5429
222 5430
222 5432
222 5433
222 5434
222 5435
222 5436
222 5437
222 5438
222 5439
222 5440
222 5441
222 5442
222 5443
222 5449
222 5450
222 5451
222 5452
222 5453
222 5454
222 5455
222 5456
222 5457
222 5458
222 5459
222 5460
222 5461
222 5470
222 5471
222 5472
222 5473
222 5474
222 5475
222 5476
222 5477
222 5478
222 5479
222 5480
222 5481
222 5482
222 5483
222 5484
222 5485
222 5486
222 5487
222 5489
222 5493
222 5494
222 5495
222 5496
222 5497
222 5498
222 5499
222 5500
222 5501
222 5502
222 5503
222 5504
222 5505
222 5506
222 5507
222 5508
222 5509
222 5510
222 5511
222 5512
222 5513
222 5514
222 5515
222 5516
222 5517
222 5520
222 5521
222 5522
222 5523
222 5524
222 5525
222 5526
222 5527
222 5528
222 5529
222 5530
222 5531
222 5532
222 5533
222 5534
222 5535
222 5536
222 5537
222 5538
222 5539
222 5540
222 5541
222 5542
222 5543
222 5544
222 5545
222 5546
222 5570
222 5571
222 5572
222 5573
222 5574
222 5575
222 5576
222 5577
222 5578
222 5579
222 5580
222 5581
222 5582
222 5583
222 5584
222 5585
222 5586
222 5587
222 5588
222 5589
222 5590
222 5591
222 5592
222 5593
222 5594
222 5595
222 5597
222 5605
222 5606
222 5607
222 5608
222 5609
222 5610
222 5611
222 5612
222 5613
222 5614
222 5615
222 5616
222 5617
222 5618
222 5619
222 5620
222 5621
222 5622
222 5623
222 5624
222 5625
222 5626
222 5627
222 5628
222 5629
222 5630
222 5631
222 5632
222 5633
222 5634
222 5635
222 5636
222 5637
222 5638
222 5639
222 5640
222 5641
222 5642
222 5643
222 5644
222 5645
222 5646
222 5647
222 5648
222 5651
222 5652
222 5653
222 5654
222 5655
222 5656
222 5657
222 5658
222 5659
222 5660
222 5661
222 5662
222 5663
222 5664
222 5665
222 5666
222 5667
222 5668
222 5669
222 5670
222 5671
222 5672
222 5673
222 5674
222 5675
222 5676
222 5677
222 5678
222 5679
222 5680
222 6508
222 6583
222 6689
222 7041
222 7301
222 7302
222 7318
222 7882
222 8148
222 8178
222 8971
222 8993
222 9242
222 9843
222 10205
222 10206
222 10207
222 10208
222 10209
222 10210
222 10211
222 10212
222 10213
222 10214
222 10215
222 10216
222 10217
222 10218
222 10219
222 10220
222 10221
222 10222
222 10223
222 10224
222 10225
222 10226
222 10227
222 10228
222 10229
222 10230
222 10231
222 10232
222 10233
222 10234
222 10235
222 10236
222 10237
222 10238
222 10239
222 10240
222 10241
222 10242
222 10243
222 10244
222 10245
222 10246
222 10247
222 10248
222 10249
222 10250
222 10251
222 10252
222 10253
222 10254
222 10255
222 10256
222 10257
222 10258
222 10259
222 10260
222 10261
222 10262
222 10263
222 10264
222 10265
222 10266
222 10267
222 10268
222 10269
222 10270
222 10271
222 10272
222 10273
222 10274
222 10275
222 10276
222 10277
222 10278
222 10279
222 10280
222 10281
222 10282
222 10283
222 10284
222 10285
222 10286
222 10287
222 10288
222 10289
222 10290
222 10291
222 10292
222 10293
222 10294
222 10295
222 10296
222 10297
222 10298
222 10299
222 10300
222 10301
222 10302
222 10303
222 10304
222 10305
222 10306
222 10307
222 10308
222 10309
222 10310
222 10311
222 10312
222 10313
222 10314
222 10315
222 10316
222 10317
222 10318
222 10319
222 10320
222 10321
222 10322
222 10323
222 10324
222 10325
222 10326
222 10327
222 10328
222 10329
222 10330
222 10331
222 10332
222 10333
222 10334
222 10335
222 10336
222 10337
222 10338
222 10339
222 10340
222 10341
222 10342
222 10343
222 10344
222 10345
222 10346
222 10347
222 10348
222 10349
222 10350
222 10351
222 10352
222 10353
222 10354
222 10355
222 10356
222 10357
222 10358
222 10359
222 10360
222 10361
222 10362
222 10363
222 10364
222 10365
222 10366
222 10367
222 10368
222 10369
222 10370
222 10371
222 10372
222 10373
222 10374
222 10375
222 10376
222 10377
222 10378
222 10379
222 10380
222 10381
222 10382
222 10383
222 10384
222 10385
222 10386
222 10387
222 10388
222 10389
222 10390
222 10391
222 10392
222 10393
222 10394
222 10395
222 10396
222 10397
222 10398
222 10399
222 10400
222 10401
222 10402
222 10403
222 10404
222 10405
222 10406
222 10407
222 10408
222 10409
222 10410
222 10411
222 10412
222 10413
222 10414
222 10415
222 10416
222 10417
222 10418
222 10419
222 10420
222 10421
222 10422
222 10423
222 10424
222 10425
222 10426
222 10427
222 10428
222 10429
222 10430
222 10431
222 10432
222 10433
222 10434
222 10435
222 10436
222 10437
222 10438
222 10439
222 10440
222 10441
222 10442
222 10443
222 10444
222 10445
222 10446
222 10447
222 10448
222 10449
222 10450
222 10451
222 10452
222 10453
222 10454
222 10455
222 10456
222 10457
222 10458
222 10459
222 10460
222 10461
222 10462
222 10463
222 10464
222 10465
222 10466
222 10467
222 10468
222 10469
222 10470
222 10471
222 10472
222 10473
222 10474
222 10475
222 10476
222 10477
222 10478
222 10479
222 10480
222 10481
222 10482
222 10483
222 10484
222 10485
222 10486
222 10487
222 10488
222 10489
222 10490
222 10491
222 10492
222 10493
222 10494
222 10495
222 10496
222 10497
222 10498
222 10499
222 10500
222 10501
222 10502
222 10503
222 10504
222 10505
222 10506
222 10507
222 10508
222 10509
222 10510
222 10511
222 10512
222 10513
222 10514
222 10515
222 10516
222 10517
222 10518
222 10519
222 10520
222 10521
222 10522
222 10523
222 10524
222 10525
222 10526
222 10527
222 10528
222 10529
222 10530
222 10531
222 10532
222 10533
222 10534
222 10535
222 10536
222 10537
222 10538
222 10539
222 10540
222 10541
222 10542
222 10543
222 10544
222 10545
222 10546
222 10547
222 10548
222 10549
222 10550
222 10551
222 10552
222 10553
222 10554
222 10555
222 10556
222 10557
222 10558
222 10559
222 10560
222 10561
222 10562
222 10563
222 10564
222 10565
222 10566
222 10567
222 10568
222 10569
222 10570
222 10571
222 10572
222 10573
222 10574
222 10575
222 10576
222 10577
222 10578
222 10579
222 10580
222 10581
222 10582
222 10583
222 10584
222 10585
222 10586
222 10587
222 10588
222 10589
222 10590
222 10591
222 10592
222 10593
222 10594
222 10595
222 10596
222 10597
222 10598
222 10599
222 10600
222 10601
222 10602
222 10603
222 10604
222 10605
222 10606
222 10607
222 10608
222 10609
222 10610
222 10611
222 10612
222 10613
222 10614
222 10615
222 10616
222 10617
222 10618
222 10619
222 10620
222 10621
222 10622
222 10623
222 10624
222 10625
222 10626
222 10627
222 10628
222 10629
222 10630
222 10631
222 10632
222 10633
222 10634
222 10635
222 10636
222 10637
222 10638
222 10639
222 10640
222 10641
222 10642
222 10643
222 10644
222 10645
222 10646
222 10647
222 10648
222 10649
222 10650
222 10651
222 10652
222 10653
222 10654
222 10655
222 10656
222 10657
222 10658
222 10659
222 10660
222 10661
222 10662
222 10663
222 10664
222 10665
222 10666
222 10667
222 10668
222 10669
222 10670
222 10671
222 10672
222 10673
222 10674
222 10675
222 10676
222 10677
222 10678
222 10679
222 10680
222 10681
222 10682
222 10683
222 10684
222 10685
222 10686
222 10687
222 10688
222 10689
222 10690
222 10691
222 10692
222 10693
222 10694
222 10695
222 10696
222 10697
222 10698
222 10699
222 10700
222 10701
222 10702
222 10703
222 10704
222 10705
222 10706
222 10707
222 10708
222 10709
222 10710
222 10711
222 10712
222 10713
222 10714
222 10715
222 10716
222 10717
222 10718
222 10719
222 10720
222 10721
222 10722
222 10723
222 10724
222 10725
222 10726
222 10727
222 10728
222 10729
222 10730
222 10731
222 10732
222 10733
222 10734
222 10735
222 10736
222 10737
222 10738
222 10739
222 10740
222 10741
222 10742
222 10743
222 10744
222 10745
222 10746
222 10747
222 10748
222 10749
222 10750
222 10751
222 10752
222 10753
222 10754
222 10755
222 10756
222 10757
222 10758
222 10759
222 10760
222 10761
222 10762
222 10763
222 10764
222 10765
222 10766
222 10767
222 10768
222 10769
222 10770
222 10771
222 10772
222 10773
222 10774
222 10775
222 10776
222 10777
222 10778
222 10779
222 10780
222 10781
222 10782
222 10783
222 10784
222 10785
222 10786
222 10787
222 10788
222 10789
222 10790
222 10791
222 10792
222 10793
222 10794
222 10795
222 10796
222 10797
222 10798
222 10799
222 10800
222 10801
222 10802
222 10803
222 10804
222 10805
222 10806
222 10807
222 10808
222 10809
222 10810
222 10811
222 10812
222 10813
222 10814
222 10815
222 10816
222 10817
222 10818
222 10819
222 10820
222 10821
222 10822
222 10823
222 10824
222 10825
222 10826
222 10827
222 10828
222 10829
222 10830
222 10831
222 10832
222 10833
222 10834
222 10835
222 10836
222 10837
222 10838
222 10839
222 10840
222 10841
222 10842
222 10843
222 10844
222 10845
222 10846
222 10847
222 10848
222 10849
222 10850
222 10851
222 10852
222 10853
222 10854
222 10855
222 10856
222 10857
222 10858
222 10859
222 10860
222 10861
222 10862
222 10863
222 10864
222 10865
222 10866
222 10867
222 10868
222 10869
222 10870
222 10871
222 10872
222 10873
222 10874
222 10875
222 10876
222 10877
222 10878
222 10879
222 10880
222 10881
222 10882
222 10883
222 10884
222 10885
222 10886
222 10887
222 10888
222 10889
222 10890
222 10891
222 10892
222 10893
222 10894
222 10895
222 10896
222 10897
222 10898
222 10899
222 10900
222 10901
222 10902
222 10903
222 10904
222 10905
222 10906
222 10907
222 10908
222 10909
222 10910
222 10911
222 10912
222 10913
222 10914
222 10915
222 10916
222 10917
222 10918
222 10919
222 10920
222 10921
222 10922
222 10923
222 10924
222 10925
222 10926
222 10927
222 10928
222 10929
222 10930
222 10931
222 10932
222 10933
222 10935
222 10936
222 10937
222 10938
222 10939
222 10940
222 10941
222 10942
222 10943
222 10944
222 11381
222 11404
222 11405
222 11463
222 11513
222 11615
222 11813
222 11814
222 11815
222 11828
222 11937
222 12021
222 12391
222 13125
222 16096
222 16147
222 16148
222 16169
222 16424
222 16634
222 16742
222 16743
222 16792
222 17043
222 17178
222 18109
222 18261
223 36
224 36
225 36
225 5601
226 36
227 36
228 36
229 36
229 171
230 36
231 36
232 36
233 36
233 923
234 36
235 36
236 36
236 6686
237 36
238 36
238 267
238 382
238 677
238 923
238 3169
238 4799
238 5561
238 6686
238 6687
238 9185
238 9186
238 9187
238 9188
238 9189
238 9190
238 9191
238 9192
238 9193
238 9194
238 9195
238 9196
238 9277
239 36
240 36
241 36
242 36
243 36
243 310
244 36
244 166
244 299
244 312
244 677
244 3784
244 6687
244 11360
244 11614
245 36
245 11720
245 11721
246 36
247 36
248 36
249 36
250 36
251 36
251 844
251 3146
251 3169
251 3225
251 3784
251 4788
251 5129
251 5561
251 6686
251 6687
251 7057
251 9255
251 9597
251 11023
251 11656
251 18258
251 18316
252 36
252 3784
252 18464
253 37
253 116
253 7240
253 7241
253 7242
253 7243
253 7244
253 7245
253 7246
254 38
254 51
254 116
254 229
254 289
254 354
254 594
254 638
254 639
254 724
254 725
254 784
254 945
254 973
254 1854
254 1868
254 2793
254 3024
254 3259
254 3466
254 3467
254 3468
254 3469
254 3470
254 3471
254 3472
254 3482
254 3492
254 3493
254 3494
254 3528
254 3612
254 3877
254 3878
254 3879
254 3880
254 3883
254 3884
254 3885
254 3886
254 3887
254 3888
254 3893
254 3894
254 3896
254 3897
254 3898
254 4674
255 38
255 594
256 39
256 63
256 101
256 194
256 663
256 3531
257 39
258 39
258 677
258 817
258 923
258 3495
258 3496
258 3501
258 3784
258 3830
258 4674
259 39
259 74
259 148
259 177
259 258
259 262
259 307
259 311
259 313
259 314
259 315
259 316
259 342
259 348
259 351
259 353
259 355
259 403
259 470
259 541
259 547
259 591
259 639
259 664
259 671
259 904
259 950
259 976
259 1866
259 2784
259 3226
259 3229
259 3929
259 3939
259 4564
259 4566
259 5447
259 5468
259 5596
259 6481
259 6633
259 6881
259 11185
259 11187
259 11323
259 11419
259 11616
259 11744
259 11803
259 11819
259 15268
260 41
260 42
260 43
260 44
260 45
260 46
260 47
260 376
260 606
261 42
261 1149
261 1631
261 4878
261 5489
261 5810
261 9403
261 10102
261 11215
261 11216
261 11327
262 50
262 65
262 750
262 751
263 51
264 51
264 3070
264 3071
265 51
266 51
266 945
267 52
268 52
268 621
268 1868
268 3259
269 52
269 749
270 52
270 935
271 52
272 52
273 52
273 352
273 844
273 845
273 846
273 3243
273 3246
274 52
274 153
275 52
276 52
277 52
277 334
277 4786
278 52
279 52
280 52
280 5681
281 52
282 52
282 7304
283 52
283 7046
284 52
285 52
286 52
286 11211
287 52
287 16907
288 52
289 53
289 110
289 133
289 426
289 536
289 850
289 897
289 904
289 906
289 907
289 908
289 909
289 910
289 920
289 921
289 922
289 2816
289 2820
289 2821
289 3205
289 3210
289 3211
289 3212
289 3213
289 3214
289 3226
289 3227
289 3228
289 3229
289 3231
289 3232
290 53
291 54
292 54
293 54
294 54
294 6454
294 6463
295 54
296 56
297 56
297 162
297 4780
297 5445
297 7324
297 7762
298 56
298 946
298 7104
298 8231
298 8232
299 59
300 61
300 518
301 61
301 134
301 148
301 314
301 489
301 632
301 707
301 841
301 959
301 3074
301 5135
301 6686
301 9190
301 10132
301 11182
301 16149
301 16876
301 18112
302 62
302 355
302 3259
302 3494
302 5558
303 63
303 195
303 226
303 341
303 533
303 555
303 571
303 578
303 585
303 702
303 945
303 971
303 973
303 974
303 976
303 978
303 979
303 980
303 981
303 982
303 983
303 984
303 1018
303 1851
303 1853
303 1854
303 1855
303 1856
303 1860
303 1865
303 1869
303 1871
303 1872
303 1873
303 1874
303 1875
303 1876
303 1877
303 1878
303 1882
303 2756
303 2767
303 2771
303 2772
303 2784
303 2787
303 2793
303 2806
303 2815
303 2822
303 3239
303 3256
303 4807
303 5248
303 18652
304 63
304 64
304 67
304 68
304 102
304 103
304 455
304 631
304 945
304 3941
304 3944
304 4566
304 4567
305 63
306 63
306 96
306 106
306 166
306 167
306 640
306 722
306 819
306 841
306 3256
306 3906
306 3936
306 5248
306 6363
306 6364
306 6365
306 6366
306 6367
306 6368
306 6369
306 6370
306 6572
306 6803
306 6804
306 6805
306 6806
306 6807
306 6822
306 6823
306 6824
306 6825
306 6826
306 7100
306 7127
306 7128
306 7129
306 7130
306 7131
307 63
308 63
308 7825
309 63
309 70
309 9816
309 13579
309 16868
309 17170
309 17171
309 17172
309 17173
309 17411
309 17412
309 17413
309 17414
309 17415
309 17493
309 19742
309 19743
309 19744
309 19745
309 19746
310 63
311 64
311 497
311 3784
311 3810
311 11338
311 11835
311 11836
311 11837
312 65
312 135
312 154
312 336
312 375
312 502
312 507
312 610
312 611
312 612
312 841
312 872
312 874
312 875
312 922
312 955
312 956
312 957
312 958
312 969
313 65
313 335
314 66
314 148
315 66
316 66
317 66
317 1871
318 66
319 66
320 66
320 625
321 66
322 66
323 67
324 67
325 68
326 68
326 72
326 251
326 619
327 68
327 9325
327 10192
327 10193
327 17028
328 69
329 69
330 71
331 71
331 193
332 74
332 106
332 294
332 591
332 784
332 5002
332 5013
333 75
333 447
333 448
334 75
335 77
335 121
335 540
335 541
335 542
336 77
337 77
337 632
337 677
337 678
338 77
338 655
338 864
339 77
339 98
339 326
339 504
339 3139
339 3204
339 3929
339 7665
339 7760
339 7793
339 7794
339 11025
339 11026
339 11029
339 11407
339 11408
339 11409
339 11417
339 11418
339 11428
339 11429
339 11430
339 11431
339 11436
339 11564
339 17541
340 77
341 77
342 77
343 96
343 5012
344 96
344 631
345 96
345 3812
346 96
347 96
347 21825
348 96
348 312
348 3225
348 3784
348 4835
348 5339
348 5444
348 6686
348 9196
348 18258
348 21694
348 21699
348 21828
349 97
350 97
351 98
352 98
353 100
353 5287
353 5603
353 9017
353 9448
353 11034
353 11035
353 11036
353 11201
353 11202
353 11203
353 11316
354 101
355 101
355 507
356 103
357 103
357 11728
358 103
358 117
358 145
358 159
358 538
358 572
358 635
358 643
358 667
358 915
358 946
358 2763
358 3795
358 5301
358 5684
358 6690
358 6823
358 7504
358 9970
358 10073
358 10186
358 11646
358 11744
358 17984
359 104
359 371
360 105
360 825
360 1869
360 3195
360 3499
360 3518
360 4023
360 5263
361 105
361 610
361 942
361 961
361 3154
361 3159
361 3208
361 3209
361 6693
361 6805
361 6806
361 6824
361 6825
361 10149
362 105
363 105
363 668
363 17983
364 108
364 237
364 331
364 336
364 443
365 110
365 904
365 906
365 907
365 908
365 909
365 920
365 2816
365 2820
365 2821
365 3205
365 3210
365 3211
365 3212
365 3213
365 3214
365 3226
365 3231
365 3251
366 112
367 116
367 193
367 3938
367 5146
367 5684
368 116
368 533
369 116
370 116
370 536
370 639
370 655
370 864
370 880
370 3224
370 4674
370 6803
370 9192
370 11403
370 11404
370 11405
370 11614
370 11740
370 16709
370 20728
371 117
371 536
371 3795
371 11184
371 11807
371 17537
371 17538
371 17539
371 17597
371 17598
371 18311
371 18719
372 118
372 195
372 218
372 311
373 118
374 118
375 122
375 473
375 503
375 537
375 4810
375 6017
375 6488
375 6674
375 6676
375 6866
375 6867
375 6876
375 6877
375 6921
375 6922
375 6949
375 6950
375 7249
375 8243
375 9403
375 11328
375 11329
375 11330
375 11377
375 11378
375 11426
375 11650
375 15898
375 15899
375 17116
375 17177
375 18640
375 18641
375 18642
375 18643
375 19919
376 123
376 864
376 891
376 1585
376 2819
377 123
378 123
378 18796
379 124
380 124
381 130
382 130
383 130
384 131
384 132
385 133
385 508
386 133
387 133
387 159
387 347
387 382
387 460
387 744
387 774
388 133
388 696
388 735
388 736
388 996
388 4182
388 4674
388 5273
388 5592
388 5732
388 5876
388 6767
388 8222
388 8626
388 9484
388 9583
388 11433
388 11437
388 11588
388 15704
388 15853
388 16208
388 16445
388 16745
388 17049
388 17695
388 18844
388 19381
388 19384
388 19385
388 19643
388 19788
388 19789
388 19790
388 20562
389 133
389 11567
390 133
390 498
390 844
390 872
390 945
390 3243
390 8033
390 11023
390 11282
391 133
392 133
392 772
392 5872
392 7130
392 10143
392 10144
392 11251
392 11252
392 11253
392 11254
392 11255
392 11256
392 11326
392 11755
392 11756
392 11757
392 11758
392 11759
392 11760
393 133
394 133
394 536
394 11314
394 19382
395 134
395 146
395 536
395 841
395 8490
395 8500
396 134
396 146
396 536
396 3508
396 3889
396 3890
396 4563
396 4831
396 6013
396 8145
396 8149
396 8150
396 8151
397 134
397 280
397 283
397 329
397 339
397 418
397 536
397 540
397 583
397 656
397 657
397 712
397 988
397 1035
397 1061
397 1073
397 1079
397 1086
397 1109
397 1110
397 1116
397 1161
397 1163
397 1169
397 1182
397 1189
397 1210
397 1235
397 1239
397 1256
397 1276
397 1277
397 1280
397 1283
397 1310
397 1323
397 1353
397 1358
397 1367
397 1371
397 1391
397 1395
397 1415
397 1417
397 1419
397 1435
397 1440
397 1456
397 1460
397 1462
397 1466
397 1475
397 1489
397 1495
397 1505
397 1518
397 1538
397 1551
397 1564
397 1568
397 1594
397 1597
397 1598
397 1633
397 1643
397 1647
397 1665
397 1669
397 1672
397 1673
397 1674
397 1676
397 1683
397 1714
397 1724
397 1729
397 1760
397 1768
397 1770
397 1777
397 1787
397 1794
397 1797
397 1810
397 1812
397 1818
397 1820
397 1825
397 1829
397 1898
397 1902
397 1911
397 1921
397 1927
397 1944
397 1951
397 1993
397 2003
397 2009
397 2023
397 2026
397 2038
397 2050
397 2052
397 2056
397 2067
397 2073
397 2080
397 2083
397 2085
397 2086
397 2091
397 2098
397 2100
397 2102
397 2118
397 2123
397 2125
397 2128
397 2133
397 2134
397 2136
397 2139
397 2145
397 2152
397 2154
397 2156
397 2162
397 2179
397 2180
397 2190
397 2225
397 2231
397 2269
397 2271
397 2276
397 2277
397 2278
397 2280
397 2283
397 2284
397 2286
397 2288
397 2290
397 2291
397 2292
397 2297
397 2300
397 2306
397 2308
397 2309
397 2312
397 2314
397 2317
397 2320
397 2321
397 2322
397 2324
397 2329
397 2330
397 2331
397 2338
397 2340
397 2342
397 2345
397 2346
397 2347
397 2349
397 2352
397 2356
397 2359
397 2361
397 2363
397 2364
397 2365
397 2369
397 2370
397 2372
397 2373
397 2385
397 2387
397 2394
397 2396
397 2400
397 2406
397 2407
397 2410
397 2413
397 2415
397 2416
397 2417
397 2422
397 2424
397 2426
397 2427
397 2428
397 2432
397 2433
397 2436
397 2441
397 2442
397 2451
397 2452
397 2455
397 2457
397 2458
397 2459
397 2464
397 2465
397 2467
397 2469
397 2470
397 2474
397 2478
397 2479
397 2480
397 2482
397 2485
397 2487
397 2488
397 2490
397 2491
397 2492
397 2498
397 2501
397 2504
397 2505
397 2507
397 2508
397 2509
397 2510
397 2512
397 2514
397 2515
397 2516
397 2518
397 2519
397 2521
397 2522
397 2524
397 2529
397 2531
397 2533
397 2534
397 2538
397 2542
397 2543
397 2544
397 2546
397 2550
397 2551
397 2555
397 2556
397 2559
397 2561
397 2562
397 2563
397 2564
397 2566
397 2568
397 2569
397 2573
397 2574
397 2577
397 2579
397 2580
397 2582
397 2583
397 2585
397 2588
397 2589
397 2590
397 2591
397 2592
397 2593
397 2595
397 2598
397 2599
397 2600
397 2601
397 2606
397 2608
397 2609
397 2610
397 2611
397 2612
397 2615
397 2617
397 2618
397 2619
397 2620
397 2622
397 2626
397 2627
397 2629
397 2630
397 2631
397 2632
397 2635
397 2637
397 2640
397 2641
397 2642
397 2645
397 2646
397 2647
397 2648
397 2650
397 2651
397 2654
397 2655
397 2658
397 2665
397 2666
397 2670
397 2671
397 2672
397 2674
397 2675
397 2680
397 2684
397 2686
397 2687
397 2689
397 2692
397 2693
397 2694
397 2696
397 2697
397 2700
397 2701
397 2704
397 2706
397 2709
397 2710
397 2712
397 2713
397 2714
397 2715
397 2716
397 2717
397 2718
397 2719
397 2722
397 2723
397 2727
397 2728
397 2730
397 2732
397 2742
397 2743
397 2744
397 2745
397 2760
397 2769
397 2776
397 2834
397 2852
397 2865
397 2874
397 2877
397 2928
397 2987
397 2988
397 2995
397 3006
397 3036
397 3088
397 3358
397 3371
397 3379
397 3423
397 3425
397 3431
397 3509
397 3533
397 3542
397 3544
397 3560
397 3575
397 3577
397 3579
397 3591
397 3593
397 3609
397 3615
397 3630
397 3644
397 3649
397 3686
397 3946
397 3965
397 3988
397 4011
397 4023
397 4061
397 4076
397 4098
397 4120
397 4125
397 4136
397 4146
397 4155
397 4168
397 4172
397 4195
397 4223
397 4237
397 4243
397 4287
397 4312
397 4321
397 4334
397 4336
397 4343
397 4350
397 4356
397 4405
397 4410
397 4461
397 4478
397 4493
397 4521
397 4548
397 4616
397 4624
397 4641
397 4645
397 4702
397 4789
397 4792
397 4845
397 4846
397 4851
397 4852
397 4856
397 4863
397 4870
397 4872
397 4885
397 5028
397 5041
397 5093
397 5152
397 5172
397 5201
397 5222
397 5237
397 5259
397 5266
397 5269
397 5279
397 5306
397 5308
397 5320
397 5374
397 5375
397 5383
397 5413
397 5442
397 5449
397 5484
397 5485
397 5500
397 5501
397 5505
397 5510
397 5512
397 5528
397 5529
397 5530
397 5536
397 5585
397 5610
397 5611
397 5616
397 5620
397 5660
397 5701
397 5707
397 5748
397 5823
397 6002
397 6045
397 6210
397 6241
397 6280
397 6314
397 6318
397 6326
397 6442
397 6487
397 6523
397 6548
397 6571
397 6600
397 6681
397 6837
397 6873
397 6905
397 6929
397 6998
397 7009
397 7033
397 7045
397 7047
397 7093
397 7094
397 7166
397 7194
397 7239
397 7315
397 7356
397 7375
397 7383
397 7394
397 7439
397 7526
397 7547
397 7571
397 7595
397 7607
397 7679
397 7682
397 7777
397 7806
397 7813
397 7846
397 7871
397 7917
397 7974
397 7975
397 8008
397 8039
397 8100
397 8104
397 8126
397 8311
397 8326
397 8377
397 8409
397 8416
397 8450
397 8496
397 8515
397 8526
397 8548
397 8581
397 8602
397 8622
397 8690
397 8717
397 8766
397 8773
397 8804
397 8941
397 8963
397 8985
397 9018
397 9054
397 9072
397 9144
397 9183
397 9231
397 9244
397 9287
397 9308
397 9434
397 9499
397 9546
397 9614
397 9678
397 9679
397 9755
397 9910
397 9988
397 10254
397 10272
397 10289
397 10297
397 10352
397 10360
397 10401
397 10499
397 10564
397 10568
397 10579
397 10648
397 10651
397 10687
397 10710
397 10728
397 10778
397 10798
397 10817
397 10827
397 10845
397 10913
397 11045
397 11063
397 11091
397 11118
397 11154
397 11170
397 11303
397 11441
397 11456
397 11661
397 11662
397 11663
397 11664
397 11665
397 11666
397 11667
397 11668
397 11669
397 11670
397 11671
397 11672
397 11673
397 11674
397 11675
397 11676
397 11677
397 11678
397 11679
397 11680
397 11681
397 11682
397 11683
397 11684
397 11685
397 11686
397 11687
397 11688
397 11689
397 11690
397 11691
397 11692
397 11693
397 11694
397 11695
397 11696
397 11697
397 11698
397 11699
397 11700
397 11701
397 11702
397 11703
397 11704
397 11705
397 11706
397 11707
397 11708
397 11709
397 11710
397 11711
397 16876
398 136
399 138
399 167
400 145
400 559
400 3242
401 147
402 148
403 148
403 195
403 639
404 148
404 533
404 11596
404 11753
404 11761
404 11762
405 159
406 165
406 218
407 166
407 342
407 3815
407 5310
407 6018
407 9198
407 9236
407 9245
407 9261
407 9262
408 166
409 166
409 470
409 8672
409 11558
410 166
410 320
410 3068
410 11632
411 166
412 167
412 358
413 167
414 167
414 7664
415 167
415 222
415 552
415 632
415 2784
415 3024
415 7314
415 7396
415 8012
415 8026
416 167
417 167
418 167
419 169
419 194
419 5310
420 171
421 171
422 171
422 3247
422 3248
422 3249
422 3250
423 171
424 171
424 3902
424 4524
424 5400
424 10071
424 10074
424 11263
424 11264
424 11310
424 11311
425 171
425 3936
426 171
427 171
428 171
429 171
429 8914
430 171
430 403
430 5096
430 10047
431 172
431 366
431 367
431 368
431 370
432 194
432 768
432 983
433 195
433 289
433 383
433 668
433 4798
433 5013
433 5597
433 6328
433 6329
433 6330
433 6370
433 6759
433 6760
433 6761
433 6762
433 6763
433 6764
433 6765
433 6766
433 6767
433 6770
433 6771
433 6773
433 6774
433 6783
433 7604
433 8503
433 8651
433 8652
434 195
434 222
435 195
435 4898
436 218
436 494
437 218
437 533
437 3076
437 5391
438 218
439 222
439 722
439 3640
439 3655
440 222
440 1865
440 3485
441 222
441 862
441 984
442 222
442 571
442 696
442 1854
443 222
444 222
445 222
445 703
445 6010
445 6011
446 226
446 336
446 480
446 482
446 483
446 559
446 578
446 830
446 1878
446 3792
446 3909
446 7152
446 8016
447 229
447 649
447 2846
447 4630
447 4775
447 4776
447 4795
447 4796
447 4797
448 229
448 6466
448 6475
448 6484
448 6505
448 6527
448 6528
449 238
449 945
450 242
451 253
452 267
453 275
453 276
454 279
454 280
454 282
454 283
454 318
454 327
454 329
454 330
454 338
454 339
454 379
454 418
454 472
454 486
454 540
454 564
454 565
454 583
454 653
454 656
454 657
454 712
454 927
454 962
454 988
454 1035
454 1061
454 1073
454 1079
454 1086
454 1109
454 1110
454 1116
454 1161
454 1163
454 1169
454 1182
454 1189
454 1210
454 1235
454 1239
454 1256
454 1276
454 1277
454 1280
454 1283
454 1310
454 1323
454 1353
454 1358
454 1367
454 1371
454 1391
454 1395
454 1415
454 1417
454 1419
454 1435
454 1440
454 1456
454 1460
454 1462
454 1466
454 1475
454 1489
454 1495
454 1505
454 1518
454 1538
454 1551
454 1564
454 1568
454 1594
454 1597
454 1598
454 1633
454 1643
454 1647
454 1665
454 1669
454 1672
454 1673
454 1674
454 1676
454 1683
454 1714
454 1724
454 1729
454 1760
454 1768
454 1770
454 1777
454 1787
454 1794
454 1797
454 1810
454 1812
454 1818
454 1820
454 1825
454 1829
454 1898
454 1902
454 1911
454 1921
454 1927
454 1944
454 1951
454 1993
454 2003
454 2009
454 2023
454 2026
454 2038
454 2050
454 2052
454 2056
454 2067
454 2073
454 2080
454 2083
454 2085
454 2086
454 2091
454 2098
454 2100
454 2102
454 2118
454 2123
454 2125
454 2128
454 2133
454 2134
454 2136
454 2139
454 2145
454 2152
454 2154
454 2156
454 2162
454 2179
454 2180
454 2190
454 2225
454 2231
454 2269
454 2271
454 2276
454 2277
454 2278
454 2280
454 2283
454 2284
454 2286
454 2288
454 2290
454 2291
454 2292
454 2297
454 2300
454 2306
454 2308
454 2309
454 2312
454 2314
454 2317
454 2320
454 2321
454 2322
454 2324
454 2329
454 2330
454 2331
454 2338
454 2340
454 2342
454 2345
454 2346
454 2347
454 2349
454 2352
454 2356
454 2359
454 2361
454 2363
454 2364
454 2365
454 2369
454 2370
454 2372
454 2373
454 2385
454 2387
454 2394
454 2396
454 2400
454 2406
454 2407
454 2410
454 2413
454 2415
454 2416
454 2417
454 2422
454 2424
454 2426
454 2427
454 2428
454 2432
454 2433
454 2436
454 2441
454 2442
454 2451
454 2452
454 2455
454 2457
454 2458
454 2459
454 2464
454 2465
454 2467
454 2469
454 2470
454 2474
454 2478
454 2479
454 2480
454 2482
454 2485
454 2487
454 2488
454 2490
454 2491
454 2492
454 2498
454 2501
454 2504
454 2505
454 2507
454 2508
454 2509
454 2510
454 2512
454 2514
454 2515
454 2516
454 2518
454 2519
454 2521
454 2522
454 2524
454 2529
454 2533
454 2534
454 2538
454 2542
454 2543
454 2544
454 2546
454 2550
454 2551
454 2555
454 2556
454 2559
454 2561
454 2562
454 2563
454 2564
454 2566
454 2568
454 2569
454 2574
454 2577
454 2579
454 2580
454 2582
454 2583
454 2585
454 2588
454 2589
454 2590
454 2591
454 2592
454 2593
454 2595
454 2598
454 2599
454 2600
454 2601
454 2606
454 2608
454 2609
454 2610
454 2611
454 2612
454 2615
454 2617
454 2618
454 2619
454 2620
454 2622
454 2626
454 2627
454 2629
454 2630
454 2631
454 2632
454 2635
454 2637
454 2640
454 2641
454 2642
454 2645
454 2646
454 2647
454 2648
454 2650
454 2651
454 2654
454 2655
454 2658
454 2665
454 2666
454 2670
454 2671
454 2672
454 2674
454 2675
454 2680
454 2684
454 2686
454 2687
454 2689
454 2692
454 2693
454 2694
454 2696
454 2697
454 2700
454 2701
454 2704
454 2706
454 2709
454 2710
454 2712
454 2713
454 2714
454 2715
454 2716
454 2717
454 2718
454 2719
454 2722
454 2723
454 2727
454 2728
454 2730
454 2732
454 2742
454 2743
454 2744
454 2745
454 2760
454 2769
454 2776
454 2834
454 2852
454 2865
454 2874
454 2877
454 2928
454 2987
454 2988
454 2995
454 3006
454 3036
454 3088
454 3358
454 3371
454 3379
454 3423
454 3425
454 3431
454 3509
454 3533
454 3542
454 3544
454 3560
454 3575
454 3577
454 3579
454 3591
454 3593
454 3609
454 3615
454 3630
454 3644
454 3649
454 3686
454 3914
454 3921
454 3946
454 3965
454 3988
454 4011
454 4023
454 4061
454 4076
454 4098
454 4120
454 4125
454 4136
454 4146
454 4155
454 4168
454 4172
454 4195
454 4223
454 4237
454 4243
454 4287
454 4312
454 4321
454 4334
454 4336
454 4343
454 4350
454 4356
454 4405
454 4410
454 4461
454 4478
454 4493
454 4521
454 4548
454 4616
454 4641
454 4645
454 4702
454 4789
454 4792
454 4845
454 4846
454 4851
454 4852
454 4856
454 4863
454 4870
454 4872
454 4885
454 5028
454 5041
454 5093
454 5152
454 5172
454 5201
454 5222
454 5237
454 5259
454 5266
454 5269
454 5279
454 5306
454 5308
454 5320
454 5374
454 5375
454 5383
454 5413
454 5442
454 5449
454 5484
454 5485
454 5500
454 5501
454 5505
454 5510
454 5512
454 5528
454 5529
454 5530
454 5536
454 5585
454 5610
454 5611
454 5616
454 5620
454 5660
454 5701
454 5707
454 5748
454 5823
454 6002
454 6045
454 6210
454 6241
454 6280
454 6314
454 6318
454 6326
454 6442
454 6485
454 6487
454 6523
454 6548
454 6571
454 6600
454 6681
454 6837
454 6873
454 6905
454 6929
454 6998
454 7009
454 7033
454 7045
454 7047
454 7093
454 7094
454 7166
454 7194
454 7239
454 7315
454 7356
454 7375
454 7383
454 7394
454 7439
454 7526
454 7547
454 7559
454 7571
454 7595
454 7607
454 7679
454 7682
454 7777
454 7806
454 7813
454 7846
454 7871
454 7917
454 7974
454 7975
454 8008
454 8039
454 8100
454 8104
454 8126
454 8311
454 8313
454 8326
454 8377
454 8409
454 8416
454 8450
454 8496
454 8515
454 8526
454 8548
454 8581
454 8602
454 8622
454 8690
454 8717
454 8766
454 8773
454 8804
454 8941
454 8963
454 8985
454 9018
454 9054
454 9055
454 9072
454 9144
454 9183
454 9231
454 9244
454 9287
454 9308
454 9434
454 9499
454 9546
454 9614
454 9678
454 9679
454 9755
454 9910
454 9988
454 10254
454 10272
454 10289
454 10297
454 10352
454 10360
454 10401
454 10499
454 10564
454 10568
454 10579
454 10648
454 10651
454 10687
454 10710
454 10728
454 10778
454 10798
454 10817
454 10827
454 10845
454 10913
454 11037
454 11045
454 11063
454 11091
454 11118
454 11154
454 11170
454 11266
454 11441
454 11456
454 11661
454 11662
454 11663
454 11664
454 11665
454 11666
454 11667
454 11668
454 11669
454 11670
454 11671
454 11672
454 11673
454 11674
454 11675
454 11676
454 11677
454 11678
454 11679
454 11680
454 11681
454 11682
454 11683
454 11684
454 11685
454 11686
454 11687
454 11688
454 11689
454 11690
454 11691
454 11692
454 11693
454 11694
454 11695
454 11696
454 11698
454 11699
454 11700
454 11702
454 11703
454 11704
454 11705
454 11706
454 11707
454 11708
454 11709
454 11710
454 11711
454 11723
455 282
455 283
456 284
456 285
456 287
456 288
456 297
456 298
456 337
456 644
457 289
457 4680
457 4737
457 6368
457 6857
457 8651
458 292
458 624
458 625
458 670
458 671
458 672
459 294
459 9218
460 294
460 784
461 296
461 11817
462 296
462 11312
462 15269
462 16022
463 299
464 299
465 299
465 310
465 312
465 3813
465 3818
466 299
466 310
467 299
468 303
469 309
470 317
470 582
471 324
471 621
472 326
472 552
472 669
472 724
472 943
472 3244
472 3929
472 7127
472 7314
472 9141
472 10018
472 10019
472 10020
472 10021
472 10022
472 10023
472 10024
472 10025
472 10026
472 10027
472 10028
472 10029
472 10030
472 10031
472 10032
472 10033
472 10034
472 10035
472 10036
472 10038
472 10039
472 10040
472 10041
472 10042
472 10043
472 10045
472 10047
472 10048
472 10049
472 10050
472 10051
472 10052
472 10053
472 10054
472 10055
472 10056
472 10057
472 10058
472 10059
472 10060
472 10061
472 10080
473 327
473 329
474 330
475 334
475 611
475 1722
475 3260
475 3262
475 3462
475 10089
476 343
476 945
477 347
477 555
477 735
477 887
478 347
479 347
480 347
481 347
482 348
483 349
483 3246
483 5869
483 5872
484 351
484 6758
485 351
485 382
485 619
485 841
485 3835
485 5348
485 7960
485 10063
485 10064
485 10065
485 10066
485 10067
485 10068
485 10069
485 10070
485 10072
485 10073
485 10074
485 10081
485 11256
485 11317
485 11319
485 11320
485 11351
485 11604
486 352
486 946
486 8231
486 8232
487 353
487 7450
488 354
489 355
490 355
490 3529
491 355
492 355
492 679
492 724
492 3771
492 3906
492 5105
492 7496
492 10120
492 19194
492 19388
492 20559
492 20561
493 371
493 4798
494 371
495 379
496 381
496 382
497 382
498 382
499 382
500 382
501 382
501 6014
501 6015
501 6016
502 382
503 382
503 9358
504 382
505 382
505 9193
506 382
507 382
507 18526
508 382
508 11591
509 382
509 11595
509 11604
510 382
510 3835
511 382
511 17614
512 401
513 402
514 403
514 16382
515 403
515 558
515 611
515 4932
515 11587
515 16908
516 403
517 445
518 446
519 446
519 7242
519 7305
520 450
521 453
521 631
521 2816
521 3205
521 7120
522 454
522 649
522 7845
522 9591
522 9597
522 9671
522 9672
522 9775
522 9869
522 9870
522 15270
522 15818
523 459
523 4629
524 460
525 460
525 533
526 460
527 465
528 467
528 468
528 646
529 470
530 472
531 484
531 7351
531 11371
531 11658
531 11659
532 490
532 491
532 492
533 493
534 495
535 496
535 20281
536 496
536 17563
536 20144
537 496
537 7504
538 496
538 20328
539 497
539 544
540 502
540 11424
541 518
542 519
543 522
543 742
544 526
544 527
544 589
544 590
544 607
544 616
544 617
544 714
544 715
545 532
546 533
546 1868
546 3259
546 3522
547 533
548 533
549 533
550 533
550 633
550 7412
550 11328
550 11329
550 11330
551 533
551 8667
552 533
553 534
553 535
554 536
554 587
554 588
554 589
554 590
555 536
556 536
557 536
557 6170
558 536
559 536
559 2132
559 5504
559 11435
559 16493
559 16639
559 20857
560 536
561 536
562 536
563 536
563 749
563 11439
563 11440
563 11441
563 11442
563 11444
563 11445
563 11448
563 11449
563 11450
563 11451
563 11452
563 11453
563 11454
563 11455
563 11456
563 11457
563 11458
563 11459
563 11460
563 11461
563 11462
563 11463
563 11464
563 11465
563 11466
563 11467
563 11468
563 11469
563 11470
563 11471
563 11472
563 11473
563 11474
563 11475
563 11476
563 11477
563 11478
563 11479
563 11480
563 11481
563 11482
563 11483
563 11484
563 11485
563 11486
563 11487
563 11488
563 11489
563 11490
563 11491
563 11492
563 11493
563 11494
563 11495
563 11496
563 11497
563 11498
563 11499
563 11500
563 11501
563 11502
563 11503
563 11504
563 11505
563 11506
563 11507
563 11508
563 11509
563 11510
563 11511
563 11512
563 11513
563 11514
563 11515
563 11516
563 11517
563 11518
563 11519
563 11520
563 11521
563 11522
563 11523
563 11524
563 11525
563 11526
563 11527
563 11528
563 11529
563 11530
563 11531
563 11532
563 11533
563 11534
563 11535
563 11536
563 11537
563 11538
563 11539
563 11540
563 11541
563 11542
563 11543
563 11544
563 11545
563 11546
563 11547
563 11548
563 11549
563 11550
563 11551
563 11563
563 16171
563 16172
563 16188
563 16189
563 16190
563 16191
563 16192
563 16193
563 16194
564 536
565 536
566 548
567 548
567 11308
567 11309
567 11447
568 548
568 956
568 6822
568 11347
568 11348
568 11349
568 11350
568 11835
569 554
570 558
571 559
572 562
572 618
573 563
574 564
574 565
575 566
576 567
577 568
578 570
579 571
579 884
579 5313
580 571
580 585
580 17494
581 571
582 572
583 572
583 928
583 929
583 933
583 934
583 936
583 937
583 938
583 939
583 940
583 941
583 942
583 960
583 961
583 3025
583 3043
583 3064
583 3139
583 3140
583 3141
583 3142
583 3143
583 3144
583 3145
583 3146
583 3147
583 3148
583 3149
583 3150
583 3151
583 3152
583 3153
583 3154
583 3155
583 3159
583 3160
583 3204
583 3206
583 3207
583 3208
583 3209
584 573
584 658
584 660
584 688
584 711
584 749
584 787
584 788
584 792
584 796
584 798
584 799
584 800
584 801
584 802
584 809
584 811
584 812
584 825
584 826
584 829
584 839
584 840
584 856
584 869
584 870
584 871
584 876
584 877
584 878
584 879
584 963
584 965
584 966
584 967
584 1572
584 2178
584 3168
584 3179
584 3180
584 3191
584 3215
584 3216
584 3217
584 3218
584 3219
584 3240
584 3241
584 3483
584 3484
584 3774
584 3775
584 3776
584 3777
584 3778
584 3779
584 3780
584 3781
584 3858
584 3859
584 3865
584 3866
584 3867
584 3868
584 3869
584 3870
584 3871
584 3900
584 3902
584 3917
584 3922
584 3923
584 4520
584 4672
584 4673
584 4675
584 4676
584 4677
584 4679
584 4787
584 4791
584 4809
584 4831
584 4832
584 4833
584 4834
584 4883
584 5059
584 5060
584 5061
584 5067
584 5096
584 5234
584 5291
584 5292
584 5293
584 5294
584 5417
584 5486
584 5488
584 5499
584 5547
584 5548
584 5549
584 5550
584 5554
584 5555
584 5598
584 5599
584 5721
584 5870
584 6175
584 6176
584 6177
584 6178
584 6331
584 6332
584 6387
584 6576
584 6577
584 6843
584 6844
584 6846
584 6847
584 6906
584 6966
584 7079
584 7090
584 7091
584 7401
584 7667
584 7668
584 7669
584 8533
584 8534
584 8536
584 8537
584 8538
584 8564
584 8927
584 8929
584 9013
584 9014
584 9265
584 9268
584 9269
584 9272
584 9275
584 9276
584 9310
584 9628
584 9676
584 9740
584 9838
584 9894
584 9901
584 9957
584 10091
584 10092
584 10095
584 10096
584 10097
584 10098
584 10101
584 10103
584 10104
584 10105
584 10106
584 10107
584 10108
584 10116
584 10118
584 11030
584 11031
584 11032
584 11033
584 11221
584 11222
584 11358
584 11361
584 11362
584 11368
584 11369
584 11373
584 11377
584 11378
584 11415
584 11416
584 11432
584 11582
584 11583
584 11584
584 11617
584 11618
584 11640
584 11649
584 11650
585 574
585 3255
586 575
586 580
587 576
588 578
588 3073
588 4998
588 20223
589 579
590 581
590 2454
590 8243
590 8244
591 584
591 2615
591 2640
591 4871
591 8221
591 10232
591 11412
591 11714
591 11733
591 12976
591 17698
592 585
593 585
594 585
594 619
594 3795
595 585
595 619
595 632
595 652
595 747
595 3024
595 4674
595 4788
595 7170
595 7176
595 7303
595 7305
595 7306
595 7313
595 7320
595 7322
595 7323
595 7324
595 7351
595 7395
595 7396
595 7400
596 585
596 4146
596 4290
596 8927
596 10638
596 11425
596 11426
596 11449
596 11655
596 17163
596 17771
596 19995
596 20001
596 20002
596 20141
596 20142
596 20222
597 585
597 11570
598 586
599 586
600 594
601 594
601 640
601 649
601 3495
601 4674
602 598
602 802
602 3903
602 4317
602 11354
602 11355
603 600
604 602
604 659
605 602
605 659
605 3828
605 3829
606 608
606 683
606 698
606 699
606 700
607 611
607 696
607 3256
607 7411
608 617
608 690
609 619
610 619
611 621
611 7684
611 7760
611 16549
611 16550
612 621
613 621
614 621
615 621
616 622
616 623
617 625
618 627
618 628
618 660
619 629
620 632
621 632
621 6463
621 6468
621 6537
622 632
622 6455
622 6470
623 632
623 11791
623 11793
624 636
625 645
626 648
627 651
628 652
628 9445
629 652
630 652
631 653
631 654
631 656
631 657
631 659
632 655
632 5002
633 655
634 658
634 752
634 753
634 754
634 755
634 756
634 757
634 758
634 759
634 760
634 761
634 762
634 763
634 764
634 765
634 766
634 767
635 668
635 3804
635 3815
635 3891
635 3892
635 3895
636 668
637 669
637 784
638 672
639 672
640 672
640 10018
641 673
641 774
642 674
643 676
644 677
645 677
646 677
647 677
647 9185
647 10934
648 677
649 677
650 677
651 677
651 9198
652 677
653 679
654 680
655 681
655 682
656 683
657 683
658 683
658 699
658 1861
658 1862
659 683
659 1884
660 683
661 683
662 683
663 688
664 689
665 692
665 2204
666 693
666 694
667 695
668 696
668 7414
668 11424
668 19483
668 19520
668 19687
668 20951
669 698
670 698
670 9022
671 700
672 700
673 702
674 703
675 703
676 705
676 735
676 3244
676 3245
677 705
677 1868
677 3524
677 3525
677 3526
677 3527
677 4918
677 5057
677 5300
678 705
679 705
680 711
681 712
682 713
683 713
684 716
684 923
685 718
686 718
686 719
687 724
688 724
688 983
688 7057
688 10099
688 11293
689 724
690 725
691 726
691 910
692 727
692 728
692 729
693 727
694 730
695 731
695 5129
695 7057
695 9255
695 17779
696 731
696 983
697 733
698 737
699 740
700 743
700 4878
700 7040
700 7041
700 7318
701 745
702 747
703 747
703 5013
703 20105
703 20106
703 20107
703 20108
703 20109
703 20110
703 20111
703 20112
703 20113
703 20114
703 20115
703 20116
703 20117
703 20118
703 20119
703 20120
703 20121
703 20122
703 20123
703 20124
703 20125
703 20126
703 20127
703 20128
703 20129
703 20130
703 20131
703 20132
703 20133
703 20134
703 20135
703 20136
703 20137
703 20138
703 20139
704 749
705 749
705 825
706 749
706 941
707 749
707 5212
707 5213
708 768
708 769
709 770
709 771
710 772
711 775
712 776
712 842
713 776
714 777
715 779
716 783
716 784
717 784
718 784
719 784
720 789
720 790
720 791
720 793
720 794
720 795
720 797
720 803
720 804
720 805
720 806
720 855
721 807
721 808
722 810
722 3938
722 4980
722 4981
722 4982
722 4983
722 4984
722 4985
722 4986
722 4987
722 4988
722 4989
722 4990
722 4991
722 4992
722 4993
722 4994
722 4995
722 4996
722 4997
722 4998
722 4999
722 5000
722 5001
722 5002
722 5005
722 5006
722 5074
723 810
723 17217
724 813
725 814
726 815
727 817
728 817
728 11805
729 823
730 831
731 835
732 841
732 893
733 841
733 864
733 3915
734 841
735 841
735 6459
736 841
736 6451
736 6458
736 6463
737 841
737 6462
737 6463
737 6501
738 841
738 4878
738 6473
738 6505
738 6522
738 6528
738 6531
738 6534
739 841
739 6508
739 6532
740 841
740 11795
741 852
742 853
742 858
743 854
744 857
745 858
745 5596
746 862
746 864
746 865
746 868
746 3246
746 5286
746 5287
746 5785
746 6509
746 6747
747 862
748 864
749 864
750 864
751 864
751 9141
751 9142
752 864
753 864
754 864
755 866
756 872
756 3243
756 4929
757 872
757 10068
758 873
758 955
758 957
758 3234
758 3235
758 3236
758 3237
759 884
760 884
761 884
762 884
763 884
764 888
765 889
766 892
767 895
768 898
768 899
769 900
770 902
771 905
772 907
773 912
774 913
775 914
776 923
777 923
778 923
779 923
780 924
780 925
780 926
781 931
781 5338
781 5339
781 5340
782 932
783 944
783 945
784 945
785 945
786 945
787 945
787 11262
788 945
788 11182
789 945
790 953
791 956
791 3494
792 956
792 4558
792 4837
793 956
793 5013
793 5553
793 15265
793 15266
793 15267
793 15269
793 15272
793 16491
793 16492
794 959
795 962
796 970
797 972
797 3025
797 5683
798 974
799 975
800 983
800 1850
801 984
801 11382
801 11383
801 11384
801 11385
801 11386
801 11387
801 11388
801 11389
801 11390
801 11391
801 11392
801 11393
801 11394
801 11395
801 11396
801 11397
801 11398
801 11399
801 11400
801 11629
801 11630
801 11631
801 11632
801 11633
801 11634
801 11635
801 11636
801 11637
801 11638
802 1002
802 1603
802 4473
802 6207
802 6577
802 6965
802 9091
802 9276
802 9325
802 9452
802 9816
802 9853
802 10092
802 11829
802 12034
802 15249
802 16314
802 16315
802 16318
802 16488
802 16490
802 16495
802 16633
802 16746
802 16747
802 16748
802 16749
802 16872
802 17198
802 17396
802 17397
802 17610
802 17611
802 17774
802 17981
803 1486
803 11718
804 1852
804 11590
805 1858
806 1863
807 1864
808 1868
809 1868
809 1878
809 5300
809 8009
809 8010
809 8011
809 8012
809 8013
809 8014
809 8015
809 8016
809 8017
809 8018
809 8024
809 8025
809 8026
809 8027
809 8029
809 8030
810 1871
811 1878
812 1883
813 1901
813 2766
814 2042
815 2493
816 2725
816 2762
817 2767
818 2788
819 2822
820 2839
820 2840
821 2847
822 2941
822 7247
822 7248
823 3025
824 3039
825 3054
825 15956
826 3068
827 3069
828 3074
828 3503
828 3521
828 3522
829 3074
829 3522
829 3811
829 3934
830 3146
830 7447
830 7448
831 3146
831 6687
832 3169
833 3182
833 3187
833 4631
833 6673
834 3182
835 3185
835 3186
835 3352
835 17172
835 17173
836 3206
837 3220
838 3225
839 3225
840 3225
841 3225
842 3225
843 3233
844 3233
844 3782
844 3783
844 10990
844 16687
845 3243
846 3244
847 3246
848 3252
849 3253
849 6012
850 3254
851 3257
852 3258
853 3259
853 5469
854 3259
855 3261
856 3308
856 4520
856 7862
856 9903
856 10118
856 10772
856 11415
856 11416
856 11510
856 11609
856 11610
856 11611
856 11612
856 11649
856 11753
856 11789
856 11826
856 11827
856 11968
856 12430
856 13923
856 15841
856 15898
856 15899
856 15928
856 16007
856 16285
856 16636
856 16637
856 16638
856 16658
856 16965
856 17144
856 17540
856 17631
856 18441
856 18636
856 18637
856 18965
856 19349
856 20802
857 3328
857 3862
858 3335
858 11405
859 3363
859 5467
859 5753
859 11753
859 12321
859 12338
859 12430
859 12758
859 16376
859 16378
859 17615
859 17631
859 19569
859 19919
859 20330
859 20333
859 21583
859 21584
860 3461
861 3480
862 3491
863 3502
864 3522
865 3524
866 3530
867 3623
868 3623
868 3891
868 5183
868 11792
868 11794
869 3639
870 3709
871 3748
871 3749
872 3765
873 3772
874 3781
874 3869
874 5010
874 5011
874 5056
874 5058
874 5551
874 5552
874 6005
874 6006
875 3784
876 3784
877 3784
878 3784
879 3784
880 3784
881 3784
882 3784
883 3784
884 3784
885 3784
885 5354
886 3784
886 6687
887 3784
888 3784
889 3784
890 3784
891 3788
892 3805
893 3805
894 3809
895 3819
896 3822
897 3823
898 3835
899 3850
899 4835
899 5289
900 3863
900 3864
900 3869
900 3872
901 3874
901 3875
902 3877
902 5105
903 3877
903 10068
904 3886
904 6171
905 3891
905 6463
905 6477
906 3892
907 3892
908 3892
909 3899
910 3903
910 3904
910 3911
910 3913
910 3927
910 4559
910 4829
910 4930
910 5462
910 5723
910 6391
910 6915
910 7585
910 7586
910 7588
910 10535
910 11359
910 11367
910 11372
910 11725
910 11726
911 3905
911 3906
912 3908
913 3909
914 3910
915 3912
916 3914
917 3916
918 3918
919 3919
919 3920
920 3924
920 3925
921 3927
922 3928
923 3930
923 8579
924 3931
925 3932
926 3932
927 3937
928 3942
928 3943
929 4533
929 4610
929 11434
929 15900
930 4555
930 4556
931 4557
932 4564
933 4570
934 4576
934 6029
934 21472
935 4581
936 4582
937 4620
938 4631
939 4663
940 4672
941 4674
942 4737
943 4780
944 4780
944 7404
944 7405
944 7406
944 7407
944 7408
944 7409
944 7410
944 7412
944 7413
944 7414
944 7451
944 7452
944 7453
944 7454
944 7455
944 7456
944 7478
944 7479
944 7480
944 7481
944 7482
944 7483
944 7484
944 7485
944 7486
944 7487
944 7488
944 7489
944 7490
944 7492
944 7493
944 7494
944 7495
944 7496
944 7497
944 7498
944 7499
944 7501
944 7502
944 7503
944 7504
944 7505
944 7506
944 7507
944 18518
945 4780
945 10031
946 4800
947 4802
947 4803
948 4804
949 4805
949 7451
949 18812
949 19202
949 19358
949 19571
950 4820
951 4824
952 4830
953 4835
954 4836
955 4839
956 4891
957 4912
958 4917
959 4947
960 4947
960 5393
960 5582
960 5720
960 6003
960 6004
960 6355
960 6443
960 6792
960 6900
960 6901
960 7029
960 8886
960 8889
960 8908
960 8984
960 9026
960 9449
961 4959
962 4977
963 4998
964 5002
965 5013
966 5013
967 5013
968 5054
968 5055
969 5067
969 18652
970 5090
970 5119
970 5120
970 5121
971 5094
971 5095
971 5097
972 5110
973 5128
974 5129
975 5135
976 5138
976 5732
976 11358
976 12645
976 14088
976 16789
976 17152
976 17216
976 17561
976 17562
976 17769
976 18106
976 18655
977 5145
978 5167
979 5179
980 5189
980 9198
980 11204
981 5189
982 5194
983 5212
984 5223
985 5248
986 5249
987 5262
988 5287
989 5290
990 5310
991 5310
992 5312
993 5339
994 5363
994 5871
994 10779
994 11257
994 11722
994 18758
994 18759
995 5366
996 5382
996 5518
996 5519
997 5391
998 5431
999 5444
1000 5460
1000 5491
1001 5467
1002 5488
1003 5490
1004 5521
1004 11030
1004 15609
1004 16392
1004 19505
1004 19918
1004 19999
1004 20000
1004 20832
1004 20863
1004 21684
1004 21693
1005 5553
1006 5556
1007 5557
1008 5559
1008 5560
1008 5561
1008 5562
1008 5563
1008 5564
1008 5565
1008 5566
1008 5567
1008 5568
1009 5561
1010 5563
1011 5597
1012 5650
1013 5650
1013 6456
1013 6479
1013 6480
1014 5681
1014 9443
1014 9444
1015 5682
1016 5719
1017 5722
1018 5753
1018 9627
1018 11753
1018 12430
1018 12858
1018 16023
1018 16538
1018 16539
1018 18888
1018 20433
1019 5780
1020 5781
1020 5783
1021 5782
1022 5784
1023 5820
1023 9838
1023 10108
1023 11370
1023 11379
1023 11380
1023 17726
1023 19519
1024 5871
1025 5900
1025 6008
1026 6007
1027 6168
1028 6169
1029 6369
1030 6370
1031 6370
1032 6399
1032 6400
1032 6410
1033 6400
1034 6428
1034 10015
1034 16221
1034 16379
1034 16380
1034 16669
1034 16705
1034 17348
1035 6457
1035 6472
1035 6500
1036 6460
1036 6463
1036 6469
1036 6481
1037 6461
1037 6473
1038 6464
1038 6474
1038 6478
1038 6483
1039 6465
1040 6467
1041 6471
1041 6482
1042 6473
1042 6527
1043 6476
1043 6480
1043 6486
1044 6480
1044 6485
1045 6483
1045 6485
1046 6483
1046 7167
1046 7170
1047 6483
1047 7882
1048 6486
1049 6501
1050 6509
1051 6510
1052 6524
1053 6533
1054 6537
1054 8271
1055 6555
1055 10481
1055 11584
1055 11618
1055 11643
1055 11644
1055 11724
1056 6605
1057 6609
1057 6639
1058 6632
1058 6633
1058 6634
1058 6635
1059 6632
1060 6632
1061 6632
1062 6633
1063 6633
1063 6638
1063 6688
1064 6651
1065 6655
1065 6660
1065 6661
1065 6662
1065 6666
1065 6667
1065 6670
1065 6671
1065 6736
1065 6737
1065 6738
1065 6739
1065 6741
1065 6742
1065 6829
1065 6830
1065 6841
1065 6860
1065 6886
1065 6893
1065 6903
1065 6910
1065 6920
1065 6967
1065 7399
1065 7576
1065 7578
1065 7579
1065 7585
1065 7586
1065 7588
1065 7589
1066 6661
1066 6662
1066 6670
1066 6860
1066 7399
1066 7403
1066 7576
1066 7578
1066 7579
1067 6686
1068 6687
1068 10031
1068 16908
1069 6687
1069 17419
1070 6687
1071 6687
1071 11739
1071 19383
1072 6687
1073 6761
1073 6763
1073 6764
1073 6765
1074 6766
1075 6787
1075 6788
1076 6814
1077 6822
1078 6838
1078 6934
1079 6857
1079 6858
1080 6857
1080 8256
1081 6859
1082 6893
1083 6893
1084 6975
1085 7023
1086 7057
1086 7058
1087 7068
1088 7100
1089 7104
1089 7126
1089 7380
1089 10015
1090 7110
1091 7136
1092 7143
1093 7152
1094 7155
1095 7167
1096 7174
1097 7177
1098 7179
1098 7202
1099 7396
1100 7397
1100 7664
1101 7398
1102 7402
1103 7407
1104 7408
1105 7445
1106 7446
1107 7449
1108 7472
1109 7491
1110 7499
1110 10077
1110 10078
1110 10079
1110 10085
1110 10086
1110 10100
1110 10125
1110 10126
1110 10127
1110 10128
1110 10129
1110 10130
1110 10131
1110 10132
1110 10133
1110 10134
1110 10135
1110 10136
1110 10137
1110 10138
1110 10139
1110 10140
1110 10141
1110 11560
1110 11596
1110 11597
1110 11598
1110 11599
1110 11600
1110 11601
1110 11605
1110 11606
1110 11607
1110 11608
1110 16541
1110 16542
1110 16543
1110 16544
1110 16545
1111 7500
1112 7559
1113 7582
1114 7662
1114 7663
1114 7666
1115 7665
1116 7670
1117 7710
1118 7712
1119 7716
1119 7811
1119 7866
1119 7933
1119 7939
1119 7960
1120 7762
1120 7891
1121 7786
1122 7805
1123 7835
1124 7840
1124 8631
1125 7851
1126 7851
1127 7916
1127 11200
1128 7927
1129 7963
1130 8013
1131 8013
1132 8078
1133 8097
1134 8143
1135 8146
1136 8173
1137 8206
1138 8209
1139 8225
1140 8230
1141 8261
1141 8262
1141 8264
1142 8312
1142 8313
1143 8498
1144 8503
1144 8634
1144 8635
1144 8636
1144 8667
1145 8512
1146 8549
1146 8909
1147 8565
1147 9569
1147 11443
1147 16051
1147 20499
1147 20560
1148 8575
1149 8634
1150 8634
1151 8651
1151 11763
1151 16540
1152 8651
1153 8651
1154 8658
1155 8669
1156 8672
1156 11401
1157 8698
1158 8703
1159 8708
1160 8728
1160 8730
1161 8793
1161 8847
1162 8844
1163 8906
1164 8944
1165 8971
1166 9055
1167 9097
1168 9106
1168 9752
1168 12924
1168 17038
1168 17496
1169 9179
1169 9180
1170 9186
1171 9190
1171 11770
1172 9193
1173 9194
1173 10068
1174 9196
1175 9196
1176 9196
1177 9196
1178 9196
1179 9196
1180 9196
1180 20947
1181 9196
1182 9198
1183 9230
1184 9241
1185 9253
1186 9255
1186 10044
1187 9255
1187 11290
1188 9255
1189 9319
1190 9327
1191 9354
1192 9360
1193 9424
1194 9441
1195 9450
1196 9452
1197 9574
1197 9676
1197 10016
1198 9583
1199 9602
1200 9607
1201 9628
1202 9651
1203 9659
1204 9734
1205 9767
1206 9772
1207 9775
1208 9838
1208 10108
1209 9838
1209 10108
1209 10975
1209 11377
1209 11378
1209 11586
1210 9886
1210 11563
1210 12698
1210 17560
1210 17589
1210 17612
1210 17613
1210 18301
1210 18302
1210 18463
1210 18640
1210 18641
1210 18642
1210 18643
1210 19029
1210 19030
1210 19031
1210 19032
1210 19539
1210 19890
1211 9940
1212 9943
1213 9948
1214 9957
1215 9968
1215 11656
1216 9969
1217 9978
1217 9979
1218 9994
1219 10013
1220 10017
1221 10037
1222 10038
1222 18970
1222 21405
1223 10046
1223 10083
1224 10062
1225 10066
1225 10085
1225 19103
1225 19104
1225 19105
1225 19106
1225 19107
1225 19108
1225 19109
1226 10082
1227 10084
1228 10090
1229 10102
1230 10109
1231 10111
1232 10112
1232 10113
1233 10114
1234 10115
1235 10117
1236 10119
1237 10121
1238 10124
1239 10145
1240 10146
1241 10148
1242 10148
1242 11261
1243 10180
1244 10181
1245 10186
1245 11297
1245 11298
1245 11318
1246 10197
1246 10198
1247 10199
1248 10200
1249 10203
1250 10204
1251 10458
1252 10702
1253 10773
1254 10826
1255 11023
1256 11027
1257 11028
1258 11197
1258 11198
1259 11205
1260 11206
1261 11208
1262 11209
1262 11210
1263 11213
1264 11214
1264 11220
1264 11225
1264 11226
1264 11227
1264 11228
1264 11229
1264 11230
1264 11231
1264 11232
1264 11233
1264 11234
1264 11268
1264 11269
1264 11270
1264 11271
1264 11272
1264 11273
1264 11274
1264 11275
1264 11276
1264 11277
1264 11278
1264 11279
1264 11280
1264 11281
1265 11217
1265 15942
1266 11223
1266 11224
1267 11227
1268 11244
1268 11245
1268 11765
1268 11766
1269 11244
1270 11246
1271 11247
1272 11248
1273 11249
1274 11250
1275 11258
1276 11265
1277 11266
1278 11283
1279 11286
1279 11287
1280 11286
1281 11288
1281 11291
1282 11292
1283 11295
1284 11296
1285 11299
1286 11300
1287 11304
1288 11305
1288 17984
1289 11312
1289 11313
1289 11314
1289 11315
1290 11323
1290 11324
1290 11325
1291 11326
1292 11339
1293 11340
1294 11353
1295 11368
1295 11373
1296 11371
1297 11374
1298 11375
1299 11376
1300 11401
1301 11401
1302 11402
1302 11403
1303 11406
1304 11411
1305 11423
1306 11424
1307 11427
1308 11552
1309 11555
1309 11556
1309 11557
1310 11559
1311 11562
1312 11566
1313 11571
1314 11574
1315 11581
1316 11585
1317 11592
1318 11593
1319 11594
1320 11602
1321 11613
1321 11614
1322 11616
1323 11623
1323 11624
1324 11625
1324 11626
1324 11627
1325 11641
1326 11642
1327 11651
1328 11652
1329 11653
1330 11654
1331 11712
1332 11713
1333 11715
1333 11716
1334 11717
1335 11719
1336 11727
1337 11730
1337 11731
1337 11732
1338 11734
1339 11735
1340 11737
1340 11738
1341 11739
1341 18654
1342 11739
1343 11750
1344 11751
1345 11751
1346 11752
1347 11754
1348 11761
1349 11767
1349 11768
1350 11789
1350 16799
1351 11796
1352 11798
1353 11799
1353 11820
1353 11821
1353 11822
1353 11823
1353 11824
1353 11825
1354 11804
1355 11816
1356 11818
1357 11830
1358 11830
1359 11836
1360 11838
1360 16140
1360 16141
1360 16142
1360 16143
1360 16144
1360 16145
1360 16146
1361 12010
1362 12611
1363 12914
1363 16547
1364 14630
1364 18335
1365 15268
1366 15271
1367 15411
1367 19518
1368 15570
1369 15820
1370 15827
1371 15897
1372 15901
1372 15902
1373 15958
1374 15992
1375 16024
1375 16025
1375 16026
1375 16027
1375 16028
1375 21571
1375 21572
1375 21573
1375 21574
1375 21575
1375 21576
1375 21577
1375 21578
1375 21579
1375 21580
1375 21581
1375 21585
1375 21586
1375 21587
1375 21588
1375 21589
1375 21590
1375 21591
1375 21592
1375 21593
1375 21594
1375 21595
1375 21597
1375 21598
1375 21599
1375 21600
1375 21601
1375 21602
1375 21603
1375 21604
1375 21605
1375 21606
1375 21607
1375 21608
1375 21609
1375 21610
1375 21611
1375 21612
1375 21613
1375 21614
1375 21678
1375 21679
1375 21683
1375 21686
1375 21688
1375 21691
1375 21692
1375 21827
1375 21865
1375 21866
1375 21867
1376 16050
1377 16094
1378 16103
1379 16110
1379 16111
1380 16112
1381 16174
1381 16181
1382 16182
1383 16262
1384 16312
1384 16313
1385 16316
1386 16317
1387 16392
1387 17177
1388 16448
1389 16533
1390 16537
1391 16551
1392 16559
1393 16635
1394 16640
1394 16641
1394 16642
1395 16643
1396 16686
1397 16706
1398 16744
1399 16766
1399 17418
1400 16845
1401 16908
1402 16968
1403 17117
1404 17118
1405 17176
1406 17258
1407 17283
1408 17294
1409 17347
1409 17395
1410 17399
1411 17419
1412 17534
1412 19887
1412 19888
1413 17560
1413 17612
1413 17613
1414 17616
1415 17617
1416 17692
1417 17693
1418 17694
1419 17696
1420 17697
1420 17982
1420 18060
1421 17697
1422 17745
1423 17772
1424 17773
1425 17863
1426 17864
1427 17864
1427 17969
1427 17985
1427 17986
1427 18086
1428 17951
1428 17952
1429 18053
1430 18053
1431 18085
1432 18111
1433 18112
1434 18133
1434 18190
1434 19380
1434 19382
1435 18136
1435 18852
1435 18853
1435 19733
1436 18218
1436 21004
1437 18255
1438 18264
1439 18297
1440 18360
1441 18398
1442 18421
1443 18515
1444 18618
1445 18624
1446 18652
1447 18659
1448 18754
1449 18804
1450 18824
1451 18969
1452 18974
1453 19167
1454 19178
1454 19687
1454 19688
1455 19301
1456 19304
1457 19338
1458 19378
1458 19379
1459 19380
1460 19441
1461 19444
1462 19565
1462 19566
1463 19567
1464 19568
1465 19685
1466 19686
1467 19699
1468 19712
1468 19731
1468 19732
1469 19787
1470 19849
1471 19889
1472 19923
1473 19924
1474 19994
1475 19996
1476 20063
1477 20064
1478 20143
1479 20185
1480 20225
1481 20279
1482 20305
1482 21377
1483 20413
1484 20414
1485 20431
1486 20432
1487 20434
1488 20665
1489 20798
1490 20950
1491 21005
1492 21376
1493 21404
1494 21406
1495 21407
1496 21411
1497 21470
1497 21474
1498 21473
1499 21528
1500 21596
1501 21681
1501 21682
1502 21689
1503 21690
1504 21696
1505 21700
1506 21828
1507 21868
2 3 4 5 6 7 8 9 10 11 12 13 14 15 16 17 18 19 20 21 22 23 24 25 26 27 28 29 30 31 32 33 34 35 36 37 38 39 40 41 42 43 44 45 46 47 48 49 50 51 52 53 54 55 56 57 58 59 60 61 62 63 64 65 66 67 68 69 70 71 72 73 74 75 76 77 78 79 80 81 82 83 84 85 86 87 88 89 90 91 92 93 94 95 96 97 98 99 100 101 102 103 104 105 106 107 108 109 110 111 112 113 114 115 116 117 118 119 120 121 122 123 124 125 126 127 128 129 130 131 132 133 134 135 136 137 138 139 140 141 142 143 144 145 146 147 148 149 150 151 152 153 154 155 156 157 158 159 160 161 162 163 164 165 166 167 168 169 170 171 172 173 174 175 176 177 178 179 180 181 182 183 184 185 186 187 188 189 190 191 192 193 194 195 196 197 198 199 200 1 2 3 4 5 6 7 8 9 10 11 12 13 14 15 16 17 18 19 20 21 22 23 24 25 26 27 28 29 30 31 32 33 34 35 36 37 38 39 40 41 42 43 44 45 46 47 48 49 50 51 52 53 54 55 56 57 58 59 60 61 62 63 64 65 66 67 68 69 70 71 72 73 74 75 76 77 78 79 80 81 82 83 84 85 86 87 88 89 90 91 92 93 94 95 96 97 98 99 100 101 102 103 104 105 106 107 108 109 110 111 112 113 114 115 116 117 118 119 120 121 122 123 124 125 126 127 128 129 130 131 132 133 134 135 136 137 138 139 140 141 142 143 144 145 146 147 148 149 150 151 152 153 154 155 156 157 158 159 160 161 162 163 164 165 166 167 168 169 170 171 172 173 174 175 176 177 178 179 180 181 182 183 184 185 186 187 188 189 190 191 192 193 194 195 196 197 198 199 200 1 2 3 4 5 6 7 8 9 10 11 12 13 14 15 16 17 18 19 20 21 22 23 24 25 26 27 28 29 30 31 32 33 34 35 36 37 38 39 40 41 42 43 44 45 46 47 48 49 50 51 52 53 54 55 56 57 58 59 60 61 62 63 64 65 66 67 68 69 70 71 72 73 74 75 76 77 78 79 80 81 82 83 84 85 86 87 88 89 90 91 92 93 94 95 96 97 98 99 100 101 102 103 104 105 106 107 108 109 110 111 112 113 114 115 116 117 118 119 120 121 122 123 124 125 126 127 128 129 130 131 132 133 134 135 136 137 138 139 140 141 142 143 144 145 146 147 148 149 150 151 152 153 154 155 156 157 158 159 160 161 162 163 164 165 166 167 168 169 170 171 172 173 174 175 176 177 178 179 180 181 182 183 184 185 186 187 188 189 190 191 192 193 194 195 196 197 198 199 200 1 2 3 4 5 6 7 8 9 10 11 12 13 14 15 16 17 18 19 20 21 22 23 24 25 26 27 28 29 30 31 32 33 34 35 36 37 38 39 40 41 42 43 44 45 46 47 48 49 50 51 52 53 54 55 56 57 58 59 60 61 62 63 64 65 66 67 68 69 70 71 72 73 74 75 76 77 78 79 80 81 82 83 84 85 86 87 88 89 90 91 92 93 94 95 96 97 98 99 100 101 102 103 104 105 106 107 108 109 110 111 112 113 114 115 116 117 118 119 120 121 122 123 124 125 126 127 128 129 130 131 132 133 134 135 136 137 138 139 140 141 142 143 144 145 146 147 148 149 150 151 152 153 154 155 156 157 158 159 160 161 162 163 164 165 166 167 168 169 170 171 172 173 174 175 176 177 178 179 180 181 182 183 184 185 186 187 188 189 190 191 192 193 194 195 196 197 198 199 200 1 2 3 4 5 6 7 8 9 10 11 12 13 14 15 16 17 18 19 20 21 22 23 24 25 26 27 28 29 30 31 32 33 34 35 36 37 38 39 40 41 42 43 44 45 46 47 48 49 50 51 52 53 54 55 56 57 58 59 60 61 62 63 64 65 66 67 68 69 70 71 72 73 74 75 76 77 78 79 80 81 82 83 84 85 86 87 88 89 90 91 92 93 94 95 96 97 98 99 100 101 102 103 104 105 106 107 108 109 110 111 112 113 114 115 116 117 118 119 120 121 122 123 124 125 126 127 128 129 130 131 132 133 134 135 136 137 138 139 140 141 142 143 144 145 146 147 148 149 150 151 152 153 154 155 156 157 158 159 160 161 162 163 164 165 166 167 168 169 170 171 172 173 174 175 176 177 178 179 180 181 182 183 184 185 186 187 188 189 190 191 192 193 194 195 196 197 198 199 200 1 2 3 4 5 6 7 8 9 10 11 12 13 14 15 16 17 18 19 20 21 22 23 24 25 26 27 28 29 30 31 32 33 34 35 36 37 38 39 40 41 42 43 44 45 46 47 48 49 50 51 52 53 54 55 56 57 58 59 60 61 62 63 64 65 66 67 68 69 70 71 72 73 74 75 76 77 78 79 80 81 82 83 84 85 86 87 88 89 90 91 92 93 94 95 96 97 98 99 100 101 102 103 104 105 106 107 108 109 110 111 112 113 114 115 116 117 118 119 120 121 122 123 124 125 126 127 128 129 130 131 132 133 134 135 136 137 138 139 140 141 142 143 144 145 146 147 148 149 150 151 152 153 154 155 156 157 158 159 160 161 162 163 164 165 166 167 168 169 170 171 172 173 174 175 176 177 178 179 180 181 182 183 184 185 186 187 188 189 190 191 192 193 194 195 196 197 198 199 200 1 2 3 4 5 6 7 8 9 10 11 12 13 14 15 16 17 18 19 20 21 22 23 24 25 26 27 28 29 30 31 32 33 34 35 36 37 38 39 40 41 42 43 44 45 46 47 48 49 50 51 52 53 54 55 56 57 58 59 60 61 62 63 64 65 66 67 68 69 70 71 72 73 74 75 76 77 78 79 80 81 82 83 84 85 86 87 88 89 90 91 92 93 94 95 96 97 98 99 100 101 102 103 104 105 106 107 108 109 110 111 112 113 114 115 116 117 118 119 120 121 122 123 124 125 126 127 128 129 130 131 132 133 134 135 136 137 138 139 140 141 142 143 144 145 146 147 148 149 150 151 152 153 154 155 156 157 158 159 160 161 162 163 164 165 166 167 168 169 170 171 172 173 174 175 176 177 178 179 180 181 182 183 184 185 186 187 188 189 190 191 192 193 194 195 196 197 198 199 200 1 2 3 4 5 6 7 8 9 10 11 12 13 14 15 16 17 18 19 20 21 22 23 24 25 26 27 28 29 30 31 32 33 34 35 36 37 38 39 40 41 42 43 44 45 46 47 48 49 50 51 52 53 54 55 56 57 58 59 60 61 62 63 64 65 66 67 68 69 70 71 72 73 74 75 76 77 78 79 80 81 82 83 84 85 86 87 88 89 90 91 92 93 94 95 96 97 98 99 100 101 102 103 104 105 106 107 108 
2 3 4 5 6 7 8 9 10 11 12 13 14 15 16 17 18 19 20 21 22 23 24 25 26 27 28 29 30 31 32 33 34 35 36 37 38 39 40 41 42 43 44 45 46 47 48 49 50 51 52 53 54 55 56 57 58 59 60 61 62 63 64 65 66 67 68 69 70 71 72 73 74 75 76 77 78 79 80 81 82 83 84 85 86 87 88 89 90 91 92 93 94 95 96 97 98 99 100 101 102 103 104 105 106 107 108 109 110 111 112 113 114 115 116 117 118 119 120 121 122 123 124 125 126 127 128 129 130 131 132 133 134 135 136 137 138 139 140 141 142 143 144 145 146 147 148 149 150 151 152 153 154 155 156 157 158 159 160 161 162 163 164 165 166 167 168 169 170 171 172 173 174 175 176 177 178 179 180 181 182 183 184 185 186 187 188 189 190 191 192 193 194 195 196 197 198 199 200 1 2 3 4 5 6 7 8 9 10 11 12 13 14 15 16 17 18 19 20 21 22 23 24 25 26 27 28 29 30 31 32 33 34 35 36 37 38 39 40 41 42 43 44 45 46 47 48 49 50 51 52 53 54 55 56 57 58 59 60 61 62 63 64 65 66 67 68 69 70 71 72 73 74 75 76 77 78 79 80 81 82 83 84 85 86 87 88 89 90 91 92 93 94 95 96 97 98 99 100 101 102 103 104 105 106 107 108 109 110 111 112 113 114 115 116 117 118 119 120 121 122 123 124 125 126 127 128 129 130 131 132 133 134 135 136 137 138 139 140 141 142 143 144 145 146 147 148 149 150 151 152 153 154 155 156 157 158 159 160 161 162 163 164 165 166 167 168 169 170 171 172 173 174 175 176 177 178 179 180 181 182 183 184 185 186 187 188 189 190 191 192 193 194 195 196 197 198 199 200 1 2 3 4 5 6 7 8 9 10 11 12 13 14 15 16 17 18 19 20 21 22 23 24 25 26 27 28 29 30 31 32 33 34 35 36 37 38 39 40 41 42 43 44 45 46 47 48 49 50 51 52 53 54 55 56 57 58 59 60 61 62 63 64 65 66 67 68 69 70 71 72 73 74 75 76 77 78 79 80 81 82 83 84 85 86 87 88 89 90 91 92 93 94 95 96 97 98 99 100 101 102 103 104 105 106 107 108 109 110 111 112 113 114 115 116 117 118 119 120 121 122 123 124 125 126 127 128 129 130 131 132 133 134 135 136 137 138 139 140 141 142 143 144 145 146 147 148 149 150 151 152 153 154 155 156 157 158 159 160 161 162 163 164 165 166 167 168 169 170 171 172 173 174 175 176 177 178 179 180 181 182 183 184 185 186 187 188 189 190 191 192 193 194 195 196 197 198 199 200 1 2 3 4 5 6 7 8 9 10 11 12 13 14 15 16 17 18 19 20 21 22 23 24 25 26 27 28 29 30 31 32 33 34 35 36 37 38 39 40 41 42 43 44 45 46 47 48 49 50 51 52 53 54 55 56 57 58 59 60 61 62 63 64 65 66 67 68 69 70 71 72 73 74 75 76 77 78 79 80 81 82 83 84 85 86 87 88 89 90 91 92 93 94 95 96 97 98 99 100 101 102 103 104 105 106 107 108 109 110 111 112 113 114 115 116 117 118 119 120 121 122 123 124 125 126 127 128 129 130 131 132 133 134 135 136 137 138 139 140 141 142 143 144 145 146 147 148 149 150 151 152 153 154 155 156 157 158 159 160 161 162 163 164 165 166 167 168 169 170 171 172 173 174 175 176 177 178 179 180 181 182 183 184 185 186 187 188 189 190 191 192 193 194 195 196 197 198 199 200 1 2 3 4 5 6 7 8 9 10 11 12 13 14 15 16 17 18 19 20 21 22 23 24 25 26 27 28 29 30 31 32 33 34 35 36 37 38 39 40 41 42 43 44 45 46 47 48 49 50 51 52 53 54 55 56 57 58 59 60 61 62 63 64 65 66 67 68 69 70 71 72 73 74 75 76 77 78 79 80 81 82 83 84 85 86 87 88 89 90 91 92 93 94 95 96 97 98 99 100 101 102 103 104 105 106 107 108 109 110 111 112 113 114 115 116 117 118 119 120 121 122 123 124 125 126 127 128 129 130 131 132 133 134 135 136 137 138 139 140 141 142 143 144 145 146 147 148 149 150 151 152 153 154 155 156 157 158 159 160 161 162 163 164 165 166 167 168 169 170 171 172 173 174 175 176 177 178 179 180 181 182 183 184 185 186 187 188 189 190 191 192 193 194 195 196 197 198 199 200 1 2 3 4 5 6 7 8 9 10 11 12 13 14 15 16 17 18 19 20 21 22 23 24 25 26 27 28 29 30 31 32 33 34 35 36 37 38 39 40 41 42 43 44 45 46 47 48 49 50 51 52 53 54 55 56 57 58 59 60 61 62 63 64 65 66 67 68 69 70 71 72 73 74 75 76 77 78 79 80 81 82 83 84 85 86 87 88 89 90 91 92 93 94 95 96 97 98 99 100 101 102 103 104 105 106 107 108 109 110 111 112 113 114 115 116 117 118 119 120 121 122 123 124 125 126 127 128 129 130 131 132 133 134 135 136 137 138 139 140 141 142 143 144 145 146 147 148 149 150 151 152 153 154 155 156 157 158 159 160 161 162 163 164 165 166 167 168 169 170 171 172 173 174 175 176 177 178 179 180 181 182 183 184 185 186 187 188 189 190 191 192 193 194 195 196 197 198 199 200 1 2 3 4 5 6 7 8 9 10 11 12 13 14 15 16 17 18 19 20 21 22 23 24 25 26 27 28 29 30 31 32 33 34 35 36 37 38 39 40 41 42 43 44 45 46 47 48 49 50 51 52 53 54 55 56 57 58 59 60 61 62 63 64 65 66 67 68 69 70 71 72 73 74 75 76 77 78 79 80 81 82 83 84 85 86 87 88 89 90 91 92 93 94 95 96 97 98 99 100 101 102 103 104 105 106 107 108 109 110 111 112 113 114 115 116 117 118 119 120 121 122 123 124 125 126 127 128 129 130 131 132 133 134 135 136 137 138 139 140 141 142 143 144 145 146 147 148 149 150 151 152 153 154 155 156 157 158 159 160 161 162 163 164 165 166 167 168 169 170 171 172 173 174 175 176 177 178 179 180 181 182 183 184 185 186 187 188 189 190 191 192 193 194 195 196 197 198 199 200 1 2 3 4 5 6 7 8 9 10 11 12 13 14 15 16 17 18 19 20 21 22 23 24 25 26 27 28 29 30 31 32 33 34 35 36 37 38 39 40 41 42 43 44 45 46 47 48 49 50 51 52 53 54 55 56 57 58 59 60 61 62 63 64 65 66 67 68 69 70 71 72 73 74 75 76 77 78 79 80 81 82 83 84 85 86 87 88 89 90 91 92 93 94 95 96 97 98 99 100 101 102 103 104 105 106 107 108 109 110 111 112 113 114 115 116 117 118 119 120 121 122 123 124 125 126 127 128 129 130 131 132 133 134 135 136 137 138 139 140 141 142 143 144 145 146 147 148 149 150 151 152 153 154 155 156 157 158 159 160 161 162 163 164 165 166 167 168 169 170 171 172 173 174 175 176 177 178 179 180 181 182 183 184 185 186 187 188 189 190 191 192 193 194 195 196 197 198 199 200 1 2 3 4 5 6 7 8 9 10 11 12 13 14 15 16 17 18 19 20 21 22 23 24 25 26 27 28 29 30 31 32 33 34 35 36 37 38 39 40 41 42 43 44 45 46 47 48 49 50 51 52 53 54 55 56 57 58 59 60 61 62 63 64 65 66 67 68 69 70 71 72 73 74 75 76 77 78 79 80 81 82 83 84 85 86 87 88 89 90 91 92 93 94 95 96 97 98 99 100 101 102 103 104 105 106 107 108 109 110 111 112 113 114 115 116 117 118 119 120 121 122 123 124 125 126 127 128 129 130 131 132 133 134 135 136 137 138 139 140 141 142 143 144 145 146 147 148 149 150 151 152 153 154 155 156 157 158 159 160 161 162 163 164 165 166 167 168 169 170 171 172 173 174 175 176 177 178 179 180 181 182 183 184 185 186 187 188 189 190 191 192 193 194 195 196 197 198 199 200 1 2 3 4 5 6 7 8 9 10 11 12 13 14 15 16 17 18 19 20 21 22 23 24 25 26 27 28 29 30 31 32 33 34 35 36 37 38 39 40 41 42 43 44 45 46 47 48 49 50 51 52 53 54 55 56 57 58 59 60 61 62 63 64 65 66 67 68 69 70 71 72 73 74 75 76 77 78 79 80 81 82 83 84 85 86 87 88 89 90 91 92 93 94 95 96 97 98 99 100 101 102 103 104 105 106 107 108 109 110 111 112 113 114 115 116 117 118 119 120 121 122 123 124 125 126 127 128 129 130 131 132 133 134 135 136 137 138 139 140 141 142 143 144 145 146 147 148 149 150 151 152 153 154 155 156 157 158 159 160 161 162 163 164 165 166 167 168 169 170 171 172 173 174 175 176 177 178 179 180 181 182 183 184 185 186 187 188 189 190 191 192 193 194 195 196 197 198 199 200 1 2 3 4 5 6 7 8 9 10 11 12 13 14 15 16 17 18 19 20 21 22 23 24 25 26 27 28 29 30 31 32 33 34 35 36 37 38 39 40 41 42 43 44 45 46 47 48 49 50 51 52 53 54 55 56 57 58 59 60 61 62 63 64 65 66 67 68 69 70 71 72 73 74 75 76 77 78 79 80 81 82 83 84 85 86 87 88 89 90 91 92 93 94 95 96 97 98 99 100 101 102 103 104 105 106 107 108 109 110 111 112 113 114 115 116 117 118 119 120 121 122 123 124 125 126 127 128 129 130 131 132 133 134 135 136 137 138 139 140 141 142 143 144 145 146 147 148 149 150 151 152 153 154 155 156 157 158 159 160 161 162 163 164 165 166 167 168 169 170 171 172 173 174 175 176 177 178 179 180 181 182 183 184 185 186 187 188 189 190 191 192 193 194 195 196 197 198 199 200 1 2 3 4 5 6 7 8 9 10 11 12 13 14 15 16 17 18 19 20 21 22 23 24 25 26 27 28 29 30 31 32 33 34 35 36 37 38 39 40 41 42 43 44 45 46 47 48 49 50 51 52 53 54 55 56 57 58 59 60 61 62 63 64 65 66 67 68 69 70 71 72 73 74 75 76 77 78 79 80 81 82 83 84 85 86 87 88 89 90 91 92 93 94 95 96 97 98 99 100 101 102 103 104 105 106 107 108 109 110 111 112 113 114 115 116 117 118 119 120 121 122 123 124 125 126 127 128 129 130 131 132 133 134 135 136 137 138 139 140 141 142 143 144 145 146 147 148 149 150 151 152 153 154 155 156 157 158 159 160 161 162 163 164 165 166 167 168 169 170 171 172 173 174 175 176 177 178 179 180 181 182 183 184 185 186 187 188 189 190 191 192 193 194 195 196 197 198 199 200 1 2 3 4 5 6 7 8 9 10 11 12 13 14 15 16 17 18 19 20 21 22 23 24 25 26 27 28 29 30 31 32 33 34 35 36 37 38 39 40 41 42 43 44 45 46 47 48 49 50 51 52 53 54 55 56 57 58 59 60 61 62 63 64 65 66 67 68 69 70 71 72 73 74 75 76 77 78 79 80 81 82 83 84 85 86 87 88 89 90 91 92 93 94 95 96 97 98 99 100 101 102 103 104 105 106 107 108 109 110 111 112 113 114 115 116 117 118 119 120 121 122 123 124 125 126 127 128 129 130 131 132 133 134 135 136 137 138 139 140 141 142 143 144 145 146 147 148 149 150 151 152 153 154 155 156 157 158 159 160 161 162 163 164 165 166 167 168 169 170 171 172 173 174 175 176 177 178 179 180 181 182 183 184 185 186 187 188 189 190 191 192 193 194 195 196 197 198 199 200 1 2 3 4 5 6 7 8 9 10 11 12 13 14 15 16 17 18 19 20 21 22 23 24 25 26 27 28 29 30 31 32 33 34 35 36 37 38 39 40 41 42 43 44 45 46 47 48 49 50 51 52 53 54 55 56 57 58 59 60 61 62 63 64 65 66 67 68 69 70 71 72 73 74 75 76 77 78 79 80 81 82 83 84 85 86 87 88 89 90 91 92 93 94 95 96 97 98 99 100 101 102 103 104 105 106 107 108 109 110 111 112 113 114 115 116 117 118 119 120 121 122 123 124 125 126 127 128 129 130 131 132 133 134 135 136 137 138 139 140 141 142 143 144 145 146 147 148 149 150 151 152 153 154 155 156 157 158 159 160 161 162 163 164 165 166 167 168 169 170 171 172 173 174 175 176 177 178 179 180 181 182 183 184 185 186 187 188 189 190 191 192 193 194 195 196 197 198 199 200 1 2 3 4 5 6 7 8 9 10 11 12 13 14 15 16 17 18 19 20 21 22 23 24 25 26 27 28 29 30 31 32 33 34 35 36 37 38 39 40 41 42 43 44 45 46 47 48 49 50 51 52 53 54 55 56 57 58 59 60 61 62 63 64 65 66 67 68 69 70 71 72 73 74 75 76 77 78 79 80 81 82 83 84 85 86 87 88 89 90 91 92 93 94 95 96 97 98 99 100 101 102 103 104 105 106 107 108 109 110 111 112 113 114 115 116 117 118 119 120 121 122 123 124 125 126 127 128 129 130 131 132 133 134 135 136 137 138 139 140 141 142 143 144 145 146 147 148 149 150 151 152 153 154 155 156 157 158 159 160 161 162 163 164 165 166 167 168 169 170 171 172 173 174 175 176 177 178 179 180 181 182 183 184 185 186 187 188 189 190 191 192 193 194 195 196 197 198 199 200 1 2 3 4 5 6 7 8 9 10 11 12 13 14 15 16 17 18 19 20 21 22 23 24 25 26 27 28 29 30 31 32 33 34 35 36 37 38 39 40 41 42 43 44 45 46 47 48 49 50 51 52 53 54 55 56 57 58 59 60 61 62 63 64 65 66 67 68 69 70 71 72 73 74 75 76 77 78 79 80 81 82 83 84 85 86 87 88 89 90 91 92 93 94 95 96 97 98 99 100 101 102 103 104 105 106 107 108 109 110 111 112 113 114 115 116 117 118 119 120 121 122 123 124 125 126 127 128 129 130 131 132 133 134 135 136 137 138 139 140 141 142 143 144 145 146 147 148 149 150 151 152 153 154 155 156 157 158 159 160 161 162 163 164 165 166 167 168 169 170 171 172 173 174 175 176 177 178 179 180 181 182 183 184 185 186 187 188 189 190 191 192 193 194 195 196 197 198 199 200 1 2 3 4 5 6 7 8 9 10 11 12 13 14 15 16 17 18 19 20 21 22 23 24 25 26 27 28 29 30 31 32 33 34 35 36 37 38 39 40 41 42 43 44 45 46 47 48 49 50 51 52 53 54 55 56 57 58 59 60 61 62 63 64 65 66 67 68 69 70 71 72 73 74 75 76 77 78 79 80 81 82 83 84 85 86 87 88 89 90 91 92 93 94 95 96 97 98 99 100 101 102 103 104 105 106 107 108 109 110 111 112 113 114 115 116 117 118 119 120 121 122 123 124 125 126 127 128 129 130 131 132 133 134 135 136 137 138 139 140 141 142 143 144 145 146 147 148 149 150 151 152 153 154 155 156 157 158 159 160 161 162 163 164 165 166 167 168 169 170 171 172 173 174 175 176 177 178 179 180 181 182 183 184 185 186 187 188 189 190 191 192 193 194 195 196 197 198 199 200 1 2 3 4 5 6 7 8 9 10 11 12 13 14 15 16 17 18 19 20 21 22 23 24 25 26 27 28 29 30 31 32 33 34 35 36 37 38 39 40 41 42 43 44 45 46 47 48 49 50 51 52 53 54 55 56 57 58 59 60 61 62 63 64 65 66 67 68 69 70 71 72 73 74 75 76 77 78 79 80 81 82 83 84 85 86 87 88 89 90 91 92 93 94 95 96 97 98 99 100 101 102 103 104 105 106 107 108 109 110 111 112 113 114 115 116 117 118 119 120 121 122 123 124 125 126 127 128 129 130 131 132 133 134 135 136 137 138 139 140 141 142 143 144 145 146 147 148 149 150 151 152 153 154 155 156 157 158 159 160 161 162 163 164 165 166 167 168 169 170 171 172 173 174 175 176 177 178 179 180 181 182 183 184 185 186 187 188 189 190 191 192 193 194 195 196 197 198 199 200 1 2 3 4 5 6 7 8 9 10 11 12 13 14 15 16 17 18 19 20 21 22 23 24 25 26 27 28 29 30 31 32 33 34 35 36 37 38 39 40 41 42 43 44 45 46 47 48 49 50 51 52 53 54 55 56 57 58 59 60 61 62 63 64 65 66 67 68 69 70 71 72 73 74 75 76 77 78 79 80 81 82 83 84 85 86 87 88 89 90 91 92 93 94 95 96 97 98 99 100 101 102 103 104 105 106 107 108 109 110 111 112 113 114 115 116 117 118 119 120 121 122 123 124 125 126 127 128 129 130 131 132 133 134 135 136 137 138 139 140 141 142 143 144 145 146 147 148 149 150 151 152 153 154 155 156 157 158 159 160 161 162 163 164 165 166 167 168 169 170 171 172 173 174 175 176 177 178 179 180 181 182 183 184 185 186 187 188 189 190 191 192 193 194 195 196 197 198 199 200 1 2 3 4 5 6 7 8 9 10 11 12 13 14 15 16 17 18 19 20 21 22 23 24 25 26 27 28 29 30 31 32 33 34 35 36 37 38 39 40 41 42 43 44 45 46 47 48 49 50 51 52 53 54 55 56 57 58 59 60 61 62 63 64 65 66 67 68 69 70 71 72 73 74 75 76 77 78 79 80 81 82 83 84 85 86 87 88 89 90 91 92 93 94 95 96 97 98 99 100 101 102 103 104 105 106 107 108 109 110 111 112 113 114 115 116 117 118 119 120 121 122 123 124 125 126 127 128 129 130 131 132 133 134 135 136 137 138 139 140 141 142 143 144 145 146 147 148 149 150 151 152 153 154 155 156 157 158 159 160 161 162 163 164 165 166 167 168 169 170 171 172 173 174 175 176 177 178 179 180 181 182 183 184 185 186 187 188 189 190 191 192 193 194 195 196 197 198 199 200 1 2 3 4 5 6 7 8 9 10 11 12 13 14 15 16 17 18 19 20 21 22 23 24 25 26 27 28 29 30 31 32 33 34 35 36 37 38 39 40 41 42 43 44 45 46 47 48 49 50 51 52 53 54 55 56 57 58 59 60 61 62 63 64 65 66 67 68 69 70 71 72 73 74 75 76 77 78 79 80 81 82 83 84 85 86 87 88 89 90 91 92 93 94 95 96 97 98 99 100 101 102 103 104 105 106 107 108 109 110 111 112 113 114 115 116 117 118 119 120 121 122 123 124 125 126 127 128 129 130 131 132 133 134 135 136 137 138 139 140 141 142 143 144 145 146 147 148 149 150 151 152 153 154 155 156 157 158 159 160 161 162 163 164 165 166 167 168 169 170 171 172 173 174 175 176 177 178 179 180 181 182 183 184 185 186 187 188 189 190 191 192 193 194 195 196 197 198 199 200 1 2 3 4 5 6 7 8 9 10 11 12 13 14 15 16 17 18 19 20 21 22 23 24 25 26 27 28 29 30 31 32 33 34 35 36 37 38 39 40 41 42 43 44 45 46 47 48 49 50 51 52 53 54 55 56 57 58 59 60 61 62 63 64 65 66 67 68 69 70 71 72 73 74 75 76 77 78 79 80 81 82 83 84 85 86 87 88 89 90 91 92 93 94 95 96 97 98 99 100 101 102 103 104 105 106 107 108 109 110 111 112 113 114 115 116 117 118 119 120 121 122 123 124 125 126 127 128 129 130 131 132 133 134 135 136 137 138 139 140 141 142 143 144 145 146 147 148 149 150 151 152 153 154 155 156 157 158 159 160 161 162 163 164 165 166 167 168 169 170 171 172 173 174 175 176 177 178 179 180 181 182 183 184 185 186 187 188 189 190 191 192 193 194 195 196 197 198 199 200 1 2 3 4 5 6 7 8 9 10 11 12 13 14 15 16 17 18 19 20 21 22 23 24 25 26 27 28 29 30 31 32 33 34 35 36 37 38 39 40 41 42 43 44 45 46 47 48 49 50 51 52 53 54 55 56 57 58 59 60 61 62 63 64 65 66 67 68 69 70 71 72 73 74 75 76 77 78 79 80 81 82 83 84 85 86 87 88 89 90 91 92 93 94 95 96 97 98 99 100 101 102 103 104 105 106 107 108 109 110 111 112 113 114 115 116 117 118 119 120 121 122 123 124 125 126 127 128 129 130 131 132 133 134 135 136 137 138 139 140 141 142 143 144 145 146 147 148 149 150 151 152 153 154 155 156 157 158 159 160 161 162 163 164 165 166 167 168 169 170 171 172 173 174 175 176 177 178 179 180 181 182 183 184 185 186 187 188 189 190 191 192 193 194 195 196 197 198 199 200 1 2 3 4 5 6 7 8 9 10 11 12 13 14 15 16 17 18 19 20 21 22 23 24 25 26 27 28 29 30 31 32 33 34 35 36 37 38 39 40 41 42 43 44 45 46 47 48 49 50 51 52 53 54 55 56 57 58 59 60 61 62 63 64 65 66 67 68 69 70 71 72 73 74 75 76 77 78 79 80 81 82 83 84 85 86 87 88 89 90 91 92 93 94 95 96 97 98 99 100 101 102 103 104 105 106 107 108 109 110 111 112 113 114 115 116 117 118 119 120 121 122 123 124 125 126 127 128 129 130 131 132 133 134 135 136 137 138 139 140 141 142 143 144 145 146 147 148 149 150 151 152 153 154 155 156 157 158 159 160 161 162 163 164 165 166 167 168 169 170 171 172 173 174 175 176 177 178 179 180 181 182 183 184 185 186 187 188 189 190 191 192 193 194 195 196 197 198 199 200 1 2 3 4 5 6 7 8 9 10 11 12 13 14 15 16 17 18 19 20 21 22 23 24 25 26 27 28 29 30 31 32 33 34 35 36 37 38 39 40 41 42 43 44 45 46 47 48 49 50 51 52 53 54 55 56 57 58 59 60 61 62 63 64 65 66 67 68 69 70 71 72 73 74 75 76 77 78 79 80 81 82 83 84 85 86 87 88 89 90 91 92 93 94 95 96 97 98 99 100 101 102 103 104 105 106 107 108 109 110 111 112 113 114 115 116 117 118 119 120 121 122 123 124 125 126 127 128 129 130 131 132 133 134 135 136 137 138 139 140 141 142 143 144 145 146 147 148 149 150 151 152 153 154 155 156 157 158 159 160 161 162 163 164 165 166 167 168 169 170 171 172 173 174 175 176 177 178 179 180 181 182 183 184 185 186 187 188 189 190 191 192 193 194 195 196 197 198 199 200 1 2 3 4 5 6 7 8 9 10 11 12 13 14 15 16 17 18 19 20 21 22 23 24 25 26 27 28 29 30 31 32 33 34 35 36 37 38 39 40 41 42 43 44 45 46 47 48 49 50 51 52 53 54 55 56 57 58 59 60 61 62 63 64 65 66 67 68 69 70 71 72 73 74 75 76 77 78 79 80 81 82 83 84 85 86 87 88 89 90 91 92 93 94 95 96 97 98 99 100 101 102 103 104 105 106 107 108 109 110 111 112 113 114 115 116 117 118 119 120 121 122 123 124 125 126 127 128 129 130 131 132 133 134 135 136 137 138 139 140 141 142 143 144 145 146 147 148 149 150 151 152 153 154 155 156 157 158 159 160 161 162 163 164 165 166 167 168 169 170 171 172 173 174 175 176 177 178 179 180 181 182 183 184 185 186 187 188 189 190 191 192 193 194 195 196 197 198 199 200 1 2 3 4 5 6 7 8 9 10 11 12 13 14 15 16 17 18 19 20 21 22 23 24 25 26 27 28 29 30 31 32 33 34 35 36 37 38 39 40 41 42 43 44 45 46 47 48 49 50 51 52 53 54 55 56 57 58 59 60 61 62 63 64 65 66 67 68 69 70 71 72 73 74 75 76 77 78 79 80 81 82 83 84 85 86 87 88 89 90 91 92 93 94 95 96 97 98 99 100 101 102 103 104 105 106 107 108 109 110 111 112 113 114 115 116 117 118 119 120 121 122 123 124 125 126 127 128 129 130 131 132 133 134 135 136 137 138 139 140 141 142 143 144 145 146 147 148 149 150 151 152 153 154 155 156 157 158 159 160 161 162 163 164 165 166 167 168 169 170 171 172 173 174 175 176 177 178 179 180 181 182 183 184 185 186 187 188 189 190 191 192 193 194 195 196 197 198 199 200 1 2 3 4 5 6 7 8 9 10 11 12 13 14 15 16 17 18 19 20 21 22 23 24 25 26 27 28 29 30 31 32 33 34 35 36 37 38 39 40 41 42 43 44 45 46 47 48 49 50 51 52 53 54 55 56 57 58 59 60 61 62 63 64 65 66 67 68 69 70 71 72 73 74 75 76 77 78 79 80 81 82 83 84 85 86 87 88 89 90 91 92 93 94 95 96 97 98 99 100 101 102 103 104 105 106 107 108 109 110 111 112 113 114 115 116 117 118 119 120 121 122 123 124 125 126 127 128 129 130 131 132 133 134 135 136 137 138 139 140 141 142 143 144 145 146 147 148 149 150 151 152 153 154 155 156 157 158 159 160 161 162 163 164 165 166 167 168 169 170 171 172 173 174 175 176 177 178 179 180 181 182 183 184 185 186 187 188 189 190 191 192 193 194 195 196 197 198 199 200 1 2 3 4 5 6 7 8 9 10 11 12 13 14 15 16 17 18 19 20 21 22 23 24 25 26 27 28 29 30 31 32 33 34 35 36 37 38 39 40 41 42 43 44 45 46 47 48 49 50 51 52 53 54 55 56 57 58 59 60 61 62 63 64 65 66 67 68 69 70 71 72 73 74 75 76 77 78 79 80 81 82 83 84 85 86 87 88 89 90 91 92 93 94 95 96 97 98 99 100 101 102 103 104 105 106 107 108 109 110 111 112 113 114 115 116 117 118 119 120 121 122 123 124 125 126 127 128 129 130 131 132 133 134 135 136 137 138 139 140 141 142 143 144 145 146 147 148 149 150 151 152 153 154 155 156 157 158 159 160 161 162 163 164 165 166 167 168 169 170 171 172 173 174 175 176 177 178 179 180 181 182 183 184 185 186 187 188 189 190 191 192 193 194 195 196 197 198 199 200 1 2 3 4 5 6 7 8 9 10 11 12 13 14 15 16 17 18 19 20 21 22 23 24 25 26 27 28 29 30 31 32 33 34 35 36 37 38 39 40 41 42 43 44 45 46 47 48 49 50 51 52 53 54 55 56 57 58 59 60 61 62 63 64 65 66 67 68 69 70 71 72 73 74 75 76 77 78 79 80 81 82 83 84 85 86 87 88 89 90 91 92 93 94 95 96 97 98 99 100 101 102 103 104 105 106 107 108 109 110 111 112 113 114 115 116 117 118 119 120 121 122 123 124 125 126 127 128 129 130 131 132 133 134 135 136 137 138 139 140 141 142 143 144 145 146 147 148 149 150 151 152 153 154 155 156 157 158 159 160 161 162 163 164 165 166 167 168 169 170 171 172 173 174 175 176 177 178 179 180 181 182 183 184 185 186 187 188 189 190 191 192 193 194 195 196 197 198 199 200 1 2 3 4 5 6 7 8 9 10 11 12 13 14 15 16 17 18 19 20 21 22 23 24 25 26 27 28 29 30 31 32 33 34 35 36 37 38 39 40 41 42 43 44 45 46 47 48 49 50 51 52 53 54 55 56 57 58 59 60 61 62 63 64 65 66 67 68 69 70 71 72 73 74 75 76 77 78 79 80 81 82 83 84 85 86 87 88 89 90 91 92 93 94 95 96 97 98 99 100 101 102 103 104 105 106 107 108 109 110 111 112 113 114 115 116 117 118 119 120 121 122 123 124 125 126 127 128 129 130 131 132 133 134 135 136 137 138 139 140 141 142 143 144 145 146 147 148 149 150 151 152 153 154 155 156 157 158 159 160 161 162 163 164 165 166 167 168 169 170 171 172 173 174 175 176 177 178 179 180 181 182 183 184 185 186 187 188 189 190 191 192 193 194 195 196 197 198 199 200 1 2 3 4 5 6 7 8 9 10 11 12 13 14 15 16 17 18 19 20 21 22 23 24 25 26 27 28 29 30 31 32 33 34 35 36 37 38 39 40 41 42 43 44 45 46 47 48 49 50 51 52 53 54 55 56 57 58 59 60 61 62 63 64 65 66 67 68 69 70 71 72 73 74 75 76 77 78 79 80 81 82 83 84 85 86 87 88 89 90 91 92 93 94 95 96 97 98 99 100 101 102 103 104 105 106 107 108 109 110 111 112 113 114 115 116 117 118 119 120 121 122 123 124 125 126 127 128 129 130 131 132 133 134 135 136 137 138 139 140 141 142 143 144 145 146 147 148 149 150 151 152 153 154 155 156 157 158 159 160 161 162 163 164 165 166 167 168 169 170 171 172 173 174 175 176 177 178 179 180 181 182 183 184 185 186 187 188 189 190 191 192 193 194 195 196 197 198 199 200 1 2 3 4 5 6 7 8 9 10 11 12 13 14 15 16 17 18 19 20 21 22 23 24 25 26 27 28 29 30 31 32 33 34 35 36 37 38 39 40 41 42 43 44 45 46 47 48 49 50 51 52 53 54 55 56 57 58 59 60 61 62 63 64 65 66 67 68 69 70 71 72 73 74 75 76 77 78 79 80 81 82 83 84 85 86 87 88 89 90 91 92 93 94 95 96 97 98 99 100 101 102 103 104 105 106 107 108 109 110 111 112 113 114 115 116 117 118 119 120 121 122 123 124 125 126 127 128 129 130 131 132 133 134 135 136 137 138 139 140 141 142 143 144 145 146 147 148 149 150 151 152 153 154 155 156 157 158 159 160 161 162 163 164 165 166 167 168 169 170 171 172 173 174 175 176 177 178 179 180 181 182 183 184 185 186 187 188 189 190 191 192 193 194 195 196 197 198 199 200 1 2 3 4 5 6 7 8 9 10 11 12 13 14 15 16 17 18 19 20 21 22 23 24 25 26 27 28 29 30 31 32 33 34 35 36 37 38 39 40 41 42 43 44 45 46 47 48 49 50 51 52 53 54 55 56 57 58 59 60 61 62 63 64 65 66 67 68 69 70 71 72 73 74 75 76 77 78 79 80 81 82 83 84 85 86 87 88 89 90 91 92 93 94 95 96 97 98 99 100 101 102 103 104 105 106 107 108 109 110 111 112 113 114 115 116 117 118 119 120 121 122 123 124 125 126 127 128 129 130 131 132 133 134 135 136 137 138 139 140 141 142 143 144 145 146 147 148 149 150 151 152 153 154 155 156 157 158 159 160 161 162 163 164 165 166 167 168 169 170 171 172 173 174 175 176 177 178 179 180 181 182 183 184 185 186 187 188 189 190 191 192 193 194 195 196 197 198 199 200 1 2 3 4 5 6 7 8 9 10 11 12 13 14 15 16 17 18 19 20 21 22 23 24 25 26 27 28 29 30 31 32 33 34 35 36 37 38 39 40 41 42 43 44 45 46 47 48 49 50 51 52 53 54 55 56 57 58 59 60 61 62 63 64 65 66 67 68 69 70 71 72 73 74 75 76 77 78 79 80 81 82 83 84 85 86 87 88 89 90 91 92 93 94 95 96 97 98 99 100 101 102 103 104 105 106 107 108 109 110 111 112 113 114 115 116 117 118 119 120 121 122 123 124 125 126 127 128 129 130 131 132 133 134 135 136 137 138 139 140 141 142 143 144 145 146 147 148 149 150 151 152 153 154 155 156 157 158 159 160 161 162 163 164 165 166 167 168 169 170 171 172 173 174 175 176 177 178 179 180 181 182 183 184 185 186 187 188 189 190 191 192 193 194 195 196 197 198 199 200 1 2 3 4 5 6 7 8 9 10 11 12 13 14 15 16 17 18 19 20 21 22 23 24 25 26 27 28 29 30 31 32 33 34 35 36 37 38 39 40 41 42 43 44 45 46 47 48 49 50 51 52 53 54 55 56 57 58 59 60 61 62 63 64 65 66 67 68 69 70 71 72 73 74 75 76 77 78 79 80 81 82 83 84 85 86 87 88 89 90 91 92 93 94 95 96 97 98 99 100 101 102 103 104 105 106 107 108 109 110 111 112 113 114 115 116 117 118 119 120 121 122 123 124 125 126 127 128 129 130 131 132 133 134 135 136 137 138 139 140 141 142 143 144 145 146 147 148 149 150 151 152 153 154 155 156 157 158 159 160 161 162 163 164 165 166 167 168 169 170 171 172 173 174 175 176 177 178 179 180 181 182 183 184 185 186 187 188 189 190 191 192 193 194 195 196 197 198 199 200 1 2 3 4 5 6 7 8 9 10 11 12 13 14 15 16 17 18 19 20 21 22 23 24 25 26 27 28 29 30 31 32 33 34 35 36 37 38 39 40 41 42 43 44 45 46 47 48 49 50 51 52 53 54 55 56 57 58 59 60 61 62 63 64 65 66 67 68 69 70 71 72 73 74 75 76 77 78 79 80 81 82 83 84 85 86 87 88 89 90 91 92 93 94 95 96 97 98 99 100 101 102 103 104 105 106 107 108 109 110 111 112 113 114 115 116 117 118 119 120 121 122 123 124 125 126 127 128 129 130 131 132 133 134 135 136 137 138 139 140 141 142 143 144 145 146 147 148 149 150 151 152 153 154 155 156 157 158 159 160 161 162 163 164 165 166 167 168 169 170 171 172 173 174 175 176 177 178 179 180 181 182 183 184 185 186 187 188 189 190 191 192 193 194 195 196 197 198 199 200 1 2 3 4 5 6 7 8 9 10 11 12 13 14 15 16 17 18 19 20 21 22 23 24 25 26 27 28 29 30 31 32 33 34 35 36 37 38 39 40 41 42 43 44 45 46 47 48 49 50 51 52 53 54 55 56 57 58 59 60 61 62 63 64 65 66 67 68 69 70 71 72 73 74 75 76 77 78 79 80 81 82 83 84 85 86 87 88 89 90 91 92 93 94 95 96 97 98 99 100 101 102 103 104 105 106 107 108 109 110 111 112 113 114 115 116 117 118 119 120 121 122 123 124 125 126 127 128 129 130 131 132 133 134 135 136 137 138 139 140 141 142 143 144 145 146 147 148 149 150 151 152 153 154 155 156 157 158 159 160 161 162 163 164 165 166 167 168 169 170 171 172 173 174 175 176 177 178 179 180 181 182 183 184 185 186 187 188 189 190 191 192 193 194 195 196 197 198 199 200 1 2 3 4 5 6 7 8 9 10 11 12 13 14 15 16 17 18 19 20 21 22 23 24 25 26 27 28 29 30 31 32 33 34 35 36 37 38 39 40 41 42 43 44 45 46 47 48 49 50 51 52 53 54 55 56 57 58 59 60 61 62 63 64 65 66 67 68 69 70 71 72 73 74 75 76 77 78 79 80 81 82 83 84 85 86 87 88 89 90 91 92 93 94 95 96 97 98 99 100 101 102 103 104 105 106 107 108 109 110 111 112 113 114 115 116 117 118 119 120 121 122 123 124 125 126 127 128 129 130 131 132 133 134 135 136 137 138 139 140 141 142 143 144 145 146 147 148 149 150 151 152 153 154 155 156 157 158 159 160 161 162 163 164 165 166 167 168 169 170 171 172 173 174 175 176 177 178 179 180 181 182 183 184 185 186 187 188 189 190 191 192 193 194 195 196 197 198 199 200 1 2 3 4 5 6 7 8 9 10 11 12 13 14 15 16 17 18 19 20 21 22 23 24 25 26 27 28 29 30 31 32 33 34 35 36 37 38 39 40 41 42 43 44 45 46 47 48 49 50 51 52 53 54 55 56 57 58 59 60 61 62 63 64 65 66 67 68 69 70 71 72 73 74 75 76 77 78 79 80 81 82 83 84 85 86 87 88 89 90 91 92 93 94 95 96 97 98 99 100 101 102 103 104 105 106 107 108 109 110 111 112 113 114 115 116 117 118 119 120 121 122 123 124 125 126 127 128 129 130 131 132 133 134 135 136 137 138 139 140 141 142 143 144 145 146 147 148 149 150 151 152 153 154 155 156 157 158 159 160 161 162 163 164 165 166 167 168 169 170 171 172 173 174 175 176 177 178 179 180 181 182 183 184 185 186 187 188 189 190 191 192 193 194 195 196 197 198 199 200 1 2 3 4 5 6 7 8 9 10 11 12 13 14 15 16 17 18 19 20 21 22 23 24 25 26 27 28 29 30 31 32 33 34 35 36 37 38 39 40 41 42 43 44 45 46 47 48 49 50 51 52 53 54 55 56 57 58 59 60 61 62 63 64 65 66 67 68 69 70 71 72 73 74 75 76 77 78 79 80 81 82 83 84 85 86 87 88 89 90 91 92 93 94 95 96 97 98 99 100 101 102 103 104 105 106 107 108 109 110 111 112 113 114 115 116 117 118 119 120 121 122 123 124 125 126 127 128 129 130 131 132 133 134 135 136 137 138 139 140 141 142 143 144 145 146 147 148 149 150 151 152 153 154 155 156 157 158 159 160 161 162 163 164 165 166 167 168 169 170 171 172 173 174 175 176 177 178 179 180 181 182 183 184 185 186 187 188 189 190 191 192 193 194 195 196 197 198 199 200 1 2 3 4 5 6 7 8 9 10 11 12 13 14 15 16 17 18 19 20 21 22 23 24 25 26 27 28 29 30 31 32 33 34 35 36 37 38 39 40 41 42 43 44 45 46 47 48 49 50 51 52 53 54 55 56 57 58 59 60 61 62 63 64 65 66 67 68 69 70 71 72 73 74 75 76 77 78 79 80 81 82 83 84 85 86 87 88 89 90 91 92 93 94 95 96 97 98 99 100 101 102 103 104 105 106 107 108 109 110 111 112 113 114 115 116 117 118 119 120 121 122 123 124 125 126 127 128 129 130 131 132 133 134 135 136 137 138 139 140 141 142 143 144 145 146 147 148 149 150 151 152 153 154 155 156 157 158 159 160 161 162 163 164 165 166 167 168 169 170 171 172 173 174 175 176 177 178 179 180 181 182 183 184 185 186 187 188 189 190 191 192 193 194 195 196 197 198 199 200 1 2 3 4 5 6 7 8 9 10 11 12 13 14 15 16 17 18 19 20 21 22 23 24 25 26 27 28 29 30 31 32 33 34 35 36 37 38 39 40 41 42 43 44 45 46 47 48 49 50 51 52 53 54 55 56 57 58 59 60 61 62 63 64 65 66 67 68 69 70 71 72 73 74 75 76 77 78 79 80 81 82 83 84 85 86 87 88 89 90 91 92 93 94 95 96 97 98 99 100 101 102 103 104 105 106 107 108 109 110 111 112 113 114 115 116 117 118 119 120 121 122 123 124 125 126 127 128 129 130 131 132 133 134 135 136 137 138 139 140 141 142 143 144 145 146 147 148 149 150 151 152 153 154 155 156 157 158 159 160 161 162 163 164 165 166 167 168 169 170 171 172 173 174 175 176 177 178 179 180 181 182 183 184 185 186 187 188 189 190 191 192 193 194 195 196 197 198 199 200 1 2 3 4 5 6 7 8 9 10 11 12 13 14 15 16 17 18 19 20 21 22 23 24 25 26 27 28 29 30 31 32 33 34 35 36 37 38 39 40 41 42 43 44 45 46 47 48 49 50 51 52 53 54 55 56 57 58 59 60 61 62 63 64 65 66 67 68 69 70 71 72 73 74 75 76 77 78 79 80 81 82 83 84 85 86 87 88 89 90 91 92 93 94 95 96 97 98 99 100 101 102 103 104 105 106 107 108 109 110 111 112 113 114 115 116 117 118 119 120 121 122 123 124 125 126 127 128 129 130 131 132 133 134 135 136 137 138 139 140 141 142 143 144 145 146 147 148 149 150 151 152 153 154 155 156 157 158 159 160 161 162 163 164 165 166 167 168 169 170 171 172 173 174 175 176 177 178 179 180 181 182 183 184 185 186 187 188 189 190 191 192 193 194 195 196 197 198 199 200 1 2 3 4 5 6 7 8 9 10 11 12 13 14 15 16 17 18 19 20 21 22 23 24 25 26 27 28 29 30 31 32 33 34 35 36 37 38 39 40 41 42 43 44 45 46 47 48 49 50 51 52 53 54 55 56 57 58 59 60 61 62 63 64 65 66 67 68 69 70 71 72 73 74 75 76 77 78 79 80 81 82 83 84 85 86 87 88 89 90 91 92 93 94 95 96 97 98 99 100 101 102 103 104 105 106 107 108 109 110 111 112 113 114 115 116 117 118 119 120 121 122 123 124 125 126 127 128 129 130 131 132 133 134 135 136 137 138 139 140 141 142 143 144 145 146 147 148 149 150 151 152 153 154 155 156 157 158 159 160 161 162 163 164 165 166 167 168 169 170 171 172 173 174 175 176 177 178 179 180 181 182 183 184 185 186 187 188 189 190 191 192 193 194 195 196 197 198 199 200 1 2 3 4 5 6 7 8 9 10 11 12 13 14 15 16 17 18 19 20 21 22 23 24 25 26 27 28 29 30 31 32 33 34 35 36 37 38 39 40 41 42 43 44 45 46 47 48 49 50 51 52 53 54 55 56 57 58 59 60 61 62 63 64 65 66 67 68 69 70 71 72 73 74 75 76 77 78 79 80 81 82 83 84 85 86 87 88 89 90 91 92 93 94 95 96 97 98 99 100 101 102 103 104 105 106 107 108 109 110 111 112 113 114 115 116 117 118 119 120 121 122 123 124 125 126 127 128 129 130 131 132 133 134 135 136 137 138 139 140 141 142 143 144 145 146 147 148 149 150 151 152 153 154 155 156 157 158 159 160 161 162 163 164 165 166 167 168 169 170 171 172 173 174 175 176 177 178 179 180 181 182 183 184 185 186 187 188 189 190 191 192 193 194 195 196 197 198 199 200 1 2 3 4 5 6 7 8 9 10 11 12 13 14 15 16 17 18 19 20 21 22 23 24 25 26 27 28 29 30 31 32 33 34 35 36 37 38 39 40 41 42 43 44 45 46 47 48 49 50 51 52 53 54 55 56 57 58 59 60 61 62 63 64 65 66 67 68 69 70 71 72 73 74 75 76 77 78 79 80 81 82 83 84 85 86 87 88 89 90 91 92 93 94 95 96 97 98 99 100 101 102 103 104 105 106 107 108 109 110 111 112 113 114 115 116 117 118 119 120 121 122 123 124 125 126 127 128 129 130 131 132 133 134 135 136 137 138 139 140 141 142 143 144 145 146 147 148 149 150 151 152 153 154 155 156 157 158 159 160 161 162 163 164 165 166 167 168 169 170 171 172 173 174 175 176 177 178 179 180 181 182 183 184 185 186 187 188 189 190 191 192 193 194 195 196 197 198 199 200 1 2 3 4 5 6 7 8 9 10 11 12 13 14 15 16 17 18 19 20 21 22 23 24 25 26 27 28 29 30 31 32 33 34 35 36 37 38 39 40 41 42 43 44 45 46 47 48 49 50 51 52 53 54 55 56 57 58 59 60 61 62 63 64 65 66 67 68 69 70 71 72 73 74 75 76 77 78 79 80 81 82 83 84 85 86 87 88 89 90 91 92 93 94 95 96 97 98 99 100 101 102 103 104 105 106 107 108 109 110 111 112 113 114 115 116 117 118 119 120 121 122 123 124 125 126 127 128 129 130 131 132 133 134 135 136 137 138 139 140 141 142 143 144 145 146 147 148 149 150 151 152 153 154 155 156 157 158 159 160 161 162 163 164 165 166 167 168 169 170 171 172 173 174 175 176 177 178 179 180 181 182 183 184 185 186 187 188 189 190 191 192 193 194 195 196 197 198 199 200 1 2 3 4 5 6 7 8 9 10 11 12 13 14 15 16 17 18 19 20 21 22 23 24 25 26 27 28 29 30 31 32 33 34 35 36 37 38 39 40 41 42 43 44 45 46 47 48 49 50 51 52 53 54 55 56 57 58 59 60 61 62 63 64 65 66 67 68 69 70 71 72 73 74 75 76 77 78 79 80 81 82 83 84 85 86 87 88 89 90 91 92 93 94 95 96 97 98 99 100 101 102 103 104 105 106 107 108 109 110 111 112 113 114 115 116 117 118 119 120 121 122 123 124 125 126 127 128 129 130 131 132 133 134 135 136 137 138 139 140 141 142 143 144 145 146 147 148 149 150 151 152 153 154 155 156 157 158 159 160 161 162 163 164 165 166 167 168 169 170 171 172 173 174 175 176 177 178 179 180 181 182 183 184 185 186 187 188 189 190 191 192 193 194 195 196 197 198 199 200 1 2 3 4 5 6 7 8 9 10 11 12 13 14 15 16 17 18 19 20 21 22 23 24 25 26 27 28 29 30 31 32 33 34 35 36 37 38 39 40 41 42 43 44 45 46 47 48 49 50 51 52 53 54 55 56 57 58 59 60 61 62 63 64 65 66 67 68 69 70 71 72 73 74 75 76 77 78 79 80 81 82 83 84 85 86 87 88 89 90 91 92 93 94 95 96 97 98 99 100 101 102 103 104 105 106 107 108 109 110 111 112 113 114 115 116 117 118 119 120 121 122 123 124 125 126 127 128 129 130 131 132 133 134 135 136 137 138 139 140 141 142 143 144 145 146 147 148 149 150 151 152 153 154 155 156 157 158 159 160 161 162 163 164 165 166 167 168 169 170 171 172 173 174 175 176 177 178 179 180 181 182 183 184 185 186 187 188 189 190 191 192 193 194 195 196 197 198 199 200 1 2 3 4 5 6 7 8 9 10 11 12 13 14 15 16 17 18 19 20 21 22 23 24 25 26 27 28 29 30 31 32 33 34 35 36 37 38 39 40 41 42 43 44 45 46 47 48 49 50 51 52 53 54 55 56 57 58 59 60 61 62 63 64 65 66 67 68 69 70 71 72 73 74 75 76 77 78 79 80 81 82 83 84 85 86 87 88 89 90 91 92 93 94 95 96 97 98 99 100 101 102 103 104 105 106 107 108 109 110 111 112 113 114 115 116 117 118 119 120 121 122 123 124 125 126 127 128 129 130 131 132 133 134 135 136 137 138 139 140 141 142 143 144 145 146 147 148 149 150 151 152 153 154 155 156 157 158 159 160 161 162 163 164 165 166 167 168 169 170 171 172 173 174 175 176 177 178 179 180 181 182 183 184 185 186 187 188 189 190 191 192 193 194 195 196 197 198 199 200 1 2 3 4 5 6 7 8 9 10 11 12 13 14 15 16 17 18 19 20 21 22 23 24 25 26 27 28 29 30 31 32 33 34 35 36 37 38 39 40 41 42 43 44 45 46 47 48 49 50 51 52 53 54 55 56 57 58 59 60 61 62 63 64 65 66 67 68 69 70 71 72 73 74 75 76 77 78 79 80 81 82 83 84 85 86 87 88 89 90 91 92 93 94 95 96 97 98 99 100 101 102 103 104 105 106 107 108 109 110 111 112 113 114 115 116 117 118 119 120 121 122 123 124 125 126 127 128 129 130 131 132 133 134 135 136 137 138 139 140 141 142 143 144 145 146 147 148 149 150 151 152 153 154 155 156 157 158 159 160 161 162 163 164 165 166 167 168 169 170 171 172 173 174 175 176 177 178 179 180 181 182 183 184 185 186 187 188 189 190 191 192 193 194 195 196 197 198 199 200 1 2 3 4 5 6 7 8 9 10 11 12 13 14 15 16 17 18 19 20 21 22 23 24 25 26 27 28 29 30 31 32 33 34 35 36 37 38 39 40 41 42 43 44 45 46 47 48 49 50 51 52 53 54 55 56 57 58 59 60 61 62 63 64 65 66 67 68 69 70 71 72 73 74 75 76 77 78 79 80 81 82 83 84 85 86 87 88 89 90 91 92 93 94 95 96 97 98 99 100 101 102 103 104 105 106 107 108 109 110 111 112 113 114 115 116 117 118 119 120 121 122 123 124 125 126 127 128 129 130 131 132 133 134 135 136 137 138 139 140 141 142 143 144 145 146 147 148 149 150 151 152 153 154 155 156 157 158 159 160 161 162 163 164 165 166 167 168 169 170 171 172 173 174 175 176 177 178 179 180 181 182 183 184 185 186 187 188 189 190 191 192 193 194 195 196 197 198 199 200 1 2 3 4 5 6 7 8 9 10 11 12 13 14 15 16 17 18 19 20 21 22 23 24 25 26 27 28 29 30 31 32 33 34 35 36 37 38 39 40 41 42 43 44 45 46 47 48 49 50 51 52 53 54 55 56 57 58 59 60 61 62 63 64 65 66 67 68 69 70 71 72 73 74 75 76 77 78 79 80 81 82 83 84 85 86 87 88 89 90 91 92 93 94 95 96 97 98 99 100 101 102 103 104 105 106 107 108 109 110 111 112 113 114 115 116 117 118 119 120 121 122 123 124 125 126 127 128 129 130 131 132 133 134 135 136 137 138 139 140 141 142 143 144 145 146 147 148 149 150 151 152 153 154 155 156 157 158 159 160 161 162 163 164 165 166 167 168 169 170 171 172 173 174 175 176 177 178 179 180 181 182 183 184 185 186 187 188 189 190 191 192 193 194 195 196 197 198 199 200 1 2 3 4 5 6 7 8 9 10 11 12 13 14 15 16 17 18 19 20 21 22 23 24 25 26 27 28 29 30 31 32 33 34 35 36 37 38 39 40 41 42 43 44 45 46 47 48 49 50 51 52 53 54 55 56 57 58 59 60 61 62 63 64 65 66 67 68 69 70 71 72 73 74 75 76 77 78 79 80 81 82 83 84 85 86 87 88 89 90 91 92 93 94 95 96 97 98 99 100 101 102 103 104 105 106 107 108 109 110 111 112 113 114 115 116 117 118 119 120 121 122 123 124 125 126 127 128 129 130 131 132 133 134 135 136 137 138 139 140 141 142 143 144 145 146 147 148 149 150 151 152 153 154 155 156 157 158 159 160 161 162 163 164 165 166 167 168 169 170 171 172 173 174 175 176 177 178 179 180 181 182 183 184 185 186 187 188 189 190 191 192 193 194 195 196 197 198 199 200 1 2 3 4 5 6 7 8 9 10 11 12 13 14 15 16 17 18 19 20 21 22 23 24 25 26 27 28 29 30 31 32 33 34 35 36 37 38 39 40 41 42 43 44 45 46 47 48 49 50 51 52 53 54 55 56 57 58 59 60 61 62 63 64 65 66 67 68 69 70 71 72 73 74 75 76 77 78 79 80 81 82 83 84 85 86 87 88 89 90 91 92 93 94 95 96 97 98 99 100 101 102 103 104 105 106 107 108 109 110 111 112 113 114 115 116 117 118 119 120 121 122 123 124 125 126 127 128 129 130 131 132 133 134 135 136 137 138 139 140 141 142 143 144 145 146 147 148 149 150 151 152 153 154 155 156 157 158 159 160 161 162 163 164 165 166 167 168 169 170 171 172 173 174 175 176 177 178 179 180 181 182 183 184 185 186 187 188 189 190 191 192 193 194 195 196 197 198 199 200 1 2 3 4 5 6 7 8 9 10 11 12 13 14 15 16 17 18 19 20 21 22 23 24 25 26 27 28 29 30 31 32 33 34 35 36 37 38 39 40 41 42 43 44 45 46 47 48 49 50 51 52 53 54 55 56 57 58 59 60 61 62 63 64 65 66 67 68 69 70 71 72 73 74 75 76 77 78 79 80 81 82 83 84 85 86 87 88 89 90 91 92 93 94 95 96 97 98 99 100 101 102 103 104 105 106 107 108 109 110 111 112 113 114 115 116 117 118 119 120 121 122 123 124 125 126 127 128 129 130 131 132 133 134 135 136 137 138 139 140 141 142 143 144 145 146 147 148 149 150 151 152 153 154 155 156 157 158 159 160 161 162 163 164 165 166 167 168 169 170 171 172 173 174 175 176 177 178 179 180 181 182 183 184 185 186 187 188 189 190 191 192 193 194 195 196 197 198 199 200 1 2 3 4 5 6 7 8 9 10 11 12 13 14 15 16 17 18 19 20 21 22 23 24 25 26 27 28 29 30 31 32 33 34 35 36 37 38 39 40 41 42 43 44 45 46 47 48 49 50 51 52 53 54 55 56 57 58 59 60 61 62 63 64 65 66 67 68 69 70 71 72 73 74 75 76 77 78 79 80 81 82 83 84 85 86 87 88 89 90 91 92 93 94 95 96 97 98 99 100 101 102 103 104 105 106 107 108 109 110 111 112 113 114 115 116 117 118 119 120 121 122 123 124 125 126 127 128 129 130 131 132 133 134 135 136 137 138 139 140 141 142 143 144 145 146 147 148 149 150 151 152 153 154 155 156 157 158 159 160 161 162 163 164 165 166 167 168 169 170 171 172 173 174 175 176 177 178 179 180 181 182 183 184 185 186 187 188 189 190 191 192 193 194 195 196 197 198 199 200 1 2 3 4 5 6 7 8 9 10 11 12 13 14 15 16 17 18 19 20 21 22 23 24 25 26 27 28 29 30 31 32 33 34 35 36 37 38 39 40 41 42 43 44 45 46 47 48 49 50 51 52 53 54 55 56 57 58 59 60 61 62 63 64 65 66 67 68 69 70 71 72 73 74 75 76 77 78 79 80 81 82 83 84 85 86 87 88 89 90 91 92 93 94 95 96 97 98 99 100 101 102 103 104 105 106 107 108 109 110 111 112 113 114 115 116 117 118 119 120 121 122 123 124 125 126 127 128 129 130 131 132 133 134 135 136 137 138 139 140 141 142 143 144 145 146 147 148 149 150 151 152 153 154 155 156 157 158 159 160 161 162 163 164 165 166 167 168 169 170 171 172 173 174 175 176 177 178 179 180 181 182 183 184 185 186 187 188 189 190 191 192 193 194 195 196 197 198 199 200 1 2 3 4 5 6 7 8 9 10 11 12 13 14 15 16 17 18 19 20 21 22 23 24 25 26 27 28 29 30 31 32 33 34 35 36 37 38 39 40 41 42 43 44 45 46 47 48 49 50 51 52 53 54 55 56 57 58 59 60 61 62 63 64 65 66 67 68 69 70 71 72 73 74 75 76 77 78 79 80 81 82 83 84 85 86 87 88 89 90 91 92 93 94 95 96 97 98 99 100 101 102 103 104 105 106 107 108 109 110 111 112 113 114 115 116 117 118 119 120 121 122 123 124 125 126 127 128 129 130 131 132 133 134 135 136 137 138 139 140 141 142 143 144 145 146 147 148 149 150 151 152 153 154 155 156 157 158 159 160 161 162 163 164 165 166 167 168 169 170 171 172 173 174 175 176 177 178 179 180 181 182 183 184 185 186 187 188 189 190 191 192 193 194 195 196 197 198 199 200 1 2 3 4 5 6 7 8 9 10 11 12 13 14 15 16 17 18 19 20 21 22 23 24 25 26 27 28 29 30 31 32 33 34 35 36 37 38 39 40 41 42 43 44 45 46 47 48 49 50 51 52 53 54 55 56 57 58 59 60 61 62 63 64 65 66 67 68 69 70 71 72 73 74 75 76 77 78 79 80 81 82 83 84 85 86 87 88 89 90 91 92 93 94 95 96 97 98 99 100 101 102 103 104 105 106 107 108 109 110 111 112 113 114 115 116 117 118 119 120 121 122 123 124 125 126 127 128 129 130 131 132 133 134 135 136 137 138 139 140 141 142 143 144 145 146 147 148 149 150 151 152 153 154 155 156 157 158 159 160 161 162 163 164 165 166 167 168 169 170 171 172 173 174 175 176 177 178 179 180 181 182 183 184 185 186 187 188 189 190 191 192 193 194 195 196 197 198 199 200 1 2 3 4 5 6 7 8 9 10 11 12 13 14 15 16 17 18 19 20 21 22 23 24 25 26 27 28 29 30 31 32 33 34 35 36 37 38 39 40 41 42 43 44 45 46 47 48 49 50 51 52 53 54 55 56 57 58 59 60 61 62 63 64 65 66 67 68 69 70 71 72 73 74 75 76 77 78 79 80 81 82 83 84 85 86 87 88 89 90 91 92 93 94 95 96 97 98 99 100 101 102 103 104 105 106 107 108 109 110 111 112 113 114 115 116 117 118 119 120 121 122 123 124 125 126 127 128 129 130 131 132 133 134 135 136 137 138 139 140 141 142 143 144 145 146 147 148 149 150 151 152 153 154 155 156 157 158 159 160 161 162 163 164 165 166 167 168 169 170 171 172 173 174 175 176 177 178 179 180 181 182 183 184 185 186 187 188 189 190 191 192 193 194 195 196 197 198 199 200 1 2 3 4 5 6 7 8 9 10 11 12 13 14 15 16 17 18 19 20 21 22 23 24 25 26 27 28 29 30 31 32 33 34 35 36 37 38 39 40 41 42 43 44 45 46 47 48 49 50 51 52 53 54 55 56 57 58 59 60 61 62 63 64 65 66 67 68 69 70 71 72 73 74 75 76 77 78 79 80 81 82 83 84 85 86 87 88 89 90 91 92 93 94 95 96 97 98 99 100 101 102 103 104 105 106 107 108 109 110 111 112 113 114 115 116 117 118 119 120 121 122 123 124 125 126 127 128 129 130 131 132 133 134 135 136 137 138 139 140 141 142 143 144 145 146 147 148 149 150 151 152 153 154 155 156 157 158 159 160 161 162 163 164 165 166 167 168 169 170 171 172 173 174 175 176 177 178 179 180 181 182 183 184 185 186 187 188 189 190 191 192 193 194 195 196 197 198 199 200 1 2 3 4 5 6 7 8 9 10 11 12 13 14 15 16 17 18 19 20 21 22 23 24 25 26 27 28 29 30 31 32 33 34 35 36 37 38 39 40 41 42 43 44 45 46 47 48 49 50 51 52 53 54 55 56 57 58 59 60 61 62 63 64 65 66 67 68 69 70 71 72 73 74 75 76 77 78 79 80 81 82 83 84 85 86 87 88 89 90 91 92 93 94 95 96 97 98 99 100 101 102 103 104 105 106 107 108 109 110 111 112 113 114 115 116 117 118 119 120 121 122 123 124 125 126 127 128 129 130 131 132 133 134 135 136 137 138 139 140 141 142 143 144 145 146 147 148 149 150 151 152 153 154 155 156 157 158 159 160 161 162 163 164 165 166 167 168 169 170 171 172 173 174 175 176 177 178 179 180 181 182 183 184 185 186 187 188 189 190 191 192 193 194 195 196 197 198 199 200 1 2 3 4 5 6 7 8 9 10 11 12 13 14 15 16 17 18 19 20 21 22 23 24 25 26 27 28 29 30 31 32 33 34 35 36 37 38 39 40 41 42 43 44 45 46 47 48 49 50 51 52 53 54 55 56 57 58 59 60 61 62 63 64 65 66 67 68 69 70 71 72 73 74 75 76 77 78 79 80 81 82 83 84 85 86 87 88 89 90 91 92 93 94 95 96 97 98 99 100 101 102 103 104 105 106 107 108 109 110 111 112 113 114 115 116 117 118 119 120 121 122 123 124 125 126 127 128 129 130 131 132 133 134 135 136 137 138 139 140 141 142 143 144 145 146 147 148 149 150 151 152 153 154 155 156 157 158 159 160 161 162 163 164 165 166 167 168 169 170 171 172 173 174 175 176 177 178 179 180 181 182 183 184 185 186 187 188 189 190 191 192 193 194 195 196 197 198 199 200 1 2 3 4 5 6 7 8 9 10 11 12 13 14 15 16 17 18 19 20 21 22 23 24 25 26 27 28 29 30 31 32 33 34 35 36 37 38 39 40 41 42 43 44 45 46 47 48 49 50 51 52 53 54 55 56 57 58 59 60 61 62 63 64 65 66 67 68 69 70 71 72 73 74 75 76 77 78 79 80 81 82 83 84 85 86 87 88 89 90 91 92 93 94 95 96 97 98 99 100 101 102 103 104 105 106 107 108 109 110 111 112 113 114 115 116 117 118 119 120 121 122 123 124 125 126 127 128 129 130 131 132 133 134 135 136 137 138 139 140 141 142 143 144 145 146 147 148 149 150 151 152 153 154 155 156 157 158 159 160 161 162 163 164 165 166 167 168 169 170 171 172 173 174 175 176 177 178 179 180 181 182 183 184 185 186 187 188 189 190 191 192 193 194 195 196 197 198 199 200 1 2 3 4 5 6 7 8 9 10 11 12 13 14 15 16 17 18 19 20 21 22 23 24 25 26 27 28 29 30 31 32 33 34 35 36 37 38 39 40 41 42 43 44 45 46 47 48 49 50 51 52 53 54 55 56 57 58 59 60 61 62 63 64 65 66 67 68 69 70 71 72 73 74 75 76 77 78 79 80 81 82 83 84 85 86 87 88 89 90 91 92 93 94 95 96 97 98 99 100 101 102 103 104 105 106 107 108 109 110 111 112 113 114 115 116 117 118 119 120 121 122 123 124 125 126 127 128 129 130 131 132 133 134 135 136 137 138 139 140 141 142 143 144 145 146 147 148 149 150 151 152 153 154 155 156 157 158 159 160 161 162 163 164 165 166 167 168 169 170 171 172 173 174 175 176 177 178 179 180 181 182 183 184 185 186 187 188 189 190 191 192 193 194 195 196 197 198 199 200 1 2 3 4 5 6 7 8 9 10 11 12 13 14 15 16 17 18 19 20 21 22 23 24 25 26 27 28 29 30 31 32 33 34 35 36 37 38 39 40 41 42 43 44 45 46 47 48 49 50 51 52 53 54 55 56 57 58 59 60 61 62 63 64 65 66 67 68 69 70 71 72 73 74 75 76 77 78 79 80 81 82 83 84 85 86 87 88 89 90 91 92 93 94 95 96 97 98 99 100 101 102 103 104 105 106 107 108 109 110 111 112 113 114 115 116 117 118 119 120 121 122 123 124 125 126 127 128 129 130 131 132 133 134 135 136 137 138 139 140 141 142 143 144 145 146 147 148 149 150 151 152 153 154 155 156 157 158 159 160 161 162 163 164 165 166 167 168 169 170 171 172 173 174 175 176 177 178 179 180 181 182 183 184 185 186 187 188 189 190 191 192 193 194 195 196 197 198 199 200 1 2 3 4 5 6 7 8 9 10 11 12 13 14 15 16 17 18 19 20 21 22 23 24 25 26 27 28 29 30 31 32 33 34 35 36 37 38 39 40 41 42 43 44 45 46 47 48 49 50 51 52 53 54 55 56 57 58 59 60 61 62 63 64 65 66 67 68 69 70 71 72 73 74 75 76 77 78 79 80 81 82 83 84 85 86 87 88 89 90 91 92 93 94 95 96 97 98 99 100 101 102 103 104 105 106 107 108 109 110 111 112 113 114 115 116 117 118 119 120 121 122 123 124 125 126 127 128 129 130 131 132 133 134 135 136 137 138 139 140 141 142 143 144 145 146 147 148 149 150 151 152 153 154 155 156 157 158 159 160 161 162 163 164 165 166 167 168 169 170 171 172 173 174 175 176 177 178 179 180 181 182 183 184 185 186 187 188 189 190 191 192 193 194 195 196 197 198 199 200 1 2 3 4 5 6 7 8 9 10 11 12 13 14 15 16 17 18 19 20 21 22 23 24 25 26 27 28 29 30 31 32 33 34 35 36 37 38 39 40 41 42 43 44 45 46 47 48 49 50 51 52 53 54 55 56 57 58 59 60 61 62 63 64 65 66 67 68 69 70 71 72 73 74 75 76 77 78 79 80 81 82 83 84 85 86 87 88 89 90 91 92 93 94 95 96 97 98 99 100 101 102 103 104 105 106 107 108 109 110 111 112 113 114 115 116 117 118 119 120 121 122 123 124 125 126 127 128 129 130 131 132 133 134 135 136 137 138 139 140 141 142 143 144 145 146 147 148 149 150 151 152 153 154 155 156 157 158 159 160 161 162 163 164 165 166 167 168 169 170 171 172 173 174 175 176 177 178 179 180 181 182 183 184 185 186 187 188 189 190 191 192 193 194 195 196 197 198 199 200 1 2 3 4 5 6 7 8 9 10 11 12 13 14 15 16 17 18 19 20 21 22 23 24 25 26 27 28 29 30 31 32 33 34 35 36 37 38 39 40 41 42 43 44 45 46 47 48 49 50 51 52 53 54 55 56 57 58 59 60 61 62 63 64 65 66 67 68 69 70 71 72 73 74 75 76 77 78 79 80 81 82 83 84 85 86 87 88 89 90 91 92 93 94 95 96 97 98 99 100 101 102 103 104 105 106 107 108 109 110 111 112 113 114 115 116 117 118 119 120 121 122 123 124 125 126 127 128 129 130 131 132 133 134 135 136 137 138 139 140 141 142 143 144 145 146 147 148 149 150 151 152 153 154 155 156 157 158 159 160 161 162 163 164 165 166 167 168 169 170 171 172 173 174 175 176 177 178 179 180 181 182 183 184 185 186 187 188 189 190 191 192 193 194 195 196 197 198 199 200 1 2 3 4 5 6 7 8 9 10 11 12 13 14 15 16 17 18 19 20 21 22 23 24 25 26 27 28 29 30 31 32 33 34 35 36 37 38 39 40 41 42 43 44 45 46 47 48 49 50 51 52 53 54 55 56 57 58 59 60 61 62 63 64 65 66 67 68 69 70 71 72 73 74 75 76 77 78 79 80 81 82 83 84 85 86 87 88 89 90 91 92 93 94 95 96 97 98 99 100 101 102 103 104 105 106 107 108 109 110 111 112 113 114 115 116 117 118 119 120 121 122 123 124 125 126 127 128 129 130 131 132 133 134 135 136 137 138 139 140 141 142 143 144 145 146 147 148 149 150 151 152 153 154 155 156 157 158 159 160 161 162 163 164 165 166 167 168 169 170 171 172 173 174 175 176 177 178 179 180 181 182 183 184 185 186 187 188 189 190 191 192 193 194 195 196 197 198 199 200 1 2 3 4 5 6 7 8 9 10 11 12 13 14 15 16 17 18 19 20 21 22 23 24 25 26 27 28 29 30 31 32 33 34 35 36 37 38 39 40 41 42 43 44 45 46 47 48 49 50 51 52 53 54 55 56 57 58 59 60 61 62 63 64 65 66 67 68 69 70 71 72 73 74 75 76 77 78 79 80 81 82 83 84 85 86 87 88 89 90 91 92 93 94 95 96 97 98 99 100 101 102 103 104 105 106 107 108 109 110 111 112 113 114 115 116 117 118 119 120 121 122 123 124 125 126 127 128 129 130 131 132 133 134 135 136 137 138 139 140 141 142 143 144 145 146 147 148 149 150 151 152 153 154 155 156 157 158 159 160 161 162 163 164 165 166 167 168 169 170 171 172 173 174 175 176 177 178 179 180 181 182 183 184 185 186 187 188 189 190 191 192 193 194 195 196 197 198 199 200 1 2 3 4 5 6 7 8 9 10 11 12 13 14 15 16 17 18 19 20 21 22 23 24 25 26 27 28 29 30 31 32 33 34 35 36 37 38 39 40 41 42 43 44 45 46 47 48 49 50 51 52 53 54 55 56 57 58 59 60 61 62 63 64 65 66 67 68 69 70 71 72 73 74 75 76 77 78 79 80 81 82 83 84 85 86 87 88 89 90 91 92 93 94 95 96 97 98 99 100 101 102 103 104 105 106 107 108 109 110 111 112 113 114 115 116 117 118 119 120 121 122 123 124 125 126 127 128 129 130 131 132 133 134 135 136 137 138 139 140 141 142 143 144 145 146 147 148 149 150 151 152 153 154 155 156 157 158 159 160 161 162 163 164 165 166 167 168 169 170 171 172 173 174 175 176 177 178 179 180 181 182 183 184 185 186 187 188 189 190 191 192 193 194 195 196 197 198 199 200 1 2 3 4 5 6 7 8 9 10 11 12 13 14 15 16 17 18 19 20 21 22 23 24 25 26 27 28 29 30 31 32 33 34 35 36 37 38 39 40 41 42 43 44 45 46 47 48 49 50 51 52 53 54 55 56 57 58 59 60 61 62 63 64 65 66 67 68 69 70 71 72 73 74 75 76 77 78 79 80 81 82 83 84 85 86 87 88 89 90 91 92 93 94 95 96 97 98 99 100 101 102 103 104 105 106 107 108 109 110 111 112 113 114 115 116 117 118 119 120 121 122 123 124 125 126 127 128 129 130 131 132 133 134 135 136 137 138 139 140 141 142 143 144 145 146 147 148 149 150 151 152 153 154 155 156 157 158 159 160 161 162 163 164 165 166 167 168 169 170 171 172 173 174 175 176 177 178 179 180 181 182 183 184 185 186 187 188 189 190 191 192 193 194 195 196 197 198 199 200 1 2 3 4 5 6 7 8 9 10 11 12 13 14 15 16 17 18 19 20 21 22 23 24 25 26 27 28 29 30 31 32 33 34 35 36 37 38 39 40 41 42 43 44 45 46 47 48 49 50 51 52 53 54 55 56 57 58 59 60 61 62 63 64 65 66 67 68 69 70 71 72 73 74 75 76 77 78 79 80 81 82 83 84 85 86 87 88 89 90 91 92 93 94 95 96 97 98 99 100 101 102 103 104 105 106 107 108 109 110 111 112 113 114 115 116 117 118 119 120 121 122 123 124 125 126 127 128 129 130 131 132 133 134 135 136 137 138 139 140 141 142 143 144 145 146 147 148 149 150 151 152 153 154 155 156 157 158 159 160 161 162 163 164 165 166 167 168 169 170 171 172 173 174 175 176 177 178 179 180 181 182 183 184 185 186 187 188 189 190 191 192 193 194 195 196 197 198 199 200 1 2 3 4 5 6 7 8 9 10 11 12 13 14 15 16 17 18 19 20 21 22 23 24 25 26 27 28 29 30 31 32 33 34 35 36 37 38 39 40 41 42 43 44 45 46 47 48 49 50 51 52 53 54 55 56 57 58 59 60 61 62 63 64 65 66 67 68 69 70 71 72 73 74 75 76 77 78 79 80 81 82 83 84 85 86 87 88 89 90 91 92 93 94 95 96 97 98 99 100 101 102 103 104 105 106 107 108 109 110 111 112 113 114 115 116 117 118 119 120 121 122 123 124 125 126 127 128 129 130 131 132 133 134 135 136 137 138 139 140 141 142 143 144 145 146 147 148 149 150 151 152 153 154 155 156 157 158 159 160 161 162 163 164 165 166 167 168 169 170 171 172 173 174 175 176 177 178 179 180 181 182 183 184 185 186 187 188 189 190 191 192 193 194 195 196 197 198 199 200 1 2 3 4 5 6 7 8 9 10 11 12 13 14 15 16 17 18 19 20 21 22 23 24 25 26 27 28 29 30 31 32 33 34 35 36 37 38 39 40 41 42 43 44 45 46 47 48 49 50 51 52 53 54 55 56 57 58 59 60 61 62 63 64 65 66 67 68 69 70 71 72 73 74 75 76 77 78 79 80 81 82 83 84 85 86 87 88 89 90 91 92 93 94 95 96 97 98 99 100 101 102 103 104 105 106 107 108 109 110 111 112 113 114 115 116 117 118 119 120 121 122 123 124 125 126 127 128 129 130 131 132 133 134 135 136 137 138 139 140 141 142 143 144 145 146 147 148 149 150 151 152 153 154 155 156 157 158 159 160 161 162 163 164 165 166 167 168 169 170 171 172 173 174 175 176 177 178 179 180 181 182 183 184 185 186 187 188 189 190 191 192 193 194 195 196 197 198 199 200 1 2 3 4 5 6 7 8 9 10 11 12 13 14 15 16 17 18 19 20 21 22 23 24 25 26 27 28 29 30 31 32 33 34 35 36 37 38 39 40 41 42 43 44 45 46 47 48 49 50 51 52 53 54 55 56 57 58 59 60 61 62 63 64 65 66 67 68 69 70 71 72 73 74 75 76 77 78 79 80 81 82 83 84 85 86 87 88 89 90 91 92 93 94 95 96 97 98 99 100 101 102 103 104 105 106 107 108 109 110 111 112 113 114 115 116 117 118 119 120 121 122 123 124 125 126 127 128 129 130 131 132 133 134 135 136 137 138 139 140 141 142 143 144 145 146 147 148 149 150 151 152 153 154 155 156 157 158 159 160 161 162 163 164 165 166 167 168 169 170 171 172 173 174 175 176 177 178 179 180 181 182 183 184 185 186 187 188 189 190 191 192 193 194 195 196 197 198 199 200 1 2 3 4 5 6 7 8 9 10 11 12 13 14 15 16 17 18 19 20 21 22 23 24 25 26 27 28 29 30 31 32 33 34 35 36 37 38 39 40 41 42 43 44 45 46 47 48 49 50 51 52 53 54 55 56 57 58 59 60 61 62 63 64 65 66 67 68 69 70 71 72 73 74 75 76 77 78 79 80 81 82 83 84 85 86 87 88 89 90 91 92 93 94 95 96 97 98 99 100 101 102 103 104 105 106 107 108 109 110 111 112 113 114 115 116 117 118 119 120 121 122 123 124 125 126 127 128 129 130 131 132 133 134 135 136 137 138 139 140 141 142 143 144 145 146 147 148 149 150 151 152 153 154 155 156 157 158 159 160 161 162 163 164 165 166 167 168 169 170 171 172 173 174 175 176 177 178 179 180 181 182 183 184 185 186 187 188 189 190 191 192 193 194 195 196 197 198 199 200 1 2 3 4 5 6 7 8 9 10 11 12 13 14 15 16 17 18 19 20 21 22 23 24 25 26 27 28 29 30 31 32 33 34 35 36 37 38 39 40 41 42 43 44 45 46 47 48 49 50 51 52 53 54 55 56 57 58 59 60 61 62 63 64 65 66 67 68 69 70 71 72 73 74 75 76 77 78 79 80 81 82 83 84 85 86 87 88 89 90 91 92 93 94 95 96 97 98 99 100 101 102 103 104 105 106 107 108 109 110 111 112 113 114 115 116 117 118 119 120 121 122 123 124 125 126 127 128 129 130 131 132 133 134 135 136 137 138 139 140 141 142 143 144 145 146 147 148 149 150 151 152 153 154 155 156 157 158 159 160 161 162 163 164 165 166 167 168 169 170 171 172 173 174 175 176 177 178 179 180 181 182 183 184 185 186 187 188 189 190 191 192 193 194 195 196 197 198 199 200 1 2 3 4 5 6 7 8 9 10 11 12 13 14 15 16 17 18 19 20 21 22 23 24 25 26 27 28 29 30 31 32 33 34 35 36 37 38 39 40 41 42 43 44 45 46 47 48 49 50 51 52 53 54 55 56 57 58 59 60 61 62 63 64 65 66 67 68 69 70 71 72 73 74 75 76 77 78 79 80 81 82 83 84 85 86 87 88 89 90 91 92 93 94 95 96 97 98 99 100 101 102 103 104 105 106 107 108 109 110 111 112 113 114 115 116 117 118 119 120 121 122 123 124 125 126 127 128 129 130 131 132 133 134 135 136 137 138 139 140 141 142 143 144 145 146 147 148 149 150 151 152 153 154 155 156 157 158 159 160 161 162 163 164 165 166 167 168 169 170 171 172 173 174 175 176 177 178 179 180 181 182 183 184 185 186 187 188 189 190 191 192 193 194 195 196 197 198 199 200 1 2 3 4 5 6 7 8 9 10 11 12 13 14 15 16 17 18 19 20 21 22 23 24 25 26 27 28 29 30 31 32 33 34 35 36 37 38 39 40 41 42 43 44 45 46 47 48 49 50 51 52 53 54 55 56 57 58 59 60 61 62 63 64 65 66 67 68 69 70 71 72 73 74 75 76 77 78 79 80 81 82 83 84 85 86 87 88 89 90 91 92 93 94 95 96 97 98 99 100 101 102 103 104 105 106 107 108 109 110 111 112 113 114 115 116 117 118 119 120 121 122 123 124 125 126 127 128 129 130 131 132 133 134 135 136 137 138 139 140 141 142 143 144 145 146 147 148 149 150 151 152 153 154 155 156 157 158 159 160 161 162 163 164 165 166 167 168 169 170 171 172 173 174 175 176 177 178 179 180 181 182 183 184 185 186 187 188 189 190 191 192 193 194 195 196 197 198 199 200 1 2 3 4 5 6 7 8 9 10 11 12 13 14 15 16 17 18 19 20 21 22 23 24 25 26 27 28 29 30 31 32 33 34 35 36 37 38 39 40 41 42 43 44 45 46 47 48 49 50 51 52 53 54 55 56 57 58 59 60 61 62 63 64 65 66 67 68 69 70 71 72 73 74 75 76 77 78 79 80 81 82 83 84 85 86 87 88 89 90 91 92 93 94 95 96 97 98 99 100 101 102 103 104 105 106 107 108 109 110 111 112 113 114 115 116 117 118 119 120 121 122 123 124 125 126 127 128 129 130 131 132 133 134 135 136 137 138 139 140 141 142 143 144 145 146 147 148 149 150 151 152 153 154 155 156 157 158 159 160 161 162 163 164 165 166 167 168 169 170 171 172 173 174 175 176 177 178 179 180 181 182 183 184 185 186 187 188 189 190 191 192 193 194 195 196 197 198 199 200 1 2 3 4 5 6 7 8 9 10 11 12 13 14 15 16 17 18 19 20 21 22 23 24 25 26 27 28 29 30 31 32 33 34 35 36 37 38 39 40 41 42 43 44 45 46 47 48 49 50 51 52 53 54 55 56 57 58 59 60 61 62 63 64 65 66 67 68 69 70 71 72 73 74 75 76 77 78 79 80 81 82 83 84 85 86 87 88 89 90 91 92 93 94 95 96 97 98 99 100 101 102 103 104 105 106 107 108 109 110 111 112 113 114 115 116 117 118 119 120 121 122 123 124 125 126 127 128 129 130 131 132 133 134 135 136 137 138 139 140 141 142 143 144 145 146 147 148 149 150 151 152 153 154 155 156 157 158 159 160 161 162 163 164 165 166 167 168 169 170 171 172 173 174 175 176 177 178 179 180 181 182 183 184 185 186 187 188 189 190 191 192 193 194 195 196 197 198 199 200 1 2 3 4 5 6 7 8 9 10 11 12 13 14 15 16 17 18 19 20 21 22 23 24 25 26 27 28 29 30 31 32 33 34 35 36 37 38 39 40 41 42 43 44 45 46 47 48 49 50 51 52 53 54 55 56 57 58 59 60 61 62 63 64 65 66 67 68 69 70 71 72 73 74 75 76 77 78 79 80 81 82 83 84 85 86 87 88 89 90 91 92 93 94 95 96 97 98 99 100 101 102 103 104 105 106 107 108 109 110 111 112 113 114 115 116 117 118 119 120 121 122 123 124 125 126 127 128 129 130 131 132 133 134 135 136 137 138 139 140 141 142 143 144 145 146 147 148 149 150 151 152 153 154 155 156 157 158 159 160 161 162 163 164 165 166 167 168 169 170 171 172 173 174 175 176 177 178 179 180 181 182 183 184 185 186 187 188 189 190 191 192 193 194 195 196 197 198 199 200 1 2 3 4 5 6 7 8 9 10 11 12 13 14 15 16 17 18 19 20 21 22 23 24 25 26 27 28 29 30 31 32 33 34 35 36 37 38 39 40 41 42 43 44 45 46 47 48 49 50 51 52 53 54 55 56 57 58 59 60 61 62 63 64 65 66 67 68 69 70 71 72 73 74 75 76 77 78 79 80 81 82 83 84 85 86 87 88 89 90 91 92 93 94 95 96 97 98 99 100 101 102 103 104 105 106 107 108 109 110 111 112 113 114 115 116 117 118 119 120 121 122 123 124 125 126 127 128 129 130 131 132 133 134 135 136 137 138 139 140 141 142 143 144 145 146 147 148 149 150 151 152 153 154 155 156 157 158 159 160 161 162 163 164 165 166 167 168 169 170 171 172 173 174 175 176 177 178 179 180 181 182 183 184 185 186 187 188 189 190 191 192 193 194 195 196 197 198 199 200 1 2 3 4 5 6 7 8 9 10 11 12 13 14 15 16 17 18 19 20 21 22 23 24 25 26 27 28 29 30 31 32 33 34 35 36 37 38 39 40 41 42 43 44 45 46 47 48 49 50 51 52 53 54 55 56 57 58 59 60 61 62 63 64 65 66 67 68 69 70 71 72 73 74 75 76 77 78 79 80 81 82 83 84 85 86 87 88 89 90 91 92 93 94 95 96 97 98 99 100 101 102 103 104 105 106 107 108 109 110 111 112 113 114 115 116 117 118 119 120 121 122 123 124 125 126 127 128 129 130 131 132 133 134 135 136 137 138 139 140 141 142 143 144 145 146 147 148 149 150 151 152 153 154 155 156 157 158 159 160 161 162 163 164 165 166 167 168 169 170 171 172 173 174 175 176 177 178 179 180 181 182 183 184 185 186 187 188 189 190 191 192 193 194 195 196 197 198 199 200 1 2 3 4 5 6 7 8 9 10 11 12 13 14 15 16 17 18 19 20 21 22 23 24 25 26 27 28 29 30 31 32 33 34 35 36 37 38 39 40 41 42 43 44 45 46 47 48 49 50 51 52 53 54 55 56 57 58 59 60 61 62 63 64 65 66 67 68 69 70 71 72 73 74 75 76 77 78 79 80 81 82 83 84 85 86 87 88 89 90 91 92 93 94 95 96 97 98 99 100 101 102 103 104 105 106 107 108 109 110 111 112 113 114 115 116 117 118 119 120 121 122 123 124 125 126 127 128 129 130 131 132 133 134 135 136 137 138 139 140 141 142 143 144 145 146 147 148 149 150 151 152 153 154 155 156 157 158 159 160 161 162 163 164 165 166 167 168 169 170 171 172 173 174 175 176 177 178 179 180 181 182 183 184 185 186 187 188 189 190 191 192 193 194 195 196 197 198 199 200 1 2 3 4 5 6 7 8 9 10 11 12 13 14 15 16 17 18 19 20 21 22 23 24 25 26 27 28 29 30 31 32 33 34 35 36 37 38 39 40 41 42 43 44 45 46 47 48 49 50 51 52 53 54 55 56 57 58 59 60 61 62 63 64 65 66 67 68 69 70 71 72 73 74 75 76 77 78 79 80 81 82 83 84 85 86 87 88 89 90 91 92 93 94 95 96 97 98 99 100 101 102 103 104 105 106 107 108 109 110 111 112 113 114 115 116 117 118 119 120 121 122 123 124 125 126 127 128 129 130 131 132 133 134 135 136 137 138 139 140 141 142 143 144 145 146 147 148 149 150 151 152 153 154 155 156 157 158 159 160 161 162 163 164 165 166 167 168 169 170 171 172 173 174 175 176 177 178 179 180 181 182 183 184 185 186 187 188 189 190 191 192 193 194 195 196 197 198 199 200 1 2 3 4 5 6 7 8 9 10 11 12 13 14 15 16 17 18 19 20 21 22 23 24 25 26 27 28 29 30 31 32 33 34 35 36 37 38 39 40 41 42 43 44 45 46 47 48 49 50 51 52 53 54 55 56 57 58 59 60 61 62 63 64 65 66 67 68 69 70 71 72 73 74 75 76 77 78 79 80 81 82 83 84 85 86 87 88 89 90 91 92 93 94 95 96 97 98 99 100 101 102 103 104 105 106 107 108 109 110 111 112 113 114 115 116 117 118 119 120 121 122 123 124 125 126 127 128 129 130 131 132 133 134 135 136 137 138 139 140 141 142 143 144 145 146 147 148 149 150 151 152 153 154 155 156 157 158 159 160 161 162 163 164 165 166 167 168 169 170 171 172 173 174 175 176 177 178 179 180 181 182 183 184 185 186 187 188 189 190 191 192 193 194 195 196 197 198 199 200 1 2 3 4 5 6 7 8 9 10 11 12 13 14 15 16 17 18 19 20 21 22 23 24 25 26 27 28 29 30 31 32 33 34 35 36 37 38 39 40 41 42 43 44 45 46 47 48 49 50 51 52 53 54 55 56 57 58 59 60 61 62 63 64 65 66 67 68 69 70 71 72 73 74 75 76 77 78 79 80 81 82 83 84 85 86 87 88 89 90 91 92 93 94 95 96 97 98 99 100 101 102 103 104 105 106 107 108 109 110 111 112 113 114 115 116 117 118 119 120 121 122 123 124 125 126 127 128 129 130 131 132 133 134 135 136 137 138 139 140 141 142 143 144 145 146 147 148 149 150 151 152 153 154 155 156 157 158 159 160 161 162 163 164 165 166 167 168 169 170 171 172 173 174 175 176 177 178 179 180 181 182 183 184 185 186 187 188 189 190 191 192 193 194 195 196 197 198 199 200 1 2 3 4 5 6 7 8 9 10 11 12 13 14 15 16 17 18 19 20 21 22 23 24 25 26 27 28 29 30 31 32 33 34 35 36 37 38 39 40 41 42 43 44 45 46 47 48 49 50 51 52 53 54 55 56 57 58 59 60 61 62 63 64 65 66 67 68 69 70 71 72 73 74 75 76 77 78 79 80 81 82 83 84 85 86 87 88 89 90 91 92 93 94 95 96 97 98 99 100 101 102 103 104 105 106 107 108 109 110 111 112 113 114 115 116 117 118 119 120 121 122 123 124 125 126 127 128 129 130 131 132 133 134 135 136 137 138 139 140 141 142 143 144 145 146 147 148 149 150 151 152 153 154 155 156 157 158 159 160 161 162 163 164 165 166 167 168 169 170 171 172 173 174 175 176 177 178 179 180 181 182 183 184 185 186 187 188 189 190 191 192 193 194 195 196 197 198 199 200 1 2 3 4 5 6 7 8 9 10 11 12 13 14 15 16 17 18 19 20 21 22 23 24 25 26 27 28 29 30 31 32 33 34 35 36 37 38 39 40 41 42 43 44 45 46 47 48 49 50 51 52 53 54 55 56 57 58 59 60 61 62 63 64 65 66 67 68 69 70 71 72 73 74 75 76 77 78 79 80 81 82 83 84 85 86 87 88 89 90 91 92 93 94 95 96 97 98 99 100 101 102 103 104 105 106 107 108 109 110 111 112 113 114 115 116 117 118 119 120 121 122 123 124 125 126 127 128 129 130 131 132 133 134 135 136 137 138 139 140 141 142 143 144 145 146 147 148 149 150 151 152 153 154 155 156 157 158 159 160 161 162 163 164 165 166 167 168 169 170 171 172 173 174 175 176 177 178 179 180 181 182 183 184 185 186 187 188 189 190 191 192 193 194 195 196 197 198 199 200 1 2 3 4 5 6 7 8 9 10 11 12 13 14 15 16 17 18 19 20 21 22 23 24 25 26 27 28 29 30 31 32 33 34 35 36 37 38 39 40 41 42 43 44 45 46 47 48 49 50 51 52 53 54 55 56 57 58 59 60 61 62 63 64 65 66 67 68 69 70 71 72 73 74 75 76 77 78 79 80 81 82 83 84 85 86 87 88 89 90 91 92 93 94 95 96 97 98 99 100 101 102 103 104 105 106 107 108 109 110 111 112 113 114 115 116 117 118 119 120 121 122 123 124 125 126 127 128 129 130 131 132 133 134 135 136 137 138 139 140 141 142 143 144 145 146 147 148 149 150 151 152 153 154 155 156 157 158 159 160 161 162 163 164 165 166 167 168 169 170 171 172 173 174 175 176 177 178 179 180 181 182 183 184 185 186 187 188 189 190 191 192 193 194 195 196 197 198 199 200 1 2 3 4 5 6 7 8 9 10 11 12 13 14 15 16 17 18 19 20 21 22 23 24 25 26 27 28 29 30 31 32 33 34 35 36 37 38 39 40 41 42 43 44 45 46 47 48 49 50 51 52 53 54 55 56 57 58 59 60 61 62 63 64 65 66 67 68 69 70 71 72 73 74 75 76 77 78 79 80 81 82 83 84 85 86 87 88 89 90 91 92 93 94 95 96 97 98 99 100 101 102 103 104 105 106 107 108 109 110 111 112 113 114 115 116 117 118 119 120 121 122 123 124 125 126 127 128 129 130 131 132 133 134 135 136 137 138 139 140 141 142 143 144 145 146 147 148 149 150 151 152 153 154 155 156 157 158 159 160 161 162 163 164 165 166 167 168 169 170 171 172 173 174 175 176 177 178 179 180 181 182 183 184 185 186 187 188 189 190 191 192 193 194 195 196 197 198 199 200 1 2 3 4 5 6 7 8 9 10 11 12 13 14 15 16 17 18 19 20 21 22 23 24 25 26 27 28 29 30 31 32 33 34 35 36 37 38 39 40 41 42 43 44 45 46 47 48 49 50 51 52 53 54 55 56 57 58 59 60 61 62 63 64 65 66 67 68 69 70 71 72 73 74 75 76 77 78 79 80 81 82 83 84 85 86 87 88 89 90 91 92 93 94 95 96 97 98 99 100 101 102 103 104 105 106 107 108 109 110 111 112 113 114 115 116 117 118 119 120 121 122 123 124 125 126 127 128 129 130 131 132 133 134 135 136 137 138 139 140 141 142 143 144 145 146 147 148 149 150 151 152 153 154 155 156 157 158 159 160 161 162 163 164 165 166 167 168 169 170 171 172 173 174 175 176 177 178 179 180 181 182 183 184 185 186 187 188 189 190 191 192 193 194 195 196 197 198 199 200 1 2 3 4 5 6 7 8 9 10 11 12 13 14 15 16 17 18 19 20 21 22 23 24 25 26 27 28 29 30 31 32 33 34 35 36 37 38 39 40 41 42 43 44 45 46 47 48 49 50 51 52 53 54 55 56 57 58 59 60 61 62 63 64 65 66 67 68 69 70 71 72 73 74 75 76 77 78 79 80 81 82 83 84 85 86 87 88 89 90 91 92 93 94 95 96 97 98 99 100 101 102 103 104 105 106 107 108 109 110 111 112 113 114 115 116 117 118 119 120 121 122 123 124 125 126 127 128 129 130 131 132 133 134 135 136 137 138 139 140 141 142 143 144 145 146 147 148 149 150 151 152 153 154 155 156 157 158 159 160 161 162 163 164 165 166 167 168 169 170 171 172 173 174 175 176 177 178 179 180 181 182 183 184 185 186 187 188 189 190 191 192 193 194 195 196 197 198 199 200 1 2 3 4 5 6 7 8 9 10 11 12 13 14 15 16 17 18 19 20 21 22 23 24 25 26 27 28 29 30 31 32 33 34 35 36 37 38 39 40 41 42 43 44 45 46 47 48 49 50 51 52 53 54 55 56 57 58 59 60 61 62 63 64 65 66 67 68 69 70 71 72 73 74 75 76 77 78 79 80 81 82 83 84 85 86 87 88 89 90 91 92 93 94 95 96 97 98 99 100 101 102 103 104 105 106 107 108 109 110 111 112 113 114 115 116 117 118 119 120 121 122 123 124 125 126 127 128 129 130 131 132 133 134 135 136 137 138 139 140 141 142 143 144 145 146 147 148 149 150 151 152 153 154 155 156 157 158 159 160 161 162 163 164 165 166 167 168 169 170 171 172 173 174 175 176 177 178 179 180 181 182 183 184 185 186 187 188 189 190 191 192 193 194 195 196 197 198 199 200 1 2 3 4 5 6 7 8 9 10 11 12 13 14 15 16 17 18 19 20 21 22 23 24 25 26 27 28 29 30 31 32 33 34 35 36 37 38 39 40 41 42 43 44 45 46 47 48 49 50 51 52 53 54 55 56 57 58 59 60 61 62 63 64 65 66 67 68 69 70 71 72 73 74 75 76 77 78 79 80 81 82 83 84 85 86 87 88 89 90 91 92 93 94 95 96 97 98 99 100 101 102 103 104 105 106 107 108 109 110 111 112 113 114 115 116 117 118 119 120 121 122 123 124 125 126 127 128 129 130 131 132 133 134 135 136 137 138 139 140 141 142 143 144 145 146 147 148 149 150 151 152 153 154 155 156 157 158 159 160 161 162 163 164 165 166 167 168 169 170 171 172 173 174 175 176 177 178 179 180 181 182 183 184 185 186 187 188 189 190 191 192 193 194 195 196 197 198 199 200 1 2 3 4 5 6 7 8 9 10 11 12 13 14 15 16 17 18 19 20 21 22 23 24 25 26 27 28 29 30 31 32 33 34 35 36 37 38 39 40 41 42 43 44 45 46 47 48 49 50 51 52 53 54 55 56 57 58 59 60 61 62 63 64 65 66 67 68 69 70 71 72 73 74 75 76 77 78 79 80 81 82 83 84 85 86 87 88 89 90 91 92 93 94 95 96 97 98 99 100 101 102 103 104 105 106 107 108 109 110 111 112 113 114 115 116 117 118 119 120 121 122 123 124 125 126 127 128 129 130 131 132 133 134 135 136 137 138 139 140 141 142 143 144 145 146 147 148 149 150 151 152 153 154 155 156 157 158 159 160 161 162 163 164 165 166 167 168 169 170 171 172 173 174 175 176 177 178 179 180 181 182 183 184 185 186 187 188 189 190 191 192 193 194 195 196 197 198 199 200 1 2 3 4 5 6 7 8 9 10 11 12 13 14 15 16 17 18 19 20 21 22 23 24 25 26 27 28 29 30 31 32 33 34 35 36 37 38 39 40 41 42 43 44 45 46 47 48 49 50 51 52 53 54 55 56 57 58 59 60 61 62 63 64 65 66 67 68 69 70 71 72 73 74 75 76 77 78 79 80 81 82 83 84 85 86 87 88 89 90 91 92 93 94 95 96 97 98 99 100 101 102 103 104 105 106 107 108 109 110 111 112 113 114 115 116 117 118 119 120 121 122 123 124 125 126 127 128 129 130 131 132 133 134 135 136 137 138 139 140 141 142 143 144 145 146 147 148 149 150 151 152 153 154 155 156 157 158 159 160 161 162 163 164 165 166 167 168 169 170 171 172 173 174 175 176 177 178 179 180 181 182 183 184 185 186 187 188 189 190 191 192 193 194 195 196 197 198 199 200 1 2 3 4 5 6 7 8 9 10 11 12 13 14 15 16 17 18 19 20 21 22 23 24 25 26 27 28 29 30 31 32 33 34 35 36 37 38 39 40 41 42 43 44 45 46 47 48 49 50 51 52 53 54 55 56 57 58 59 60 61 62 63 64 65 66 67 68 69 70 71 72 73 74 75 76 77 78 79 80 81 82 83 84 85 86 87 88 89 90 91 92 93 94 95 96 97 98 99 100 101 102 103 104 105 106 107 108 109 110 111 112 113 114 115 116 117 118 119 120 121 122 123 124 125 126 127 128 129 130 131 132 133 134 135 136 137 138 139 140 141 142 143 144 145 146 147 148 149 150 151 152 153 154 155 156 157 158 159 160 161 162 163 164 165 166 167 168 169 170 171 172 173 174 175 176 177 178 179 180 181 182 183 184 185 186 187 188 189 190 191 192 193 194 195 196 197 198 199 200 1 2 3 4 5 6 7 8 9 10 11 12 13 14 15 16 17 18 19 20 21 22 23 24 25 26 27 28 29 30 31 32 33 34 35 36 37 38 39 40 41 42 43 44 45 46 47 48 49 50 51 52 53 54 55 56 57 58 59 60 61 62 63 64 65 66 67 68 69 70 71 72 73 74 75 76 77 78 79 80 81 82 83 84 85 86 87 88 89 90 91 92 93 94 95 96 97 98 99 100 101 102 103 104 105 106 107 108 109 110 111 112 113 114 115 116 117 118 119 120 121 122 123 124 125 126 127 128 129 130 131 132 133 134 135 136 137 138 139 140 141 142 143 144 145 146 147 148 149 150 151 152 153 154 155 156 157 158 159 160 161 162 163 164 165 166 167 168 169 170 171 172 173 174 175 176 177 178 179 180 181 182 183 184 185 186 187 188 189 190 191 192 193 194 195 196 197 198 199 200 1 2 3 4 5 6 7 8 9 10 11 12 13 14 15 16 17 18 19 20 21 22 23 24 25 26 27 28 29 30 31 32 33 34 35 36 37 38 39 40 41 42 43 44 45 46 47 48 49 50 51 52 53 54 55 56 57 58 59 60 61 62 63 64 65 66 67 68 69 70 71 72 73 74 75 76 77 78 79 80 81 82 83 84 85 86 87 88 89 90 91 92 93 94 95 96 97 98 99 100 101 102 103 104 105 106 107 108 109 110 111 112 113 114 115 116 117 118 119 120 121 122 123 124 125 126 127 128 129 130 131 132 133 134 135 136 137 138 139 140 141 142 143 144 145 146 147 148 149 150 151 152 153 154 155 156 157 158 159 160 161 162 163 164 165 166 167 168 169 170 171 172 173 174 175 176 177 178 179 180 181 182 183 184 185 186 187 188 189 190 191 192 193 194 195 196 197 198 199 200 1 2 3 4 5 6 7 8 9 10 11 12 13 14 15 16 17 18 19 20 21 22 23 24 25 26 27 28 29 30 31 32 33 34 35 36 37 38 39 40 41 42 43 44 45 46 47 48 49 50 51 52 53 54 55 56 57 58 59 60 61 62 63 64 65 66 67 68 69 70 71 72 73 74 75 76 77 78 79 80 81 82 83 84 85 86 87 88 89 90 91 92 93 94 95 96 97 98 99 100 101 102 103 104 105 106 107 108 109 110 111 112 113 114 115 116 117 118 119 120 121 122 123 124 125 126 127 128 129 130 131 132 133 134 135 136 137 138 139 140 141 142 143 144 145 146 147 148 149 150 151 152 153 154 155 156 157 158 159 160 161 162 163 164 165 166 167 168 169 170 171 172 173 174 175 176 177 178 179 180 181 182 183 184 185 186 187 188 189 190 191 192 193 194 195 196 197 198 199 200 1 2 3 4 5 6 7 8 9 10 11 12 13 14 15 16 17 18 19 20 21 22 23 24 25 26 27 28 29 30 31 32 33 34 35 36 37 38 39 40 41 42 43 44 45 46 47 48 49 50 51 52 53 54 55 56 57 58 59 60 61 62 63 64 65 66 67 68 69 70 71 72 73 74 75 76 77 78 79 80 81 82 83 84 85 86 87 88 89 90 91 92 93 94 95 96 97 98 99 100 101 102 103 104 105 106 107 108 109 110 111 112 113 114 115 116 117 118 119 120 121 122 123 124 125 126 127 128 129 130 131 132 133 134 135 136 137 138 139 140 141 142 143 144 145 146 147 148 149 150 151 152 153 154 155 156 157 158 159 160 161 162 163 164 165 166 167 168 169 170 171 172 173 174 175 176 177 178 179 180 181 182 183 184 185 186 187 188 189 190 191 192 193 194 195 196 197 198 199 200 1 2 3 4 5 6 7 8 9 10 11 12 13 14 15 16 17 18 19 20 21 22 23 24 25 26 27 28 29 30 31 32 33 34 35 36 37 38 39 40 41 42 43 44 45 46 47 48 49 50 51 52 53 54 55 56 57 58 59 60 61 62 63 64 65 66 67 68 69 70 71 72 73 74 75 76 77 78 79 80 81 82 83 84 85 86 87 88 89 90 91 92 93 94 95 96 97 98 99 100 101 102 103 104 105 106 107 108 109 110 111 112 113 114 115 116 117 118 119 120 121 122 123 124 125 126 127 128 129 130 131 132 133 134 135 136 137 138 139 140 141 142 143 144 145 146 147 148 149 150 151 152 153 154 155 156 157 158 159 160 161 162 163 164 165 166 167 168 169 170 171 172 173 174 175 176 177 178 179 180 181 182 183 184 185 186 187 188 189 190 191 192 193 194 195 196 197 198 199 200 1 2 3 4 5 6 7 8 9 10 11 12 13 14 15 16 17 18 19 20 21 22 23 24 25 26 27 28 29 30 31 32 33 34 35 36 37 38 39 40 41 42 43 44 45 46 47 48 49 50 51 52 53 54 55 56 57 58 59 60 61 62 63 64 65 66 67 68 69 70 71 72 73 74 75 76 77 78 79 80 81 82 83 84 85 86 87 88 89 90 91 92 93 94 95 96 97 98 99 100 101 102 103 104 105 106 107 108 109 110 111 112 113 114 115 116 117 118 119 120 121 122 123 124 125 126 127 128 129 130 131 132 133 134 135 136 137 138 139 140 141 142 143 144 145 146 147 148 149 150 151 152 153 154 155 156 157 158 159 160 161 162 163 164 165 166 167 168 169 170 171 172 173 174 175 176 177 178 179 180 181 182 183 184 185 186 187 188 189 190 191 192 193 194 195 196 197 198 199 200 1 2 3 4 5 6 7 8 9 10 11 12 13 14 15 16 17 18 19 20 21 22 23 24 25 26 27 28 29 30 31 32 33 34 35 36 37 38 39 40 41 42 43 44 45 46 47 48 49 50 51 52 53 54 55 56 57 58 59 60 61 62 63 64 65 66 67 68 69 
