2525 8639 21950 1500
1 1
1 2
1 3
1 4
1 5
1 6
1 11
1 12
1 13
1 14
1 15
1 16
1 17
1 18
1 19
1 20
1 21
1 22
1 23
1 24
1 25
1 26
1 27
1 28
1 29
1 30
1 31
1 32
1 33
1 34
1 35
1 36
1 37
1 38
1 39
1 40
1 41
1 42
1 43
1 44
1 45
1 46
1 47
1 48
1 49
1 50
1 51
1 52
1 53
1 54
1 55
1 56
1 57
1 58
1 59
1 60
1 61
1 62
1 63
1 64
1 65
1 66
1 67
1 68
1 69
1 70
1 71
1 72
1 73
1 74
1 75
1 76
1 77
1 78
1 79
1 80
1 81
1 82
1 83
1 84
1 85
1 86
1 87
1 88
1 89
1 90
1 91
1 92
1 93
1 94
1 95
1 96
1 97
1 98
1 99
1 100
1 101
1 102
1 103
1 104
1 105
1 106
1 107
1 108
1 109
1 110
1 111
1 112
1 113
1 114
1 115
1 116
1 117
1 118
1 119
1 120
1 121
1 122
1 123
1 124
1 125
1 126
1 127
1 128
1 129
1 130
1 131
1 132
1 133
1 134
1 135
1 136
1 137
1 138
1 139
1 140
1 141
1 142
1 143
1 144
1 145
1 146
1 147
1 148
1 149
1 150
1 151
1 152
1 153
1 154
1 155
1 156
1 157
1 158
1 159
1 160
1 161
1 162
1 163
1 164
1 165
1 166
1 167
1 168
1 169
1 170
1 171
1 172
1 173
1 174
1 175
1 176
1 177
1 178
1 179
1 180
1 181
1 182
1 183
1 184
1 185
1 186
1 187
1 188
1 189
1 190
1 191
1 192
1 193
1 194
1 195
1 196
1 197
1 198
1 199
1 200
1 201
1 202
1 203
1 204
1 205
1 206
1 207
1 208
1 209
1 210
1 211
1 212
1 213
1 214
1 215
1 216
1 217
1 218
1 219
1 220
1 221
1 222
1 223
1 224
1 225
1 226
1 227
1 228
1 229
1 230
1 231
1 232
1 233
1 234
1 235
1 236
1 237
1 238
1 239
1 240
1 241
1 242
1 243
1 244
1 245
1 246
1 247
1 248
1 249
1 250
1 251
1 252
1 253
1 254
1 255
1 256
1 257
1 258
1 259
1 260
1 261
1 262
1 263
1 264
1 265
1 266
1 267
1 268
1 269
1 270
1 271
1 272
1 273
1 274
1 275
1 276
1 277
1 278
1 279
1 280
1 281
1 282
1 283
1 284
1 285
1 287
1 288
1 289
1 290
1 291
1 292
1 293
1 294
1 296
1 297
1 299
1 300
1 301
1 302
1 303
1 304
1 305
1 306
1 307
1 308
1 309
1 310
1 311
1 312
1 313
1 314
1 315
1 316
1 317
1 319
1 320
1 321
1 322
1 323
1 324
1 325
1 326
1 327
1 328
1 329
1 330
1 331
1 332
1 333
1 334
1 335
1 336
1 337
1 338
1 339
1 341
1 342
1 343
1 344
1 345
1 346
1 347
1 348
1 349
1 350
1 351
1 352
1 353
1 354
1 355
1 356
1 357
1 358
1 359
1 360
1 363
1 364
1 366
1 367
1 368
1 369
1 370
1 371
1 372
1 373
1 374
1 377
1 378
1 379
1 385
1 387
1 388
1 389
1 393
1 394
1 395
1 396
1 398
1 399
1 400
1 401
1 408
1 415
1 420
1 455
1 458
1 469
1 472
1 478
1 489
1 511
1 520
1 528
1 529
1 531
1 532
1 533
1 534
1 535
1 536
1 537
1 538
1 539
1 540
1 541
1 542
1 549
1 550
1 564
1 565
1 566
1 567
1 571
1 573
1 576
1 585
1 586
1 645
1 712
1 713
1 714
1 715
1 733
1 773
1 781
1 782
1 784
1 798
1 799
1 801
1 804
1 805
1 806
1 807
1 808
1 809
1 810
1 811
1 812
1 813
1 814
1 815
1 816
1 817
1 818
1 819
1 820
1 821
1 822
1 823
1 824
1 825
1 826
1 827
1 833
1 848
1 867
1 874
1 1004
1 1008
1 1265
1 1269
1 1273
1 1652
1 1653
1 1750
1 1796
1 1802
1 2041
1 2087
1 2092
1 2129
1 2386
1 2387
1 2469
1 2733
1 2847
1 2939
1 3140
1 3189
1 3312
1 3345
1 3391
1 3788
1 3972
1 4025
1 4028
1 4157
1 4163
1 4358
1 4774
1 4775
1 4776
1 4936
1 5435
1 5436
1 6306
1 7598
1 8566
1 8572
1 8574
1 8575
1 8593
1 8605
2 1
2 296
2 297
2 298
3 1
4 1
4 7
4 289
4 290
4 291
4 297
4 299
4 305
4 317
4 318
4 320
4 323
4 331
4 347
4 355
4 373
4 374
4 385
4 398
4 399
4 400
4 406
4 447
4 448
4 449
4 450
4 451
4 452
4 453
4 454
4 1273
5 1
5 5
5 6
5 9
5 15
5 228
5 287
5 288
5 289
5 290
5 291
5 312
5 313
5 315
5 336
5 338
5 339
5 343
5 349
5 377
5 408
5 445
5 468
5 495
5 518
5 519
5 529
5 530
5 531
5 532
5 533
5 534
5 535
5 536
5 537
5 538
5 539
5 540
5 541
5 542
5 543
5 544
5 545
5 549
5 550
5 551
5 552
5 553
5 554
5 555
5 556
5 557
5 558
5 559
5 560
5 561
5 562
5 563
5 569
5 576
5 602
5 603
5 608
5 609
5 612
5 623
5 628
5 646
5 651
5 659
5 660
5 661
5 662
5 663
5 664
5 665
5 666
5 667
5 668
5 669
5 670
5 671
5 672
5 673
5 674
5 675
5 676
5 677
5 678
5 679
5 680
5 681
5 682
5 683
5 684
5 685
5 686
5 687
5 688
5 689
5 690
5 691
5 692
5 693
5 694
5 695
5 696
5 697
5 698
5 699
5 700
5 701
5 702
5 703
5 704
5 705
5 706
5 707
5 708
5 709
5 710
5 711
5 713
5 725
5 737
5 738
5 739
5 740
5 741
5 746
5 747
5 748
5 749
5 750
5 752
5 753
5 754
5 755
5 756
5 757
5 759
5 761
5 762
5 768
5 769
5 770
5 771
5 774
5 776
5 777
5 787
5 803
5 865
5 870
5 871
5 908
5 924
5 933
5 966
5 981
5 985
5 995
5 999
5 1008
5 1025
5 1039
5 1051
5 1104
5 1106
5 1123
5 1185
5 1230
5 1265
5 1273
5 1289
5 1291
5 1441
5 1442
5 1443
5 1444
5 1445
5 1446
5 1447
5 1448
5 1449
5 1450
5 1451
5 1452
5 1458
5 1475
5 1485
5 1491
5 1492
5 1493
5 1501
5 1504
5 1505
5 1580
5 1581
5 1582
5 1583
5 1590
5 1596
5 1597
5 1598
5 1599
5 1600
5 1601
5 1602
5 1603
5 1604
5 1605
5 1622
5 1623
5 1624
5 1625
5 1626
5 1643
5 1644
5 1645
5 1646
5 1660
5 1661
5 1663
5 1664
5 1665
5 1666
5 1667
5 1668
5 1669
5 1670
5 1671
5 1672
5 1673
5 1674
5 1675
5 1676
5 1677
5 1678
5 1679
5 1680
5 1681
5 1682
5 1683
5 1684
5 1685
5 1686
5 1687
5 1688
5 1689
5 1690
5 1691
5 1692
5 1693
5 1694
5 1695
5 1703
5 1704
5 1705
5 1706
5 1707
5 1708
5 1709
5 1710
5 1711
5 1712
5 1716
5 1717
5 1731
5 1732
5 1733
5 1734
5 1738
5 1739
5 1740
5 1756
5 1757
5 1758
5 1759
5 1760
5 1761
5 1762
5 1763
5 1764
5 1765
5 1793
5 1794
5 1795
5 1797
5 1798
5 1799
5 1842
5 2535
5 2565
5 2604
5 2605
5 2606
5 2607
5 2608
5 2613
6 1
6 15
6 289
6 324
6 363
6 455
6 603
6 629
6 783
6 784
6 785
7 1
7 402
8 1
8 4
8 6
8 387
8 395
8 396
8 404
8 405
8 442
8 443
8 444
8 445
9 1
9 2
9 377
9 387
9 395
9 483
9 485
9 1273
10 1
10 2
10 4
10 5
10 6
10 8
10 11
10 13
10 14
10 287
10 288
10 289
10 291
10 292
10 293
10 294
10 296
10 297
10 298
10 300
10 301
10 302
10 303
10 304
10 305
10 306
10 307
10 308
10 309
10 311
10 312
10 313
10 314
10 315
10 316
10 317
10 319
10 321
10 322
10 324
10 325
10 326
10 327
10 328
10 329
10 330
10 332
10 333
10 335
10 337
10 338
10 339
10 341
10 342
10 343
10 345
10 346
10 349
10 351
10 352
10 353
10 354
10 356
10 357
10 358
10 359
10 360
10 361
10 363
10 364
10 367
10 369
10 370
10 371
10 372
10 374
10 376
10 378
10 379
10 380
10 381
10 382
10 385
10 387
10 395
10 396
10 398
10 399
10 400
10 404
10 405
10 406
10 408
10 409
10 415
10 416
10 419
10 420
10 421
10 431
10 432
10 433
10 437
10 438
10 445
10 455
10 456
10 457
10 460
10 465
10 467
10 468
10 469
10 472
10 474
10 477
10 478
10 479
10 480
10 481
10 482
10 486
10 488
10 489
10 490
10 491
10 492
10 493
10 495
10 500
10 506
10 508
10 511
10 513
10 515
10 517
10 518
10 519
10 523
10 527
10 530
10 537
10 538
10 545
10 548
10 549
10 554
10 556
10 558
10 565
10 572
10 573
10 574
10 576
10 577
10 580
10 581
10 582
10 585
10 586
10 589
10 590
10 591
10 592
10 593
10 594
10 595
10 596
10 597
10 598
10 599
10 600
10 601
10 602
10 603
10 604
10 605
10 606
10 607
10 608
10 609
10 610
10 611
10 612
10 613
10 614
10 615
10 617
10 618
10 619
10 620
10 621
10 622
10 623
10 624
10 625
10 626
10 627
10 628
10 629
10 630
10 631
10 632
10 633
10 634
10 635
10 636
10 640
10 647
10 649
10 650
10 651
10 672
10 675
10 676
10 706
10 707
10 713
10 714
10 715
10 717
10 718
10 719
10 720
10 721
10 722
10 724
10 725
10 726
10 727
10 729
10 732
10 733
10 734
10 737
10 738
10 739
10 740
10 741
10 742
10 743
10 744
10 745
10 746
10 747
10 748
10 749
10 750
10 751
10 752
10 753
10 754
10 755
10 756
10 757
10 758
10 759
10 760
10 761
10 762
10 767
10 768
10 769
10 770
10 771
10 776
10 777
10 841
10 1273
10 1802
10 2905
10 4163
10 8575
11 1
12 1
12 308
12 445
13 1
13 6
13 11
13 12
13 13
13 14
13 289
13 291
13 292
13 293
13 294
13 296
13 298
13 300
13 308
13 310
13 311
13 314
13 315
13 317
13 321
13 323
13 328
13 333
13 341
13 342
13 344
13 345
13 346
13 349
13 351
13 353
13 357
13 358
13 359
13 361
13 364
13 369
13 371
13 372
13 374
13 376
13 377
13 379
13 382
13 385
13 400
13 404
13 405
13 406
13 411
13 420
13 422
13 425
13 431
13 442
13 445
13 486
13 488
13 489
13 492
13 495
13 525
13 557
13 558
13 573
13 576
13 580
13 581
13 582
13 583
13 584
13 585
13 588
13 617
13 635
13 658
13 719
13 727
13 729
13 733
13 791
13 801
13 842
13 848
13 850
13 864
13 868
13 880
13 903
13 976
13 1008
13 1088
13 1154
13 1259
13 1265
13 1273
13 1350
13 1440
13 1476
13 1494
13 1582
13 1615
13 1727
13 1754
13 1755
13 2083
13 2440
13 2885
13 3147
13 3260
13 3687
13 3755
13 3756
13 3758
13 7965
14 1
14 311
14 312
14 313
14 377
14 445
14 529
14 531
14 600
14 647
14 716
14 749
14 845
14 846
14 1039
14 1299
14 1476
14 1478
14 2112
14 2113
14 2297
14 3466
14 3619
14 3620
14 3869
14 3870
14 3977
14 3981
14 4237
14 4238
14 4239
14 4409
15 1
16 1
16 2
16 5
16 6
16 9
16 11
16 14
16 15
16 99
16 234
16 287
16 288
16 289
16 290
16 291
16 296
16 297
16 298
16 299
16 302
16 303
16 304
16 305
16 307
16 313
16 315
16 316
16 319
16 321
16 323
16 326
16 328
16 329
16 330
16 337
16 343
16 347
16 349
16 360
16 363
16 375
16 378
16 380
16 381
16 382
16 389
16 390
16 391
16 392
16 395
16 396
16 405
16 408
16 411
16 413
16 418
16 421
16 430
16 433
16 445
16 455
16 456
16 457
16 459
16 461
16 467
16 468
16 471
16 477
16 480
16 483
16 488
16 492
16 496
16 506
16 511
16 523
16 532
16 545
16 547
16 549
16 553
16 554
16 558
16 565
16 577
16 582
16 588
16 589
16 602
16 603
16 615
16 623
16 628
16 632
16 633
16 634
16 637
16 639
16 642
16 643
16 644
16 645
16 651
16 653
16 654
16 655
16 656
16 657
16 672
16 675
16 702
16 704
16 706
16 707
16 709
16 710
16 713
16 715
16 719
16 722
16 733
16 734
16 739
16 742
16 744
16 745
16 760
16 763
16 764
16 765
16 780
16 783
16 784
16 791
16 793
16 796
16 797
16 801
16 803
16 804
16 807
16 835
16 838
16 840
16 842
16 847
16 849
16 855
16 857
16 859
16 860
16 863
16 864
16 866
16 872
16 884
16 885
16 886
16 887
16 888
16 889
16 890
16 891
16 892
16 893
16 894
16 895
16 896
16 897
16 898
16 899
16 900
16 901
16 902
16 903
16 904
16 905
16 906
16 907
16 908
16 909
16 910
16 911
16 912
16 913
16 914
16 915
16 916
16 917
16 918
16 919
16 920
16 921
16 922
16 923
16 924
16 925
16 926
16 927
16 928
16 929
16 930
16 931
16 932
16 933
16 934
16 935
16 936
16 937
16 938
16 939
16 940
16 941
16 942
16 943
16 944
16 945
16 946
16 947
16 948
16 949
16 950
16 951
16 952
16 953
16 954
16 955
16 956
16 957
16 958
16 959
16 960
16 961
16 962
16 963
16 964
16 965
16 966
16 967
16 968
16 969
16 970
16 971
16 972
16 973
16 976
16 977
16 978
16 979
16 980
16 981
16 982
16 983
16 984
16 985
16 986
16 987
16 988
16 989
16 990
16 991
16 992
16 993
16 994
16 995
16 996
16 997
16 998
16 999
16 1000
16 1001
16 1002
16 1003
16 1006
16 1007
16 1008
16 1009
16 1010
16 1011
16 1012
16 1013
16 1014
16 1015
16 1016
16 1017
16 1018
16 1019
16 1020
16 1021
16 1022
16 1023
16 1024
16 1025
16 1026
16 1027
16 1028
16 1029
16 1030
16 1031
16 1032
16 1033
16 1034
16 1035
16 1036
16 1037
16 1038
16 1039
16 1042
16 1043
16 1044
16 1045
16 1050
16 1051
16 1052
16 1054
16 1055
16 1056
16 1057
16 1058
16 1059
16 1060
16 1061
16 1062
16 1065
16 1066
16 1067
16 1069
16 1070
16 1071
16 1072
16 1073
16 1075
16 1076
16 1077
16 1078
16 1079
16 1080
16 1081
16 1082
16 1083
16 1084
16 1089
16 1090
16 1091
16 1092
16 1093
16 1094
16 1095
16 1096
16 1097
16 1098
16 1099
16 1100
16 1101
16 1102
16 1103
16 1104
16 1105
16 1106
16 1107
16 1108
16 1109
16 1110
16 1111
16 1112
16 1113
16 1114
16 1116
16 1117
16 1118
16 1119
16 1120
16 1121
16 1122
16 1123
16 1124
16 1125
16 1126
16 1127
16 1128
16 1129
16 1130
16 1131
16 1132
16 1133
16 1134
16 1135
16 1136
16 1137
16 1138
16 1139
16 1140
16 1141
16 1142
16 1143
16 1144
16 1145
16 1146
16 1147
16 1150
16 1154
16 1155
16 1158
16 1159
16 1160
16 1161
16 1162
16 1163
16 1164
16 1165
16 1166
16 1168
16 1169
16 1170
16 1171
16 1172
16 1174
16 1175
16 1176
16 1177
16 1178
16 1179
16 1180
16 1181
16 1182
16 1183
16 1184
16 1185
16 1186
16 1187
16 1188
16 1189
16 1198
16 1199
16 1200
16 1201
16 1202
16 1203
16 1204
16 1205
16 1206
16 1207
16 1208
16 1209
16 1210
16 1211
16 1212
16 1213
16 1214
16 1215
16 1216
16 1217
16 1218
16 1219
16 1220
16 1221
16 1222
16 1223
16 1224
16 1225
16 1226
16 1227
16 1228
16 1229
16 1230
16 1231
16 1232
16 1233
16 1234
16 1235
16 1236
16 1237
16 1238
16 1239
16 1240
16 1241
16 1242
16 1243
16 1246
16 1247
16 1248
16 1251
16 1252
16 1253
16 1254
16 1263
16 1264
16 1265
16 1266
16 1267
16 1268
16 1269
16 1270
16 1271
16 1272
16 1273
16 1274
16 1277
16 1282
16 1283
16 1284
16 1285
16 1286
16 1290
16 1291
16 1292
16 1293
16 1294
16 1295
16 1296
16 1297
16 1298
16 1299
16 1300
16 1301
16 1302
16 1303
16 1304
16 1305
16 1314
16 1316
16 1317
16 1318
16 1319
16 1320
16 1321
16 1322
16 1323
16 1324
16 1325
16 1326
16 1328
16 1330
16 1331
16 1332
16 1333
16 1336
16 1337
16 1342
16 1344
16 1356
16 1367
16 1370
16 1371
16 1374
16 1375
16 1377
16 1379
16 1380
16 1381
16 1382
16 1384
16 1385
16 1386
16 1387
16 1388
16 1397
16 1398
16 1399
16 1400
16 1401
16 1414
16 1415
16 1417
16 1418
16 1419
16 1420
16 1421
16 1422
16 1425
16 1426
16 1427
16 1429
16 1430
16 1437
16 1438
16 1463
16 1464
16 1465
16 1466
16 1467
16 1468
16 1469
16 1470
16 1471
16 1472
16 1473
16 1480
16 1481
16 1482
16 1483
16 1484
16 1485
16 1486
16 1487
16 1488
16 1489
16 1492
16 1498
16 1600
16 1603
16 1606
16 1607
16 1608
16 1609
16 1610
16 1611
16 1612
16 1613
16 1614
16 1615
16 1616
16 1617
16 1621
16 1623
16 1626
16 1645
16 1647
16 1653
16 1655
16 1656
16 1657
16 1696
16 1697
16 1698
16 1699
16 1700
16 1701
16 1714
16 1727
16 1735
16 1741
16 1742
16 1743
16 1744
16 1745
16 1746
16 1747
16 1748
16 1749
16 1762
16 1766
16 1768
16 1769
16 1770
16 1771
16 1772
16 1773
16 1774
16 1775
16 1776
16 1777
16 1778
16 1779
16 1780
16 1781
16 1782
16 1783
16 1785
16 1786
16 1787
16 1788
16 1789
16 1790
16 1803
16 1804
16 1805
16 1806
16 1807
16 1808
16 1809
16 1810
16 1811
16 1815
16 1816
16 1817
16 1818
16 1819
16 1820
16 1821
16 1822
16 1823
16 1825
16 1828
16 1831
16 1832
16 1833
16 1834
16 1835
16 1836
16 1837
16 1838
16 1839
16 1840
16 1841
16 1843
16 1844
16 1845
16 1846
16 1847
16 1853
16 1860
16 1862
16 1863
16 1864
16 1865
16 1866
16 1867
16 1868
16 1869
16 1870
16 1871
16 1872
16 1873
16 1874
16 1875
16 1876
16 1877
16 1878
16 1879
16 1880
16 1881
16 1882
16 1883
16 1885
16 1886
16 1887
16 1888
16 1889
16 1890
16 1891
16 1892
16 1893
16 1894
16 1895
16 1896
16 1897
16 1898
16 1907
16 1908
16 1911
16 1912
16 1913
16 1914
16 1915
16 1916
16 1917
16 1918
16 1919
16 1920
16 1921
16 1922
16 1923
16 1924
16 1925
16 1926
16 1927
16 1928
16 1929
16 1930
16 1931
16 1932
16 1933
16 1934
16 1935
16 1936
16 1937
16 1938
16 1939
16 1940
16 1941
16 1943
16 1944
16 1945
16 1946
16 1947
16 1948
16 1949
16 1950
16 1951
16 1952
16 1953
16 1954
16 1955
16 1956
16 1957
16 1958
16 1959
16 1960
16 1961
16 1962
16 1963
16 1964
16 1965
16 1970
16 1971
16 1972
16 1973
16 1974
16 1975
16 1976
16 1977
16 1978
16 1979
16 1991
16 1992
16 1993
16 1994
16 1995
16 1997
16 1998
16 1999
16 2000
16 2002
16 2003
16 2004
16 2005
16 2006
16 2007
16 2009
16 2010
16 2011
16 2012
16 2013
16 2014
16 2015
16 2040
16 2050
16 2052
16 2094
16 2095
16 2096
16 2097
16 2100
16 2106
16 2111
16 2115
16 2130
16 2289
16 2291
16 2396
16 2587
16 2896
16 2897
16 3565
16 4914
16 4928
16 7965
17 1
17 2
17 4
17 5
17 6
17 8
17 15
17 18
17 64
17 289
17 290
17 291
17 292
17 294
17 296
17 298
17 299
17 301
17 303
17 305
17 306
17 309
17 310
17 311
17 313
17 314
17 315
17 316
17 317
17 320
17 321
17 322
17 323
17 325
17 326
17 327
17 328
17 329
17 330
17 331
17 333
17 335
17 339
17 342
17 348
17 349
17 355
17 356
17 358
17 360
17 363
17 367
17 373
17 375
17 376
17 377
17 381
17 382
17 385
17 389
17 395
17 396
17 398
17 404
17 405
17 408
17 409
17 410
17 411
17 412
17 414
17 415
17 417
17 418
17 420
17 421
17 422
17 423
17 424
17 425
17 428
17 429
17 430
17 431
17 433
17 434
17 437
17 446
17 447
17 452
17 455
17 456
17 458
17 459
17 461
17 463
17 467
17 468
17 469
17 471
17 474
17 475
17 477
17 480
17 481
17 482
17 483
17 486
17 488
17 489
17 490
17 492
17 495
17 496
17 497
17 498
17 499
17 500
17 501
17 503
17 505
17 506
17 507
17 509
17 510
17 511
17 513
17 514
17 515
17 516
17 517
17 519
17 521
17 525
17 528
17 532
17 533
17 534
17 535
17 536
17 537
17 538
17 539
17 540
17 541
17 542
17 547
17 548
17 550
17 552
17 553
17 554
17 555
17 556
17 560
17 561
17 562
17 563
17 564
17 565
17 566
17 568
17 569
17 571
17 572
17 573
17 577
17 582
17 586
17 588
17 589
17 590
17 599
17 602
17 611
17 613
17 614
17 623
17 628
17 629
17 632
17 633
17 634
17 635
17 638
17 639
17 640
17 641
17 643
17 644
17 645
17 647
17 650
17 653
17 654
17 655
17 656
17 657
17 658
17 659
17 660
17 661
17 662
17 663
17 664
17 665
17 666
17 667
17 668
17 669
17 670
17 672
17 673
17 674
17 675
17 676
17 677
17 678
17 679
17 681
17 682
17 683
17 684
17 685
17 686
17 687
17 688
17 689
17 690
17 691
17 692
17 693
17 694
17 695
17 696
17 697
17 698
17 699
17 700
17 701
17 702
17 703
17 704
17 705
17 706
17 707
17 708
17 709
17 710
17 711
17 712
17 713
17 715
17 716
17 717
17 720
17 721
17 722
17 725
17 733
17 737
17 738
17 739
17 740
17 741
17 744
17 745
17 746
17 747
17 748
17 749
17 750
17 752
17 753
17 754
17 755
17 756
17 757
17 759
17 761
17 762
17 768
17 769
17 770
17 771
17 774
17 775
17 776
17 777
17 779
17 781
17 783
17 787
17 789
17 791
17 793
17 795
17 796
17 797
17 800
17 801
17 803
17 804
17 823
17 832
17 838
17 839
17 840
17 841
17 842
17 843
17 845
17 846
17 848
17 850
17 851
17 856
17 858
17 860
17 862
17 865
17 866
17 868
17 869
17 871
17 872
17 874
17 875
17 876
17 878
17 879
17 880
17 883
17 885
17 886
17 887
17 888
17 890
17 892
17 895
17 896
17 899
17 901
17 903
17 904
17 905
17 908
17 912
17 918
17 919
17 920
17 921
17 924
17 925
17 926
17 930
17 931
17 933
17 935
17 936
17 937
17 939
17 940
17 947
17 950
17 951
17 953
17 955
17 956
17 958
17 964
17 966
17 972
17 974
17 975
17 976
17 979
17 981
17 984
17 986
17 991
17 995
17 998
17 999
17 1000
17 1003
17 1004
17 1008
17 1010
17 1011
17 1014
17 1015
17 1025
17 1029
17 1033
17 1038
17 1039
17 1040
17 1041
17 1042
17 1043
17 1044
17 1045
17 1046
17 1047
17 1048
17 1049
17 1051
17 1053
17 1054
17 1055
17 1056
17 1057
17 1058
17 1059
17 1060
17 1061
17 1062
17 1063
17 1064
17 1065
17 1066
17 1067
17 1068
17 1069
17 1070
17 1071
17 1072
17 1073
17 1074
17 1076
17 1078
17 1079
17 1080
17 1081
17 1082
17 1083
17 1085
17 1087
17 1088
17 1089
17 1095
17 1100
17 1103
17 1104
17 1105
17 1106
17 1112
17 1115
17 1122
17 1123
17 1130
17 1132
17 1134
17 1140
17 1141
17 1147
17 1150
17 1151
17 1152
17 1153
17 1154
17 1156
17 1157
17 1161
17 1162
17 1163
17 1165
17 1167
17 1172
17 1173
17 1176
17 1181
17 1185
17 1186
17 1187
17 1188
17 1190
17 1191
17 1192
17 1193
17 1194
17 1195
17 1196
17 1197
17 1204
17 1212
17 1229
17 1230
17 1231
17 1239
17 1244
17 1246
17 1248
17 1249
17 1250
17 1255
17 1256
17 1257
17 1258
17 1259
17 1260
17 1262
17 1265
17 1273
17 1278
17 1279
17 1280
17 1281
17 1289
17 1290
17 1293
17 1295
17 1305
17 1306
17 1310
17 1311
17 1312
17 1313
17 1314
17 1315
17 1319
17 1323
17 1333
17 1334
17 1335
17 1336
17 1338
17 1339
17 1340
17 1341
17 1343
17 1345
17 1348
17 1349
17 1352
17 1354
17 1356
17 1360
17 1367
17 1373
17 1374
17 1378
17 1383
17 1387
17 1389
17 1390
17 1391
17 1392
17 1393
17 1396
17 1398
17 1399
17 1420
17 1421
17 1423
17 1425
17 1427
17 1429
17 1431
17 1432
17 1436
17 1439
17 1440
17 1458
17 1462
17 1466
17 1467
17 1470
17 1471
17 1473
17 1474
17 1475
17 1481
17 1485
17 1493
17 1494
17 1497
17 1498
17 1501
17 1502
17 1503
17 1504
17 1505
17 1572
17 1573
17 1580
17 1581
17 1582
17 1585
17 1586
17 1587
17 1588
17 1590
17 1595
17 1596
17 1597
17 1598
17 1599
17 1600
17 1601
17 1602
17 1603
17 1605
17 1608
17 1618
17 1621
17 1622
17 1623
17 1624
17 1625
17 1626
17 1627
17 1628
17 1629
17 1630
17 1632
17 1633
17 1640
17 1641
17 1642
17 1643
17 1644
17 1645
17 1648
17 1649
17 1650
17 1651
17 1652
17 1653
17 1654
17 1655
17 1657
17 1659
17 1660
17 1661
17 1662
17 1663
17 1664
17 1665
17 1666
17 1667
17 1699
17 1700
17 1703
17 1705
17 1706
17 1707
17 1708
17 1709
17 1711
17 1712
17 1713
17 1714
17 1715
17 1716
17 1717
17 1718
17 1719
17 1720
17 1721
17 1722
17 1723
17 1724
17 1725
17 1726
17 1727
17 1728
17 1729
17 1730
17 1731
17 1732
17 1734
17 1735
17 1736
17 1737
17 1738
17 1743
17 1744
17 1750
17 1751
17 1752
17 1756
17 1757
17 1758
17 1759
17 1761
17 1762
17 1763
17 1764
17 1765
17 1772
17 1777
17 1782
17 1791
17 1792
17 1793
17 1794
17 1795
17 1797
17 1798
17 1800
17 1801
17 1805
17 1811
17 1812
17 1813
17 1814
17 1819
17 1824
17 1825
17 1826
17 1829
17 1830
17 1846
17 1850
17 1851
17 1852
17 1858
17 1859
17 1861
17 1863
17 1864
17 1866
17 1867
17 1868
17 1869
17 1874
17 1875
17 1876
17 1878
17 1879
17 1886
17 1888
17 1889
17 1890
17 1891
17 1894
17 1896
17 1897
17 1899
17 1901
17 1902
17 1903
17 1904
17 1905
17 1906
17 1909
17 1910
17 1915
17 1916
17 1918
17 1921
17 1923
17 1924
17 1926
17 1928
17 1929
17 1930
17 1934
17 1937
17 1942
17 1946
17 1949
17 1951
17 1953
17 1954
17 1957
17 1958
17 1959
17 1961
17 1962
17 1963
17 1965
17 1967
17 1968
17 1969
17 1970
17 1971
17 1972
17 1973
17 1974
17 1976
17 1982
17 1983
17 1984
17 1986
17 1988
17 1995
17 1996
17 1997
17 2000
17 2001
17 2002
17 2004
17 2005
17 2006
17 2008
17 2014
17 2015
17 2017
17 2018
17 2019
17 2020
17 2021
17 2022
17 2023
17 2024
17 2027
17 2038
17 2039
17 2040
17 2041
17 2045
17 2051
17 2052
17 2064
17 2065
17 2066
17 2067
17 2068
17 2069
17 2070
17 2071
17 2072
17 2073
17 2074
17 2076
17 2083
17 2084
17 2085
17 2086
17 2088
17 2094
17 2095
17 2098
17 2100
17 2108
17 2112
17 2113
17 2114
17 2116
17 2117
17 2118
17 2119
17 2120
17 2121
17 2122
17 2123
17 2124
17 2125
17 2126
17 2127
17 2128
17 2129
17 2131
17 2139
17 2141
17 2145
17 2266
17 2268
17 2274
17 2277
17 2280
17 2290
17 2291
17 2292
17 2293
17 2295
17 2296
17 2297
17 2298
17 2299
17 2305
17 2306
17 2311
17 2312
17 2316
17 2317
17 2318
17 2319
17 2320
17 2321
17 2324
17 2325
17 2326
17 2327
17 2329
17 2331
17 2332
17 2333
17 2334
17 2335
17 2336
17 2337
17 2338
17 2339
17 2340
17 2342
17 2343
17 2344
17 2345
17 2346
17 2348
17 2350
17 2351
17 2352
17 2353
17 2354
17 2355
17 2356
17 2357
17 2360
17 2361
17 2363
17 2364
17 2365
17 2366
17 2367
17 2368
17 2371
17 2373
17 2374
17 2376
17 2379
17 2380
17 2381
17 2382
17 2383
17 2384
17 2385
17 2387
17 2390
17 2391
17 2392
17 2394
17 2396
17 2398
17 2399
17 2401
17 2402
17 2403
17 2404
17 2405
17 2406
17 2407
17 2408
17 2411
17 2412
17 2413
17 2414
17 2417
17 2418
17 2419
17 2422
17 2423
17 2424
17 2425
17 2426
17 2427
17 2428
17 2429
17 2430
17 2431
17 2432
17 2434
17 2435
17 2437
17 2438
17 2439
17 2440
17 2441
17 2445
17 2446
17 2447
17 2448
17 2449
17 2450
17 2451
17 2455
17 2456
17 2457
17 2458
17 2459
17 2464
17 2465
17 2466
17 2467
17 2468
17 2469
17 2474
17 2477
17 2479
17 2480
17 2481
17 2482
17 2483
17 2484
17 2485
17 2486
17 2487
17 2490
17 2491
17 2492
17 2493
17 2495
17 2496
17 2497
17 2503
17 2504
17 2505
17 2506
17 2507
17 2508
17 2509
17 2510
17 2511
17 2512
17 2513
17 2514
17 2515
17 2516
17 2521
17 2525
17 2526
17 2527
17 2531
17 2532
17 2533
17 2534
17 2535
17 2542
17 2544
17 2547
17 2558
17 2559
17 2560
17 2563
17 2565
17 2571
17 2574
17 2577
17 2585
17 2587
17 2590
17 2591
17 2592
17 2593
17 2604
17 2605
17 2606
17 2607
17 2608
17 2613
17 2614
17 2620
17 2628
17 2631
17 2632
17 2633
17 2639
17 2643
17 2648
17 2652
17 2653
17 2654
17 2659
17 2660
17 2661
17 2662
17 2667
17 2671
17 2672
17 2673
17 2675
17 2679
17 2680
17 2681
17 2685
17 2688
17 2691
17 2701
17 2702
17 2704
17 2705
17 2707
17 2708
17 2709
17 2710
17 2719
17 2722
17 2724
17 2725
17 2726
17 2727
17 2728
17 2729
17 2732
17 2733
17 2734
17 2735
17 2737
17 2739
17 2741
17 2749
17 2750
17 2753
17 2756
17 2757
17 2760
17 2761
17 2764
17 2766
17 2767
17 2770
17 2771
17 2774
17 2775
17 2778
17 2779
17 2780
17 2781
17 2782
17 2783
17 2784
17 2785
17 2786
17 2787
17 2788
17 2789
17 2792
17 2793
17 2795
17 2802
17 2803
17 2804
17 2805
17 2809
17 2810
17 2811
17 2812
17 2813
17 2814
17 2815
17 2816
17 2822
17 2823
17 2824
17 2825
17 2830
17 2831
17 2833
17 2834
17 2835
17 2836
17 2837
17 2847
17 2855
17 2865
17 2899
17 2901
17 2903
17 2908
17 2910
17 2911
17 2913
17 2916
17 2920
17 2924
17 2926
17 2927
17 2975
17 2978
17 2989
17 2997
17 3002
17 3003
17 3004
17 3006
17 3010
17 3012
17 3014
17 3017
17 3023
17 3026
17 3034
17 3040
17 3041
17 3042
17 3054
17 3058
17 3062
17 3087
17 3088
17 3089
17 3090
17 3092
17 3093
17 3095
17 3096
17 3097
17 3098
17 3099
17 3100
17 3101
17 3102
17 3103
17 3104
17 3109
17 3112
17 3116
17 3118
17 3119
17 3120
17 3121
17 3122
17 3124
17 3125
17 3126
17 3127
17 3129
17 3134
17 3135
17 3136
17 3137
17 3138
17 3140
17 3141
17 3144
17 3145
17 3146
17 3147
17 3148
17 3169
17 3177
17 3178
17 3179
17 3180
17 3185
17 3186
17 3187
17 3188
17 3189
17 3190
17 3191
17 3218
17 3233
17 3234
17 3235
17 3236
17 3238
17 3239
17 3240
17 3241
17 3242
17 3243
17 3244
17 3245
17 3246
17 3247
17 3249
17 3250
17 3251
17 3253
17 3256
17 3257
17 3259
17 3260
17 3264
17 3268
17 3269
17 3272
17 3273
17 3275
17 3276
17 3277
17 3278
17 3281
17 3282
17 3289
17 3291
17 3297
17 3298
17 3301
17 3302
17 3303
17 3305
17 3309
17 3311
17 3312
17 3313
17 3314
17 3315
17 3318
17 3319
17 3321
17 3325
17 3329
17 3332
17 3333
17 3335
17 3337
17 3338
17 3347
17 3348
17 3349
17 3358
17 3361
17 3363
17 3364
17 3369
17 3370
17 3371
17 3372
17 3373
17 3374
17 3375
17 3376
17 3378
17 3379
17 3381
17 3382
17 3384
17 3388
17 3393
17 3394
17 3398
17 3399
17 3401
17 3402
17 3403
17 3404
17 3405
17 3406
17 3407
17 3408
17 3409
17 3410
17 3411
17 3412
17 3413
17 3414
17 3415
17 3416
17 3417
17 3418
17 3419
17 3420
17 3421
17 3422
17 3423
17 3424
17 3425
17 3426
17 3427
17 3428
17 3429
17 3430
17 3431
17 3432
17 3433
17 3434
17 3435
17 3443
17 3456
17 3457
17 3458
17 3459
17 3460
17 3461
17 3462
17 3463
17 3465
17 3467
17 3468
17 3469
17 3471
17 3472
17 3473
17 3474
17 3475
17 3476
17 3477
17 3479
17 3482
17 3483
17 3485
17 3486
17 3491
17 3493
17 3494
17 3495
17 3498
17 3499
17 3500
17 3501
17 3502
17 3505
17 3506
17 3507
17 3509
17 3511
17 3513
17 3514
17 3517
17 3520
17 3521
17 3522
17 3523
17 3524
17 3525
17 3526
17 3527
17 3529
17 3531
17 3532
17 3533
17 3534
17 3535
17 3536
17 3537
17 3539
17 3540
17 3544
17 3545
17 3549
17 3550
17 3552
17 3553
17 3554
17 3555
17 3556
17 3558
17 3559
17 3560
17 3561
17 3563
17 3565
17 3566
17 3568
17 3571
17 3574
17 3575
17 3576
17 3577
17 3581
17 3582
17 3583
17 3584
17 3586
17 3588
17 3591
17 3592
17 3593
17 3594
17 3595
17 3596
17 3597
17 3598
17 3599
17 3603
17 3604
17 3605
17 3606
17 3607
17 3608
17 3610
17 3611
17 3612
17 3613
17 3615
17 3621
17 3622
17 3624
17 3625
17 3626
17 3627
17 3630
17 3633
17 3634
17 3635
17 3636
17 3638
17 3639
17 3640
17 3641
17 3648
17 3654
17 3655
17 3657
17 3658
17 3659
17 3668
17 3683
17 3717
17 3722
17 3734
17 3762
17 3763
17 3775
17 3786
17 3793
17 3797
17 3799
17 3802
17 3807
17 3808
17 3819
17 3833
17 3848
17 3860
17 3869
17 3976
17 3994
17 3996
17 4013
17 4030
17 4037
17 4167
17 4193
17 4212
17 4239
17 4241
17 4259
17 4286
17 4350
17 4412
17 4450
17 4467
17 4526
17 4562
17 4576
17 4607
17 4626
17 4629
17 4631
17 4633
17 4665
17 4670
17 4692
17 4747
17 4786
17 4839
17 4844
17 4860
17 4861
17 4862
17 4864
17 4868
17 4869
17 4870
17 4871
17 4872
17 4873
17 4874
17 4875
17 4876
17 4877
17 4878
17 4880
17 4885
17 4886
17 4888
17 4890
17 4891
17 4892
17 4893
17 4894
17 4895
17 4896
17 4897
17 4898
17 4899
17 4900
17 4901
17 4902
17 4905
17 4906
17 4907
17 4908
17 4909
17 4911
17 4912
17 4913
17 4914
17 4915
17 4917
17 4918
17 4924
17 4925
17 4926
17 4927
17 4928
17 4929
17 4934
17 4935
17 4936
17 4937
17 4938
17 4939
17 4940
17 4941
17 4942
17 4943
17 4944
17 4946
17 4947
17 4949
17 4951
17 4952
17 4953
17 4960
17 4961
17 4964
17 4970
17 4971
17 4972
17 4976
17 4977
17 4979
17 4980
17 4981
17 4983
17 4984
17 4985
17 4986
17 4990
17 4991
17 4997
17 4999
17 5000
17 5002
17 5003
17 5005
17 5006
17 5008
17 5009
17 5010
17 5011
17 5012
17 5014
17 5016
17 5017
17 5018
17 5019
17 5021
17 5022
17 5031
17 5033
17 5034
17 5036
17 5037
17 5038
17 5040
17 5041
17 5042
17 5044
17 5045
17 5046
17 5047
17 5049
17 5060
17 5066
17 5067
17 5068
17 5073
17 5307
17 7383
18 1
18 5
18 9
18 287
18 288
18 289
18 312
18 343
18 456
18 459
18 519
18 531
18 532
18 534
18 535
18 536
18 538
18 539
18 540
18 541
18 542
18 545
18 554
18 558
18 603
18 713
18 953
18 1004
18 1005
18 1008
18 1039
18 1043
18 1162
18 1231
18 1261
18 1262
18 1272
18 1282
18 1283
18 1284
18 1285
18 1286
18 1287
18 1288
18 1289
18 1290
18 1291
18 1307
18 1308
18 1309
18 1329
18 1351
18 1352
18 1353
18 1354
18 1355
18 1356
18 1357
18 1358
18 1359
18 1360
18 1361
18 1362
18 1363
18 1364
18 1365
18 1366
18 1367
18 1368
18 1369
18 1370
18 1371
18 1372
18 1373
18 1374
18 1375
18 1376
18 1377
18 1402
18 1403
18 1404
18 1405
18 1406
18 1407
18 1408
18 1409
18 1410
18 1411
18 1412
18 1428
18 1433
18 1453
18 1454
18 1455
18 1456
18 1457
18 1458
18 1459
18 1460
18 1461
18 1471
18 1475
18 1476
18 1477
18 1478
18 1479
18 1490
18 1493
18 1494
18 1495
18 1496
18 1499
18 1500
18 1506
18 1507
18 1508
18 1509
18 1510
18 1511
18 1512
18 1513
18 1514
18 1515
18 1516
18 1517
18 1518
18 1519
18 1520
18 1521
18 1522
18 1523
18 1524
18 1525
18 1526
18 1527
18 1528
18 1529
18 1530
18 1531
18 1532
18 1533
18 1534
18 1535
18 1536
18 1537
18 1538
18 1539
18 1540
18 1541
18 1542
18 1543
18 1544
18 1545
18 1546
18 1547
18 1548
18 1549
18 1550
18 1551
18 1552
18 1553
18 1554
18 1555
18 1556
18 1557
18 1558
18 1559
18 1560
18 1561
18 1562
18 1563
18 1564
18 1565
18 1566
18 1567
18 1568
18 1569
18 1570
18 1571
18 1575
18 1576
18 1577
18 1578
18 1591
18 1593
18 1594
18 1600
18 1618
18 1619
18 1620
18 1621
18 1633
18 1634
18 1635
18 1636
18 1637
18 1638
18 1639
18 1641
18 5108
18 7598
19 1
19 2
19 4
19 5
19 6
19 9
19 12
19 13
19 15
19 287
19 288
19 289
19 290
19 294
19 299
19 301
19 304
19 312
19 313
19 320
19 330
19 331
19 332
19 333
19 339
19 341
19 343
19 345
19 351
19 360
19 363
19 367
19 377
19 380
19 396
19 398
19 405
19 406
19 408
19 410
19 450
19 455
19 463
19 467
19 471
19 477
19 480
19 489
19 492
19 495
19 505
19 507
19 510
19 511
19 513
19 514
19 515
19 516
19 517
19 527
19 531
19 532
19 533
19 535
19 536
19 539
19 540
19 541
19 550
19 552
19 554
19 555
19 557
19 558
19 562
19 564
19 565
19 566
19 569
19 571
19 578
19 590
19 591
19 594
19 603
19 605
19 646
19 659
19 660
19 675
19 676
19 677
19 679
19 681
19 703
19 704
19 710
19 715
19 729
19 733
19 742
19 744
19 766
19 773
19 779
19 790
19 796
19 799
19 802
19 804
19 806
19 840
19 842
19 860
19 864
19 866
19 872
19 877
19 883
19 887
19 888
19 891
19 905
19 908
19 912
19 924
19 926
19 931
19 933
19 953
19 961
19 964
19 966
19 973
19 980
19 981
19 982
19 984
19 986
19 988
19 989
19 990
19 991
19 993
19 994
19 996
19 998
19 1000
19 1001
19 1002
19 1004
19 1008
19 1014
19 1025
19 1039
19 1041
19 1042
19 1044
19 1047
19 1050
19 1054
19 1055
19 1057
19 1080
19 1093
19 1094
19 1104
19 1111
19 1123
19 1150
19 1159
19 1161
19 1162
19 1173
19 1193
19 1194
19 1196
19 1204
19 1231
19 1246
19 1250
19 1262
19 1265
19 1273
19 1309
19 1311
19 1329
19 1335
19 1337
19 1345
19 1346
19 1379
19 1383
19 1389
19 1390
19 1398
19 1400
19 1414
19 1423
19 1427
19 1486
19 1488
19 1494
19 1530
19 1586
19 1633
19 1636
19 1644
19 1645
19 1650
19 1651
19 1700
19 1709
19 1725
19 1735
19 1787
19 1791
19 1802
19 1805
19 1830
19 1840
19 1859
19 1863
19 1868
19 1872
19 1878
19 1889
19 1894
19 1899
19 1902
19 1903
19 1905
19 1906
19 1909
19 1921
19 1958
19 1959
19 1965
19 1967
19 2001
19 2041
19 2050
19 2051
19 2074
19 2076
19 2084
19 2272
19 2280
19 2298
19 2345
19 2360
19 2389
19 2391
19 2392
19 2399
19 2401
19 2424
19 2430
19 2481
19 2485
19 2503
19 2510
19 2543
19 2545
19 2547
19 2560
19 2563
19 2585
19 2587
19 2661
19 2667
19 2668
19 2675
19 2679
19 2685
19 2722
19 2724
19 2736
19 2743
19 2756
19 2757
19 2762
19 2764
19 2788
19 2790
19 2791
19 2802
19 2803
19 2805
19 2811
19 2812
19 2814
19 2815
19 2821
19 2824
19 2825
19 2830
19 2831
19 2832
19 2838
19 2845
19 2846
19 2847
19 2848
19 2853
19 2870
19 2871
19 2873
19 2874
19 2881
19 2882
19 2885
19 2891
19 2892
19 2893
19 2894
19 2899
19 2900
19 2903
19 2904
19 2905
19 2906
19 2908
19 2911
19 2914
19 2915
19 2918
19 2921
19 2922
19 2926
19 2957
19 2963
19 2964
19 2965
19 2966
19 2967
19 2971
19 2972
19 2978
19 2979
19 2991
19 2992
19 2993
19 2994
19 2997
19 3002
19 3004
19 3005
19 3007
19 3008
19 3013
19 3015
19 3016
19 3018
19 3019
19 3020
19 3021
19 3022
19 3023
19 3024
19 3030
19 3031
19 3032
19 3034
19 3035
19 3036
19 3037
19 3038
19 3039
19 3040
19 3041
19 3043
19 3044
19 3045
19 3046
19 3047
19 3048
19 3049
19 3050
19 3051
19 3052
19 3053
19 3054
19 3055
19 3056
19 3057
19 3058
19 3059
19 3060
19 3061
19 3062
19 3063
19 3064
19 3065
19 3066
19 3067
19 3068
19 3069
19 3070
19 3071
19 3072
19 3073
19 3074
19 3075
19 3076
19 3077
19 3078
19 3079
19 3080
19 3081
19 3082
19 3083
19 3084
19 3085
19 3086
19 3087
19 3091
19 3092
19 3093
19 3094
19 3095
19 3097
19 3099
19 3100
19 3102
19 3103
19 3105
19 3106
19 3107
19 3109
19 3111
19 3112
19 3113
19 3114
19 3115
19 3116
19 3117
19 3119
19 3120
19 3122
19 3123
19 3124
19 3125
19 3126
19 3129
19 3130
19 3131
19 3132
19 3133
19 3137
19 3139
19 3143
19 3149
19 3168
19 3182
19 3183
19 3192
19 3193
19 3194
19 3195
19 3196
19 3197
19 3198
19 3199
19 3200
19 3201
19 3202
19 3203
19 3204
19 3205
19 3209
19 3211
19 3213
19 3214
19 3217
19 3219
19 3228
19 3237
19 3247
19 3248
19 3251
19 3252
19 3254
19 3260
19 3261
19 3263
19 3267
19 3271
19 3273
19 3274
19 3275
19 3276
19 3277
19 3278
19 3279
19 3283
19 3284
19 3285
19 3286
19 3287
19 3288
19 3291
19 3292
19 3293
19 3294
19 3295
19 3299
19 3300
19 3306
19 3307
19 3308
19 3311
19 3316
19 3319
19 3320
19 3321
19 3322
19 3323
19 3324
19 3326
19 3327
19 3346
19 3349
19 3350
19 3351
19 3352
19 3365
19 3377
19 3378
19 3381
19 3394
19 3400
19 3455
19 3481
19 3660
19 3661
19 3670
19 3671
19 3715
19 3717
19 3722
19 3734
19 3766
19 3771
19 3803
19 3817
19 3820
19 3822
19 3823
19 3830
19 3834
19 3836
19 3843
19 3848
19 3850
19 3855
19 3860
19 3862
19 3871
19 3873
19 3886
19 3910
19 3915
19 3973
19 3996
19 3997
19 3999
19 4285
19 4288
19 4289
19 4290
19 4291
19 4292
19 4928
19 7383
20 1
20 5
20 287
20 289
20 290
20 296
20 305
20 311
20 313
20 325
20 327
20 333
20 347
20 349
20 377
20 380
20 399
20 417
20 421
20 422
20 456
20 478
20 481
20 482
20 492
20 493
20 495
20 509
20 547
20 553
20 582
20 603
20 612
20 613
20 615
20 623
20 631
20 633
20 640
20 651
20 672
20 673
20 702
20 705
20 707
20 727
20 734
20 739
20 742
20 773
20 780
20 781
20 787
20 793
20 835
20 866
20 868
20 875
20 878
20 887
20 891
20 904
20 917
20 922
20 926
20 927
20 928
20 932
20 935
20 937
20 940
20 960
20 1008
20 1010
20 1014
20 1021
20 1022
20 1023
20 1029
20 1034
20 1050
20 1089
20 1097
20 1100
20 1121
20 1122
20 1125
20 1139
20 1162
20 1198
20 1201
20 1203
20 1230
20 1246
20 1254
20 1265
20 1271
20 1309
20 1319
20 1326
20 1353
20 1358
20 1367
20 1371
20 1377
20 1418
20 1467
20 1480
20 1494
20 1498
20 1501
20 1632
20 1648
20 1649
20 1650
20 1657
20 1697
20 1712
20 1735
20 1749
20 1750
20 1754
20 1757
20 1769
20 1771
20 1772
20 1787
20 1789
20 1801
20 1807
20 1811
20 1819
20 1825
20 1840
20 1871
20 1875
20 1896
20 1897
20 1912
20 1917
20 1921
20 1930
20 1979
20 1986
20 1995
20 2040
20 2046
20 2047
20 2048
20 2052
20 2141
20 2299
20 2331
20 2352
20 2373
20 2396
20 2399
20 2401
20 2503
20 2585
20 2587
20 2592
20 2648
20 2675
20 2683
20 2760
20 2764
20 2860
20 2881
20 2892
20 2971
20 2995
20 2996
20 3000
20 3001
20 3003
20 3004
20 3006
20 3009
20 3011
20 3013
20 3027
20 3028
20 3029
20 3088
20 3092
20 3108
20 3116
20 3150
20 3151
20 3152
20 3153
20 3154
20 3155
20 3156
20 3157
20 3158
20 3159
20 3160
20 3161
20 3162
20 3163
20 3164
20 3165
20 3166
20 3167
20 3170
20 3171
20 3172
20 3181
20 3275
20 3276
20 3277
20 3289
20 3298
20 3299
20 3320
20 3325
20 3338
20 3339
20 3340
20 3341
20 3342
20 3343
20 3344
20 3346
20 3347
20 3348
20 3354
20 3355
20 3356
20 3357
20 3363
20 3366
20 3367
20 3368
20 3386
20 3387
20 3389
20 3395
20 3396
20 3397
20 3436
20 3437
20 3438
20 3439
20 3440
20 3441
20 3442
20 3443
20 3444
20 3445
20 3448
20 3449
20 3451
20 3452
20 3453
20 3454
20 3464
20 3470
20 3471
20 3478
20 3480
20 3516
20 3526
20 3633
20 3683
20 3722
20 3723
20 3780
20 3803
20 3808
20 3810
20 3811
21 1
21 2
21 3
21 5
21 12
21 14
21 15
21 61
21 64
21 128
21 287
21 288
21 289
21 290
21 291
21 297
21 299
21 300
21 302
21 307
21 310
21 312
21 315
21 316
21 317
21 321
21 325
21 331
21 347
21 349
21 351
21 352
21 353
21 354
21 355
21 359
21 363
21 367
21 371
21 372
21 374
21 376
21 377
21 378
21 380
21 381
21 382
21 389
21 398
21 405
21 408
21 412
21 414
21 415
21 416
21 417
21 418
21 420
21 424
21 425
21 428
21 429
21 430
21 432
21 434
21 437
21 438
21 450
21 455
21 458
21 461
21 463
21 465
21 468
21 472
21 475
21 478
21 480
21 481
21 492
21 493
21 496
21 497
21 499
21 500
21 501
21 503
21 506
21 509
21 513
21 516
21 518
21 519
21 521
21 523
21 527
21 531
21 532
21 534
21 535
21 536
21 537
21 538
21 539
21 540
21 541
21 542
21 544
21 548
21 549
21 553
21 561
21 565
21 568
21 576
21 577
21 589
21 593
21 595
21 598
21 599
21 602
21 603
21 604
21 613
21 631
21 633
21 634
21 640
21 641
21 643
21 644
21 658
21 674
21 677
21 704
21 705
21 706
21 707
21 708
21 710
21 712
21 717
21 719
21 722
21 729
21 733
21 734
21 742
21 744
21 764
21 765
21 780
21 783
21 791
21 796
21 798
21 804
21 807
21 832
21 835
21 840
21 848
21 850
21 858
21 862
21 868
21 869
21 871
21 883
21 887
21 889
21 892
21 893
21 896
21 897
21 899
21 900
21 902
21 903
21 907
21 908
21 909
21 916
21 918
21 923
21 927
21 928
21 932
21 936
21 937
21 939
21 941
21 942
21 945
21 946
21 947
21 949
21 950
21 952
21 955
21 956
21 960
21 961
21 963
21 964
21 965
21 966
21 975
21 977
21 1004
21 1008
21 1009
21 1012
21 1013
21 1014
21 1017
21 1019
21 1021
21 1023
21 1024
21 1026
21 1028
21 1030
21 1032
21 1035
21 1039
21 1044
21 1049
21 1050
21 1053
21 1058
21 1070
21 1074
21 1080
21 1081
21 1082
21 1086
21 1098
21 1099
21 1100
21 1110
21 1111
21 1112
21 1113
21 1116
21 1118
21 1125
21 1130
21 1132
21 1139
21 1141
21 1144
21 1155
21 1161
21 1162
21 1166
21 1173
21 1174
21 1177
21 1179
21 1181
21 1195
21 1198
21 1199
21 1208
21 1210
21 1213
21 1215
21 1217
21 1219
21 1222
21 1228
21 1229
21 1234
21 1235
21 1236
21 1237
21 1238
21 1239
21 1240
21 1253
21 1254
21 1263
21 1265
21 1271
21 1281
21 1285
21 1306
21 1309
21 1317
21 1319
21 1320
21 1321
21 1322
21 1324
21 1326
21 1329
21 1331
21 1345
21 1350
21 1353
21 1355
21 1358
21 1364
21 1370
21 1374
21 1379
21 1382
21 1399
21 1414
21 1418
21 1420
21 1421
21 1427
21 1429
21 1436
21 1440
21 1452
21 1455
21 1463
21 1467
21 1468
21 1469
21 1470
21 1492
21 1494
21 1504
21 1520
21 1572
21 1573
21 1574
21 1601
21 1623
21 1626
21 1633
21 1639
21 1644
21 1645
21 1651
21 1652
21 1664
21 1699
21 1706
21 1709
21 1714
21 1718
21 1722
21 1724
21 1725
21 1727
21 1734
21 1735
21 1736
21 1742
21 1743
21 1746
21 1749
21 1772
21 1777
21 1786
21 1802
21 1819
21 1825
21 1837
21 1839
21 1844
21 1850
21 1876
21 1884
21 1921
21 1942
21 1950
21 1952
21 1956
21 1958
21 1971
21 1979
21 1986
21 1988
21 1993
21 2013
21 2014
21 2015
21 2023
21 2041
21 2046
21 2116
21 2130
21 2131
21 2290
21 2299
21 2323
21 2331
21 2345
21 2350
21 2353
21 2371
21 2375
21 2392
21 2404
21 2430
21 2449
21 2456
21 2465
21 2476
21 2482
21 2485
21 2491
21 2503
21 2517
21 2520
21 2525
21 2587
21 2607
21 2648
21 2674
21 2675
21 2680
21 2709
21 2719
21 2722
21 2733
21 2734
21 2741
21 2743
21 2756
21 2761
21 2763
21 2764
21 2772
21 2773
21 2802
21 2814
21 2845
21 2847
21 2854
21 2857
21 2862
21 2865
21 2871
21 2880
21 2895
21 2896
21 2900
21 2908
21 2909
21 2914
21 2916
21 2920
21 2961
21 2969
21 2970
21 3005
21 3008
21 3013
21 3016
21 3030
21 3054
21 3072
21 3074
21 3088
21 3092
21 3104
21 3109
21 3110
21 3116
21 3125
21 3126
21 3129
21 3135
21 3137
21 3142
21 3175
21 3176
21 3192
21 3206
21 3207
21 3208
21 3210
21 3212
21 3215
21 3216
21 3218
21 3220
21 3221
21 3222
21 3223
21 3224
21 3225
21 3226
21 3227
21 3229
21 3230
21 3231
21 3255
21 3260
21 3296
21 3301
21 3303
21 3305
21 3314
21 3318
21 3320
21 3321
21 3361
21 3377
21 3378
21 3381
21 3393
21 3394
21 3455
21 3458
21 3477
21 3513
21 3516
21 3540
21 3551
21 3552
21 3556
21 3557
21 3577
21 3601
21 3633
21 3636
21 3667
21 3673
21 3675
21 3681
21 3689
21 3690
21 3712
21 3727
21 3728
21 3729
21 3730
21 3731
21 3739
21 3745
21 3761
21 3774
21 3780
21 3788
21 3789
21 3790
21 3791
21 3792
21 3795
21 3796
21 3801
21 3803
21 3804
21 3805
21 3811
21 3813
21 3817
21 3821
21 3822
21 3825
21 3827
21 3831
21 3832
21 3835
21 3836
21 3848
21 3856
21 3865
21 3866
21 3867
21 3868
21 3873
21 3896
21 3907
21 3909
21 3910
21 3919
21 3946
21 3956
21 3959
21 3976
21 3993
21 4010
21 4017
21 4018
21 4019
21 4034
21 4035
21 4196
21 4294
21 4299
21 4300
21 4304
21 4343
21 4344
21 4375
21 4378
21 4379
21 4380
21 4393
21 4408
21 4411
21 4415
21 4421
21 4424
21 4426
21 4441
21 4442
21 4458
21 4464
21 4467
21 4480
21 4486
21 4492
21 4493
21 4499
21 4502
21 4506
21 4507
21 4508
21 4511
21 4513
21 4514
21 4516
21 4524
21 4529
21 4541
21 4542
21 4547
21 4549
21 4552
21 4556
21 4557
21 4558
21 4559
21 4564
21 4570
21 4571
21 4572
21 4577
21 4581
21 4582
21 4586
21 4587
21 4588
21 4590
21 4605
21 4609
21 4630
21 4676
21 4699
21 4714
21 4715
21 4716
21 4721
21 4729
21 4730
21 4736
21 4741
21 4755
21 4778
21 4780
21 4784
21 4785
21 4786
21 4791
21 4808
21 4830
21 4832
21 4835
21 4839
21 4854
21 4855
21 4867
21 4870
21 4881
21 4882
21 4884
21 4887
21 4896
21 4904
21 4913
21 4914
21 4917
21 4920
21 4921
21 4928
21 4930
21 4932
21 4945
21 4950
21 4958
21 4962
21 4968
21 4969
21 4977
21 4981
21 4988
21 5002
21 5003
21 5004
21 5005
21 5008
21 5010
21 5014
21 5022
21 5045
21 5051
21 5055
21 5058
21 5059
21 5062
21 5086
21 5089
21 5095
21 5096
21 5097
21 5105
21 5106
21 5107
21 5109
21 5163
21 5191
21 5200
21 5201
21 5207
21 5208
21 5228
21 5257
21 5304
21 5307
21 5358
21 5377
21 5378
21 5412
21 5433
21 5434
21 5443
21 5471
21 5472
21 5482
21 5487
21 5490
21 5501
21 5508
21 5537
21 5538
21 5544
21 5552
21 5557
21 5592
21 5595
21 5609
21 5613
21 5618
21 5619
21 5620
21 5648
21 5649
21 5680
21 5689
21 5693
21 5775
21 5781
21 5894
21 5969
21 6024
21 6028
21 6029
21 6059
21 6061
21 6062
21 6071
21 6074
21 6251
21 6252
21 6253
21 6254
21 6255
21 6256
21 6257
21 6258
21 6259
21 6260
21 6363
21 6417
21 7330
21 7335
21 7365
21 7376
21 7380
21 7388
21 7401
21 7512
21 7606
21 7640
21 7660
21 7677
21 7696
21 7706
21 7744
21 7779
21 7799
21 7812
21 7814
21 7861
21 7872
21 7882
21 7883
21 7885
21 7890
21 7897
21 7900
21 8028
21 8062
21 8063
21 8074
21 8080
21 8086
21 8087
21 8122
21 8132
21 8133
21 8134
21 8139
21 8146
21 8148
21 8185
21 8291
21 8302
21 8310
21 8322
21 8325
21 8339
21 8340
21 8341
21 8380
21 8606
21 8630
22 1
22 2
22 5
22 9
22 11
22 18
22 61
22 64
22 128
22 129
22 145
22 183
22 184
22 244
22 278
22 287
22 288
22 289
22 290
22 311
22 313
22 317
22 338
22 339
22 343
22 344
22 349
22 377
22 380
22 388
22 393
22 394
22 445
22 506
22 516
22 541
22 557
22 561
22 576
22 612
22 614
22 629
22 643
22 647
22 653
22 654
22 655
22 656
22 657
22 658
22 713
22 717
22 729
22 791
22 840
22 867
22 875
22 880
22 951
22 1008
22 1020
22 1039
22 1043
22 1061
22 1078
22 1161
22 1162
22 1265
22 1269
22 1271
22 1272
22 1273
22 1274
22 1282
22 1284
22 1285
22 1289
22 1335
22 1399
22 1476
22 1603
22 1613
22 1614
22 1615
22 1616
22 1618
22 1639
22 1653
22 1727
22 1730
22 1735
22 1793
22 1855
22 1868
22 1952
22 2001
22 2011
22 2046
22 2084
22 2087
22 2092
22 2342
22 2345
22 2371
22 2379
22 2401
22 2426
22 2430
22 2434
22 2517
22 2685
22 2699
22 2764
22 2857
22 3012
22 3023
22 3024
22 3140
22 3185
22 3189
22 3190
22 3238
22 3239
22 3240
22 3241
22 3260
22 3277
22 3473
22 3478
22 3514
22 3521
22 3588
22 3610
22 3612
22 3655
22 3740
22 3801
22 3832
22 3836
22 3842
22 3896
22 3904
22 3916
22 3950
22 3956
22 3957
22 3967
22 3972
22 3989
22 4001
22 4002
22 4003
22 4004
22 4005
22 4006
22 4007
22 4008
22 4022
22 4034
22 4035
22 4039
22 4040
22 4041
22 4042
22 4043
22 4044
22 4045
22 4046
22 4047
22 4048
22 4049
22 4050
22 4051
22 4052
22 4053
22 4054
22 4055
22 4056
22 4057
22 4058
22 4059
22 4060
22 4061
22 4062
22 4063
22 4064
22 4065
22 4066
22 4067
22 4068
22 4069
22 4070
22 4071
22 4072
22 4073
22 4074
22 4075
22 4076
22 4077
22 4078
22 4079
22 4080
22 4081
22 4082
22 4083
22 4084
22 4085
22 4086
22 4087
22 4088
22 4089
22 4090
22 4091
22 4092
22 4093
22 4094
22 4095
22 4096
22 4097
22 4098
22 4099
22 4100
22 4101
22 4102
22 4103
22 4104
22 4105
22 4106
22 4107
22 4108
22 4109
22 4110
22 4111
22 4112
22 4113
22 4114
22 4115
22 4116
22 4117
22 4118
22 4119
22 4120
22 4121
22 4122
22 4123
22 4124
22 4125
22 4126
22 4127
22 4128
22 4129
22 4130
22 4131
22 4132
22 4133
22 4134
22 4135
22 4136
22 4137
22 4138
22 4139
22 4140
22 4141
22 4142
22 4143
22 4144
22 4145
22 4146
22 4147
22 4148
22 4149
22 4150
22 4151
22 4152
22 4153
22 4154
22 4155
22 4156
22 4157
22 4158
22 4159
22 4160
22 4161
22 4162
22 4163
22 4164
22 4165
22 4166
22 4167
22 4168
22 4169
22 4170
22 4171
22 4172
22 4173
22 4174
22 4175
22 4176
22 4177
22 4178
22 4179
22 4180
22 4181
22 4182
22 4183
22 4184
22 4185
22 4186
22 4187
22 4188
22 4189
22 4190
22 4197
22 4198
22 4199
22 4200
22 4201
22 4202
22 4203
22 4207
22 4208
22 4209
22 4210
22 4213
22 4214
22 4215
22 4216
22 4217
22 4218
22 4219
22 4220
22 4221
22 4222
22 4223
22 4224
22 4225
22 4226
22 4227
22 4229
22 4230
22 4231
22 4233
22 4234
22 4235
22 4243
22 4244
22 4245
22 4246
22 4247
22 4248
22 4249
22 4250
22 4251
22 4252
22 4253
22 4254
22 4255
22 4256
22 4257
22 4258
22 4261
22 4262
22 4263
22 4264
22 4265
22 4266
22 4267
22 4268
22 4272
22 4273
22 4274
22 4275
22 4276
22 4277
22 4278
22 4279
22 4280
22 4281
22 4282
22 4283
22 4284
22 4287
22 4296
22 4297
22 4298
22 4299
22 4300
22 4303
22 4308
22 4309
22 4310
22 4311
22 4312
22 4313
22 4314
22 4315
22 4316
22 4317
22 4318
22 4319
22 4320
22 4321
22 4322
22 4323
22 4324
22 4325
22 4326
22 4327
22 4328
22 4329
22 4330
22 4331
22 4332
22 4333
22 4334
22 4335
22 4336
22 4337
22 4338
22 4339
22 4340
22 4345
22 4351
22 4352
22 4353
22 4354
22 4355
22 4356
22 4357
22 4358
22 4359
22 4360
22 4361
22 4362
22 4363
22 4364
22 4365
22 4366
22 4367
22 4368
22 4369
22 4370
22 4371
22 4400
22 4428
22 4443
22 4444
22 4445
22 4446
22 4447
22 4448
22 4449
22 4451
22 4486
22 4499
22 4529
22 4547
22 4558
22 4713
22 4803
22 4804
22 4871
22 5014
22 5031
22 5051
22 5064
22 5072
22 5096
22 5103
22 5216
22 5222
22 5224
22 5252
22 5345
22 5454
22 5508
22 5827
22 5828
22 5829
22 5830
22 5831
22 6171
22 6179
22 6180
22 6181
22 6182
22 6183
22 6184
22 6185
22 6186
22 6187
22 6188
22 7364
22 7366
22 7369
22 7750
23 1
23 297
23 299
23 356
23 371
23 460
23 463
23 486
23 623
23 637
23 673
23 707
23 892
23 904
23 905
23 906
23 912
23 922
23 944
23 950
23 951
23 955
23 958
23 979
23 1007
23 1013
23 1015
23 1021
23 1147
23 1202
23 1246
23 1253
23 1343
23 1370
23 1373
23 1436
23 1464
23 1488
23 1782
23 1808
23 1817
23 1841
23 1844
23 2051
23 2272
23 2299
23 2907
23 2908
23 3192
23 3312
23 3377
24 1
24 4
24 5
24 6
24 11
24 13
24 291
24 292
24 296
24 297
24 299
24 302
24 303
24 305
24 308
24 310
24 316
24 319
24 321
24 322
24 324
24 326
24 327
24 329
24 330
24 332
24 333
24 337
24 342
24 345
24 346
24 349
24 351
24 356
24 357
24 358
24 359
24 360
24 361
24 364
24 367
24 369
24 373
24 378
24 382
24 385
24 399
24 404
24 405
24 413
24 437
24 455
24 460
24 463
24 465
24 467
24 471
24 472
24 477
24 480
24 481
24 482
24 486
24 489
24 491
24 492
24 493
24 495
24 496
24 499
24 506
24 507
24 508
24 509
24 510
24 511
24 517
24 518
24 519
24 521
24 523
24 554
24 556
24 588
24 602
24 617
24 623
24 628
24 637
24 641
24 651
24 672
24 673
24 675
24 703
24 707
24 710
24 722
24 733
24 742
24 744
24 745
24 773
24 780
24 781
24 784
24 789
24 791
24 798
24 840
24 842
24 858
24 864
24 866
24 872
24 886
24 887
24 888
24 889
24 891
24 892
24 898
24 902
24 903
24 904
24 905
24 906
24 907
24 908
24 912
24 913
24 917
24 919
24 920
24 921
24 922
24 923
24 924
24 926
24 933
24 934
24 936
24 943
24 944
24 947
24 949
24 950
24 951
24 953
24 955
24 956
24 958
24 959
24 960
24 961
24 965
24 966
24 974
24 979
24 980
24 1009
24 1010
24 1011
24 1012
24 1013
24 1014
24 1015
24 1016
24 1017
24 1020
24 1021
24 1022
24 1023
24 1025
24 1029
24 1030
24 1031
24 1032
24 1033
24 1034
24 1104
24 1121
24 1123
24 1127
24 1139
24 1147
24 1181
24 1199
24 1200
24 1201
24 1202
24 1203
24 1204
24 1240
24 1251
24 1262
24 1326
24 1330
24 1333
24 1343
24 1344
24 1360
24 1361
24 1367
24 1369
24 1370
24 1371
24 1373
24 1376
24 1388
24 1414
24 1418
24 1419
24 1420
24 1421
24 1429
24 1463
24 1464
24 1466
24 1468
24 1469
24 1470
24 1471
24 1481
24 1483
24 1488
24 1492
24 1498
24 1608
24 1618
24 1633
24 1644
24 1645
24 1656
24 1664
24 1700
24 1709
24 1742
24 1744
24 1747
24 1749
24 1759
24 1762
24 1763
24 1768
24 1769
24 1772
24 1774
24 1775
24 1778
24 1780
24 1782
24 1787
24 1788
24 1790
24 1805
24 1806
24 1807
24 1808
24 1811
24 1818
24 1819
24 1823
24 1837
24 1838
24 1841
24 1843
24 1844
24 1846
24 1908
24 1949
24 1959
24 2040
24 2047
24 2048
24 2050
24 2051
24 2063
24 2076
24 2094
24 2095
24 2096
24 2139
24 2141
24 2268
24 2290
24 2291
24 2299
24 2302
24 2306
24 2345
24 2392
24 2399
24 2456
24 2465
24 2476
24 2482
24 2485
24 2486
24 2491
24 2503
24 2510
24 2515
24 2585
24 2612
24 2648
24 2661
24 2685
24 2709
24 2722
24 2761
24 2767
24 2802
24 2814
24 2815
24 2830
24 2847
24 2853
24 2862
24 2871
24 2908
24 2921
24 2924
24 3005
24 3012
24 3013
24 3020
24 3088
24 3090
24 3103
24 3109
24 3116
24 3120
24 3121
24 3129
24 3134
24 3137
24 3192
24 3237
24 3250
24 3276
24 3291
24 3299
24 3300
24 3301
24 3312
24 3314
24 3320
24 3333
24 3377
24 3378
24 3391
24 3394
24 3467
24 3477
24 3498
24 3633
24 3675
24 3817
24 3822
24 3848
24 3858
24 3873
24 3956
24 4032
24 4571
24 4914
24 4928
25 1
26 1
27 1
28 1
28 5797
29 1
29 2
29 5
29 12
29 15
29 100
29 287
29 288
29 289
29 291
29 300
29 313
29 316
29 322
29 338
29 339
29 372
29 376
29 389
29 396
29 398
29 445
29 446
29 495
29 513
29 554
29 558
29 561
29 603
29 615
29 647
29 672
29 702
29 706
29 727
29 729
29 733
29 848
29 850
29 864
29 888
29 920
29 930
29 1008
29 1082
29 1130
29 1154
29 1162
29 1238
29 1263
29 1265
29 1273
29 1274
29 1289
29 1329
29 1345
29 1427
29 1436
29 1476
29 1494
29 1623
29 1633
29 1651
29 1714
29 1727
29 1736
29 1743
29 1831
29 1834
29 1836
29 1844
29 1875
29 1897
29 2001
29 2132
29 2141
29 2290
29 2291
29 2345
29 2437
29 2485
29 2491
29 2648
29 2652
29 2722
29 2733
29 2761
29 2764
29 2906
29 2923
29 3012
29 3140
29 3189
29 3257
29 3363
29 3364
29 3377
29 3492
29 3499
29 3531
29 3648
29 3655
29 3813
29 3815
29 3818
29 3832
29 3836
29 3863
29 3885
29 3910
29 3972
29 3989
29 4041
29 4043
29 4077
29 4127
29 4135
29 4138
29 4147
29 4149
29 4157
29 4179
29 4181
29 4196
29 4339
29 4351
29 4352
29 4353
29 4354
29 4355
29 4356
29 4357
29 4363
29 4387
29 4451
29 4481
29 4524
29 4584
29 4586
29 4618
29 4636
29 4746
29 4755
29 4784
29 4867
29 4879
29 4885
29 4935
29 4936
29 4949
29 4951
29 4988
29 5044
29 5049
29 5143
29 5181
29 5275
29 5299
29 5356
29 5409
29 5421
29 5477
29 5530
29 5595
29 5596
29 5602
29 5612
29 5614
29 5624
29 5657
29 5772
29 5775
29 5814
29 5844
29 5991
29 6004
29 6016
29 6018
29 6090
29 6100
29 6194
29 6195
29 6196
29 6197
29 6198
29 6199
29 6200
29 6201
29 6202
29 6203
29 6204
29 6205
29 6206
29 6207
29 6208
29 6210
29 6211
29 6212
29 6213
29 6214
29 6215
29 6216
29 6217
29 6218
29 6219
29 6220
29 6221
29 6222
29 6223
29 6224
29 6225
29 6226
29 6227
29 6228
29 6229
29 6230
29 6231
29 6232
29 6233
29 6234
29 6235
29 6236
29 6237
29 6238
29 6239
29 6240
29 6241
29 6242
29 6243
29 6244
29 6245
29 6246
29 6249
29 6250
29 6262
29 6263
29 6264
29 6266
29 6267
29 6268
29 6269
29 6270
29 6272
29 6273
29 6274
29 6275
29 6276
29 6277
29 6281
29 6282
29 6287
29 6289
29 6290
29 6293
29 6296
29 6297
29 6305
29 6306
29 6309
29 6313
29 6319
29 6320
29 6328
29 6336
29 6341
29 6357
29 6377
29 6405
29 6406
29 6421
29 6423
29 7331
29 7397
29 7452
29 7471
29 7482
29 7497
29 7498
29 7527
29 7528
29 7529
29 7530
29 7531
29 7532
29 7533
29 7534
29 7535
29 7536
29 7537
29 7538
29 7539
29 7540
29 7541
29 7542
29 7543
29 7544
29 7545
29 7546
29 7547
29 7548
29 7549
29 7550
29 7551
29 7552
29 7553
29 7554
29 7555
29 7556
29 7557
29 7558
29 7559
29 7560
29 7561
29 7562
29 7563
29 7564
29 7565
29 7566
29 7567
29 7568
29 7569
29 7570
29 7571
29 7572
29 7573
29 7574
29 7575
29 7576
29 7577
29 7582
29 7583
29 7584
29 7590
29 7591
29 7592
29 7593
29 7594
29 7599
29 7601
29 7602
29 7603
29 7699
29 7727
29 7734
29 7735
29 7736
29 7737
29 7751
29 7811
29 7873
29 7887
29 7946
29 7947
29 7948
29 7949
29 7950
29 7951
29 7953
29 7959
29 7960
29 7961
29 7962
29 7963
29 7964
29 7965
29 7966
29 7967
29 7968
29 7969
29 7970
29 7971
29 7972
29 7973
29 7974
29 7975
29 7976
29 7977
29 7978
29 7979
29 7980
29 7983
29 7984
29 7985
29 7986
29 7987
29 7988
29 7989
29 7990
29 7991
29 7992
29 7993
29 7994
29 7995
29 7996
29 7997
29 7998
29 7999
29 8000
29 8001
29 8002
29 8005
29 8007
29 8008
29 8009
29 8010
29 8011
29 8012
29 8013
29 8014
29 8015
29 8016
29 8017
29 8018
29 8019
29 8020
29 8021
29 8031
29 8032
29 8036
29 8038
29 8049
29 8050
29 8053
29 8086
29 8087
29 8095
29 8096
29 8097
29 8098
29 8099
29 8100
29 8101
29 8102
29 8103
29 8105
29 8106
29 8107
29 8108
29 8109
29 8110
29 8111
29 8112
29 8113
29 8114
29 8115
29 8116
29 8117
29 8118
29 8120
29 8123
29 8126
29 8127
29 8128
29 8130
29 8136
29 8159
29 8160
29 8161
29 8162
29 8163
29 8164
29 8165
29 8166
29 8167
29 8168
29 8169
29 8170
29 8173
29 8174
29 8175
29 8176
29 8177
29 8178
29 8179
29 8180
29 8181
29 8182
29 8183
29 8184
29 8185
29 8187
29 8188
29 8189
29 8191
29 8193
29 8194
29 8196
29 8210
29 8215
29 8216
29 8217
29 8218
29 8219
29 8220
29 8221
29 8222
29 8223
29 8224
29 8225
29 8226
29 8227
29 8228
29 8229
29 8230
29 8231
29 8232
29 8233
29 8234
29 8235
29 8236
29 8237
29 8238
29 8239
29 8240
29 8241
29 8242
29 8243
29 8244
29 8245
29 8246
29 8247
29 8248
29 8249
29 8250
29 8251
29 8252
29 8253
29 8254
29 8255
29 8256
29 8257
29 8258
29 8259
29 8260
29 8261
29 8262
29 8263
29 8264
29 8265
29 8266
29 8267
29 8268
29 8269
29 8278
29 8280
29 8283
29 8284
29 8287
29 8290
29 8291
29 8295
29 8310
29 8311
29 8312
29 8314
29 8315
29 8322
29 8361
29 8381
29 8384
29 8390
29 8440
29 8441
29 8442
29 8443
29 8444
29 8445
29 8446
29 8447
29 8448
29 8449
29 8450
29 8451
29 8452
29 8453
29 8455
29 8456
29 8457
29 8458
29 8469
29 8470
29 8471
29 8543
29 8557
29 8564
29 8565
29 8566
29 8567
29 8568
29 8569
29 8570
29 8571
29 8572
29 8573
29 8574
29 8575
29 8576
29 8577
29 8578
29 8579
29 8580
29 8581
29 8582
29 8583
29 8584
29 8585
29 8586
29 8587
29 8588
29 8589
29 8590
29 8591
29 8592
29 8593
29 8594
29 8595
30 1
30 6
30 12
30 287
30 288
30 289
30 290
30 296
30 311
30 316
30 376
30 389
30 446
30 561
30 577
30 608
30 615
30 713
30 722
30 789
30 840
30 864
30 885
30 930
30 952
30 1008
30 1041
30 1263
30 1265
30 1273
30 1274
30 1324
30 1329
30 1591
30 1652
30 1700
30 1718
30 1721
30 1727
30 1924
30 1953
30 2003
30 2084
30 2699
30 2733
30 2764
30 2773
30 2870
30 2905
30 3140
30 3189
30 3531
30 3573
30 3624
30 3629
30 3710
30 3801
30 3815
30 3836
30 3863
30 3868
30 3885
30 4065
30 4127
30 4167
30 4293
30 4338
30 4538
30 4896
30 4897
30 5040
30 5356
30 5435
30 5476
30 5530
30 5552
30 5641
30 5679
30 6206
30 6273
30 6281
30 6320
30 6336
30 6341
30 6356
30 6412
30 7330
30 7424
30 7452
30 7468
30 7567
30 7607
30 7653
30 7654
30 7661
30 7756
30 7839
30 7887
30 7896
30 8013
30 8029
30 8080
30 8087
30 8136
30 8185
30 8216
30 8233
30 8285
30 8291
30 8297
30 8310
30 8317
30 8318
30 8319
30 8320
30 8321
30 8322
30 8332
30 8343
30 8344
30 8360
30 8363
30 8364
30 8365
30 8367
30 8368
30 8372
30 8373
30 8381
30 8383
30 8384
30 8386
30 8387
30 8394
30 8395
30 8396
30 8397
30 8398
30 8399
30 8400
30 8401
30 8406
30 8415
30 8417
30 8420
30 8423
30 8439
30 8454
30 8456
30 8461
30 8462
30 8463
30 8464
30 8465
30 8466
30 8467
30 8472
30 8473
30 8474
30 8475
30 8476
30 8477
30 8478
30 8479
30 8480
30 8481
30 8482
30 8483
30 8484
30 8485
30 8486
30 8487
30 8488
30 8489
30 8490
30 8492
30 8493
30 8494
30 8495
30 8496
30 8497
30 8498
30 8499
30 8500
30 8501
30 8502
30 8503
30 8504
30 8505
30 8506
30 8507
30 8508
30 8509
30 8510
30 8512
30 8513
30 8518
30 8519
30 8520
30 8521
30 8522
30 8524
30 8526
30 8527
30 8528
30 8531
30 8533
30 8534
30 8535
30 8536
30 8537
30 8538
30 8539
30 8540
30 8541
30 8542
30 8545
30 8546
30 8547
30 8548
30 8549
30 8550
30 8551
30 8552
30 8553
30 8554
30 8555
30 8556
30 8596
30 8597
30 8599
30 8600
30 8601
30 8602
30 8603
30 8605
30 8607
30 8608
30 8609
30 8610
30 8611
30 8613
30 8615
30 8618
30 8619
30 8622
30 8624
30 8627
30 8628
30 8629
30 8637
31 2
31 6
31 289
31 296
31 297
31 303
31 329
31 337
31 396
31 460
31 515
31 517
31 893
31 894
31 974
31 1044
31 1052
31 1088
31 1322
31 1373
31 1421
31 1603
31 1656
31 2847
31 2853
31 3019
31 3033
32 2
32 5
32 291
32 310
32 316
32 363
32 364
32 367
32 405
32 477
32 480
32 481
32 486
32 508
32 509
32 510
32 519
32 556
32 602
32 707
32 744
32 745
32 781
32 791
32 842
32 864
32 866
32 886
32 892
32 898
32 905
32 908
32 913
32 919
32 921
32 922
32 926
32 936
32 951
32 953
32 958
32 959
32 979
32 980
32 1020
32 1022
32 1025
32 1029
32 1104
32 1121
32 1201
32 1203
32 1388
32 1414
32 1419
32 1466
32 1763
32 1772
32 1775
32 1780
32 1787
32 1790
32 1793
32 1819
32 2050
32 2139
32 2141
33 2
33 296
33 733
33 1203
34 2
34 349
35 2
35 5
35 129
35 287
35 288
35 289
35 296
35 301
35 303
35 311
35 330
35 349
35 351
35 382
35 410
35 471
35 489
35 535
35 547
35 561
35 589
35 647
35 848
35 860
35 865
35 935
35 953
35 1008
35 1265
35 1273
35 1354
35 1421
35 1844
35 1867
35 1875
35 1929
35 2005
35 2141
35 2324
35 2456
35 2497
35 2791
35 3002
35 3126
35 3298
35 3299
35 3322
35 3435
35 3506
35 3568
35 3673
35 3804
35 3832
35 3884
35 4222
35 4223
35 4224
35 4225
35 4226
35 4227
35 4383
35 4523
35 4599
35 4867
35 4928
35 4949
35 5038
35 5089
35 5335
35 5518
35 5772
35 5798
35 5804
35 5915
35 5994
35 6052
35 6194
35 6234
35 6277
35 6284
35 6285
35 6286
35 6287
35 6288
35 6289
35 6290
35 6291
35 6292
35 6293
35 6295
35 6302
35 6306
35 6308
35 6309
35 6318
35 6320
35 6419
35 7330
35 7354
35 7483
35 7567
35 7613
35 7646
35 7662
35 7701
35 7731
35 7732
35 7739
35 7744
35 7747
35 7765
35 7799
35 7805
35 7806
35 8074
35 8182
35 8183
35 8381
35 8491
36 2
37 2
38 2
39 2
39 377
40 2
40 12
40 289
40 293
40 298
40 303
40 308
40 312
40 316
40 319
40 321
40 322
40 338
40 339
40 342
40 345
40 346
40 349
40 351
40 357
40 359
40 360
40 374
40 411
40 437
40 445
40 447
40 449
40 451
40 455
40 460
40 472
40 489
40 492
40 495
40 506
40 511
40 531
40 538
40 558
40 576
40 591
40 594
40 595
40 603
40 604
40 612
40 623
40 650
40 672
40 706
40 729
40 781
40 793
40 858
40 892
40 904
40 916
40 947
40 950
40 955
40 961
40 966
40 979
40 1008
40 1014
40 1022
40 1041
40 1053
40 1057
40 1066
40 1068
40 1069
40 1070
40 1076
40 1078
40 1179
40 1181
40 1195
40 1201
40 1262
40 1265
40 1267
40 1268
40 1271
40 1273
40 1281
40 1298
40 1299
40 1300
40 1306
40 1353
40 1376
40 1390
40 1432
40 1452
40 1462
40 1483
40 1608
40 1615
40 1633
40 1645
40 1656
40 1666
40 1735
40 1736
40 1743
40 1748
40 1805
40 1818
40 1819
40 1837
40 1838
40 1844
40 1908
40 1990
40 2076
40 2095
40 2096
40 2299
40 2399
40 2476
40 2485
40 2491
40 2515
40 2612
40 2661
40 2685
40 2699
40 2722
40 2728
40 2815
40 2925
40 3016
40 3116
40 3121
40 3129
40 3134
40 3206
40 3210
40 3212
40 3230
40 3231
40 3250
40 3260
40 3276
40 3277
40 3321
40 3323
40 3324
40 3381
40 3393
40 3394
40 3455
40 3458
40 3475
40 3612
40 3655
40 3681
40 3745
40 3759
40 3801
40 3804
40 3813
40 3822
40 3825
40 3832
40 3836
40 3873
40 4160
40 4162
40 4164
40 4288
40 4438
40 4467
40 4526
40 4571
40 4844
40 4854
40 4871
40 4917
40 4928
40 5045
40 5059
40 5083
40 5100
40 5202
40 5396
40 5397
40 5399
40 5492
40 6282
40 7598
40 7965
40 8010
40 8011
40 8012
40 8018
41 2
42 2
42 4
42 7
42 12
42 293
42 303
42 304
42 310
42 312
42 319
42 332
42 338
42 339
42 341
42 355
42 356
42 445
42 451
42 454
42 456
42 459
42 469
42 497
42 513
42 531
42 532
42 534
42 535
42 536
42 537
42 538
42 539
42 540
42 541
42 554
42 558
42 573
42 576
42 582
42 590
42 594
42 595
42 599
42 603
42 604
42 605
42 612
42 619
42 713
42 729
42 793
42 916
42 934
42 973
42 1008
42 1016
42 1017
42 1024
42 1032
42 1034
42 1039
42 1044
42 1053
42 1058
42 1068
42 1071
42 1078
42 1088
42 1179
42 1231
42 1268
42 1271
42 1298
42 1353
42 1356
42 1362
42 1371
42 1452
42 1462
42 1486
42 1615
42 1633
42 1700
42 1706
42 1723
42 1748
42 1837
42 1838
42 1872
42 1885
42 1896
42 1949
42 2400
42 2449
42 2476
42 2699
42 2728
42 2733
42 2862
42 3013
42 3019
42 3088
42 3230
42 3250
42 3260
42 3296
42 3297
42 3312
42 3315
42 3322
42 3391
42 3475
42 3636
42 3655
42 3745
42 3832
42 3836
42 3896
42 4259
42 4576
42 4586
42 4799
42 4870
42 4917
42 5010
42 5019
42 5136
42 5164
42 5169
42 5202
42 5206
42 5576
42 5577
42 5582
42 5583
42 5589
42 5595
42 5624
42 5798
42 7358
43 3
43 359
43 4387
43 5962
43 7731
43 7732
43 7739
44 4
44 6
44 864
45 4
45 6
45 1073
45 1884
45 1897
45 1899
45 1900
45 1966
46 4
46 5
46 7
46 11
46 13
46 289
46 291
46 292
46 293
46 296
46 297
46 299
46 304
46 305
46 308
46 310
46 312
46 314
46 315
46 316
46 319
46 320
46 321
46 322
46 323
46 324
46 329
46 330
46 332
46 337
46 342
46 345
46 346
46 349
46 351
46 357
46 358
46 360
46 363
46 364
46 367
46 369
46 371
46 373
46 378
46 379
46 382
46 385
46 396
46 399
46 404
46 405
46 413
46 437
46 449
46 450
46 451
46 453
46 454
46 455
46 460
46 463
46 467
46 471
46 472
46 477
46 480
46 481
46 482
46 486
46 489
46 490
46 491
46 492
46 493
46 495
46 496
46 498
46 499
46 506
46 507
46 508
46 509
46 510
46 511
46 515
46 517
46 518
46 519
46 521
46 523
46 556
46 558
46 560
46 576
46 588
46 590
46 591
46 594
46 595
46 596
46 598
46 599
46 602
46 604
46 605
46 617
46 622
46 623
46 628
46 631
46 637
46 638
46 645
46 651
46 673
46 675
46 703
46 706
46 707
46 710
46 722
46 733
46 742
46 744
46 745
46 773
46 780
46 781
46 784
46 791
46 798
46 805
46 840
46 842
46 858
46 864
46 866
46 872
46 886
46 887
46 888
46 889
46 890
46 892
46 894
46 898
46 902
46 903
46 904
46 905
46 906
46 907
46 908
46 912
46 913
46 916
46 917
46 919
46 920
46 921
46 922
46 923
46 924
46 926
46 934
46 936
46 943
46 944
46 945
46 947
46 950
46 951
46 953
46 955
46 956
46 958
46 959
46 960
46 961
46 966
46 972
46 974
46 980
46 1007
46 1010
46 1011
46 1012
46 1013
46 1014
46 1015
46 1016
46 1017
46 1020
46 1021
46 1022
46 1025
46 1029
46 1030
46 1031
46 1032
46 1034
46 1041
46 1054
46 1055
46 1057
46 1058
46 1065
46 1066
46 1069
46 1070
46 1071
46 1076
46 1104
46 1112
46 1121
46 1123
46 1127
46 1139
46 1154
46 1155
46 1181
46 1195
46 1200
46 1201
46 1202
46 1203
46 1204
46 1231
46 1240
46 1246
46 1254
46 1262
46 1306
46 1326
46 1330
46 1333
46 1343
46 1360
46 1361
46 1362
46 1367
46 1369
46 1370
46 1373
46 1374
46 1375
46 1376
46 1388
46 1414
46 1418
46 1419
46 1420
46 1421
46 1429
46 1432
46 1455
46 1462
46 1463
46 1464
46 1466
46 1467
46 1468
46 1469
46 1470
46 1471
46 1481
46 1483
46 1486
46 1488
46 1494
46 1501
46 1603
46 1608
46 1618
46 1633
46 1644
46 1645
46 1656
46 1664
46 1699
46 1700
46 1718
46 1735
46 1736
46 1742
46 1743
46 1744
46 1747
46 1749
46 1759
46 1762
46 1763
46 1766
46 1769
46 1772
46 1774
46 1775
46 1778
46 1780
46 1787
46 1788
46 1789
46 1790
46 1793
46 1798
46 1804
46 1806
46 1811
46 1818
46 1822
46 1823
46 1837
46 1838
46 1844
46 1846
46 1907
46 1908
46 1954
46 1959
46 1986
46 2040
46 2047
46 2048
46 2050
46 2051
46 2063
46 2094
46 2095
46 2096
46 2116
46 2131
46 2139
46 2141
46 2268
46 2272
46 2273
46 2290
46 2291
46 2299
46 2300
46 2302
46 2306
46 2345
46 2356
46 2371
46 2391
46 2392
46 2394
46 2399
46 2400
46 2401
46 2456
46 2465
46 2476
46 2482
46 2485
46 2486
46 2491
46 2503
46 2509
46 2510
46 2514
46 2515
46 2585
46 2612
46 2648
46 2652
46 2661
46 2674
46 2681
46 2685
46 2709
46 2722
46 2761
46 2767
46 2802
46 2815
46 2847
46 2853
46 2862
46 2871
46 2895
46 2899
46 2908
46 2921
46 3005
46 3012
46 3013
46 3016
46 3018
46 3020
46 3090
46 3092
46 3103
46 3116
46 3120
46 3129
46 3137
46 3192
46 3206
46 3207
46 3208
46 3215
46 3216
46 3223
46 3224
46 3237
46 3255
46 3273
46 3277
46 3279
46 3289
46 3299
46 3300
46 3301
46 3314
46 3320
46 3322
46 3323
46 3326
46 3333
46 3377
46 3378
46 3381
46 3391
46 3393
46 3394
46 3400
46 3455
46 3458
46 3467
46 3471
46 3477
46 3498
46 3499
46 3508
46 3513
46 3514
46 3521
46 3527
46 3529
46 3540
46 3568
46 3596
46 3612
46 3615
46 3629
46 3633
46 3648
46 3675
46 3681
46 3712
46 3713
46 3746
46 3780
46 3798
46 3803
46 3813
46 3817
46 3818
46 3822
46 3848
46 3858
46 3859
46 3873
46 3882
46 3895
46 3956
46 3963
46 3971
46 3978
46 4032
46 4288
46 4344
46 4438
46 4442
46 4464
46 4480
46 4494
46 4502
46 4511
46 4520
46 4541
46 4549
46 4552
46 4571
46 4685
46 4775
46 4854
46 4863
46 4871
46 4912
46 4914
46 4917
46 4928
46 4992
46 4993
46 4994
46 4995
46 5004
46 5005
46 5008
46 5019
46 5034
46 5089
46 5148
46 5231
46 5323
46 5530
46 5537
47 4
47 594
47 599
47 1053
47 1656
47 4666
47 4667
47 4673
47 5634
47 5635
48 4
48 7
48 11
48 291
48 299
48 315
48 319
48 321
48 358
48 367
48 449
48 451
48 453
48 455
48 486
48 560
48 588
48 590
48 591
48 593
48 594
48 596
48 598
48 599
48 604
48 605
48 619
48 622
48 650
48 710
48 733
48 773
48 805
48 864
48 961
48 979
48 980
48 1041
48 1054
48 1055
48 1057
48 1058
48 1065
48 1066
48 1069
48 1070
48 1071
48 1076
48 1195
48 1196
48 1306
48 1362
48 1432
48 1455
48 1481
48 1591
48 1656
48 1664
48 1743
48 1806
48 1909
48 2300
48 2302
48 2391
48 2509
48 2510
48 2515
48 2648
48 2674
48 2722
48 2761
48 2802
48 2895
48 2899
48 2921
48 3036
48 3206
48 3207
48 3208
48 3210
48 3212
48 3215
48 3216
48 3218
48 3220
48 3221
48 3222
48 3223
48 3224
48 3225
48 3226
48 3227
48 3229
48 3230
48 3231
48 3291
48 3323
48 3475
48 3595
48 3713
48 3822
48 3848
48 3858
48 4033
48 4157
48 4288
48 4350
48 4372
48 4373
48 4493
48 4520
48 4551
48 4552
48 4992
48 4993
48 4995
48 5004
48 5201
48 5398
48 5460
48 5517
48 6282
48 7598
48 7965
48 8010
48 8574
49 4
49 4419
50 4
50 315
50 349
50 1706
50 2435
50 3615
50 5044
50 5126
50 5494
51 4
51 986
52 4
52 313
52 1872
52 5590
52 5611
52 5620
52 5622
52 5626
53 4
53 6
53 296
53 303
53 304
53 324
53 332
53 361
53 367
53 373
53 376
53 382
53 398
53 404
53 432
53 450
53 457
53 521
53 628
53 706
53 842
53 850
53 887
53 888
53 892
53 905
53 908
53 913
53 916
53 917
53 934
53 943
53 951
53 1016
53 1031
53 1034
53 1200
53 1265
53 1343
53 1358
53 1436
53 1470
53 1494
53 1574
53 1632
53 1654
53 1657
53 1838
53 1897
53 1959
53 2350
53 2355
53 2465
53 2476
53 2497
53 2761
53 2764
53 2788
53 2862
53 2896
53 3068
53 3117
53 3126
53 3136
53 3237
53 3280
53 3378
53 3458
53 3473
53 3475
53 3499
53 3514
53 3563
53 3565
53 3610
53 3813
53 3815
53 3842
53 4293
53 4341
53 4419
53 4464
53 4520
53 4545
53 4549
53 4551
53 4552
53 4624
53 4719
53 4729
53 4988
53 5047
53 5106
53 5126
53 5160
53 5229
53 5323
53 5479
53 5530
53 5596
53 5611
53 5657
53 5679
53 5962
53 6006
53 6007
53 6019
53 6044
53 6328
53 6381
53 7402
53 7436
53 7457
53 7592
53 7617
53 7618
53 7667
53 7669
53 7699
53 7748
53 7846
53 7886
53 7946
53 7952
53 7953
53 7954
53 7955
53 7956
53 7957
53 7958
53 7959
53 7960
53 7961
53 7962
53 8031
53 8169
53 8191
53 8207
53 8208
53 8277
53 8322
53 8336
53 8474
54 5
54 7
54 8
55 5
55 297
55 311
55 316
55 375
55 376
55 408
55 409
55 410
55 411
55 412
55 413
55 416
55 419
55 420
55 429
55 430
55 431
55 432
55 467
55 473
55 493
55 494
55 508
55 509
55 510
55 511
55 512
55 513
55 514
55 515
55 516
55 522
55 525
55 526
55 527
55 645
55 717
55 742
55 1416
55 1422
55 1579
55 1651
55 2374
55 2680
55 3025
55 3026
55 3677
55 3780
55 3818
55 3911
55 4393
55 4514
55 4832
56 5
57 5
58 5
58 1367
58 1650
58 6297
59 5
59 289
59 349
59 1004
59 1827
59 1828
59 1855
59 1940
59 1981
59 1985
59 1989
59 1990
59 1991
59 2074
59 2075
60 5
60 477
60 1727
60 7598
61 5
61 290
61 309
61 315
61 316
61 369
61 376
61 382
61 405
61 455
61 481
61 492
61 506
61 706
61 722
61 784
61 840
61 892
61 903
61 904
61 908
61 912
61 921
61 924
61 1008
61 1014
61 1015
61 1222
61 1429
61 1586
61 1644
61 1736
61 1844
61 2051
61 2350
61 2352
61 2362
61 2722
61 2724
61 2728
61 2729
61 2900
61 3088
61 3090
61 3091
61 3092
61 3093
61 3094
61 3095
61 3096
61 3097
61 3098
61 3099
61 3100
61 3101
61 3102
61 3103
61 3118
61 3119
61 3128
61 3129
61 3130
61 3134
61 3192
61 3247
61 3249
61 3250
61 3251
61 3253
61 3273
61 3298
61 3318
61 3319
61 3320
61 3321
61 3322
61 3347
61 3348
61 3358
61 3458
61 3477
61 3486
61 3506
61 3513
61 3514
61 3549
61 3550
61 3581
61 3595
61 3596
61 3858
61 3873
61 3910
61 3938
61 3973
61 4475
61 4586
61 5276
61 5657
62 5
63 5
63 291
63 315
63 316
63 329
63 445
63 489
63 492
63 495
63 506
63 517
63 523
63 628
63 784
63 840
63 903
63 1025
63 1033
63 1202
63 1289
63 1388
63 1414
63 1418
63 1420
63 1481
63 1626
63 1645
63 1742
63 1749
63 1806
63 1808
63 1818
63 1841
63 1846
63 2095
63 2139
63 2575
63 2733
63 2844
63 3087
63 3314
63 3377
63 3622
63 3642
63 4272
63 4293
63 4477
63 4492
63 4520
63 4527
63 4549
63 4550
63 4691
63 5005
63 5044
63 5064
63 5222
63 5560
63 5584
63 5799
63 5994
63 6020
63 6211
63 6332
63 6423
63 7330
63 7669
63 7723
63 7898
63 7946
63 8163
63 8207
64 5
64 6
64 297
64 299
64 313
64 315
64 363
64 372
64 373
64 511
64 515
64 519
64 582
64 634
64 744
64 840
64 866
64 888
64 919
64 923
64 924
64 930
64 956
64 1025
64 1265
64 1767
64 1868
64 2648
64 2944
64 3120
64 3121
64 3540
64 3556
64 4914
64 5627
65 5
66 5
67 5
67 303
67 328
67 519
67 744
67 924
67 1959
67 2722
67 3859
67 4802
67 4841
67 4859
67 6282
67 8572
68 5
68 296
68 311
68 322
68 331
68 355
68 429
68 445
68 603
68 632
68 745
68 926
68 957
68 1008
68 1265
68 1959
68 2293
68 2401
68 2485
68 3285
68 3655
68 3906
68 3908
68 3934
68 3950
68 3958
68 3989
68 4014
68 4022
68 4024
69 5
69 3499
70 5
71 5
71 290
71 315
71 363
71 480
71 495
71 513
71 519
71 527
71 675
71 722
71 744
71 848
71 887
71 919
71 955
71 956
71 1309
71 1379
71 1608
71 1706
71 1936
71 1944
71 1949
71 2290
71 3054
71 3349
71 3992
71 3993
71 3994
71 3995
71 3996
71 3997
71 3998
71 3999
72 5
73 5
74 5
74 7
74 13
74 292
74 296
74 305
74 310
74 316
74 319
74 322
74 329
74 330
74 345
74 349
74 357
74 361
74 364
74 367
74 378
74 382
74 399
74 405
74 449
74 451
74 453
74 455
74 460
74 467
74 472
74 480
74 481
74 486
74 492
74 493
74 495
74 506
74 508
74 509
74 510
74 511
74 518
74 519
74 523
74 560
74 576
74 590
74 591
74 594
74 595
74 596
74 598
74 599
74 602
74 604
74 605
74 617
74 619
74 622
74 637
74 703
74 707
74 713
74 722
74 744
74 745
74 773
74 781
74 805
74 842
74 864
74 887
74 888
74 889
74 892
74 898
74 903
74 904
74 906
74 907
74 908
74 913
74 921
74 922
74 923
74 924
74 926
74 933
74 943
74 944
74 953
74 955
74 956
74 958
74 979
74 1010
74 1013
74 1015
74 1016
74 1025
74 1029
74 1030
74 1031
74 1033
74 1034
74 1041
74 1054
74 1055
74 1058
74 1065
74 1066
74 1069
74 1070
74 1071
74 1076
74 1104
74 1123
74 1147
74 1196
74 1200
74 1201
74 1202
74 1203
74 1204
74 1306
74 1326
74 1330
74 1333
74 1418
74 1455
74 1462
74 1464
74 1471
74 1481
74 1483
74 1591
74 1608
74 1645
74 1656
74 1699
74 1743
74 1744
74 1749
74 1762
74 1763
74 1769
74 1782
74 1793
74 1808
74 1818
74 1844
74 1846
74 1959
74 2096
74 2131
74 2141
74 2290
74 2300
74 2345
74 2391
74 2465
74 2485
74 2486
74 2491
74 2509
74 2514
74 2515
74 2648
74 2661
74 2674
74 2722
74 2761
74 2802
74 2815
74 2847
74 2853
74 2871
74 2895
74 2908
74 3005
74 3012
74 3013
74 3020
74 3090
74 3116
74 3129
74 3137
74 3206
74 3207
74 3208
74 3215
74 3216
74 3218
74 3220
74 3231
74 3279
74 3299
74 3300
74 3323
74 3377
74 3378
74 3381
74 3391
74 3400
74 3455
74 3475
74 3477
74 3633
74 3675
74 3713
74 3813
74 3822
74 3848
74 3858
74 3930
74 3956
74 4032
74 4418
74 4464
74 4914
74 4928
74 7965
75 5
76 5
76 341
77 5
77 6
77 289
77 294
77 316
77 367
77 486
77 561
77 608
77 710
77 920
77 930
77 1008
77 1265
77 1269
77 1273
77 1274
77 1452
77 1666
77 2353
77 2415
77 2497
77 2773
77 3129
77 3710
77 4157
77 4163
77 4164
77 4358
77 5076
77 6284
77 6296
77 6297
77 6298
77 6299
77 6300
77 6301
77 6302
77 6303
77 6304
77 6305
77 6306
77 6307
77 6308
77 6309
77 6310
77 6311
77 6312
77 7838
77 8016
78 5
78 289
78 804
78 1388
78 1846
78 3975
79 5
80 5
80 966
81 5
81 8009
82 5
83 5
83 634
83 1421
83 4809
83 5008
84 5
84 11
84 291
84 293
84 296
84 302
84 305
84 308
84 310
84 314
84 324
84 329
84 330
84 357
84 358
84 360
84 364
84 367
84 369
84 371
84 382
84 385
84 405
84 437
84 467
84 477
84 481
84 492
84 495
84 499
84 506
84 510
84 523
84 573
84 602
84 623
84 651
84 675
84 707
84 722
84 744
84 745
84 773
84 784
84 858
84 864
84 866
84 886
84 887
84 888
84 889
84 891
84 898
84 902
84 904
84 905
84 907
84 917
84 919
84 921
84 922
84 923
84 933
84 934
84 936
84 943
84 947
84 951
84 953
84 956
84 958
84 965
84 966
84 974
84 1013
84 1014
84 1016
84 1017
84 1020
84 1021
84 1022
84 1024
84 1025
84 1029
84 1041
84 1104
84 1123
84 1201
84 1202
84 1203
84 1251
84 1344
84 1353
84 1360
84 1367
84 1373
84 1374
84 1376
84 1421
84 1429
84 1463
84 1470
84 1481
84 1483
84 1486
84 1494
84 1501
84 1608
84 1664
84 1700
84 1742
84 1747
84 1763
84 1772
84 1780
84 1793
84 1808
84 1818
84 1837
84 1841
84 2048
84 2095
84 2139
84 2290
84 2291
84 2302
84 2392
84 2456
84 2465
84 2476
84 2510
84 2585
84 2685
84 2814
84 2847
84 2899
84 3005
84 3012
84 3020
84 3092
84 3109
84 3116
84 3129
84 3192
84 3300
84 3314
84 3391
84 3467
84 3498
84 3514
84 3529
84 3540
84 3797
84 3813
84 3817
84 3822
84 3848
84 3873
84 3882
84 4032
84 4464
84 4480
84 4526
84 4541
84 4571
84 4914
84 4917
84 6282
85 5
85 12
85 287
85 293
85 296
85 297
85 304
85 339
85 345
85 357
85 363
85 367
85 447
85 454
85 509
85 511
85 539
85 558
85 576
85 588
85 590
85 598
85 619
85 672
85 703
85 729
85 744
85 745
85 866
85 892
85 904
85 906
85 934
85 944
85 980
85 1008
85 1010
85 1025
85 1055
85 1065
85 1070
85 1127
85 1200
85 1203
85 1429
85 1432
85 1452
85 1476
85 1656
85 1700
85 1718
85 1805
85 2399
85 2456
85 2485
85 2761
85 2802
85 2847
85 3092
85 3320
85 3377
85 3400
85 3675
85 3801
85 3804
85 3836
85 3848
85 4552
85 4870
85 5148
85 5183
85 5184
85 5202
85 5323
85 5426
85 7598
86 5
86 5001
87 5
88 5
89 5
89 5504
90 5
90 600
91 5
91 376
92 5
93 5
93 5504
94 5
94 11
94 287
94 291
94 314
94 322
94 327
94 330
94 342
94 346
94 357
94 359
94 361
94 371
94 373
94 379
94 385
94 399
94 471
94 481
94 492
94 499
94 506
94 508
94 518
94 556
94 617
94 672
94 673
94 703
94 722
94 773
94 784
94 797
94 864
94 866
94 878
94 892
94 898
94 903
94 905
94 906
94 908
94 919
94 980
94 1021
94 1022
94 1104
94 1123
94 1203
94 1204
94 1251
94 1262
94 1333
94 1343
94 1344
94 1366
94 1367
94 1374
94 1463
94 1467
94 1481
94 1483
94 1488
94 1492
94 1618
94 1645
94 1699
94 1718
94 1744
94 1763
94 1790
94 1793
94 1823
94 2095
94 2141
94 2299
94 2399
94 2465
94 2491
94 2648
94 2722
94 2802
94 3020
94 3103
94 3129
94 3137
94 3273
94 3276
94 3291
94 3300
94 3314
94 3381
94 3471
94 3521
94 3633
94 3858
94 3882
94 3956
94 4344
94 4438
94 4552
94 4685
94 4844
94 4871
94 4914
94 5008
94 5323
95 5
95 3675
95 5633
96 5
97 5
97 367
97 486
97 930
97 2353
97 2497
98 5
98 11
98 356
98 495
98 2290
98 2491
98 7374
99 5
99 888
99 6336
100 5
100 1767
100 7874
100 7875
100 7965
101 5
101 6
101 926
101 5530
101 8195
101 8196
101 8197
101 8198
101 8199
101 8200
101 8201
101 8202
101 8203
101 8204
101 8205
101 8206
101 8209
101 8210
101 8211
101 8212
101 8213
101 8214
101 8292
101 8293
102 5
102 376
102 937
102 1383
102 2291
102 3086
102 7437
102 8149
103 5
103 290
103 296
103 306
103 316
103 376
103 458
103 478
103 868
103 1122
103 1132
103 1345
103 2764
103 3358
103 3499
103 3636
103 4293
103 4472
103 4486
103 4729
103 4755
103 4879
103 4892
103 4897
103 5107
103 5121
103 5335
103 5367
103 5381
103 5481
103 5679
103 5775
103 5828
103 5969
103 6084
103 7478
103 7598
103 7745
103 7810
103 7847
104 5
104 289
104 528
104 707
104 889
104 928
104 1025
104 1608
104 2871
104 5047
104 5119
104 5720
104 5897
104 6036
104 6044
104 7437
104 7449
104 8273
104 8274
104 8275
104 8288
104 8294
104 8295
104 8298
104 8299
104 8300
105 5
106 6
106 495
107 6
107 523
107 524
108 6
108 680
108 736
108 783
108 791
108 804
108 842
108 843
108 844
109 6
109 296
109 309
109 387
109 408
109 411
109 647
109 721
109 722
109 728
109 733
109 1273
110 6
111 6
112 6
112 296
112 349
112 775
112 1090
112 1336
112 2628
112 2872
112 5072
113 6
113 313
113 852
113 853
114 6
114 310
114 807
114 860
115 6
116 6
116 313
116 328
116 375
116 408
116 411
116 416
116 421
116 422
116 423
116 429
116 457
116 475
116 555
116 582
116 604
116 647
116 658
116 715
116 719
116 1036
116 1149
116 1161
116 1278
116 1280
116 1315
116 1350
116 1655
116 1942
116 2285
116 2362
116 2373
116 2374
116 2441
116 2475
116 2592
116 2722
116 3249
116 3253
116 3353
116 3362
116 3478
116 3709
116 3805
116 3833
116 3904
116 3961
116 4393
116 4692
116 4780
116 4911
116 5044
116 5052
116 5252
116 5773
116 5801
116 5846
116 5847
116 5848
116 5849
116 5850
116 5851
116 5852
116 5853
116 5854
116 5855
116 5856
116 5857
116 5858
116 5859
116 5860
116 5861
116 5862
116 5863
116 5864
116 5865
116 5866
116 5867
116 5868
116 5869
116 5870
116 5871
116 5872
116 5873
116 6282
117 6
117 1251
118 6
118 289
118 558
118 903
118 1015
118 1427
118 1435
118 1436
118 1464
118 1466
118 1574
118 1753
118 2046
118 2051
118 4464
119 6
119 408
119 1572
119 1573
120 6
120 316
120 367
120 416
120 467
120 675
120 1315
120 1735
120 1736
120 4832
121 6
121 517
121 1227
122 6
122 1986
123 6
123 458
124 6
124 460
124 481
125 6
125 489
125 707
125 930
125 1246
125 1421
125 1651
125 1868
125 2737
125 3831
125 5256
125 5257
126 6
126 2707
126 2708
126 2709
126 3303
126 3336
126 3568
127 6
128 6
128 2865
129 6
129 2791
129 3147
130 6
130 3333
131 6
131 3393
131 3394
132 6
132 3361
132 3363
133 6
133 8041
133 8042
133 8047
133 8051
133 8067
133 8068
133 8069
133 8070
133 8124
133 8125
133 8140
133 8286
133 8356
133 8357
133 8358
133 8359
133 8369
133 8370
133 8376
133 8385
133 8388
133 8389
133 8392
133 8393
133 8402
133 8403
133 8407
133 8408
133 8409
133 8410
133 8411
133 8412
133 8413
133 8414
133 8416
133 8418
133 8419
133 8421
134 6
134 289
134 292
134 294
134 313
134 321
134 376
134 488
134 580
134 582
134 781
134 871
134 885
134 887
134 1139
134 1662
134 1696
134 1698
134 1845
134 1914
134 1915
134 1922
134 1931
134 1934
134 1935
134 1939
134 1945
134 1955
134 1985
134 2007
134 2345
134 2764
134 2895
134 3129
134 3206
134 4160
134 4623
134 5480
134 5484
134 5508
134 5510
134 5969
134 6069
134 6075
134 6095
134 6168
134 6333
134 7331
134 7503
134 7743
134 7815
135 6
136 6
137 6
137 313
137 8338
138 7
138 11
138 449
138 451
138 453
138 465
138 467
138 596
138 598
138 599
138 605
138 619
138 722
138 864
138 936
138 1024
138 1057
138 1058
138 1076
138 1195
138 1432
138 1455
138 1645
138 1700
138 1748
138 1959
138 2514
138 2871
138 2895
138 3090
138 3255
138 3378
138 4928
139 7
139 293
139 314
139 316
139 322
139 323
139 349
139 358
139 360
139 363
139 366
139 369
139 385
139 396
139 449
139 453
139 455
139 486
139 489
139 496
139 499
139 509
139 523
139 556
139 599
139 604
139 605
139 622
139 628
139 650
139 675
139 707
139 710
139 722
139 744
139 789
139 805
139 840
139 842
139 889
139 892
139 898
139 902
139 904
139 912
139 913
139 917
139 919
139 947
139 950
139 951
139 953
139 955
139 965
139 979
139 1015
139 1021
139 1031
139 1034
139 1058
139 1123
139 1127
139 1139
139 1195
139 1202
139 1204
139 1343
139 1367
139 1373
139 1420
139 1429
139 1432
139 1481
139 1618
139 1645
139 1656
139 1709
139 1742
139 1744
139 1759
139 1775
139 1787
139 1790
139 1806
139 1811
139 1823
139 1838
139 1954
139 1986
139 2051
139 2116
139 2131
139 2141
139 2268
139 2290
139 2302
139 2345
139 2401
139 2476
139 2481
139 2485
139 2491
139 2514
139 2661
139 2761
139 2802
139 2814
139 2853
139 2862
139 2921
139 3103
139 3129
139 3137
139 3237
139 3320
139 3377
139 3378
139 3477
139 3612
139 3648
139 3713
139 3758
139 3780
139 3817
139 3848
139 4288
139 4464
139 4480
139 4535
139 4552
139 4587
139 4854
139 4863
139 4917
139 4928
139 5004
139 5019
139 5090
139 7516
139 7593
139 7646
139 7658
139 7662
139 7954
139 7959
140 7
140 314
140 341
140 345
140 379
140 451
140 507
140 591
140 619
140 672
140 793
140 858
140 906
140 921
140 973
140 1015
140 1068
140 1306
140 1618
140 2485
140 2709
140 2814
140 2853
140 3005
140 3013
140 3016
140 3277
140 3300
140 3455
140 4844
141 7
141 13
141 292
141 296
141 297
141 298
141 299
141 302
141 305
141 308
141 315
141 316
141 321
141 323
141 324
141 326
141 329
141 331
141 333
141 337
141 345
141 349
141 351
141 358
141 360
141 363
141 364
141 367
141 369
141 376
141 378
141 380
141 382
141 396
141 404
141 405
141 413
141 423
141 437
141 449
141 451
141 453
141 455
141 460
141 463
141 467
141 472
141 477
141 480
141 482
141 486
141 489
141 490
141 491
141 493
141 495
141 496
141 507
141 509
141 510
141 511
141 515
141 517
141 519
141 521
141 523
141 560
141 565
141 588
141 591
141 593
141 596
141 598
141 602
141 604
141 622
141 623
141 628
141 631
141 638
141 645
141 650
141 675
141 676
141 706
141 707
141 710
141 733
141 742
141 744
141 745
141 780
141 789
141 791
141 793
141 798
141 805
141 840
141 842
141 848
141 858
141 872
141 886
141 887
141 888
141 889
141 891
141 902
141 904
141 907
141 912
141 913
141 917
141 920
141 921
141 922
141 923
141 924
141 926
141 933
141 936
141 943
141 944
141 947
141 949
141 950
141 951
141 953
141 955
141 956
141 958
141 959
141 960
141 961
141 965
141 966
141 972
141 975
141 979
141 1007
141 1009
141 1010
141 1011
141 1012
141 1013
141 1014
141 1015
141 1020
141 1023
141 1025
141 1029
141 1030
141 1033
141 1041
141 1053
141 1054
141 1055
141 1057
141 1061
141 1065
141 1066
141 1069
141 1070
141 1074
141 1076
141 1121
141 1122
141 1127
141 1139
141 1147
141 1181
141 1195
141 1196
141 1199
141 1200
141 1201
141 1202
141 1240
141 1246
141 1253
141 1254
141 1281
141 1306
141 1311
141 1326
141 1330
141 1360
141 1361
141 1369
141 1370
141 1373
141 1375
141 1376
141 1388
141 1390
141 1414
141 1418
141 1419
141 1420
141 1421
141 1427
141 1429
141 1432
141 1436
141 1455
141 1464
141 1466
141 1468
141 1469
141 1470
141 1471
141 1494
141 1498
141 1501
141 1591
141 1603
141 1608
141 1644
141 1651
141 1656
141 1664
141 1700
141 1709
141 1735
141 1736
141 1742
141 1743
141 1747
141 1749
141 1759
141 1762
141 1768
141 1769
141 1772
141 1774
141 1775
141 1778
141 1780
141 1782
141 1786
141 1787
141 1788
141 1798
141 1804
141 1805
141 1806
141 1807
141 1808
141 1811
141 1817
141 1818
141 1819
141 1822
141 1828
141 1841
141 1843
141 1844
141 1846
141 1908
141 1913
141 1959
141 1986
141 2040
141 2047
141 2048
141 2050
141 2051
141 2063
141 2076
141 2094
141 2096
141 2116
141 2131
141 2139
141 2268
141 2272
141 2290
141 2291
141 2300
141 2301
141 2302
141 2303
141 2306
141 2345
141 2371
141 2391
141 2392
141 2401
141 2456
141 2481
141 2482
141 2485
141 2486
141 2503
141 2509
141 2510
141 2514
141 2515
141 2585
141 2612
141 2661
141 2674
141 2680
141 2685
141 2705
141 2709
141 2724
141 2761
141 2767
141 2814
141 2815
141 2830
141 2847
141 2853
141 2871
141 2895
141 2899
141 2908
141 2920
141 2921
141 2924
141 2961
141 3005
141 3012
141 3013
141 3016
141 3018
141 3036
141 3090
141 3092
141 3093
141 3109
141 3116
141 3120
141 3121
141 3192
141 3206
141 3207
141 3208
141 3210
141 3212
141 3215
141 3216
141 3218
141 3220
141 3221
141 3222
141 3223
141 3224
141 3225
141 3226
141 3227
141 3229
141 3231
141 3237
141 3255
141 3277
141 3279
141 3289
141 3299
141 3301
141 3312
141 3320
141 3321
141 3323
141 3324
141 3325
141 3326
141 3333
141 3377
141 3378
141 3393
141 3394
141 3400
141 3455
141 3458
141 3467
141 3475
141 3477
141 3498
141 3499
141 3508
141 3513
141 3514
141 3529
141 3540
141 3557
141 3568
141 3595
141 3596
141 3612
141 3615
141 3629
141 3648
141 3675
141 3677
141 3681
141 3712
141 3713
141 3780
141 3797
141 3798
141 3803
141 3813
141 3817
141 3818
141 3822
141 3825
141 3848
141 3859
141 3873
141 3971
141 4032
141 4288
141 4293
141 4408
141 4411
141 4442
141 4464
141 4467
141 4480
141 4492
141 4502
141 4526
141 4541
141 4549
141 4556
141 4571
141 4584
141 4587
141 4588
141 4684
141 4775
141 4854
141 4863
141 4875
141 4912
141 4913
141 4928
141 4958
141 4992
141 4993
141 4994
141 4995
141 5004
141 5005
141 5010
141 5034
141 5045
141 5047
141 5059
141 5083
141 5089
141 5101
141 5114
141 5128
141 5130
141 5135
141 5137
141 5148
141 5163
141 5201
141 5203
141 5222
141 5224
141 5232
141 5233
141 5234
141 5235
141 5242
141 5243
141 5250
141 5261
141 5262
141 5264
141 5280
141 5281
141 5282
141 5310
141 5312
141 5314
141 5316
141 5359
141 5360
141 5395
141 5397
141 5398
141 5399
141 5408
141 5426
141 5441
141 5460
141 5476
141 5491
141 5492
141 5504
141 5517
141 5530
141 5537
141 5574
141 5575
141 5580
141 5618
141 5779
141 5798
142 9
142 10
143 11
143 291
143 337
143 376
143 398
143 1151
143 1154
143 1246
143 1351
143 1352
143 1654
143 3455
143 3481
143 3488
143 3489
143 3491
143 3492
143 3494
143 3495
143 3496
143 3497
143 3510
143 3511
143 3520
143 3719
143 3721
144 11
145 11
146 11
146 13
146 287
146 292
146 293
146 296
146 298
146 299
146 304
146 305
146 310
146 314
146 315
146 316
146 319
146 322
146 324
146 329
146 330
146 333
146 337
146 342
146 345
146 346
146 357
146 358
146 360
146 363
146 364
146 369
146 373
146 378
146 382
146 385
146 399
146 404
146 405
146 413
146 449
146 451
146 455
146 460
146 463
146 467
146 471
146 480
146 481
146 482
146 486
146 489
146 492
146 493
146 495
146 499
146 506
146 507
146 508
146 509
146 517
146 518
146 519
146 523
146 554
146 598
146 602
146 617
146 622
146 623
146 637
146 675
146 706
146 707
146 710
146 722
146 733
146 742
146 744
146 773
146 780
146 781
146 784
146 793
146 797
146 840
146 842
146 858
146 864
146 866
146 872
146 878
146 886
146 887
146 889
146 891
146 892
146 898
146 903
146 904
146 905
146 906
146 907
146 908
146 912
146 917
146 919
146 920
146 921
146 922
146 923
146 924
146 934
146 936
146 943
146 945
146 947
146 953
146 955
146 956
146 959
146 966
146 972
146 975
146 979
146 980
146 1007
146 1010
146 1013
146 1014
146 1015
146 1016
146 1020
146 1021
146 1022
146 1025
146 1029
146 1030
146 1031
146 1034
146 1055
146 1057
146 1058
146 1065
146 1066
146 1076
146 1104
146 1123
146 1139
146 1147
146 1181
146 1195
146 1196
146 1200
146 1201
146 1204
146 1262
146 1265
146 1306
146 1326
146 1333
146 1353
146 1361
146 1367
146 1369
146 1370
146 1371
146 1375
146 1388
146 1418
146 1419
146 1420
146 1464
146 1469
146 1470
146 1481
146 1591
146 1618
146 1644
146 1645
146 1656
146 1664
146 1699
146 1709
146 1736
146 1744
146 1747
146 1749
146 1768
146 1774
146 1775
146 1778
146 1780
146 1787
146 1811
146 1818
146 1819
146 1823
146 1837
146 1838
146 1844
146 1908
146 1959
146 1986
146 2050
146 2051
146 2063
146 2076
146 2094
146 2096
146 2116
146 2139
146 2141
146 2268
146 2290
146 2300
146 2306
146 2345
146 2371
146 2465
146 2476
146 2485
146 2486
146 2491
146 2503
146 2515
146 2648
146 2674
146 2705
146 2733
146 2761
146 2815
146 2847
146 2853
146 2862
146 2871
146 2895
146 2899
146 2908
146 2921
146 2924
146 3013
146 3018
146 3020
146 3036
146 3092
146 3093
146 3103
146 3109
146 3120
146 3137
146 3206
146 3210
146 3212
146 3215
146 3216
146 3218
146 3220
146 3221
146 3222
146 3223
146 3224
146 3225
146 3226
146 3227
146 3230
146 3231
146 3237
146 3277
146 3301
146 3320
146 3321
146 3323
146 3377
146 3378
146 3394
146 3400
146 3477
146 3498
146 3508
146 3513
146 3514
146 3521
146 3529
146 3540
146 3557
146 3615
146 3629
146 3675
146 3713
146 3798
146 3813
146 3817
146 3822
146 3836
146 3848
146 3858
146 3859
146 3956
146 4032
146 4288
146 4344
146 4464
146 4480
146 4502
146 4526
146 4541
146 4552
146 4611
146 4685
146 4863
146 4913
146 4914
146 4992
146 4993
146 4995
146 5005
146 5008
146 5034
146 5163
146 5201
146 5224
146 5232
146 5261
146 5323
146 5426
147 11
147 5047
147 5308
147 5459
148 11
148 3262
148 4885
149 11
149 335
149 733
149 5053
150 11
150 324
150 349
150 2345
150 5418
150 5419
150 5421
150 5422
150 5424
150 5426
150 5431
150 5432
150 5434
151 11
151 315
151 492
151 712
151 840
151 848
151 930
151 931
151 966
151 1151
151 1177
151 1379
151 1421
151 2350
151 3517
151 3601
151 3749
151 4455
151 4476
151 4484
151 4578
151 5979
151 5981
151 5982
151 6060
151 6063
151 6065
151 6069
151 6075
151 6093
151 6094
151 6095
151 6168
151 6169
151 6178
151 6283
151 6355
151 6356
151 7330
151 7348
151 7349
151 7350
151 7351
151 7352
151 7353
151 7365
151 7589
151 7612
151 7615
151 7627
151 7628
151 7630
151 7661
151 7675
151 7676
151 7694
151 7695
151 7713
151 7719
151 7720
151 7723
151 7741
151 7743
151 7810
151 8301
151 8302
151 8303
151 8304
151 8305
151 8306
151 8307
151 8308
151 8309
152 11
152 316
152 342
152 345
152 351
152 352
152 357
152 369
152 781
152 1253
152 1354
152 1427
152 1641
152 2015
152 2268
152 2908
152 3299
152 3508
152 4424
152 4425
152 5089
152 5335
152 5381
152 5493
152 7786
152 7790
152 7791
152 7792
152 7793
152 7794
152 7795
152 7799
152 7808
152 7809
153 12
154 12
154 558
154 705
154 727
154 1020
154 1030
154 1259
154 1265
154 1320
154 1488
154 2083
154 2440
154 2885
154 2924
154 3581
154 3624
154 3745
154 3905
154 3997
154 5779
154 6168
154 6250
154 6282
154 7598
154 7649
154 7846
155 12
156 13
157 13
157 342
157 345
157 349
158 13
158 313
158 314
158 332
158 333
158 337
158 342
158 349
158 359
158 364
158 379
158 781
158 1399
158 1735
158 2452
158 2847
158 2853
158 3013
158 3218
158 3300
158 4459
158 4481
158 4678
158 4680
158 4681
158 4685
158 4687
158 4688
158 4746
158 5046
159 15
160 15
160 289
160 332
160 2764
160 3173
160 3174
160 3175
160 3176
160 3299
161 15
161 289
161 544
161 1050
161 2587
161 2675
161 5447
161 5448
161 5456
161 5457
162 15
162 289
162 624
162 626
162 723
162 726
162 772
162 829
162 1270
162 1381
162 1437
162 1479
162 1490
162 1507
162 1508
162 1509
162 1511
162 1512
162 1513
162 1519
162 1521
162 1523
162 1524
162 1527
162 1531
162 1533
162 1534
162 1535
162 1537
162 1539
162 1541
162 1542
162 1545
162 1547
162 1551
162 1552
162 1553
162 1554
162 1558
162 1560
162 1561
162 1562
162 1564
162 1565
162 1566
162 1567
162 1570
162 1571
162 1576
162 1853
162 1892
162 1911
162 1943
162 2034
162 2037
162 2042
162 2044
162 2054
162 2057
162 2060
162 2077
162 2103
162 2147
162 2148
162 2149
162 2151
162 2155
162 2157
162 2159
162 2161
162 2164
162 2165
162 2167
162 2170
162 2171
162 2180
162 2190
162 2196
162 2199
162 2200
162 2202
162 2206
162 2208
162 2212
162 2213
162 2215
162 2216
162 2218
162 2219
162 2223
162 2224
162 2227
162 2228
162 2229
162 2231
162 2233
162 2239
162 2241
162 2244
162 2247
162 2256
162 2257
162 2261
162 2262
162 2265
162 2269
162 2278
162 2281
162 2315
162 2354
162 2370
162 2377
162 2395
162 2409
162 2421
162 2442
162 2461
162 2471
162 2473
162 2478
162 2524
162 2529
162 2539
162 2548
162 2549
162 2551
162 2553
162 2554
162 2562
162 2572
162 2573
162 2581
162 2583
162 2586
162 2588
162 2589
162 2594
162 2597
162 2599
162 2602
162 2610
162 2611
162 2618
162 2619
162 2623
162 2625
162 2627
162 2630
162 2635
162 2636
162 2637
162 2642
162 2646
162 2649
162 2650
162 2658
162 2664
162 2665
162 2670
162 2677
162 2678
162 2682
162 2686
162 2689
162 2690
162 2692
162 2693
162 2703
162 2710
162 2715
162 2723
162 2742
162 2744
162 2747
162 2748
162 2755
162 2758
162 2759
162 2764
162 2765
162 2769
162 2797
162 2800
162 2818
162 2819
162 2826
162 2828
162 2849
162 2850
162 2858
162 2866
162 2867
162 2868
162 2876
162 2878
162 2879
162 2887
162 2888
162 2930
162 2931
162 2933
162 2935
162 2937
162 2945
162 2950
162 2952
162 2959
162 2968
162 2980
162 2982
162 2984
162 2985
162 2986
162 2988
162 2995
162 2996
162 2998
162 2999
162 3000
162 3027
162 3029
162 3047
162 3048
162 3049
162 3050
162 3069
162 3114
162 3151
162 3152
162 3159
162 3170
162 3286
162 3339
162 3343
162 3436
162 3437
162 3438
162 3441
162 3442
162 3464
162 3761
162 3855
162 4640
162 4663
162 4664
162 5369
162 5874
162 5885
162 6220
162 6242
162 6279
162 6425
162 6426
162 6427
162 6428
162 6429
162 6430
162 6431
162 6432
162 6433
162 6434
162 6435
162 6436
162 6437
162 6438
162 6439
162 6440
162 6441
162 6442
162 6443
162 6444
162 6445
162 6446
162 6447
162 6448
162 6449
162 6450
162 6451
162 6452
162 6453
162 6454
162 6455
162 6456
162 6457
162 6458
162 6459
162 6460
162 6461
162 6462
162 6463
162 6464
162 6465
162 6466
162 6467
162 6468
162 6469
162 6470
162 6471
162 6472
162 6473
162 6474
162 6475
162 6476
162 6477
162 6478
162 6479
162 6480
162 6481
162 6482
162 6483
162 6484
162 6485
162 6486
162 6487
162 6488
162 6489
162 6490
162 6491
162 6492
162 6493
162 6494
162 6495
162 6496
162 6497
162 6498
162 6499
162 6500
162 6501
162 6502
162 6503
162 6504
162 6505
162 6506
162 6507
162 6508
162 6509
162 6510
162 6511
162 6512
162 6513
162 6514
162 6515
162 6516
162 6517
162 6518
162 6519
162 6520
162 6521
162 6522
162 6523
162 6524
162 6525
162 6526
162 6527
162 6528
162 6529
162 6530
162 6531
162 6532
162 6533
162 6534
162 6535
162 6536
162 6537
162 6538
162 6539
162 6540
162 6541
162 6542
162 6543
162 6544
162 6545
162 6546
162 6547
162 6548
162 6549
162 6550
162 6551
162 6552
162 6553
162 6554
162 6555
162 6556
162 6557
162 6558
162 6559
162 6560
162 6561
162 6562
162 6563
162 6564
162 6565
162 6566
162 6567
162 6568
162 6569
162 6570
162 6571
162 6572
162 6573
162 6574
162 6575
162 6576
162 6577
162 6578
162 6579
162 6580
162 6581
162 6582
162 6583
162 6584
162 6585
162 6586
162 6587
162 6588
162 6589
162 6590
162 6591
162 6592
162 6593
162 6594
162 6595
162 6596
162 6597
162 6598
162 6599
162 6600
162 6601
162 6602
162 6603
162 6604
162 6605
162 6606
162 6607
162 6608
162 6609
162 6610
162 6611
162 6612
162 6613
162 6614
162 6615
162 6616
162 6617
162 6618
162 6619
162 6620
162 6621
162 6622
162 6623
162 6624
162 6625
162 6626
162 6627
162 6628
162 6629
162 6630
162 6631
162 6632
162 6633
162 6634
162 6635
162 6636
162 6637
162 6638
162 6639
162 6640
162 6641
162 6642
162 6643
162 6644
162 6645
162 6646
162 6647
162 6648
162 6649
162 6650
162 6651
162 6652
162 6653
162 6654
162 6655
162 6656
162 6657
162 6658
162 6659
162 6660
162 6661
162 6662
162 6663
162 6664
162 6665
162 6666
162 6667
162 6668
162 6669
162 6670
162 6671
162 6672
162 6673
162 6674
162 6675
162 6676
162 6677
162 6678
162 6679
162 6680
162 6681
162 6682
162 6683
162 6684
162 6685
162 6686
162 6687
162 6688
162 6689
162 6690
162 6691
162 6692
162 6693
162 6694
162 6695
162 6696
162 6697
162 6698
162 6699
162 6700
162 6701
162 6702
162 6703
162 6704
162 6705
162 6706
162 6707
162 6708
162 6709
162 6710
162 6711
162 6712
162 6713
162 6714
162 6715
162 6716
162 6717
162 6718
162 6719
162 6720
162 6721
162 6722
162 6723
162 6724
162 6725
162 6726
162 6727
162 6728
162 6729
162 6730
162 6731
162 6732
162 6733
162 6734
162 6735
162 6736
162 6737
162 6738
162 6739
162 6740
162 6741
162 6742
162 6743
162 6744
162 6745
162 6746
162 6747
162 6748
162 6749
162 6750
162 6751
162 6752
162 6753
162 6754
162 6755
162 6756
162 6757
162 6758
162 6759
162 6760
162 6761
162 6762
162 6763
162 6764
162 6765
162 6766
162 6767
162 6768
162 6769
162 6770
162 6771
162 6772
162 6773
162 6774
162 6775
162 6776
162 6777
162 6778
162 6779
162 6780
162 6781
162 6782
162 6783
162 6784
162 6785
162 6786
162 6787
162 6788
162 6789
162 6790
162 6791
162 6792
162 6793
162 6794
162 6795
162 6796
162 6797
162 6798
162 6799
162 6800
162 6801
162 6802
162 6803
162 6804
162 6805
162 6806
162 6807
162 6808
162 6809
162 6810
162 6811
162 6812
162 6813
162 6814
162 6815
162 6816
162 6817
162 6818
162 6819
162 6820
162 6821
162 6822
162 6823
162 6824
162 6825
162 6826
162 6827
162 6828
162 6829
162 6830
162 6831
162 6832
162 6833
162 6834
162 6835
162 6836
162 6837
162 6838
162 6839
162 6840
162 6841
162 6842
162 6843
162 6844
162 6845
162 6846
162 6847
162 6848
162 6849
162 6850
162 6851
162 6852
162 6853
162 6854
162 6855
162 6856
162 6857
162 6858
162 6859
162 6860
162 6861
162 6862
162 6863
162 6864
162 6865
162 6866
162 6867
162 6868
162 6869
162 6870
162 6871
162 6872
162 6873
162 6874
162 6875
162 6876
162 6877
162 6878
162 6879
162 6880
162 6881
162 6882
162 6883
162 6884
162 6885
162 6886
162 6887
162 6888
162 6889
162 6890
162 6891
162 6892
162 6893
162 6894
162 6895
162 6896
162 6897
162 6898
162 6899
162 6900
162 6901
162 6902
162 6903
162 6904
162 6905
162 6906
162 6907
162 6908
162 6909
162 6910
162 6911
162 6912
162 6913
162 6914
162 6915
162 6916
162 6917
162 6918
162 6919
162 6920
162 6921
162 6922
162 6923
162 6924
162 6925
162 6926
162 6927
162 6928
162 6929
162 6930
162 6931
162 6932
162 6933
162 6934
162 6935
162 6936
162 6937
162 6938
162 6939
162 6940
162 6941
162 6942
162 6943
162 6944
162 6945
162 6946
162 6947
162 6948
162 6949
162 6950
162 6951
162 6952
162 6953
162 6954
162 6955
162 6956
162 6957
162 6958
162 6959
162 6960
162 6961
162 6962
162 6963
162 6964
162 6965
162 6966
162 6967
162 6968
162 6969
162 6970
162 6971
162 6972
162 6973
162 6974
162 6975
162 6976
162 6977
162 6978
162 6979
162 6980
162 6981
162 6982
162 6983
162 6984
162 6985
162 6986
162 6987
162 6988
162 6989
162 6990
162 6991
162 6992
162 6993
162 6994
162 6995
162 6996
162 6997
162 6998
162 6999
162 7000
162 7001
162 7002
162 7003
162 7004
162 7005
162 7006
162 7007
162 7008
162 7009
162 7010
162 7011
162 7012
162 7013
162 7014
162 7015
162 7016
162 7017
162 7018
162 7019
162 7020
162 7021
162 7022
162 7023
162 7024
162 7025
162 7026
162 7027
162 7028
162 7029
162 7030
162 7031
162 7032
162 7033
162 7034
162 7035
162 7036
162 7037
162 7038
162 7039
162 7040
162 7041
162 7042
162 7043
162 7044
162 7045
162 7046
162 7047
162 7048
162 7049
162 7050
162 7051
162 7052
162 7053
162 7054
162 7055
162 7056
162 7057
162 7058
162 7059
162 7060
162 7061
162 7062
162 7063
162 7064
162 7065
162 7066
162 7067
162 7068
162 7069
162 7070
162 7071
162 7072
162 7073
162 7074
162 7075
162 7076
162 7077
162 7078
162 7079
162 7080
162 7081
162 7082
162 7083
162 7084
162 7085
162 7086
162 7087
162 7088
162 7089
162 7090
162 7091
162 7092
162 7093
162 7094
162 7095
162 7096
162 7097
162 7098
162 7099
162 7100
162 7101
162 7102
162 7103
162 7104
162 7105
162 7106
162 7107
162 7108
162 7109
162 7110
162 7111
162 7112
162 7113
162 7114
162 7115
162 7116
162 7117
162 7118
162 7119
162 7120
162 7121
162 7122
162 7123
162 7124
162 7125
162 7126
162 7127
162 7128
162 7129
162 7130
162 7131
162 7132
162 7133
162 7134
162 7135
162 7136
162 7137
162 7138
162 7139
162 7140
162 7141
162 7142
162 7143
162 7144
162 7145
162 7146
162 7147
162 7148
162 7149
162 7150
162 7151
162 7152
162 7153
162 7154
162 7155
162 7156
162 7157
162 7158
162 7159
162 7160
162 7161
162 7162
162 7163
162 7164
162 7165
162 7166
162 7167
162 7168
162 7169
162 7170
162 7171
162 7172
162 7173
162 7174
162 7175
162 7176
162 7177
162 7178
162 7179
162 7180
162 7181
162 7182
162 7183
162 7184
162 7185
162 7186
162 7187
162 7188
162 7189
162 7190
162 7191
162 7192
162 7193
162 7194
162 7195
162 7196
162 7197
162 7198
162 7199
162 7200
162 7201
162 7202
162 7203
162 7204
162 7205
162 7206
162 7207
162 7208
162 7209
162 7210
162 7211
162 7212
162 7213
162 7214
162 7215
162 7216
162 7217
162 7218
162 7219
162 7220
162 7221
162 7222
162 7223
162 7224
162 7225
162 7226
162 7227
162 7228
162 7229
162 7230
162 7231
162 7232
162 7233
162 7234
162 7235
162 7236
162 7237
162 7238
162 7239
162 7240
162 7241
162 7242
162 7243
162 7244
162 7245
162 7246
162 7247
162 7248
162 7249
162 7250
162 7251
162 7252
162 7253
162 7254
162 7255
162 7256
162 7257
162 7258
162 7259
162 7260
162 7261
162 7262
162 7263
162 7264
162 7265
162 7266
162 7267
162 7268
162 7269
162 7270
162 7271
162 7272
162 7273
162 7274
162 7275
162 7276
162 7277
162 7278
162 7279
162 7280
162 7281
162 7282
162 7283
162 7284
162 7285
162 7286
162 7287
162 7288
162 7289
162 7290
162 7291
162 7292
162 7293
162 7294
162 7295
162 7296
162 7297
162 7298
162 7299
162 7300
162 7301
162 7302
162 7303
162 7304
162 7305
162 7306
162 7307
162 7308
162 7309
162 7310
162 7311
162 7312
162 7313
162 7314
162 7315
162 7316
162 7317
162 7318
162 7319
162 7320
162 7321
162 7322
162 7323
162 7324
162 7325
162 7326
162 7327
162 7328
162 7337
162 7393
162 7987
162 8062
162 8087
162 8290
163 18
163 61
163 94
163 128
163 1831
163 2633
163 3140
163 3189
163 4071
163 4086
163 4139
163 4804
163 4810
163 5369
163 6321
164 19
164 3189
164 4804
165 244
166 286
167 287
167 289
167 1434
167 2394
167 2410
167 2420
167 2962
167 3579
167 3787
167 3821
167 4163
167 6321
167 8575
168 287
168 1433
168 3546
168 3547
168 3548
168 4001
168 7631
169 287
169 2978
170 287
170 849
170 1062
170 1090
170 1265
170 2764
170 4864
170 4866
170 4867
171 287
171 289
171 338
171 615
171 1008
171 1265
171 1273
171 1641
171 2086
171 2764
171 2809
171 2905
171 2925
171 3801
171 4158
171 4283
171 4326
171 4867
171 5051
171 5100
171 5134
171 5143
171 5248
171 5579
171 5584
171 5585
171 5586
171 5587
171 5818
171 5819
171 5820
171 5821
171 5822
171 5823
171 5824
171 5834
171 5835
171 5836
171 5837
171 5838
171 5839
171 5840
171 5841
171 5845
171 5874
171 5875
171 5876
171 5877
171 5878
171 5879
171 5880
171 5881
171 5882
171 5883
171 5884
171 5885
171 5886
171 5887
171 5888
171 5889
171 5890
171 5904
171 5905
171 5917
171 5918
171 5919
171 5920
171 5921
171 5922
171 5923
171 5924
171 5925
171 5926
171 5927
171 5928
171 5929
171 5930
171 5931
171 5932
171 5933
171 5934
171 5935
171 5936
171 5937
171 5938
171 5939
171 5940
171 5941
171 5942
171 5943
171 5944
171 5945
171 5946
171 5947
171 5948
171 5949
171 5950
171 5951
171 5952
171 5953
171 5954
171 5955
171 5957
171 5958
171 5959
171 5974
171 5975
171 5976
171 5991
171 5996
171 6001
171 6002
171 6003
171 6008
171 6027
171 6028
171 6033
171 6035
171 6040
171 6056
171 6058
171 6077
171 6079
171 6081
171 6086
171 6087
171 6096
171 6098
171 6099
171 6100
171 6101
171 6102
171 6103
171 6104
171 6105
171 6106
171 6107
171 6108
171 6109
171 6110
171 6111
171 6112
171 6113
171 6114
171 6115
171 6116
171 6117
171 6118
171 6119
171 6120
171 6121
171 6122
171 6123
171 6124
171 6125
171 6126
171 6127
171 6128
171 6129
171 6130
171 6131
171 6132
171 6133
171 6134
171 6135
171 6136
171 6137
171 6138
171 6139
171 6140
171 6141
171 6142
171 6143
171 6144
171 6145
171 6146
171 6147
171 6148
171 6149
171 6150
171 6151
171 6152
171 6153
171 6154
171 6155
171 6156
171 6157
171 6158
171 6159
171 6160
171 6161
171 6162
171 6163
171 6164
171 6165
171 6166
171 6172
171 6173
171 6174
171 6175
171 6176
171 6177
171 6265
171 6271
171 6278
171 6279
171 6280
171 6282
171 6322
171 6323
171 6324
171 6329
171 6343
171 6344
171 6349
171 6351
171 6354
171 6357
171 6370
171 6382
171 6423
171 6424
171 7335
171 7336
171 7345
171 7346
171 7360
171 7671
171 7842
171 7843
171 7844
171 7859
171 7865
171 7866
171 7887
171 8048
171 8066
171 8282
172 287
172 289
172 312
172 313
172 398
172 445
172 577
172 1008
172 1265
172 1329
172 1591
172 1615
172 2440
172 2764
172 2845
172 3030
172 3267
172 3655
172 3715
172 3830
172 4019
172 4472
172 4867
172 4988
172 5106
172 5121
172 5480
172 5494
172 5596
172 5756
172 5757
172 5800
172 6272
172 6275
172 6328
172 7765
172 8053
172 8062
172 8063
172 8071
172 8072
172 8073
172 8074
172 8075
172 8076
172 8077
172 8078
172 8079
172 8080
172 8081
172 8082
172 8085
172 8086
172 8087
172 8088
172 8089
172 8090
172 8091
172 8092
172 8093
172 8094
172 8119
172 8130
172 8185
172 8280
172 8310
172 8311
172 8312
172 8322
172 8332
172 8333
173 287
173 1008
173 2675
173 2764
173 5773
173 5969
173 6045
173 6046
174 287
174 289
174 311
174 376
174 651
174 706
174 966
174 1008
174 1044
174 1265
174 1273
174 1329
174 1700
174 1953
174 5356
174 7607
174 8080
174 8185
174 8381
174 8423
174 8424
174 8475
174 8482
174 8513
174 8530
174 8545
174 8555
174 8582
174 8599
174 8631
175 287
175 312
175 705
175 1008
175 1020
175 1030
175 1265
175 1320
175 1488
175 2924
175 3581
175 3624
175 6168
175 6306
176 287
176 298
176 456
176 887
176 1008
176 1181
176 1427
176 1754
176 3638
176 3804
176 4947
176 5480
176 5799
176 5804
176 7498
176 7744
176 7750
176 7765
177 289
177 296
177 397
177 398
178 289
178 291
179 289
179 598
179 710
179 882
179 883
179 933
179 975
179 1008
179 1086
179 1265
179 1311
179 2652
179 2653
179 3764
179 4988
179 6336
180 289
180 332
180 775
180 804
180 1088
180 1097
180 1239
180 1651
180 1714
180 1997
180 2328
180 2355
180 2685
180 2719
180 2720
180 2805
180 2838
180 2920
180 2923
180 2960
180 2961
180 2976
180 3002
180 3087
180 3104
180 3110
180 3149
180 3258
180 3262
180 3280
180 3435
180 3474
180 3484
180 3485
180 3488
180 3544
180 3572
180 3662
180 3673
180 3746
180 3768
180 3774
180 3826
180 3843
180 3895
180 3971
180 4271
180 4482
180 4559
180 4591
180 4738
180 4784
180 4847
180 4951
180 5089
180 5200
180 5673
181 289
181 292
181 305
181 321
181 324
181 326
181 327
181 338
181 373
181 405
181 419
181 477
181 491
181 506
181 511
181 556
181 558
181 576
181 602
181 878
181 879
181 887
181 920
181 1008
181 1147
181 1148
181 1360
181 1361
181 1366
181 1369
181 1371
181 1376
181 1432
181 1597
181 1601
181 1645
181 1716
181 1743
181 1759
181 1762
181 1763
181 2027
181 2028
181 2029
181 2030
181 2031
181 2032
181 2033
181 2034
181 2035
181 2036
181 2037
181 2038
181 2039
181 2042
181 2043
181 2044
181 2047
181 2048
181 2049
181 2052
181 2053
181 2054
181 2055
181 2056
181 2057
181 2058
181 2059
181 2060
181 2061
181 2062
181 2063
181 2075
181 2076
181 2077
181 2078
181 2079
181 2080
181 2081
181 2082
181 2090
181 2091
181 2092
181 2093
181 2095
181 2098
181 2099
181 2101
181 2102
181 2103
181 2104
181 2105
181 2135
181 2136
181 2137
181 2138
181 2139
181 2141
181 2142
181 2143
181 2144
181 2268
181 2272
181 2273
181 2280
181 2299
181 2300
181 2301
181 2302
181 2303
182 289
182 2109
182 2110
183 289
183 2376
184 289
184 2912
185 289
185 313
186 289
186 3742
187 289
187 3748
188 289
188 4347
188 4350
189 289
189 316
189 349
189 797
189 2547
189 3508
189 4405
189 4530
189 5680
189 7965
189 7993
189 8577
189 8587
189 8588
190 289
190 3277
191 289
191 376
191 796
191 1008
191 1265
191 1573
191 1651
191 3588
191 3916
191 4012
191 4027
191 4573
191 5619
191 8374
192 289
192 313
192 341
192 603
192 634
192 641
192 742
192 1008
192 1265
192 1269
192 1727
192 3667
192 3813
192 3887
192 3888
192 4041
192 4043
192 4157
192 4163
192 4358
192 4936
192 6288
192 6289
192 6290
192 6291
192 6292
192 6293
192 6296
192 6297
192 6298
192 6299
192 6300
192 6302
192 6306
192 6309
192 6310
192 6312
192 6347
192 7602
192 7965
192 8012
192 8182
192 8183
192 8184
192 8225
192 8226
192 8566
192 8567
192 8570
192 8571
192 8574
192 8575
192 8576
192 8596
193 289
193 341
193 480
193 492
193 515
193 567
193 581
193 702
193 870
193 887
193 1092
193 1168
193 1265
193 1399
193 1494
193 1608
193 1757
193 1851
193 2905
193 3030
193 3337
193 3502
193 3571
193 3581
193 3740
193 3765
193 3798
193 3867
193 3890
193 3907
193 3994
193 3995
193 4041
193 4344
193 4358
193 4401
193 4406
193 4422
193 4423
193 4424
193 4425
193 4426
193 4427
193 4481
193 6304
193 6306
193 6311
193 8567
194 289
194 4041
194 5417
194 7603
194 8184
194 8567
194 8570
194 8571
195 289
195 4563
195 8009
196 289
196 1622
196 4043
196 4164
196 4358
196 4936
196 6302
196 6304
196 6305
196 6306
196 6307
196 6308
196 6309
196 6310
196 6312
196 7558
196 7603
196 7876
196 7965
196 8009
196 8012
196 8576
196 8587
196 8596
197 289
197 291
197 333
197 337
197 376
197 1265
197 3499
197 4410
197 4696
197 5064
197 8182
198 289
199 289
199 784
199 4259
200 289
200 1265
200 4041
200 7598
200 7965
200 8182
200 8183
200 8184
200 8567
201 289
202 289
202 349
202 3562
203 289
204 289
204 4786
204 5062
204 5442
205 289
205 349
205 1265
205 3682
205 3883
205 5299
205 5379
205 5380
206 289
206 2400
206 3300
206 5050
207 289
207 8594
207 8595
208 289
208 312
208 558
208 1271
208 3801
208 3832
208 4566
208 4963
208 5111
208 5168
208 5386
208 5387
209 289
209 536
209 537
209 5367
209 6311
210 289
211 289
212 289
212 326
212 603
212 781
212 976
212 2652
212 5334
212 5337
212 5338
212 5339
213 289
214 289
214 612
214 2291
214 5357
215 289
216 289
216 293
216 710
216 1017
216 1265
216 2386
216 2387
216 2905
216 3134
216 3250
216 5051
216 5348
216 5372
216 5446
216 5478
216 5555
216 5567
216 5825
216 5844
216 5995
216 5997
217 289
218 289
219 289
219 1008
219 1265
219 2440
219 5803
219 5807
219 5808
219 5809
219 5810
219 5811
219 5812
219 5813
219 5814
219 6261
219 6295
219 6339
220 289
220 376
220 2764
220 7607
221 289
221 294
221 314
221 333
221 335
221 342
221 364
221 377
221 1265
221 1476
221 1651
221 2764
221 2853
221 3003
221 4524
221 4670
221 4685
221 5252
221 5487
221 5488
221 5595
221 5773
221 6294
221 6412
221 7629
221 7666
221 7668
221 7669
221 7672
221 7673
221 7965
221 8037
221 8053
221 8074
221 8087
221 8136
221 8137
221 8138
221 8147
221 8148
222 289
222 290
222 291
222 306
222 308
222 313
222 315
222 316
222 322
222 333
222 337
222 346
222 347
222 348
222 351
222 372
222 428
222 478
222 483
222 489
222 491
222 492
222 496
222 506
222 510
222 515
222 525
222 531
222 540
222 542
222 547
222 555
222 565
222 589
222 613
222 634
222 645
222 682
222 702
222 705
222 710
222 738
222 742
222 754
222 773
222 789
222 840
222 865
222 868
222 877
222 890
222 893
222 912
222 918
222 930
222 932
222 941
222 952
222 974
222 1054
222 1089
222 1105
222 1112
222 1132
222 1210
222 1217
222 1227
222 1248
222 1318
222 1399
222 1494
222 1573
222 1603
222 1623
222 1626
222 1665
222 1666
222 1720
222 1771
222 1783
222 1828
222 1846
222 1884
222 1949
222 1989
222 1997
222 2027
222 2085
222 2277
222 2328
222 2334
222 2350
222 2381
222 2398
222 2401
222 2450
222 2545
222 2547
222 2592
222 2648
222 2652
222 2653
222 2688
222 2701
222 2705
222 2733
222 2739
222 2749
222 2762
222 2764
222 2820
222 2860
222 2870
222 3013
222 3016
222 3020
222 3054
222 3100
222 3147
222 3237
222 3248
222 3278
222 3322
222 3358
222 3384
222 3466
222 3477
222 3542
222 3543
222 3558
222 3584
222 3598
222 3604
222 3612
222 3614
222 3619
222 3620
222 3649
222 3691
222 3746
222 3759
222 3768
222 3813
222 3817
222 3863
222 3869
222 3895
222 3902
222 3922
222 3963
222 3985
222 3990
222 3992
222 3998
222 4014
222 4020
222 4029
222 4205
222 4211
222 4260
222 4269
222 4293
222 4386
222 4412
222 4486
222 4547
222 4556
222 4559
222 4583
222 4591
222 4624
222 4672
222 4698
222 4881
222 4909
222 5040
222 5085
222 5141
222 5160
222 5163
222 5356
222 5398
222 5400
222 5461
222 5477
222 5479
222 5487
222 5493
222 5494
222 5510
222 5530
222 5533
222 5568
222 5571
222 5598
222 5617
222 5684
222 5726
222 5765
222 5772
222 5782
222 5798
222 5799
222 5802
222 5826
222 5883
222 5897
222 5898
222 5899
222 5916
222 5956
222 5962
222 5969
222 5971
222 5978
222 5988
222 5989
222 5991
222 5992
222 5994
222 5995
222 5997
222 5998
222 5999
222 6004
222 6005
222 6006
222 6007
222 6009
222 6010
222 6011
222 6012
222 6013
222 6016
222 6017
222 6020
222 6022
222 6023
222 6024
222 6025
222 6026
222 6029
222 6030
222 6031
222 6032
222 6034
222 6036
222 6037
222 6038
222 6039
222 6041
222 6042
222 6043
222 6052
222 6054
222 6055
222 6057
222 6315
222 6358
222 6362
222 6383
222 6384
222 6387
222 6388
222 6389
222 6390
222 6391
222 6392
222 6393
222 6394
222 6399
222 6400
222 6401
222 6407
222 6417
222 6418
222 6419
222 6423
222 7329
222 7330
222 7331
222 7333
222 7334
222 7341
222 7343
222 7344
222 7363
222 7385
222 7386
222 7388
222 7389
222 7390
222 7391
222 7392
222 7436
222 7446
222 7452
222 7453
222 7454
222 7455
222 7456
222 7457
222 7459
222 7460
222 7461
222 7462
222 7463
222 7465
222 7466
222 7467
222 7468
222 7469
222 7471
222 7472
222 7473
222 7474
222 7475
222 7477
222 7478
222 7479
222 7482
222 7484
222 7485
222 7486
222 7488
222 7489
222 7490
222 7491
222 7492
222 7493
222 7494
222 7495
222 7496
222 7497
222 7498
222 7499
222 7500
222 7501
222 7502
222 7503
222 7504
222 7505
222 7506
222 7511
222 7512
222 7513
222 7521
222 7522
222 7524
222 7525
222 7526
222 7579
222 7580
222 7581
222 7585
222 7586
222 7589
222 7593
222 7606
222 7611
222 7650
222 7651
222 7652
222 7682
222 7683
222 7684
222 7685
222 7686
222 7687
222 7688
222 7689
222 7690
222 7691
222 7723
222 7727
222 7728
222 7729
222 7730
222 7744
222 7745
222 7871
222 7897
222 7898
222 7945
222 7952
222 7962
222 8028
222 8039
222 8040
223 289
224 289
225 289
226 289
227 289
227 313
227 376
227 1273
227 6295
227 6360
227 7607
228 289
228 1354
229 289
230 289
230 615
231 289
231 329
231 518
231 2927
231 7642
231 7643
231 7644
232 289
232 376
232 7672
232 7673
233 289
233 561
233 5493
233 8144
234 289
234 5044
234 8310
235 289
236 290
236 291
236 315
236 316
236 458
236 506
236 573
236 730
236 848
236 850
236 880
236 1210
236 1222
236 1265
236 1494
236 1586
236 1651
236 1714
236 1934
236 2350
236 2434
236 2435
236 2733
236 2811
236 3322
236 3938
236 3992
236 4293
236 4486
236 4487
236 4492
236 4493
236 4494
236 4497
236 4498
236 4499
236 4500
236 4501
236 4502
236 4503
236 4506
236 4508
236 4511
236 4516
236 4517
236 4518
236 4519
236 4520
236 4521
236 4522
236 4523
236 4524
236 4525
236 4527
236 4528
236 4531
236 4532
236 4534
236 4537
236 4538
236 4539
236 4540
236 4542
236 4543
236 4544
236 4545
236 4547
236 4548
236 4549
236 4550
236 4551
236 4552
236 4556
236 4558
236 4564
236 4572
236 4573
236 4574
236 4576
236 4577
236 4578
236 4580
236 5014
236 5031
236 5036
236 5064
236 5096
236 5104
236 5119
236 5216
237 290
237 376
238 290
238 305
238 451
238 467
238 508
238 556
238 619
238 628
238 675
238 791
238 872
238 889
238 891
238 904
238 907
238 936
238 961
238 972
238 1033
238 1181
238 1195
238 1420
238 1466
238 1469
238 1483
238 1608
238 1618
238 1656
238 1709
238 1759
238 1818
238 1846
238 2139
238 2268
238 2291
238 2299
238 2401
238 2515
238 2661
238 2674
238 2722
238 2899
238 3005
238 3012
238 3129
238 3279
238 3455
238 3513
238 3514
238 3612
238 3817
238 3956
238 4288
238 4571
238 4871
238 4914
238 5168
238 7598
239 290
239 291
239 300
239 316
239 372
239 434
239 478
239 492
239 676
239 710
239 807
239 848
239 850
239 930
239 931
239 1123
239 1179
239 1230
239 1345
239 1379
239 1399
239 1436
239 1494
239 1718
239 1735
239 1844
239 1934
239 2350
239 2362
239 2435
239 2847
239 3116
239 3364
239 3492
239 3595
239 3749
239 4393
239 5409
239 5614
239 5726
239 5916
239 6421
239 7721
239 7722
240 290
241 290
242 291
243 291
243 349
243 420
243 423
243 489
243 577
243 581
243 863
243 1210
243 1352
243 1856
243 1857
243 2025
243 2357
243 2725
243 2833
243 2842
243 3331
243 5169
243 7645
244 291
244 578
245 291
245 1494
245 1630
245 1631
245 2643
245 2654
245 2655
246 291
246 490
246 564
246 578
246 744
246 1265
246 1589
246 3137
246 3390
246 4043
246 4157
246 4358
246 6306
246 6309
246 7603
246 8183
246 8574
247 291
248 291
249 291
250 291
251 291
251 351
251 434
251 1714
251 2870
251 5969
252 291
253 291
254 291
255 291
255 376
256 291
257 291
258 291
258 376
259 292
259 296
259 297
259 305
259 319
259 322
259 324
259 326
259 367
259 371
259 373
259 376
259 378
259 380
259 385
259 423
259 467
259 471
259 477
259 480
259 482
259 491
259 492
259 493
259 495
259 506
259 507
259 508
259 509
259 510
259 511
259 519
259 521
259 523
259 590
259 594
259 595
259 599
259 602
259 623
259 628
259 637
259 638
259 707
259 710
259 742
259 745
259 781
259 784
259 789
259 791
259 842
259 872
259 887
259 889
259 903
259 905
259 906
259 908
259 913
259 917
259 921
259 922
259 925
259 926
259 936
259 951
259 953
259 956
259 960
259 965
259 980
259 1031
259 1034
259 1104
259 1123
259 1139
259 1200
259 1251
259 1262
259 1333
259 1367
259 1371
259 1375
259 1414
259 1464
259 1466
259 1468
259 1481
259 1483
259 1488
259 1492
259 1501
259 1618
259 1700
259 1778
259 1787
259 1823
259 1838
259 2051
259 2063
259 2290
259 2299
259 2306
259 2345
259 2371
259 2456
259 2465
259 2485
259 2491
259 2515
259 2585
259 2648
259 2733
259 2802
259 2830
259 2847
259 2924
259 3012
259 3092
259 3120
259 3129
259 3237
259 3291
259 3300
259 3333
259 3378
259 3391
259 3393
259 3394
259 3458
259 3471
259 3529
259 3818
259 3848
259 3858
259 3859
259 4486
259 4502
259 4552
259 4556
259 4571
259 4576
259 4844
259 4854
259 4863
259 4912
259 4913
259 4914
259 5010
259 5441
260 292
260 330
260 333
260 337
260 351
260 361
260 379
260 492
260 518
260 672
260 858
260 892
260 904
260 905
260 916
260 943
260 956
260 965
260 1104
260 1201
260 1202
260 1203
260 1418
260 1656
260 1718
260 1735
260 1742
260 1844
260 2394
260 2399
260 2485
260 2722
260 2802
260 2871
260 3013
260 3276
260 3299
260 3320
260 3391
260 5019
260 5089
260 6282
260 7598
260 7965
260 8012
261 292
262 293
262 296
262 297
262 310
262 314
262 319
262 321
262 329
262 330
262 358
262 385
262 413
262 451
262 595
262 605
262 710
262 722
262 733
262 745
262 781
262 892
262 903
262 912
262 958
262 965
262 1022
262 1054
262 1055
262 1057
262 1066
262 1070
262 1071
262 1196
262 1204
262 1306
262 1367
262 1376
262 1414
262 1455
262 1492
262 1501
262 1645
262 1743
262 1744
262 2139
262 2300
262 2476
262 2661
262 3400
262 3475
262 3713
262 4032
262 4854
262 4857
263 294
263 313
263 1265
263 3514
264 294
265 294
265 1265
266 294
267 295
267 652
268 296
268 629
269 296
270 296
270 313
270 356
270 722
270 730
270 873
270 1557
270 2016
270 2145
271 296
272 296
272 1862
272 3518
272 3519
273 296
274 296
275 296
275 313
275 342
275 356
275 866
275 920
275 1273
275 1582
275 3277
275 3637
275 3638
276 296
276 931
277 296
278 296
278 376
278 469
278 784
278 875
278 1367
278 3100
278 3956
279 296
279 710
279 840
280 296
281 296
282 296
282 2465
283 296
283 309
283 1393
283 2025
283 2026
283 2356
283 2831
284 296
285 296
286 296
287 296
288 296
289 296
290 296
290 333
290 405
290 707
290 919
290 924
290 5423
291 296
291 629
291 6082
291 6083
292 296
293 296
293 351
293 396
293 456
293 467
293 469
293 471
293 483
293 517
293 554
293 565
293 676
293 856
293 1041
293 1042
293 1044
293 1082
293 1083
293 1112
293 1134
293 1173
293 1227
293 1229
293 1231
293 1265
293 1309
293 1601
293 1603
293 1652
293 1725
293 1867
293 1868
293 1869
293 1885
293 1891
293 1896
293 1913
293 1916
293 1928
293 1932
293 1936
293 1944
293 1973
293 1976
293 1978
293 2331
293 2399
293 2449
293 2825
293 3016
293 3018
293 3054
293 3084
293 3237
293 3349
293 3976
293 3997
293 4576
293 4672
293 5307
293 5780
293 6017
293 6020
293 6022
293 6023
293 6034
293 6038
293 6097
293 6359
293 6361
293 7396
293 7402
293 7703
293 7704
293 7705
293 7706
293 7707
293 7708
293 7709
293 7710
293 7711
293 7712
293 7714
293 7715
293 7716
293 7717
293 7718
293 7724
293 7725
293 7726
293 7821
293 7827
293 7867
293 7889
293 8312
293 8331
294 296
295 296
296 296
297 297
298 297
299 297
299 357
299 364
299 495
299 672
299 908
299 913
299 1034
299 1736
299 2050
300 297
301 297
302 297
302 594
302 638
302 906
302 2277
302 3243
302 3244
302 3245
302 3246
302 3337
302 4936
302 6282
302 7598
302 7603
302 7965
302 8017
303 297
304 297
305 297
305 4697
306 297
306 453
306 480
306 598
306 605
306 805
306 902
306 2491
306 3836
306 4959
306 5004
306 5035
306 7515
306 7516
306 7517
306 7518
307 297
307 1463
307 3738
308 297
309 297
310 297
311 297
311 346
312 298
312 316
312 342
312 345
312 356
312 357
312 358
312 364
312 378
312 467
312 507
312 602
312 628
312 673
312 706
312 760
312 781
312 789
312 798
312 858
312 866
312 886
312 887
312 888
312 889
312 892
312 898
312 902
312 903
312 904
312 906
312 907
312 908
312 912
312 913
312 916
312 917
312 919
312 920
312 922
312 926
312 934
312 943
312 944
312 947
312 950
312 951
312 955
312 958
312 959
312 961
312 966
312 1011
312 1016
312 1041
312 1123
312 1127
312 1139
312 1147
312 1199
312 1200
312 1246
312 1253
312 1254
312 1262
312 1418
312 1419
312 1420
312 1423
312 1462
312 1464
312 1467
312 1468
312 1486
312 1494
312 1498
312 1606
312 1618
312 1709
312 1718
312 1747
312 1763
312 1774
312 1778
312 1789
312 1838
312 1841
312 1843
312 2040
312 2047
312 2076
312 2094
312 2096
312 2303
312 2393
312 4914
313 298
313 335
313 4341
314 299
314 356
314 481
314 489
314 1041
315 299
315 333
315 335
315 337
315 406
315 744
315 745
315 903
315 904
315 924
315 1333
315 1655
315 1736
315 2299
316 299
317 299
317 363
317 373
317 511
317 519
317 658
317 733
317 840
317 888
317 904
317 908
317 966
317 1780
317 2585
317 2814
317 2847
317 2865
317 2921
317 3092
318 301
319 301
319 733
319 2291
320 303
321 304
321 976
322 304
323 305
323 332
323 349
323 471
323 554
323 887
323 1042
323 1603
323 1867
323 1868
323 1896
323 3349
323 3996
323 5163
323 5273
323 5355
323 5615
324 308
324 311
325 308
326 308
326 521
326 937
326 1419
326 1626
326 2449
327 309
328 309
329 309
329 4928
330 310
331 310
331 316
331 323
331 469
331 672
331 715
331 765
331 781
331 935
331 940
331 976
331 1253
331 1354
331 1357
331 1358
331 1368
331 1420
331 1427
331 1919
331 2015
331 2268
331 2272
331 2845
331 2886
331 2924
331 3298
331 3299
331 3467
331 4001
331 4293
331 4571
331 4586
331 5162
331 5335
331 5381
331 5508
331 5530
331 5624
331 5804
331 5969
331 6032
331 6059
331 6272
331 6300
331 6306
331 6310
331 6347
331 7478
331 7584
331 7606
331 7723
331 7786
331 7790
331 7791
331 7792
331 7793
331 7794
331 7795
331 7799
331 7860
331 8182
331 8566
332 311
332 647
332 648
333 311
334 312
334 1123
335 312
335 313
335 316
335 351
335 412
335 420
335 431
335 438
335 488
335 727
335 801
335 1081
335 1762
335 1803
335 1820
335 1847
335 1860
335 1864
335 1869
335 1874
335 1879
335 1893
335 1920
335 1927
335 1933
335 1944
335 1975
335 1977
335 1994
335 1999
335 2000
335 2002
335 2004
335 2009
335 2010
335 2012
335 2075
335 2390
335 2418
335 2443
335 2518
335 2558
335 2708
335 2727
335 3884
335 3976
335 3997
335 4668
335 4832
335 4869
335 5032
335 5508
335 6021
335 7711
335 7724
335 7821
335 8130
336 312
336 313
336 1269
336 3655
336 4293
336 4867
336 5751
336 5804
336 5805
336 6297
336 6299
337 312
337 1354
337 1641
337 2764
337 5335
337 6272
337 6419
337 7584
337 7775
337 7776
337 7777
337 7778
337 7779
337 7780
337 7781
337 7782
337 7783
337 7784
337 7785
337 7786
337 7787
337 7788
337 7789
337 7790
337 7791
337 7792
337 7793
337 7794
337 7795
337 7796
337 7797
337 7798
337 7799
337 7800
337 7801
337 7802
337 7803
337 7804
338 313
339 313
339 333
340 313
341 313
341 886
342 313
343 313
344 313
344 513
344 3270
345 313
346 313
346 328
346 1868
346 3232
346 3455
347 313
348 313
349 313
350 313
350 511
350 706
350 764
350 797
350 904
350 926
350 1104
350 1217
350 1273
350 1607
350 1762
350 1778
350 2767
350 3477
350 3812
350 3813
350 3815
350 3816
350 3817
350 3822
351 313
352 313
353 313
353 483
354 313
355 313
355 341
355 2790
356 313
357 313
357 536
358 313
359 313
360 313
360 3989
360 4750
360 4889
360 4890
360 8017
361 313
362 313
363 313
363 511
363 2392
364 313
365 313
365 495
365 1763
365 4032
365 5187
366 313
366 531
366 1497
366 2450
366 3595
366 5056
366 5194
367 313
368 313
369 313
369 330
370 313
371 313
372 313
373 313
374 313
375 313
376 313
377 313
377 349
378 313
378 396
378 4293
378 5413
378 5443
378 5444
379 313
380 313
380 468
380 5504
380 5510
381 313
381 2399
382 313
383 313
384 313
385 313
385 542
385 1273
385 5827
386 313
387 313
388 313
389 313
389 2791
390 313
391 313
391 367
391 486
391 706
391 1265
391 2585
391 8518
391 8519
391 8524
391 8525
391 8531
392 313
392 887
392 4599
393 313
394 313
395 313
396 314
397 315
397 706
397 709
397 1121
397 1811
398 315
399 315
400 315
400 3667
400 4677
400 4737
401 315
401 5426
402 315
402 495
402 966
402 1608
402 2722
403 315
403 578
403 730
403 2764
403 2871
403 4617
403 4624
403 4802
403 5219
403 5228
403 5489
403 5490
403 5527
403 5553
403 5567
403 5571
404 315
405 315
405 1664
405 3989
405 4006
405 7848
406 316
406 546
406 548
407 316
407 1343
407 2186
407 2657
408 316
409 316
410 316
410 509
410 1246
410 1494
410 2454
411 316
412 316
413 316
413 3851
414 316
414 3348
415 316
415 848
415 1265
415 1572
415 2440
415 3836
415 4211
415 4212
415 4358
415 4585
415 5030
415 5040
415 6305
415 6306
415 6308
415 7598
415 7965
415 8016
416 316
417 316
417 1227
417 3358
417 4293
417 4299
417 4300
417 4568
417 4625
417 5089
417 5639
417 5640
417 5641
417 5642
417 5643
417 5644
417 5645
417 5646
417 5647
417 5648
417 5649
417 5650
417 5665
417 5667
417 5713
417 6016
417 6018
417 6053
417 6084
417 6345
417 6385
417 6395
418 316
418 5681
419 316
419 376
419 4729
419 4730
420 316
420 4478
421 316
422 316
423 316
423 4909
423 4910
423 6311
424 316
424 4299
424 4714
425 316
425 5409
426 316
427 316
427 322
427 1735
427 2450
427 2814
427 4670
427 5470
428 316
428 7598
429 316
429 458
429 478
429 1222
429 3379
429 3895
429 4293
429 6410
429 6411
430 316
431 316
431 376
431 730
431 7607
432 316
432 730
433 316
433 433
433 458
433 523
433 672
433 679
433 789
433 960
433 1122
433 1132
433 1228
433 1345
433 1357
433 1358
433 1360
433 1365
433 1757
433 1838
433 1878
433 1923
433 1950
433 2272
433 2362
433 2394
433 2475
433 2733
433 2871
433 2886
433 2926
433 3349
433 3358
433 3364
433 3539
433 3636
433 3794
433 4393
433 4493
433 4680
433 5162
433 5335
433 5480
433 5481
433 5484
433 5530
433 5645
433 5828
433 6084
433 7478
433 7496
433 7648
433 7757
433 7810
434 316
434 376
435 316
435 5560
436 316
436 333
436 335
436 341
436 345
436 357
436 672
436 976
436 1358
436 2272
436 2886
436 4293
436 4393
436 4467
436 5162
436 5508
436 5530
436 5969
436 6059
436 7478
436 7811
437 319
438 319
438 456
438 463
438 773
438 951
438 2871
438 3822
439 320
439 321
439 323
439 558
440 321
441 321
442 322
442 956
442 976
443 323
443 329
443 331
443 353
444 323
444 349
445 323
446 324
447 325
447 349
448 326
449 326
450 326
450 3674
450 4546
451 326
452 326
453 326
453 4934
454 326
454 632
454 6311
455 326
455 5504
456 328
456 374
456 474
456 586
456 717
456 5418
456 8010
457 328
457 586
457 863
458 328
458 742
458 1265
458 1987
458 2587
458 2764
458 3007
458 3116
458 3689
458 3690
458 3722
459 328
459 797
459 974
459 1700
459 1730
459 2612
459 3248
459 3971
459 4541
459 5169
459 6396
460 328
461 328
462 328
462 1273
462 1988
462 3511
462 5151
462 7347
463 329
463 451
463 492
463 517
463 651
463 675
463 842
463 864
463 886
463 892
463 898
463 904
463 908
463 923
463 1022
463 1071
463 1074
463 1201
463 1618
463 2674
463 3279
463 3675
463 3836
463 3848
464 330
465 330
465 1802
465 2284
466 330
466 377
467 330
467 363
467 382
467 519
467 840
467 864
467 892
467 924
467 1608
467 2139
467 2648
468 330
468 396
468 469
468 515
468 554
468 565
468 1041
468 1042
468 1082
468 1151
468 1173
468 1206
468 1265
468 1867
468 1868
468 1872
468 1875
468 1886
468 1913
468 1936
468 1965
468 1972
468 2825
468 3278
468 3636
468 3869
468 3996
468 4915
468 5033
468 5307
468 5990
468 6034
468 6315
468 6358
468 6359
468 6361
468 6362
468 6363
468 6364
468 6365
468 6366
468 6367
469 332
469 2860
470 333
471 333
472 333
473 333
473 558
473 1104
473 2076
473 2885
473 4474
474 333
475 333
475 480
475 887
476 333
476 341
476 356
476 379
476 1202
476 1778
476 6380
477 333
478 335
479 335
479 345
479 5487
479 6314
479 6316
479 6317
479 7674
480 337
480 1273
481 337
481 483
481 515
481 517
481 842
481 905
481 923
481 955
481 972
481 1042
481 1078
481 1309
481 1735
481 1872
481 1885
481 1913
481 3054
481 3324
481 3455
481 3825
481 5083
481 5100
481 5101
481 5114
481 5128
481 5130
481 5134
481 5135
481 5136
481 5137
481 5202
481 5203
481 5206
481 5232
481 5233
481 5234
481 5235
481 5242
481 5243
481 5250
481 5262
481 5264
481 5280
481 5281
481 5282
481 5310
481 5312
481 5314
481 5316
481 5359
481 5360
481 5414
481 5491
481 5492
481 6282
481 7598
481 8010
482 337
483 338
484 339
485 340
486 342
487 342
488 342
489 345
489 356
489 596
489 703
489 780
489 891
489 925
489 950
489 1034
489 1078
489 1306
489 1311
489 1374
489 1432
489 2345
489 2862
489 3971
489 4587
489 4844
489 4919
490 346
491 347
491 1273
491 2099
491 5408
491 6350
491 7378
491 7763
491 7895
492 349
493 349
493 745
494 349
494 789
494 828
494 829
494 830
494 831
495 349
496 349
496 2725
496 2726
496 2727
497 349
497 1273
497 2129
498 349
498 797
498 3139
499 349
499 3285
500 349
500 3664
501 349
501 3624
502 349
502 410
502 1357
502 3264
502 4431
502 4432
503 349
504 349
504 645
505 349
505 3329
505 3765
506 349
507 349
507 3827
507 3828
507 8009
508 349
509 349
509 3874
510 349
510 1273
510 1367
511 349
511 2098
512 349
512 3924
513 349
513 3588
514 349
515 349
515 4022
516 349
516 523
516 4259
517 349
518 349
519 349
520 349
520 4467
520 4468
521 349
522 349
522 884
522 4621
522 4622
522 4665
522 4791
522 4792
522 4793
522 4794
522 5089
522 5090
522 5091
523 349
523 5095
524 349
524 5181
525 349
525 3764
526 349
526 5390
527 349
528 349
528 930
528 976
528 1436
528 5567
528 5828
528 5977
528 5978
528 5979
528 5980
528 5981
528 5982
528 5983
528 5984
528 5985
528 5986
528 5987
528 5988
528 5989
528 8009
529 349
529 796
529 1367
530 349
530 1386
530 5728
530 5729
530 5730
531 349
531 713
531 5379
531 5747
531 5748
531 5749
531 5750
531 5752
531 5753
531 5798
531 5878
531 5883
531 5962
531 5993
531 5995
531 5997
531 6000
531 6014
531 6015
531 6048
531 6167
531 7626
532 349
533 349
533 5828
534 349
534 577
534 1383
534 1856
534 2741
534 5900
534 5902
534 5903
534 5906
534 5907
534 5909
535 349
536 351
536 352
536 554
536 733
537 351
537 1714
537 3319
537 3872
537 3907
537 4293
538 351
538 1217
539 351
539 380
539 573
539 840
539 1222
539 1844
539 1959
539 2871
539 4528
539 5229
539 5323
539 5420
540 351
540 1735
540 5170
540 5171
540 5477
541 351
541 3825
541 4903
542 351
543 356
544 358
545 360
546 363
547 364
547 365
547 366
548 365
548 402
548 466
548 524
548 624
548 626
548 723
548 726
548 735
548 772
548 778
548 785
548 788
548 828
548 829
548 830
548 831
548 836
548 861
548 1018
548 1270
548 1275
548 1276
548 1381
548 1437
548 1479
548 1490
548 1507
548 1508
548 1509
548 1511
548 1512
548 1513
548 1519
548 1521
548 1523
548 1524
548 1526
548 1527
548 1531
548 1533
548 1535
548 1537
548 1539
548 1541
548 1542
548 1545
548 1547
548 1551
548 1552
548 1553
548 1554
548 1558
548 1560
548 1561
548 1562
548 1564
548 1565
548 1566
548 1567
548 1571
548 1576
548 1827
548 1848
548 1853
548 1892
548 1911
548 1943
548 2034
548 2037
548 2042
548 2044
548 2057
548 2060
548 2077
548 2103
548 2147
548 2148
548 2149
548 2151
548 2155
548 2157
548 2159
548 2161
548 2164
548 2165
548 2167
548 2170
548 2171
548 2180
548 2190
548 2191
548 2196
548 2199
548 2200
548 2202
548 2206
548 2208
548 2212
548 2213
548 2215
548 2216
548 2218
548 2219
548 2223
548 2224
548 2227
548 2228
548 2231
548 2233
548 2237
548 2239
548 2241
548 2244
548 2247
548 2256
548 2257
548 2261
548 2262
548 2265
548 2269
548 2278
548 2281
548 2315
548 2354
548 2370
548 2377
548 2395
548 2409
548 2421
548 2442
548 2461
548 2471
548 2473
548 2478
548 2524
548 2529
548 2539
548 2548
548 2549
548 2551
548 2554
548 2562
548 2572
548 2573
548 2581
548 2583
548 2586
548 2588
548 2589
548 2594
548 2597
548 2599
548 2602
548 2610
548 2611
548 2618
548 2619
548 2623
548 2625
548 2627
548 2630
548 2635
548 2636
548 2637
548 2642
548 2646
548 2649
548 2650
548 2658
548 2664
548 2665
548 2670
548 2678
548 2682
548 2684
548 2686
548 2689
548 2690
548 2692
548 2693
548 2703
548 2710
548 2715
548 2723
548 2742
548 2744
548 2747
548 2748
548 2755
548 2758
548 2759
548 2765
548 2769
548 2797
548 2800
548 2818
548 2819
548 2826
548 2828
548 2849
548 2850
548 2858
548 2866
548 2867
548 2868
548 2876
548 2878
548 2879
548 2887
548 2888
548 2930
548 2931
548 2933
548 2935
548 2937
548 2945
548 2950
548 2952
548 2959
548 2968
548 2980
548 2982
548 2984
548 2986
548 2988
548 2990
548 2995
548 2996
548 2998
548 2999
548 3000
548 3027
548 3029
548 3047
548 3048
548 3049
548 3050
548 3069
548 3114
548 3151
548 3152
548 3159
548 3170
548 3286
548 3339
548 3343
548 3436
548 3437
548 3438
548 3441
548 3442
548 3464
548 3512
548 3631
548 3647
548 3761
548 3851
548 3855
548 3893
548 4240
548 4374
548 4453
548 4479
548 4640
548 4663
548 4664
548 4745
548 4777
548 5783
548 5874
548 5885
548 6242
548 6279
548 6425
548 6426
548 6427
548 6428
548 6429
548 6430
548 6431
548 6432
548 6433
548 6434
548 6435
548 6436
548 6437
548 6438
548 6439
548 6440
548 6441
548 6442
548 6443
548 6444
548 6445
548 6446
548 6447
548 6448
548 6449
548 6450
548 6451
548 6452
548 6453
548 6454
548 6456
548 6457
548 6458
548 6459
548 6461
548 6462
548 6463
548 6464
548 6465
548 6466
548 6467
548 6468
548 6469
548 6470
548 6471
548 6472
548 6473
548 6474
548 6475
548 6476
548 6477
548 6478
548 6479
548 6480
548 6481
548 6482
548 6483
548 6484
548 6485
548 6486
548 6487
548 6488
548 6489
548 6490
548 6491
548 6492
548 6493
548 6494
548 6495
548 6496
548 6497
548 6498
548 6499
548 6500
548 6501
548 6502
548 6503
548 6504
548 6505
548 6506
548 6507
548 6508
548 6509
548 6510
548 6511
548 6512
548 6513
548 6514
548 6515
548 6516
548 6517
548 6518
548 6519
548 6520
548 6521
548 6522
548 6523
548 6524
548 6525
548 6526
548 6527
548 6528
548 6529
548 6530
548 6531
548 6532
548 6533
548 6534
548 6535
548 6536
548 6537
548 6538
548 6539
548 6540
548 6541
548 6542
548 6543
548 6544
548 6545
548 6546
548 6547
548 6548
548 6549
548 6550
548 6551
548 6552
548 6553
548 6554
548 6555
548 6556
548 6557
548 6558
548 6559
548 6560
548 6561
548 6562
548 6563
548 6564
548 6565
548 6566
548 6567
548 6568
548 6569
548 6570
548 6571
548 6572
548 6573
548 6574
548 6575
548 6576
548 6577
548 6578
548 6579
548 6580
548 6581
548 6582
548 6583
548 6584
548 6585
548 6586
548 6587
548 6588
548 6589
548 6590
548 6591
548 6592
548 6593
548 6594
548 6595
548 6596
548 6597
548 6598
548 6599
548 6600
548 6601
548 6602
548 6603
548 6604
548 6605
548 6606
548 6607
548 6608
548 6609
548 6610
548 6611
548 6612
548 6613
548 6614
548 6615
548 6616
548 6617
548 6618
548 6619
548 6620
548 6621
548 6622
548 6623
548 6624
548 6625
548 6626
548 6627
548 6628
548 6629
548 6630
548 6631
548 6632
548 6633
548 6634
548 6635
548 6636
548 6637
548 6638
548 6639
548 6640
548 6641
548 6642
548 6643
548 6644
548 6645
548 6646
548 6647
548 6648
548 6649
548 6650
548 6651
548 6652
548 6653
548 6654
548 6655
548 6656
548 6657
548 6658
548 6659
548 6660
548 6661
548 6662
548 6663
548 6664
548 6665
548 6666
548 6667
548 6668
548 6669
548 6670
548 6671
548 6672
548 6673
548 6674
548 6675
548 6676
548 6677
548 6678
548 6679
548 6680
548 6681
548 6682
548 6683
548 6684
548 6685
548 6686
548 6687
548 6688
548 6689
548 6690
548 6691
548 6692
548 6693
548 6694
548 6695
548 6696
548 6697
548 6698
548 6699
548 6700
548 6701
548 6702
548 6703
548 6704
548 6705
548 6707
548 6708
548 6709
548 6710
548 6711
548 6712
548 6713
548 6714
548 6715
548 6716
548 6717
548 6718
548 6719
548 6720
548 6721
548 6722
548 6723
548 6724
548 6725
548 6726
548 6727
548 6728
548 6729
548 6730
548 6731
548 6733
548 6734
548 6735
548 6736
548 6737
548 6738
548 6739
548 6740
548 6741
548 6742
548 6743
548 6744
548 6745
548 6747
548 6748
548 6749
548 6750
548 6751
548 6752
548 6753
548 6754
548 6755
548 6756
548 6757
548 6758
548 6759
548 6760
548 6761
548 6762
548 6763
548 6764
548 6765
548 6766
548 6767
548 6768
548 6769
548 6770
548 6771
548 6772
548 6773
548 6774
548 6775
548 6776
548 6777
548 6778
548 6779
548 6780
548 6781
548 6782
548 6783
548 6784
548 6785
548 6786
548 6787
548 6788
548 6789
548 6790
548 6791
548 6792
548 6793
548 6794
548 6795
548 6796
548 6797
548 6798
548 6799
548 6800
548 6801
548 6802
548 6803
548 6805
548 6806
548 6807
548 6808
548 6809
548 6810
548 6811
548 6812
548 6813
548 6814
548 6815
548 6816
548 6817
548 6818
548 6819
548 6820
548 6821
548 6822
548 6823
548 6824
548 6825
548 6826
548 6827
548 6828
548 6829
548 6830
548 6831
548 6832
548 6835
548 6836
548 6837
548 6838
548 6839
548 6840
548 6841
548 6842
548 6843
548 6844
548 6845
548 6846
548 6847
548 6848
548 6849
548 6850
548 6851
548 6852
548 6853
548 6854
548 6855
548 6856
548 6857
548 6858
548 6859
548 6860
548 6861
548 6862
548 6863
548 6864
548 6865
548 6866
548 6867
548 6868
548 6869
548 6870
548 6871
548 6872
548 6873
548 6874
548 6875
548 6876
548 6877
548 6878
548 6879
548 6880
548 6881
548 6882
548 6883
548 6884
548 6885
548 6886
548 6887
548 6888
548 6889
548 6890
548 6891
548 6892
548 6893
548 6894
548 6895
548 6896
548 6897
548 6898
548 6899
548 6900
548 6901
548 6902
548 6903
548 6904
548 6905
548 6906
548 6907
548 6908
548 6909
548 6910
548 6911
548 6912
548 6913
548 6914
548 6915
548 6916
548 6917
548 6918
548 6919
548 6920
548 6921
548 6922
548 6923
548 6924
548 6925
548 6926
548 6927
548 6928
548 6929
548 6930
548 6931
548 6932
548 6933
548 6934
548 6935
548 6936
548 6937
548 6938
548 6939
548 6940
548 6941
548 6942
548 6943
548 6944
548 6945
548 6946
548 6947
548 6948
548 6949
548 6950
548 6951
548 6952
548 6953
548 6954
548 6955
548 6956
548 6957
548 6958
548 6959
548 6960
548 6961
548 6962
548 6964
548 6965
548 6966
548 6967
548 6968
548 6969
548 6970
548 6971
548 6972
548 6973
548 6974
548 6975
548 6976
548 6977
548 6978
548 6979
548 6980
548 6981
548 6982
548 6983
548 6984
548 6985
548 6986
548 6987
548 6988
548 6989
548 6990
548 6991
548 6992
548 6993
548 6994
548 6995
548 6996
548 6997
548 6998
548 6999
548 7000
548 7001
548 7002
548 7003
548 7004
548 7005
548 7006
548 7007
548 7008
548 7009
548 7010
548 7011
548 7012
548 7013
548 7014
548 7015
548 7016
548 7017
548 7018
548 7019
548 7020
548 7021
548 7022
548 7023
548 7024
548 7025
548 7026
548 7027
548 7028
548 7030
548 7031
548 7032
548 7033
548 7034
548 7035
548 7036
548 7037
548 7038
548 7039
548 7040
548 7041
548 7042
548 7043
548 7044
548 7045
548 7046
548 7047
548 7048
548 7049
548 7050
548 7051
548 7052
548 7053
548 7054
548 7055
548 7056
548 7057
548 7058
548 7059
548 7060
548 7061
548 7062
548 7063
548 7064
548 7065
548 7066
548 7067
548 7068
548 7069
548 7070
548 7071
548 7072
548 7073
548 7074
548 7075
548 7076
548 7077
548 7078
548 7079
548 7080
548 7081
548 7082
548 7083
548 7084
548 7085
548 7086
548 7087
548 7088
548 7089
548 7090
548 7091
548 7092
548 7093
548 7094
548 7095
548 7096
548 7097
548 7098
548 7099
548 7100
548 7101
548 7102
548 7103
548 7104
548 7105
548 7106
548 7107
548 7108
548 7109
548 7110
548 7111
548 7112
548 7113
548 7114
548 7115
548 7116
548 7117
548 7118
548 7119
548 7120
548 7121
548 7122
548 7123
548 7124
548 7125
548 7126
548 7127
548 7128
548 7129
548 7130
548 7131
548 7132
548 7134
548 7135
548 7136
548 7137
548 7138
548 7139
548 7140
548 7141
548 7142
548 7143
548 7144
548 7145
548 7146
548 7147
548 7148
548 7149
548 7150
548 7151
548 7152
548 7153
548 7154
548 7155
548 7156
548 7157
548 7158
548 7159
548 7161
548 7162
548 7163
548 7164
548 7165
548 7166
548 7167
548 7169
548 7170
548 7171
548 7173
548 7174
548 7175
548 7176
548 7177
548 7178
548 7179
548 7180
548 7181
548 7182
548 7183
548 7184
548 7185
548 7186
548 7187
548 7188
548 7189
548 7190
548 7191
548 7192
548 7193
548 7194
548 7195
548 7196
548 7197
548 7198
548 7199
548 7200
548 7201
548 7202
548 7203
548 7204
548 7205
548 7206
548 7207
548 7208
548 7209
548 7210
548 7211
548 7212
548 7213
548 7214
548 7215
548 7216
548 7217
548 7218
548 7219
548 7220
548 7221
548 7222
548 7223
548 7224
548 7225
548 7226
548 7227
548 7228
548 7229
548 7230
548 7231
548 7232
548 7233
548 7234
548 7235
548 7236
548 7237
548 7238
548 7239
548 7240
548 7241
548 7242
548 7243
548 7244
548 7245
548 7246
548 7247
548 7248
548 7249
548 7250
548 7251
548 7252
548 7253
548 7254
548 7255
548 7256
548 7257
548 7258
548 7259
548 7260
548 7261
548 7262
548 7263
548 7264
548 7265
548 7266
548 7267
548 7268
548 7269
548 7270
548 7271
548 7272
548 7273
548 7274
548 7275
548 7276
548 7277
548 7278
548 7279
548 7280
548 7281
548 7282
548 7283
548 7284
548 7285
548 7286
548 7287
548 7288
548 7289
548 7290
548 7291
548 7292
548 7293
548 7295
548 7296
548 7297
548 7298
548 7299
548 7300
548 7301
548 7302
548 7303
548 7304
548 7305
548 7306
548 7307
548 7308
548 7309
548 7310
548 7311
548 7312
548 7313
548 7314
548 7315
548 7316
548 7317
548 7319
548 7320
548 7321
548 7322
548 7323
548 7324
548 7325
548 7326
548 7327
548 7328
549 367
549 1858
549 1868
549 3268
550 367
551 367
552 367
552 4393
553 367
554 369
554 554
555 372
555 1265
555 1988
555 2882
555 2893
555 3084
555 3261
555 3325
555 3506
555 3522
555 3527
555 3648
555 3916
555 4470
555 4493
555 5008
555 5044
555 5599
555 5756
555 6039
555 7478
556 373
556 407
556 848
556 3663
556 4000
556 4001
556 4358
556 6306
556 6308
556 6309
557 374
557 381
557 418
557 425
557 429
557 430
557 452
557 489
557 531
557 560
557 577
557 608
557 640
557 715
557 719
557 848
557 860
557 891
557 949
557 1024
557 1035
557 1036
557 1048
557 1055
557 1149
557 1226
557 1244
557 1265
557 1317
557 1336
557 1350
557 1492
557 1664
557 1754
557 1846
557 1942
557 2023
557 2024
557 2324
557 2373
557 2517
557 2543
557 2691
557 2842
557 2865
557 2871
557 2872
557 2914
557 3025
557 3068
557 3127
557 3336
557 3353
557 3362
557 3378
557 3471
557 3474
557 3511
557 3516
557 3522
557 3552
557 3601
557 3613
557 3616
557 3618
557 3629
557 3631
557 3632
557 3635
557 3636
557 3643
557 3644
557 3645
557 3646
557 3648
557 3649
557 3654
557 3658
557 3662
557 3664
557 3665
557 3666
557 3677
557 3685
557 3692
557 3693
557 3694
557 3695
557 3696
557 3697
557 3698
557 3699
557 3700
557 3701
557 3702
557 3703
557 3704
557 3705
557 3706
557 3709
557 3710
557 3712
557 3713
557 3714
557 3726
558 376
559 376
559 1269
559 1427
559 2485
559 2974
559 3833
559 4163
559 7598
559 8008
559 8009
559 8010
559 8011
559 8012
559 8575
560 376
560 1572
561 376
562 376
562 1273
563 376
564 376
565 376
566 376
567 376
568 376
568 510
568 517
568 521
568 848
568 1179
568 1436
568 1723
568 4293
568 4556
568 4576
569 376
570 376
571 376
571 4293
571 4393
571 4538
571 7607
572 376
572 5014
572 6306
572 6319
572 7598
573 376
574 376
574 5535
575 376
576 376
577 376
578 376
578 3996
579 376
580 376
580 3322
581 376
582 376
583 376
584 376
584 4043
584 4157
584 7965
584 8574
584 8582
584 8587
585 376
586 376
587 376
588 376
589 376
590 376
591 376
592 376
592 714
592 8345
592 8346
592 8347
593 376
594 376
595 376
596 376
597 376
597 7607
597 7608
597 7609
598 376
599 376
600 376
601 376
602 376
603 376
604 376
605 376
606 376
607 376
607 1265
608 376
609 376
609 7607
610 376
611 376
612 376
613 376
614 376
615 376
616 376
617 376
618 376
619 376
620 376
621 376
622 376
622 4293
623 376
624 376
624 8278
625 376
626 376
627 376
628 376
628 8327
629 377
630 377
631 377
631 7395
632 378
633 380
633 1020
633 1793
633 2046
633 2430
633 3455
634 381
634 429
635 382
636 382
637 382
637 1273
638 385
639 385
639 3722
639 3912
640 385
641 385
642 388
642 389
642 390
642 391
642 392
642 393
642 394
642 653
642 654
642 655
642 656
642 657
642 855
643 389
644 396
644 837
644 858
645 396
646 396
647 396
647 1585
647 3317
648 396
649 396
650 396
650 1042
650 1083
650 1150
650 1173
650 1494
650 2722
650 5780
650 5782
650 5842
651 396
652 403
652 7965
653 405
654 408
654 457
654 861
654 862
655 409
656 409
657 410
658 411
658 1265
658 5252
659 412
659 420
659 431
659 438
659 488
659 801
659 1081
659 1762
659 1803
659 1820
659 1847
659 1860
659 1864
659 1869
659 1874
659 1879
659 1893
659 1920
659 1927
659 1933
659 1944
659 1975
659 1977
659 1978
659 1994
659 1999
659 2000
659 2002
659 2004
659 2009
659 2010
659 2012
659 2075
659 2390
659 2418
659 2443
659 2518
659 2558
659 2708
659 2727
659 3976
659 3997
659 4668
659 4832
659 5508
659 7711
659 7724
659 7817
659 7818
659 7819
659 7820
659 7821
659 7822
660 415
661 416
661 489
661 2914
661 3552
661 3986
662 420
662 7598
663 420
664 420
664 4556
665 421
665 8011
666 421
667 421
668 423
668 1007
668 1149
668 4997
669 424
670 424
670 3725
671 424
671 647
671 1357
671 2735
671 3297
671 3573
671 3677
671 3967
671 4570
672 425
673 425
674 425
675 425
676 429
677 429
677 519
677 717
677 1586
677 2362
678 432
679 432
679 960
679 3381
679 6334
679 6335
679 7630
680 432
680 433
680 523
680 679
680 789
680 960
680 1357
680 1360
680 1757
680 1838
680 1878
680 1923
680 1950
680 2362
680 2373
680 2394
680 2475
680 2733
680 2871
680 2886
680 2926
680 3349
680 3364
680 3381
680 3794
680 4393
680 4493
680 4680
680 5162
680 5335
680 5480
680 5481
680 5484
680 5645
680 7496
680 7630
680 7648
681 437
681 722
681 8461
682 437
682 480
682 706
682 864
682 912
682 1020
682 1022
682 1326
682 1421
682 1471
682 2648
682 3956
683 442
684 445
684 3578
684 3642
684 3707
684 3844
684 5188
684 5189
684 5190
685 446
686 446
687 451
687 2503
688 455
689 455
689 1608
689 3455
689 8154
689 8155
689 8215
689 8382
690 456
690 511
690 887
690 892
690 2764
690 7744
690 7828
690 7829
690 7830
690 7831
690 7832
690 7833
690 7834
690 7835
690 7836
690 7965
690 8009
690 8150
690 8151
690 8566
691 457
691 5727
692 458
693 458
693 3527
693 3528
694 458
694 1008
694 4192
694 6303
695 458
695 3126
696 458
696 717
696 3833
696 5252
697 459
698 460
698 945
699 465
699 5164
700 466
700 467
701 468
702 469
703 469
703 1104
703 2749
704 469
704 517
704 647
704 1603
704 3278
704 7369
705 469
705 715
705 765
705 1427
705 2026
705 2924
705 3298
705 3467
705 4571
705 5335
705 7744
706 471
707 471
708 472
709 476
710 477
710 499
710 1181
711 480
711 886
711 1868
711 1964
711 2299
711 2485
711 4855
711 5066
711 5086
712 480
713 481
713 4963
713 5342
713 5343
713 5344
713 6305
713 6321
714 481
715 481
716 481
717 482
718 483
718 3739
718 3885
719 483
720 483
721 483
721 1497
722 483
722 484
722 2920
722 4825
722 4928
723 483
723 944
723 948
723 1872
723 7361
723 7363
723 7372
724 485
725 486
725 511
726 489
727 489
728 491
729 491
729 495
729 1763
729 3633
729 4992
729 4993
729 4994
729 4995
729 5394
729 5395
729 5396
729 5397
729 5398
729 5399
730 491
731 492
732 492
733 492
734 492
735 492
736 492
737 492
738 492
739 492
739 5680
740 492
740 554
740 717
740 1104
740 1230
740 1912
740 2076
740 2299
740 2362
740 2825
740 2847
740 3294
740 3997
740 4773
740 5598
740 5801
740 7589
740 8375
741 495
741 2908
742 495
743 495
743 1763
743 5148
743 5149
743 5150
744 495
744 887
745 495
745 902
745 5529
745 5530
745 6068
746 495
747 496
747 1031
747 1470
747 1772
747 1798
747 1822
747 2515
747 3393
747 4871
748 506
748 731
749 506
750 506
751 509
752 510
752 673
752 1050
752 1190
752 1197
752 1319
752 1648
752 1752
752 3309
752 3667
752 5007
752 5340
753 511
753 710
753 892
753 1486
753 2391
753 3020
753 4811
754 511
755 511
755 1644
756 513
756 645
757 513
757 936
757 1356
757 2831
758 515
759 517
760 519
760 791
760 888
761 519
762 519
762 5617
763 519
764 523
765 523
765 3633
766 527
767 531
767 3619
768 531
768 535
768 536
768 1039
769 536
770 537
771 538
772 539
773 540
774 541
774 4260
774 4269
774 4286
775 542
776 547
776 4738
777 554
777 886
777 930
777 1757
777 4583
778 556
779 557
780 558
780 1273
781 558
782 565
783 565
784 565
784 1265
784 1725
784 1868
784 4715
784 4716
784 5620
784 8326
785 565
786 567
786 2764
786 4293
786 4754
786 4755
786 5969
786 7478
787 567
788 570
789 573
790 573
791 573
791 2439
791 4520
791 5328
791 5666
792 576
793 577
794 577
794 804
794 2371
794 2525
794 2563
795 577
796 577
797 577
797 931
797 1872
797 1936
798 578
799 578
799 802
799 2736
799 3766
799 3771
799 3877
800 582
800 1398
800 3041
800 3630
801 585
802 585
803 586
803 643
803 645
803 1383
804 595
804 713
804 729
804 845
804 891
804 1281
804 1373
804 1418
804 1468
804 1645
804 1846
804 2268
804 2925
804 3291
804 3446
804 3447
804 3448
804 3633
804 3848
805 596
805 973
805 1311
805 2895
805 3206
805 3255
805 3475
805 4587
806 599
807 602
807 1373
807 3842
808 603
808 5210
808 5211
808 5385
809 613
810 614
810 1061
810 1078
811 615
811 7607
811 8355
812 617
813 621
814 623
815 629
815 5069
815 5070
816 632
817 632
817 966
818 632
819 632
820 632
820 1736
820 3103
821 632
822 634
823 635
823 719
823 1275
823 1276
823 2441
823 2886
823 4163
824 637
825 637
825 781
825 1031
825 2394
825 5817
826 638
827 638
828 638
829 638
829 712
829 789
829 792
829 804
829 1336
829 1427
829 2491
829 2892
829 2893
829 2920
829 2960
829 2961
829 3474
829 3485
829 3539
829 3658
829 3950
829 4455
829 4462
829 4476
829 4484
829 4533
829 4693
829 4743
829 4753
829 4765
829 4766
829 4848
829 4957
829 5200
829 5560
829 5731
829 7630
830 639
830 1265
830 4690
830 4691
830 4712
830 4717
830 4817
830 4818
831 644
832 645
832 1651
832 2838
832 3365
833 647
834 647
835 647
835 1802
835 5540
836 647
837 647
838 647
839 647
839 2025
840 651
840 925
840 2015
840 2975
841 658
841 2355
842 658
842 3963
843 658
844 658
845 658
846 658
847 672
847 906
847 2889
847 3722
847 7598
848 672
848 924
848 1132
848 1228
848 1358
848 1365
848 2011
848 2272
848 3539
848 3612
848 5481
848 5508
848 5530
848 5804
848 7759
848 7760
848 7761
849 675
849 979
850 675
850 8120
851 676
851 778
851 779
851 780
851 1480
851 2277
851 2280
852 676
853 703
854 710
854 3349
855 710
855 1497
856 710
857 711
858 712
859 712
860 715
861 715
861 3127
861 8601
862 715
862 2914
863 715
864 717
865 719
865 3362
865 6282
865 7598
866 722
866 1844
867 722
868 722
869 722
869 7697
869 7698
870 722
871 722
871 908
872 730
873 730
873 1497
873 8605
874 733
874 774
875 733
876 733
877 733
878 733
879 733
879 796
879 4874
880 733
881 733
882 733
882 2685
882 2971
882 3124
882 7888
882 8084
883 735
884 744
885 744
886 744
887 745
888 745
889 745
889 1360
889 1367
889 5695
890 745
891 745
892 772
893 773
893 974
893 4571
894 775
894 869
894 1988
895 775
896 783
897 784
898 784
899 784
900 784
900 1481
900 1811
900 6332
901 786
902 788
903 789
903 794
904 789
904 2655
904 2656
905 789
906 789
907 791
907 3377
908 791
908 1248
908 5434
908 5575
908 8005
908 8006
908 8022
908 8023
908 8024
908 8025
908 8026
908 8027
909 792
910 793
911 793
912 797
913 797
913 1166
913 2705
913 3139
913 3882
913 3883
914 797
914 8009
915 797
915 1173
916 797
917 797
918 797
918 976
918 3683
919 797
920 797
921 797
922 797
923 797
923 2705
923 5224
924 797
925 797
925 2652
925 5416
926 797
927 797
928 797
929 797
930 804
930 2695
931 804
932 804
933 804
934 804
934 3780
934 5020
935 807
936 807
937 807
937 7437
938 834
938 835
938 2735
938 3743
939 836
940 840
941 840
942 840
942 1876
942 2960
942 2971
942 3348
943 840
944 840
945 842
946 842
947 845
948 848
949 848
950 848
951 849
952 849
952 1062
952 1090
953 850
953 1494
954 854
955 856
956 858
956 5471
956 5670
956 5671
956 6088
956 6089
957 860
958 863
959 863
959 2865
959 4514
959 5006
959 7365
959 7368
959 7371
960 864
960 4552
960 4719
961 864
961 3568
961 4747
962 866
962 1265
963 866
964 868
964 1848
965 868
966 868
966 5401
966 5402
966 5403
966 5404
966 5405
966 5406
966 5407
966 5413
966 5441
966 5445
966 5479
967 872
968 874
969 874
970 875
971 885
971 8623
971 8624
971 8629
971 8630
972 886
972 2908
972 2909
973 886
974 887
974 903
974 3385
974 3386
975 887
976 887
977 887
978 887
979 887
980 887
980 3092
981 888
981 2587
981 2917
981 3099
981 3109
981 5545
981 6282
982 888
983 892
983 1395
984 892
985 892
986 894
987 898
988 898
989 902
990 903
990 912
990 2051
990 2761
991 903
992 908
993 908
994 908
995 912
995 1173
995 1309
995 2831
996 912
997 913
997 1121
998 919
998 3629
998 8384
999 920
1000 920
1001 921
1002 921
1002 5045
1003 921
1004 924
1005 924
1005 2802
1005 5381
1006 924
1007 924
1008 925
1009 925
1009 4881
1010 926
1011 930
1011 1123
1011 1203
1012 930
1013 930
1014 936
1015 936
1015 3120
1016 949
1017 949
1018 951
1018 4916
1019 952
1020 953
1021 953
1022 955
1022 975
1022 1742
1023 955
1023 1181
1024 956
1024 957
1024 2293
1024 4024
1025 963
1025 1201
1025 1632
1025 1897
1025 2301
1025 2401
1025 3120
1025 4385
1025 5038
1025 6316
1025 7334
1026 964
1027 965
1028 966
1028 1584
1028 2391
1028 2399
1028 2400
1029 966
1030 966
1030 1239
1030 2862
1030 2911
1030 3675
1031 966
1031 7868
1031 7869
1031 7870
1032 974
1033 974
1033 1166
1033 4928
1034 974
1034 1245
1034 1247
1034 1269
1034 7598
1034 8063
1035 974
1036 974
1037 976
1038 976
1039 976
1040 976
1041 976
1042 976
1043 976
1044 976
1044 1427
1044 4584
1044 5981
1044 7350
1044 8422
1044 8423
1044 8424
1044 8425
1044 8426
1044 8427
1044 8428
1044 8429
1044 8430
1044 8431
1044 8432
1044 8433
1044 8434
1044 8435
1044 8436
1044 8437
1044 8438
1045 980
1046 980
1047 980
1048 1008
1048 1469
1048 3633
1049 1008
1049 2811
1049 2983
1049 4777
1049 5156
1049 6564
1049 7342
1049 7381
1049 7382
1050 1008
1051 1008
1051 4947
1051 6125
1051 6176
1051 7742
1051 7773
1051 7857
1051 8562
1052 1010
1053 1013
1054 1015
1055 1018
1056 1025
1057 1029
1057 7598
1058 1032
1059 1034
1059 1253
1060 1035
1061 1039
1062 1039
1063 1039
1063 1615
1063 4127
1063 4849
1064 1039
1065 1042
1065 1150
1065 3113
1065 3495
1065 4958
1066 1044
1067 1054
1067 5685
1068 1061
1069 1078
1069 2652
1069 2709
1069 3036
1070 1080
1070 3636
1070 5373
1070 5374
1071 1081
1072 1082
1072 4031
1072 4037
1072 4193
1072 4211
1072 4239
1072 4241
1073 1098
1073 3820
1074 1104
1075 1112
1076 1112
1076 1421
1077 1121
1077 1795
1077 5400
1078 1123
1079 1123
1080 1129
1080 1182
1080 1341
1080 1815
1080 2469
1080 3105
1080 3167
1080 3178
1080 3727
1080 3728
1080 3729
1080 3730
1080 3731
1080 3867
1080 6415
1080 7516
1080 8190
1080 8192
1081 1130
1082 1139
1082 1651
1083 1141
1084 1154
1085 1166
1085 1730
1085 1828
1085 1989
1085 3139
1085 3329
1085 3499
1085 3568
1085 3882
1085 4026
1085 4204
1085 4206
1085 4346
1085 4377
1085 4928
1086 1166
1087 1166
1087 3738
1088 1166
1089 1166
1089 2399
1090 1166
1090 2705
1090 3890
1091 1166
1092 1166
1092 3882
1092 4452
1093 1166
1093 3499
1094 1166
1095 1166
1096 1166
1096 3499
1097 1166
1098 1166
1098 1273
1098 4773
1098 5381
1098 5393
1099 1166
1100 1166
1100 4552
1101 1166
1102 1168
1103 1172
1103 4575
1104 1173
1105 1173
1105 3630
1105 3668
1106 1178
1106 3648
1107 1190
1107 3479
1107 3842
1108 1193
1108 5480
1109 1197
1110 1200
1110 3610
1110 3628
1111 1204
1112 1230
1113 1237
1113 1265
1113 8053
1113 8054
1113 8285
1113 8296
1113 8297
1113 8316
1113 8328
1113 8329
1113 8598
1114 1238
1114 2628
1114 3827
1114 5621
1115 1238
1116 1240
1116 3325
1116 5408
1117 1246
1118 1254
1119 1265
1119 2764
1119 3718
1119 4615
1119 4637
1119 4638
1119 4639
1119 4640
1119 4641
1119 4642
1119 4643
1119 4644
1119 4645
1119 4646
1119 4647
1119 4648
1119 4649
1119 4650
1119 4651
1119 4652
1119 4653
1119 4654
1119 4655
1119 4656
1119 4657
1119 4658
1119 4659
1119 4660
1119 4661
1119 4662
1119 4663
1119 4664
1119 4700
1119 4701
1119 4702
1119 4703
1119 4704
1119 4705
1119 4706
1119 4707
1119 4708
1119 4709
1119 4710
1119 4711
1120 1265
1120 1735
1120 1870
1121 1265
1122 1265
1123 1265
1124 1265
1125 1265
1125 5022
1125 7640
1126 1265
1127 1265
1128 1265
1129 1265
1130 1265
1130 4845
1130 4846
1130 4913
1131 1265
1131 3990
1131 4293
1131 5165
1131 5166
1131 5356
1131 5678
1131 5679
1131 6288
1131 6289
1131 6290
1131 6291
1131 6292
1131 6293
1132 1265
1133 1265
1134 1265
1135 1265
1135 5751
1136 1265
1136 1273
1137 1265
1138 1265
1139 1269
1139 8566
1140 1269
1140 4043
1140 4157
1140 4163
1140 4164
1140 6311
1140 6321
1140 7598
1140 7603
1140 8008
1140 8011
1140 8574
1140 8575
1141 1269
1141 4043
1141 4164
1141 4358
1141 6301
1141 6302
1141 6309
1141 7603
1141 7811
1141 7965
1141 8012
1141 8016
1141 8018
1141 8566
1142 1269
1142 4041
1142 4043
1142 4157
1142 4163
1142 6302
1142 6306
1142 7601
1142 8566
1142 8567
1142 8572
1142 8573
1142 8574
1142 8575
1142 8596
1143 1269
1143 7640
1143 7965
1143 8503
1144 1273
1145 1273
1146 1273
1147 1273
1147 2766
1147 2767
1148 1273
1148 3704
1149 1273
1150 1273
1150 1335
1150 3989
1151 1273
1152 1273
1153 1273
1153 2831
1153 5043
1154 1273
1155 1273
1156 1273
1156 5494
1157 1273
1158 1273
1159 1273
1160 1273
1160 7982
1161 1273
1161 8323
1162 1273
1162 1700
1162 8447
1163 1274
1163 2698
1163 2962
1163 3801
1163 4583
1163 4794
1163 5708
1163 5709
1163 5716
1163 5717
1163 5718
1163 6212
1163 6213
1163 6214
1163 6307
1163 7401
1163 7993
1163 7994
1163 8010
1163 8012
1163 8043
1163 8044
1163 8045
1163 8569
1163 8572
1163 8574
1163 8582
1163 8583
1163 8586
1163 8591
1164 1289
1164 5766
1164 8566
1165 1290
1165 1476
1166 1293
1166 3848
1167 1326
1167 4620
1168 1327
1169 1343
1170 1345
1170 4538
1171 1356
1171 1727
1171 2764
1171 7639
1171 7641
1171 7665
1171 7670
1171 7692
1171 7693
1172 1356
1173 1370
1174 1375
1175 1377
1176 1383
1177 1383
1178 1383
1179 1383
1180 1394
1181 1399
1181 2419
1182 1399
1183 1399
1184 1400
1185 1421
1185 2001
1185 2362
1185 2648
1186 1421
1186 1966
1186 7605
1186 7610
1187 1421
1188 1423
1189 1424
1190 1427
1190 3137
1191 1427
1192 1427
1193 1427
1194 1427
1195 1427
1196 1427
1197 1427
1198 1427
1198 4555
1199 1427
1199 1651
1200 1427
1200 4584
1200 8158
1201 1429
1202 1464
1203 1469
1203 1908
1203 2094
1203 2515
1203 2815
1203 5089
1204 1476
1204 3836
1204 5251
1205 1481
1205 1585
1205 1651
1205 2143
1205 2926
1205 3524
1205 3723
1205 3724
1205 3774
1205 3827
1205 3853
1205 3902
1205 4270
1205 4271
1205 4584
1205 4854
1206 1483
1207 1486
1208 1491
1209 1494
1209 2290
1210 1494
1210 3678
1211 1494
1211 4473
1211 7965
1212 1494
1213 1494
1214 1494
1215 1494
1216 1494
1217 1497
1218 1573
1219 1573
1219 1700
1219 2733
1219 2824
1220 1573
1221 1573
1222 1573
1223 1582
1224 1586
1224 2743
1224 3772
1224 3779
1225 1586
1226 1586
1227 1586
1227 2485
1228 1586
1229 1586
1230 1586
1231 1586
1232 1586
1232 4928
1232 5408
1232 5517
1233 1592
1234 1601
1235 1608
1236 1644
1237 1648
1237 5165
1238 1651
1238 2696
1238 2697
1238 2698
1238 2699
1238 2700
1238 2892
1238 3002
1238 4936
1238 7383
1239 1651
1240 1651
1241 1651
1241 1958
1241 3968
1241 3969
1241 6333
1241 6340
1241 6341
1241 6342
1241 7601
1242 1651
1242 4342
1243 1651
1244 1651
1245 1651
1245 4552
1246 1651
1247 1651
1248 1651
1249 1651
1250 1651
1251 1651
1251 6247
1251 6248
1252 1651
1253 1651
1253 5544
1254 1651
1254 2920
1254 2961
1254 5595
1254 5638
1255 1651
1255 5550
1256 1651
1256 1936
1256 2088
1256 2733
1256 3820
1256 4578
1256 5119
1256 5560
1256 5561
1256 5563
1257 1651
1257 6336
1258 1651
1259 1651
1259 4293
1260 1651
1261 1655
1262 1657
1263 1658
1264 1666
1265 1700
1265 1702
1266 1700
1267 1700
1267 3563
1268 1700
1268 5167
1269 1700
1269 5972
1269 8342
1270 1700
1270 2871
1270 5356
1271 1700
1272 1706
1273 1706
1273 5223
1274 1714
1275 1714
1276 1714
1276 4293
1276 5969
1277 1718
1278 1718
1279 1727
1279 3012
1279 4400
1280 1727
1280 8170
1280 8171
1280 8172
1280 8633
1280 8634
1280 8635
1281 1730
1281 4789
1282 1735
1283 1736
1284 1736
1285 1736
1286 1736
1287 1744
1288 1751
1288 4969
1288 5484
1288 5528
1288 5784
1289 1754
1290 1763
1291 1767
1291 2899
1292 1767
1293 1768
1294 1772
1295 1778
1296 1783
1296 1784
1296 1980
1296 2277
1297 1796
1298 1802
1298 1849
1298 1854
1299 1802
1300 1802
1300 3829
1301 1802
1302 1817
1302 3569
1302 3570
1303 1819
1304 1823
1304 5601
1304 5602
1304 5603
1304 5604
1304 5605
1304 5606
1304 5607
1304 5608
1304 5609
1304 5612
1304 5613
1305 1829
1306 1837
1307 1868
1308 1868
1309 1868
1310 1868
1311 1871
1312 1896
1313 1897
1314 1897
1315 1899
1316 1901
1317 1908
1318 1936
1319 1942
1320 1949
1321 1951
1321 3976
1322 1952
1323 1957
1323 3494
1323 3749
1324 1958
1325 1959
1325 4038
1326 1959
1326 2051
1326 7447
1327 1966
1327 3813
1328 1966
1329 1970
1330 1986
1330 3312
1330 3320
1330 3956
1330 4624
1330 6006
1331 1986
1332 2001
1333 2001
1333 5257
1334 2001
1335 2001
1336 2001
1337 2023
1338 2024
1339 2024
1340 2025
1340 2356
1341 2025
1342 2025
1343 2026
1344 2027
1344 2306
1344 2307
1344 2924
1344 2925
1344 2926
1344 6302
1344 6303
1344 6304
1344 6311
1344 7603
1344 7965
1344 8008
1345 2040
1345 8152
1346 2041
1347 2041
1348 2051
1349 2076
1350 2076
1351 2087
1351 2092
1352 2087
1352 4989
1353 2088
1354 2088
1355 2092
1355 5710
1356 2096
1357 2098
1357 3139
1358 2098
1359 2098
1359 2847
1359 3816
1359 7719
1360 2098
1361 2107
1362 2129
1363 2129
1364 2129
1365 2139
1365 4853
1365 5393
1366 2140
1366 2210
1366 3769
1366 3770
1367 2140
1367 2147
1367 2148
1367 2149
1367 2150
1367 2151
1367 2152
1367 2153
1367 2154
1367 2155
1367 2156
1367 2157
1367 2158
1367 2159
1367 2160
1367 2161
1367 2162
1367 2163
1367 2164
1367 2165
1367 2166
1367 2167
1367 2168
1367 2169
1367 2170
1367 2171
1367 2172
1367 2173
1367 2174
1367 2175
1367 2176
1367 2177
1367 2178
1367 2179
1367 2180
1367 2181
1367 2182
1367 2183
1367 2184
1367 2185
1367 2186
1367 2187
1367 2188
1367 2189
1367 2190
1367 2191
1367 2192
1367 2193
1367 2194
1367 2195
1367 2196
1367 2197
1367 2198
1367 2199
1367 2200
1367 2201
1367 2202
1367 2203
1367 2204
1367 2205
1367 2206
1367 2207
1367 2208
1367 2209
1367 2210
1367 2211
1367 2212
1367 2213
1367 2214
1367 2215
1367 2216
1367 2217
1367 2218
1367 2219
1367 2220
1367 2221
1367 2222
1367 2223
1367 2224
1367 2225
1367 2226
1367 2227
1367 2228
1367 2229
1367 2230
1367 2231
1367 2232
1367 2233
1367 2234
1367 2235
1367 2236
1367 2237
1367 2238
1367 2239
1367 2240
1367 2241
1367 2242
1367 2243
1367 2244
1367 2245
1367 2246
1367 2247
1367 2248
1367 2249
1367 2250
1367 2251
1367 2252
1367 2253
1367 2254
1367 2255
1367 2256
1367 2257
1367 2258
1367 2259
1367 2260
1367 2261
1367 2262
1367 2263
1367 2264
1367 2265
1367 2267
1367 2269
1367 2270
1367 2271
1367 2275
1367 2276
1367 2278
1367 2279
1367 2281
1367 2283
1367 2286
1367 2288
1367 2294
1367 2304
1367 2308
1367 2309
1367 2310
1367 2315
1367 2322
1367 2323
1367 2330
1367 2341
1367 2349
1367 2358
1367 2359
1367 2369
1367 2370
1367 2377
1367 2378
1367 2388
1367 2395
1367 2397
1367 2409
1367 2415
1367 2416
1367 2421
1367 2433
1367 2436
1367 2442
1367 2460
1367 2461
1367 2462
1367 2463
1367 2470
1367 2471
1367 2472
1367 2473
1367 2478
1367 2488
1367 2489
1367 2498
1367 2499
1367 2500
1367 2501
1367 2502
1367 2522
1367 2523
1367 2524
1367 2528
1367 2529
1367 2530
1367 2536
1367 2538
1367 2539
1367 2540
1367 2541
1367 2548
1367 2549
1367 2550
1367 2551
1367 2552
1367 2553
1367 2554
1367 2555
1367 2556
1367 2557
1367 2561
1367 2562
1367 2567
1367 2568
1367 2569
1367 2570
1367 2572
1367 2573
1367 2576
1367 2578
1367 2579
1367 2580
1367 2581
1367 2582
1367 2583
1367 2584
1367 2586
1367 2587
1367 2588
1367 2589
1367 2594
1367 2595
1367 2596
1367 2597
1367 2598
1367 2599
1367 2600
1367 2601
1367 2602
1367 2603
1367 2609
1367 2610
1367 2611
1367 2616
1367 2617
1367 2618
1367 2619
1367 2622
1367 2623
1367 2624
1367 2625
1367 2626
1367 2627
1367 2629
1367 2630
1367 2635
1367 2636
1367 2637
1367 2638
1367 2640
1367 2641
1367 2642
1367 2644
1367 2645
1367 2646
1367 2649
1367 2650
1367 2651
1367 2658
1367 2663
1367 2664
1367 2665
1367 2666
1367 2669
1367 2670
1367 2675
1367 2676
1367 2677
1367 2678
1367 2682
1367 2686
1367 2687
1367 2689
1367 2690
1367 2692
1367 2693
1367 2694
1367 2703
1367 2706
1367 2710
1367 2711
1367 2712
1367 2713
1367 2714
1367 2715
1367 2716
1367 2717
1367 2721
1367 2723
1367 2730
1367 2731
1367 2738
1367 2740
1367 2742
1367 2743
1367 2744
1367 2745
1367 2746
1367 2747
1367 2748
1367 2752
1367 2754
1367 2755
1367 2758
1367 2759
1367 2764
1367 2765
1367 2768
1367 2769
1367 2776
1367 2777
1367 2794
1367 2796
1367 2797
1367 2798
1367 2799
1367 2800
1367 2807
1367 2808
1367 2817
1367 2818
1367 2819
1367 2826
1367 2827
1367 2828
1367 2829
1367 2839
1367 2840
1367 2841
1367 2849
1367 2850
1367 2851
1367 2852
1367 2856
1367 2857
1367 2858
1367 2864
1367 2866
1367 2867
1367 2868
1367 2875
1367 2876
1367 2877
1367 2878
1367 2879
1367 2883
1367 2884
1367 2887
1367 2888
1367 2890
1367 2898
1367 2928
1367 2929
1367 2930
1367 2931
1367 2932
1367 2933
1367 2934
1367 2935
1367 2936
1367 2937
1367 2938
1367 2939
1367 2940
1367 2941
1367 2942
1367 2943
1367 2944
1367 2945
1367 2946
1367 2947
1367 2948
1367 2949
1367 2950
1367 2951
1367 2952
1367 2953
1367 2954
1367 2955
1367 2956
1367 2958
1367 2959
1367 2968
1367 2973
1367 2980
1367 2981
1367 2982
1367 2983
1367 2984
1367 2985
1367 2986
1367 2987
1367 2988
1367 2998
1367 2999
1368 2146
1369 2282
1370 2285
1370 4573
1371 2287
1372 2305
1372 2312
1372 2313
1372 2314
1372 2315
1373 2305
1373 2312
1374 2305
1375 2305
1376 2305
1377 2305
1378 2305
1379 2324
1379 2566
1379 6328
1380 2324
1380 2485
1380 3261
1380 4526
1381 2331
1382 2345
1383 2345
1384 2347
1385 2350
1386 2352
1387 2354
1388 2356
1389 2356
1390 2362
1390 2722
1391 2371
1392 2371
1393 2371
1394 2389
1395 2392
1396 2392
1397 2394
1397 2926
1398 2394
1399 2394
1400 2394
1400 5754
1400 5755
1401 2394
1402 2394
1402 6397
1402 6398
1403 2398
1404 2434
1405 2435
1405 2621
1406 2450
1407 2450
1408 2450
1409 2465
1410 2465
1411 2465
1412 2469
1413 2481
1414 2482
1415 2485
1415 2733
1416 2485
1417 2491
1417 3100
1418 2503
1419 2517
1419 3512
1419 3677
1420 2517
1421 2517
1422 2545
1423 2564
1424 2575
1425 2585
1426 2587
1426 2977
1426 2978
1426 3007
1426 3587
1426 3605
1427 2607
1428 2607
1429 2612
1430 2612
1431 2615
1432 2623
1432 3530
1432 5938
1433 2648
1434 2648
1435 2648
1436 2648
1437 2661
1437 3691
1438 2661
1438 4823
1439 2674
1440 2675
1440 3329
1440 3443
1440 7614
1441 2681
1442 2684
1443 2685
1444 2685
1445 2704
1446 2705
1447 2718
1448 2722
1449 2722
1450 2722
1451 2728
1452 2733
1453 2733
1454 2733
1455 2733
1456 2733
1457 2735
1458 2735
1459 2735
1460 2735
1461 2751
1462 2753
1463 2753
1463 3897
1463 3898
1464 2757
1465 2757
1466 2764
1466 3727
1466 3728
1467 2764
1467 4739
1467 4740
1468 2764
1468 4742
1468 4744
1469 2764
1469 4974
1469 4975
1470 2764
1470 5384
1470 5386
1471 2764
1471 4041
1471 8016
1471 8567
1472 2801
1473 2802
1473 3092
1473 3862
1474 2802
1475 2806
1476 2814
1476 5323
1477 2821
1478 2825
1479 2827
1479 2843
1480 2830
1481 2833
1482 2842
1482 3362
1482 7946
1482 8131
1482 8135
1482 8141
1482 8153
1482 8156
1482 8270
1482 8272
1482 8289
1482 8354
1482 8379
1482 8380
1482 8514
1482 8563
1482 8632
1482 8638
1483 2847
1484 2847
1485 2857
1485 3652
1485 3800
1486 2857
1486 4384
1486 4385
1486 4386
1486 4387
1486 4401
1487 2857
1487 4261
1488 2857
1488 4261
1489 2857
1489 4261
1489 4616
1490 2862
1491 2863
1492 2865
1493 2865
1494 2870
1495 2872
1496 2880
1497 2885
1497 3562
1497 4870
1498 2886
1498 3514
1499 2892
1499 4520
1500 2895
1501 2896
1502 2900
1503 2914
1504 2914
1505 2914
1505 7640
1506 2914
1507 2914
1507 5751
1507 7877
1508 2923
1509 2927
1510 2927
1510 7478
1511 2990
1512 3013
1513 3040
1514 3041
1515 3054
1516 3058
1516 3112
1516 3264
1517 3068
1518 3084
1519 3092
1520 3100
1521 3100
1522 3111
1523 3117
1524 3126
1525 3126
1526 3129
1526 4920
1527 3137
1528 3139
1529 3140
1529 3189
1529 3257
1529 3759
1529 4330
1529 4339
1529 4804
1530 3147
1531 3184
1532 3189
1533 3232
1534 3248
1534 3827
1535 3258
1536 3264
1537 3264
1538 3265
1538 3266
1539 3278
1540 3285
1541 3290
1542 3291
1543 3296
1543 3833
1544 3297
1544 5504
1545 3298
1546 3304
1547 3310
1548 3312
1549 3321
1550 3321
1551 3321
1552 3322
1553 3322
1554 3322
1554 4689
1555 3322
1556 3322
1557 3329
1558 3329
1559 3329
1560 3329
1561 3332
1562 3348
1563 3348
1564 3352
1565 3352
1566 3353
1566 3362
1566 3504
1567 3359
1568 3362
1568 3522
1569 3377
1570 3392
1570 3503
1571 3443
1572 3450
1573 3455
1574 3455
1574 4438
1574 4863
1574 6303
1575 3455
1575 5684
1576 3473
1577 3473
1577 3478
1577 3610
1578 3479
1578 3875
1579 3479
1580 3490
1581 3496
1582 3499
1583 3499
1584 3499
1585 3499
1586 3499
1587 3499
1588 3499
1589 3499
1590 3509
1591 3514
1592 3514
1593 3529
1594 3529
1595 3542
1595 3543
1596 3552
1597 3552
1598 3552
1599 3552
1600 3558
1601 3563
1602 3567
1603 3568
1603 3638
1604 3572
1604 3580
1604 3950
1604 4163
1604 7965
1604 8575
1605 3572
1606 3573
1607 3586
1607 3601
1608 3588
1609 3588
1610 3588
1611 3588
1612 3589
1612 3590
1613 3600
1614 3602
1615 3609
1616 3615
1617 3618
1617 3871
1618 3624
1619 3630
1620 3633
1621 3633
1622 3633
1623 3636
1624 3647
1624 4599
1624 4928
1625 3648
1626 3650
1626 3651
1626 3760
1627 3653
1628 3656
1629 3666
1630 3679
1631 3680
1632 3681
1633 3681
1633 4679
1634 3681
1635 3683
1635 3950
1636 3683
1637 3683
1638 3688
1639 3707
1639 4768
1640 3708
1641 3711
1642 3716
1643 3717
1644 3719
1644 8574
1644 8582
1644 8593
1644 8636
1645 3722
1645 7965
1646 3726
1647 3732
1648 3733
1648 4595
1648 8010
1649 3737
1650 3740
1651 3740
1652 3741
1653 3741
1654 3745
1654 3839
1654 5369
1654 6320
1655 3747
1656 3747
1657 3750
1658 3750
1659 3751
1660 3753
1661 3757
1662 3760
1662 3773
1662 3926
1662 3927
1662 3928
1662 3933
1662 3939
1662 3940
1662 3941
1662 3943
1662 3944
1662 3954
1662 3962
1662 3970
1662 4036
1662 4191
1662 4232
1662 4236
1662 4307
1662 4376
1662 4381
1662 4382
1662 4388
1662 4389
1662 4391
1662 4392
1662 4488
1662 4489
1662 4490
1662 4491
1662 4592
1662 4593
1662 4594
1662 4596
1662 4597
1662 4598
1662 4600
1662 4601
1662 4602
1662 4603
1662 4604
1662 4613
1662 4614
1662 4674
1662 4675
1662 4722
1662 4723
1662 4724
1662 4725
1662 4726
1662 4727
1662 4728
1662 4731
1662 4732
1662 4733
1662 4734
1662 4748
1662 4750
1662 4755
1662 4757
1662 4758
1662 4759
1662 4760
1662 4761
1662 4762
1662 4763
1662 4779
1662 4806
1662 4807
1662 4849
1662 4850
1662 4851
1662 4852
1662 4856
1662 4858
1662 4879
1662 4883
1662 4933
1662 4954
1662 4955
1662 4956
1662 4959
1662 4978
1662 5028
1662 5029
1662 5077
1662 5078
1662 5079
1662 5080
1662 5087
1662 5102
1662 5125
1662 5131
1662 5138
1662 5139
1662 5140
1662 5144
1662 5145
1662 5146
1662 5157
1662 5158
1662 5159
1662 5178
1662 5179
1662 5198
1662 5199
1662 5204
1662 5225
1662 5255
1662 5258
1662 5272
1662 5274
1662 5277
1662 5278
1662 5290
1662 5301
1662 5302
1662 5324
1662 5325
1662 5330
1662 5336
1662 5353
1662 5354
1662 5367
1662 5368
1662 5371
1662 5376
1662 5388
1662 5389
1662 5449
1662 5450
1662 5451
1662 5452
1662 5453
1662 5499
1662 5500
1662 5511
1662 5512
1662 5522
1662 5523
1662 5524
1662 5525
1662 5526
1662 5549
1662 5556
1662 5593
1662 5594
1662 5636
1662 5637
1662 5651
1662 5652
1662 5654
1662 5655
1662 5656
1662 5659
1662 5660
1662 5662
1662 5663
1662 5668
1662 5669
1662 5670
1662 5671
1662 5674
1662 5675
1662 5676
1662 5732
1662 5734
1662 5735
1662 5738
1662 5767
1662 5769
1662 6051
1662 6064
1662 6072
1662 6073
1662 6076
1662 6086
1662 6087
1662 6334
1662 6337
1662 6338
1662 6346
1662 6368
1662 6369
1662 6371
1662 6404
1662 6409
1662 6413
1662 6414
1662 6415
1662 6422
1663 3764
1663 7878
1664 3766
1664 3767
1665 3773
1666 3774
1667 3776
1668 3777
1669 3778
1670 3782
1671 3784
1672 3788
1672 3789
1673 3788
1674 3788
1674 3789
1675 3788
1675 8574
1675 8582
1675 8584
1675 8585
1676 3802
1677 3809
1677 3814
1678 3815
1678 8361
1678 8362
1678 8459
1678 8460
1679 3816
1680 3818
1681 3820
1682 3822
1682 4411
1683 3822
1683 4698
1684 3822
1685 3824
1686 3825
1687 3827
1688 3827
1688 7762
1689 3833
1690 3834
1691 3836
1691 3837
1692 3836
1692 4194
1692 4195
1693 3836
1694 3836
1694 4811
1694 4820
1695 3838
1696 3842
1697 3845
1697 3846
1698 3847
1699 3854
1700 3855
1700 6352
1700 6353
1701 3857
1702 3858
1702 4871
1703 3859
1704 3861
1705 3863
1706 3867
1706 4436
1707 3869
1707 3875
1708 3875
1709 3876
1710 3884
1711 3887
1711 3888
1711 5292
1711 6028
1711 6347
1711 7354
1711 7355
1711 7356
1711 7357
1711 8121
1712 3891
1713 3893
1714 3896
1715 3900
1716 3901
1717 3903
1718 3904
1719 3911
1720 3911
1720 4504
1721 3914
1722 3920
1722 3921
1723 3923
1723 3925
1724 3924
1725 3924
1726 3929
1726 3930
1726 3931
1726 3932
1726 3935
1726 3936
1726 3937
1726 3947
1726 3948
1726 3949
1726 3951
1726 4306
1727 3929
1727 3937
1727 4837
1727 4838
1728 3938
1729 3945
1730 3950
1731 3953
1732 3955
1733 3956
1734 3959
1735 3964
1735 3965
1735 3966
1736 3968
1736 3986
1736 3988
1736 4011
1736 4015
1736 4017
1736 4617
1736 4618
1736 4619
1736 5661
1737 3969
1738 3971
1739 3971
1740 3972
1741 3973
1742 3974
1743 3976
1744 3978
1744 5915
1745 3980
1746 3982
1747 3983
1748 3984
1749 3986
1750 3996
1751 4001
1751 7595
1752 4009
1753 4021
1754 4022
1755 4027
1756 4041
1756 8567
1757 4086
1758 4164
1758 6311
1759 4164
1759 4814
1760 4228
1761 4240
1762 4259
1763 4272
1764 4272
1765 4293
1766 4293
1766 5908
1766 8046
1766 8391
1767 4293
1768 4293
1768 4957
1768 6333
1768 6336
1768 7331
1769 4293
1770 4293
1771 4293
1772 4295
1773 4296
1773 4505
1773 8011
1774 4296
1775 4297
1776 4301
1777 4302
1778 4304
1779 4305
1780 4341
1781 4348
1781 4349
1782 4358
1782 6282
1782 6304
1782 6305
1782 6306
1782 7640
1782 8017
1783 4358
1783 4936
1783 6305
1783 6306
1783 6308
1784 4358
1784 6304
1784 6305
1785 4358
1786 4374
1787 4385
1788 4394
1789 4394
1790 4402
1790 7758
1790 7813
1791 4403
1792 4404
1793 4407
1794 4413
1795 4414
1796 4417
1797 4429
1798 4433
1799 4437
1800 4439
1800 4440
1801 4441
1802 4442
1803 4442
1804 4453
1805 4455
1805 7965
1806 4456
1807 4457
1808 4459
1809 4461
1810 4465
1810 4466
1811 4469
1812 4470
1813 4471
1814 4472
1815 4478
1816 4479
1817 4485
1817 6282
1818 4492
1819 4495
1820 4496
1821 4498
1822 4502
1823 4509
1823 4510
1823 8009
1824 4512
1825 4513
1826 4515
1827 4523
1828 4526
1828 4535
1829 4526
1830 4526
1830 7965
1830 8576
1830 8580
1831 4527
1832 4536
1833 4538
1834 4538
1835 4538
1836 4541
1837 4541
1837 4617
1838 4541
1839 4553
1839 4554
1840 4559
1840 5469
1841 4560
1842 4561
1843 4562
1844 4565
1845 4566
1846 4567
1847 4569
1848 4571
1849 4573
1850 4579
1851 4584
1851 7893
1852 4584
1853 4589
1854 4599
1854 4928
1854 5657
1855 4599
1856 4606
1857 4607
1858 4607
1859 4608
1860 4610
1861 4615
1862 4615
1863 4617
1864 4618
1865 4623
1866 4627
1866 5295
1867 4628
1868 4629
1869 4630
1870 4632
1871 4634
1871 6130
1872 4635
1873 4672
1874 4678
1875 4683
1876 4684
1876 6306
1877 4684
1878 4685
1879 4692
1880 4694
1881 4718
1882 4719
1882 4815
1882 4816
1882 5175
1882 5176
1883 4720
1884 4721
1884 4768
1885 4734
1885 4761
1885 5013
1885 5015
1885 5026
1885 5027
1885 5143
1885 5214
1885 5215
1886 4735
1887 4735
1888 4745
1889 4747
1890 4747
1891 4751
1891 4756
1891 4761
1891 4764
1892 4752
1893 4769
1893 4770
1893 4829
1893 4954
1893 5209
1893 5217
1893 5218
1893 5425
1893 5429
1893 5430
1894 4771
1894 4772
1894 6402
1894 6403
1895 4771
1895 4772
1896 4773
1897 4773
1898 4777
1899 4780
1900 4780
1901 4781
1901 6047
1902 4781
1902 4782
1902 4788
1902 4790
1902 4810
1902 4982
1902 4987
1902 5110
1902 5182
1902 7362
1903 4783
1903 5381
1904 4787
1905 4789
1906 4801
1907 4808
1908 4810
1909 4812
1910 4813
1911 4819
1912 4821
1913 4822
1914 4823
1914 4824
1915 4826
1916 4827
1916 4828
1917 4831
1918 4834
1919 4836
1920 4839
1921 4840
1922 4841
1922 4842
1923 4843
1924 4844
1925 4863
1925 7634
1926 4866
1926 8468
1927 4869
1927 4922
1928 4871
1929 4871
1929 7879
1929 7880
1930 4874
1931 4874
1932 4888
1933 4904
1933 4905
1934 4914
1935 4922
1936 4923
1937 4928
1938 4928
1939 4928
1940 4931
1941 4936
1942 4936
1943 4936
1944 4936
1944 6306
1944 8591
1945 4936
1946 4936
1946 7599
1947 4936
1948 4936
1949 4936
1950 4949
1951 4950
1952 4950
1952 5960
1952 5961
1953 4951
1954 4965
1954 4966
1955 4973
1955 6145
1956 4981
1957 4996
1958 4996
1958 5093
1958 5177
1958 5192
1958 5212
1958 5213
1958 5283
1958 5320
1958 5329
1958 5347
1958 5485
1958 5486
1958 5496
1958 5498
1958 5505
1958 5513
1958 5539
1959 4998
1960 5006
1960 8405
1961 5006
1962 5022
1963 5023
1964 5024
1964 5025
1965 5032
1966 5039
1967 5041
1968 5041
1969 5044
1970 5044
1971 5044
1972 5046
1973 5047
1974 5047
1974 7449
1975 5048
1976 5049
1977 5054
1978 5057
1979 5061
1980 5062
1981 5063
1982 5063
1983 5064
1984 5064
1985 5065
1986 5072
1987 5072
1988 5074
1989 5075
1990 5081
1990 5082
1990 5083
1990 5084
1990 5098
1990 5099
1990 5100
1990 5101
1990 5113
1990 5114
1990 5127
1990 5128
1990 5129
1990 5130
1990 5132
1990 5133
1990 5134
1990 5135
1990 5136
1990 5137
1990 5202
1990 5203
1990 5205
1990 5206
1990 5232
1990 5233
1990 5234
1990 5235
1990 5236
1990 5237
1990 5238
1990 5239
1990 5240
1990 5241
1990 5242
1990 5243
1990 5244
1990 5245
1990 5246
1990 5247
1990 5248
1990 5249
1990 5250
1990 5254
1990 5259
1990 5260
1990 5261
1990 5262
1990 5263
1990 5264
1990 5265
1990 5266
1990 5267
1990 5268
1990 5269
1990 5270
1990 5271
1990 5280
1990 5281
1990 5282
1990 5288
1990 5289
1990 5310
1990 5311
1990 5312
1990 5313
1990 5314
1990 5315
1990 5316
1990 5317
1990 5318
1990 5319
1990 5321
1990 5331
1990 5332
1990 5350
1990 5351
1990 5352
1990 5359
1990 5360
1990 5361
1990 5362
1990 5363
1990 5364
1990 5370
1990 5427
1990 5428
1990 5463
1990 5464
1990 5465
1990 5466
1990 5467
1990 5468
1990 5491
1990 5492
1990 5542
1990 5653
1990 5658
1990 5687
1990 5688
1990 5696
1990 5697
1990 5698
1990 5699
1990 5700
1990 5701
1990 5703
1990 5704
1990 5705
1990 5706
1990 5712
1990 5721
1990 5722
1990 5736
1990 5737
1990 5739
1990 5740
1990 5741
1990 5742
1990 5743
1990 5744
1990 5760
1990 5761
1990 5768
1990 5777
1990 5786
1990 5787
1990 5788
1990 5789
1990 5790
1990 5791
1990 5792
1990 5793
1990 5794
1990 5795
1990 5832
1990 5833
1990 5891
1990 5892
1990 5910
1990 5911
1990 5912
1990 5913
1990 5914
1990 5966
1990 5967
1990 6070
1990 6189
1990 6190
1990 6191
1990 6192
1990 6378
1990 6379
1990 6416
1990 7600
1990 7849
1990 7850
1990 7851
1990 7852
1990 7853
1990 7854
1990 7855
1990 8055
1990 8056
1990 8057
1990 8058
1990 8059
1990 8060
1990 8061
1990 8511
1990 8515
1990 8516
1990 8517
1991 5085
1992 5088
1993 5089
1994 5089
1995 5089
1995 7632
1996 5089
1997 5089
1998 5092
1998 5172
1998 5173
1998 7598
1999 5095
2000 5109
2001 5109
2002 5111
2003 5111
2003 8561
2004 5115
2004 5116
2005 5118
2005 5120
2005 5121
2006 5124
2006 5473
2007 5141
2008 5143
2008 5365
2008 5366
2009 5147
2010 5152
2011 5153
2011 5154
2011 5155
2012 5160
2013 5161
2014 5162
2015 5162
2016 5162
2017 5162
2018 5163
2019 5165
2020 5168
2021 5169
2021 8018
2022 5169
2023 5169
2024 5169
2024 5252
2025 5169
2026 5169
2027 5174
2028 5174
2029 5183
2030 5186
2031 5197
2032 5219
2033 5220
2034 5221
2035 5222
2036 5222
2037 5224
2038 5226
2038 5253
2039 5227
2040 5229
2041 5284
2041 5296
2042 5285
2042 5286
2043 5287
2044 5292
2045 5293
2046 5294
2047 5297
2048 5298
2049 5300
2050 5302
2050 5526
2050 5541
2050 5637
2050 5959
2050 7635
2050 7678
2050 7679
2050 7680
2050 7681
2051 5304
2052 5305
2052 5306
2053 5307
2054 5322
2055 5326
2056 5327
2057 5335
2058 5346
2059 5348
2060 5349
2061 5356
2062 5356
2063 5357
2064 5372
2065 5372
2066 5375
2066 8010
2067 5381
2068 5381
2069 5382
2070 5383
2071 5391
2071 8009
2072 5391
2072 5392
2073 5391
2074 5393
2074 8129
2074 8532
2075 5394
2076 5408
2077 5410
2078 5414
2079 5418
2080 5422
2081 5437
2082 5438
2083 5440
2084 5441
2085 5446
2086 5455
2086 5497
2087 5460
2088 5461
2089 5462
2090 5471
2091 5471
2091 5506
2092 5471
2093 5471
2094 5471
2094 5507
2095 5474
2096 5475
2096 5476
2097 5478
2097 5546
2098 5480
2099 5480
2099 6261
2099 7640
2100 5481
2101 5489
2102 5493
2103 5493
2104 5493
2105 5493
2106 5493
2106 7370
2107 5493
2108 5499
2108 8353
2109 5502
2109 5503
2110 5504
2111 5504
2112 5508
2113 5514
2114 5515
2115 5518
2116 5519
2117 5520
2118 5521
2119 5531
2120 5532
2121 5533
2122 5534
2123 5538
2124 5541
2125 5543
2126 5549
2126 5676
2126 5682
2127 5555
2128 5558
2129 5562
2130 5564
2131 5564
2132 5565
2132 5566
2133 5569
2133 5574
2133 5575
2133 5576
2133 5577
2133 5578
2133 5579
2133 5580
2133 5581
2133 5582
2133 5583
2133 5584
2133 5585
2133 5586
2133 5587
2133 5588
2133 5589
2134 5570
2135 5572
2135 5573
2136 5596
2136 5597
2137 5598
2138 5609
2139 5610
2140 5611
2140 7633
2140 8558
2140 8559
2140 8560
2141 5614
2142 5617
2143 5623
2143 5631
2144 5624
2144 5625
2144 8009
2145 5628
2146 5629
2147 5630
2148 5632
2149 5657
2150 5657
2151 5657
2152 5657
2153 5657
2154 5670
2154 5671
2154 6086
2154 6087
2154 7133
2155 5670
2155 5671
2156 5672
2157 5678
2158 5679
2159 5689
2160 5690
2161 5691
2162 5692
2163 5693
2164 5702
2165 5707
2165 5776
2166 5711
2167 5715
2168 5720
2169 5723
2170 5732
2170 6155
2170 8351
2170 8352
2171 5733
2172 5745
2173 5758
2174 5759
2175 5762
2175 5763
2176 5764
2177 5770
2177 5771
2177 7601
2178 5774
2179 5778
2180 5783
2181 5785
2182 5796
2182 7669
2183 5806
2184 5816
2185 5828
2186 5843
2187 5893
2188 5895
2189 5896
2190 5901
2191 5937
2192 5963
2193 5964
2194 5965
2195 5968
2196 5969
2197 5969
2198 5970
2199 5971
2200 5973
2201 5994
2202 5994
2203 6011
2204 6044
2204 7379
2204 7384
2205 6050
2206 6051
2206 7858
2207 6071
2208 6072
2208 6076
2209 6074
2210 6080
2211 6090
2211 6091
2211 6092
2212 6090
2212 6234
2212 6325
2212 6326
2212 6327
2213 6170
2214 6171
2215 6178
2216 6193
2216 6223
2217 6195
2218 6209
2219 6209
2220 6211
2221 6261
2222 6282
2223 6282
2224 6282
2225 6282
2226 6282
2227 6282
2228 6282
2229 6282
2230 6282
2231 6282
2232 6282
2233 6282
2234 6282
2235 6282
2235 7598
2236 6282
2237 6282
2237 6301
2237 7640
2237 7965
2237 8010
2237 8011
2238 6282
2238 7965
2238 8011
2239 6282
2240 6282
2241 6282
2242 6282
2243 6282
2244 6282
2245 6282
2246 6282
2247 6282
2248 6282
2249 6288
2249 6289
2249 6290
2249 6291
2249 6292
2249 6293
2249 6318
2250 6296
2250 8577
2250 8578
2250 8579
2250 8581
2250 8589
2250 8590
2251 6297
2251 6298
2251 6299
2251 6300
2251 6310
2252 6297
2253 6299
2253 6300
2253 6310
2253 7965
2254 6300
2254 6310
2255 6304
2255 6305
2255 8182
2256 6305
2257 6305
2258 6305
2258 8566
2259 6305
2260 6306
2261 6306
2261 8011
2262 6306
2262 7602
2262 8016
2263 6309
2263 7598
2263 8011
2264 6311
2265 6311
2265 7598
2266 6311
2267 6311
2267 7598
2267 7965
2267 8011
2267 8012
2268 6336
2269 6336
2270 6336
2271 6337
2271 6338
2271 6413
2271 6414
2271 7442
2271 7450
2271 7451
2271 7662
2271 7752
2271 8064
2271 8065
2272 6348
2273 6352
2274 6372
2274 6373
2274 6374
2274 6375
2274 6376
2274 6377
2275 6381
2276 6386
2276 7647
2276 7648
2277 6386
2278 6394
2279 6408
2279 6419
2280 6417
2281 6420
2282 7330
2283 7330
2284 7350
2285 7358
2286 7359
2287 7366
2288 7376
2289 7377
2290 7394
2291 7397
2292 7403
2292 7404
2292 7405
2292 7406
2292 7407
2292 7408
2292 7409
2292 7410
2292 7411
2292 7412
2292 7413
2292 7414
2292 7415
2292 7416
2292 7417
2292 7418
2292 7419
2292 7420
2292 7421
2292 7422
2292 7423
2292 7424
2292 7425
2292 7426
2292 7427
2292 7428
2292 7429
2292 7430
2292 7431
2292 7432
2292 7433
2292 7434
2292 7435
2292 7438
2292 7439
2292 7440
2292 7442
2292 7443
2293 7437
2294 7441
2294 8018
2294 8585
2294 8592
2294 8593
2295 7442
2295 7646
2296 7456
2297 7464
2297 7619
2297 7620
2297 7621
2297 7622
2297 7623
2297 7624
2297 7625
2298 7470
2299 7480
2300 7596
2301 7597
2302 7598
2302 8008
2303 7598
2303 8010
2303 8011
2304 7598
2304 8011
2305 7598
2306 7598
2306 8012
2307 7598
2307 7965
2308 7598
2309 7598
2309 8009
2310 7598
2311 7598
2312 7598
2313 7598
2314 7598
2314 8011
2315 7598
2316 7598
2317 7598
2318 7598
2318 7965
2319 7598
2320 7598
2321 7598
2321 8011
2321 8017
2321 8018
2322 7598
2323 7598
2323 8011
2324 7598
2325 7598
2326 7598
2326 8008
2326 8011
2327 7598
2327 8011
2328 7598
2329 7598
2329 7965
2330 7598
2331 7598
2332 7598
2333 7601
2334 7601
2335 7603
2335 8017
2335 8018
2336 7603
2337 7604
2338 7607
2339 7607
2340 7607
2341 7607
2342 7607
2343 7607
2344 7607
2345 7636
2345 7637
2346 7638
2347 7640
2347 8012
2348 7640
2349 7640
2350 7640
2351 7641
2351 7844
2351 8616
2351 8617
2352 7649
2353 7659
2354 7661
2355 7677
2356 7700
2357 7702
2358 7727
2359 7733
2360 7740
2361 7746
2361 8012
2362 7750
2363 7750
2364 7750
2365 7807
2366 7811
2367 7823
2368 7824
2369 7825
2369 7826
2370 7837
2371 7840
2372 7845
2373 7845
2374 7864
2375 7873
2376 7881
2377 7884
2378 7884
2378 7885
2379 7886
2380 7891
2381 7892
2382 7965
2383 7965
2384 7965
2385 7965
2386 7965
2387 7965
2388 7965
2389 7965
2390 7965
2391 7965
2392 7965
2392 8009
2393 7965
2394 7965
2395 7965
2396 7965
2397 7965
2398 7965
2399 7965
2400 7965
2401 7965
2402 7965
2403 7981
2404 7988
2405 8008
2406 8009
2407 8009
2408 8009
2409 8009
2410 8009
2411 8009
2412 8009
2413 8009
2414 8009
2415 8009
2416 8009
2417 8009
2418 8009
2419 8009
2420 8009
2421 8009
2422 8009
2423 8009
2424 8009
2425 8009
2426 8009
2427 8009
2428 8009
2429 8009
2429 8011
2430 8009
2431 8009
2432 8009
2433 8009
2434 8009
2435 8009
2436 8009
2437 8009
2438 8010
2439 8010
2440 8010
2441 8010
2442 8010
2443 8010
2444 8010
2445 8010
2446 8010
2447 8010
2448 8010
2449 8010
2450 8010
2451 8010
2452 8010
2453 8010
2454 8010
2455 8010
2456 8011
2457 8011
2458 8011
2459 8011
2460 8011
2461 8011
2462 8011
2462 8012
2463 8011
2463 8566
2463 8572
2464 8011
2465 8011
2466 8012
2467 8012
2468 8012
2469 8012
2469 8566
2470 8017
2470 8018
2471 8017
2472 8018
2473 8030
2474 8046
2475 8052
2475 8350
2476 8062
2477 8083
2478 8104
2479 8142
2479 8143
2480 8145
2481 8182
2482 8182
2482 8318
2483 8183
2483 8184
2484 8183
2484 8184
2485 8186
2486 8225
2487 8276
2488 8279
2489 8281
2490 8313
2491 8317
2491 8472
2492 8322
2493 8324
2493 8334
2493 8335
2493 8339
2493 8340
2493 8341
2494 8337
2495 8363
2496 8365
2496 8366
2496 8367
2497 8371
2498 8377
2499 8381
2500 8404
2501 8433
2502 8503
2503 8520
2504 8523
2505 8531
2505 8533
2506 8566
2507 8566
2508 8566
2509 8566
2509 8569
2509 8572
2510 8566
2510 8572
2511 8568
2511 8569
2512 8569
2513 8574
2513 8585
2513 8605
2514 8575
2515 8583
2516 8584
2516 8586
2516 8592
2516 8593
2517 8586
2517 8591
2518 8588
2519 8599
2520 8604
2521 8605
2522 8607
2522 8608
2522 8611
2522 8612
2522 8614
2523 8620
2523 8621
2524 8631
2525 8639
2 3 4 5 6 7 8 9 10 11 12 13 14 15 16 17 18 19 20 21 22 23 24 25 26 27 28 29 30 31 32 33 34 35 36 37 38 39 40 41 42 43 44 45 46 47 48 49 50 51 52 53 54 55 56 57 58 59 60 61 62 63 64 65 66 67 68 69 70 71 72 73 74 75 76 77 78 79 80 81 82 83 84 85 86 87 88 89 90 91 92 93 94 95 96 97 98 99 100 101 102 103 104 105 106 107 108 109 110 111 112 113 114 115 116 117 118 119 120 121 122 123 124 125 126 127 128 129 130 131 132 133 134 135 136 137 138 139 140 141 142 143 144 145 146 147 148 149 150 151 152 153 154 155 156 157 158 159 160 161 162 163 164 165 166 167 168 169 170 171 172 173 174 175 176 177 178 179 180 181 182 183 184 185 186 187 188 189 190 191 192 193 194 195 196 197 198 199 200 1 2 3 4 5 6 7 8 9 10 11 12 13 14 15 16 17 18 19 20 21 22 23 24 25 26 27 28 29 30 31 32 33 34 35 36 37 38 39 40 41 42 43 44 45 46 47 48 49 50 51 52 53 54 55 56 57 58 59 60 61 62 63 64 65 66 67 68 69 70 71 72 73 74 75 76 77 78 79 80 81 82 83 84 85 86 87 88 89 90 91 92 93 94 95 96 97 98 99 100 101 102 103 104 105 106 107 108 109 110 111 112 113 114 115 116 117 118 119 120 121 122 123 124 125 126 127 128 129 130 131 132 133 134 135 136 137 138 139 140 141 142 143 144 145 146 147 148 149 150 151 152 153 154 155 156 157 158 159 160 161 162 163 164 165 166 167 168 169 170 171 172 173 174 175 176 177 178 179 180 181 182 183 184 185 186 187 188 189 190 191 192 193 194 195 196 197 198 199 200 1 2 3 4 5 6 7 8 9 10 11 12 13 14 15 16 17 18 19 20 21 22 23 24 25 26 27 28 29 30 31 32 33 34 35 36 37 38 39 40 41 42 43 44 45 46 47 48 49 50 51 52 53 54 55 56 57 58 59 60 61 62 63 64 65 66 67 68 69 70 71 72 73 74 75 76 77 78 79 80 81 82 83 84 85 86 87 88 89 90 91 92 93 94 95 96 97 98 99 100 101 102 103 104 105 106 107 108 109 110 111 112 113 114 115 116 117 118 119 120 121 122 123 124 125 126 127 128 129 130 131 132 133 134 135 136 137 138 139 140 141 142 143 144 145 146 147 148 149 150 151 152 153 154 155 156 157 158 159 160 161 162 163 164 165 166 167 168 169 170 171 172 173 174 175 176 177 178 179 180 181 182 183 184 185 186 187 188 189 190 191 192 193 194 195 196 197 198 199 200 1 2 3 4 5 6 7 8 9 10 11 12 13 14 15 16 17 18 19 20 21 22 23 24 25 26 27 28 29 30 31 32 33 34 35 36 37 38 39 40 41 42 43 44 45 46 47 48 49 50 51 52 53 54 55 56 57 58 59 60 61 62 63 64 65 66 67 68 69 70 71 72 73 74 75 76 77 78 79 80 81 82 83 84 85 86 87 88 89 90 91 92 93 94 95 96 97 98 99 100 101 102 103 104 105 106 107 108 109 110 111 112 113 114 115 116 117 118 119 120 121 122 123 124 125 126 127 128 129 130 131 132 133 134 135 136 137 138 139 140 141 142 143 144 145 146 147 148 149 150 151 152 153 154 155 156 157 158 159 160 161 162 163 164 165 166 167 168 169 170 171 172 173 174 175 176 177 178 179 180 181 182 183 184 185 186 187 188 189 190 191 192 193 194 195 196 197 198 199 200 1 2 3 4 5 6 7 8 9 10 11 12 13 14 15 16 17 18 19 20 21 22 23 24 25 26 27 28 29 30 31 32 33 34 35 36 37 38 39 40 41 42 43 44 45 46 47 48 49 50 51 52 53 54 55 56 57 58 59 60 61 62 63 64 65 66 67 68 69 70 71 72 73 74 75 76 77 78 79 80 81 82 83 84 85 86 87 88 89 90 91 92 93 94 95 96 97 98 99 100 101 102 103 104 105 106 107 108 109 110 111 112 113 114 115 116 117 118 119 120 121 122 123 124 125 126 127 128 129 130 131 132 133 134 135 136 137 138 139 140 141 142 143 144 145 146 147 148 149 150 151 152 153 154 155 156 157 158 159 160 161 162 163 164 165 166 167 168 169 170 171 172 173 174 175 176 177 178 179 180 181 182 183 184 185 186 187 188 189 190 191 192 193 194 195 196 197 198 199 200 1 2 3 4 5 6 7 8 9 10 11 12 13 14 15 16 17 18 19 20 21 22 23 24 25 26 27 28 29 30 31 32 33 34 35 36 37 38 39 40 41 42 43 44 45 46 47 48 49 50 51 52 53 54 55 56 57 58 59 60 61 62 63 64 65 66 67 68 69 70 71 72 73 74 75 76 77 78 79 80 81 82 83 84 85 86 87 88 89 90 91 92 93 94 95 96 97 98 99 100 101 102 103 104 105 106 107 108 109 110 111 112 113 114 115 116 117 118 119 120 121 122 123 124 125 126 127 128 129 130 131 132 133 134 135 136 137 138 139 140 141 142 143 144 145 146 147 148 149 150 151 152 153 154 155 156 157 158 159 160 161 162 163 164 165 166 167 168 169 170 171 172 173 174 175 176 177 178 179 180 181 182 183 184 185 186 187 188 189 190 191 192 193 194 195 196 197 198 199 200 1 2 3 4 5 6 7 8 9 10 11 12 13 14 15 16 17 18 19 20 21 22 23 24 25 26 27 28 29 30 31 32 33 34 35 36 37 38 39 40 41 42 43 44 45 46 47 48 49 50 51 52 53 54 55 56 57 58 59 60 61 62 63 64 65 66 67 68 69 70 71 72 73 74 75 76 77 78 79 80 81 82 83 84 85 86 87 88 89 90 91 92 93 94 95 96 97 98 99 100 101 102 103 104 105 106 107 108 109 110 111 112 113 114 115 116 117 118 119 120 121 122 123 124 125 126 127 128 129 130 131 132 133 134 135 136 137 138 139 140 141 142 143 144 145 146 147 148 149 150 151 152 153 154 155 156 157 158 159 160 161 162 163 164 165 166 167 168 169 170 171 172 173 174 175 176 177 178 179 180 181 182 183 184 185 186 187 188 189 190 191 192 193 194 195 196 197 198 199 200 1 2 3 4 5 6 7 8 9 10 11 12 13 14 15 16 17 18 19 20 21 22 23 24 25 26 27 28 29 30 31 32 33 34 35 36 37 38 39 40 41 42 43 44 45 46 47 48 49 50 51 52 53 54 55 56 57 58 59 60 61 62 63 64 65 66 67 68 69 70 71 72 73 74 75 76 77 78 79 80 81 82 83 84 85 86 87 88 89 90 91 92 93 94 95 96 97 98 99 100 101 102 103 104 105 106 107 108 109 110 111 112 113 114 115 116 117 118 119 120 121 122 123 124 125 126 127 128 129 130 131 132 133 134 135 136 137 138 139 140 141 142 143 144 145 146 147 148 149 150 151 152 153 154 155 156 157 158 159 160 161 162 163 164 165 166 167 168 169 170 171 172 173 174 175 176 177 178 179 180 181 182 183 184 185 186 187 188 189 190 191 192 193 194 195 196 197 198 199 200 1 2 3 4 5 6 7 8 9 10 11 12 13 14 15 16 17 18 19 20 21 22 23 24 25 26 27 28 29 30 31 32 33 34 35 36 37 38 39 40 41 42 43 44 45 46 47 48 49 50 51 52 53 54 55 56 57 58 59 60 61 62 63 64 65 66 67 68 69 70 71 72 73 74 75 76 77 78 79 80 81 82 83 84 85 86 87 88 89 90 91 92 93 94 95 96 97 98 99 100 101 102 103 104 105 106 107 108 109 110 111 112 113 114 115 116 117 118 119 120 121 122 123 124 125 126 127 128 129 130 131 132 133 134 135 136 137 138 139 140 141 142 143 144 145 146 147 148 149 150 151 152 153 154 155 156 157 158 159 160 161 162 163 164 165 166 167 168 169 170 171 172 173 174 175 176 177 178 179 180 181 182 183 184 185 186 187 188 189 190 191 192 193 194 195 196 197 198 199 200 1 2 3 4 5 6 7 8 9 10 11 12 13 14 15 16 17 18 19 20 21 22 23 24 25 26 27 28 29 30 31 32 33 34 35 36 37 38 39 40 41 42 43 44 45 46 47 48 49 50 51 52 53 54 55 56 57 58 59 60 61 62 63 64 65 66 67 68 69 70 71 72 73 74 75 76 77 78 79 80 81 82 83 84 85 86 87 88 89 90 91 92 93 94 95 96 97 98 99 100 101 102 103 104 105 106 107 108 109 110 111 112 113 114 115 116 117 118 119 120 121 122 123 124 125 126 127 128 129 130 131 132 133 134 135 136 137 138 139 140 141 142 143 144 145 146 147 148 149 150 151 152 153 154 155 156 157 158 159 160 161 162 163 164 165 166 167 168 169 170 171 172 173 174 175 176 177 178 179 180 181 182 183 184 185 186 187 188 189 190 191 192 193 194 195 196 197 198 199 200 1 2 3 4 5 6 7 8 9 10 11 12 13 14 15 16 17 18 19 20 21 22 23 24 25 26 27 28 29 30 31 32 33 34 35 36 37 38 39 40 41 42 43 44 45 46 47 48 49 50 51 52 53 54 55 56 57 58 59 60 61 62 63 64 65 66 67 68 69 70 71 72 73 74 75 76 77 78 79 80 81 82 83 84 85 86 87 88 89 90 91 92 93 94 95 96 97 98 99 100 101 102 103 104 105 106 107 108 109 110 111 112 113 114 115 116 117 118 119 120 121 122 123 124 125 126 127 128 129 130 131 132 133 134 135 136 137 138 139 140 141 142 143 144 145 146 147 148 149 150 151 152 153 154 155 156 157 158 159 160 161 162 163 164 165 166 167 168 169 170 171 172 173 174 175 176 177 178 179 180 181 182 183 184 185 186 187 188 189 190 191 192 193 194 195 196 197 198 199 200 1 2 3 4 5 6 7 8 9 10 11 12 13 14 15 16 17 18 19 20 21 22 23 24 25 26 27 28 29 30 31 32 33 34 35 36 37 38 39 40 41 42 43 44 45 46 47 48 49 50 51 52 53 54 55 56 57 58 59 60 61 62 63 64 65 66 67 68 69 70 71 72 73 74 75 76 77 78 79 80 81 82 83 84 85 86 87 88 89 90 91 92 93 94 95 96 97 98 99 100 101 102 103 104 105 106 107 108 109 110 111 112 113 114 115 116 117 118 119 120 121 122 123 124 125 126 127 128 129 130 131 132 133 134 135 136 137 138 139 140 141 142 143 144 145 146 147 148 149 150 151 152 153 154 155 156 157 158 159 160 161 162 163 164 165 166 167 168 169 170 171 172 173 174 175 176 177 178 179 180 181 182 183 184 185 186 187 188 189 190 191 192 193 194 195 196 197 198 199 200 1 2 3 4 5 6 7 8 9 10 11 12 13 14 15 16 17 18 19 20 21 22 23 24 25 26 27 28 29 30 31 32 33 34 35 36 37 38 39 40 41 42 43 44 45 46 47 48 49 50 51 52 53 54 55 56 57 58 59 60 61 62 63 64 65 66 67 68 69 70 71 72 73 74 75 76 77 78 79 80 81 82 83 84 85 86 87 88 89 90 91 92 93 94 95 96 97 98 99 100 101 102 103 104 105 106 107 108 109 110 111 112 113 114 115 116 117 118 119 120 121 122 123 124 125 126 
2 3 4 5 6 7 8 9 10 11 12 13 14 15 16 17 18 19 20 21 22 23 24 25 26 27 28 29 30 31 32 33 34 35 36 37 38 39 40 41 42 43 44 45 46 47 48 49 50 51 52 53 54 55 56 57 58 59 60 61 62 63 64 65 66 67 68 69 70 71 72 73 74 75 76 77 78 79 80 81 82 83 84 85 86 87 88 89 90 91 92 93 94 95 96 97 98 99 100 101 102 103 104 105 106 107 108 109 110 111 112 113 114 115 116 117 118 119 120 121 122 123 124 125 126 127 128 129 130 131 132 133 134 135 136 137 138 139 140 141 142 143 144 145 146 147 148 149 150 151 152 153 154 155 156 157 158 159 160 161 162 163 164 165 166 167 168 169 170 171 172 173 174 175 176 177 178 179 180 181 182 183 184 185 186 187 188 189 190 191 192 193 194 195 196 197 198 199 200 1 2 3 4 5 6 7 8 9 10 11 12 13 14 15 16 17 18 19 20 21 22 23 24 25 26 27 28 29 30 31 32 33 34 35 36 37 38 39 40 41 42 43 44 45 46 47 48 49 50 51 52 53 54 55 56 57 58 59 60 61 62 63 64 65 66 67 68 69 70 71 72 73 74 75 76 77 78 79 80 81 82 83 84 85 86 87 88 89 90 91 92 93 94 95 96 97 98 99 100 101 102 103 104 105 106 107 108 109 110 111 112 113 114 115 116 117 118 119 120 121 122 123 124 125 126 127 128 129 130 131 132 133 134 135 136 137 138 139 140 141 142 143 144 145 146 147 148 149 150 151 152 153 154 155 156 157 158 159 160 161 162 163 164 165 166 167 168 169 170 171 172 173 174 175 176 177 178 179 180 181 182 183 184 185 186 187 188 189 190 191 192 193 194 195 196 197 198 199 200 1 2 3 4 5 6 7 8 9 10 11 12 13 14 15 16 17 18 19 20 21 22 23 24 25 26 27 28 29 30 31 32 33 34 35 36 37 38 39 40 41 42 43 44 45 46 47 48 49 50 51 52 53 54 55 56 57 58 59 60 61 62 63 64 65 66 67 68 69 70 71 72 73 74 75 76 77 78 79 80 81 82 83 84 85 86 87 88 89 90 91 92 93 94 95 96 97 98 99 100 101 102 103 104 105 106 107 108 109 110 111 112 113 114 115 116 117 118 119 120 121 122 123 124 125 126 127 128 129 130 131 132 133 134 135 136 137 138 139 140 141 142 143 144 145 146 147 148 149 150 151 152 153 154 155 156 157 158 159 160 161 162 163 164 165 166 167 168 169 170 171 172 173 174 175 176 177 178 179 180 181 182 183 184 185 186 187 188 189 190 191 192 193 194 195 196 197 198 199 200 1 2 3 4 5 6 7 8 9 10 11 12 13 14 15 16 17 18 19 20 21 22 23 24 25 26 27 28 29 30 31 32 33 34 35 36 37 38 39 40 41 42 43 44 45 46 47 48 49 50 51 52 53 54 55 56 57 58 59 60 61 62 63 64 65 66 67 68 69 70 71 72 73 74 75 76 77 78 79 80 81 82 83 84 85 86 87 88 89 90 91 92 93 94 95 96 97 98 99 100 101 102 103 104 105 106 107 108 109 110 111 112 113 114 115 116 117 118 119 120 121 122 123 124 125 126 127 128 129 130 131 132 133 134 135 136 137 138 139 140 141 142 143 144 145 146 147 148 149 150 151 152 153 154 155 156 157 158 159 160 161 162 163 164 165 166 167 168 169 170 171 172 173 174 175 176 177 178 179 180 181 182 183 184 185 186 187 188 189 190 191 192 193 194 195 196 197 198 199 200 1 2 3 4 5 6 7 8 9 10 11 12 13 14 15 16 17 18 19 20 21 22 23 24 25 26 27 28 29 30 31 32 33 34 35 36 37 38 39 40 41 42 43 44 45 46 47 48 49 50 51 52 53 54 55 56 57 58 59 60 61 62 63 64 65 66 67 68 69 70 71 72 73 74 75 76 77 78 79 80 81 82 83 84 85 86 87 88 89 90 91 92 93 94 95 96 97 98 99 100 101 102 103 104 105 106 107 108 109 110 111 112 113 114 115 116 117 118 119 120 121 122 123 124 125 126 127 128 129 130 131 132 133 134 135 136 137 138 139 140 141 142 143 144 145 146 147 148 149 150 151 152 153 154 155 156 157 158 159 160 161 162 163 164 165 166 167 168 169 170 171 172 173 174 175 176 177 178 179 180 181 182 183 184 185 186 187 188 189 190 191 192 193 194 195 196 197 198 199 200 1 2 3 4 5 6 7 8 9 10 11 12 13 14 15 16 17 18 19 20 21 22 23 24 25 26 27 28 29 30 31 32 33 34 35 36 37 38 39 40 41 42 43 44 45 46 47 48 49 50 51 52 53 54 55 56 57 58 59 60 61 62 63 64 65 66 67 68 69 70 71 72 73 74 75 76 77 78 79 80 81 82 83 84 85 86 87 88 89 90 91 92 93 94 95 96 97 98 99 100 101 102 103 104 105 106 107 108 109 110 111 112 113 114 115 116 117 118 119 120 121 122 123 124 125 126 127 128 129 130 131 132 133 134 135 136 137 138 139 140 141 142 143 144 145 146 147 148 149 150 151 152 153 154 155 156 157 158 159 160 161 162 163 164 165 166 167 168 169 170 171 172 173 174 175 176 177 178 179 180 181 182 183 184 185 186 187 188 189 190 191 192 193 194 195 196 197 198 199 200 1 2 3 4 5 6 7 8 9 10 11 12 13 14 15 16 17 18 19 20 21 22 23 24 25 26 27 28 29 30 31 32 33 34 35 36 37 38 39 40 41 42 43 44 45 46 47 48 49 50 51 52 53 54 55 56 57 58 59 60 61 62 63 64 65 66 67 68 69 70 71 72 73 74 75 76 77 78 79 80 81 82 83 84 85 86 87 88 89 90 91 92 93 94 95 96 97 98 99 100 101 102 103 104 105 106 107 108 109 110 111 112 113 114 115 116 117 118 119 120 121 122 123 124 125 126 127 128 129 130 131 132 133 134 135 136 137 138 139 140 141 142 143 144 145 146 147 148 149 150 151 152 153 154 155 156 157 158 159 160 161 162 163 164 165 166 167 168 169 170 171 172 173 174 175 176 177 178 179 180 181 182 183 184 185 186 187 188 189 190 191 192 193 194 195 196 197 198 199 200 1 2 3 4 5 6 7 8 9 10 11 12 13 14 15 16 17 18 19 20 21 22 23 24 25 26 27 28 29 30 31 32 33 34 35 36 37 38 39 40 41 42 43 44 45 46 47 48 49 50 51 52 53 54 55 56 57 58 59 60 61 62 63 64 65 66 67 68 69 70 71 72 73 74 75 76 77 78 79 80 81 82 83 84 85 86 87 88 89 90 91 92 93 94 95 96 97 98 99 100 101 102 103 104 105 106 107 108 109 110 111 112 113 114 115 116 117 118 119 120 121 122 123 124 125 126 127 128 129 130 131 132 133 134 135 136 137 138 139 140 141 142 143 144 145 146 147 148 149 150 151 152 153 154 155 156 157 158 159 160 161 162 163 164 165 166 167 168 169 170 171 172 173 174 175 176 177 178 179 180 181 182 183 184 185 186 187 188 189 190 191 192 193 194 195 196 197 198 199 200 1 2 3 4 5 6 7 8 9 10 11 12 13 14 15 16 17 18 19 20 21 22 23 24 25 26 27 28 29 30 31 32 33 34 35 36 37 38 39 40 41 42 43 44 45 46 47 48 49 50 51 52 53 54 55 56 57 58 59 60 61 62 63 64 65 66 67 68 69 70 71 72 73 74 75 76 77 78 79 80 81 82 83 84 85 86 87 88 89 90 91 92 93 94 95 96 97 98 99 100 101 102 103 104 105 106 107 108 109 110 111 112 113 114 115 116 117 118 119 120 121 122 123 124 125 126 127 128 129 130 131 132 133 134 135 136 137 138 139 140 141 142 143 144 145 146 147 148 149 150 151 152 153 154 155 156 157 158 159 160 161 162 163 164 165 166 167 168 169 170 171 172 173 174 175 176 177 178 179 180 181 182 183 184 185 186 187 188 189 190 191 192 193 194 195 196 197 198 199 200 1 2 3 4 5 6 7 8 9 10 11 12 13 14 15 16 17 18 19 20 21 22 23 24 25 26 27 28 29 30 31 32 33 34 35 36 37 38 39 40 41 42 43 44 45 46 47 48 49 50 51 52 53 54 55 56 57 58 59 60 61 62 63 64 65 66 67 68 69 70 71 72 73 74 75 76 77 78 79 80 81 82 83 84 85 86 87 88 89 90 91 92 93 94 95 96 97 98 99 100 101 102 103 104 105 106 107 108 109 110 111 112 113 114 115 116 117 118 119 120 121 122 123 124 125 126 127 128 129 130 131 132 133 134 135 136 137 138 139 140 141 142 143 144 145 146 147 148 149 150 151 152 153 154 155 156 157 158 159 160 161 162 163 164 165 166 167 168 169 170 171 172 173 174 175 176 177 178 179 180 181 182 183 184 185 186 187 188 189 190 191 192 193 194 195 196 197 198 199 200 1 2 3 4 5 6 7 8 9 10 11 12 13 14 15 16 17 18 19 20 21 22 23 24 25 26 27 28 29 30 31 32 33 34 35 36 37 38 39 40 41 42 43 44 45 46 47 48 49 50 51 52 53 54 55 56 57 58 59 60 61 62 63 64 65 66 67 68 69 70 71 72 73 74 75 76 77 78 79 80 81 82 83 84 85 86 87 88 89 90 91 92 93 94 95 96 97 98 99 100 101 102 103 104 105 106 107 108 109 110 111 112 113 114 115 116 117 118 119 120 121 122 123 124 125 126 127 128 129 130 131 132 133 134 135 136 137 138 139 140 141 142 143 144 145 146 147 148 149 150 151 152 153 154 155 156 157 158 159 160 161 162 163 164 165 166 167 168 169 170 171 172 173 174 175 176 177 178 179 180 181 182 183 184 185 186 187 188 189 190 191 192 193 194 195 196 197 198 199 200 1 2 3 4 5 6 7 8 9 10 11 12 13 14 15 16 17 18 19 20 21 22 23 24 25 26 27 28 29 30 31 32 33 34 35 36 37 38 39 40 41 42 43 44 45 46 47 48 49 50 51 52 53 54 55 56 57 58 59 60 61 62 63 64 65 66 67 68 69 70 71 72 73 74 75 76 77 78 79 80 81 82 83 84 85 86 87 88 89 90 91 92 93 94 95 96 97 98 99 100 101 102 103 104 105 106 107 108 109 110 111 112 113 114 115 116 117 118 119 120 121 122 123 124 125 126 127 128 129 130 131 132 133 134 135 136 137 138 139 140 141 142 143 144 145 146 147 148 149 150 151 152 153 154 155 156 157 158 159 160 161 162 163 164 165 166 167 168 169 170 171 172 173 174 175 176 177 178 179 180 181 182 183 184 185 186 187 188 189 190 191 192 193 194 195 196 197 198 199 200 1 2 3 4 5 6 7 8 9 10 11 12 13 14 15 16 17 18 19 20 21 22 23 24 25 26 27 28 29 30 31 32 33 34 35 36 37 38 39 40 41 42 43 44 45 46 47 48 49 50 51 52 53 54 55 56 57 58 59 60 61 62 63 64 65 66 67 68 69 70 71 72 73 74 75 76 77 78 79 80 81 82 83 84 85 86 87 88 89 90 91 92 93 94 95 96 97 98 99 100 101 102 103 104 105 106 107 108 109 110 111 112 113 114 115 116 117 118 119 120 121 122 123 124 125 126 127 128 129 130 131 132 133 134 135 136 137 138 139 140 141 142 143 144 145 146 147 148 149 150 151 152 153 154 155 156 157 158 159 160 161 162 163 164 165 166 167 168 169 170 171 172 173 174 175 176 177 178 179 180 181 182 183 184 185 186 187 188 189 190 191 192 193 194 195 196 197 198 199 200 1 2 3 4 5 6 7 8 9 10 11 12 13 14 15 16 17 18 19 20 21 22 23 24 25 26 27 28 29 30 31 32 33 34 35 36 37 38 39 40 41 42 43 44 45 46 47 48 49 50 51 52 53 54 55 56 57 58 59 60 61 62 63 64 65 66 67 68 69 70 71 72 73 74 75 76 77 78 79 80 81 82 83 84 85 86 87 88 89 90 91 92 93 94 95 96 97 98 99 100 101 102 103 104 105 106 107 108 109 110 111 112 113 114 115 116 117 118 119 120 121 122 123 124 125 126 127 128 129 130 131 132 133 134 135 136 137 138 139 140 141 142 143 144 145 146 147 148 149 150 151 152 153 154 155 156 157 158 159 160 161 162 163 164 165 166 167 168 169 170 171 172 173 174 175 176 177 178 179 180 181 182 183 184 185 186 187 188 189 190 191 192 193 194 195 196 197 198 199 200 1 2 3 4 5 6 7 8 9 10 11 12 13 14 15 16 17 18 19 20 21 22 23 24 25 26 27 28 29 30 31 32 33 34 35 36 37 38 39 40 41 42 43 44 45 46 47 48 49 50 51 52 53 54 55 56 57 58 59 60 61 62 63 64 65 66 67 68 69 70 71 72 73 74 75 76 77 78 79 80 81 82 83 84 85 86 87 88 89 90 91 92 93 94 95 96 97 98 99 100 101 102 103 104 105 106 107 108 109 110 111 112 113 114 115 116 117 118 119 120 121 122 123 124 125 126 127 128 129 130 131 132 133 134 135 136 137 138 139 140 141 142 143 144 145 146 147 148 149 150 151 152 153 154 155 156 157 158 159 160 161 162 163 164 165 166 167 168 169 170 171 172 173 174 175 176 177 178 179 180 181 182 183 184 185 186 187 188 189 190 191 192 193 194 195 196 197 198 199 200 1 2 3 4 5 6 7 8 9 10 11 12 13 14 15 16 17 18 19 20 21 22 23 24 25 26 27 28 29 30 31 32 33 34 35 36 37 38 39 40 41 42 43 44 45 46 47 48 49 50 51 52 53 54 55 56 57 58 59 60 61 62 63 64 65 66 67 68 69 70 71 72 73 74 75 76 77 78 79 80 81 82 83 84 85 86 87 88 89 90 91 92 93 94 95 96 97 98 99 100 101 102 103 104 105 106 107 108 109 110 111 112 113 114 115 116 117 118 119 120 121 122 123 124 125 126 127 128 129 130 131 132 133 134 135 136 137 138 139 140 141 142 143 144 145 146 147 148 149 150 151 152 153 154 155 156 157 158 159 160 161 162 163 164 165 166 167 168 169 170 171 172 173 174 175 176 177 178 179 180 181 182 183 184 185 186 187 188 189 190 191 192 193 194 195 196 197 198 199 200 1 2 3 4 5 6 7 8 9 10 11 12 13 14 15 16 17 18 19 20 21 22 23 24 25 26 27 28 29 30 31 32 33 34 35 36 37 38 39 40 41 42 43 44 45 46 47 48 49 50 51 52 53 54 55 56 57 58 59 60 61 62 63 64 65 66 67 68 69 70 71 72 73 74 75 76 77 78 79 80 81 82 83 84 85 86 87 88 89 90 91 92 93 94 95 96 97 98 99 100 101 102 103 104 105 106 107 108 109 110 111 112 113 114 115 116 117 118 119 120 121 122 123 124 125 126 127 128 129 130 131 132 133 134 135 136 137 138 139 140 141 142 143 144 145 146 147 148 149 150 151 152 153 154 155 156 157 158 159 160 161 162 163 164 165 166 167 168 169 170 171 172 173 174 175 176 177 178 179 180 181 182 183 184 185 186 187 188 189 190 191 192 193 194 195 196 197 198 199 200 1 2 3 4 5 6 7 8 9 10 11 12 13 14 15 16 17 18 19 20 21 22 23 24 25 26 27 28 29 30 31 32 33 34 35 36 37 38 39 40 41 42 43 44 45 46 47 48 49 50 51 52 53 54 55 56 57 58 59 60 61 62 63 64 65 66 67 68 69 70 71 72 73 74 75 76 77 78 79 80 81 82 83 84 85 86 87 88 89 90 91 92 93 94 95 96 97 98 99 100 101 102 103 104 105 106 107 108 109 110 111 112 113 114 115 116 117 118 119 120 121 122 123 124 125 126 127 128 129 130 131 132 133 134 135 136 137 138 139 140 141 142 143 144 145 146 147 148 149 150 151 152 153 154 155 156 157 158 159 160 161 162 163 164 165 166 167 168 169 170 171 172 173 174 175 176 177 178 179 180 181 182 183 184 185 186 187 188 189 190 191 192 193 194 195 196 197 198 199 200 1 2 3 4 5 6 7 8 9 10 11 12 13 14 15 16 17 18 19 20 21 22 23 24 25 26 27 28 29 30 31 32 33 34 35 36 37 38 39 40 41 42 43 44 45 46 47 48 49 50 51 52 53 54 55 56 57 58 59 60 61 62 63 64 65 66 67 68 69 70 71 72 73 74 75 76 77 78 79 80 81 82 83 84 85 86 87 88 89 90 91 92 93 94 95 96 97 98 99 100 101 102 103 104 105 106 107 108 109 110 111 112 113 114 115 116 117 118 119 120 121 122 123 124 125 126 127 128 129 130 131 132 133 134 135 136 137 138 139 140 141 142 143 144 145 146 147 148 149 150 151 152 153 154 155 156 157 158 159 160 161 162 163 164 165 166 167 168 169 170 171 172 173 174 175 176 177 178 179 180 181 182 183 184 185 186 187 188 189 190 191 192 193 194 195 196 197 198 199 200 1 2 3 4 5 6 7 8 9 10 11 12 13 14 15 16 17 18 19 20 21 22 23 24 25 26 27 28 29 30 31 32 33 34 35 36 37 38 39 40 41 42 43 44 45 46 47 48 49 50 51 52 53 54 55 56 57 58 59 60 61 62 63 64 65 66 67 68 69 70 71 72 73 74 75 76 77 78 79 80 81 82 83 84 85 86 87 88 89 90 91 92 93 94 95 96 97 98 99 100 101 102 103 104 105 106 107 108 109 110 111 112 113 114 115 116 117 118 119 120 121 122 123 124 125 126 127 128 129 130 131 132 133 134 135 136 137 138 139 140 141 142 143 144 145 146 147 148 149 150 151 152 153 154 155 156 157 158 159 160 161 162 163 164 165 166 167 168 169 170 171 172 173 174 175 176 177 178 179 180 181 182 183 184 185 186 187 188 189 190 191 192 193 194 195 196 197 198 199 200 1 2 3 4 5 6 7 8 9 10 11 12 13 14 15 16 17 18 19 20 21 22 23 24 25 26 27 28 29 30 31 32 33 34 35 36 37 38 39 40 41 42 43 44 45 46 47 48 49 50 51 52 53 54 55 56 57 58 59 60 61 62 63 64 65 66 67 68 69 70 71 72 73 74 75 76 77 78 79 80 81 82 83 84 85 86 87 88 89 90 91 92 93 94 95 96 97 98 99 100 101 102 103 104 105 106 107 108 109 110 111 112 113 114 115 116 117 118 119 120 121 122 123 124 125 126 127 128 129 130 131 132 133 134 135 136 137 138 139 140 141 142 143 144 145 146 147 148 149 150 151 152 153 154 155 156 157 158 159 160 161 162 163 164 165 166 167 168 169 170 171 172 173 174 175 176 177 178 179 180 181 182 183 184 185 186 187 188 189 190 191 192 193 194 195 196 197 198 199 200 1 2 3 4 5 6 7 8 9 10 11 12 13 14 15 16 17 18 19 20 21 22 23 24 25 26 27 28 29 30 31 32 33 34 35 36 37 38 39 40 41 42 43 44 45 46 47 48 49 50 51 52 53 54 55 56 57 58 59 60 61 62 63 64 65 66 67 68 69 70 71 72 73 74 75 76 77 78 79 80 81 82 83 84 85 86 87 88 89 90 91 92 93 94 95 96 97 98 99 100 101 102 103 104 105 106 107 108 109 110 111 112 113 114 115 116 117 118 119 120 121 122 123 124 125 126 127 128 129 130 131 132 133 134 135 136 137 138 139 140 141 142 143 144 145 146 147 148 149 150 151 152 153 154 155 156 157 158 159 160 161 162 163 164 165 166 167 168 169 170 171 172 173 174 175 176 177 178 179 180 181 182 183 184 185 186 187 188 189 190 191 192 193 194 195 196 197 198 199 200 1 2 3 4 5 6 7 8 9 10 11 12 13 14 15 16 17 18 19 20 21 22 23 24 25 26 27 28 29 30 31 32 33 34 35 36 37 38 39 40 41 42 43 44 45 46 47 48 49 50 51 52 53 54 55 56 57 58 59 60 61 62 63 64 65 66 67 68 69 70 71 72 73 74 75 76 77 78 79 80 81 82 83 84 85 86 87 88 89 90 91 92 93 94 95 96 97 98 99 100 101 102 103 104 105 106 107 108 109 110 111 112 113 114 115 116 117 118 119 120 121 122 123 124 125 126 127 128 129 130 131 132 133 134 135 136 137 138 139 140 141 142 143 144 145 146 147 148 149 150 151 152 153 154 155 156 157 158 159 160 161 162 163 164 165 166 167 168 169 170 171 172 173 174 175 176 177 178 179 180 181 182 183 184 185 186 187 188 189 190 191 192 193 194 195 196 197 198 199 200 1 2 3 4 5 6 7 8 9 10 11 12 13 14 15 16 17 18 19 20 21 22 23 24 25 26 27 28 29 30 31 32 33 34 35 36 37 38 39 40 41 42 43 44 45 46 47 48 49 50 51 52 53 54 55 56 57 58 59 60 61 62 63 64 65 66 67 68 69 70 71 72 73 74 75 76 77 78 79 80 81 82 83 84 85 86 87 88 89 90 91 92 93 94 95 96 97 98 99 100 101 102 103 104 105 106 107 108 109 110 111 112 113 114 115 116 117 118 119 120 121 122 123 124 125 126 127 128 129 130 131 132 133 134 135 136 137 138 139 140 141 142 143 144 145 146 147 148 149 150 151 152 153 154 155 156 157 158 159 160 161 162 163 164 165 166 167 168 169 170 171 172 173 174 175 176 177 178 179 180 181 182 183 184 185 186 187 188 189 190 191 192 193 194 195 196 197 198 199 200 1 2 3 4 5 6 7 8 9 10 11 12 13 14 15 16 17 18 19 20 21 22 23 24 25 26 27 28 29 30 31 32 33 34 35 36 37 38 39 40 41 42 43 44 45 46 47 48 49 50 51 52 53 54 55 56 57 58 59 60 61 62 63 64 65 66 67 68 69 70 71 72 73 74 75 76 77 78 79 80 81 82 83 84 85 86 87 88 89 90 91 92 93 94 95 96 97 98 99 100 101 102 103 104 105 106 107 108 109 110 111 112 113 114 115 116 117 118 119 120 121 122 123 124 125 126 127 128 129 130 131 132 133 134 135 136 137 138 139 140 141 142 143 144 145 146 147 148 149 150 151 152 153 154 155 156 157 158 159 160 161 162 163 164 165 166 167 168 169 170 171 172 173 174 175 176 177 178 179 180 181 182 183 184 185 186 187 188 189 190 191 192 193 194 195 196 197 198 199 200 1 2 3 4 5 6 7 8 9 10 11 12 13 14 15 16 17 18 19 20 21 22 23 24 25 26 27 28 29 30 31 32 33 34 35 36 37 38 39 40 41 42 43 44 45 46 47 48 49 50 51 52 53 54 55 56 57 58 59 60 61 62 63 64 65 66 67 68 69 70 71 72 73 74 75 76 77 78 79 80 81 82 83 84 85 86 87 88 89 90 91 92 93 94 95 96 97 98 99 100 101 102 103 104 105 106 107 108 109 110 111 112 113 114 115 116 117 118 119 120 121 122 123 124 125 126 127 128 129 130 131 132 133 134 135 136 137 138 139 140 141 142 143 144 145 146 147 148 149 150 151 152 153 154 155 156 157 158 159 160 161 162 163 164 165 166 167 168 169 170 171 172 173 174 175 176 177 178 179 180 181 182 183 184 185 186 187 188 189 190 191 192 193 194 195 196 197 198 199 200 1 2 3 4 5 6 7 8 9 10 11 12 13 14 15 16 17 18 19 20 21 22 23 24 25 26 27 28 29 30 31 32 33 34 35 36 37 38 39 40 41 42 43 44 45 46 47 48 49 50 51 52 53 54 55 56 57 58 59 60 61 62 63 64 65 66 67 68 69 70 71 72 73 74 75 76 77 78 79 80 81 82 83 84 85 86 87 88 89 90 91 92 93 94 95 96 97 98 99 100 101 102 103 104 105 106 107 108 109 110 111 112 113 114 115 116 117 118 119 120 121 122 123 124 125 126 127 128 129 130 131 132 133 134 135 136 137 138 139 140 141 142 143 144 145 146 147 148 149 150 151 152 153 154 155 156 157 158 159 160 161 162 163 164 165 166 167 168 169 170 171 172 173 174 175 176 177 178 179 180 181 182 183 184 185 186 187 188 189 190 191 192 193 194 195 196 197 198 199 200 1 2 3 4 5 6 7 8 9 10 11 12 13 14 15 16 17 18 19 20 21 22 23 24 25 26 27 28 29 30 31 32 33 34 35 36 37 38 39 40 41 42 43 44 45 46 47 48 49 50 51 52 53 54 55 56 57 58 59 60 61 62 63 64 65 66 67 68 69 70 71 72 73 74 75 76 77 78 79 80 81 82 83 84 85 86 87 88 89 90 91 92 93 94 95 96 97 98 99 100 101 102 103 104 105 106 107 108 109 110 111 112 113 114 115 116 117 118 119 120 121 122 123 124 125 126 127 128 129 130 131 132 133 134 135 136 137 138 139 140 141 142 143 144 145 146 147 148 149 150 151 152 153 154 155 156 157 158 159 160 161 162 163 164 165 166 167 168 169 170 171 172 173 174 175 176 177 178 179 180 181 182 183 184 185 186 187 188 189 190 191 192 193 194 195 196 197 198 199 200 1 2 3 4 5 6 7 8 9 10 11 12 13 14 15 16 17 18 19 20 21 22 23 24 25 26 27 28 29 30 31 32 33 34 35 36 37 38 39 40 41 42 43 44 45 46 47 48 49 50 51 52 53 54 55 56 57 58 59 60 61 62 63 64 65 66 67 68 69 70 71 72 73 74 75 76 77 78 79 80 81 82 83 84 85 86 87 88 89 90 91 92 93 94 95 96 97 98 99 100 101 102 103 104 105 106 107 108 109 110 111 112 113 114 115 116 117 118 119 120 121 122 123 124 125 126 127 128 129 130 131 132 133 134 135 136 137 138 139 140 141 142 143 144 145 146 147 148 149 150 151 152 153 154 155 156 157 158 159 160 161 162 163 164 165 166 167 168 169 170 171 172 173 174 175 176 177 178 179 180 181 182 183 184 185 186 187 188 189 190 191 192 193 194 195 196 197 198 199 200 1 2 3 4 5 6 7 8 9 10 11 12 13 14 15 16 17 18 19 20 21 22 23 24 25 26 27 28 29 30 31 32 33 34 35 36 37 38 39 40 41 42 43 44 45 46 47 48 49 50 51 52 53 54 55 56 57 58 59 60 61 62 63 64 65 66 67 68 69 70 71 72 73 74 75 76 77 78 79 80 81 82 83 84 85 86 87 88 89 90 91 92 93 94 95 96 97 98 99 100 101 102 103 104 105 106 107 108 109 110 111 112 113 114 115 116 117 118 119 120 121 122 123 124 125 126 127 128 129 130 131 132 133 134 135 136 137 138 139 140 141 142 143 144 145 146 147 148 149 150 151 152 153 154 155 156 157 158 159 160 161 162 163 164 165 166 167 168 169 170 171 172 173 174 175 176 177 178 179 180 181 182 183 184 185 186 187 188 189 190 191 192 193 194 195 196 197 198 199 200 1 2 3 4 5 6 7 8 9 10 11 12 13 14 15 16 17 18 19 20 21 22 23 24 25 26 27 28 29 30 31 32 33 34 35 36 37 38 39 40 41 42 43 44 45 46 47 48 49 50 51 52 53 54 55 56 57 58 59 60 61 62 63 64 65 66 67 68 69 70 71 72 73 74 75 76 77 78 79 80 81 82 83 84 85 86 87 88 89 90 91 92 93 94 95 96 97 98 99 100 101 102 103 104 105 106 107 108 109 110 111 112 113 114 115 116 117 118 119 120 121 122 123 124 125 126 127 128 129 130 131 132 133 134 135 136 137 138 139 140 141 142 143 144 145 146 147 148 149 150 151 152 153 154 155 156 157 158 159 160 161 162 163 164 165 166 167 168 169 170 171 172 173 174 175 176 177 178 179 180 181 182 183 184 185 186 187 188 189 190 191 192 193 194 195 196 197 198 199 200 1 2 3 4 5 6 7 8 9 10 11 12 13 14 15 16 17 18 19 20 21 22 23 24 25 26 27 28 29 30 31 32 33 34 35 36 37 38 39 40 41 42 43 44 45 46 47 48 49 50 51 52 53 54 55 56 57 58 59 60 61 62 63 64 65 66 67 68 69 70 71 72 73 74 75 76 77 78 79 80 81 82 83 84 85 86 87 88 89 90 91 92 93 94 95 96 97 98 99 100 101 102 103 104 105 106 107 108 109 110 111 112 113 114 115 116 117 118 119 120 121 122 123 124 125 126 127 128 129 130 131 132 133 134 135 136 137 138 139 140 141 142 143 144 145 146 147 148 149 150 151 152 153 154 155 156 157 158 159 160 161 162 163 164 165 166 167 168 169 170 171 172 173 174 175 176 177 178 179 180 181 182 183 184 185 186 187 188 189 190 191 192 193 194 195 196 197 198 199 200 1 2 3 4 5 6 7 8 9 10 11 12 13 14 15 16 17 18 19 20 21 22 23 24 25 26 27 28 29 30 31 32 33 34 35 36 37 38 39 40 41 42 43 44 45 46 47 48 49 50 51 52 53 54 55 56 57 58 59 60 61 62 63 64 65 66 67 68 69 70 71 72 73 74 75 76 77 78 79 80 81 82 83 84 85 86 87 88 89 90 91 92 93 94 95 96 97 98 99 100 101 102 103 104 105 106 107 108 109 110 111 112 113 114 115 116 117 118 119 120 121 122 123 124 125 126 127 128 129 130 131 132 133 134 135 136 137 138 139 140 141 142 143 144 145 146 147 148 149 150 151 152 153 154 155 156 157 158 159 160 161 162 163 164 165 166 167 168 169 170 171 172 173 174 175 176 177 178 179 180 181 182 183 184 185 186 187 188 189 190 191 192 193 194 195 196 197 198 199 200 1 2 3 4 5 6 7 8 9 10 11 12 13 14 15 16 17 18 19 20 21 22 23 24 25 26 27 28 29 30 31 32 33 34 35 36 37 38 39 40 41 42 43 44 45 46 47 48 49 50 51 52 53 54 55 56 57 58 59 60 61 62 63 64 65 66 67 68 69 70 71 72 73 74 75 76 77 78 79 80 81 82 83 84 85 86 87 88 89 90 91 92 93 94 95 96 97 98 99 100 101 102 103 104 105 106 107 108 109 110 111 112 113 114 115 116 117 118 119 120 121 122 123 124 125 126 127 128 129 130 131 132 133 134 135 136 137 138 139 140 141 142 143 144 145 146 147 148 149 150 151 152 153 154 155 156 157 158 159 160 161 162 163 164 165 166 167 168 169 170 171 172 173 174 175 176 177 178 179 180 181 182 183 184 185 186 187 188 189 190 191 192 193 194 195 196 197 198 199 200 1 2 3 4 5 6 7 8 9 10 11 12 13 14 15 16 17 18 19 20 21 22 23 24 25 26 27 28 29 30 31 32 33 34 35 36 37 38 39 40 41 42 43 44 45 46 47 48 49 50 51 52 53 54 55 56 57 58 59 60 61 62 63 64 65 66 67 68 69 70 71 72 73 74 75 76 77 78 79 80 81 82 83 84 85 86 87 88 89 90 91 92 93 94 95 96 97 98 99 100 101 102 103 104 105 106 107 108 109 110 111 112 113 114 115 116 117 118 119 120 121 122 123 124 125 126 127 128 129 130 131 132 133 134 135 136 137 138 139 140 141 142 143 144 145 146 147 148 149 150 151 152 153 154 155 156 157 158 159 160 161 162 163 164 165 166 167 168 169 170 171 172 173 174 175 176 177 178 179 180 181 182 183 184 185 186 187 188 189 190 191 192 193 194 195 196 197 198 199 200 1 2 3 4 5 6 7 8 9 10 11 12 13 14 15 16 17 18 19 20 21 22 23 24 25 26 27 28 29 30 31 32 33 34 35 36 37 38 39 40 41 42 43 44 45 46 47 48 49 50 51 52 53 54 55 56 57 58 59 60 61 62 63 64 65 66 67 68 69 70 71 72 73 74 75 76 77 78 79 80 81 82 83 84 85 86 87 88 89 90 91 92 93 94 95 96 97 98 99 100 101 102 103 104 105 106 107 108 109 110 111 112 113 114 115 116 117 118 119 120 121 122 123 124 125 126 127 128 129 130 131 132 133 134 135 136 137 138 139 140 141 142 143 144 145 146 147 148 149 150 151 152 153 154 155 156 157 158 159 160 161 162 163 164 165 166 167 168 169 170 171 172 173 174 175 176 177 178 179 180 181 182 183 184 185 186 187 188 189 190 191 192 193 194 195 196 197 198 199 200 1 2 3 4 5 6 7 8 9 10 11 12 13 14 15 16 17 18 19 20 21 22 23 24 25 26 27 28 29 30 31 32 33 34 35 36 37 38 39 40 41 42 43 44 45 46 47 48 49 50 51 52 53 54 55 56 57 58 59 60 61 62 63 64 65 66 67 68 69 70 71 72 73 74 75 76 77 78 79 80 81 82 83 84 85 86 87 88 89 90 91 92 93 94 95 96 97 98 99 100 101 102 103 104 105 106 107 108 109 110 111 112 113 114 115 116 117 118 119 120 121 122 123 124 125 126 127 128 129 130 131 132 133 134 135 136 137 138 139 140 141 142 143 144 145 146 147 148 149 150 151 152 153 154 155 156 157 158 159 160 161 162 163 164 165 166 167 168 169 170 171 172 173 174 175 176 177 178 179 180 181 182 183 184 185 186 187 188 189 190 191 192 193 194 195 196 197 198 199 200 1 2 3 4 5 6 7 8 9 10 11 12 13 14 15 16 17 18 19 20 21 22 23 24 25 26 27 28 29 30 31 32 33 34 35 36 37 38 39 40 41 42 43 44 45 46 47 48 49 50 51 52 53 54 55 56 57 58 59 60 61 62 63 64 65 66 67 68 69 70 71 72 73 74 75 76 77 78 79 80 81 82 83 84 85 86 87 88 89 90 91 92 93 94 95 96 97 98 99 100 101 102 103 104 105 106 107 108 109 110 111 112 113 114 115 116 117 118 119 120 121 122 123 124 125 126 127 128 129 130 131 132 133 134 135 136 137 138 139 140 141 142 143 144 145 146 147 148 149 150 151 152 153 154 155 156 157 158 159 160 161 162 163 164 165 166 167 168 169 170 171 172 173 174 175 176 177 178 179 180 181 182 183 184 185 186 187 188 189 190 191 192 193 194 195 196 197 198 199 200 1 2 3 4 5 6 7 8 9 10 11 12 13 14 15 16 17 18 19 20 21 22 23 24 25 26 27 28 29 30 31 32 33 34 35 36 37 38 39 40 41 42 43 44 45 46 47 48 49 50 51 52 53 54 55 56 57 58 59 60 61 62 63 64 65 66 67 68 69 70 71 72 73 74 75 76 77 78 79 80 81 82 83 84 85 86 87 88 89 90 91 92 93 94 95 96 97 98 99 100 101 102 103 104 105 106 107 108 109 110 111 112 113 114 115 116 117 118 119 120 121 122 123 124 125 126 127 128 129 130 131 132 133 134 135 136 137 138 139 140 141 142 143 144 145 146 147 148 149 150 151 152 153 154 155 156 157 158 159 160 161 162 163 164 165 166 167 168 169 170 171 172 173 174 175 176 177 178 179 180 181 182 183 184 185 186 187 188 189 190 191 192 193 194 195 196 197 198 199 200 1 2 3 4 5 6 7 8 9 10 11 12 13 14 15 16 17 18 19 20 21 22 23 24 25 26 27 28 29 30 31 32 33 34 35 36 37 38 39 40 41 42 43 44 45 46 47 48 49 50 51 52 53 54 55 56 57 58 59 60 61 62 63 64 65 66 67 68 69 70 71 72 73 74 75 76 77 78 79 80 81 82 83 84 85 86 87 88 89 90 91 92 93 94 95 96 97 98 99 100 101 102 103 104 105 106 107 108 109 110 111 112 113 114 115 116 117 118 119 120 121 122 123 124 125 126 127 128 129 130 131 132 133 134 135 136 137 138 139 140 141 142 143 144 145 146 147 148 149 150 151 152 153 154 155 156 157 158 159 160 161 162 163 164 165 166 167 168 169 170 171 172 173 174 175 176 177 178 179 180 181 182 183 184 185 186 187 188 189 190 191 192 193 194 195 196 197 198 199 200 1 2 3 4 5 6 7 8 9 10 11 12 13 14 15 16 17 18 19 20 21 22 23 24 25 26 27 28 29 30 31 32 33 34 35 36 37 38 39 40 41 42 43 44 45 46 47 48 49 50 51 52 53 54 55 56 57 58 59 60 61 62 63 64 65 66 67 68 69 70 71 72 73 74 75 76 77 78 79 80 81 82 83 84 85 86 87 88 89 90 91 92 93 94 95 96 97 98 99 100 101 102 103 104 105 106 107 108 109 110 111 112 113 114 115 116 117 118 119 120 121 122 123 124 125 126 127 128 129 130 131 132 133 134 135 136 137 138 139 140 141 142 143 144 145 146 147 148 149 150 151 152 153 154 155 156 157 158 159 160 161 162 163 164 165 166 167 168 169 170 171 172 173 174 175 176 177 178 179 180 181 182 183 184 185 186 187 188 189 190 191 192 193 194 195 196 197 198 199 200 1 2 3 4 5 6 7 8 9 10 11 12 13 14 15 16 17 18 19 20 21 22 23 24 25 26 27 28 29 30 31 32 33 34 35 36 37 38 39 40 41 42 43 44 45 46 47 48 49 50 51 52 53 54 55 56 57 58 59 60 61 62 63 64 65 66 67 68 69 70 71 72 73 74 75 76 77 78 79 80 81 82 83 84 85 86 87 88 89 90 91 92 93 94 95 96 97 98 99 100 101 102 103 104 105 106 107 108 109 110 111 112 113 114 115 116 117 118 119 120 121 122 123 124 125 126 127 128 129 130 131 132 133 134 135 136 137 138 139 140 141 142 143 144 145 146 147 148 149 150 151 152 153 154 155 156 157 158 159 160 161 162 163 164 165 166 167 168 169 170 171 172 173 174 175 176 177 178 179 180 181 182 183 184 185 186 187 188 189 190 191 192 193 194 195 196 197 198 199 200 1 2 3 4 5 6 7 8 9 10 11 12 13 14 15 16 17 18 19 20 21 22 23 24 25 26 27 28 29 30 31 32 33 34 35 36 37 38 39 40 41 42 43 44 45 46 47 48 49 50 51 52 53 54 55 56 57 58 59 60 61 62 63 64 65 66 67 68 69 70 71 72 73 74 75 76 77 78 79 80 81 82 83 84 85 86 87 88 89 90 91 92 93 94 95 96 97 98 99 100 101 102 103 104 105 106 107 108 109 110 111 112 113 114 115 116 117 118 119 120 121 122 123 124 125 126 127 128 129 130 131 132 133 134 135 136 137 138 139 140 141 142 143 144 145 146 147 148 149 150 151 152 153 154 155 156 157 158 159 160 161 162 163 164 165 166 167 168 169 170 171 172 173 174 175 176 177 178 179 180 181 182 183 184 185 186 187 188 189 190 191 192 193 194 195 196 197 198 199 200 1 2 3 4 5 6 7 8 9 10 11 12 13 14 15 16 17 18 19 20 21 22 23 24 25 26 27 28 29 30 31 32 33 34 35 36 37 38 39 40 
