2538 28963 80998 1500
1 1
2 1
2 8
2 15
2 40
2 41
2 45
2 48
2 49
2 51
2 53
2 62
2 63
2 64
2 65
2 82
2 89
2 165
2 317
2 514
2 540
2 640
2 711
2 751
2 836
2 878
2 885
2 887
2 911
2 1357
2 1364
2 1469
2 1675
2 1730
2 3728
2 3780
2 3829
2 9437
3 1
3 5
3 6
3 11
3 15
3 38
3 39
3 40
3 41
3 42
3 44
3 45
3 46
3 47
3 49
3 50
3 51
3 52
3 53
3 54
3 55
3 56
3 58
3 60
3 62
3 63
3 64
3 66
3 67
3 68
3 73
3 74
3 75
3 76
3 77
3 80
3 82
3 84
3 86
3 87
3 88
3 89
3 90
3 92
3 93
3 95
3 97
3 98
3 99
3 105
3 106
3 107
3 108
3 109
3 110
3 111
3 112
3 114
3 116
3 117
3 118
3 119
3 120
3 122
3 124
3 129
3 130
3 133
3 136
3 139
3 142
3 146
3 148
3 149
3 150
3 156
3 157
3 161
3 163
3 166
3 175
3 178
3 185
3 186
3 189
3 198
3 199
3 206
3 207
3 208
3 216
3 217
3 222
3 226
3 227
3 234
3 235
3 239
3 240
3 242
3 245
3 251
3 253
3 255
3 263
3 264
3 265
3 267
3 282
3 287
3 288
3 299
3 300
3 302
3 305
3 314
3 317
3 347
3 514
3 515
3 519
3 520
3 522
3 546
3 548
3 562
3 569
3 570
3 573
3 576
3 584
3 593
3 597
3 611
3 626
3 627
3 628
3 646
3 649
3 652
3 653
3 654
3 655
3 656
3 657
3 658
3 662
3 663
3 664
3 665
3 667
3 679
3 680
3 681
3 683
3 701
3 708
3 710
3 737
3 740
3 741
3 742
3 743
3 744
3 745
3 746
3 751
3 753
3 754
3 763
3 772
3 783
3 788
3 790
3 791
3 795
3 798
3 801
3 802
3 811
3 815
3 816
3 822
3 823
3 836
3 837
3 839
3 843
3 847
3 852
3 856
3 863
3 872
3 873
3 875
3 878
3 885
3 887
3 905
3 909
3 910
3 911
3 926
3 928
3 933
3 937
3 941
3 948
3 952
3 953
3 954
3 964
3 972
3 975
3 978
3 981
3 982
3 993
3 1028
3 1036
3 1039
3 1040
3 1041
3 1044
3 1047
3 1048
3 1050
3 1059
3 1067
3 1072
3 1073
3 1076
3 1085
3 1089
3 1090
3 1097
3 1106
3 1110
3 1112
3 1113
3 1114
3 1116
3 1124
3 1125
3 1131
3 1133
3 1136
3 1157
3 1186
3 1188
3 1190
3 1198
3 1202
3 1214
3 1222
3 1230
3 1247
3 1266
3 1272
3 1275
3 1284
3 1285
3 1299
3 1303
3 1323
3 1329
3 1335
3 1336
3 1337
3 1342
3 1348
3 1354
3 1361
3 1362
3 1370
3 1377
3 1380
3 1390
3 1405
3 1419
3 1469
3 1477
3 1497
3 1514
3 1528
3 1530
3 1533
3 1555
3 1568
3 1623
3 1631
3 1632
3 1648
3 1650
3 1652
3 1671
3 1675
3 1683
3 1699
3 1706
3 1709
3 1710
3 1731
3 1747
3 1773
3 1783
3 1784
3 1822
3 1823
3 1832
3 1833
3 1834
3 1835
3 1836
3 1837
3 1838
3 1839
3 1840
3 1841
3 1842
3 1843
3 1844
3 1860
3 1874
3 1880
3 1913
3 1926
3 1992
3 2001
3 2008
3 2021
3 2028
3 2032
3 2035
3 2049
3 2083
3 2084
3 2096
3 2097
3 2099
3 2100
3 2110
3 2139
3 2156
3 2163
3 2166
3 2185
3 2197
3 2215
3 2226
3 2229
3 2230
3 2231
3 2233
3 2312
3 2317
3 2334
3 2341
3 2342
3 2366
3 2374
3 2377
3 2387
3 2398
3 2419
3 2421
3 2422
3 2423
3 2424
3 2425
3 2427
3 2428
3 2439
3 2446
3 2448
3 2454
3 2461
3 2473
3 2480
3 2482
3 2483
3 2484
3 2485
3 2486
3 2489
3 2495
3 2550
3 2555
3 2567
3 2572
3 2579
3 2581
3 2585
3 2590
3 2598
3 2599
3 2600
3 2603
3 2609
3 2611
3 2642
3 2644
3 2649
3 2653
3 2655
3 2656
3 2657
3 2659
3 2661
3 2669
3 2671
3 2675
3 2677
3 2679
3 2681
3 2683
3 2694
3 2698
3 2702
3 2705
3 2742
3 2787
3 2789
3 2792
3 2802
3 2803
3 2805
3 2809
3 2823
3 2825
3 2826
3 2829
3 2842
3 2843
3 2844
3 2854
3 2855
3 2862
3 2873
3 2877
3 2879
3 2916
3 2940
3 2952
3 2968
3 2986
3 2989
3 2994
3 2996
3 2998
3 3008
3 3014
3 3018
3 3020
3 3042
3 3083
3 3085
3 3113
3 3116
3 3118
3 3127
3 3133
3 3135
3 3137
3 3142
3 3152
3 3183
3 3220
3 3221
3 3262
3 3283
3 3287
3 3330
3 3332
3 3334
3 3344
3 3345
3 3349
3 3353
3 3354
3 3375
3 3377
3 3388
3 3542
3 3584
3 3706
3 3710
3 3724
3 3738
3 3739
3 3740
3 3741
3 3743
3 3748
3 3751
3 3758
3 3762
3 3765
3 3768
3 3781
3 3785
3 3787
3 3789
3 3792
3 3795
3 3797
3 3800
3 3802
3 3803
3 3804
3 3845
3 3847
3 3854
3 3863
3 3875
3 3970
3 3972
3 3980
3 3981
3 3982
3 3984
3 3985
3 4013
3 4018
3 4043
3 4047
3 4052
3 4143
3 4165
3 4166
3 4167
3 4168
3 4169
3 4170
3 4171
3 4172
3 4173
3 4175
3 4176
3 4178
3 4179
3 4183
3 4184
3 4185
3 4186
3 4187
3 4188
3 4189
3 4190
3 4191
3 4192
3 4193
3 4194
3 4195
3 4196
3 4207
3 4208
3 4209
3 4210
3 4211
3 4222
3 4223
3 4238
3 4239
3 4240
3 4242
3 4248
3 4259
3 4264
3 4267
3 4296
3 4297
3 4298
3 4302
3 4303
3 4304
3 4306
3 4358
3 4359
3 4360
3 4361
3 4362
3 4363
3 4364
3 4365
3 4378
3 4379
3 4380
3 4382
3 4383
3 4384
3 4385
3 4393
3 4394
3 4395
3 4396
3 4397
3 4401
3 4402
3 4403
3 4404
3 4405
3 4406
3 4407
3 4408
3 4409
3 4412
3 4413
3 4414
3 4415
3 4416
3 4417
3 4418
3 4419
3 4421
3 4422
3 4423
3 4424
3 4426
3 4427
3 4428
3 4429
3 4430
3 4431
3 4432
3 4433
3 4434
3 4435
3 4438
3 4440
3 4445
3 4454
3 4456
3 4461
3 4477
3 4478
3 4479
3 4483
3 4490
3 4492
3 4495
3 4496
3 4497
3 4498
3 4499
3 4500
3 4501
3 4502
3 4503
3 4504
3 4505
3 4506
3 4507
3 4508
3 4510
3 4518
3 4520
3 4523
3 4531
3 4533
3 4535
3 4536
3 4537
3 4538
3 4539
3 4548
3 4549
3 4570
3 4571
3 4576
3 4577
3 4579
3 4587
3 4589
3 4592
3 4601
3 4606
3 4622
3 4632
3 4634
3 4635
3 4650
3 4657
3 4658
3 4660
3 4671
3 4683
3 4687
3 4690
3 4691
3 4692
3 4697
3 4699
3 7555
3 7556
3 7590
3 7598
3 7617
3 7762
3 7763
3 7764
3 7765
3 7766
3 7767
3 7768
3 7769
3 7770
3 7771
3 7772
3 7773
3 7774
3 7775
3 7776
3 7777
3 7778
3 7779
3 7780
3 7781
3 7782
3 7783
3 7784
3 7859
3 7895
3 7896
3 7897
3 8704
3 9291
3 9292
3 9294
3 9295
3 9297
3 9298
3 9310
3 9316
3 9317
3 9332
3 9333
3 9336
3 9337
3 9339
3 9340
3 9341
3 9343
3 9344
3 9345
3 9365
3 9368
3 9369
3 9370
3 9371
3 9372
3 9373
3 9374
3 9375
3 9376
3 9377
3 9378
3 9379
3 9380
3 9381
3 9382
3 9383
3 9384
3 9385
3 9387
3 9389
3 9390
3 9391
3 9392
3 9393
3 9394
3 9395
3 9397
3 9398
3 9399
3 9400
3 9401
3 9402
3 9403
3 9404
3 9410
3 9411
3 9412
3 9413
3 9414
3 9415
3 9416
3 9418
3 9419
3 9420
3 9422
3 9423
3 9424
3 9425
3 9430
3 9431
3 9432
3 9433
3 9434
3 9435
3 9436
3 9437
3 9441
3 9442
3 9443
3 9444
3 9445
3 9446
3 9447
3 9448
3 9449
3 9450
3 9457
3 9458
3 9459
3 9460
3 9461
3 9462
3 9463
3 9464
3 9467
3 9469
3 9470
3 9471
3 9472
3 9473
3 9474
3 9475
3 9476
3 9477
3 9614
3 9615
3 9744
3 9768
3 9940
3 16869
3 18360
3 21752
3 27529
3 27644
4 1
4 2
4 3
4 4
4 5
4 9
4 11
4 37
4 40
4 46
4 47
4 60
4 62
4 63
4 73
4 76
4 84
4 90
4 102
4 118
4 124
4 173
4 176
4 184
4 191
4 212
4 217
4 219
4 221
4 229
4 230
4 236
4 252
4 295
4 303
4 514
4 517
4 518
4 520
4 542
4 577
4 595
4 659
4 662
4 664
4 665
4 667
4 668
4 669
4 670
4 671
4 674
4 676
4 693
4 695
4 749
4 750
4 754
4 757
4 758
4 774
4 783
4 787
4 792
4 793
4 794
4 795
4 796
4 799
4 803
4 804
4 805
4 806
4 836
4 837
4 844
4 858
4 871
4 873
4 878
4 885
4 887
4 901
4 907
4 931
4 932
4 937
4 945
4 948
4 969
4 972
4 974
4 976
4 993
4 1015
4 1035
4 1036
4 1044
4 1063
4 1075
4 1076
4 1085
4 1146
4 1324
4 1334
4 1353
4 1357
4 1358
4 1359
4 1360
4 1366
4 1397
4 1527
4 1528
4 1565
4 1570
4 1631
4 1737
4 1738
4 1739
4 1802
4 1831
4 1832
4 1833
4 1834
4 1835
4 1836
4 1837
4 1838
4 1839
4 1840
4 1841
4 1842
4 1843
4 1870
4 1913
4 2098
4 2106
4 2145
4 2152
4 2159
4 2264
4 2267
4 2271
4 2294
4 2372
4 2401
4 2575
4 2584
4 2640
4 2971
4 2989
4 3072
4 3075
4 3350
4 3872
4 3873
4 3878
4 3883
4 3968
4 3976
4 3996
4 4031
4 4056
4 4134
4 4187
4 4299
4 4335
4 4617
4 4618
4 4623
4 4788
4 4792
4 7655
4 7656
4 8308
4 8744
4 8976
4 9074
4 9437
4 9479
4 9921
4 14619
4 19192
4 19714
4 21119
4 24398
5 1
5 2
5 3
5 4
5 5
5 6
5 7
5 8
5 9
5 10
5 11
5 12
5 13
5 14
5 37
5 43
5 46
5 47
5 57
5 60
5 71
5 73
5 74
5 76
5 77
5 78
5 79
5 83
5 85
5 86
5 88
5 90
5 91
5 92
5 93
5 94
5 95
5 96
5 97
5 98
5 100
5 101
5 102
5 103
5 106
5 107
5 113
5 114
5 115
5 116
5 117
5 118
5 119
5 120
5 121
5 123
5 124
5 125
5 127
5 128
5 129
5 130
5 131
5 132
5 133
5 134
5 135
5 136
5 137
5 139
5 140
5 142
5 143
5 144
5 148
5 149
5 152
5 153
5 158
5 160
5 162
5 163
5 166
5 167
5 168
5 169
5 170
5 171
5 172
5 174
5 175
5 176
5 177
5 178
5 179
5 180
5 181
5 182
5 183
5 184
5 185
5 186
5 187
5 188
5 189
5 190
5 191
5 192
5 193
5 194
5 195
5 196
5 197
5 198
5 199
5 200
5 201
5 202
5 203
5 204
5 205
5 206
5 207
5 208
5 210
5 211
5 212
5 213
5 214
5 215
5 216
5 217
5 218
5 219
5 220
5 221
5 222
5 223
5 224
5 225
5 226
5 227
5 228
5 229
5 230
5 231
5 232
5 233
5 234
5 235
5 236
5 237
5 238
5 239
5 240
5 241
5 242
5 243
5 244
5 245
5 246
5 247
5 248
5 249
5 250
5 251
5 252
5 253
5 254
5 255
5 256
5 257
5 258
5 259
5 260
5 261
5 262
5 263
5 264
5 265
5 266
5 267
5 268
5 269
5 270
5 271
5 272
5 273
5 274
5 275
5 276
5 277
5 278
5 279
5 280
5 281
5 282
5 283
5 284
5 285
5 287
5 288
5 289
5 290
5 291
5 292
5 293
5 294
5 295
5 296
5 297
5 298
5 299
5 300
5 301
5 302
5 303
5 304
5 305
5 306
5 307
5 308
5 309
5 310
5 311
5 312
5 313
5 314
5 316
5 318
5 319
5 320
5 321
5 322
5 325
5 455
5 492
5 493
5 521
5 541
5 542
5 546
5 547
5 551
5 552
5 554
5 555
5 556
5 562
5 563
5 565
5 567
5 568
5 569
5 570
5 572
5 573
5 574
5 575
5 576
5 577
5 580
5 581
5 582
5 583
5 584
5 585
5 586
5 587
5 588
5 589
5 590
5 591
5 592
5 593
5 594
5 595
5 596
5 597
5 598
5 599
5 600
5 601
5 602
5 603
5 604
5 605
5 606
5 607
5 608
5 609
5 610
5 611
5 613
5 614
5 615
5 616
5 617
5 618
5 619
5 620
5 622
5 623
5 624
5 625
5 635
5 636
5 637
5 638
5 639
5 640
5 641
5 642
5 643
5 644
5 645
5 646
5 647
5 648
5 649
5 650
5 651
5 653
5 654
5 655
5 656
5 657
5 658
5 659
5 660
5 661
5 662
5 664
5 665
5 667
5 668
5 669
5 670
5 671
5 672
5 674
5 675
5 677
5 679
5 680
5 681
5 682
5 683
5 684
5 685
5 686
5 687
5 688
5 689
5 690
5 691
5 692
5 693
5 694
5 695
5 696
5 697
5 698
5 699
5 700
5 703
5 705
5 706
5 707
5 708
5 709
5 710
5 711
5 712
5 713
5 715
5 716
5 717
5 718
5 719
5 721
5 722
5 723
5 724
5 725
5 726
5 727
5 730
5 732
5 733
5 734
5 735
5 736
5 737
5 739
5 740
5 741
5 742
5 743
5 744
5 745
5 746
5 748
5 749
5 750
5 752
5 753
5 754
5 755
5 756
5 757
5 758
5 759
5 760
5 761
5 762
5 763
5 764
5 765
5 766
5 767
5 768
5 769
5 770
5 771
5 772
5 773
5 774
5 775
5 776
5 777
5 778
5 779
5 780
5 781
5 782
5 783
5 784
5 785
5 786
5 787
5 788
5 789
5 790
5 791
5 792
5 793
5 794
5 795
5 796
5 798
5 799
5 800
5 801
5 802
5 803
5 804
5 805
5 806
5 807
5 813
5 814
5 815
5 816
5 817
5 819
5 820
5 821
5 824
5 825
5 827
5 828
5 830
5 832
5 833
5 836
5 837
5 839
5 841
5 842
5 843
5 844
5 845
5 846
5 847
5 848
5 849
5 850
5 851
5 852
5 853
5 855
5 856
5 857
5 858
5 859
5 860
5 861
5 862
5 864
5 865
5 866
5 869
5 872
5 875
5 895
5 901
5 902
5 903
5 904
5 905
5 906
5 907
5 908
5 909
5 910
5 912
5 914
5 915
5 916
5 917
5 918
5 921
5 922
5 923
5 924
5 925
5 926
5 927
5 928
5 929
5 930
5 931
5 932
5 933
5 935
5 936
5 937
5 940
5 942
5 943
5 944
5 945
5 946
5 947
5 948
5 949
5 950
5 951
5 952
5 953
5 954
5 956
5 959
5 960
5 963
5 966
5 967
5 971
5 974
5 975
5 976
5 977
5 978
5 981
5 982
5 983
5 984
5 987
5 988
5 990
5 991
5 992
5 993
5 995
5 996
5 997
5 1000
5 1009
5 1011
5 1012
5 1013
5 1014
5 1015
5 1016
5 1017
5 1018
5 1019
5 1020
5 1021
5 1022
5 1024
5 1025
5 1026
5 1028
5 1029
5 1030
5 1032
5 1034
5 1035
5 1036
5 1038
5 1039
5 1040
5 1041
5 1042
5 1043
5 1044
5 1045
5 1046
5 1047
5 1048
5 1049
5 1050
5 1053
5 1054
5 1055
5 1056
5 1057
5 1059
5 1062
5 1063
5 1065
5 1066
5 1067
5 1068
5 1069
5 1074
5 1075
5 1077
5 1078
5 1079
5 1080
5 1081
5 1082
5 1083
5 1084
5 1085
5 1086
5 1087
5 1088
5 1089
5 1090
5 1091
5 1092
5 1093
5 1094
5 1095
5 1096
5 1098
5 1099
5 1101
5 1102
5 1103
5 1104
5 1105
5 1106
5 1108
5 1109
5 1110
5 1111
5 1112
5 1113
5 1114
5 1116
5 1117
5 1118
5 1119
5 1120
5 1121
5 1122
5 1123
5 1124
5 1125
5 1126
5 1129
5 1130
5 1131
5 1132
5 1133
5 1134
5 1136
5 1137
5 1138
5 1141
5 1142
5 1143
5 1144
5 1146
5 1148
5 1149
5 1150
5 1151
5 1152
5 1153
5 1155
5 1156
5 1157
5 1158
5 1159
5 1160
5 1166
5 1167
5 1169
5 1170
5 1171
5 1174
5 1175
5 1177
5 1179
5 1181
5 1183
5 1184
5 1186
5 1188
5 1189
5 1190
5 1191
5 1194
5 1196
5 1198
5 1200
5 1202
5 1203
5 1204
5 1206
5 1207
5 1208
5 1209
5 1210
5 1211
5 1212
5 1214
5 1216
5 1217
5 1218
5 1219
5 1220
5 1221
5 1222
5 1223
5 1224
5 1225
5 1226
5 1227
5 1228
5 1229
5 1230
5 1242
5 1243
5 1244
5 1245
5 1247
5 1248
5 1249
5 1250
5 1251
5 1252
5 1253
5 1258
5 1259
5 1260
5 1261
5 1263
5 1265
5 1266
5 1267
5 1269
5 1271
5 1272
5 1274
5 1275
5 1277
5 1280
5 1281
5 1282
5 1283
5 1284
5 1285
5 1286
5 1288
5 1289
5 1290
5 1291
5 1292
5 1293
5 1294
5 1295
5 1296
5 1297
5 1299
5 1301
5 1302
5 1303
5 1307
5 1310
5 1312
5 1313
5 1314
5 1315
5 1316
5 1323
5 1326
5 1327
5 1333
5 1338
5 1340
5 1342
5 1343
5 1344
5 1345
5 1346
5 1347
5 1352
5 1356
5 1365
5 1368
5 1370
5 1372
5 1376
5 1377
5 1380
5 1382
5 1384
5 1385
5 1386
5 1387
5 1388
5 1389
5 1390
5 1397
5 1400
5 1401
5 1402
5 1403
5 1404
5 1405
5 1406
5 1408
5 1409
5 1410
5 1411
5 1415
5 1417
5 1418
5 1419
5 1421
5 1422
5 1423
5 1424
5 1425
5 1426
5 1427
5 1428
5 1430
5 1431
5 1432
5 1435
5 1436
5 1439
5 1451
5 1453
5 1457
5 1458
5 1459
5 1464
5 1468
5 1469
5 1478
5 1480
5 1487
5 1492
5 1493
5 1494
5 1495
5 1496
5 1497
5 1499
5 1500
5 1503
5 1506
5 1507
5 1508
5 1509
5 1510
5 1511
5 1514
5 1516
5 1523
5 1524
5 1525
5 1526
5 1527
5 1528
5 1530
5 1532
5 1533
5 1534
5 1536
5 1537
5 1539
5 1540
5 1541
5 1542
5 1543
5 1544
5 1545
5 1546
5 1547
5 1556
5 1558
5 1563
5 1565
5 1566
5 1568
5 1569
5 1570
5 1571
5 1572
5 1573
5 1574
5 1576
5 1578
5 1579
5 1580
5 1582
5 1583
5 1584
5 1585
5 1587
5 1588
5 1593
5 1594
5 1595
5 1596
5 1600
5 1601
5 1602
5 1604
5 1608
5 1611
5 1612
5 1613
5 1614
5 1615
5 1616
5 1617
5 1620
5 1621
5 1622
5 1623
5 1626
5 1628
5 1629
5 1630
5 1632
5 1633
5 1634
5 1636
5 1637
5 1639
5 1641
5 1643
5 1646
5 1648
5 1649
5 1650
5 1652
5 1653
5 1656
5 1658
5 1660
5 1662
5 1665
5 1667
5 1668
5 1669
5 1670
5 1671
5 1672
5 1673
5 1674
5 1677
5 1678
5 1679
5 1680
5 1681
5 1682
5 1683
5 1685
5 1687
5 1691
5 1692
5 1693
5 1694
5 1695
5 1696
5 1697
5 1698
5 1699
5 1702
5 1703
5 1705
5 1706
5 1709
5 1710
5 1713
5 1715
5 1716
5 1718
5 1720
5 1721
5 1726
5 1729
5 1737
5 1738
5 1739
5 1740
5 1742
5 1743
5 1744
5 1747
5 1748
5 1753
5 1755
5 1757
5 1758
5 1759
5 1760
5 1762
5 1764
5 1766
5 1768
5 1770
5 1772
5 1773
5 1774
5 1775
5 1777
5 1779
5 1780
5 1781
5 1782
5 1786
5 1788
5 1790
5 1791
5 1792
5 1794
5 1796
5 1797
5 1798
5 1800
5 1801
5 1802
5 1803
5 1805
5 1806
5 1807
5 1810
5 1811
5 1812
5 1813
5 1814
5 1816
5 1817
5 1818
5 1819
5 1820
5 1824
5 1825
5 1827
5 1831
5 1832
5 1833
5 1834
5 1835
5 1836
5 1837
5 1838
5 1839
5 1840
5 1841
5 1842
5 1843
5 1844
5 1847
5 1848
5 1849
5 1851
5 1852
5 1855
5 1858
5 1860
5 1867
5 1869
5 1870
5 1871
5 1872
5 1873
5 1874
5 1878
5 1880
5 1882
5 1884
5 1887
5 1907
5 1911
5 1912
5 1915
5 1916
5 1918
5 1920
5 1921
5 1922
5 1923
5 1925
5 1926
5 1927
5 1928
5 1929
5 1932
5 1933
5 1934
5 1935
5 1954
5 1965
5 1967
5 1991
5 1992
5 1993
5 1997
5 1998
5 1999
5 2000
5 2001
5 2002
5 2004
5 2005
5 2006
5 2008
5 2010
5 2011
5 2013
5 2015
5 2017
5 2019
5 2022
5 2026
5 2027
5 2028
5 2030
5 2032
5 2034
5 2035
5 2036
5 2038
5 2040
5 2041
5 2043
5 2044
5 2046
5 2048
5 2049
5 2051
5 2053
5 2054
5 2055
5 2059
5 2060
5 2061
5 2062
5 2066
5 2068
5 2072
5 2073
5 2077
5 2079
5 2083
5 2084
5 2091
5 2094
5 2095
5 2097
5 2098
5 2100
5 2101
5 2102
5 2103
5 2104
5 2105
5 2106
5 2107
5 2108
5 2110
5 2112
5 2118
5 2119
5 2120
5 2121
5 2127
5 2129
5 2130
5 2131
5 2133
5 2135
5 2136
5 2137
5 2139
5 2141
5 2143
5 2145
5 2146
5 2147
5 2149
5 2150
5 2151
5 2152
5 2153
5 2154
5 2155
5 2156
5 2159
5 2166
5 2170
5 2172
5 2174
5 2175
5 2176
5 2177
5 2181
5 2183
5 2185
5 2187
5 2189
5 2191
5 2192
5 2194
5 2197
5 2215
5 2217
5 2219
5 2221
5 2222
5 2223
5 2224
5 2225
5 2226
5 2227
5 2228
5 2229
5 2230
5 2231
5 2232
5 2233
5 2234
5 2235
5 2242
5 2245
5 2247
5 2248
5 2249
5 2254
5 2256
5 2257
5 2258
5 2259
5 2261
5 2264
5 2266
5 2267
5 2270
5 2271
5 2272
5 2273
5 2274
5 2275
5 2280
5 2281
5 2286
5 2287
5 2288
5 2289
5 2290
5 2291
5 2292
5 2293
5 2294
5 2295
5 2297
5 2299
5 2300
5 2306
5 2311
5 2312
5 2314
5 2315
5 2317
5 2319
5 2320
5 2322
5 2323
5 2324
5 2326
5 2329
5 2331
5 2333
5 2334
5 2335
5 2337
5 2339
5 2340
5 2341
5 2342
5 2344
5 2346
5 2347
5 2348
5 2350
5 2352
5 2353
5 2355
5 2356
5 2359
5 2361
5 2362
5 2364
5 2366
5 2367
5 2369
5 2371
5 2372
5 2374
5 2375
5 2377
5 2379
5 2381
5 2382
5 2383
5 2384
5 2394
5 2395
5 2396
5 2398
5 2400
5 2401
5 2402
5 2403
5 2406
5 2408
5 2409
5 2414
5 2417
5 2419
5 2420
5 2426
5 2427
5 2428
5 2429
5 2430
5 2432
5 2434
5 2436
5 2437
5 2438
5 2439
5 2442
5 2443
5 2444
5 2446
5 2447
5 2448
5 2449
5 2450
5 2451
5 2452
5 2453
5 2454
5 2455
5 2456
5 2457
5 2458
5 2459
5 2460
5 2461
5 2462
5 2463
5 2464
5 2465
5 2466
5 2467
5 2468
5 2469
5 2470
5 2471
5 2472
5 2473
5 2474
5 2475
5 2476
5 2477
5 2478
5 2479
5 2480
5 2481
5 2482
5 2483
5 2484
5 2485
5 2486
5 2487
5 2488
5 2489
5 2490
5 2491
5 2492
5 2493
5 2494
5 2495
5 2496
5 2497
5 2498
5 2499
5 2500
5 2501
5 2502
5 2512
5 2513
5 2516
5 2518
5 2521
5 2523
5 2525
5 2526
5 2527
5 2528
5 2543
5 2550
5 2552
5 2556
5 2558
5 2561
5 2562
5 2565
5 2567
5 2568
5 2571
5 2572
5 2576
5 2578
5 2579
5 2580
5 2581
5 2582
5 2583
5 2584
5 2585
5 2588
5 2590
5 2591
5 2593
5 2595
5 2598
5 2599
5 2600
5 2601
5 2602
5 2603
5 2604
5 2605
5 2606
5 2607
5 2609
5 2611
5 2613
5 2615
5 2620
5 2623
5 2624
5 2625
5 2626
5 2627
5 2628
5 2629
5 2630
5 2634
5 2636
5 2637
5 2642
5 2643
5 2644
5 2645
5 2646
5 2647
5 2648
5 2649
5 2651
5 2652
5 2653
5 2654
5 2655
5 2656
5 2657
5 2658
5 2659
5 2660
5 2661
5 2669
5 2671
5 2673
5 2675
5 2677
5 2679
5 2681
5 2682
5 2683
5 2684
5 2685
5 2687
5 2689
5 2694
5 2696
5 2698
5 2699
5 2701
5 2702
5 2703
5 2704
5 2705
5 2707
5 2710
5 2711
5 2715
5 2717
5 2720
5 2723
5 2725
5 2728
5 2729
5 2730
5 2735
5 2736
5 2738
5 2740
5 2741
5 2742
5 2743
5 2744
5 2745
5 2747
5 2748
5 2750
5 2752
5 2754
5 2756
5 2758
5 2759
5 2761
5 2766
5 2768
5 2770
5 2784
5 2786
5 2787
5 2788
5 2789
5 2790
5 2791
5 2792
5 2800
5 2801
5 2802
5 2803
5 2805
5 2806
5 2807
5 2808
5 2809
5 2812
5 2814
5 2816
5 2818
5 2821
5 2822
5 2823
5 2826
5 2828
5 2829
5 2830
5 2832
5 2834
5 2839
5 2840
5 2841
5 2842
5 2843
5 2844
5 2845
5 2853
5 2854
5 2855
5 2856
5 2859
5 2860
5 2861
5 2862
5 2872
5 2873
5 2874
5 2875
5 2876
5 2877
5 2878
5 2879
5 2880
5 2888
5 2890
5 2892
5 2896
5 2899
5 2901
5 2903
5 2904
5 2905
5 2906
5 2907
5 2908
5 2909
5 2912
5 2913
5 2914
5 2916
5 2925
5 2927
5 2936
5 2938
5 2940
5 2941
5 2942
5 2946
5 2947
5 2948
5 2949
5 2950
5 2951
5 2952
5 2954
5 2956
5 2957
5 2958
5 2959
5 2961
5 2962
5 2965
5 2966
5 2968
5 2969
5 2970
5 2971
5 2972
5 2973
5 2976
5 2978
5 2980
5 2983
5 2984
5 2985
5 2986
5 2988
5 2989
5 2991
5 2994
5 2996
5 2998
5 3000
5 3002
5 3004
5 3006
5 3008
5 3014
5 3015
5 3016
5 3018
5 3020
5 3022
5 3028
5 3030
5 3038
5 3039
5 3041
5 3042
5 3044
5 3045
5 3046
5 3048
5 3050
5 3051
5 3052
5 3053
5 3054
5 3055
5 3056
5 3057
5 3058
5 3059
5 3060
5 3061
5 3063
5 3064
5 3066
5 3068
5 3069
5 3073
5 3077
5 3078
5 3079
5 3080
5 3081
5 3082
5 3083
5 3085
5 3086
5 3087
5 3088
5 3089
5 3090
5 3092
5 3093
5 3096
5 3097
5 3099
5 3100
5 3101
5 3102
5 3103
5 3105
5 3108
5 3112
5 3113
5 3116
5 3118
5 3120
5 3122
5 3124
5 3127
5 3129
5 3130
5 3132
5 3133
5 3135
5 3137
5 3140
5 3141
5 3142
5 3143
5 3145
5 3146
5 3147
5 3148
5 3149
5 3150
5 3151
5 3152
5 3159
5 3160
5 3161
5 3162
5 3163
5 3164
5 3165
5 3166
5 3167
5 3177
5 3179
5 3180
5 3183
5 3185
5 3186
5 3188
5 3189
5 3190
5 3191
5 3192
5 3193
5 3194
5 3195
5 3196
5 3197
5 3198
5 3199
5 3200
5 3201
5 3202
5 3203
5 3204
5 3205
5 3206
5 3209
5 3210
5 3211
5 3215
5 3216
5 3218
5 3220
5 3221
5 3222
5 3228
5 3229
5 3231
5 3232
5 3233
5 3234
5 3235
5 3236
5 3237
5 3238
5 3239
5 3245
5 3246
5 3248
5 3250
5 3251
5 3252
5 3254
5 3256
5 3257
5 3259
5 3263
5 3266
5 3268
5 3269
5 3271
5 3273
5 3274
5 3275
5 3277
5 3278
5 3280
5 3285
5 3286
5 3287
5 3288
5 3289
5 3290
5 3291
5 3292
5 3293
5 3294
5 3296
5 3298
5 3300
5 3301
5 3302
5 3306
5 3307
5 3309
5 3310
5 3311
5 3315
5 3317
5 3320
5 3321
5 3322
5 3323
5 3324
5 3325
5 3326
5 3327
5 3329
5 3330
5 3331
5 3332
5 3335
5 3340
5 3341
5 3350
5 3351
5 3352
5 3355
5 3357
5 3358
5 3359
5 3360
5 3361
5 3363
5 3364
5 3366
5 3369
5 3370
5 3371
5 3372
5 3375
5 3376
5 3377
5 3378
5 3380
5 3382
5 3384
5 3386
5 3388
5 3390
5 3392
5 3394
5 3395
5 3397
5 3399
5 3401
5 3403
5 3405
5 3407
5 3408
5 3409
5 3411
5 3413
5 3416
5 3417
5 3418
5 3419
5 3420
5 3422
5 3423
5 3427
5 3428
5 3429
5 3430
5 3433
5 3435
5 3436
5 3437
5 3440
5 3442
5 3443
5 3444
5 3446
5 3449
5 3451
5 3452
5 3453
5 3455
5 3456
5 3457
5 3458
5 3460
5 3461
5 3463
5 3464
5 3465
5 3466
5 3467
5 3468
5 3469
5 3470
5 3471
5 3472
5 3473
5 3474
5 3478
5 3480
5 3481
5 3483
5 3485
5 3486
5 3487
5 3488
5 3489
5 3490
5 3491
5 3492
5 3493
5 3494
5 3495
5 3496
5 3522
5 3524
5 3526
5 3527
5 3528
5 3529
5 3530
5 3532
5 3533
5 3534
5 3536
5 3540
5 3542
5 3544
5 3545
5 3546
5 3547
5 3556
5 3561
5 3563
5 3564
5 3565
5 3566
5 3567
5 3568
5 3569
5 3572
5 3575
5 3576
5 3577
5 3579
5 3581
5 3583
5 3584
5 3588
5 3590
5 3593
5 3594
5 3599
5 3601
5 3602
5 3604
5 3606
5 3607
5 3608
5 3610
5 3612
5 3614
5 3616
5 3618
5 3619
5 3620
5 3622
5 3623
5 3624
5 3626
5 3627
5 3629
5 3630
5 3631
5 3633
5 3635
5 3636
5 3639
5 3641
5 3643
5 3644
5 3645
5 3646
5 3647
5 3648
5 3649
5 3655
5 3657
5 3658
5 3659
5 3661
5 3662
5 3663
5 3664
5 3665
5 3666
5 3667
5 3668
5 3702
5 3705
5 3706
5 3707
5 3710
5 3720
5 3724
5 3727
5 3730
5 3731
5 3732
5 3738
5 3739
5 3740
5 3741
5 3742
5 3743
5 3748
5 3749
5 3750
5 3751
5 3758
5 3762
5 3763
5 3765
5 3766
5 3768
5 3769
5 3771
5 3772
5 3774
5 3776
5 3777
5 3779
5 3785
5 3787
5 3789
5 3791
5 3792
5 3795
5 3797
5 3798
5 3800
5 3801
5 3802
5 3803
5 3804
5 3805
5 3807
5 3808
5 3809
5 3810
5 3811
5 3813
5 3815
5 3816
5 3818
5 3828
5 3845
5 3847
5 3848
5 3850
5 3855
5 3857
5 3858
5 3859
5 3862
5 3863
5 3864
5 3874
5 3876
5 3879
5 3880
5 3885
5 3886
5 3888
5 3889
5 3890
5 3891
5 3892
5 3894
5 3896
5 3897
5 3898
5 3900
5 3902
5 3903
5 3904
5 3905
5 3906
5 3907
5 3908
5 3909
5 3910
5 3915
5 3916
5 3918
5 3919
5 3920
5 3924
5 3927
5 3934
5 3935
5 3936
5 3937
5 3938
5 3939
5 3941
5 3942
5 3943
5 3944
5 3945
5 3946
5 3947
5 3948
5 3949
5 3950
5 3951
5 3952
5 3954
5 3955
5 3958
5 3959
5 3961
5 3962
5 3964
5 3966
5 3968
5 3969
5 3970
5 3971
5 3972
5 3973
5 3975
5 3976
5 3978
5 3986
5 3987
5 3988
5 3989
5 3990
5 3991
5 3992
5 3994
5 3995
5 3996
5 3997
5 3998
5 4000
5 4001
5 4002
5 4003
5 4004
5 4006
5 4008
5 4010
5 4012
5 4013
5 4015
5 4017
5 4018
5 4019
5 4020
5 4021
5 4024
5 4025
5 4026
5 4027
5 4028
5 4029
5 4030
5 4031
5 4034
5 4036
5 4037
5 4038
5 4039
5 4040
5 4041
5 4042
5 4043
5 4046
5 4047
5 4048
5 4049
5 4050
5 4051
5 4055
5 4056
5 4058
5 4060
5 4061
5 4062
5 4063
5 4066
5 4067
5 4068
5 4069
5 4071
5 4072
5 4077
5 4078
5 4079
5 4080
5 4082
5 4083
5 4084
5 4085
5 4086
5 4087
5 4088
5 4089
5 4090
5 4091
5 4093
5 4094
5 4095
5 4101
5 4102
5 4104
5 4105
5 4106
5 4107
5 4110
5 4111
5 4112
5 4113
5 4116
5 4118
5 4119
5 4120
5 4121
5 4123
5 4124
5 4125
5 4126
5 4127
5 4132
5 4133
5 4134
5 4135
5 4137
5 4140
5 4141
5 4146
5 4150
5 4152
5 4153
5 4154
5 4155
5 4156
5 4159
5 4164
5 4174
5 4177
5 4179
5 4182
5 4197
5 4199
5 4200
5 4201
5 4202
5 4203
5 4204
5 4205
5 4206
5 4212
5 4213
5 4214
5 4217
5 4218
5 4219
5 4220
5 4221
5 4224
5 4225
5 4226
5 4227
5 4228
5 4230
5 4231
5 4233
5 4234
5 4236
5 4238
5 4241
5 4242
5 4243
5 4244
5 4245
5 4246
5 4249
5 4251
5 4254
5 4257
5 4263
5 4264
5 4265
5 4268
5 4269
5 4270
5 4275
5 4276
5 4277
5 4278
5 4279
5 4281
5 4282
5 4283
5 4284
5 4285
5 4286
5 4287
5 4288
5 4289
5 4290
5 4291
5 4292
5 4293
5 4294
5 4295
5 4299
5 4300
5 4303
5 4304
5 4306
5 4307
5 4309
5 4310
5 4311
5 4312
5 4313
5 4315
5 4316
5 4317
5 4318
5 4319
5 4320
5 4321
5 4325
5 4326
5 4327
5 4328
5 4329
5 4330
5 4331
5 4332
5 4333
5 4335
5 4336
5 4339
5 4340
5 4341
5 4342
5 4348
5 4349
5 4355
5 4356
5 4357
5 4366
5 4367
5 4368
5 4369
5 4370
5 4371
5 4372
5 4373
5 4374
5 4375
5 4381
5 4385
5 4388
5 4389
5 4391
5 4392
5 4398
5 4399
5 4400
5 4406
5 4436
5 4437
5 4438
5 4439
5 4440
5 4441
5 4442
5 4443
5 4444
5 4445
5 4446
5 4447
5 4449
5 4451
5 4452
5 4455
5 4456
5 4457
5 4458
5 4462
5 4463
5 4464
5 4465
5 4466
5 4467
5 4468
5 4470
5 4471
5 4473
5 4475
5 4476
5 4480
5 4481
5 4482
5 4484
5 4485
5 4486
5 4487
5 4491
5 4494
5 4509
5 4511
5 4512
5 4513
5 4517
5 4551
5 4552
5 4555
5 4557
5 4558
5 4559
5 4581
5 4590
5 4592
5 4593
5 4595
5 4597
5 4604
5 4605
5 4606
5 4609
5 4610
5 4611
5 4612
5 4613
5 4614
5 4615
5 4616
5 4617
5 4618
5 4619
5 4620
5 4621
5 4623
5 4637
5 4639
5 4640
5 4641
5 4642
5 4643
5 4644
5 4645
5 4656
5 4659
5 4661
5 4662
5 4663
5 4665
5 4668
5 4669
5 4672
5 4677
5 4678
5 4712
5 4731
5 4749
5 4750
5 4756
5 4757
5 4758
5 4759
5 4760
5 4772
5 4781
5 4782
5 4788
5 4789
5 4790
5 4792
5 4794
5 4798
5 4799
5 4800
5 4801
5 4802
5 4803
5 4804
5 4805
5 4806
5 4807
5 4808
5 4809
5 4810
5 4811
5 4812
5 4814
5 4815
5 4818
5 4819
5 9293
5 9367
5 9406
5 9486
5 9491
5 9560
5 10150
5 15904
5 16795
6 1
6 63
6 64
6 105
6 242
6 256
6 298
6 300
6 591
6 617
6 749
6 774
6 926
6 937
6 1028
6 1059
6 1171
6 1227
6 1334
6 1453
6 1630
6 2174
6 2369
6 2790
6 2791
6 4736
6 4737
6 4738
6 4739
6 9928
7 1
7 15
7 40
7 87
7 318
7 319
7 521
7 836
7 871
7 885
7 887
7 896
7 897
7 969
7 1631
7 2322
7 3934
8 1
8 6
8 8
8 16
8 17
8 19
8 20
8 21
8 22
8 23
8 24
8 25
8 26
8 27
8 28
8 29
8 30
8 31
8 32
8 33
8 34
8 35
8 36
8 38
8 39
8 40
8 41
8 42
8 44
8 45
8 46
8 47
8 49
8 50
8 52
8 53
8 54
8 55
8 56
8 58
8 62
8 63
8 64
8 65
8 66
8 67
8 73
8 74
8 75
8 76
8 77
8 78
8 79
8 80
8 82
8 84
8 86
8 88
8 90
8 91
8 92
8 93
8 95
8 97
8 98
8 99
8 100
8 101
8 102
8 103
8 105
8 106
8 107
8 113
8 114
8 115
8 116
8 117
8 118
8 119
8 120
8 121
8 123
8 124
8 126
8 127
8 129
8 130
8 131
8 132
8 133
8 134
8 135
8 136
8 137
8 138
8 139
8 140
8 142
8 143
8 144
8 147
8 150
8 151
8 152
8 153
8 156
8 157
8 158
8 160
8 162
8 163
8 164
8 166
8 167
8 168
8 169
8 170
8 171
8 173
8 174
8 175
8 176
8 177
8 178
8 179
8 180
8 181
8 182
8 183
8 184
8 185
8 186
8 187
8 188
8 189
8 190
8 191
8 192
8 193
8 194
8 195
8 196
8 197
8 198
8 199
8 200
8 201
8 202
8 203
8 204
8 205
8 206
8 207
8 208
8 209
8 210
8 211
8 212
8 213
8 214
8 216
8 217
8 218
8 219
8 220
8 221
8 222
8 223
8 224
8 225
8 226
8 227
8 228
8 229
8 230
8 231
8 232
8 233
8 234
8 235
8 236
8 237
8 238
8 239
8 240
8 241
8 242
8 243
8 244
8 245
8 246
8 247
8 249
8 250
8 251
8 252
8 253
8 254
8 256
8 257
8 258
8 259
8 260
8 261
8 262
8 263
8 264
8 265
8 266
8 267
8 270
8 271
8 272
8 273
8 274
8 275
8 276
8 277
8 278
8 279
8 280
8 281
8 282
8 283
8 284
8 285
8 286
8 287
8 288
8 289
8 290
8 292
8 293
8 294
8 295
8 296
8 297
8 298
8 299
8 300
8 301
8 302
8 303
8 304
8 305
8 306
8 307
8 308
8 309
8 310
8 311
8 312
8 313
8 314
8 316
8 318
8 319
8 320
8 321
8 322
8 323
8 324
8 325
8 326
8 327
8 328
8 329
8 330
8 331
8 332
8 333
8 334
8 335
8 336
8 337
8 340
8 347
8 381
8 399
8 417
8 419
8 422
8 444
8 455
8 489
8 492
8 493
8 495
8 499
8 502
8 512
8 514
8 515
8 517
8 518
8 520
8 521
8 532
8 538
8 541
8 542
8 543
8 544
8 545
8 546
8 547
8 548
8 551
8 552
8 553
8 554
8 555
8 556
8 558
8 562
8 563
8 564
8 565
8 566
8 567
8 568
8 569
8 570
8 572
8 573
8 574
8 575
8 576
8 577
8 578
8 579
8 580
8 581
8 582
8 583
8 584
8 586
8 587
8 588
8 589
8 590
8 591
8 592
8 593
8 595
8 596
8 597
8 598
8 599
8 600
8 601
8 603
8 604
8 605
8 606
8 607
8 608
8 609
8 610
8 611
8 613
8 615
8 616
8 617
8 618
8 619
8 620
8 621
8 622
8 623
8 624
8 625
8 626
8 627
8 629
8 631
8 632
8 635
8 636
8 637
8 638
8 639
8 640
8 641
8 642
8 643
8 644
8 646
8 647
8 648
8 649
8 650
8 651
8 652
8 653
8 654
8 655
8 656
8 657
8 658
8 659
8 660
8 661
8 662
8 663
8 665
8 666
8 667
8 668
8 669
8 671
8 672
8 673
8 675
8 676
8 677
8 678
8 679
8 680
8 681
8 682
8 683
8 685
8 686
8 687
8 688
8 691
8 692
8 693
8 694
8 695
8 696
8 697
8 698
8 699
8 700
8 701
8 703
8 704
8 706
8 708
8 709
8 710
8 711
8 712
8 713
8 714
8 715
8 716
8 717
8 718
8 719
8 720
8 721
8 722
8 723
8 724
8 725
8 726
8 727
8 728
8 729
8 730
8 731
8 732
8 733
8 734
8 737
8 738
8 740
8 741
8 742
8 743
8 744
8 745
8 746
8 747
8 749
8 750
8 751
8 752
8 753
8 754
8 755
8 756
8 758
8 759
8 760
8 763
8 764
8 765
8 766
8 767
8 768
8 769
8 772
8 778
8 780
8 781
8 782
8 785
8 788
8 789
8 790
8 791
8 797
8 800
8 801
8 802
8 803
8 804
8 805
8 807
8 811
8 812
8 813
8 815
8 816
8 817
8 818
8 819
8 820
8 821
8 824
8 825
8 826
8 827
8 828
8 829
8 830
8 831
8 832
8 838
8 839
8 840
8 841
8 842
8 843
8 844
8 845
8 846
8 847
8 848
8 849
8 850
8 851
8 852
8 853
8 854
8 855
8 856
8 857
8 858
8 859
8 860
8 861
8 862
8 863
8 864
8 865
8 866
8 867
8 868
8 869
8 871
8 872
8 875
8 878
8 881
8 883
8 885
8 887
8 896
8 898
8 899
8 900
8 901
8 902
8 903
8 904
8 905
8 906
8 907
8 908
8 909
8 910
8 911
8 912
8 914
8 915
8 918
8 926
8 928
8 930
8 933
8 937
8 938
8 940
8 946
8 948
8 949
8 950
8 954
8 956
8 960
8 962
8 963
8 967
8 970
8 971
8 975
8 978
8 981
8 982
8 986
8 987
8 992
8 993
8 996
8 1000
8 1009
8 1015
8 1020
8 1022
8 1024
8 1026
8 1028
8 1029
8 1030
8 1032
8 1035
8 1039
8 1040
8 1041
8 1042
8 1043
8 1044
8 1045
8 1046
8 1047
8 1048
8 1050
8 1053
8 1055
8 1056
8 1057
8 1059
8 1062
8 1065
8 1066
8 1067
8 1068
8 1069
8 1070
8 1074
8 1077
8 1079
8 1080
8 1081
8 1082
8 1083
8 1084
8 1085
8 1086
8 1087
8 1088
8 1089
8 1090
8 1091
8 1092
8 1093
8 1094
8 1095
8 1096
8 1097
8 1098
8 1099
8 1100
8 1101
8 1102
8 1103
8 1104
8 1105
8 1106
8 1108
8 1109
8 1110
8 1111
8 1112
8 1113
8 1114
8 1116
8 1117
8 1118
8 1119
8 1120
8 1121
8 1122
8 1124
8 1125
8 1126
8 1129
8 1130
8 1131
8 1132
8 1133
8 1134
8 1135
8 1136
8 1137
8 1138
8 1140
8 1141
8 1142
8 1148
8 1149
8 1150
8 1151
8 1152
8 1153
8 1154
8 1155
8 1156
8 1157
8 1158
8 1159
8 1160
8 1161
8 1162
8 1163
8 1164
8 1165
8 1166
8 1168
8 1169
8 1170
8 1171
8 1172
8 1173
8 1174
8 1175
8 1176
8 1177
8 1178
8 1179
8 1180
8 1181
8 1182
8 1183
8 1184
8 1185
8 1186
8 1187
8 1188
8 1189
8 1190
8 1191
8 1192
8 1193
8 1194
8 1195
8 1196
8 1197
8 1198
8 1199
8 1200
8 1201
8 1202
8 1203
8 1204
8 1205
8 1206
8 1207
8 1208
8 1209
8 1210
8 1211
8 1212
8 1213
8 1214
8 1215
8 1216
8 1217
8 1218
8 1219
8 1220
8 1221
8 1222
8 1223
8 1224
8 1225
8 1226
8 1227
8 1228
8 1229
8 1230
8 1231
8 1232
8 1233
8 1234
8 1235
8 1236
8 1237
8 1238
8 1239
8 1240
8 1241
8 1242
8 1243
8 1244
8 1245
8 1246
8 1247
8 1248
8 1249
8 1250
8 1251
8 1252
8 1253
8 1254
8 1255
8 1256
8 1257
8 1258
8 1259
8 1260
8 1261
8 1262
8 1263
8 1264
8 1265
8 1266
8 1267
8 1268
8 1269
8 1270
8 1271
8 1272
8 1273
8 1274
8 1275
8 1276
8 1277
8 1278
8 1279
8 1280
8 1281
8 1282
8 1283
8 1284
8 1285
8 1286
8 1287
8 1288
8 1289
8 1290
8 1296
8 1297
8 1298
8 1299
8 1300
8 1301
8 1302
8 1303
8 1307
8 1308
8 1309
8 1310
8 1311
8 1312
8 1313
8 1314
8 1315
8 1316
8 1317
8 1321
8 1323
8 1326
8 1340
8 1342
8 1350
8 1356
8 1357
8 1368
8 1370
8 1371
8 1372
8 1375
8 1376
8 1377
8 1378
8 1379
8 1380
8 1381
8 1382
8 1383
8 1384
8 1385
8 1386
8 1387
8 1388
8 1389
8 1390
8 1391
8 1392
8 1393
8 1394
8 1395
8 1396
8 1397
8 1398
8 1399
8 1400
8 1401
8 1402
8 1403
8 1404
8 1405
8 1406
8 1407
8 1408
8 1409
8 1410
8 1411
8 1412
8 1413
8 1414
8 1415
8 1416
8 1417
8 1418
8 1419
8 1420
8 1421
8 1422
8 1423
8 1424
8 1425
8 1426
8 1427
8 1428
8 1429
8 1430
8 1431
8 1432
8 1433
8 1434
8 1435
8 1436
8 1437
8 1438
8 1439
8 1440
8 1441
8 1442
8 1443
8 1444
8 1445
8 1446
8 1447
8 1448
8 1449
8 1450
8 1451
8 1452
8 1453
8 1454
8 1455
8 1456
8 1457
8 1458
8 1459
8 1460
8 1461
8 1462
8 1463
8 1464
8 1465
8 1466
8 1467
8 1470
8 1471
8 1477
8 1478
8 1479
8 1484
8 1485
8 1486
8 1492
8 1493
8 1494
8 1495
8 1496
8 1497
8 1498
8 1500
8 1501
8 1502
8 1503
8 1505
8 1506
8 1507
8 1508
8 1509
8 1510
8 1511
8 1512
8 1513
8 1514
8 1515
8 1518
8 1520
8 1521
8 1522
8 1523
8 1524
8 1525
8 1526
8 1527
8 1529
8 1530
8 1531
8 1532
8 1533
8 1534
8 1535
8 1536
8 1537
8 1539
8 1540
8 1541
8 1542
8 1543
8 1544
8 1545
8 1546
8 1547
8 1550
8 1553
8 1555
8 1556
8 1557
8 1558
8 1559
8 1562
8 1563
8 1564
8 1566
8 1567
8 1571
8 1572
8 1573
8 1574
8 1575
8 1576
8 1577
8 1578
8 1579
8 1580
8 1581
8 1584
8 1588
8 1589
8 1590
8 1593
8 1594
8 1595
8 1596
8 1597
8 1598
8 1599
8 1600
8 1601
8 1602
8 1604
8 1605
8 1606
8 1607
8 1608
8 1609
8 1610
8 1611
8 1612
8 1613
8 1614
8 1615
8 1616
8 1617
8 1618
8 1619
8 1620
8 1621
8 1622
8 1623
8 1624
8 1625
8 1626
8 1627
8 1628
8 1629
8 1630
8 1631
8 1632
8 1633
8 1634
8 1635
8 1636
8 1637
8 1638
8 1639
8 1640
8 1641
8 1642
8 1643
8 1646
8 1647
8 1648
8 1649
8 1650
8 1651
8 1652
8 1653
8 1654
8 1655
8 1656
8 1657
8 1658
8 1660
8 1661
8 1662
8 1663
8 1664
8 1665
8 1666
8 1667
8 1668
8 1669
8 1670
8 1671
8 1672
8 1673
8 1674
8 1675
8 1676
8 1677
8 1678
8 1679
8 1680
8 1681
8 1682
8 1683
8 1684
8 1685
8 1686
8 1687
8 1688
8 1689
8 1690
8 1691
8 1692
8 1693
8 1694
8 1695
8 1696
8 1697
8 1698
8 1699
8 1700
8 1701
8 1702
8 1703
8 1704
8 1705
8 1706
8 1707
8 1708
8 1709
8 1710
8 1711
8 1712
8 1713
8 1714
8 1715
8 1716
8 1717
8 1718
8 1719
8 1720
8 1721
8 1722
8 1723
8 1724
8 1725
8 1726
8 1727
8 1728
8 1729
8 1732
8 1733
8 1734
8 1735
8 1736
8 1737
8 1738
8 1739
8 1740
8 1741
8 1742
8 1743
8 1744
8 1745
8 1747
8 1748
8 1749
8 1750
8 1751
8 1752
8 1753
8 1754
8 1755
8 1756
8 1757
8 1758
8 1759
8 1760
8 1761
8 1762
8 1763
8 1764
8 1765
8 1766
8 1767
8 1768
8 1769
8 1770
8 1771
8 1772
8 1773
8 1774
8 1775
8 1776
8 1777
8 1778
8 1779
8 1780
8 1783
8 1785
8 1786
8 1787
8 1788
8 1789
8 1790
8 1791
8 1792
8 1793
8 1794
8 1795
8 1796
8 1797
8 1798
8 1799
8 1800
8 1801
8 1803
8 1804
8 1805
8 1806
8 1807
8 1808
8 1809
8 1810
8 1811
8 1812
8 1814
8 1815
8 1816
8 1817
8 1818
8 1819
8 1820
8 1821
8 1824
8 1825
8 1826
8 1827
8 1828
8 1829
8 1830
8 1831
8 1832
8 1833
8 1834
8 1835
8 1836
8 1837
8 1838
8 1839
8 1840
8 1842
8 1843
8 1844
8 1845
8 1846
8 1847
8 1848
8 1849
8 1850
8 1851
8 1852
8 1853
8 1854
8 1855
8 1856
8 1857
8 1858
8 1859
8 1860
8 1861
8 1863
8 1864
8 1866
8 1867
8 1868
8 1869
8 1870
8 1871
8 1872
8 1873
8 1874
8 1875
8 1876
8 1877
8 1878
8 1879
8 1880
8 1881
8 1882
8 1883
8 1884
8 1885
8 1886
8 1887
8 1888
8 1889
8 1890
8 1891
8 1892
8 1893
8 1894
8 1895
8 1896
8 1897
8 1898
8 1899
8 1900
8 1901
8 1902
8 1903
8 1904
8 1905
8 1906
8 1907
8 1908
8 1909
8 1910
8 1911
8 1912
8 1914
8 1916
8 1917
8 1918
8 1921
8 1922
8 1923
8 1924
8 1926
8 1927
8 1928
8 1929
8 1930
8 1931
8 1932
8 1933
8 1934
8 1935
8 1936
8 1937
8 1939
8 1941
8 1942
8 1943
8 1951
8 1952
8 1954
8 1955
8 1956
8 1964
8 1965
8 1966
8 1967
8 1968
8 1970
8 1971
8 1972
8 1973
8 1974
8 1980
8 1983
8 1984
8 1985
8 1987
8 1990
8 1991
8 1992
8 1993
8 1995
8 1997
8 1998
8 1999
8 2000
8 2001
8 2002
8 2003
8 2004
8 2005
8 2006
8 2007
8 2008
8 2010
8 2011
8 2012
8 2019
8 2020
8 2021
8 2022
8 2027
8 2028
8 2029
8 2030
8 2032
8 2033
8 2035
8 2036
8 2037
8 2038
8 2039
8 2040
8 2041
8 2042
8 2043
8 2044
8 2045
8 2046
8 2047
8 2048
8 2049
8 2050
8 2051
8 2052
8 2053
8 2054
8 2055
8 2056
8 2057
8 2058
8 2059
8 2060
8 2061
8 2063
8 2064
8 2065
8 2066
8 2067
8 2068
8 2069
8 2070
8 2072
8 2073
8 2074
8 2075
8 2076
8 2077
8 2078
8 2079
8 2080
8 2081
8 2082
8 2083
8 2084
8 2085
8 2086
8 2087
8 2088
8 2089
8 2091
8 2100
8 2101
8 2102
8 2104
8 2108
8 2109
8 2110
8 2111
8 2112
8 2113
8 2114
8 2115
8 2116
8 2117
8 2118
8 2119
8 2120
8 2121
8 2122
8 2123
8 2125
8 2126
8 2127
8 2128
8 2129
8 2130
8 2131
8 2132
8 2133
8 2134
8 2135
8 2136
8 2137
8 2138
8 2139
8 2140
8 2141
8 2142
8 2143
8 2144
8 2145
8 2146
8 2148
8 2152
8 2153
8 2156
8 2157
8 2158
8 2159
8 2161
8 2162
8 2166
8 2167
8 2168
8 2169
8 2172
8 2173
8 2174
8 2175
8 2176
8 2177
8 2178
8 2179
8 2180
8 2181
8 2182
8 2183
8 2184
8 2185
8 2186
8 2187
8 2188
8 2189
8 2190
8 2191
8 2192
8 2193
8 2197
8 2198
8 2199
8 2200
8 2201
8 2202
8 2203
8 2204
8 2205
8 2206
8 2207
8 2208
8 2209
8 2210
8 2211
8 2212
8 2213
8 2214
8 2215
8 2216
8 2217
8 2218
8 2219
8 2220
8 2221
8 2222
8 2223
8 2224
8 2225
8 2226
8 2227
8 2228
8 2229
8 2230
8 2231
8 2232
8 2233
8 2234
8 2235
8 2236
8 2237
8 2238
8 2239
8 2240
8 2241
8 2242
8 2243
8 2244
8 2245
8 2246
8 2247
8 2248
8 2249
8 2250
8 2251
8 2252
8 2254
8 2255
8 2256
8 2257
8 2258
8 2260
8 2261
8 2262
8 2263
8 2269
8 2270
8 2271
8 2272
8 2273
8 2274
8 2275
8 2276
8 2277
8 2278
8 2279
8 2280
8 2281
8 2282
8 2283
8 2284
8 2285
8 2286
8 2287
8 2288
8 2289
8 2290
8 2291
8 2292
8 2293
8 2294
8 2295
8 2296
8 2297
8 2298
8 2299
8 2300
8 2302
8 2303
8 2306
8 2307
8 2308
8 2309
8 2310
8 2311
8 2312
8 2313
8 2314
8 2315
8 2316
8 2317
8 2318
8 2319
8 2320
8 2321
8 2323
8 2324
8 2325
8 2326
8 2327
8 2328
8 2329
8 2330
8 2331
8 2332
8 2333
8 2334
8 2335
8 2337
8 2338
8 2339
8 2340
8 2341
8 2342
8 2343
8 2344
8 2345
8 2346
8 2347
8 2348
8 2349
8 2350
8 2351
8 2352
8 2353
8 2354
8 2355
8 2356
8 2357
8 2358
8 2359
8 2360
8 2361
8 2362
8 2363
8 2364
8 2365
8 2366
8 2367
8 2368
8 2369
8 2370
8 2371
8 2373
8 2374
8 2375
8 2376
8 2377
8 2378
8 2379
8 2380
8 2381
8 2382
8 2383
8 2384
8 2385
8 2394
8 2396
8 2398
8 2399
8 2402
8 2403
8 2405
8 2406
8 2407
8 2408
8 2409
8 2410
8 2411
8 2412
8 2413
8 2414
8 2415
8 2416
8 2417
8 2419
8 2420
8 2428
8 2429
8 2430
8 2431
8 2432
8 2433
8 2434
8 2435
8 2436
8 2437
8 2438
8 2439
8 2440
8 2441
8 2442
8 2443
8 2444
8 2445
8 2446
8 2447
8 2448
8 2449
8 2450
8 2451
8 2452
8 2453
8 2454
8 2455
8 2456
8 2457
8 2458
8 2460
8 2461
8 2462
8 2463
8 2464
8 2465
8 2466
8 2467
8 2468
8 2469
8 2470
8 2471
8 2472
8 2473
8 2474
8 2475
8 2476
8 2477
8 2478
8 2479
8 2480
8 2481
8 2482
8 2483
8 2484
8 2485
8 2486
8 2487
8 2488
8 2489
8 2490
8 2491
8 2492
8 2493
8 2494
8 2495
8 2496
8 2497
8 2498
8 2501
8 2503
8 2504
8 2505
8 2506
8 2507
8 2508
8 2509
8 2510
8 2511
8 2512
8 2513
8 2514
8 2516
8 2517
8 2518
8 2519
8 2520
8 2521
8 2522
8 2523
8 2524
8 2527
8 2529
8 2530
8 2531
8 2532
8 2533
8 2534
8 2535
8 2536
8 2537
8 2538
8 2539
8 2540
8 2541
8 2542
8 2543
8 2544
8 2545
8 2546
8 2547
8 2548
8 2549
8 2550
8 2551
8 2552
8 2553
8 2554
8 2555
8 2556
8 2557
8 2558
8 2559
8 2561
8 2562
8 2563
8 2565
8 2566
8 2567
8 2568
8 2569
8 2570
8 2571
8 2572
8 2573
8 2574
8 2576
8 2577
8 2578
8 2579
8 2580
8 2581
8 2583
8 2584
8 2585
8 2586
8 2587
8 2588
8 2589
8 2590
8 2591
8 2592
8 2593
8 2594
8 2595
8 2596
8 2597
8 2599
8 2601
8 2602
8 2604
8 2605
8 2606
8 2607
8 2608
8 2609
8 2610
8 2611
8 2612
8 2613
8 2614
8 2615
8 2616
8 2618
8 2619
8 2620
8 2621
8 2622
8 2623
8 2624
8 2625
8 2626
8 2627
8 2628
8 2629
8 2630
8 2631
8 2632
8 2633
8 2634
8 2635
8 2636
8 2637
8 2638
8 2639
8 2641
8 2642
8 2643
8 2644
8 2645
8 2646
8 2647
8 2648
8 2649
8 2650
8 2651
8 2652
8 2653
8 2654
8 2655
8 2656
8 2657
8 2658
8 2659
8 2660
8 2661
8 2662
8 2663
8 2664
8 2665
8 2666
8 2667
8 2668
8 2669
8 2670
8 2671
8 2672
8 2673
8 2674
8 2675
8 2676
8 2677
8 2678
8 2679
8 2680
8 2681
8 2682
8 2683
8 2684
8 2685
8 2686
8 2687
8 2688
8 2689
8 2690
8 2691
8 2692
8 2693
8 2694
8 2695
8 2696
8 2697
8 2698
8 2699
8 2700
8 2701
8 2702
8 2703
8 2704
8 2705
8 2706
8 2707
8 2708
8 2709
8 2710
8 2711
8 2712
8 2713
8 2714
8 2715
8 2716
8 2717
8 2718
8 2719
8 2720
8 2721
8 2723
8 2724
8 2725
8 2726
8 2727
8 2728
8 2729
8 2730
8 2731
8 2732
8 2733
8 2734
8 2735
8 2736
8 2737
8 2738
8 2739
8 2740
8 2741
8 2742
8 2743
8 2744
8 2745
8 2746
8 2747
8 2748
8 2749
8 2750
8 2751
8 2752
8 2753
8 2754
8 2755
8 2756
8 2757
8 2758
8 2759
8 2760
8 2761
8 2762
8 2763
8 2764
8 2766
8 2767
8 2768
8 2769
8 2770
8 2771
8 2772
8 2773
8 2774
8 2775
8 2776
8 2777
8 2778
8 2779
8 2780
8 2781
8 2782
8 2783
8 2784
8 2785
8 2786
8 2787
8 2788
8 2789
8 2790
8 2791
8 2792
8 2793
8 2794
8 2795
8 2796
8 2797
8 2798
8 2799
8 2800
8 2801
8 2802
8 2803
8 2804
8 2805
8 2806
8 2807
8 2808
8 2809
8 2810
8 2811
8 2812
8 2813
8 2814
8 2815
8 2816
8 2817
8 2818
8 2819
8 2820
8 2821
8 2822
8 2823
8 2824
8 2826
8 2827
8 2828
8 2829
8 2830
8 2831
8 2832
8 2833
8 2834
8 2835
8 2836
8 2837
8 2838
8 2839
8 2840
8 2841
8 2842
8 2843
8 2844
8 2845
8 2846
8 2847
8 2848
8 2849
8 2850
8 2851
8 2852
8 2853
8 2854
8 2855
8 2856
8 2857
8 2858
8 2859
8 2860
8 2861
8 2862
8 2863
8 2864
8 2865
8 2866
8 2867
8 2868
8 2869
8 2870
8 2871
8 2872
8 2873
8 2874
8 2875
8 2876
8 2877
8 2878
8 2879
8 2880
8 2881
8 2882
8 2883
8 2884
8 2885
8 2886
8 2887
8 2888
8 2889
8 2890
8 2891
8 2892
8 2893
8 2894
8 2895
8 2896
8 2897
8 2898
8 2899
8 2900
8 2901
8 2902
8 2903
8 2904
8 2905
8 2906
8 2907
8 2908
8 2909
8 2910
8 2911
8 2912
8 2913
8 2914
8 2915
8 2916
8 2917
8 2918
8 2919
8 2920
8 2921
8 2922
8 2923
8 2924
8 2925
8 2926
8 2927
8 2928
8 2929
8 2930
8 2931
8 2932
8 2933
8 2934
8 2935
8 2936
8 2937
8 2938
8 2939
8 2940
8 2941
8 2942
8 2943
8 2944
8 2945
8 2946
8 2947
8 2948
8 2949
8 2950
8 2951
8 2952
8 2953
8 2954
8 2955
8 2956
8 2957
8 2958
8 2959
8 2960
8 2961
8 2962
8 2963
8 2964
8 2965
8 2966
8 2967
8 2968
8 2969
8 2970
8 2971
8 2972
8 2973
8 2974
8 2975
8 2976
8 2977
8 2978
8 2979
8 2980
8 2981
8 2982
8 2983
8 2984
8 2985
8 2986
8 2987
8 2988
8 2989
8 2990
8 2991
8 2992
8 2993
8 2994
8 2995
8 2996
8 2997
8 2998
8 2999
8 3000
8 3001
8 3002
8 3003
8 3004
8 3005
8 3006
8 3007
8 3008
8 3009
8 3010
8 3011
8 3012
8 3013
8 3014
8 3015
8 3016
8 3017
8 3018
8 3019
8 3020
8 3021
8 3022
8 3023
8 3024
8 3025
8 3026
8 3027
8 3028
8 3030
8 3033
8 3034
8 3035
8 3036
8 3037
8 3038
8 3039
8 3040
8 3041
8 3042
8 3043
8 3045
8 3046
8 3047
8 3048
8 3049
8 3050
8 3051
8 3052
8 3053
8 3054
8 3055
8 3056
8 3057
8 3058
8 3059
8 3060
8 3061
8 3062
8 3063
8 3064
8 3065
8 3066
8 3067
8 3068
8 3069
8 3072
8 3073
8 3074
8 3076
8 3077
8 3078
8 3079
8 3080
8 3081
8 3082
8 3083
8 3084
8 3085
8 3086
8 3087
8 3088
8 3089
8 3090
8 3091
8 3092
8 3093
8 3095
8 3096
8 3097
8 3098
8 3099
8 3100
8 3101
8 3102
8 3103
8 3104
8 3105
8 3106
8 3108
8 3109
8 3110
8 3111
8 3112
8 3113
8 3114
8 3115
8 3116
8 3117
8 3118
8 3119
8 3120
8 3121
8 3122
8 3123
8 3124
8 3125
8 3126
8 3127
8 3128
8 3129
8 3130
8 3132
8 3133
8 3134
8 3135
8 3136
8 3137
8 3138
8 3140
8 3141
8 3142
8 3143
8 3144
8 3145
8 3146
8 3147
8 3148
8 3149
8 3150
8 3151
8 3152
8 3153
8 3154
8 3155
8 3156
8 3157
8 3158
8 3159
8 3160
8 3161
8 3162
8 3163
8 3164
8 3165
8 3166
8 3167
8 3168
8 3169
8 3170
8 3171
8 3172
8 3173
8 3174
8 3175
8 3176
8 3177
8 3178
8 3179
8 3180
8 3181
8 3182
8 3183
8 3184
8 3185
8 3186
8 3187
8 3188
8 3189
8 3190
8 3191
8 3192
8 3193
8 3194
8 3195
8 3196
8 3197
8 3198
8 3199
8 3200
8 3201
8 3202
8 3203
8 3204
8 3205
8 3206
8 3209
8 3210
8 3211
8 3212
8 3213
8 3214
8 3215
8 3216
8 3217
8 3218
8 3219
8 3220
8 3221
8 3222
8 3224
8 3225
8 3226
8 3227
8 3228
8 3229
8 3230
8 3231
8 3232
8 3233
8 3234
8 3235
8 3236
8 3237
8 3238
8 3239
8 3240
8 3241
8 3242
8 3243
8 3244
8 3245
8 3246
8 3247
8 3248
8 3249
8 3250
8 3251
8 3252
8 3253
8 3254
8 3255
8 3256
8 3257
8 3258
8 3259
8 3260
8 3261
8 3263
8 3264
8 3265
8 3266
8 3267
8 3268
8 3269
8 3270
8 3271
8 3272
8 3274
8 3275
8 3276
8 3277
8 3278
8 3279
8 3280
8 3281
8 3282
8 3284
8 3285
8 3286
8 3287
8 3288
8 3289
8 3290
8 3291
8 3292
8 3293
8 3294
8 3295
8 3296
8 3297
8 3298
8 3299
8 3300
8 3301
8 3302
8 3303
8 3304
8 3305
8 3306
8 3307
8 3308
8 3309
8 3311
8 3312
8 3315
8 3316
8 3317
8 3319
8 3320
8 3321
8 3322
8 3323
8 3324
8 3325
8 3326
8 3327
8 3328
8 3329
8 3330
8 3331
8 3332
8 3335
8 3336
8 3338
8 3339
8 3340
8 3347
8 3350
8 3351
8 3352
8 3355
8 3356
8 3357
8 3358
8 3359
8 3360
8 3361
8 3362
8 3363
8 3364
8 3365
8 3366
8 3369
8 3370
8 3371
8 3372
8 3374
8 3375
8 3376
8 3377
8 3378
8 3379
8 3380
8 3382
8 3384
8 3385
8 3386
8 3387
8 3388
8 3389
8 3390
8 3391
8 3392
8 3393
8 3394
8 3395
8 3396
8 3397
8 3399
8 3400
8 3401
8 3402
8 3403
8 3405
8 3407
8 3408
8 3409
8 3411
8 3413
8 3416
8 3417
8 3418
8 3419
8 3420
8 3421
8 3422
8 3423
8 3424
8 3425
8 3426
8 3427
8 3428
8 3429
8 3430
8 3431
8 3432
8 3433
8 3436
8 3437
8 3438
8 3439
8 3440
8 3441
8 3442
8 3443
8 3444
8 3445
8 3446
8 3448
8 3449
8 3450
8 3451
8 3452
8 3453
8 3454
8 3455
8 3456
8 3457
8 3458
8 3459
8 3460
8 3461
8 3463
8 3464
8 3465
8 3466
8 3467
8 3468
8 3469
8 3470
8 3471
8 3472
8 3473
8 3474
8 3475
8 3476
8 3477
8 3478
8 3479
8 3480
8 3481
8 3482
8 3483
8 3484
8 3485
8 3486
8 3487
8 3488
8 3489
8 3490
8 3491
8 3492
8 3493
8 3494
8 3495
8 3496
8 3497
8 3498
8 3499
8 3500
8 3501
8 3502
8 3503
8 3504
8 3505
8 3506
8 3507
8 3508
8 3509
8 3510
8 3511
8 3512
8 3513
8 3514
8 3515
8 3516
8 3517
8 3518
8 3519
8 3520
8 3521
8 3522
8 3523
8 3524
8 3525
8 3526
8 3527
8 3528
8 3529
8 3530
8 3531
8 3532
8 3533
8 3534
8 3535
8 3536
8 3537
8 3538
8 3539
8 3540
8 3541
8 3542
8 3543
8 3544
8 3545
8 3546
8 3547
8 3548
8 3549
8 3550
8 3552
8 3553
8 3556
8 3557
8 3559
8 3560
8 3561
8 3562
8 3565
8 3566
8 3567
8 3568
8 3569
8 3570
8 3571
8 3572
8 3573
8 3574
8 3575
8 3576
8 3577
8 3578
8 3579
8 3580
8 3581
8 3582
8 3583
8 3584
8 3585
8 3586
8 3587
8 3588
8 3589
8 3590
8 3591
8 3593
8 3594
8 3595
8 3596
8 3597
8 3598
8 3599
8 3600
8 3601
8 3602
8 3603
8 3604
8 3605
8 3606
8 3607
8 3608
8 3609
8 3610
8 3611
8 3612
8 3613
8 3614
8 3615
8 3616
8 3617
8 3618
8 3619
8 3620
8 3621
8 3622
8 3623
8 3624
8 3628
8 3631
8 3632
8 3633
8 3634
8 3635
8 3636
8 3637
8 3638
8 3639
8 3640
8 3641
8 3642
8 3643
8 3644
8 3645
8 3646
8 3647
8 3648
8 3649
8 3653
8 3654
8 3655
8 3657
8 3658
8 3659
8 3660
8 3661
8 3662
8 3663
8 3664
8 3665
8 3666
8 3667
8 3668
8 3669
8 3670
8 3671
8 3672
8 3673
8 3674
8 3675
8 3676
8 3677
8 3678
8 3679
8 3680
8 3681
8 3682
8 3683
8 3684
8 3685
8 3686
8 3687
8 3688
8 3689
8 3690
8 3691
8 3692
8 3693
8 3694
8 3695
8 3696
8 3698
8 3699
8 3700
8 3701
8 3702
8 3703
8 3704
8 3705
8 3706
8 3707
8 3708
8 3709
8 3710
8 3713
8 3714
8 3715
8 3716
8 3717
8 3718
8 3719
8 3720
8 3721
8 3722
8 3723
8 3725
8 3726
8 3730
8 3731
8 3732
8 3733
8 3734
8 3735
8 3736
8 3737
8 3738
8 3739
8 3740
8 3741
8 3742
8 3743
8 3744
8 3745
8 3746
8 3747
8 3748
8 3749
8 3750
8 3751
8 3752
8 3755
8 3756
8 3757
8 3758
8 3759
8 3760
8 3761
8 3762
8 3763
8 3764
8 3765
8 3766
8 3767
8 3768
8 3769
8 3770
8 3771
8 3772
8 3773
8 3774
8 3775
8 3776
8 3777
8 3778
8 3779
8 3780
8 3781
8 3782
8 3783
8 3784
8 3785
8 3786
8 3787
8 3788
8 3789
8 3790
8 3791
8 3792
8 3793
8 3794
8 3795
8 3796
8 3797
8 3798
8 3799
8 3800
8 3801
8 3802
8 3803
8 3804
8 3805
8 3807
8 3808
8 3809
8 3810
8 3811
8 3812
8 3813
8 3814
8 3815
8 3816
8 3817
8 3828
8 3830
8 3832
8 3833
8 3834
8 3835
8 3836
8 3844
8 3845
8 3846
8 3847
8 3848
8 3849
8 3853
8 3855
8 3856
8 3860
8 3861
8 3863
8 3864
8 3865
8 3866
8 3867
8 3868
8 3869
8 3870
8 3874
8 3877
8 3880
8 3881
8 3884
8 3885
8 3886
8 3887
8 3888
8 3889
8 3890
8 3891
8 3892
8 3893
8 3894
8 3895
8 3896
8 3897
8 3898
8 3899
8 3900
8 3901
8 3903
8 3905
8 3906
8 3907
8 3908
8 3909
8 3910
8 3911
8 3912
8 3913
8 3915
8 3916
8 3918
8 3919
8 3920
8 3921
8 3922
8 3923
8 3924
8 3927
8 3928
8 3929
8 3933
8 3934
8 3935
8 3936
8 3937
8 3938
8 3939
8 3940
8 3941
8 3942
8 3945
8 3946
8 3947
8 3948
8 3949
8 3950
8 3951
8 3952
8 3953
8 3954
8 3955
8 3956
8 3957
8 3958
8 3959
8 3960
8 3961
8 3962
8 3964
8 3965
8 3966
8 3967
8 3968
8 3969
8 3971
8 3972
8 3973
8 3974
8 3975
8 3976
8 3978
8 3986
8 3992
8 3994
8 3995
8 3996
8 3997
8 3998
8 3999
8 4000
8 4001
8 4002
8 4003
8 4004
8 4005
8 4006
8 4007
8 4008
8 4009
8 4010
8 4012
8 4013
8 4014
8 4015
8 4017
8 4018
8 4019
8 4022
8 4023
8 4024
8 4025
8 4026
8 4027
8 4028
8 4029
8 4032
8 4033
8 4036
8 4037
8 4038
8 4039
8 4040
8 4041
8 4042
8 4043
8 4044
8 4045
8 4046
8 4047
8 4048
8 4049
8 4050
8 4051
8 4053
8 4054
8 4055
8 4056
8 4057
8 4058
8 4059
8 4060
8 4061
8 4062
8 4063
8 4064
8 4065
8 4066
8 4067
8 4068
8 4069
8 4071
8 4072
8 4073
8 4074
8 4075
8 4076
8 4077
8 4078
8 4079
8 4080
8 4081
8 4082
8 4083
8 4084
8 4087
8 4088
8 4089
8 4090
8 4091
8 4092
8 4093
8 4094
8 4095
8 4096
8 4097
8 4098
8 4100
8 4101
8 4102
8 4103
8 4104
8 4105
8 4106
8 4107
8 4108
8 4109
8 4110
8 4111
8 4112
8 4113
8 4114
8 4115
8 4116
8 4117
8 4118
8 4120
8 4121
8 4122
8 4130
8 4132
8 4133
8 4135
8 4137
8 4138
8 4139
8 4140
8 4142
8 4147
8 4148
8 4150
8 4151
8 4152
8 4153
8 4154
8 4155
8 4156
8 4157
8 4158
8 4159
8 4160
8 4161
8 4162
8 4163
8 4164
8 4174
8 4177
8 4179
8 4180
8 4181
8 4182
8 4188
8 4197
8 4199
8 4201
8 4203
8 4204
8 4205
8 4212
8 4215
8 4216
8 4217
8 4218
8 4219
8 4220
8 4221
8 4224
8 4225
8 4226
8 4227
8 4228
8 4229
8 4230
8 4231
8 4232
8 4233
8 4234
8 4235
8 4236
8 4238
8 4241
8 4242
8 4243
8 4244
8 4245
8 4246
8 4249
8 4250
8 4251
8 4252
8 4254
8 4255
8 4256
8 4257
8 4260
8 4261
8 4263
8 4264
8 4265
8 4266
8 4268
8 4269
8 4270
8 4272
8 4273
8 4274
8 4275
8 4276
8 4277
8 4278
8 4279
8 4280
8 4281
8 4282
8 4283
8 4284
8 4285
8 4286
8 4287
8 4288
8 4289
8 4290
8 4291
8 4292
8 4293
8 4294
8 4295
8 4299
8 4300
8 4303
8 4304
8 4305
8 4306
8 4307
8 4308
8 4309
8 4310
8 4311
8 4312
8 4313
8 4314
8 4315
8 4316
8 4317
8 4318
8 4319
8 4320
8 4321
8 4322
8 4323
8 4324
8 4325
8 4326
8 4327
8 4328
8 4329
8 4330
8 4331
8 4332
8 4333
8 4334
8 4335
8 4336
8 4337
8 4338
8 4339
8 4340
8 4341
8 4342
8 4345
8 4346
8 4347
8 4348
8 4349
8 4350
8 4351
8 4352
8 4353
8 4354
8 4355
8 4356
8 4357
8 4376
8 4377
8 4381
8 4385
8 4386
8 4387
8 4388
8 4389
8 4390
8 4391
8 4392
8 4398
8 4399
8 4400
8 4436
8 4437
8 4438
8 4439
8 4440
8 4441
8 4442
8 4443
8 4444
8 4445
8 4446
8 4447
8 4448
8 4449
8 4450
8 4451
8 4452
8 4453
8 4455
8 4456
8 4457
8 4459
8 4462
8 4463
8 4464
8 4465
8 4466
8 4467
8 4468
8 4469
8 4470
8 4471
8 4472
8 4473
8 4474
8 4475
8 4476
8 4480
8 4481
8 4482
8 4484
8 4485
8 4486
8 4487
8 4488
8 4489
8 4491
8 4494
8 4509
8 4511
8 4512
8 4513
8 4514
8 4515
8 4517
8 4548
8 4552
8 4555
8 4557
8 4558
8 4559
8 4572
8 4581
8 4583
8 4588
8 4593
8 4595
8 4597
8 4598
8 4604
8 4605
8 4606
8 4609
8 4610
8 4611
8 4612
8 4613
8 4614
8 4615
8 4616
8 4617
8 4618
8 4619
8 4620
8 4621
8 4623
8 4624
8 4637
8 4639
8 4640
8 4641
8 4642
8 4643
8 4644
8 4645
8 4656
8 4659
8 4661
8 4662
8 4663
8 4664
8 4665
8 4666
8 4667
8 4668
8 4669
8 4670
8 4672
8 4673
8 4674
8 4675
8 4676
8 4677
8 4678
8 4679
8 4680
8 4681
8 4682
8 4712
8 4731
8 4749
8 4750
8 4756
8 4757
8 4758
8 4759
8 4760
8 4772
8 4777
8 4781
8 4782
8 4786
8 4787
8 4788
8 4789
8 4790
8 4792
8 4794
8 4795
8 4796
8 4797
8 4798
8 4799
8 4800
8 4801
8 4802
8 4803
8 4804
8 4805
8 4806
8 4807
8 4808
8 4809
8 4810
8 4811
8 4812
8 4814
8 4815
8 4816
8 4817
8 4818
8 4819
8 7560
8 7561
8 7562
8 7563
8 7565
8 7566
8 7568
8 7573
8 7590
8 7596
8 7597
8 7599
8 7609
8 7613
8 7628
8 7639
8 7642
8 7643
8 7645
8 7646
8 7654
8 7657
8 7659
8 7660
8 7663
8 7664
8 7670
8 7790
8 7791
8 7792
8 7793
8 7794
8 7795
8 7796
8 7797
8 7798
8 7799
8 7800
8 7801
8 7802
8 7803
8 7804
8 7805
8 7806
8 7807
8 7808
8 7809
8 7810
8 7811
8 7812
8 7813
8 7814
8 7815
8 7816
8 7817
8 7818
8 7819
8 7820
8 7821
8 7822
8 7823
8 7824
8 7825
8 7826
8 7827
8 7828
8 7829
8 7830
8 7831
8 7832
8 7833
8 7834
8 7835
8 7836
8 7837
8 7838
8 7839
8 7840
8 7841
8 7842
8 7843
8 7844
8 7845
8 7846
8 7847
8 7848
8 7849
8 7850
8 7851
8 7852
8 7853
8 7854
8 7855
8 7856
8 7889
8 7903
8 7904
8 7956
8 7957
8 7962
8 8011
8 8026
8 8028
8 8044
8 8062
8 8122
8 8123
8 8124
8 8127
8 8165
8 8191
8 8249
8 8252
8 8265
8 8281
8 8292
8 8293
8 8310
8 8322
8 8324
8 8325
8 8331
8 8332
8 8333
8 8334
8 8335
8 8648
8 8649
8 8650
8 8651
8 8653
8 8664
8 8666
8 8667
8 8668
8 8669
8 8670
8 8671
8 8672
8 8673
8 8674
8 8675
8 8676
8 8677
8 8679
8 8684
8 8685
8 8687
8 8694
8 8701
8 8709
8 8721
8 8725
8 8727
8 8728
8 8731
8 8744
8 8835
8 8842
8 8847
8 8864
8 8870
8 8874
8 8876
8 8878
8 8879
8 8883
8 8889
8 8898
8 8953
8 8966
8 8978
8 8985
8 8991
8 9038
8 9041
8 9050
8 9053
8 9065
8 9074
8 9079
8 9083
8 9134
8 9135
8 9136
8 9137
8 9138
8 9139
8 9159
8 9166
8 9238
8 9239
8 9240
8 9244
8 9258
8 9268
8 9272
8 9278
8 9288
8 9290
8 9291
8 9293
8 9334
8 9335
8 9338
8 9346
8 9347
8 9348
8 9349
8 9354
8 9356
8 9358
8 9367
8 9396
8 9406
8 9407
8 9409
8 9419
8 9421
8 9426
8 9427
8 9428
8 9429
8 9453
8 9468
8 9479
8 9480
8 9481
8 9482
8 9483
8 9484
8 9485
8 9486
8 9487
8 9488
8 9489
8 9490
8 9491
8 9492
8 9493
8 9494
8 9497
8 9498
8 9524
8 9527
8 9529
8 9535
8 9536
8 9538
8 9539
8 9540
8 9541
8 9542
8 9548
8 9549
8 9550
8 9555
8 9560
8 9565
8 9566
8 9579
8 9580
8 9581
8 9582
8 9583
8 9584
8 9585
8 9586
8 9587
8 9589
8 9594
8 9596
8 9611
8 9612
8 9627
8 9628
8 9630
8 9631
8 9632
8 9633
8 9636
8 9727
8 9756
8 9767
8 9782
8 9783
8 9784
8 9785
8 9786
8 9787
8 9788
8 9791
8 9795
8 9818
8 9819
8 9821
8 9823
8 9882
8 9883
8 9884
8 9889
8 9899
8 9900
8 9901
8 9902
8 9903
8 9904
8 9905
8 9911
8 9912
8 9914
8 9915
8 9916
8 9917
8 9918
8 9919
8 9920
8 9921
8 9924
8 9925
8 9926
8 9927
8 9928
8 9929
8 9930
8 9953
8 9954
8 9955
8 9956
8 9957
8 9960
8 9963
8 9964
8 9965
8 9966
8 9967
8 9968
8 9969
8 9970
8 9971
8 9972
8 9979
8 9980
8 9982
8 9983
8 9984
8 9993
8 9996
8 10021
8 10045
8 10079
8 10106
8 10127
8 10150
8 10268
8 15720
8 15722
8 15739
8 15741
8 15747
8 15769
8 15848
8 15904
8 15982
8 16404
8 16795
8 17484
8 18507
8 19195
8 19236
8 20700
8 22787
8 22789
8 22874
8 23101
8 23104
8 23360
8 23361
8 23625
8 23786
9 1
9 2
9 3
9 4
9 5
9 6
9 7
9 8
9 9
9 10
9 11
9 15
9 16
9 17
9 18
9 19
9 20
9 21
9 22
9 23
9 24
9 25
9 26
9 27
9 28
9 29
9 30
9 31
9 32
9 33
9 34
9 35
9 36
9 37
9 40
9 41
9 42
9 43
9 46
9 47
9 49
9 53
9 57
9 59
9 60
9 61
9 62
9 63
9 64
9 65
9 66
9 67
9 68
9 69
9 70
9 71
9 72
9 73
9 74
9 76
9 77
9 78
9 79
9 80
9 81
9 82
9 83
9 85
9 86
9 87
9 88
9 90
9 91
9 92
9 93
9 94
9 95
9 96
9 97
9 98
9 100
9 101
9 102
9 103
9 104
9 105
9 106
9 107
9 113
9 114
9 115
9 116
9 117
9 118
9 119
9 120
9 123
9 124
9 125
9 126
9 127
9 128
9 129
9 130
9 131
9 133
9 134
9 136
9 137
9 138
9 139
9 140
9 141
9 142
9 143
9 144
9 145
9 147
9 150
9 153
9 154
9 155
9 156
9 158
9 159
9 160
9 162
9 163
9 164
9 166
9 167
9 168
9 169
9 170
9 171
9 173
9 174
9 175
9 176
9 177
9 178
9 179
9 180
9 181
9 182
9 183
9 184
9 185
9 186
9 187
9 188
9 189
9 190
9 191
9 192
9 193
9 194
9 195
9 196
9 197
9 198
9 199
9 200
9 201
9 202
9 205
9 206
9 207
9 208
9 211
9 212
9 213
9 214
9 215
9 216
9 217
9 218
9 220
9 221
9 222
9 223
9 224
9 225
9 226
9 227
9 228
9 229
9 231
9 232
9 233
9 234
9 235
9 236
9 237
9 238
9 239
9 240
9 241
9 242
9 243
9 244
9 245
9 246
9 247
9 248
9 249
9 250
9 251
9 252
9 253
9 254
9 255
9 257
9 258
9 260
9 262
9 263
9 264
9 265
9 266
9 267
9 268
9 269
9 270
9 271
9 272
9 273
9 274
9 275
9 276
9 277
9 278
9 279
9 280
9 281
9 282
9 283
9 284
9 285
9 286
9 287
9 288
9 289
9 290
9 291
9 292
9 293
9 294
9 295
9 296
9 297
9 298
9 299
9 300
9 301
9 302
9 303
9 304
9 305
9 306
9 307
9 308
9 309
9 310
9 311
9 312
9 313
9 314
9 315
9 316
9 318
9 319
9 320
9 321
9 322
9 325
9 328
9 338
9 339
9 340
9 341
9 342
9 343
9 344
9 345
9 346
9 347
9 348
9 349
9 350
9 351
9 352
9 353
9 354
9 355
9 356
9 357
9 358
9 359
9 360
9 361
9 362
9 363
9 364
9 365
9 366
9 367
9 368
9 369
9 370
9 371
9 372
9 373
9 374
9 375
9 376
9 377
9 378
9 379
9 380
9 381
9 382
9 383
9 384
9 385
9 386
9 387
9 388
9 389
9 390
9 391
9 392
9 393
9 394
9 395
9 396
9 397
9 398
9 399
9 400
9 401
9 402
9 403
9 404
9 405
9 406
9 407
9 408
9 409
9 410
9 411
9 412
9 413
9 414
9 415
9 416
9 417
9 418
9 419
9 420
9 421
9 422
9 423
9 424
9 425
9 426
9 427
9 428
9 429
9 430
9 431
9 432
9 433
9 434
9 435
9 436
9 437
9 438
9 439
9 440
9 441
9 442
9 443
9 444
9 445
9 446
9 447
9 448
9 449
9 450
9 451
9 452
9 453
9 454
9 455
9 456
9 458
9 459
9 460
9 461
9 462
9 463
9 464
9 465
9 466
9 467
9 468
9 469
9 470
9 471
9 472
9 473
9 474
9 475
9 476
9 477
9 478
9 479
9 480
9 481
9 482
9 483
9 484
9 485
9 486
9 487
9 488
9 489
9 490
9 491
9 492
9 493
9 494
9 495
9 496
9 497
9 498
9 499
9 500
9 501
9 502
9 503
9 504
9 505
9 506
9 507
9 508
9 509
9 510
9 511
9 512
9 513
9 514
9 515
9 516
9 517
9 518
9 519
9 520
9 521
9 523
9 524
9 525
9 526
9 527
9 528
9 529
9 530
9 531
9 532
9 533
9 534
9 535
9 536
9 537
9 538
9 539
9 540
9 541
9 542
9 543
9 545
9 546
9 549
9 550
9 551
9 552
9 554
9 555
9 557
9 558
9 559
9 560
9 561
9 562
9 563
9 564
9 565
9 567
9 569
9 570
9 572
9 573
9 575
9 576
9 577
9 578
9 580
9 582
9 583
9 584
9 585
9 586
9 587
9 588
9 589
9 590
9 591
9 592
9 593
9 594
9 595
9 596
9 597
9 598
9 599
9 600
9 601
9 602
9 603
9 604
9 605
9 606
9 607
9 608
9 609
9 610
9 611
9 613
9 615
9 616
9 618
9 619
9 622
9 623
9 624
9 625
9 626
9 627
9 628
9 629
9 630
9 631
9 632
9 633
9 634
9 635
9 636
9 637
9 638
9 639
9 640
9 641
9 642
9 643
9 644
9 646
9 648
9 649
9 650
9 651
9 652
9 653
9 654
9 655
9 656
9 657
9 658
9 661
9 662
9 663
9 665
9 667
9 668
9 669
9 670
9 672
9 674
9 675
9 676
9 677
9 679
9 680
9 681
9 682
9 683
9 684
9 685
9 686
9 687
9 688
9 691
9 692
9 693
9 694
9 695
9 696
9 697
9 698
9 699
9 700
9 701
9 702
9 703
9 704
9 705
9 707
9 708
9 711
9 712
9 713
9 715
9 716
9 717
9 719
9 721
9 722
9 723
9 724
9 725
9 726
9 727
9 728
9 729
9 730
9 732
9 734
9 735
9 736
9 737
9 739
9 740
9 741
9 742
9 743
9 744
9 745
9 746
9 747
9 748
9 749
9 750
9 752
9 753
9 754
9 755
9 756
9 757
9 758
9 759
9 760
9 761
9 762
9 763
9 764
9 765
9 766
9 767
9 768
9 769
9 770
9 771
9 772
9 773
9 774
9 775
9 776
9 777
9 778
9 779
9 780
9 781
9 782
9 783
9 784
9 785
9 786
9 787
9 788
9 789
9 790
9 791
9 792
9 793
9 794
9 795
9 796
9 798
9 799
9 800
9 801
9 802
9 803
9 804
9 805
9 806
9 807
9 808
9 809
9 810
9 813
9 814
9 815
9 816
9 817
9 820
9 821
9 824
9 825
9 828
9 829
9 830
9 831
9 832
9 833
9 834
9 835
9 836
9 837
9 838
9 839
9 840
9 841
9 842
9 843
9 844
9 845
9 846
9 847
9 848
9 849
9 850
9 851
9 852
9 853
9 855
9 856
9 857
9 858
9 859
9 860
9 861
9 862
9 863
9 866
9 869
9 870
9 871
9 872
9 873
9 874
9 875
9 876
9 877
9 878
9 879
9 880
9 881
9 882
9 883
9 884
9 885
9 886
9 887
9 889
9 890
9 892
9 894
9 895
9 896
9 897
9 901
9 902
9 903
9 904
9 905
9 906
9 907
9 908
9 909
9 910
9 911
9 912
9 913
9 914
9 915
9 916
9 917
9 918
9 920
9 924
9 925
9 926
9 927
9 928
9 929
9 930
9 931
9 932
9 933
9 935
9 936
9 937
9 938
9 939
9 940
9 941
9 942
9 943
9 944
9 945
9 946
9 947
9 948
9 949
9 950
9 951
9 952
9 953
9 954
9 955
9 956
9 957
9 958
9 959
9 960
9 961
9 962
9 963
9 964
9 966
9 967
9 968
9 969
9 970
9 971
9 972
9 973
9 974
9 975
9 976
9 977
9 978
9 981
9 982
9 983
9 984
9 985
9 986
9 987
9 988
9 989
9 990
9 991
9 992
9 993
9 995
9 996
9 997
9 998
9 1000
9 1001
9 1002
9 1003
9 1004
9 1005
9 1006
9 1007
9 1008
9 1009
9 1010
9 1013
9 1015
9 1017
9 1020
9 1021
9 1022
9 1023
9 1024
9 1025
9 1026
9 1027
9 1028
9 1029
9 1030
9 1035
9 1036
9 1037
9 1038
9 1039
9 1040
9 1041
9 1042
9 1043
9 1044
9 1045
9 1046
9 1047
9 1048
9 1049
9 1050
9 1051
9 1052
9 1053
9 1054
9 1055
9 1056
9 1057
9 1058
9 1059
9 1060
9 1061
9 1062
9 1063
9 1065
9 1066
9 1071
9 1072
9 1073
9 1075
9 1077
9 1078
9 1082
9 1085
9 1086
9 1088
9 1089
9 1090
9 1091
9 1092
9 1094
9 1098
9 1099
9 1101
9 1102
9 1105
9 1106
9 1111
9 1112
9 1113
9 1115
9 1116
9 1122
9 1124
9 1125
9 1126
9 1129
9 1130
9 1131
9 1132
9 1133
9 1134
9 1136
9 1137
9 1138
9 1142
9 1146
9 1153
9 1155
9 1179
9 1188
9 1189
9 1190
9 1191
9 1194
9 1196
9 1198
9 1200
9 1202
9 1203
9 1204
9 1206
9 1207
9 1208
9 1210
9 1211
9 1212
9 1214
9 1216
9 1217
9 1218
9 1219
9 1220
9 1221
9 1222
9 1223
9 1224
9 1225
9 1226
9 1227
9 1228
9 1229
9 1230
9 1242
9 1243
9 1244
9 1245
9 1247
9 1248
9 1249
9 1250
9 1251
9 1253
9 1258
9 1260
9 1261
9 1263
9 1265
9 1266
9 1267
9 1269
9 1271
9 1274
9 1275
9 1277
9 1280
9 1285
9 1286
9 1288
9 1289
9 1297
9 1299
9 1301
9 1302
9 1303
9 1307
9 1310
9 1313
9 1314
9 1316
9 1318
9 1320
9 1321
9 1322
9 1324
9 1325
9 1326
9 1327
9 1329
9 1330
9 1331
9 1332
9 1333
9 1335
9 1338
9 1339
9 1340
9 1341
9 1342
9 1343
9 1344
9 1345
9 1346
9 1347
9 1348
9 1349
9 1350
9 1352
9 1356
9 1357
9 1362
9 1363
9 1367
9 1368
9 1369
9 1370
9 1372
9 1373
9 1377
9 1382
9 1384
9 1386
9 1387
9 1388
9 1389
9 1390
9 1397
9 1403
9 1406
9 1408
9 1410
9 1411
9 1414
9 1415
9 1417
9 1419
9 1422
9 1423
9 1424
9 1425
9 1426
9 1427
9 1428
9 1433
9 1435
9 1451
9 1453
9 1459
9 1468
9 1469
9 1471
9 1472
9 1473
9 1474
9 1475
9 1476
9 1477
9 1479
9 1480
9 1481
9 1482
9 1483
9 1484
9 1485
9 1486
9 1487
9 1488
9 1489
9 1490
9 1491
9 1499
9 1516
9 1517
9 1518
9 1519
9 1520
9 1524
9 1525
9 1527
9 1528
9 1536
9 1538
9 1548
9 1549
9 1550
9 1551
9 1552
9 1553
9 1554
9 1555
9 1561
9 1563
9 1564
9 1565
9 1566
9 1567
9 1568
9 1569
9 1570
9 1573
9 1579
9 1580
9 1581
9 1582
9 1583
9 1584
9 1585
9 1586
9 1587
9 1588
9 1592
9 1602
9 1603
9 1612
9 1613
9 1630
9 1632
9 1637
9 1645
9 1660
9 1662
9 1674
9 1675
9 1679
9 1680
9 1693
9 1694
9 1695
9 1696
9 1697
9 1698
9 1716
9 1718
9 1721
9 1726
9 1733
9 1734
9 1737
9 1744
9 1746
9 1757
9 1781
9 1782
9 1783
9 1784
9 1802
9 1806
9 1813
9 1822
9 1823
9 1831
9 1832
9 1833
9 1834
9 1835
9 1836
9 1837
9 1838
9 1839
9 1840
9 1841
9 1842
9 1843
9 1913
9 1915
9 1918
9 1921
9 1928
9 1935
9 1936
9 1937
9 1938
9 1939
9 1940
9 1941
9 1942
9 1943
9 1944
9 1945
9 1946
9 1947
9 1948
9 1949
9 1950
9 1951
9 1952
9 1953
9 1956
9 1957
9 1958
9 1959
9 1960
9 1961
9 1962
9 1963
9 1969
9 1970
9 1971
9 1972
9 1973
9 1974
9 1975
9 1976
9 1977
9 1978
9 1979
9 1980
9 1981
9 1982
9 1983
9 1984
9 1985
9 1986
9 1987
9 1988
9 1989
9 1990
9 1994
9 1995
9 1996
9 2008
9 2011
9 2013
9 2015
9 2017
9 2019
9 2020
9 2021
9 2026
9 2028
9 2029
9 2030
9 2031
9 2034
9 2062
9 2090
9 2091
9 2093
9 2094
9 2097
9 2098
9 2101
9 2102
9 2103
9 2104
9 2105
9 2106
9 2110
9 2145
9 2148
9 2152
9 2154
9 2158
9 2159
9 2160
9 2170
9 2172
9 2175
9 2194
9 2195
9 2199
9 2225
9 2253
9 2264
9 2265
9 2266
9 2267
9 2372
9 2388
9 2389
9 2390
9 2391
9 2392
9 2393
9 2394
9 2395
9 2401
9 2418
9 2420
9 2426
9 2446
9 2499
9 2500
9 2501
9 2502
9 2512
9 2515
9 2525
9 2526
9 2527
9 2528
9 2559
9 2564
9 2565
9 2580
9 2581
9 2583
9 3909
9 3934
9 3964
9 3972
9 3977
9 3978
9 3979
9 3986
9 3992
9 3993
9 3998
9 4013
9 4018
9 4019
9 4024
9 4026
9 4036
9 4041
9 4042
9 4106
9 4120
9 4121
9 4132
9 4133
9 4456
9 4470
9 4475
9 4494
9 8704
9 8976
9 9139
9 9293
9 9367
9 9406
9 9407
9 9419
9 9426
9 9479
9 9480
9 9487
9 9555
9 9557
9 9558
9 9559
9 9565
9 9584
9 9883
9 9884
9 9903
9 9904
9 9905
9 9928
9 9929
9 9930
9 9997
9 10097
9 10150
9 16795
10 1
10 8
10 40
10 67
10 78
10 93
10 95
10 113
10 114
10 115
10 119
10 133
10 139
10 142
10 158
10 160
10 177
10 178
10 187
10 196
10 202
10 205
10 208
10 210
10 214
10 219
10 220
10 221
10 223
10 224
10 225
10 229
10 230
10 231
10 233
10 239
10 242
10 243
10 247
10 249
10 252
10 256
10 257
10 262
10 267
10 275
10 276
10 282
10 283
10 290
10 293
10 294
10 295
10 297
10 298
10 299
10 300
10 301
10 316
10 319
10 321
10 493
10 521
10 551
10 554
10 555
10 565
10 567
10 570
10 572
10 575
10 576
10 580
10 582
10 583
10 584
10 586
10 587
10 588
10 589
10 590
10 591
10 598
10 599
10 600
10 601
10 604
10 605
10 606
10 607
10 610
10 611
10 615
10 616
10 617
10 618
10 619
10 620
10 622
10 623
10 624
10 635
10 637
10 639
10 640
10 641
10 642
10 643
10 646
10 661
10 672
10 675
10 679
10 683
10 686
10 687
10 688
10 692
10 693
10 694
10 695
10 696
10 697
10 698
10 700
10 703
10 708
10 711
10 730
10 732
10 734
10 740
10 749
10 752
10 755
10 756
10 759
10 760
10 778
10 788
10 789
10 813
10 815
10 817
10 819
10 820
10 825
10 827
10 828
10 839
10 841
10 842
10 847
10 848
10 849
10 851
10 852
10 853
10 856
10 857
10 866
10 887
10 903
10 908
10 910
10 912
10 915
10 930
10 963
10 971
10 975
10 976
10 987
10 1028
10 1030
10 1032
10 1046
10 1050
10 1059
10 1065
10 1066
10 1074
10 1077
10 1080
10 1081
10 1084
10 1085
10 1086
10 1088
10 1090
10 1091
10 1092
10 1093
10 1095
10 1098
10 1099
10 1105
10 1108
10 1109
10 1110
10 1114
10 1116
10 1117
10 1129
10 1136
10 1142
10 1148
10 1156
10 1158
10 1159
10 1160
10 1166
10 1167
10 1169
10 1170
10 1171
10 1175
10 1177
10 1181
10 1183
10 1186
10 1190
10 1191
10 1194
10 1196
10 1202
10 1204
10 1206
10 1207
10 1208
10 1211
10 1212
10 1216
10 1217
10 1218
10 1219
10 1220
10 1221
10 1223
10 1224
10 1225
10 1226
10 1227
10 1228
10 1229
10 1230
10 1242
10 1243
10 1244
10 1248
10 1252
10 1253
10 1258
10 1259
10 1260
10 1265
10 1269
10 1271
10 1272
10 1274
10 1277
10 1280
10 1284
10 1286
10 1289
10 1297
10 1301
10 1302
10 1307
10 1356
10 1400
10 1401
10 1402
10 1403
10 1404
10 1405
10 1406
10 1408
10 1418
10 1422
10 1423
10 1424
10 1427
10 1435
10 1453
10 1478
10 1492
10 1500
10 1503
10 1507
10 1510
10 1511
10 1525
10 1532
10 1534
10 1537
10 1556
10 1558
10 1563
10 1571
10 1573
10 1576
10 1580
10 1584
10 1588
10 1594
10 1596
10 1600
10 1604
10 1613
10 1617
10 1623
10 1626
10 1629
10 1630
10 1634
10 1635
10 1639
10 1641
10 1646
10 1648
10 1649
10 1650
10 1653
10 1656
10 1658
10 1660
10 1665
10 1669
10 1670
10 1674
10 1681
10 1683
10 1685
10 1687
10 1691
10 1692
10 1699
10 1703
10 1705
10 1713
10 1715
10 1718
10 1720
10 1740
10 1742
10 1743
10 1744
10 1747
10 1748
10 1764
10 1774
10 1775
10 1786
10 1788
10 1790
10 1791
10 1797
10 1803
10 1805
10 1807
10 1814
10 1820
10 1848
10 1849
10 1851
10 1852
10 1855
10 1858
10 1874
10 1878
10 1880
10 1884
10 1907
10 1911
10 1912
10 1916
10 1922
10 1928
10 1929
10 1935
10 1954
10 1965
10 1991
10 1993
10 1997
10 2011
10 2013
10 2015
10 2017
10 2027
10 2028
10 2030
10 2032
10 2035
10 2055
10 2068
10 2072
10 2077
10 2079
10 2083
10 2084
10 2094
10 2095
10 2101
10 2108
10 2112
10 2120
10 2127
10 2130
10 2133
10 2137
10 2139
10 2141
10 2143
10 2166
10 2174
10 2176
10 2177
10 2181
10 2183
10 2187
10 2189
10 2192
10 2197
10 2215
10 2219
10 2221
10 2222
10 2223
10 2224
10 2225
10 2226
10 2227
10 2228
10 2230
10 2232
10 2234
10 2235
10 2242
10 2245
10 2247
10 2248
10 2249
10 2254
10 2256
10 2295
10 2297
10 2306
10 2311
10 2312
10 2315
10 2320
10 2329
10 2333
10 2335
10 2337
10 2339
10 2340
10 2342
10 2344
10 2346
10 2352
10 2355
10 2356
10 2359
10 2361
10 2362
10 2364
10 2366
10 2369
10 2371
10 2374
10 2379
10 2381
10 2382
10 2383
10 2384
10 2394
10 2400
10 2402
10 2403
10 2406
10 2426
10 2430
10 2434
10 2436
10 2437
10 2438
10 2442
10 2444
10 2446
10 2447
10 2448
10 2449
10 2450
10 2451
10 2452
10 2453
10 2454
10 2455
10 2456
10 2458
10 2459
10 2460
10 2462
10 2463
10 2464
10 2466
10 2467
10 2474
10 2476
10 2477
10 2478
10 2479
10 2480
10 2481
10 2482
10 2483
10 2485
10 2486
10 2487
10 2488
10 2489
10 2490
10 2491
10 2492
10 2493
10 2494
10 2495
10 2496
10 2512
10 2513
10 2516
10 2518
10 2521
10 2523
10 2552
10 2556
10 2558
10 2561
10 2562
10 2565
10 2567
10 2568
10 2571
10 2572
10 2576
10 2582
10 2583
10 2585
10 2588
10 2591
10 2593
10 2599
10 2601
10 2604
10 2605
10 2607
10 2611
10 2613
10 2615
10 2625
10 2626
10 2627
10 2628
10 2629
10 2630
10 2634
10 2636
10 2637
10 2643
10 2645
10 2646
10 2651
10 2683
10 2687
10 2689
10 2696
10 2699
10 2703
10 2704
10 2707
10 2710
10 2711
10 2720
10 2725
10 2728
10 2730
10 2736
10 2740
10 2741
10 2745
10 2747
10 2750
10 2752
10 2754
10 2756
10 2758
10 2759
10 2761
10 2768
10 2784
10 2786
10 2788
10 2789
10 2790
10 2791
10 2792
10 2800
10 2801
10 2806
10 2807
10 2808
10 2812
10 2814
10 2821
10 2823
10 2829
10 2832
10 2839
10 2840
10 2842
10 2843
10 2844
10 2845
10 2853
10 2854
10 2856
10 2859
10 2860
10 2861
10 2862
10 2872
10 2873
10 2874
10 2875
10 2876
10 2877
10 2879
10 2880
10 2888
10 2890
10 2892
10 2896
10 2899
10 2901
10 2903
10 2904
10 2905
10 2907
10 2908
10 2912
10 2913
10 2916
10 2925
10 2927
10 2936
10 2938
10 2941
10 2942
10 2948
10 2949
10 2950
10 2951
10 2954
10 2956
10 2957
10 2958
10 2961
10 2962
10 2966
10 2968
10 2969
10 2970
10 2971
10 2972
10 2973
10 2976
10 2978
10 2980
10 2983
10 2984
10 2985
10 2996
10 3000
10 3002
10 3004
10 3006
10 3016
10 3018
10 3020
10 3022
10 3030
10 3069
10 3070
10 3071
10 3183
10 3206
10 3220
10 3246
10 3486
10 3487
10 3488
10 3489
10 3491
10 3492
10 3493
10 3494
10 3495
10 3496
10 3546
10 3769
10 3877
10 4013
10 4018
10 4019
10 4024
10 4026
10 4102
10 4179
10 4237
10 4253
10 4258
10 4271
10 4281
10 4282
10 4283
10 4284
10 4285
10 4286
10 4287
10 4288
10 4289
10 4290
10 4291
10 4292
10 4293
10 4294
10 4295
10 4301
10 4343
10 4382
10 4410
10 4411
10 4420
10 4425
10 4436
10 4437
10 4439
10 4442
10 4443
10 4446
10 4447
10 4460
10 4493
10 4516
10 4519
10 4521
10 4522
10 4524
10 4525
10 4526
10 4528
10 4529
10 4530
10 4532
10 4534
10 4540
10 4541
10 4542
10 4543
10 4544
10 4545
10 4546
10 4547
10 4550
10 4553
10 4554
10 4556
10 4560
10 4561
10 4562
10 4563
10 4564
10 4565
10 4566
10 4567
10 4568
10 4569
10 4573
10 4574
10 4575
10 4578
10 4580
10 4582
10 4584
10 4585
10 4586
10 4591
10 4594
10 4596
10 4599
10 4600
10 4602
10 4603
10 4607
10 4625
10 4626
10 4627
10 4628
10 4629
10 4630
10 4631
10 4633
10 4636
10 4637
10 4638
10 4646
10 4647
10 4648
10 4649
10 4651
10 4652
10 4653
10 4654
10 4655
10 4684
10 4685
10 4686
10 4688
10 4689
10 4693
10 4694
10 4695
10 4696
10 4698
10 4700
10 4701
10 4702
10 4703
10 4704
10 4705
10 4706
10 4707
10 4708
10 4709
10 4710
10 4711
10 4713
10 4714
10 4715
10 4716
10 4717
10 4718
10 4719
10 4720
10 4721
10 4722
10 4723
10 4724
10 4725
10 4726
10 4727
10 4728
10 4729
10 4730
10 4732
10 4733
10 4734
10 4735
10 4740
10 4741
10 4742
10 4743
10 4744
10 4745
10 4746
10 4747
10 4748
10 4751
10 4752
10 4753
10 4754
10 4755
10 4761
10 4762
10 4763
10 4764
10 4765
10 4766
10 4767
10 4768
10 4769
10 4771
10 4774
10 4775
10 4776
10 4778
10 4779
10 4780
10 4783
10 4785
10 4791
10 4803
10 4815
10 10150
11 1
12 1
12 5
12 49
12 156
12 887
12 993
12 2611
12 2694
12 3546
12 4773
12 4777
12 7590
12 7695
12 7892
12 9611
12 9759
12 9773
13 1
13 123
13 372
13 2219
13 2221
13 2225
13 2226
13 2227
13 2228
13 2230
13 2233
13 2234
13 2235
13 2264
13 4608
13 7935
13 8744
13 9163
13 9501
13 9535
13 9638
13 9769
13 9770
13 9771
13 14812
13 15684
13 15690
13 15694
13 15695
13 15699
13 16429
14 1
14 6
14 8
14 15
14 38
14 39
14 40
14 41
14 42
14 44
14 45
14 46
14 47
14 50
14 51
14 52
14 54
14 55
14 56
14 58
14 61
14 66
14 72
14 75
14 80
14 81
14 82
14 84
14 85
14 87
14 89
14 93
14 97
14 99
14 100
14 102
14 104
14 108
14 109
14 113
14 122
14 123
14 141
14 145
14 146
14 150
14 156
14 157
14 162
14 168
14 169
14 205
14 206
14 207
14 208
14 210
14 216
14 217
14 218
14 220
14 221
14 222
14 223
14 224
14 225
14 227
14 228
14 246
14 254
14 289
14 290
14 296
14 300
14 316
14 317
14 347
14 514
14 516
14 517
14 518
14 519
14 520
14 522
14 543
14 545
14 548
14 576
14 586
14 587
14 595
14 596
14 603
14 605
14 612
14 613
14 626
14 628
14 629
14 632
14 641
14 656
14 662
14 665
14 667
14 668
14 669
14 674
14 676
14 677
14 693
14 700
14 701
14 703
14 711
14 717
14 737
14 740
14 749
14 758
14 774
14 795
14 802
14 803
14 804
14 811
14 813
14 824
14 827
14 829
14 838
14 863
14 867
14 869
14 870
14 871
14 878
14 880
14 881
14 882
14 884
14 885
14 887
14 888
14 911
14 948
14 954
14 969
14 972
14 974
14 993
14 1012
14 1020
14 1021
14 1030
14 1042
14 1044
14 1056
14 1059
14 1066
14 1096
14 1097
14 1110
14 1126
14 1203
14 1204
14 1207
14 1208
14 1224
14 1245
14 1260
14 1286
14 1324
14 1325
14 1335
14 1351
14 1355
14 1370
14 1433
14 1435
14 1469
14 1525
14 1527
14 1536
14 1591
14 1658
14 1669
14 1675
14 1710
14 1722
14 1725
14 1729
14 1731
14 1733
14 1739
14 1756
14 1790
14 1801
14 1806
14 1832
14 1833
14 1834
14 1835
14 1836
14 1837
14 1838
14 1840
14 1841
14 1842
14 1843
14 1860
14 1863
14 1886
14 1892
14 2011
14 2025
14 2092
14 2106
14 2118
14 2136
14 2142
14 2145
14 2162
14 2172
14 2267
14 2337
14 2340
14 2368
14 2370
14 2373
14 2389
14 2390
14 2400
14 2420
14 2429
14 2444
14 2555
14 2599
14 2684
14 2710
14 2840
14 2958
14 2964
14 3014
14 3037
14 3042
14 3044
14 3185
14 3194
14 3195
14 3263
14 3344
14 3345
14 3490
14 3533
14 3628
14 3656
14 3666
14 3676
14 3741
14 3748
14 3769
14 3781
14 3811
14 3862
14 3866
14 3867
14 3868
14 3869
14 3872
14 3873
14 3913
14 3968
14 3976
14 4028
14 4063
14 4068
14 4102
14 4130
14 4152
14 4179
14 4187
14 4238
14 4299
14 4303
14 4329
14 4332
14 4333
14 4334
14 4349
14 4375
14 4382
14 4412
14 4415
14 4416
14 4417
14 4418
14 4457
14 4460
14 4467
14 4470
14 4548
14 4549
14 4608
14 4749
14 4756
14 4773
14 4794
14 4798
14 4799
14 4801
14 4820
14 5812
14 7510
14 7519
14 7522
14 7528
14 7537
14 7554
14 7562
14 7567
14 7568
14 7569
14 7570
14 7571
14 7575
14 7577
14 7580
14 7585
14 7586
14 7587
14 7588
14 7589
14 7590
14 7591
14 7592
14 7594
14 7595
14 7596
14 7598
14 7601
14 7604
14 7606
14 7607
14 7610
14 7611
14 7613
14 7614
14 7615
14 7616
14 7617
14 7618
14 7620
14 7622
14 7623
14 7624
14 7626
14 7627
14 7632
14 7633
14 7634
14 7636
14 7637
14 7639
14 7641
14 7643
14 7657
14 7662
14 7663
14 7664
14 7677
14 7678
14 7679
14 7680
14 7681
14 7682
14 7683
14 7684
14 7685
14 7686
14 7687
14 7688
14 7689
14 7690
14 7691
14 7692
14 7693
14 7694
14 7696
14 7697
14 7698
14 7699
14 7700
14 7701
14 7702
14 7703
14 7704
14 7705
14 7706
14 7707
14 7708
14 7709
14 7710
14 7711
14 7712
14 7713
14 7714
14 7715
14 7716
14 7717
14 7718
14 7719
14 7720
14 7721
14 7722
14 7723
14 7724
14 7725
14 7726
14 7727
14 7728
14 7729
14 7730
14 7731
14 7732
14 7733
14 7734
14 7735
14 7736
14 7737
14 7738
14 7739
14 7740
14 7741
14 7742
14 7743
14 7744
14 7745
14 7746
14 7747
14 7748
14 7749
14 7750
14 7751
14 7752
14 7753
14 7754
14 7755
14 7756
14 7757
14 7758
14 7759
14 7760
14 7761
14 7762
14 7763
14 7764
14 7765
14 7766
14 7767
14 7768
14 7769
14 7770
14 7771
14 7772
14 7773
14 7774
14 7775
14 7776
14 7777
14 7778
14 7779
14 7780
14 7781
14 7782
14 7783
14 7784
14 7785
14 7786
14 7787
14 7788
14 7789
14 7790
14 7791
14 7792
14 7793
14 7794
14 7795
14 7796
14 7797
14 7798
14 7799
14 7800
14 7801
14 7802
14 7803
14 7804
14 7805
14 7806
14 7807
14 7808
14 7809
14 7810
14 7811
14 7812
14 7813
14 7814
14 7815
14 7816
14 7817
14 7818
14 7819
14 7820
14 7821
14 7822
14 7823
14 7824
14 7825
14 7826
14 7827
14 7828
14 7829
14 7830
14 7831
14 7832
14 7833
14 7834
14 7835
14 7836
14 7837
14 7838
14 7839
14 7840
14 7841
14 7842
14 7843
14 7844
14 7845
14 7846
14 7847
14 7848
14 7849
14 7850
14 7851
14 7852
14 7853
14 7854
14 7855
14 7856
14 7857
14 7858
14 7860
14 7863
14 7864
14 7865
14 7866
14 7867
14 7868
14 7870
14 7871
14 7872
14 7873
14 7874
14 7875
14 7876
14 7877
14 7878
14 7879
14 7880
14 7881
14 7882
14 7883
14 7884
14 7885
14 7886
14 7888
14 7890
14 7891
14 7893
14 7894
14 7895
14 7896
14 7897
14 7898
14 7899
14 7901
14 7902
14 7903
14 7904
14 7905
14 7906
14 7907
14 7908
14 7909
14 7910
14 7911
14 7912
14 7913
14 7914
14 7915
14 7916
14 7917
14 7918
14 7919
14 7920
14 7921
14 7922
14 7923
14 7924
14 7925
14 7926
14 7927
14 7928
14 7929
14 7930
14 7931
14 7932
14 7933
14 7934
14 7935
14 7936
14 7937
14 7938
14 7939
14 7940
14 7941
14 7942
14 7948
14 7949
14 7955
14 7957
14 7958
14 7959
14 7960
14 7961
14 7962
14 7963
14 7964
14 7965
14 7966
14 7967
14 7968
14 7969
14 7970
14 7971
14 7972
14 7973
14 7974
14 7975
14 7976
14 7977
14 7978
14 7979
14 7980
14 7982
14 7983
14 7984
14 7985
14 7986
14 7987
14 7988
14 7989
14 7990
14 7991
14 7992
14 7993
14 7994
14 7995
14 7996
14 7997
14 7999
14 8000
14 8001
14 8002
14 8003
14 8004
14 8005
14 8006
14 8007
14 8008
14 8009
14 8010
14 8011
14 8012
14 8013
14 8014
14 8015
14 8016
14 8017
14 8018
14 8019
14 8020
14 8021
14 8022
14 8023
14 8024
14 8025
14 8026
14 8027
14 8029
14 8030
14 8031
14 8032
14 8033
14 8034
14 8035
14 8036
14 8037
14 8038
14 8039
14 8040
14 8041
14 8042
14 8043
14 8044
14 8045
14 8048
14 8049
14 8050
14 8051
14 8052
14 8053
14 8054
14 8055
14 8056
14 8057
14 8058
14 8059
14 8060
14 8061
14 8062
14 8063
14 8064
14 8065
14 8066
14 8067
14 8068
14 8069
14 8070
14 8071
14 8072
14 8073
14 8074
14 8075
14 8076
14 8077
14 8078
14 8079
14 8081
14 8082
14 8083
14 8084
14 8085
14 8086
14 8087
14 8090
14 8091
14 8092
14 8093
14 8094
14 8095
14 8096
14 8097
14 8098
14 8099
14 8100
14 8101
14 8102
14 8103
14 8104
14 8105
14 8106
14 8107
14 8108
14 8109
14 8110
14 8111
14 8112
14 8113
14 8116
14 8119
14 8120
14 8121
14 8122
14 8123
14 8124
14 8125
14 8126
14 8127
14 8128
14 8129
14 8131
14 8132
14 8133
14 8134
14 8135
14 8136
14 8137
14 8138
14 8139
14 8140
14 8141
14 8142
14 8143
14 8144
14 8145
14 8146
14 8147
14 8148
14 8149
14 8150
14 8151
14 8152
14 8153
14 8154
14 8155
14 8156
14 8157
14 8158
14 8159
14 8160
14 8161
14 8162
14 8163
14 8164
14 8165
14 8166
14 8167
14 8168
14 8169
14 8170
14 8171
14 8172
14 8173
14 8174
14 8175
14 8176
14 8177
14 8178
14 8179
14 8180
14 8181
14 8182
14 8183
14 8184
14 8185
14 8186
14 8187
14 8188
14 8189
14 8190
14 8191
14 8192
14 8193
14 8194
14 8195
14 8196
14 8197
14 8198
14 8199
14 8200
14 8201
14 8202
14 8203
14 8204
14 8205
14 8206
14 8207
14 8208
14 8209
14 8210
14 8211
14 8212
14 8213
14 8214
14 8215
14 8216
14 8217
14 8218
14 8219
14 8220
14 8221
14 8222
14 8223
14 8225
14 8226
14 8227
14 8228
14 8229
14 8230
14 8233
14 8234
14 8235
14 8236
14 8237
14 8240
14 8241
14 8242
14 8243
14 8244
14 8245
14 8246
14 8247
14 8248
14 8249
14 8250
14 8251
14 8252
14 8253
14 8254
14 8255
14 8256
14 8257
14 8258
14 8259
14 8260
14 8261
14 8262
14 8263
14 8264
14 8267
14 8268
14 8269
14 8270
14 8271
14 8272
14 8273
14 8274
14 8276
14 8277
14 8278
14 8279
14 8280
14 8282
14 8284
14 8285
14 8286
14 8288
14 8289
14 8290
14 8291
14 8292
14 8293
14 8294
14 8295
14 8296
14 8297
14 8298
14 8299
14 8300
14 8301
14 8302
14 8303
14 8304
14 8305
14 8306
14 8307
14 8309
14 8310
14 8311
14 8312
14 8313
14 8314
14 8315
14 8316
14 8317
14 8318
14 8320
14 8321
14 8323
14 8324
14 8326
14 8327
14 8328
14 8329
14 8330
14 8331
14 8337
14 8338
14 8339
14 8340
14 8341
14 8342
14 8343
14 8344
14 8345
14 8346
14 8347
14 8348
14 8349
14 8350
14 8351
14 8352
14 8353
14 8354
14 8355
14 8356
14 8357
14 8358
14 8359
14 8360
14 8361
14 8362
14 8363
14 8364
14 8371
14 8372
14 8373
14 8374
14 8375
14 8376
14 8377
14 8378
14 8379
14 8380
14 8381
14 8382
14 8383
14 8384
14 8385
14 8386
14 8387
14 8388
14 8389
14 8390
14 8391
14 8392
14 8393
14 8394
14 8395
14 8396
14 8397
14 8398
14 8399
14 8400
14 8401
14 8402
14 8403
14 8404
14 8405
14 8406
14 8407
14 8408
14 8409
14 8410
14 8411
14 8412
14 8413
14 8414
14 8415
14 8416
14 8417
14 8418
14 8419
14 8420
14 8421
14 8422
14 8423
14 8424
14 8425
14 8426
14 8427
14 8428
14 8429
14 8430
14 8431
14 8432
14 8433
14 8434
14 8435
14 8436
14 8437
14 8438
14 8439
14 8440
14 8441
14 8442
14 8443
14 8444
14 8445
14 8446
14 8447
14 8448
14 8449
14 8450
14 8451
14 8452
14 8453
14 8454
14 8455
14 8456
14 8457
14 8458
14 8459
14 8460
14 8461
14 8462
14 8463
14 8464
14 8465
14 8466
14 8467
14 8468
14 8469
14 8470
14 8471
14 8472
14 8473
14 8474
14 8475
14 8476
14 8477
14 8478
14 8479
14 8480
14 8481
14 8482
14 8483
14 8484
14 8485
14 8486
14 8487
14 8488
14 8489
14 8490
14 8491
14 8492
14 8493
14 8494
14 8495
14 8496
14 8497
14 8498
14 8499
14 8500
14 8501
14 8502
14 8503
14 8504
14 8505
14 8506
14 8507
14 8508
14 8509
14 8510
14 8511
14 8512
14 8513
14 8514
14 8515
14 8516
14 8517
14 8518
14 8519
14 8520
14 8521
14 8522
14 8523
14 8524
14 8525
14 8526
14 8527
14 8528
14 8529
14 8530
14 8531
14 8532
14 8533
14 8534
14 8535
14 8536
14 8537
14 8538
14 8539
14 8540
14 8541
14 8542
14 8543
14 8544
14 8545
14 8546
14 8547
14 8548
14 8549
14 8550
14 8551
14 8552
14 8553
14 8554
14 8555
14 8556
14 8557
14 8558
14 8559
14 8560
14 8561
14 8562
14 8563
14 8564
14 8565
14 8566
14 8567
14 8568
14 8569
14 8570
14 8571
14 8572
14 8573
14 8574
14 8575
14 8576
14 8577
14 8578
14 8579
14 8580
14 8581
14 8582
14 8583
14 8584
14 8585
14 8586
14 8587
14 8588
14 8589
14 8590
14 8591
14 8592
14 8593
14 8594
14 8595
14 8596
14 8597
14 8598
14 8599
14 8600
14 8601
14 8602
14 8603
14 8604
14 8605
14 8606
14 8607
14 8608
14 8609
14 8610
14 8611
14 8612
14 8613
14 8614
14 8615
14 8616
14 8617
14 8618
14 8619
14 8620
14 8621
14 8622
14 8623
14 8624
14 8625
14 8626
14 8627
14 8628
14 8629
14 8630
14 8631
14 8632
14 8633
14 8634
14 8635
14 8636
14 8637
14 8638
14 8639
14 8640
14 8641
14 8642
14 8643
14 8647
14 8654
14 8655
14 8656
14 8657
14 8658
14 8659
14 8660
14 8661
14 8662
14 8663
14 8665
14 8678
14 8686
14 8688
14 8689
14 8690
14 8692
14 8695
14 8696
14 8697
14 8699
14 8701
14 8702
14 8703
14 8705
14 8706
14 8707
14 8708
14 8711
14 8712
14 8715
14 8718
14 8722
14 8725
14 8727
14 8731
14 8732
14 8733
14 8734
14 8735
14 8736
14 8737
14 8738
14 8739
14 8740
14 8742
14 8744
14 8748
14 8749
14 8750
14 8751
14 8753
14 8771
14 8772
14 8773
14 8787
14 8801
14 8811
14 8812
14 8815
14 8819
14 8820
14 8821
14 8822
14 8823
14 8835
14 8839
14 8840
14 8842
14 8844
14 8845
14 8846
14 8847
14 8850
14 8864
14 8866
14 8874
14 8878
14 8879
14 8883
14 8889
14 8891
14 8894
14 8898
14 8899
14 8902
14 8903
14 8905
14 9279
14 9357
14 9363
14 9419
14 9959
14 9997
14 10097
15 1
15 636
15 7519
15 7520
15 8156
15 10040
15 22114
15 22478
15 22506
15 22616
15 22850
15 22851
16 1
16 3
16 4
16 11
16 37
16 40
16 41
16 46
16 60
16 66
16 105
16 150
16 188
16 224
16 263
16 517
16 583
16 604
16 606
16 630
16 665
16 681
16 703
16 759
16 787
16 792
16 793
16 794
16 799
16 836
16 837
16 887
16 928
16 937
16 976
16 993
16 1020
16 1028
16 1053
16 1075
16 1091
16 1146
16 1285
16 1324
16 1527
16 1570
16 1595
16 1602
16 1735
16 1737
16 2152
16 2159
16 2168
16 2194
16 2264
16 2294
16 2344
16 2362
16 2584
16 2603
16 2627
16 2823
16 3180
16 3714
16 3828
16 3877
16 3968
16 4028
16 4031
16 4099
16 4130
16 4134
16 4148
16 4299
16 4792
16 7548
16 7554
16 7562
16 7628
16 7654
16 7663
16 7664
16 8025
16 8044
16 8123
16 8136
16 8337
16 8339
16 8340
16 8341
16 8344
16 8351
16 8353
16 8354
16 8731
16 8744
16 8839
16 8967
16 8982
16 9074
16 9077
16 9275
16 9417
16 9452
16 9555
16 9756
16 9772
16 9913
16 9924
16 9926
16 9935
16 9936
16 9937
16 9938
16 9939
16 9940
16 9980
16 10268
16 10295
16 10425
16 12974
16 14624
16 14896
16 15741
16 15866
16 15878
16 15899
16 15910
16 15911
16 15912
16 15959
16 15960
16 16059
16 16211
16 16284
16 16301
16 16359
16 16361
16 16374
16 16394
16 16404
16 16482
16 16849
16 17028
16 17084
16 17241
16 17245
16 17246
16 17247
16 17352
16 17567
16 17738
16 17763
16 18045
16 18327
16 18348
16 18366
16 18507
16 19236
16 19451
16 19452
16 19453
16 19454
16 19455
16 19456
16 19457
16 19458
16 19460
16 19461
16 19592
16 19680
16 19719
16 19721
16 19737
16 19788
16 19792
16 19798
16 19799
16 19813
16 19933
16 20119
16 20215
16 20823
16 20898
16 20904
16 21182
16 21183
16 21236
16 21238
16 21265
16 21489
16 22437
16 22535
16 22536
16 22537
16 22538
16 22542
16 22543
16 22546
16 22548
16 22549
16 22550
16 22551
16 22552
16 22553
16 22554
16 22555
16 22556
16 22557
16 22558
16 22560
16 22731
16 22915
16 22932
16 23101
16 23104
16 23108
16 23110
16 23112
16 23115
16 23116
16 23251
16 23340
16 23341
16 23342
16 23386
16 23387
16 23464
16 23508
16 23509
16 23510
16 23511
16 23514
16 23515
16 23536
16 23537
16 23552
16 23556
16 23625
16 23700
16 23708
16 23728
16 23741
16 23780
16 23810
16 23811
16 23814
16 23871
16 23894
16 23902
16 23912
16 23927
16 23933
16 23938
16 23961
16 24015
16 24054
16 24063
16 24075
16 24097
16 24098
16 24112
16 24180
16 24228
16 24335
16 24369
16 24370
16 24372
16 24373
16 24374
16 24683
16 24751
16 24892
16 24893
16 24894
16 24897
16 24898
16 24899
16 24900
16 24901
16 24906
16 24907
16 24909
16 25651
16 25662
16 25775
16 25812
16 25843
16 25946
16 25979
16 25980
16 25999
16 26006
16 26012
16 26014
16 26015
16 26021
16 26026
16 26032
16 26073
16 26105
16 26113
16 26656
16 26743
16 26753
16 27329
16 27330
16 27815
16 27921
16 27966
16 28101
16 28381
17 1
17 40
17 110
17 111
17 112
17 161
17 519
17 676
17 802
17 815
17 829
17 871
17 886
17 887
17 939
17 969
17 2421
17 2422
17 2423
17 2424
17 2425
17 3802
17 3803
17 3852
17 7510
17 7537
17 7554
17 7557
17 7558
17 7562
17 7567
17 7568
17 7569
17 7570
17 7571
17 7572
17 7573
17 7575
17 7576
17 7577
17 7578
17 7579
17 7580
17 7581
17 7582
17 7583
17 7584
17 7590
17 7593
17 7601
17 7602
17 7603
17 7604
17 7605
17 7606
17 7607
17 7609
17 7610
17 7611
17 7618
17 7619
17 7620
17 7622
17 7623
17 7624
17 7625
17 7626
17 7627
17 7628
17 7629
17 7630
17 7631
17 7632
17 7633
17 7634
17 7635
17 7636
17 7638
17 7639
17 7640
17 7650
17 7652
17 7653
17 8127
17 8744
17 9280
17 9775
17 9778
17 9779
18 1
18 7676
18 9755
19 1
19 2
19 6
19 8
19 11
19 40
19 46
19 47
19 66
19 73
19 78
19 88
19 90
19 92
19 95
19 97
19 100
19 102
19 103
19 105
19 107
19 113
19 115
19 116
19 117
19 118
19 119
19 123
19 124
19 131
19 134
19 136
19 139
19 143
19 144
19 152
19 158
19 160
19 163
19 166
19 167
19 168
19 169
19 170
19 171
19 174
19 175
19 177
19 179
19 180
19 182
19 183
19 184
19 185
19 187
19 188
19 190
19 191
19 192
19 193
19 194
19 195
19 196
19 198
19 199
19 201
19 205
19 206
19 207
19 208
19 212
19 216
19 217
19 218
19 220
19 221
19 222
19 223
19 224
19 225
19 227
19 228
19 232
19 233
19 234
19 235
19 236
19 237
19 238
19 239
19 240
19 241
19 242
19 243
19 244
19 245
19 246
19 247
19 249
19 250
19 251
19 253
19 254
19 255
19 257
19 258
19 260
19 264
19 265
19 266
19 268
19 269
19 270
19 271
19 272
19 273
19 274
19 277
19 278
19 279
19 280
19 281
19 282
19 284
19 285
19 288
19 289
19 290
19 291
19 292
19 293
19 294
19 295
19 296
19 298
19 299
19 300
19 301
19 302
19 303
19 304
19 305
19 306
19 307
19 308
19 310
19 311
19 312
19 313
19 314
19 316
19 319
19 322
19 325
19 492
19 493
19 514
19 517
19 541
19 542
19 546
19 552
19 554
19 562
19 563
19 565
19 576
19 582
19 583
19 584
19 586
19 587
19 588
19 589
19 590
19 592
19 593
19 595
19 596
19 597
19 598
19 599
19 600
19 601
19 603
19 604
19 605
19 606
19 607
19 608
19 609
19 610
19 611
19 617
19 619
19 620
19 623
19 624
19 625
19 635
19 636
19 637
19 638
19 639
19 640
19 641
19 643
19 649
19 650
19 651
19 653
19 654
19 655
19 656
19 657
19 658
19 661
19 662
19 667
19 668
19 669
19 670
19 675
19 677
19 680
19 681
19 682
19 683
19 685
19 686
19 687
19 691
19 693
19 694
19 695
19 696
19 700
19 703
19 708
19 711
19 712
19 713
19 715
19 716
19 717
19 721
19 727
19 732
19 734
19 737
19 740
19 741
19 742
19 743
19 744
19 745
19 746
19 749
19 750
19 752
19 754
19 759
19 760
19 763
19 768
19 777
19 781
19 790
19 791
19 795
19 796
19 798
19 800
19 801
19 802
19 805
19 806
19 813
19 815
19 816
19 824
19 825
19 828
19 830
19 832
19 833
19 841
19 843
19 844
19 846
19 850
19 852
19 855
19 859
19 860
19 861
19 866
19 869
19 872
19 875
19 887
19 901
19 904
19 905
19 906
19 907
19 912
19 915
19 918
19 930
19 931
19 933
19 937
19 940
19 946
19 948
19 950
19 952
19 953
19 954
19 963
19 974
19 975
19 981
19 982
19 984
19 993
19 996
19 1000
19 1009
19 1026
19 1028
19 1035
19 1036
19 1039
19 1040
19 1041
19 1042
19 1043
19 1044
19 1045
19 1046
19 1047
19 1048
19 1053
19 1055
19 1056
19 1057
19 1059
19 1063
19 1074
19 1075
19 1077
19 1081
19 1085
19 1086
19 1089
19 1092
19 1093
19 1095
19 1101
19 1102
19 1103
19 1105
19 1106
19 1109
19 1110
19 1124
19 1125
19 1129
19 1131
19 1134
19 1136
19 1137
19 1138
19 1142
19 1153
19 1158
19 1159
19 1160
19 1166
19 1167
19 1179
19 1183
19 1186
19 1188
19 1189
19 1190
19 1191
19 1202
19 1210
19 1211
19 1212
19 1214
19 1216
19 1217
19 1224
19 1225
19 1228
19 1242
19 1248
19 1249
19 1250
19 1251
19 1252
19 1259
19 1260
19 1261
19 1263
19 1267
19 1271
19 1280
19 1286
19 1288
19 1297
19 1302
19 1314
19 1316
19 1327
19 1342
19 1356
19 1368
19 1377
19 1380
19 1386
19 1387
19 1388
19 1389
19 1397
19 1402
19 1403
19 1406
19 1408
19 1409
19 1417
19 1418
19 1426
19 1435
19 1453
19 1457
19 1458
19 1459
19 1492
19 1511
19 1514
19 1525
19 1527
19 1528
19 1532
19 1537
19 1558
19 1568
19 1571
19 1573
19 1580
19 1584
19 1596
19 1600
19 1604
19 1613
19 1617
19 1626
19 1629
19 1630
19 1639
19 1641
19 1646
19 1648
19 1650
19 1652
19 1653
19 1658
19 1660
19 1662
19 1670
19 1671
19 1672
19 1677
19 1679
19 1681
19 1682
19 1685
19 1687
19 1692
19 1696
19 1697
19 1698
19 1705
19 1706
19 1713
19 1718
19 1738
19 1739
19 1747
19 1774
19 1775
19 1781
19 1782
19 1786
19 1790
19 1791
19 1794
19 1797
19 1802
19 1803
19 1807
19 1813
19 1814
19 1816
19 1844
19 1848
19 1851
19 1852
19 1860
19 1916
19 1921
19 1935
19 1967
19 1991
19 1992
19 1993
19 2001
19 2011
19 2013
19 2015
19 2017
19 2019
19 2021
19 2027
19 2030
19 2032
19 2036
19 2040
19 2049
19 2051
19 2054
19 2055
19 2060
19 2072
19 2084
19 2095
19 2097
19 2098
19 2100
19 2102
19 2106
19 2108
19 2112
19 2118
19 2120
19 2141
19 2145
19 2146
19 2152
19 2153
19 2154
19 2159
19 2172
19 2174
19 2175
19 2176
19 2177
19 2181
19 2183
19 2194
19 2197
19 2219
19 2225
19 2226
19 2228
19 2230
19 2242
19 2245
19 2247
19 2248
19 2249
19 2256
19 2267
19 2294
19 2295
19 2306
19 2311
19 2312
19 2317
19 2339
19 2341
19 2356
19 2369
19 2372
19 2377
19 2383
19 2384
19 2396
19 2402
19 2419
19 2420
19 2428
19 2430
19 2436
19 2438
19 2439
19 2442
19 2444
19 2446
19 2447
19 2448
19 2449
19 2450
19 2451
19 2452
19 2453
19 2454
19 2455
19 2456
19 2458
19 2460
19 2461
19 2462
19 2463
19 2464
19 2466
19 2467
19 2473
19 2476
19 2477
19 2478
19 2479
19 2501
19 2513
19 2526
19 2527
19 2550
19 2552
19 2556
19 2558
19 2561
19 2562
19 2565
19 2567
19 2568
19 2572
19 2579
19 2581
19 2584
19 2585
19 2590
19 2591
19 2593
19 2595
19 2598
19 2599
19 2601
19 2603
19 2604
19 2605
19 2606
19 2607
19 2611
19 2613
19 2615
19 2620
19 2625
19 2626
19 2627
19 2629
19 2630
19 2634
19 2636
19 2637
19 2642
19 2643
19 2644
19 2645
19 2649
19 2651
19 2653
19 2655
19 2656
19 2658
19 2660
19 2679
19 2687
19 2689
19 2701
19 2702
19 2703
19 2704
19 2705
19 2707
19 2710
19 2711
19 2715
19 2725
19 2728
19 2730
19 2736
19 2740
19 2741
19 2742
19 2743
19 2744
19 2745
19 2752
19 2754
19 2756
19 2758
19 2759
19 2761
19 2768
19 2784
19 2786
19 2787
19 2788
19 2789
19 2790
19 2791
19 2792
19 2800
19 2807
19 2808
19 2812
19 2814
19 2818
19 2821
19 2822
19 2823
19 2826
19 2832
19 2839
19 2840
19 2841
19 2842
19 2843
19 2844
19 2853
19 2854
19 2855
19 2856
19 2859
19 2862
19 2875
19 2888
19 2890
19 2896
19 2899
19 2901
19 2904
19 2905
19 2907
19 2908
19 2913
19 2916
19 2925
19 2927
19 2936
19 2940
19 2941
19 2949
19 2950
19 2952
19 2954
19 2956
19 2958
19 2961
19 2962
19 2966
19 2969
19 2971
19 2973
19 2978
19 2980
19 2983
19 2984
19 2986
19 2988
19 2989
19 2996
19 3002
19 3004
19 3006
19 3008
19 3016
19 3020
19 3022
19 3030
19 3039
19 3041
19 3042
19 3045
19 3046
19 3057
19 3059
19 3063
19 3064
19 3077
19 3078
19 3079
19 3081
19 3082
19 3085
19 3086
19 3087
19 3088
19 3089
19 3090
19 3092
19 3093
19 3102
19 3105
19 3113
19 3116
19 3118
19 3120
19 3127
19 3133
19 3135
19 3137
19 3140
19 3141
19 3142
19 3145
19 3146
19 3148
19 3149
19 3150
19 3152
19 3159
19 3160
19 3161
19 3162
19 3163
19 3164
19 3165
19 3166
19 3167
19 3179
19 3180
19 3185
19 3186
19 3188
19 3189
19 3190
19 3191
19 3192
19 3193
19 3194
19 3200
19 3201
19 3202
19 3205
19 3206
19 3215
19 3216
19 3218
19 3221
19 3222
19 3229
19 3232
19 3233
19 3234
19 3235
19 3236
19 3237
19 3238
19 3239
19 3245
19 3248
19 3252
19 3254
19 3257
19 3259
19 3266
19 3268
19 3269
19 3271
19 3275
19 3285
19 3286
19 3301
19 3302
19 3306
19 3311
19 3330
19 3331
19 3332
19 3335
19 3350
19 3355
19 3357
19 3358
19 3359
19 3360
19 3361
19 3363
19 3372
19 3375
19 3376
19 3377
19 3378
19 3380
19 3382
19 3384
19 3386
19 3392
19 3395
19 3397
19 3403
19 3405
19 3407
19 3408
19 3409
19 3411
19 3413
19 3416
19 3422
19 3430
19 3433
19 3443
19 3449
19 3453
19 3455
19 3461
19 3463
19 3464
19 3465
19 3466
19 3467
19 3468
19 3469
19 3470
19 3473
19 3478
19 3483
19 3486
19 3487
19 3488
19 3489
19 3490
19 3491
19 3492
19 3493
19 3495
19 3496
19 3522
19 3529
19 3532
19 3533
19 3534
19 3536
19 3540
19 3542
19 3544
19 3546
19 3561
19 3568
19 3579
19 3581
19 3584
19 3588
19 3590
19 3594
19 3599
19 3602
19 3607
19 3610
19 3612
19 3614
19 3616
19 3620
19 3633
19 3639
19 3641
19 3643
19 3657
19 3659
19 3661
19 3662
19 3663
19 3664
19 3665
19 3666
19 3667
19 3668
19 3702
19 3705
19 3706
19 3710
19 3720
19 3730
19 3732
19 3738
19 3739
19 3740
19 3741
19 3742
19 3743
19 3748
19 3749
19 3750
19 3751
19 3758
19 3762
19 3765
19 3768
19 3769
19 3771
19 3772
19 3774
19 3776
19 3779
19 3785
19 3787
19 3789
19 3792
19 3795
19 3797
19 3800
19 3802
19 3803
19 3804
19 3805
19 3807
19 3808
19 3809
19 3810
19 3811
19 3815
19 3828
19 3845
19 3847
19 3855
19 3863
19 3864
19 3886
19 3889
19 3890
19 3891
19 3892
19 3894
19 3900
19 3909
19 3910
19 3918
19 3919
19 3920
19 3924
19 3927
19 3934
19 3935
19 3936
19 3938
19 3939
19 3941
19 3945
19 3946
19 3947
19 3948
19 3950
19 3959
19 3961
19 3962
19 3964
19 3968
19 3972
19 3973
19 3976
19 3978
19 3986
19 3992
19 3994
19 3996
19 3998
19 4002
19 4003
19 4006
19 4008
19 4013
19 4015
19 4017
19 4028
19 4029
19 4034
19 4036
19 4038
19 4039
19 4040
19 4041
19 4047
19 4048
19 4050
19 4055
19 4056
19 4058
19 4060
19 4061
19 4062
19 4066
19 4067
19 4069
19 4077
19 4082
19 4083
19 4084
19 4089
19 4091
19 4095
19 4101
19 4102
19 4104
19 4105
19 4106
19 4107
19 4118
19 4119
19 4120
19 4121
19 4126
19 4127
19 4132
19 4133
19 4137
19 4140
19 4141
19 4152
19 4153
19 4155
19 4156
19 4174
19 4177
19 4179
19 4197
19 4199
19 4201
19 4202
19 4203
19 4204
19 4206
19 4212
19 4217
19 4218
19 4220
19 4226
19 4227
19 4228
19 4230
19 4231
19 4233
19 4234
19 4238
19 4241
19 4242
19 4244
19 4245
19 4246
19 4249
19 4251
19 4254
19 4263
19 4265
19 4269
19 4270
19 4278
19 4281
19 4282
19 4283
19 4284
19 4285
19 4286
19 4287
19 4288
19 4289
19 4290
19 4291
19 4292
19 4294
19 4295
19 4303
19 4304
19 4306
19 4307
19 4309
19 4311
19 4315
19 4316
19 4317
19 4318
19 4321
19 4329
19 4332
19 4333
19 4335
19 4339
19 4340
19 4348
19 4349
19 4381
19 4385
19 4392
19 4399
19 4400
19 4406
19 4436
19 4437
19 4438
19 4439
19 4440
19 4442
19 4443
19 4445
19 4446
19 4455
19 4456
19 4457
19 4462
19 4463
19 4464
19 4465
19 4466
19 4467
19 4470
19 4471
19 4475
19 4494
19 4511
19 4512
19 4552
19 4555
19 4557
19 4581
19 4590
19 4592
19 4593
19 4604
19 4605
19 4606
19 4609
19 4611
19 4612
19 4613
19 4614
19 4615
19 4616
19 4617
19 4620
19 4621
19 4623
19 4637
19 4643
19 4644
19 4645
19 4656
19 4659
19 4661
19 4663
19 4665
19 4668
19 4669
19 4749
19 4750
19 4756
19 4757
19 4758
19 4759
19 4760
19 4789
19 4790
19 4792
19 4799
19 4804
19 4805
19 4806
19 4810
19 4814
19 4815
19 4818
19 4819
19 7584
19 7590
19 7628
19 7643
19 7654
19 7657
19 7662
19 7663
19 7664
19 7675
19 8044
19 8122
19 8123
19 8127
19 8238
19 8273
19 8275
19 8292
19 8293
19 8305
19 8309
19 8322
19 8325
19 8332
19 8334
19 8335
19 8368
19 8648
19 8649
19 8664
19 8666
19 8669
19 8674
19 8678
19 8679
19 8684
19 8691
19 8704
19 8719
19 8720
19 8721
19 8722
19 8725
19 8727
19 8731
19 8744
19 8823
19 8835
19 8842
19 8864
19 8866
19 8874
19 8883
19 8889
19 8890
19 8906
19 8907
19 8914
19 8953
19 8964
19 8965
19 8966
19 8967
19 8985
19 9006
19 9035
19 9038
19 9041
19 9050
19 9052
19 9054
19 9059
19 9068
19 9069
19 9070
19 9071
19 9074
19 9081
19 9083
19 9084
19 9123
19 9134
19 9135
19 9136
19 9139
19 9161
19 9165
19 9166
19 9234
19 9236
19 9239
19 9243
19 9246
19 9268
19 9272
19 9273
19 9274
19 9276
19 9277
19 9278
19 9280
19 9288
19 9318
19 9334
19 9335
19 9338
19 9352
19 9354
19 9356
19 9364
19 9367
19 9386
19 9406
19 9407
19 9417
19 9426
19 9452
19 9453
19 9454
19 9468
19 9479
19 9482
19 9483
19 9484
19 9485
19 9486
19 9487
19 9488
19 9489
19 9490
19 9491
19 9492
19 9493
19 9494
19 9497
19 9498
19 9523
19 9524
19 9528
19 9532
19 9533
19 9534
19 9535
19 9550
19 9555
19 9557
19 9558
19 9559
19 9560
19 9565
19 9570
19 9576
19 9579
19 9584
19 9588
19 9589
19 9593
19 9594
19 9597
19 9616
19 9627
19 9628
19 9632
19 9636
19 9717
19 9735
19 9736
19 9750
19 9752
19 9757
19 9760
19 9762
19 9767
19 9776
19 9777
19 9782
19 9783
19 9791
19 9793
19 9794
19 9795
19 9802
19 9803
19 9818
19 9819
19 9821
19 9824
19 9828
19 9831
19 9838
19 9842
19 9843
19 9882
19 9883
19 9884
19 9899
19 9900
19 9901
19 9902
19 9903
19 9904
19 9905
19 9910
19 9911
19 9912
19 9914
19 9915
19 9916
19 9917
19 9918
19 9919
19 9921
19 9926
19 9927
19 9929
19 9931
19 9933
19 9953
19 9955
19 9956
19 9957
19 9964
19 9967
19 9969
19 9970
19 9971
19 9972
19 9979
19 9980
19 9984
19 9988
19 9989
19 9996
19 10019
19 10036
19 10038
19 10039
19 10040
19 10042
19 10043
19 10045
19 10046
19 10061
19 10127
19 10134
19 10150
19 10435
19 10446
19 10454
19 10467
19 10476
19 12939
19 13026
19 13113
19 14087
19 14220
19 14425
19 14569
19 14574
19 14589
19 14612
19 14613
19 14642
19 14656
19 14657
19 14832
19 14852
19 14856
19 14865
19 14866
19 14869
19 14870
19 14883
19 14890
19 14934
19 14935
19 14936
19 14942
19 14943
19 14947
19 14950
19 14953
19 14965
19 14966
19 14970
19 14973
19 14977
19 15029
19 15035
19 15041
19 15044
19 15048
19 15072
19 15073
19 15098
19 15130
19 15191
19 15236
19 15243
19 15246
19 15251
19 15259
19 15293
19 15297
19 15301
19 15302
19 15305
19 15372
19 15387
19 15418
19 15420
19 15424
19 15429
19 15432
19 15434
19 15456
19 15457
19 15458
19 15471
19 15476
19 15478
19 15482
19 15484
19 15504
19 15513
19 15517
19 15521
19 15522
19 15555
19 15558
19 15577
19 15578
19 15581
19 15585
19 15588
19 15621
19 15660
19 15662
19 15684
19 15690
19 15695
19 15699
19 15724
19 15727
19 15744
19 15745
19 15749
19 15775
19 15778
19 15781
19 15793
19 15804
19 15807
19 15816
19 15821
19 15826
19 15836
19 15838
19 15840
19 15845
19 15848
19 15866
19 15878
19 15884
19 15888
19 15897
19 15900
19 15902
19 15904
19 15928
19 15929
19 15931
19 15933
19 15935
19 15947
19 15965
19 15966
19 15969
19 15971
19 15973
19 15975
19 15979
19 15982
19 15983
19 15986
19 15991
19 15993
19 16007
19 16013
19 16016
19 16018
19 16020
19 16025
19 16027
19 16032
19 16035
19 16038
19 16040
19 16043
19 16046
19 16061
19 16062
19 16067
19 16072
19 16073
19 16078
19 16081
19 16083
19 16093
19 16094
19 16097
19 16099
19 16105
19 16107
19 16112
19 16123
19 16134
19 16138
19 16139
19 16144
19 16147
19 16160
19 16164
19 16168
19 16170
19 16190
19 16191
19 16192
19 16197
19 16200
19 16201
19 16206
19 16207
19 16218
19 16222
19 16223
19 16226
19 16234
19 16237
19 16240
19 16242
19 16243
19 16245
19 16252
19 16253
19 16257
19 16264
19 16273
19 16277
19 16284
19 16285
19 16286
19 16296
19 16301
19 16326
19 16330
19 16334
19 16336
19 16340
19 16343
19 16348
19 16353
19 16354
19 16359
19 16360
19 16361
19 16363
19 16364
19 16365
19 16366
19 16368
19 16371
19 16372
19 16375
19 16376
19 16377
19 16384
19 16387
19 16389
19 16393
19 16394
19 16404
19 16405
19 16410
19 16414
19 16421
19 16428
19 16432
19 16440
19 16442
19 16443
19 16445
19 16447
19 16453
19 16459
19 16465
19 16496
19 16506
19 16568
19 16617
19 16619
19 16621
19 16622
19 16640
19 16642
19 16644
19 16652
19 16656
19 16657
19 16661
19 16671
19 16687
19 16710
19 16718
19 16727
19 16740
19 16743
19 16756
19 16770
19 16776
19 16781
19 16784
19 16785
19 16787
19 16795
19 16797
19 16798
19 16802
19 16807
19 16814
19 16817
19 16818
19 16827
19 16831
19 16846
19 16848
19 16850
19 16853
19 16866
19 16870
19 16872
19 16873
19 16874
19 16875
19 16879
19 16882
19 16894
19 16897
19 16898
19 16900
19 16902
19 16908
19 16922
19 16925
19 16929
19 16931
19 16932
19 16939
19 16942
19 16944
19 16964
19 16984
19 16987
19 16988
19 16990
19 16994
19 17004
19 17009
19 17013
19 17014
19 17035
19 17038
19 17040
19 17047
19 17062
19 17069
19 17074
19 17076
19 17086
19 17087
19 17094
19 17097
19 17099
19 17103
19 17105
19 17112
19 17113
19 17115
19 17126
19 17128
19 17129
19 17131
19 17133
19 17136
19 17148
19 17157
19 17160
19 17173
19 17177
19 17179
19 17183
19 17185
19 17190
19 17200
19 17202
19 17209
19 17210
19 17215
19 17216
19 17219
19 17221
19 17230
19 17231
19 17233
19 17235
19 17237
19 17240
19 17241
19 17242
19 17244
19 17245
19 17260
19 17262
19 17278
19 17280
19 17282
19 17284
19 17288
19 17292
19 17294
19 17295
19 17296
19 17303
19 17304
19 17336
19 17345
19 17353
19 17355
19 17358
19 17360
19 17362
19 17366
19 17371
19 17374
19 17376
19 17380
19 17383
19 17385
19 17389
19 17391
19 17414
19 17417
19 17419
19 17421
19 17422
19 17424
19 17435
19 17437
19 17438
19 17440
19 17443
19 17445
19 17446
19 17449
19 17450
19 17452
19 17454
19 17456
19 17457
19 17459
19 17460
19 17461
19 17466
19 17469
19 17471
19 17475
19 17487
19 17488
19 17490
19 17496
19 17500
19 17503
19 17509
19 17514
19 17520
19 17525
19 17529
19 17537
19 17539
19 17545
19 17547
19 17548
19 17549
19 17550
19 17552
19 17558
19 17567
19 17568
19 17569
19 17580
19 17583
19 17589
19 17592
19 17596
19 17598
19 17599
19 17604
19 17608
19 17625
19 17629
19 17632
19 17637
19 17638
19 17665
19 17678
19 17681
19 17682
19 17683
19 17684
19 17685
19 17697
19 17704
19 17711
19 17712
19 17716
19 17717
19 17737
19 17738
19 17746
19 17757
19 17758
19 17761
19 17762
19 17773
19 17785
19 17808
19 17835
19 17837
19 17838
19 17845
19 17846
19 17848
19 17850
19 17874
19 17911
19 17912
19 17913
19 17914
19 17915
19 17920
19 17922
19 17923
19 17925
19 17926
19 17941
19 17980
19 17998
19 18000
19 18018
19 18062
19 18072
19 18096
19 18100
19 18101
19 18103
19 18108
19 18109
19 18110
19 18114
19 18115
19 18121
19 18133
19 18134
19 18178
19 18184
19 18207
19 18208
19 18209
19 18210
19 18211
19 18212
19 18213
19 18214
19 18215
19 18221
19 18222
19 18223
19 18224
19 18225
19 18226
19 18227
19 18228
19 18229
19 18230
19 18231
19 18232
19 18233
19 18240
19 18243
19 18245
19 18250
19 18252
19 18253
19 18254
19 18255
19 18256
19 18257
19 18258
19 18259
19 18260
19 18261
19 18262
19 18263
19 18264
19 18265
19 18266
19 18267
19 18268
19 18269
19 18270
19 18277
19 18279
19 18280
19 18281
19 18286
19 18287
19 18288
19 18289
19 18290
19 18291
19 18292
19 18293
19 18294
19 18295
19 18297
19 18298
19 18315
19 18316
19 18317
19 18319
19 18321
19 18325
19 18327
19 18368
19 18384
19 18386
19 18388
19 18397
19 18425
19 18434
19 18435
19 18440
19 18471
19 18494
19 18495
19 18502
19 18508
19 18522
19 18551
19 18561
19 18569
19 18579
19 18580
19 18635
19 18648
19 18689
19 18695
19 18719
19 18721
19 18741
19 18755
19 18773
19 18774
19 18791
19 18861
19 18863
19 18877
19 18903
19 18905
19 18922
19 18928
19 18929
19 18933
19 18937
19 18965
19 18967
19 18986
19 18991
19 19022
19 19031
19 19032
19 19034
19 19040
19 19043
19 19048
19 19051
19 19055
19 19089
19 19091
19 19099
19 19106
19 19107
19 19108
19 19113
19 19115
19 19117
19 19130
19 19134
19 19138
19 19141
19 19146
19 19155
19 19166
19 19171
19 19190
19 19191
19 19192
19 19195
19 19199
19 19208
19 19209
19 19217
19 19219
19 19224
19 19226
19 19229
19 19238
19 19242
19 19250
19 19252
19 19258
19 19260
19 19271
19 19278
19 19280
19 19282
19 19283
19 19285
19 19306
19 19308
19 19309
19 19316
19 19317
19 19324
19 19326
19 19338
19 19339
19 19342
19 19343
19 19347
19 19352
19 19360
19 19366
19 19369
19 19375
19 19382
19 19407
19 19414
19 19415
19 19417
19 19418
19 19424
19 19429
19 19436
19 19443
19 19447
19 19450
19 19460
19 19475
19 19483
19 19503
19 19509
19 19522
19 19549
19 19558
19 19575
19 19611
19 19614
19 19624
19 19628
19 19646
19 19675
19 19680
19 19685
19 19693
19 19704
19 19714
19 19717
19 19719
19 19721
19 19732
19 19734
19 19739
19 19749
19 19751
19 19753
19 19755
19 19757
19 19787
19 19788
19 19792
19 19798
19 19799
19 19813
19 19857
19 19863
19 19867
19 19869
19 19876
19 19882
19 19911
19 19913
19 19915
19 19918
19 19920
19 19924
19 19926
19 19927
19 19930
19 19933
19 19961
19 19963
19 19974
19 20006
19 20011
19 20015
19 20021
19 20022
19 20030
19 20031
19 20042
19 20066
19 20072
19 20075
19 20077
19 20087
19 20089
19 20125
19 20127
19 20135
19 20137
19 20140
19 20155
19 20161
19 20164
19 20170
19 20174
19 20177
19 20178
19 20188
19 20194
19 20199
19 20201
19 20210
19 20213
19 20221
19 20230
19 20234
19 20247
19 20251
19 20277
19 20279
19 20283
19 20287
19 20292
19 20358
19 20491
19 20496
19 20532
19 20538
19 20568
19 20598
19 20609
19 20633
19 20637
19 20648
19 20696
19 20820
19 20879
19 20885
19 20893
19 20897
19 20913
19 20921
19 20957
19 20973
19 21035
19 21040
19 21069
19 21089
19 21125
19 21182
19 21196
19 21302
19 21339
19 21343
19 21347
19 21349
19 21351
19 21353
19 21356
19 21357
19 21359
19 21362
19 21365
19 21367
19 21371
19 21374
19 21381
19 21387
19 21409
19 21415
19 21417
19 21430
19 21432
19 21434
19 21439
19 21442
19 21447
19 21454
19 21464
19 21487
19 21489
19 21499
19 21504
19 21520
19 21529
19 21530
19 21535
19 21539
19 21541
19 21553
19 21560
19 21567
19 21603
19 21604
19 21622
19 21656
19 21668
19 21672
19 21709
19 21718
19 21741
19 21776
19 21796
19 21810
19 21856
19 21857
19 21858
19 21874
19 21903
19 21905
19 21921
19 21922
19 21925
19 21943
19 21950
19 21954
19 21955
19 21958
19 21961
19 21976
19 21983
19 21986
19 21988
19 21993
19 22007
19 22011
19 22030
19 22032
19 22048
19 22054
19 22062
19 22180
19 22229
19 22231
19 22242
19 22265
19 22267
19 22272
19 22273
19 22274
19 22288
19 22292
19 22302
19 22318
19 22323
19 22328
19 22348
19 22359
19 22366
19 22393
19 22395
19 22400
19 22402
19 22419
19 22420
19 22438
19 22450
19 22454
19 22456
19 22461
19 22465
19 22472
19 22484
19 22486
19 22497
19 22508
19 22515
19 22519
19 22529
19 22566
19 22572
19 22577
19 22603
19 22619
19 22622
19 22624
19 22663
19 22665
19 22670
19 22671
19 22684
19 22700
19 22715
19 22730
19 22731
19 22737
19 22739
19 22741
19 22748
19 22749
19 22764
19 22766
19 22810
19 22855
19 22856
19 22865
19 22880
19 22891
19 22893
19 22913
19 22915
19 22974
19 23104
19 23111
19 23162
19 23163
19 23164
19 23165
19 23166
19 23168
19 23172
19 23183
19 23189
19 23190
19 23192
19 23200
19 23210
19 23265
19 23285
19 23295
19 23298
19 23314
19 23318
19 23321
19 23369
19 23417
19 23428
19 23433
19 23437
19 23449
19 23453
19 23461
19 23474
19 23506
19 23524
19 23525
19 23531
19 23555
19 23558
19 23620
19 23622
19 23623
19 23624
19 23642
19 23644
19 23645
19 23648
19 23692
19 23715
19 23781
19 23795
19 23817
19 23883
19 23926
19 23932
19 23934
19 23940
19 23944
19 23947
19 23957
19 23974
19 24027
19 24035
19 24045
19 24050
19 24052
19 24058
19 24071
19 24094
19 24102
19 24104
19 24113
19 24115
19 24124
19 24125
19 24143
19 24149
19 24155
19 24167
19 24174
19 24197
19 24207
19 24217
19 24251
19 24257
19 24263
19 24273
19 24280
19 24303
19 24304
19 24305
19 24306
19 24307
19 24309
19 24323
19 24383
19 24384
19 24390
19 24392
19 24394
19 24450
19 24453
19 24463
19 24546
19 24549
19 24550
19 24556
19 24571
19 24575
19 24598
19 24613
19 24615
19 24632
19 24657
19 24662
19 24663
19 24665
19 24675
19 24680
19 24683
19 24684
19 24705
19 24709
19 24719
19 24720
19 24724
19 24726
19 24748
19 24752
19 24756
19 24765
19 24772
19 24785
19 24790
19 24796
19 24801
19 24804
19 24832
19 24833
19 24837
19 24842
19 24844
19 24846
19 24849
19 24856
19 24859
19 24872
19 24876
19 24887
19 24895
19 24902
19 24903
19 24910
19 24922
19 24923
19 24927
19 24931
19 24937
19 24944
19 24958
19 24962
19 24972
19 24981
19 24992
19 24995
19 24996
19 24999
19 25007
19 25009
19 25010
19 25011
19 25012
19 25013
19 25023
19 25029
19 25033
19 25034
19 25036
19 25047
19 25054
19 25063
19 25064
19 25065
19 25067
19 25068
19 25070
19 25071
19 25077
19 25081
19 25089
19 25095
19 25113
19 25125
19 25166
19 25170
19 25186
19 25194
19 25211
19 25215
19 25224
19 25232
19 25233
19 25236
19 25237
19 25238
19 25250
19 25251
19 25259
19 25262
19 25272
19 25279
19 25288
19 25295
19 25302
19 25307
19 25322
19 25349
19 25389
19 25399
19 25429
19 25496
19 25551
19 25559
19 25564
19 25571
19 25572
19 25573
19 25576
19 25580
19 25581
19 25583
19 25586
19 25599
19 25618
19 25619
19 25632
19 25634
19 25637
19 25642
19 25647
19 25650
19 25651
19 25652
19 25653
19 25655
19 25656
19 25657
19 25658
19 25659
19 25661
19 25662
19 25663
19 25673
19 25683
19 25684
19 25685
19 25686
19 25687
19 25689
19 25693
19 25697
19 25698
19 25700
19 25702
19 25705
19 25720
19 25728
19 25732
19 25734
19 25736
19 25738
19 25740
19 25746
19 25750
19 25751
19 25754
19 25755
19 25757
19 25768
19 25771
19 25773
19 25775
19 25778
19 25779
19 25780
19 25788
19 25794
19 25797
19 25809
19 25810
19 25812
19 25822
19 25824
19 25825
19 25826
19 25829
19 25835
19 25838
19 25841
19 25842
19 25843
19 25844
19 25845
19 25846
19 25847
19 25848
19 25853
19 25855
19 25856
19 25857
19 25858
19 25861
19 25871
19 25873
19 25875
19 25884
19 25885
19 25888
19 25892
19 25896
19 25903
19 25904
19 25910
19 25912
19 25913
19 25914
19 25916
19 25917
19 25918
19 25920
19 25921
19 25922
19 25923
19 25924
19 25927
19 25933
19 25937
19 25940
19 25941
19 25944
19 25946
19 25947
19 25950
19 25951
19 25952
19 25955
19 25958
19 25961
19 25969
19 25972
19 25977
19 25978
19 25979
19 25980
19 25981
19 25995
19 25997
19 25999
19 26001
19 26003
19 26004
19 26005
19 26006
19 26008
19 26009
19 26010
19 26011
19 26012
19 26014
19 26015
19 26016
19 26017
19 26019
19 26021
19 26022
19 26023
19 26026
19 26029
19 26033
19 26034
19 26039
19 26040
19 26041
19 26042
19 26043
19 26044
19 26045
19 26046
19 26047
19 26048
19 26050
19 26052
19 26053
19 26054
19 26056
19 26057
19 26060
19 26062
19 26063
19 26064
19 26065
19 26066
19 26067
19 26068
19 26071
19 26073
19 26076
19 26082
19 26086
19 26098
19 26099
19 26103
19 26104
19 26105
19 26106
19 26107
19 26108
19 26109
19 26110
19 26112
19 26113
19 26114
19 26116
19 26117
19 26120
19 26121
19 26122
19 26128
19 26129
19 26130
19 26138
19 26163
19 26165
19 26166
19 26168
19 26188
19 26209
19 26216
19 26219
19 26230
19 26238
19 26250
19 26264
19 26291
19 26299
19 26308
19 26309
19 26310
19 26311
19 26313
19 26314
19 26316
19 26317
19 26318
19 26323
19 26324
19 26330
19 26335
19 26358
19 26359
19 26361
19 26368
19 26371
19 26372
19 26373
19 26391
19 26398
19 26405
19 26431
19 26433
19 26436
19 26438
19 26439
19 26440
19 26473
19 26484
19 26488
19 26491
19 26492
19 26495
19 26502
19 26507
19 26517
19 26518
19 26529
19 26531
19 26535
19 26541
19 26557
19 26560
19 26566
19 26583
19 26593
19 26602
19 26605
19 26611
19 26618
19 26629
19 26632
19 26634
19 26637
19 26639
19 26641
19 26643
19 26646
19 26649
19 26665
19 26666
19 26672
19 26673
19 26680
19 26684
19 26701
19 26740
19 26761
19 26764
19 26768
19 26771
19 26778
19 26791
19 26799
19 26812
19 26821
19 26828
19 26839
19 26857
19 26868
19 26889
19 26895
19 26901
19 26905
19 26924
19 26928
19 26929
19 26931
19 26934
19 26937
19 26939
19 26941
19 26943
19 26954
19 26956
19 26961
19 26975
19 26987
19 26989
19 26993
19 26999
19 27008
19 27016
19 27018
19 27031
19 27037
19 27038
19 27040
19 27041
19 27049
19 27053
19 27063
19 27075
19 27076
19 27088
19 27094
19 27103
19 27108
19 27120
19 27121
19 27122
19 27123
19 27125
19 27126
19 27128
19 27131
19 27132
19 27133
19 27142
19 27143
19 27145
19 27146
19 27147
19 27148
19 27150
19 27155
19 27165
19 27180
19 27183
19 27184
19 27196
19 27209
19 27210
19 27211
19 27213
19 27214
19 27221
19 27232
19 27249
19 27250
19 27258
19 27264
19 27267
19 27273
19 27279
19 27291
19 27313
19 27351
19 27360
19 27368
19 27371
19 27378
19 27379
19 27381
19 27386
19 27395
19 27399
19 27403
19 27424
19 27555
19 27568
19 27580
19 27613
19 27624
19 27626
19 27638
19 27642
19 27653
19 27654
19 27665
19 27674
19 27675
19 27680
19 27712
19 27714
19 27721
19 27726
19 27743
19 27744
19 27745
19 27751
19 27752
19 27756
19 27759
19 27762
19 27773
19 27777
19 27778
19 27782
19 27784
19 27788
19 27795
19 27798
19 27814
19 27835
19 27838
19 27845
19 27846
19 27849
19 27865
19 27885
19 27886
19 27887
19 27909
19 27911
19 27913
19 27925
19 27926
19 27939
19 27950
19 27958
19 27977
19 27979
19 27980
19 27983
19 27989
19 27990
19 28010
19 28023
19 28034
19 28035
19 28040
19 28050
19 28055
19 28057
19 28102
19 28106
19 28108
19 28115
19 28121
19 28122
19 28139
19 28140
19 28141
19 28145
19 28155
19 28162
19 28188
19 28200
19 28205
19 28248
19 28249
19 28252
19 28254
19 28264
19 28309
19 28327
19 28334
19 28337
19 28346
19 28348
19 28349
19 28353
19 28354
19 28355
19 28359
19 28391
19 28408
19 28427
19 28431
19 28434
19 28458
19 28463
19 28466
19 28481
19 28483
19 28490
19 28493
19 28494
19 28495
19 28498
19 28500
19 28506
19 28509
19 28514
19 28515
19 28545
19 28546
19 28550
19 28554
19 28560
19 28562
19 28565
19 28579
19 28580
19 28582
19 28591
19 28592
19 28593
19 28595
19 28601
19 28602
19 28649
19 28663
19 28669
19 28670
19 28673
19 28674
19 28695
19 28704
19 28705
19 28714
19 28715
19 28719
19 28728
19 28732
19 28733
19 28738
19 28742
19 28746
19 28750
19 28765
19 28768
19 28770
19 28773
19 28774
19 28775
19 28780
19 28784
19 28787
19 28797
19 28814
19 28815
19 28819
19 28833
19 28836
19 28839
19 28840
19 28842
19 28858
19 28859
19 28860
19 28861
19 28862
19 28865
19 28882
19 28895
19 28896
19 28897
19 28907
19 28909
19 28913
19 28931
19 28935
19 28960
19 28963
20 1
20 3
20 6
20 8
20 15
20 42
20 73
20 74
20 76
20 77
20 78
20 86
20 87
20 88
20 90
20 91
20 92
20 93
20 97
20 98
20 100
20 101
20 102
20 106
20 107
20 113
20 115
20 116
20 117
20 118
20 123
20 127
20 130
20 131
20 133
20 136
20 137
20 139
20 142
20 143
20 144
20 158
20 160
20 162
20 163
20 166
20 167
20 168
20 169
20 170
20 171
20 173
20 174
20 175
20 177
20 178
20 179
20 180
20 181
20 182
20 183
20 184
20 185
20 186
20 187
20 188
20 189
20 190
20 191
20 192
20 193
20 194
20 195
20 196
20 197
20 198
20 199
20 200
20 201
20 202
20 206
20 207
20 208
20 210
20 211
20 212
20 213
20 214
20 216
20 217
20 218
20 219
20 220
20 221
20 222
20 223
20 224
20 225
20 226
20 227
20 228
20 229
20 230
20 231
20 232
20 233
20 234
20 235
20 236
20 237
20 238
20 239
20 240
20 241
20 242
20 243
20 244
20 245
20 246
20 247
20 249
20 250
20 251
20 252
20 253
20 254
20 255
20 256
20 257
20 258
20 260
20 262
20 263
20 264
20 265
20 266
20 267
20 268
20 269
20 270
20 271
20 272
20 273
20 274
20 275
20 276
20 277
20 278
20 279
20 280
20 281
20 282
20 283
20 284
20 285
20 287
20 289
20 291
20 292
20 293
20 297
20 298
20 299
20 300
20 301
20 302
20 303
20 305
20 306
20 307
20 308
20 310
20 311
20 312
20 313
20 316
20 318
20 319
20 320
20 321
20 325
20 381
20 417
20 419
20 422
20 455
20 492
20 493
20 502
20 512
20 514
20 515
20 517
20 521
20 532
20 538
20 540
20 541
20 542
20 545
20 546
20 551
20 552
20 554
20 555
20 562
20 563
20 565
20 567
20 569
20 570
20 572
20 573
20 575
20 576
20 582
20 583
20 584
20 586
20 587
20 588
20 589
20 590
20 591
20 592
20 593
20 595
20 596
20 597
20 598
20 599
20 600
20 601
20 603
20 604
20 605
20 606
20 607
20 608
20 609
20 610
20 611
20 612
20 613
20 615
20 616
20 617
20 618
20 619
20 620
20 621
20 622
20 623
20 624
20 625
20 626
20 627
20 628
20 629
20 631
20 635
20 636
20 637
20 638
20 639
20 640
20 641
20 642
20 643
20 644
20 646
20 648
20 649
20 650
20 651
20 652
20 653
20 654
20 655
20 656
20 657
20 658
20 661
20 672
20 675
20 677
20 679
20 680
20 681
20 682
20 683
20 685
20 686
20 687
20 688
20 691
20 692
20 693
20 694
20 695
20 696
20 697
20 698
20 699
20 700
20 703
20 708
20 711
20 712
20 713
20 715
20 716
20 719
20 721
20 722
20 723
20 724
20 725
20 726
20 727
20 730
20 732
20 734
20 737
20 740
20 741
20 742
20 743
20 744
20 745
20 746
20 749
20 750
20 752
20 753
20 754
20 755
20 756
20 758
20 759
20 760
20 763
20 764
20 765
20 766
20 767
20 768
20 769
20 772
20 774
20 777
20 778
20 780
20 781
20 782
20 783
20 785
20 787
20 788
20 789
20 790
20 791
20 793
20 794
20 798
20 799
20 801
20 802
20 803
20 804
20 805
20 807
20 813
20 815
20 816
20 821
20 824
20 825
20 828
20 830
20 832
20 833
20 836
20 837
20 838
20 839
20 841
20 842
20 843
20 847
20 848
20 849
20 851
20 852
20 853
20 856
20 857
20 858
20 861
20 862
20 866
20 872
20 875
20 886
20 887
20 888
20 897
20 901
20 903
20 905
20 908
20 909
20 910
20 912
20 914
20 915
20 916
20 918
20 920
20 928
20 930
20 937
20 940
20 946
20 949
20 950
20 954
20 956
20 960
20 963
20 967
20 971
20 975
20 976
20 978
20 981
20 982
20 984
20 987
20 992
20 993
20 996
20 1000
20 1009
20 1015
20 1022
20 1024
20 1026
20 1028
20 1029
20 1030
20 1032
20 1039
20 1040
20 1042
20 1043
20 1044
20 1045
20 1046
20 1047
20 1048
20 1050
20 1053
20 1055
20 1056
20 1057
20 1059
20 1062
20 1065
20 1066
20 1067
20 1074
20 1077
20 1080
20 1081
20 1082
20 1084
20 1085
20 1086
20 1088
20 1089
20 1090
20 1091
20 1092
20 1093
20 1094
20 1095
20 1096
20 1098
20 1099
20 1101
20 1102
20 1103
20 1105
20 1106
20 1108
20 1110
20 1111
20 1112
20 1113
20 1114
20 1116
20 1117
20 1124
20 1125
20 1126
20 1129
20 1130
20 1131
20 1132
20 1133
20 1134
20 1136
20 1137
20 1138
20 1142
20 1146
20 1153
20 1155
20 1156
20 1157
20 1158
20 1159
20 1160
20 1166
20 1167
20 1169
20 1170
20 1171
20 1175
20 1177
20 1181
20 1183
20 1188
20 1189
20 1190
20 1191
20 1194
20 1196
20 1198
20 1200
20 1202
20 1203
20 1204
20 1206
20 1207
20 1208
20 1210
20 1211
20 1212
20 1214
20 1216
20 1217
20 1218
20 1219
20 1220
20 1221
20 1222
20 1223
20 1224
20 1225
20 1226
20 1227
20 1228
20 1229
20 1230
20 1242
20 1243
20 1244
20 1245
20 1247
20 1249
20 1250
20 1251
20 1252
20 1253
20 1258
20 1259
20 1260
20 1261
20 1263
20 1265
20 1266
20 1267
20 1269
20 1271
20 1272
20 1274
20 1275
20 1277
20 1280
20 1285
20 1286
20 1289
20 1297
20 1299
20 1301
20 1302
20 1303
20 1307
20 1310
20 1323
20 1324
20 1325
20 1326
20 1327
20 1334
20 1340
20 1342
20 1356
20 1368
20 1382
20 1384
20 1386
20 1387
20 1388
20 1389
20 1390
20 1406
20 1408
20 1410
20 1411
20 1415
20 1417
20 1418
20 1419
20 1422
20 1423
20 1424
20 1425
20 1426
20 1427
20 1428
20 1435
20 1451
20 1452
20 1453
20 1457
20 1458
20 1459
20 1460
20 1465
20 1466
20 1476
20 1478
20 1492
20 1500
20 1503
20 1507
20 1510
20 1511
20 1514
20 1525
20 1530
20 1534
20 1536
20 1537
20 1556
20 1558
20 1563
20 1566
20 1568
20 1570
20 1571
20 1573
20 1576
20 1579
20 1580
20 1584
20 1585
20 1588
20 1591
20 1594
20 1595
20 1596
20 1600
20 1613
20 1617
20 1623
20 1625
20 1626
20 1629
20 1630
20 1634
20 1637
20 1639
20 1641
20 1646
20 1648
20 1649
20 1650
20 1653
20 1656
20 1658
20 1660
20 1662
20 1663
20 1665
20 1667
20 1668
20 1669
20 1670
20 1671
20 1672
20 1674
20 1677
20 1679
20 1680
20 1683
20 1687
20 1691
20 1692
20 1693
20 1694
20 1695
20 1696
20 1697
20 1698
20 1699
20 1705
20 1706
20 1709
20 1710
20 1716
20 1718
20 1720
20 1721
20 1726
20 1729
20 1743
20 1744
20 1747
20 1748
20 1753
20 1755
20 1757
20 1758
20 1759
20 1760
20 1762
20 1764
20 1766
20 1768
20 1773
20 1774
20 1775
20 1786
20 1788
20 1790
20 1792
20 1794
20 1797
20 1801
20 1803
20 1805
20 1806
20 1807
20 1814
20 1816
20 1820
20 1844
20 1848
20 1849
20 1851
20 1852
20 1855
20 1858
20 1860
20 1861
20 1874
20 1878
20 1880
20 1884
20 1907
20 1911
20 1912
20 1916
20 1918
20 1921
20 1922
20 1926
20 1928
20 1929
20 1935
20 1954
20 1965
20 1967
20 1991
20 1992
20 1993
20 1997
20 2001
20 2006
20 2008
20 2011
20 2013
20 2015
20 2019
20 2028
20 2030
20 2032
20 2035
20 2036
20 2038
20 2040
20 2043
20 2044
20 2046
20 2048
20 2049
20 2051
20 2053
20 2054
20 2055
20 2059
20 2060
20 2061
20 2066
20 2068
20 2072
20 2077
20 2079
20 2083
20 2084
20 2091
20 2094
20 2095
20 2097
20 2100
20 2101
20 2102
20 2104
20 2108
20 2110
20 2112
20 2118
20 2120
20 2127
20 2130
20 2133
20 2136
20 2137
20 2139
20 2141
20 2143
20 2146
20 2147
20 2149
20 2150
20 2151
20 2153
20 2154
20 2155
20 2156
20 2162
20 2166
20 2172
20 2181
20 2183
20 2185
20 2187
20 2189
20 2192
20 2197
20 2215
20 2219
20 2221
20 2222
20 2223
20 2224
20 2225
20 2226
20 2227
20 2228
20 2229
20 2230
20 2231
20 2232
20 2233
20 2234
20 2235
20 2242
20 2245
20 2247
20 2248
20 2249
20 2254
20 2256
20 2264
20 2295
20 2297
20 2306
20 2311
20 2312
20 2315
20 2317
20 2320
20 2324
20 2329
20 2333
20 2334
20 2335
20 2337
20 2339
20 2340
20 2341
20 2342
20 2344
20 2346
20 2350
20 2352
20 2355
20 2356
20 2359
20 2361
20 2362
20 2364
20 2366
20 2367
20 2369
20 2371
20 2374
20 2375
20 2377
20 2379
20 2381
20 2382
20 2383
20 2384
20 2394
20 2396
20 2398
20 2400
20 2402
20 2403
20 2406
20 2419
20 2420
20 2426
20 2427
20 2428
20 2430
20 2432
20 2434
20 2436
20 2437
20 2438
20 2439
20 2442
20 2444
20 2446
20 2447
20 2449
20 2450
20 2451
20 2452
20 2453
20 2455
20 2459
20 2462
20 2464
20 2466
20 2467
20 2473
20 2474
20 2476
20 2477
20 2478
20 2479
20 2480
20 2481
20 2482
20 2484
20 2485
20 2489
20 2491
20 2492
20 2493
20 2494
20 2496
20 2499
20 2501
20 2512
20 2513
20 2516
20 2518
20 2523
20 2527
20 2550
20 2552
20 2556
20 2558
20 2561
20 2562
20 2565
20 2567
20 2568
20 2571
20 2572
20 2576
20 2578
20 2579
20 2580
20 2581
20 2582
20 2583
20 2585
20 2590
20 2591
20 2593
20 2595
20 2598
20 2599
20 2601
20 2604
20 2605
20 2606
20 2607
20 2609
20 2611
20 2613
20 2615
20 2620
20 2625
20 2626
20 2627
20 2628
20 2629
20 2630
20 2634
20 2636
20 2637
20 2642
20 2643
20 2644
20 2645
20 2646
20 2649
20 2651
20 2653
20 2654
20 2655
20 2656
20 2659
20 2660
20 2661
20 2669
20 2671
20 2673
20 2675
20 2677
20 2679
20 2681
20 2683
20 2685
20 2687
20 2689
20 2694
20 2696
20 2698
20 2699
20 2701
20 2702
20 2703
20 2704
20 2705
20 2707
20 2710
20 2711
20 2715
20 2717
20 2720
20 2725
20 2728
20 2730
20 2736
20 2743
20 2744
20 2745
20 2747
20 2750
20 2752
20 2754
20 2756
20 2758
20 2759
20 2761
20 2768
20 2784
20 2786
20 2787
20 2788
20 2789
20 2790
20 2791
20 2792
20 2800
20 2801
20 2802
20 2803
20 2805
20 2806
20 2807
20 2808
20 2809
20 2812
20 2814
20 2818
20 2821
20 2822
20 2823
20 2826
20 2829
20 2832
20 2839
20 2840
20 2841
20 2842
20 2843
20 2844
20 2845
20 2853
20 2854
20 2855
20 2856
20 2859
20 2860
20 2861
20 2862
20 2873
20 2874
20 2875
20 2876
20 2877
20 2879
20 2880
20 2888
20 2890
20 2892
20 2896
20 2899
20 2901
20 2903
20 2904
20 2905
20 2906
20 2907
20 2908
20 2909
20 2912
20 2913
20 2914
20 2916
20 2925
20 2927
20 2936
20 2938
20 2940
20 2941
20 2942
20 2946
20 2948
20 2949
20 2950
20 2951
20 2952
20 2954
20 2956
20 2957
20 2958
20 2961
20 2962
20 2966
20 2968
20 2970
20 2971
20 2972
20 2973
20 2976
20 2978
20 2980
20 2983
20 2984
20 2985
20 2986
20 2988
20 2994
20 2996
20 2998
20 3000
20 3002
20 3004
20 3006
20 3008
20 3014
20 3016
20 3018
20 3020
20 3022
20 3030
20 3038
20 3039
20 3041
20 3042
20 3044
20 3045
20 3046
20 3050
20 3051
20 3052
20 3053
20 3054
20 3055
20 3056
20 3057
20 3058
20 3059
20 3061
20 3063
20 3064
20 3068
20 3069
20 3083
20 3085
20 3090
20 3092
20 3093
20 3096
20 3099
20 3102
20 3105
20 3108
20 3112
20 3113
20 3116
20 3118
20 3120
20 3122
20 3124
20 3127
20 3129
20 3130
20 3133
20 3135
20 3137
20 3140
20 3141
20 3142
20 3143
20 3145
20 3146
20 3148
20 3149
20 3150
20 3151
20 3152
20 3159
20 3160
20 3161
20 3162
20 3163
20 3165
20 3166
20 3167
20 3179
20 3183
20 3185
20 3186
20 3188
20 3189
20 3190
20 3191
20 3192
20 3193
20 3194
20 3195
20 3196
20 3197
20 3198
20 3199
20 3200
20 3201
20 3202
20 3203
20 3204
20 3205
20 3206
20 3215
20 3216
20 3218
20 3220
20 3221
20 3222
20 3228
20 3229
20 3232
20 3233
20 3234
20 3235
20 3236
20 3237
20 3238
20 3239
20 3245
20 3246
20 3248
20 3252
20 3254
20 3257
20 3259
20 3263
20 3266
20 3268
20 3269
20 3271
20 3274
20 3275
20 3285
20 3286
20 3287
20 3288
20 3289
20 3290
20 3291
20 3300
20 3301
20 3302
20 3306
20 3311
20 3315
20 3317
20 3320
20 3327
20 3329
20 3332
20 3335
20 3355
20 3357
20 3358
20 3359
20 3360
20 3361
20 3363
20 3372
20 3375
20 3376
20 3377
20 3378
20 3380
20 3382
20 3384
20 3386
20 3388
20 3390
20 3392
20 3395
20 3397
20 3401
20 3403
20 3405
20 3407
20 3408
20 3409
20 3411
20 3413
20 3416
20 3422
20 3423
20 3430
20 3433
20 3436
20 3440
20 3443
20 3449
20 3453
20 3455
20 3461
20 3463
20 3464
20 3465
20 3466
20 3467
20 3468
20 3469
20 3470
20 3472
20 3473
20 3474
20 3478
20 3481
20 3483
20 3486
20 3487
20 3488
20 3489
20 3490
20 3491
20 3492
20 3493
20 3494
20 3495
20 3496
20 3522
20 3524
20 3529
20 3530
20 3532
20 3533
20 3534
20 3536
20 3540
20 3542
20 3544
20 3546
20 3556
20 3568
20 3579
20 3581
20 3584
20 3588
20 3590
20 3594
20 3599
20 3602
20 3604
20 3606
20 3607
20 3610
20 3612
20 3614
20 3616
20 3618
20 3620
20 3633
20 3636
20 3639
20 3641
20 3643
20 3657
20 3658
20 3659
20 3661
20 3662
20 3663
20 3664
20 3665
20 3666
20 3667
20 3668
20 3702
20 3705
20 3706
20 3710
20 3720
20 3724
20 3730
20 3732
20 3739
20 3740
20 3741
20 3742
20 3743
20 3748
20 3749
20 3750
20 3751
20 3762
20 3765
20 3768
20 3772
20 3776
20 3785
20 3787
20 3789
20 3792
20 3798
20 3800
20 3803
20 3804
20 3805
20 3807
20 3808
20 3811
20 3813
20 3815
20 3828
20 3845
20 3847
20 3859
20 3862
20 3863
20 3864
20 3886
20 3890
20 3892
20 3894
20 3896
20 3897
20 3898
20 3900
20 3903
20 3907
20 3908
20 3909
20 3916
20 3924
20 3927
20 3934
20 3936
20 3937
20 3938
20 3939
20 3941
20 3942
20 3954
20 3959
20 3962
20 3964
20 3966
20 3972
20 3973
20 3976
20 3986
20 3992
20 3994
20 3998
20 4004
20 4006
20 4008
20 4010
20 4012
20 4013
20 4015
20 4017
20 4018
20 4019
20 4024
20 4026
20 4028
20 4029
20 4031
20 4034
20 4036
20 4040
20 4041
20 4042
20 4046
20 4047
20 4048
20 4050
20 4055
20 4058
20 4060
20 4062
20 4063
20 4066
20 4067
20 4068
20 4077
20 4078
20 4079
20 4080
20 4089
20 4091
20 4093
20 4094
20 4101
20 4102
20 4104
20 4106
20 4107
20 4110
20 4111
20 4116
20 4119
20 4120
20 4121
20 4123
20 4132
20 4133
20 4134
20 4135
20 4137
20 4140
20 4141
20 4152
20 4153
20 4154
20 4155
20 4156
20 4159
20 4174
20 4177
20 4179
20 4197
20 4199
20 4201
20 4202
20 4203
20 4204
20 4206
20 4212
20 4213
20 4217
20 4218
20 4220
20 4221
20 4224
20 4225
20 4226
20 4227
20 4228
20 4230
20 4231
20 4233
20 4238
20 4241
20 4242
20 4243
20 4244
20 4245
20 4246
20 4249
20 4251
20 4254
20 4262
20 4263
20 4264
20 4265
20 4268
20 4269
20 4270
20 4281
20 4282
20 4283
20 4284
20 4285
20 4286
20 4287
20 4288
20 4289
20 4290
20 4291
20 4292
20 4293
20 4294
20 4295
20 4303
20 4304
20 4306
20 4307
20 4309
20 4310
20 4311
20 4312
20 4313
20 4315
20 4316
20 4317
20 4318
20 4319
20 4320
20 4321
20 4329
20 4332
20 4333
20 4335
20 4341
20 4342
20 4348
20 4349
20 4385
20 4399
20 4400
20 4436
20 4437
20 4438
20 4439
20 4440
20 4442
20 4443
20 4445
20 4446
20 4447
20 4455
20 4456
20 4457
20 4467
20 4470
20 4475
20 4484
20 4485
20 4494
20 4511
20 4512
20 4552
20 4555
20 4557
20 4581
20 4592
20 4597
20 4604
20 4605
20 4606
20 4610
20 4613
20 4614
20 4615
20 4616
20 4617
20 4618
20 4619
20 4639
20 4640
20 4641
20 4642
20 4643
20 4644
20 4645
20 4661
20 4669
20 4750
20 4756
20 4757
20 4758
20 4759
20 4760
20 4772
20 4788
20 4789
20 4790
20 4794
20 4798
20 4799
20 4800
20 4801
20 4802
20 4803
20 4804
20 4805
20 4806
20 4808
20 4809
20 4810
20 4811
20 4815
20 4819
20 7596
20 7654
20 7657
20 7662
20 7663
20 7675
20 7861
20 7955
20 8010
20 8087
20 8238
20 8287
20 8648
20 8649
20 8691
20 8712
20 8720
20 8721
20 8722
20 8727
20 8864
20 8903
20 8907
20 8965
20 8973
20 8976
20 8985
20 9041
20 9050
20 9059
20 9065
20 9069
20 9081
20 9084
20 9123
20 9134
20 9135
20 9136
20 9138
20 9166
20 9181
20 9234
20 9236
20 9272
20 9274
20 9278
20 9281
20 9288
20 9335
20 9358
20 9386
20 9417
20 9419
20 9481
20 9492
20 9527
20 9528
20 9535
20 9560
20 9717
20 9736
20 9777
20 9793
20 9794
20 9818
20 10150
20 16795
20 19195
21 1
21 3
21 6
21 46
21 47
21 66
21 74
21 76
21 77
21 78
21 80
21 86
21 88
21 90
21 91
21 92
21 93
21 97
21 98
21 100
21 102
21 114
21 116
21 117
21 118
21 119
21 120
21 123
21 124
21 129
21 130
21 131
21 133
21 134
21 136
21 139
21 142
21 150
21 152
21 156
21 160
21 163
21 166
21 169
21 175
21 177
21 179
21 183
21 184
21 188
21 189
21 198
21 201
21 202
21 205
21 206
21 207
21 208
21 212
21 216
21 217
21 221
21 223
21 224
21 233
21 234
21 235
21 236
21 237
21 238
21 240
21 241
21 242
21 244
21 245
21 249
21 250
21 251
21 252
21 260
21 262
21 264
21 270
21 272
21 273
21 274
21 279
21 281
21 288
21 289
21 290
21 291
21 293
21 294
21 295
21 296
21 297
21 298
21 299
21 302
21 303
21 304
21 305
21 311
21 314
21 316
21 319
21 320
21 322
21 325
21 514
21 517
21 518
21 520
21 542
21 552
21 562
21 576
21 582
21 583
21 584
21 586
21 587
21 588
21 592
21 593
21 595
21 596
21 598
21 603
21 605
21 606
21 607
21 610
21 613
21 618
21 620
21 623
21 624
21 632
21 635
21 640
21 653
21 654
21 656
21 676
21 681
21 688
21 693
21 694
21 700
21 701
21 703
21 708
21 710
21 711
21 713
21 715
21 721
21 723
21 726
21 727
21 730
21 732
21 734
21 737
21 740
21 743
21 744
21 745
21 746
21 749
21 750
21 765
21 813
21 821
21 824
21 825
21 832
21 837
21 839
21 842
21 853
21 860
21 869
21 875
21 887
21 901
21 909
21 937
21 963
21 987
21 993
21 1013
21 1016
21 1028
21 1030
21 1041
21 1043
21 1044
21 1047
21 1053
21 1056
21 1057
21 1097
21 1106
21 1119
21 1124
21 1129
21 1133
21 1134
21 1138
21 1142
21 1153
21 1158
21 1160
21 1177
21 1188
21 1189
21 1212
21 1260
21 1275
21 1370
21 1390
21 1417
21 1459
21 1525
21 1530
21 1537
21 1566
21 1579
21 1580
21 1584
21 1613
21 1629
21 1630
21 1646
21 1658
21 1713
21 1720
21 1721
21 1744
21 1775
21 1790
21 1803
21 1805
21 1807
21 1860
21 1935
21 2011
21 2028
21 2036
21 2040
21 2062
21 2095
21 2097
21 2101
21 2102
21 2162
21 2172
21 2192
21 2221
21 2227
21 2233
21 2245
21 2249
21 2377
21 2400
21 2402
21 2432
21 2437
21 2444
21 2446
21 2447
21 2450
21 2463
21 2464
21 2466
21 2467
21 2476
21 2489
21 2496
21 2521
21 2562
21 2576
21 2579
21 2581
21 2588
21 2601
21 2609
21 2613
21 2625
21 2653
21 2654
21 2655
21 2658
21 2661
21 2671
21 2673
21 2683
21 2685
21 2694
21 2698
21 2705
21 2710
21 2725
21 2743
21 2744
21 2752
21 2754
21 2821
21 2840
21 2842
21 2843
21 2844
21 2855
21 2875
21 2880
21 2907
21 2925
21 2936
21 2958
21 2962
21 2970
21 2971
21 3004
21 3014
21 3030
21 3037
21 3042
21 3090
21 3112
21 3133
21 3193
21 3198
21 3257
21 3268
21 3271
21 3286
21 3288
21 3289
21 3292
21 3293
21 3301
21 3302
21 3361
21 3378
21 3467
21 3469
21 3472
21 3483
21 3488
21 3490
21 3496
21 3522
21 3524
21 3529
21 3534
21 3542
21 3546
21 3581
21 3588
21 3590
21 3594
21 3606
21 3607
21 3612
21 3614
21 3641
21 3666
21 3741
21 3866
21 3934
21 3938
21 3939
21 3959
21 3964
21 3972
21 3976
21 3989
21 3992
21 3996
21 4003
21 4013
21 4018
21 4028
21 4029
21 4031
21 4036
21 4040
21 4050
21 4055
21 4062
21 4067
21 4068
21 4089
21 4101
21 4102
21 4104
21 4106
21 4120
21 4121
21 4130
21 4179
21 4227
21 4231
21 4281
21 4286
21 4287
21 4289
21 4293
21 4329
21 4332
21 4333
21 4349
21 4445
21 4457
21 4467
21 4494
21 4555
21 4557
21 4609
21 4749
21 4750
21 4773
21 4799
21 4801
21 4818
21 4819
21 7643
21 8045
21 8122
21 8123
21 8223
21 8274
21 8325
21 8664
21 8690
21 8720
21 8953
21 9165
21 9238
21 9356
21 9406
21 9426
21 9487
21 9529
21 9555
21 9560
21 9611
22 1
22 2
22 3
22 4
22 5
22 6
22 8
22 9
22 11
22 15
22 16
22 17
22 19
22 20
22 21
22 22
22 23
22 24
22 25
22 26
22 27
22 28
22 29
22 30
22 31
22 32
22 33
22 34
22 35
22 36
22 40
22 41
22 42
22 44
22 45
22 46
22 47
22 49
22 50
22 51
22 52
22 53
22 57
22 60
22 61
22 62
22 63
22 64
22 65
22 66
22 67
22 68
22 73
22 74
22 75
22 76
22 77
22 78
22 82
22 84
22 85
22 86
22 87
22 88
22 89
22 90
22 91
22 92
22 93
22 95
22 97
22 98
22 99
22 100
22 101
22 102
22 103
22 105
22 106
22 107
22 108
22 113
22 114
22 115
22 116
22 117
22 118
22 119
22 120
22 123
22 124
22 127
22 129
22 130
22 131
22 133
22 134
22 136
22 137
22 138
22 139
22 140
22 142
22 143
22 144
22 146
22 147
22 150
22 152
22 153
22 156
22 157
22 158
22 160
22 162
22 163
22 166
22 167
22 168
22 169
22 170
22 171
22 172
22 173
22 174
22 175
22 176
22 177
22 178
22 179
22 180
22 181
22 182
22 183
22 184
22 185
22 186
22 187
22 188
22 189
22 190
22 191
22 192
22 193
22 194
22 195
22 196
22 197
22 198
22 199
22 200
22 201
22 202
22 205
22 206
22 207
22 208
22 210
22 211
22 212
22 213
22 214
22 216
22 217
22 218
22 219
22 220
22 221
22 222
22 223
22 224
22 225
22 226
22 227
22 228
22 229
22 230
22 231
22 232
22 233
22 234
22 235
22 236
22 237
22 238
22 239
22 240
22 241
22 242
22 243
22 244
22 245
22 246
22 247
22 249
22 250
22 251
22 252
22 253
22 254
22 255
22 256
22 257
22 258
22 260
22 262
22 263
22 264
22 265
22 266
22 267
22 268
22 269
22 270
22 271
22 272
22 273
22 274
22 275
22 276
22 277
22 278
22 279
22 280
22 281
22 282
22 283
22 284
22 285
22 287
22 288
22 289
22 290
22 291
22 292
22 293
22 294
22 295
22 296
22 297
22 298
22 299
22 300
22 301
22 302
22 303
22 304
22 305
22 306
22 307
22 308
22 309
22 310
22 311
22 312
22 313
22 314
22 316
22 317
22 318
22 319
22 320
22 321
22 322
22 323
22 324
22 325
22 332
22 336
22 366
22 399
22 417
22 419
22 422
22 433
22 444
22 449
22 450
22 452
22 455
22 464
22 482
22 492
22 493
22 502
22 514
22 515
22 517
22 518
22 520
22 521
22 523
22 541
22 542
22 543
22 544
22 545
22 546
22 548
22 551
22 552
22 553
22 554
22 555
22 560
22 562
22 563
22 564
22 565
22 566
22 567
22 569
22 570
22 571
22 572
22 573
22 575
22 576
22 577
22 578
22 579
22 580
22 582
22 583
22 584
22 585
22 586
22 587
22 588
22 589
22 590
22 591
22 592
22 593
22 595
22 596
22 597
22 598
22 599
22 600
22 601
22 603
22 604
22 605
22 606
22 607
22 608
22 609
22 610
22 611
22 613
22 615
22 616
22 617
22 618
22 619
22 620
22 621
22 622
22 623
22 624
22 625
22 626
22 627
22 628
22 629
22 630
22 631
22 632
22 635
22 636
22 637
22 638
22 639
22 640
22 641
22 642
22 643
22 644
22 646
22 648
22 649
22 650
22 651
22 652
22 653
22 654
22 655
22 656
22 657
22 658
22 659
22 661
22 662
22 664
22 665
22 666
22 667
22 668
22 669
22 670
22 672
22 673
22 674
22 675
22 676
22 677
22 678
22 679
22 680
22 681
22 682
22 683
22 685
22 686
22 687
22 688
22 690
22 691
22 692
22 693
22 694
22 695
22 696
22 697
22 698
22 699
22 700
22 701
22 702
22 703
22 706
22 708
22 709
22 711
22 712
22 713
22 714
22 715
22 716
22 717
22 719
22 720
22 721
22 722
22 723
22 724
22 725
22 726
22 727
22 728
22 729
22 730
22 731
22 732
22 734
22 735
22 737
22 738
22 740
22 741
22 742
22 743
22 744
22 745
22 746
22 749
22 750
22 751
22 752
22 753
22 754
22 755
22 756
22 758
22 759
22 760
22 763
22 764
22 765
22 766
22 767
22 768
22 769
22 772
22 774
22 777
22 778
22 780
22 781
22 782
22 783
22 784
22 785
22 787
22 788
22 789
22 790
22 791
22 792
22 793
22 794
22 795
22 796
22 797
22 798
22 799
22 800
22 801
22 802
22 803
22 804
22 805
22 806
22 807
22 811
22 812
22 813
22 815
22 816
22 817
22 819
22 820
22 821
22 824
22 825
22 827
22 828
22 830
22 831
22 832
22 833
22 834
22 835
22 836
22 837
22 838
22 839
22 840
22 841
22 842
22 843
22 844
22 845
22 846
22 847
22 848
22 849
22 850
22 851
22 852
22 853
22 854
22 855
22 856
22 857
22 858
22 859
22 860
22 861
22 862
22 864
22 865
22 866
22 867
22 868
22 869
22 871
22 872
22 873
22 874
22 875
22 876
22 878
22 881
22 883
22 886
22 887
22 898
22 900
22 901
22 902
22 903
22 904
22 905
22 906
22 907
22 908
22 909
22 910
22 911
22 912
22 914
22 915
22 916
22 918
22 921
22 926
22 928
22 930
22 931
22 933
22 937
22 938
22 940
22 941
22 942
22 943
22 944
22 945
22 946
22 947
22 948
22 949
22 950
22 951
22 952
22 953
22 954
22 956
22 957
22 959
22 960
22 963
22 964
22 967
22 969
22 970
22 971
22 972
22 974
22 975
22 976
22 981
22 982
22 984
22 987
22 988
22 991
22 992
22 993
22 996
22 1000
22 1001
22 1004
22 1005
22 1007
22 1009
22 1011
22 1014
22 1015
22 1016
22 1017
22 1018
22 1020
22 1021
22 1022
22 1024
22 1025
22 1026
22 1028
22 1029
22 1030
22 1031
22 1032
22 1034
22 1035
22 1036
22 1039
22 1040
22 1041
22 1042
22 1043
22 1044
22 1045
22 1046
22 1047
22 1048
22 1050
22 1053
22 1055
22 1056
22 1057
22 1059
22 1062
22 1063
22 1065
22 1066
22 1067
22 1072
22 1073
22 1074
22 1075
22 1077
22 1079
22 1080
22 1081
22 1082
22 1083
22 1084
22 1085
22 1086
22 1088
22 1089
22 1090
22 1091
22 1092
22 1093
22 1094
22 1095
22 1096
22 1097
22 1098
22 1099
22 1101
22 1102
22 1103
22 1105
22 1106
22 1108
22 1109
22 1110
22 1111
22 1112
22 1113
22 1114
22 1116
22 1117
22 1119
22 1122
22 1124
22 1125
22 1126
22 1129
22 1130
22 1131
22 1132
22 1133
22 1134
22 1135
22 1136
22 1137
22 1138
22 1140
22 1142
22 1143
22 1144
22 1146
22 1148
22 1149
22 1150
22 1151
22 1152
22 1153
22 1154
22 1155
22 1156
22 1157
22 1158
22 1159
22 1160
22 1161
22 1162
22 1163
22 1164
22 1165
22 1166
22 1167
22 1168
22 1169
22 1170
22 1171
22 1172
22 1173
22 1175
22 1176
22 1177
22 1178
22 1179
22 1180
22 1181
22 1182
22 1183
22 1185
22 1186
22 1187
22 1188
22 1189
22 1190
22 1191
22 1192
22 1194
22 1195
22 1196
22 1197
22 1198
22 1199
22 1200
22 1201
22 1202
22 1203
22 1204
22 1206
22 1207
22 1208
22 1210
22 1211
22 1212
22 1213
22 1214
22 1216
22 1217
22 1218
22 1219
22 1220
22 1221
22 1222
22 1223
22 1224
22 1225
22 1226
22 1227
22 1228
22 1229
22 1230
22 1231
22 1232
22 1233
22 1234
22 1235
22 1236
22 1237
22 1238
22 1239
22 1242
22 1243
22 1244
22 1245
22 1246
22 1247
22 1248
22 1249
22 1250
22 1251
22 1252
22 1253
22 1254
22 1255
22 1256
22 1257
22 1258
22 1259
22 1260
22 1261
22 1262
22 1263
22 1265
22 1266
22 1267
22 1269
22 1271
22 1272
22 1274
22 1275
22 1276
22 1277
22 1280
22 1284
22 1285
22 1286
22 1288
22 1289
22 1291
22 1292
22 1293
22 1294
22 1297
22 1299
22 1300
22 1301
22 1302
22 1303
22 1305
22 1307
22 1308
22 1309
22 1310
22 1311
22 1312
22 1313
22 1314
22 1315
22 1316
22 1321
22 1323
22 1324
22 1325
22 1326
22 1327
22 1333
22 1340
22 1342
22 1347
22 1348
22 1350
22 1352
22 1353
22 1354
22 1356
22 1357
22 1358
22 1368
22 1370
22 1372
22 1375
22 1377
22 1378
22 1380
22 1381
22 1382
22 1383
22 1384
22 1386
22 1387
22 1388
22 1389
22 1390
22 1391
22 1392
22 1393
22 1394
22 1395
22 1396
22 1397
22 1400
22 1401
22 1402
22 1403
22 1404
22 1405
22 1406
22 1407
22 1408
22 1409
22 1410
22 1411
22 1414
22 1415
22 1416
22 1417
22 1418
22 1419
22 1422
22 1423
22 1424
22 1425
22 1426
22 1427
22 1428
22 1429
22 1431
22 1433
22 1434
22 1435
22 1440
22 1441
22 1442
22 1443
22 1445
22 1448
22 1449
22 1450
22 1451
22 1453
22 1455
22 1456
22 1457
22 1458
22 1459
22 1460
22 1461
22 1462
22 1463
22 1464
22 1469
22 1471
22 1473
22 1477
22 1478
22 1481
22 1482
22 1483
22 1484
22 1486
22 1487
22 1488
22 1489
22 1490
22 1491
22 1492
22 1494
22 1497
22 1498
22 1499
22 1500
22 1503
22 1507
22 1510
22 1511
22 1512
22 1514
22 1520
22 1523
22 1525
22 1527
22 1528
22 1529
22 1530
22 1531
22 1532
22 1533
22 1534
22 1535
22 1536
22 1537
22 1539
22 1546
22 1549
22 1550
22 1551
22 1553
22 1554
22 1555
22 1556
22 1557
22 1558
22 1563
22 1564
22 1565
22 1566
22 1567
22 1568
22 1570
22 1571
22 1573
22 1576
22 1579
22 1580
22 1581
22 1582
22 1584
22 1585
22 1588
22 1594
22 1595
22 1596
22 1600
22 1602
22 1604
22 1608
22 1612
22 1613
22 1616
22 1617
22 1618
22 1619
22 1620
22 1621
22 1623
22 1626
22 1627
22 1629
22 1630
22 1631
22 1632
22 1634
22 1635
22 1637
22 1638
22 1639
22 1640
22 1641
22 1642
22 1646
22 1647
22 1648
22 1649
22 1650
22 1652
22 1653
22 1656
22 1657
22 1658
22 1660
22 1661
22 1662
22 1665
22 1667
22 1668
22 1669
22 1670
22 1671
22 1672
22 1674
22 1675
22 1677
22 1679
22 1680
22 1681
22 1682
22 1683
22 1684
22 1685
22 1686
22 1687
22 1688
22 1690
22 1691
22 1692
22 1693
22 1694
22 1695
22 1696
22 1697
22 1698
22 1699
22 1701
22 1703
22 1704
22 1705
22 1706
22 1709
22 1710
22 1713
22 1715
22 1716
22 1717
22 1718
22 1720
22 1721
22 1722
22 1725
22 1726
22 1729
22 1734
22 1737
22 1738
22 1739
22 1740
22 1741
22 1742
22 1743
22 1744
22 1745
22 1747
22 1748
22 1752
22 1753
22 1755
22 1757
22 1758
22 1759
22 1760
22 1762
22 1764
22 1766
22 1768
22 1773
22 1774
22 1775
22 1776
22 1781
22 1782
22 1783
22 1784
22 1786
22 1788
22 1790
22 1791
22 1792
22 1793
22 1794
22 1795
22 1797
22 1801
22 1802
22 1803
22 1805
22 1806
22 1807
22 1810
22 1811
22 1812
22 1813
22 1814
22 1816
22 1818
22 1819
22 1820
22 1821
22 1822
22 1823
22 1826
22 1831
22 1832
22 1833
22 1834
22 1835
22 1836
22 1837
22 1838
22 1839
22 1840
22 1841
22 1842
22 1843
22 1844
22 1847
22 1848
22 1849
22 1851
22 1852
22 1853
22 1855
22 1856
22 1857
22 1858
22 1859
22 1860
22 1865
22 1867
22 1868
22 1870
22 1874
22 1878
22 1880
22 1883
22 1884
22 1888
22 1889
22 1890
22 1891
22 1893
22 1894
22 1895
22 1897
22 1898
22 1902
22 1907
22 1910
22 1911
22 1912
22 1913
22 1916
22 1918
22 1919
22 1920
22 1921
22 1922
22 1925
22 1926
22 1927
22 1928
22 1929
22 1935
22 1936
22 1937
22 1942
22 1947
22 1948
22 1953
22 1954
22 1955
22 1958
22 1959
22 1964
22 1965
22 1967
22 1981
22 1986
22 1987
22 1988
22 1989
22 1991
22 1992
22 1993
22 1994
22 1995
22 1996
22 1997
22 2001
22 2006
22 2008
22 2010
22 2011
22 2013
22 2015
22 2017
22 2019
22 2020
22 2021
22 2027
22 2028
22 2029
22 2030
22 2032
22 2035
22 2036
22 2037
22 2038
22 2039
22 2040
22 2043
22 2044
22 2046
22 2047
22 2048
22 2049
22 2050
22 2051
22 2052
22 2053
22 2054
22 2055
22 2059
22 2060
22 2061
22 2066
22 2068
22 2069
22 2072
22 2073
22 2077
22 2079
22 2081
22 2083
22 2084
22 2091
22 2092
22 2094
22 2095
22 2097
22 2098
22 2100
22 2101
22 2102
22 2104
22 2105
22 2106
22 2108
22 2110
22 2112
22 2116
22 2117
22 2118
22 2119
22 2120
22 2122
22 2127
22 2130
22 2133
22 2134
22 2136
22 2137
22 2139
22 2141
22 2143
22 2145
22 2146
22 2147
22 2148
22 2149
22 2150
22 2151
22 2152
22 2153
22 2154
22 2155
22 2156
22 2157
22 2158
22 2159
22 2160
22 2163
22 2166
22 2167
22 2168
22 2169
22 2172
22 2174
22 2175
22 2176
22 2177
22 2178
22 2179
22 2180
22 2181
22 2182
22 2183
22 2184
22 2185
22 2186
22 2187
22 2189
22 2192
22 2194
22 2197
22 2199
22 2201
22 2202
22 2203
22 2204
22 2206
22 2207
22 2208
22 2209
22 2210
22 2211
22 2213
22 2214
22 2215
22 2219
22 2220
22 2221
22 2222
22 2223
22 2224
22 2225
22 2226
22 2227
22 2228
22 2229
22 2230
22 2231
22 2232
22 2233
22 2234
22 2235
22 2236
22 2237
22 2238
22 2239
22 2240
22 2241
22 2242
22 2244
22 2245
22 2246
22 2247
22 2248
22 2249
22 2250
22 2251
22 2252
22 2254
22 2255
22 2256
22 2257
22 2258
22 2259
22 2264
22 2267
22 2271
22 2272
22 2273
22 2274
22 2280
22 2281
22 2282
22 2283
22 2285
22 2286
22 2287
22 2288
22 2289
22 2290
22 2291
22 2292
22 2293
22 2294
22 2295
22 2297
22 2302
22 2303
22 2304
22 2305
22 2306
22 2311
22 2312
22 2313
22 2315
22 2317
22 2318
22 2320
22 2323
22 2324
22 2326
22 2329
22 2330
22 2331
22 2332
22 2333
22 2334
22 2335
22 2337
22 2339
22 2340
22 2341
22 2342
22 2344
22 2346
22 2350
22 2352
22 2355
22 2356
22 2359
22 2360
22 2361
22 2362
22 2364
22 2366
22 2367
22 2369
22 2371
22 2372
22 2374
22 2375
22 2377
22 2379
22 2380
22 2381
22 2382
22 2383
22 2384
22 2385
22 2389
22 2390
22 2394
22 2395
22 2396
22 2397
22 2398
22 2400
22 2401
22 2402
22 2403
22 2406
22 2419
22 2420
22 2426
22 2427
22 2428
22 2429
22 2430
22 2432
22 2434
22 2435
22 2436
22 2437
22 2438
22 2439
22 2442
22 2443
22 2444
22 2446
22 2447
22 2448
22 2449
22 2450
22 2451
22 2452
22 2453
22 2454
22 2455
22 2456
22 2458
22 2459
22 2460
22 2461
22 2462
22 2463
22 2464
22 2466
22 2467
22 2473
22 2474
22 2476
22 2477
22 2478
22 2479
22 2480
22 2481
22 2482
22 2483
22 2484
22 2485
22 2486
22 2487
22 2488
22 2489
22 2490
22 2491
22 2492
22 2493
22 2494
22 2495
22 2496
22 2499
22 2501
22 2503
22 2504
22 2505
22 2506
22 2507
22 2508
22 2509
22 2510
22 2511
22 2512
22 2513
22 2516
22 2518
22 2520
22 2521
22 2522
22 2523
22 2524
22 2526
22 2527
22 2533
22 2547
22 2548
22 2550
22 2552
22 2555
22 2556
22 2558
22 2561
22 2562
22 2563
22 2565
22 2567
22 2568
22 2571
22 2572
22 2576
22 2578
22 2579
22 2580
22 2581
22 2582
22 2583
22 2584
22 2585
22 2588
22 2590
22 2591
22 2592
22 2593
22 2595
22 2596
22 2598
22 2599
22 2600
22 2601
22 2602
22 2603
22 2604
22 2605
22 2606
22 2607
22 2608
22 2609
22 2611
22 2612
22 2613
22 2615
22 2616
22 2620
22 2625
22 2626
22 2627
22 2628
22 2629
22 2630
22 2634
22 2636
22 2637
22 2642
22 2643
22 2644
22 2645
22 2646
22 2649
22 2650
22 2651
22 2652
22 2653
22 2654
22 2655
22 2656
22 2657
22 2658
22 2659
22 2660
22 2661
22 2662
22 2663
22 2664
22 2665
22 2666
22 2667
22 2668
22 2669
22 2670
22 2671
22 2672
22 2673
22 2674
22 2675
22 2676
22 2677
22 2678
22 2679
22 2680
22 2681
22 2683
22 2684
22 2685
22 2686
22 2687
22 2689
22 2690
22 2691
22 2694
22 2695
22 2696
22 2697
22 2698
22 2699
22 2701
22 2702
22 2703
22 2704
22 2705
22 2707
22 2710
22 2711
22 2715
22 2717
22 2720
22 2721
22 2725
22 2726
22 2727
22 2728
22 2730
22 2731
22 2736
22 2737
22 2740
22 2741
22 2742
22 2743
22 2744
22 2745
22 2747
22 2750
22 2752
22 2753
22 2754
22 2755
22 2756
22 2757
22 2758
22 2759
22 2760
22 2761
22 2768
22 2769
22 2783
22 2784
22 2786
22 2787
22 2788
22 2789
22 2790
22 2791
22 2792
22 2800
22 2801
22 2802
22 2803
22 2804
22 2805
22 2806
22 2807
22 2808
22 2809
22 2810
22 2811
22 2812
22 2813
22 2814
22 2817
22 2818
22 2821
22 2822
22 2823
22 2826
22 2829
22 2831
22 2832
22 2833
22 2834
22 2835
22 2836
22 2838
22 2839
22 2840
22 2841
22 2842
22 2843
22 2844
22 2845
22 2853
22 2854
22 2855
22 2856
22 2859
22 2860
22 2861
22 2862
22 2863
22 2872
22 2873
22 2874
22 2875
22 2876
22 2877
22 2879
22 2880
22 2881
22 2882
22 2883
22 2884
22 2885
22 2886
22 2887
22 2888
22 2890
22 2892
22 2893
22 2894
22 2895
22 2896
22 2899
22 2901
22 2903
22 2904
22 2905
22 2906
22 2907
22 2908
22 2909
22 2912
22 2913
22 2914
22 2916
22 2917
22 2921
22 2925
22 2927
22 2936
22 2938
22 2940
22 2941
22 2942
22 2946
22 2947
22 2948
22 2949
22 2950
22 2951
22 2952
22 2954
22 2956
22 2957
22 2958
22 2961
22 2962
22 2965
22 2966
22 2967
22 2968
22 2969
22 2970
22 2971
22 2972
22 2973
22 2976
22 2978
22 2979
22 2980
22 2983
22 2984
22 2985
22 2986
22 2988
22 2989
22 2994
22 2996
22 2998
22 3000
22 3002
22 3004
22 3005
22 3006
22 3008
22 3010
22 3014
22 3016
22 3018
22 3020
22 3022
22 3026
22 3030
22 3031
22 3035
22 3036
22 3037
22 3038
22 3039
22 3040
22 3041
22 3042
22 3043
22 3044
22 3045
22 3046
22 3047
22 3050
22 3051
22 3052
22 3053
22 3054
22 3055
22 3056
22 3057
22 3058
22 3059
22 3060
22 3061
22 3062
22 3063
22 3064
22 3068
22 3069
22 3074
22 3077
22 3078
22 3079
22 3080
22 3081
22 3082
22 3083
22 3085
22 3086
22 3087
22 3088
22 3089
22 3090
22 3092
22 3093
22 3094
22 3096
22 3097
22 3099
22 3100
22 3102
22 3103
22 3105
22 3108
22 3112
22 3113
22 3116
22 3118
22 3120
22 3122
22 3124
22 3127
22 3128
22 3129
22 3130
22 3133
22 3134
22 3135
22 3136
22 3137
22 3138
22 3140
22 3141
22 3142
22 3143
22 3145
22 3146
22 3148
22 3149
22 3150
22 3151
22 3152
22 3158
22 3159
22 3160
22 3161
22 3162
22 3163
22 3164
22 3165
22 3166
22 3167
22 3177
22 3178
22 3179
22 3180
22 3181
22 3182
22 3183
22 3184
22 3185
22 3186
22 3188
22 3189
22 3190
22 3191
22 3192
22 3193
22 3194
22 3195
22 3196
22 3197
22 3198
22 3199
22 3200
22 3201
22 3202
22 3203
22 3204
22 3205
22 3206
22 3207
22 3213
22 3214
22 3215
22 3216
22 3218
22 3219
22 3220
22 3221
22 3222
22 3228
22 3229
22 3232
22 3233
22 3234
22 3235
22 3236
22 3237
22 3238
22 3239
22 3242
22 3245
22 3246
22 3248
22 3252
22 3254
22 3257
22 3259
22 3261
22 3263
22 3266
22 3268
22 3269
22 3271
22 3272
22 3274
22 3275
22 3276
22 3285
22 3286
22 3287
22 3288
22 3289
22 3290
22 3291
22 3292
22 3293
22 3300
22 3301
22 3302
22 3303
22 3304
22 3306
22 3308
22 3309
22 3311
22 3313
22 3315
22 3317
22 3319
22 3320
22 3327
22 3328
22 3329
22 3330
22 3331
22 3332
22 3333
22 3335
22 3341
22 3342
22 3343
22 3344
22 3350
22 3355
22 3357
22 3358
22 3359
22 3360
22 3361
22 3363
22 3364
22 3369
22 3370
22 3371
22 3372
22 3373
22 3375
22 3376
22 3377
22 3378
22 3379
22 3380
22 3381
22 3382
22 3384
22 3386
22 3388
22 3390
22 3392
22 3395
22 3397
22 3401
22 3402
22 3403
22 3405
22 3407
22 3408
22 3409
22 3411
22 3413
22 3416
22 3422
22 3423
22 3430
22 3431
22 3433
22 3436
22 3437
22 3438
22 3440
22 3443
22 3448
22 3449
22 3453
22 3455
22 3461
22 3463
22 3464
22 3465
22 3466
22 3467
22 3468
22 3469
22 3470
22 3472
22 3473
22 3474
22 3477
22 3478
22 3479
22 3481
22 3483
22 3486
22 3487
22 3488
22 3489
22 3490
22 3491
22 3492
22 3493
22 3494
22 3495
22 3496
22 3497
22 3498
22 3499
22 3500
22 3501
22 3502
22 3503
22 3504
22 3505
22 3506
22 3507
22 3508
22 3509
22 3510
22 3511
22 3512
22 3513
22 3514
22 3515
22 3516
22 3517
22 3518
22 3519
22 3520
22 3521
22 3522
22 3524
22 3529
22 3530
22 3532
22 3533
22 3534
22 3535
22 3536
22 3538
22 3539
22 3540
22 3542
22 3544
22 3546
22 3556
22 3560
22 3561
22 3562
22 3568
22 3571
22 3573
22 3574
22 3579
22 3581
22 3582
22 3583
22 3584
22 3585
22 3588
22 3590
22 3592
22 3594
22 3597
22 3599
22 3602
22 3604
22 3606
22 3607
22 3610
22 3612
22 3614
22 3616
22 3618
22 3620
22 3621
22 3628
22 3632
22 3633
22 3634
22 3636
22 3638
22 3639
22 3641
22 3643
22 3650
22 3651
22 3652
22 3653
22 3657
22 3658
22 3659
22 3661
22 3662
22 3663
22 3664
22 3665
22 3666
22 3667
22 3668
22 3672
22 3676
22 3697
22 3699
22 3700
22 3701
22 3702
22 3704
22 3705
22 3706
22 3710
22 3715
22 3720
22 3723
22 3724
22 3730
22 3732
22 3738
22 3739
22 3740
22 3741
22 3742
22 3743
22 3744
22 3745
22 3746
22 3748
22 3749
22 3750
22 3751
22 3755
22 3756
22 3758
22 3762
22 3765
22 3768
22 3769
22 3771
22 3772
22 3773
22 3774
22 3775
22 3776
22 3779
22 3781
22 3785
22 3787
22 3789
22 3791
22 3792
22 3795
22 3797
22 3798
22 3800
22 3802
22 3803
22 3804
22 3805
22 3806
22 3807
22 3808
22 3809
22 3810
22 3811
22 3812
22 3813
22 3815
22 3824
22 3827
22 3828
22 3831
22 3839
22 3844
22 3845
22 3847
22 3851
22 3852
22 3853
22 3855
22 3859
22 3862
22 3863
22 3864
22 3865
22 3866
22 3867
22 3868
22 3869
22 3870
22 3877
22 3884
22 3885
22 3886
22 3888
22 3889
22 3890
22 3891
22 3892
22 3893
22 3894
22 3895
22 3896
22 3897
22 3898
22 3899
22 3900
22 3903
22 3904
22 3905
22 3907
22 3908
22 3909
22 3910
22 3912
22 3913
22 3914
22 3916
22 3917
22 3918
22 3919
22 3920
22 3921
22 3924
22 3927
22 3928
22 3929
22 3930
22 3931
22 3932
22 3934
22 3935
22 3936
22 3937
22 3938
22 3939
22 3940
22 3941
22 3942
22 3945
22 3946
22 3947
22 3948
22 3949
22 3950
22 3951
22 3952
22 3953
22 3955
22 3956
22 3958
22 3959
22 3960
22 3961
22 3962
22 3963
22 3964
22 3965
22 3966
22 3967
22 3968
22 3969
22 3970
22 3972
22 3973
22 3974
22 3975
22 3976
22 3978
22 3986
22 3988
22 3989
22 3992
22 3994
22 3996
22 3997
22 3998
22 3999
22 4002
22 4003
22 4004
22 4005
22 4006
22 4007
22 4008
22 4009
22 4010
22 4012
22 4013
22 4015
22 4016
22 4017
22 4018
22 4019
22 4021
22 4024
22 4026
22 4028
22 4029
22 4031
22 4034
22 4036
22 4037
22 4038
22 4039
22 4040
22 4041
22 4042
22 4043
22 4044
22 4045
22 4046
22 4047
22 4048
22 4050
22 4051
22 4053
22 4054
22 4055
22 4056
22 4057
22 4058
22 4060
22 4061
22 4062
22 4063
22 4064
22 4065
22 4066
22 4067
22 4068
22 4069
22 4070
22 4073
22 4074
22 4075
22 4076
22 4077
22 4078
22 4079
22 4080
22 4082
22 4083
22 4084
22 4089
22 4091
22 4093
22 4094
22 4095
22 4099
22 4101
22 4102
22 4104
22 4105
22 4106
22 4107
22 4108
22 4109
22 4110
22 4111
22 4112
22 4113
22 4114
22 4115
22 4116
22 4117
22 4118
22 4119
22 4120
22 4121
22 4122
22 4123
22 4126
22 4127
22 4130
22 4131
22 4132
22 4133
22 4134
22 4135
22 4137
22 4140
22 4144
22 4145
22 4147
22 4149
22 4152
22 4153
22 4154
22 4155
22 4156
22 4159
22 4174
22 4177
22 4179
22 4181
22 4187
22 4188
22 4197
22 4199
22 4201
22 4203
22 4204
22 4205
22 4206
22 4212
22 4214
22 4217
22 4218
22 4219
22 4220
22 4221
22 4224
22 4225
22 4226
22 4227
22 4228
22 4230
22 4231
22 4233
22 4234
22 4238
22 4241
22 4242
22 4243
22 4244
22 4245
22 4246
22 4249
22 4251
22 4254
22 4261
22 4263
22 4264
22 4265
22 4268
22 4269
22 4270
22 4276
22 4278
22 4279
22 4281
22 4282
22 4283
22 4284
22 4285
22 4286
22 4287
22 4288
22 4289
22 4290
22 4291
22 4292
22 4293
22 4294
22 4295
22 4303
22 4304
22 4306
22 4307
22 4308
22 4309
22 4310
22 4311
22 4312
22 4313
22 4314
22 4315
22 4316
22 4317
22 4318
22 4319
22 4320
22 4321
22 4322
22 4323
22 4324
22 4327
22 4329
22 4330
22 4332
22 4333
22 4334
22 4335
22 4336
22 4337
22 4338
22 4339
22 4340
22 4341
22 4342
22 4344
22 4345
22 4346
22 4347
22 4348
22 4349
22 4352
22 4353
22 4354
22 4355
22 4356
22 4357
22 4371
22 4374
22 4381
22 4382
22 4385
22 4386
22 4388
22 4389
22 4390
22 4392
22 4398
22 4399
22 4400
22 4406
22 4416
22 4417
22 4418
22 4436
22 4437
22 4438
22 4439
22 4440
22 4442
22 4443
22 4445
22 4446
22 4447
22 4455
22 4456
22 4457
22 4460
22 4462
22 4463
22 4464
22 4465
22 4466
22 4467
22 4468
22 4469
22 4470
22 4471
22 4472
22 4473
22 4474
22 4475
22 4484
22 4485
22 4494
22 4511
22 4512
22 4549
22 4552
22 4555
22 4557
22 4581
22 4590
22 4592
22 4593
22 4595
22 4597
22 4598
22 4604
22 4605
22 4606
22 4609
22 4610
22 4611
22 4612
22 4613
22 4614
22 4615
22 4616
22 4617
22 4618
22 4619
22 4620
22 4621
22 4623
22 4637
22 4639
22 4640
22 4641
22 4642
22 4643
22 4644
22 4645
22 4656
22 4659
22 4661
22 4663
22 4665
22 4668
22 4669
22 4674
22 4675
22 4676
22 4680
22 4681
22 4682
22 4731
22 4749
22 4750
22 4756
22 4757
22 4758
22 4759
22 4760
22 4772
22 4787
22 4788
22 4789
22 4790
22 4792
22 4794
22 4798
22 4799
22 4800
22 4801
22 4802
22 4803
22 4804
22 4805
22 4807
22 4808
22 4809
22 4811
22 4814
22 4815
22 4818
22 4819
22 7522
22 7528
22 7535
22 7537
22 7544
22 7548
22 7553
22 7554
22 7558
22 7560
22 7561
22 7562
22 7568
22 7570
22 7573
22 7579
22 7580
22 7581
22 7584
22 7590
22 7593
22 7594
22 7596
22 7597
22 7598
22 7601
22 7603
22 7604
22 7617
22 7627
22 7628
22 7629
22 7630
22 7632
22 7636
22 7638
22 7639
22 7641
22 7643
22 7645
22 7650
22 7654
22 7657
22 7662
22 7663
22 7664
22 7674
22 7675
22 7679
22 7680
22 7681
22 7683
22 7685
22 7686
22 7699
22 7701
22 7706
22 7717
22 7718
22 7720
22 7721
22 7723
22 7738
22 7739
22 7741
22 7747
22 7749
22 7750
22 7757
22 7759
22 7760
22 7763
22 7764
22 7766
22 7767
22 7769
22 7770
22 7771
22 7772
22 7773
22 7774
22 7775
22 7776
22 7777
22 7778
22 7779
22 7780
22 7787
22 7788
22 7861
22 7866
22 7871
22 7874
22 7880
22 7881
22 7882
22 7883
22 7885
22 7888
22 7889
22 7895
22 7896
22 7897
22 7902
22 7903
22 7904
22 7910
22 7916
22 7917
22 7948
22 7959
22 7961
22 7965
22 7971
22 7972
22 7982
22 7983
22 7987
22 7991
22 8000
22 8003
22 8008
22 8009
22 8010
22 8011
22 8016
22 8018
22 8024
22 8025
22 8026
22 8027
22 8032
22 8039
22 8044
22 8045
22 8047
22 8053
22 8059
22 8061
22 8062
22 8064
22 8069
22 8085
22 8089
22 8115
22 8116
22 8119
22 8122
22 8123
22 8124
22 8125
22 8127
22 8135
22 8136
22 8153
22 8154
22 8155
22 8157
22 8158
22 8167
22 8189
22 8191
22 8215
22 8223
22 8224
22 8225
22 8226
22 8229
22 8231
22 8238
22 8242
22 8243
22 8247
22 8249
22 8252
22 8262
22 8263
22 8266
22 8267
22 8268
22 8272
22 8273
22 8276
22 8277
22 8278
22 8281
22 8291
22 8292
22 8293
22 8306
22 8307
22 8309
22 8313
22 8322
22 8323
22 8324
22 8325
22 8332
22 8333
22 8334
22 8335
22 8339
22 8340
22 8341
22 8342
22 8343
22 8344
22 8345
22 8346
22 8347
22 8348
22 8349
22 8351
22 8352
22 8354
22 8355
22 8356
22 8357
22 8359
22 8360
22 8363
22 8368
22 8374
22 8376
22 8377
22 8378
22 8379
22 8380
22 8381
22 8382
22 8383
22 8384
22 8385
22 8386
22 8387
22 8388
22 8389
22 8390
22 8391
22 8392
22 8393
22 8394
22 8395
22 8396
22 8397
22 8398
22 8399
22 8400
22 8403
22 8404
22 8405
22 8406
22 8410
22 8415
22 8416
22 8417
22 8418
22 8420
22 8424
22 8426
22 8427
22 8432
22 8436
22 8438
22 8439
22 8441
22 8442
22 8443
22 8449
22 8451
22 8454
22 8457
22 8462
22 8463
22 8465
22 8466
22 8467
22 8468
22 8469
22 8470
22 8471
22 8472
22 8473
22 8476
22 8478
22 8483
22 8484
22 8486
22 8487
22 8492
22 8493
22 8500
22 8502
22 8504
22 8506
22 8511
22 8513
22 8520
22 8523
22 8524
22 8527
22 8528
22 8530
22 8531
22 8532
22 8533
22 8535
22 8537
22 8539
22 8545
22 8548
22 8549
22 8552
22 8553
22 8555
22 8557
22 8558
22 8560
22 8565
22 8568
22 8572
22 8578
22 8579
22 8581
22 8585
22 8586
22 8587
22 8588
22 8590
22 8593
22 8594
22 8596
22 8598
22 8599
22 8600
22 8601
22 8602
22 8603
22 8604
22 8605
22 8612
22 8615
22 8616
22 8617
22 8618
22 8620
22 8623
22 8624
22 8626
22 8628
22 8629
22 8632
22 8634
22 8635
22 8637
22 8638
22 8641
22 8643
22 8648
22 8649
22 8652
22 8653
22 8657
22 8659
22 8664
22 8666
22 8669
22 8671
22 8673
22 8674
22 8675
22 8678
22 8679
22 8684
22 8686
22 8690
22 8691
22 8692
22 8699
22 8701
22 8704
22 8705
22 8706
22 8710
22 8712
22 8719
22 8720
22 8721
22 8722
22 8725
22 8727
22 8731
22 8733
22 8737
22 8744
22 8745
22 8769
22 8776
22 8787
22 8823
22 8835
22 8839
22 8840
22 8842
22 8847
22 8864
22 8866
22 8870
22 8874
22 8883
22 8884
22 8889
22 8890
22 8898
22 8899
22 8900
22 8902
22 8903
22 8906
22 8907
22 8908
22 8912
22 8914
22 8933
22 8953
22 8964
22 8965
22 8966
22 8967
22 8968
22 8973
22 8976
22 8978
22 8980
22 8982
22 8985
22 8994
22 8998
22 8999
22 9000
22 9006
22 9026
22 9034
22 9035
22 9037
22 9038
22 9040
22 9041
22 9050
22 9052
22 9053
22 9054
22 9059
22 9064
22 9065
22 9067
22 9068
22 9069
22 9070
22 9071
22 9074
22 9077
22 9078
22 9081
22 9083
22 9084
22 9086
22 9092
22 9119
22 9123
22 9126
22 9134
22 9135
22 9136
22 9137
22 9138
22 9139
22 9140
22 9142
22 9143
22 9144
22 9147
22 9149
22 9150
22 9151
22 9154
22 9155
22 9157
22 9159
22 9161
22 9164
22 9165
22 9166
22 9167
22 9168
22 9169
22 9170
22 9171
22 9172
22 9176
22 9178
22 9179
22 9181
22 9182
22 9184
22 9185
22 9187
22 9189
22 9191
22 9192
22 9193
22 9194
22 9197
22 9203
22 9204
22 9205
22 9206
22 9213
22 9231
22 9232
22 9234
22 9236
22 9239
22 9243
22 9244
22 9245
22 9246
22 9260
22 9268
22 9272
22 9273
22 9274
22 9275
22 9276
22 9277
22 9278
22 9280
22 9281
22 9282
22 9284
22 9285
22 9286
22 9287
22 9288
22 9291
22 9292
22 9293
22 9294
22 9295
22 9299
22 9303
22 9304
22 9305
22 9306
22 9308
22 9309
22 9310
22 9311
22 9312
22 9313
22 9314
22 9317
22 9318
22 9319
22 9320
22 9321
22 9323
22 9324
22 9325
22 9326
22 9327
22 9328
22 9329
22 9330
22 9331
22 9333
22 9334
22 9335
22 9336
22 9337
22 9338
22 9339
22 9340
22 9341
22 9343
22 9344
22 9345
22 9350
22 9352
22 9353
22 9354
22 9355
22 9356
22 9357
22 9358
22 9359
22 9360
22 9361
22 9362
22 9364
22 9365
22 9367
22 9368
22 9369
22 9370
22 9371
22 9372
22 9373
22 9374
22 9375
22 9376
22 9377
22 9378
22 9379
22 9380
22 9381
22 9382
22 9383
22 9384
22 9385
22 9386
22 9387
22 9388
22 9389
22 9390
22 9391
22 9392
22 9393
22 9394
22 9395
22 9396
22 9397
22 9398
22 9399
22 9400
22 9401
22 9402
22 9403
22 9404
22 9406
22 9407
22 9410
22 9411
22 9412
22 9413
22 9414
22 9415
22 9416
22 9417
22 9418
22 9419
22 9420
22 9422
22 9423
22 9424
22 9425
22 9426
22 9429
22 9430
22 9431
22 9432
22 9433
22 9434
22 9435
22 9436
22 9438
22 9439
22 9440
22 9441
22 9442
22 9443
22 9444
22 9445
22 9446
22 9447
22 9448
22 9449
22 9450
22 9451
22 9452
22 9453
22 9454
22 9455
22 9456
22 9457
22 9458
22 9459
22 9460
22 9461
22 9462
22 9463
22 9464
22 9465
22 9466
22 9467
22 9468
22 9469
22 9470
22 9471
22 9472
22 9473
22 9474
22 9475
22 9476
22 9477
22 9479
22 9480
22 9481
22 9482
22 9483
22 9484
22 9485
22 9486
22 9487
22 9488
22 9489
22 9490
22 9491
22 9492
22 9493
22 9494
22 9497
22 9498
22 9499
22 9500
22 9504
22 9505
22 9506
22 9508
22 9509
22 9510
22 9511
22 9514
22 9516
22 9517
22 9519
22 9520
22 9522
22 9523
22 9524
22 9527
22 9528
22 9529
22 9530
22 9532
22 9533
22 9535
22 9536
22 9538
22 9539
22 9540
22 9541
22 9542
22 9550
22 9555
22 9556
22 9557
22 9558
22 9559
22 9560
22 9563
22 9564
22 9565
22 9566
22 9567
22 9570
22 9572
22 9573
22 9574
22 9575
22 9576
22 9579
22 9580
22 9581
22 9582
22 9583
22 9584
22 9585
22 9588
22 9589
22 9593
22 9594
22 9597
22 9598
22 9599
22 9602
22 9603
22 9606
22 9607
22 9608
22 9609
22 9610
22 9611
22 9612
22 9613
22 9614
22 9615
22 9616
22 9618
22 9619
22 9620
22 9621
22 9627
22 9628
22 9629
22 9630
22 9632
22 9633
22 9634
22 9635
22 9636
22 9637
22 9638
22 9639
22 9640
22 9641
22 9642
22 9643
22 9644
22 9645
22 9646
22 9647
22 9648
22 9649
22 9650
22 9651
22 9652
22 9653
22 9654
22 9655
22 9656
22 9657
22 9658
22 9659
22 9660
22 9661
22 9662
22 9663
22 9664
22 9665
22 9666
22 9667
22 9668
22 9669
22 9670
22 9671
22 9672
22 9673
22 9674
22 9675
22 9676
22 9677
22 9678
22 9679
22 9680
22 9681
22 9682
22 9683
22 9684
22 9685
22 9686
22 9687
22 9688
22 9689
22 9690
22 9691
22 9692
22 9693
22 9694
22 9695
22 9696
22 9697
22 9698
22 9699
22 9700
22 9701
22 9702
22 9703
22 9704
22 9705
22 9706
22 9707
22 9708
22 9709
22 9710
22 9711
22 9712
22 9713
22 9714
22 9715
22 9716
22 9717
22 9719
22 9720
22 9721
22 9722
22 9723
22 9724
22 9726
22 9727
22 9729
22 9730
22 9731
22 9732
22 9733
22 9734
22 9735
22 9736
22 9738
22 9739
22 9741
22 9742
22 9743
22 9744
22 9745
22 9746
22 9747
22 9748
22 9749
22 9750
22 9752
22 9753
22 9754
22 9756
22 9757
22 9760
22 9762
22 9765
22 9767
22 9768
22 9772
22 9773
22 9774
22 9776
22 9777
22 9779
22 9780
22 9781
22 9782
22 9783
22 9787
22 9791
22 9792
22 9793
22 9794
22 9795
22 9797
22 9798
22 9800
22 9802
22 9803
22 9804
22 9805
22 9806
22 9807
22 9808
22 9809
22 9811
22 9813
22 9814
22 9815
22 9816
22 9817
22 9818
22 9819
22 9820
22 9821
22 9824
22 9825
22 9826
22 9827
22 9828
22 9829
22 9830
22 9831
22 9832
22 9833
22 9834
22 9835
22 9836
22 9837
22 9838
22 9839
22 9840
22 9841
22 9842
22 9843
22 9844
22 9845
22 9846
22 9847
22 9848
22 9849
22 9850
22 9851
22 9852
22 9853
22 9854
22 9855
22 9856
22 9857
22 9858
22 9859
22 9860
22 9861
22 9862
22 9863
22 9864
22 9865
22 9866
22 9867
22 9868
22 9869
22 9870
22 9871
22 9872
22 9873
22 9874
22 9875
22 9876
22 9877
22 9878
22 9879
22 9881
22 9882
22 9883
22 9884
22 9885
22 9886
22 9887
22 9888
22 9890
22 9891
22 9892
22 9893
22 9894
22 9895
22 9896
22 9897
22 9898
22 9899
22 9900
22 9901
22 9902
22 9903
22 9904
22 9905
22 9906
22 9907
22 9908
22 9910
22 9911
22 9912
22 9913
22 9914
22 9915
22 9916
22 9917
22 9918
22 9919
22 9921
22 9922
22 9923
22 9924
22 9925
22 9926
22 9927
22 9928
22 9929
22 9930
22 9931
22 9933
22 9935
22 9936
22 9937
22 9938
22 9939
22 9940
22 9941
22 9942
22 9943
22 9945
22 9946
22 9947
22 9948
22 9949
22 9950
22 9951
22 9953
22 9955
22 9958
22 9962
22 9964
22 9965
22 9967
22 9968
22 9969
22 9970
22 9971
22 9972
22 9973
22 9974
22 9975
22 9976
22 9977
22 9978
22 9979
22 9980
22 9981
22 9982
22 9984
22 9987
22 9988
22 9989
22 9990
22 9991
22 9992
22 9993
22 9994
22 9995
22 9996
22 9997
22 9999
22 10000
22 10002
22 10003
22 10005
22 10006
22 10007
22 10008
22 10009
22 10010
22 10011
22 10012
22 10013
22 10014
22 10015
22 10016
22 10017
22 10018
22 10019
22 10020
22 10024
22 10025
22 10026
22 10027
22 10030
22 10031
22 10032
22 10033
22 10035
22 10036
22 10037
22 10038
22 10039
22 10040
22 10041
22 10042
22 10043
22 10044
22 10045
22 10046
22 10047
22 10048
22 10049
22 10050
22 10051
22 10052
22 10053
22 10054
22 10055
22 10056
22 10057
22 10058
22 10059
22 10060
22 10061
22 10062
22 10063
22 10064
22 10065
22 10066
22 10067
22 10068
22 10069
22 10070
22 10071
22 10072
22 10073
22 10074
22 10075
22 10076
22 10077
22 10078
22 10079
22 10080
22 10081
22 10082
22 10083
22 10084
22 10085
22 10086
22 10087
22 10088
22 10089
22 10090
22 10091
22 10092
22 10093
22 10094
22 10098
22 10099
22 10100
22 10101
22 10102
22 10103
22 10104
22 10106
22 10107
22 10109
22 10110
22 10112
22 10113
22 10114
22 10115
22 10116
22 10117
22 10118
22 10119
22 10120
22 10121
22 10122
22 10123
22 10124
22 10125
22 10126
22 10127
22 10128
22 10130
22 10131
22 10132
22 10133
22 10134
22 10135
22 10136
22 10137
22 10141
22 10142
22 10143
22 10144
22 10145
22 10146
22 10147
22 10148
22 10149
22 10150
22 10151
22 10152
22 10153
22 10154
22 10155
22 10157
22 10158
22 10159
22 10160
22 10161
22 10162
22 10163
22 10164
22 10165
22 10166
22 10167
22 10168
22 10169
22 10170
22 10171
22 10172
22 10173
22 10174
22 10175
22 10176
22 10177
22 10178
22 10179
22 10180
22 10181
22 10182
22 10183
22 10184
22 10185
22 10186
22 10187
22 10188
22 10189
22 10190
22 10191
22 10192
22 10193
22 10194
22 10195
22 10196
22 10197
22 10198
22 10199
22 10200
22 10201
22 10202
22 10203
22 10204
22 10205
22 10206
22 10207
22 10208
22 10209
22 10210
22 10211
22 10212
22 10213
22 10214
22 10215
22 10216
22 10217
22 10218
22 10219
22 10222
22 10223
22 10224
22 10225
22 10226
22 10227
22 10228
22 10229
22 10230
22 10231
22 10232
22 10233
22 10234
22 10235
22 10236
22 10237
22 10238
22 10239
22 10240
22 10241
22 10242
22 10243
22 10244
22 10245
22 10246
22 10247
22 10248
22 10249
22 10250
22 10251
22 10252
22 10253
22 10254
22 10255
22 10256
22 10257
22 10258
22 10259
22 10260
22 10261
22 10262
22 10263
22 10264
22 10265
22 10266
22 10267
22 10268
22 10269
22 10270
22 10271
22 10272
22 10273
22 10274
22 10275
22 10276
22 10277
22 10278
22 10279
22 10280
22 10281
22 10282
22 10283
22 10284
22 10285
22 10286
22 10287
22 10288
22 10289
22 10290
22 10291
22 10292
22 10293
22 10294
22 10295
22 10296
22 10297
22 10298
22 10299
22 10300
22 10301
22 10302
22 10303
22 10304
22 10305
22 10306
22 10307
22 10308
22 10309
22 10310
22 10311
22 10312
22 10313
22 10314
22 10315
22 10316
22 10317
22 10318
22 10319
22 10320
22 10321
22 10322
22 10323
22 10324
22 10325
22 10326
22 10327
22 10328
22 10329
22 10330
22 10331
22 10332
22 10333
22 10334
22 10335
22 10336
22 10337
22 10338
22 10339
22 10340
22 10341
22 10342
22 10343
22 10344
22 10345
22 10346
22 10347
22 10348
22 10349
22 10350
22 10351
22 10352
22 10353
22 10355
22 10357
22 10358
22 10359
22 10360
22 10362
22 10363
22 10364
22 10365
22 10366
22 10367
22 10368
22 10369
22 10370
22 10371
22 10372
22 10373
22 10374
22 10375
22 10376
22 10379
22 10383
22 10384
22 10385
22 10386
22 10387
22 10388
22 10389
22 10390
22 10391
22 10392
22 10393
22 10394
22 10395
22 10396
22 10397
22 10398
22 10399
22 10400
22 10401
22 10402
22 10403
22 10404
22 10405
22 10406
22 10407
22 10408
22 10409
22 10410
22 10411
22 10412
22 10413
22 10414
22 10415
22 10416
22 10417
22 10418
22 10419
22 10420
22 10421
22 10422
22 10423
22 10424
22 10425
22 10426
22 10428
22 10429
22 10430
22 10431
22 10432
22 10433
22 10434
22 10435
22 10436
22 10437
22 10438
22 10439
22 10445
22 10446
22 10449
22 10451
22 10452
22 10453
22 10454
22 10455
22 10456
22 10457
22 10463
22 10464
22 10465
22 10467
22 10468
22 10469
22 10471
22 10472
22 10473
22 10476
22 10478
22 10481
22 12881
22 12885
22 12890
22 12932
22 12939
22 12946
22 13002
22 13026
22 13071
22 13102
22 13112
22 13113
22 13145
22 13198
22 13282
22 13333
22 13351
22 13444
22 13457
22 13460
22 13479
22 13518
22 13554
22 13584
22 13587
22 13658
22 13701
22 13729
22 13820
22 13941
22 13978
22 13995
22 14015
22 14018
22 14038
22 14048
22 14050
22 14056
22 14063
22 14087
22 14114
22 14138
22 14164
22 14194
22 14220
22 14287
22 14314
22 14326
22 14372
22 14380
22 14425
22 14431
22 14475
22 14477
22 14528
22 14538
22 14541
22 14542
22 14543
22 14544
22 14545
22 14546
22 14547
22 14548
22 14549
22 14550
22 14551
22 14552
22 14554
22 14555
22 14556
22 14557
22 14558
22 14559
22 14565
22 14566
22 14568
22 14569
22 14570
22 14571
22 14572
22 14573
22 14574
22 14575
22 14576
22 14577
22 14581
22 14585
22 14586
22 14587
22 14588
22 14589
22 14590
22 14591
22 14592
22 14593
22 14594
22 14595
22 14596
22 14597
22 14599
22 14600
22 14601
22 14602
22 14603
22 14604
22 14605
22 14606
22 14608
22 14609
22 14610
22 14611
22 14612
22 14613
22 14615
22 14617
22 14618
22 14619
22 14620
22 14621
22 14622
22 14624
22 14625
22 14626
22 14628
22 14631
22 14632
22 14633
22 14634
22 14635
22 14636
22 14637
22 14638
22 14640
22 14641
22 14642
22 14644
22 14645
22 14646
22 14647
22 14656
22 14657
22 14658
22 14659
22 14660
22 14661
22 14662
22 14663
22 14664
22 14665
22 14666
22 14667
22 14668
22 14669
22 14670
22 14671
22 14672
22 14673
22 14674
22 14675
22 14676
22 14677
22 14678
22 14679
22 14680
22 14681
22 14682
22 14683
22 14684
22 14685
22 14686
22 14687
22 14688
22 14689
22 14690
22 14691
22 14692
22 14693
22 14694
22 14695
22 14696
22 14697
22 14698
22 14699
22 14700
22 14701
22 14702
22 14703
22 14704
22 14705
22 14706
22 14707
22 14708
22 14709
22 14710
22 14711
22 14712
22 14713
22 14714
22 14715
22 14716
22 14717
22 14718
22 14719
22 14720
22 14721
22 14722
22 14723
22 14724
22 14725
22 14726
22 14727
22 14728
22 14729
22 14730
22 14731
22 14732
22 14733
22 14734
22 14735
22 14736
22 14737
22 14738
22 14739
22 14740
22 14741
22 14742
22 14743
22 14744
22 14745
22 14746
22 14747
22 14748
22 14749
22 14750
22 14751
22 14752
22 14753
22 14755
22 14756
22 14757
22 14758
22 14759
22 14760
22 14761
22 14762
22 14763
22 14764
22 14765
22 14766
22 14767
22 14768
22 14769
22 14770
22 14771
22 14772
22 14773
22 14774
22 14775
22 14776
22 14777
22 14778
22 14779
22 14780
22 14781
22 14782
22 14783
22 14784
22 14785
22 14786
22 14787
22 14788
22 14789
22 14790
22 14791
22 14792
22 14793
22 14794
22 14795
22 14796
22 14797
22 14798
22 14799
22 14800
22 14801
22 14802
22 14803
22 14804
22 14805
22 14806
22 14807
22 14808
22 14809
22 14810
22 14811
22 14813
22 14814
22 14815
22 14817
22 14818
22 14819
22 14820
22 14821
22 14822
22 14825
22 14830
22 14831
22 14832
22 14835
22 14836
22 14837
22 14838
22 14839
22 14844
22 14845
22 14847
22 14848
22 14849
22 14850
22 14851
22 14852
22 14853
22 14854
22 14855
22 14856
22 14857
22 14858
22 14859
22 14860
22 14861
22 14862
22 14863
22 14864
22 14865
22 14866
22 14867
22 14868
22 14869
22 14870
22 14871
22 14872
22 14873
22 14874
22 14875
22 14876
22 14877
22 14878
22 14879
22 14880
22 14881
22 14882
22 14883
22 14884
22 14885
22 14886
22 14887
22 14888
22 14889
22 14890
22 14891
22 14892
22 14893
22 14894
22 14897
22 14899
22 14900
22 14901
22 14902
22 14903
22 14904
22 14905
22 14906
22 14907
22 14908
22 14909
22 14910
22 14911
22 14912
22 14913
22 14914
22 14915
22 14916
22 14917
22 14918
22 14919
22 14920
22 14921
22 14922
22 14923
22 14924
22 14925
22 14926
22 14927
22 14928
22 14929
22 14930
22 14931
22 14933
22 14934
22 14935
22 14936
22 14937
22 14938
22 14939
22 14940
22 14941
22 14942
22 14943
22 14944
22 14945
22 14946
22 14947
22 14948
22 14949
22 14950
22 14951
22 14952
22 14953
22 14954
22 14955
22 14956
22 14957
22 14958
22 14959
22 14960
22 14961
22 14962
22 14963
22 14964
22 14965
22 14966
22 14967
22 14968
22 14969
22 14970
22 14971
22 14972
22 14973
22 14974
22 14975
22 14976
22 14977
22 14978
22 14979
22 14980
22 14981
22 14982
22 14983
22 14984
22 14985
22 14986
22 14987
22 14989
22 14990
22 14991
22 14992
22 14993
22 14994
22 14995
22 14996
22 14997
22 14998
22 14999
22 15000
22 15001
22 15002
22 15003
22 15004
22 15005
22 15006
22 15007
22 15008
22 15009
22 15010
22 15011
22 15012
22 15013
22 15014
22 15015
22 15016
22 15017
22 15019
22 15020
22 15021
22 15022
22 15023
22 15024
22 15025
22 15026
22 15027
22 15028
22 15029
22 15030
22 15031
22 15032
22 15033
22 15034
22 15035
22 15036
22 15037
22 15038
22 15039
22 15040
22 15041
22 15042
22 15043
22 15044
22 15045
22 15046
22 15047
22 15048
22 15049
22 15050
22 15051
22 15052
22 15053
22 15054
22 15055
22 15056
22 15057
22 15058
22 15059
22 15060
22 15061
22 15062
22 15063
22 15064
22 15066
22 15067
22 15069
22 15070
22 15071
22 15072
22 15073
22 15074
22 15075
22 15076
22 15077
22 15078
22 15079
22 15080
22 15081
22 15082
22 15083
22 15084
22 15085
22 15086
22 15087
22 15088
22 15089
22 15090
22 15091
22 15092
22 15093
22 15094
22 15095
22 15096
22 15097
22 15098
22 15099
22 15100
22 15101
22 15102
22 15103
22 15104
22 15106
22 15107
22 15108
22 15109
22 15110
22 15111
22 15112
22 15113
22 15114
22 15115
22 15116
22 15117
22 15118
22 15119
22 15120
22 15121
22 15122
22 15123
22 15124
22 15125
22 15126
22 15127
22 15128
22 15129
22 15130
22 15131
22 15132
22 15133
22 15134
22 15135
22 15136
22 15137
22 15138
22 15139
22 15140
22 15141
22 15142
22 15143
22 15144
22 15145
22 15146
22 15147
22 15148
22 15149
22 15150
22 15151
22 15152
22 15153
22 15154
22 15155
22 15156
22 15157
22 15158
22 15159
22 15160
22 15161
22 15162
22 15163
22 15164
22 15165
22 15166
22 15167
22 15168
22 15169
22 15170
22 15171
22 15172
22 15173
22 15174
22 15175
22 15176
22 15177
22 15178
22 15179
22 15180
22 15181
22 15182
22 15183
22 15184
22 15185
22 15186
22 15187
22 15188
22 15189
22 15190
22 15191
22 15192
22 15193
22 15194
22 15195
22 15196
22 15197
22 15200
22 15201
22 15202
22 15203
22 15205
22 15206
22 15207
22 15208
22 15209
22 15210
22 15211
22 15212
22 15215
22 15217
22 15218
22 15219
22 15220
22 15221
22 15222
22 15223
22 15224
22 15225
22 15227
22 15228
22 15229
22 15230
22 15231
22 15232
22 15233
22 15234
22 15235
22 15236
22 15237
22 15238
22 15239
22 15241
22 15242
22 15243
22 15244
22 15246
22 15247
22 15248
22 15249
22 15250
22 15251
22 15252
22 15253
22 15254
22 15255
22 15256
22 15257
22 15258
22 15259
22 15260
22 15261
22 15264
22 15265
22 15266
22 15267
22 15268
22 15269
22 15270
22 15271
22 15272
22 15273
22 15274
22 15275
22 15276
22 15277
22 15278
22 15279
22 15280
22 15281
22 15282
22 15283
22 15284
22 15285
22 15286
22 15287
22 15288
22 15289
22 15290
22 15291
22 15292
22 15293
22 15294
22 15295
22 15296
22 15297
22 15298
22 15299
22 15300
22 15301
22 15302
22 15303
22 15304
22 15305
22 15306
22 15307
22 15310
22 15311
22 15312
22 15313
22 15314
22 15315
22 15316
22 15317
22 15318
22 15319
22 15320
22 15321
22 15322
22 15323
22 15324
22 15325
22 15326
22 15327
22 15328
22 15329
22 15330
22 15331
22 15332
22 15333
22 15334
22 15335
22 15336
22 15337
22 15338
22 15339
22 15340
22 15341
22 15342
22 15343
22 15344
22 15345
22 15346
22 15347
22 15348
22 15349
22 15350
22 15351
22 15352
22 15353
22 15354
22 15355
22 15356
22 15357
22 15362
22 15363
22 15364
22 15366
22 15367
22 15368
22 15369
22 15370
22 15371
22 15372
22 15373
22 15374
22 15375
22 15376
22 15377
22 15378
22 15379
22 15380
22 15381
22 15382
22 15383
22 15384
22 15385
22 15386
22 15387
22 15388
22 15389
22 15392
22 15393
22 15394
22 15395
22 15396
22 15397
22 15399
22 15400
22 15401
22 15402
22 15403
22 15404
22 15405
22 15406
22 15407
22 15408
22 15409
22 15410
22 15411
22 15412
22 15413
22 15414
22 15415
22 15416
22 15417
22 15418
22 15419
22 15420
22 15421
22 15422
22 15423
22 15424
22 15425
22 15426
22 15429
22 15430
22 15431
22 15432
22 15433
22 15434
22 15435
22 15436
22 15437
22 15438
22 15439
22 15440
22 15441
22 15442
22 15443
22 15444
22 15445
22 15446
22 15447
22 15448
22 15449
22 15450
22 15451
22 15452
22 15453
22 15454
22 15455
22 15456
22 15457
22 15458
22 15459
22 15460
22 15461
22 15462
22 15463
22 15464
22 15465
22 15466
22 15467
22 15468
22 15469
22 15470
22 15471
22 15472
22 15473
22 15476
22 15477
22 15478
22 15479
22 15482
22 15483
22 15484
22 15485
22 15486
22 15487
22 15488
22 15489
22 15490
22 15491
22 15492
22 15493
22 15494
22 15495
22 15496
22 15497
22 15498
22 15499
22 15500
22 15501
22 15502
22 15503
22 15504
22 15505
22 15509
22 15510
22 15511
22 15512
22 15513
22 15514
22 15515
22 15516
22 15517
22 15518
22 15519
22 15520
22 15521
22 15522
22 15523
22 15524
22 15525
22 15526
22 15527
22 15529
22 15530
22 15531
22 15532
22 15533
22 15534
22 15535
22 15536
22 15537
22 15538
22 15539
22 15540
22 15541
22 15542
22 15543
22 15544
22 15545
22 15546
22 15547
22 15548
22 15549
22 15550
22 15551
22 15552
22 15553
22 15554
22 15555
22 15556
22 15557
22 15558
22 15559
22 15562
22 15563
22 15564
22 15565
22 15566
22 15567
22 15568
22 15569
22 15570
22 15571
22 15572
22 15573
22 15574
22 15576
22 15577
22 15578
22 15579
22 15580
22 15581
22 15582
22 15583
22 15584
22 15585
22 15586
22 15587
22 15588
22 15589
22 15590
22 15591
22 15593
22 15594
22 15595
22 15596
22 15597
22 15598
22 15599
22 15600
22 15601
22 15602
22 15603
22 15604
22 15605
22 15606
22 15607
22 15608
22 15609
22 15612
22 15613
22 15614
22 15615
22 15616
22 15617
22 15618
22 15619
22 15620
22 15621
22 15622
22 15623
22 15624
22 15625
22 15627
22 15628
22 15629
22 15630
22 15631
22 15632
22 15633
22 15634
22 15635
22 15636
22 15637
22 15638
22 15639
22 15640
22 15641
22 15642
22 15643
22 15644
22 15645
22 15646
22 15648
22 15650
22 15651
22 15652
22 15653
22 15654
22 15655
22 15656
22 15657
22 15658
22 15659
22 15660
22 15661
22 15662
22 15663
22 15665
22 15667
22 15668
22 15669
22 15670
22 15671
22 15672
22 15673
22 15675
22 15676
22 15677
22 15678
22 15679
22 15680
22 15681
22 15682
22 15683
22 15684
22 15685
22 15686
22 15687
22 15688
22 15689
22 15690
22 15691
22 15692
22 15693
22 15694
22 15695
22 15696
22 15697
22 15698
22 15699
22 15700
22 15701
22 15702
22 15703
22 15704
22 15705
22 15706
22 15707
22 15708
22 15709
22 15710
22 15711
22 15712
22 15713
22 15714
22 15715
22 15716
22 15717
22 15718
22 15719
22 15720
22 15721
22 15722
22 15723
22 15724
22 15725
22 15726
22 15727
22 15728
22 15729
22 15730
22 15731
22 15732
22 15733
22 15734
22 15736
22 15737
22 15738
22 15739
22 15740
22 15742
22 15743
22 15744
22 15745
22 15746
22 15748
22 15749
22 15750
22 15751
22 15752
22 15753
22 15754
22 15755
22 15756
22 15758
22 15760
22 15761
22 15762
22 15763
22 15764
22 15765
22 15766
22 15767
22 15768
22 15769
22 15775
22 15776
22 15777
22 15778
22 15779
22 15780
22 15781
22 15782
22 15783
22 15784
22 15785
22 15786
22 15787
22 15788
22 15789
22 15790
22 15791
22 15792
22 15793
22 15794
22 15795
22 15797
22 15798
22 15799
22 15800
22 15801
22 15802
22 15803
22 15804
22 15805
22 15806
22 15807
22 15808
22 15809
22 15810
22 15812
22 15813
22 15814
22 15815
22 15816
22 15817
22 15818
22 15819
22 15820
22 15821
22 15822
22 15823
22 15824
22 15825
22 15826
22 15827
22 15828
22 15829
22 15830
22 15831
22 15832
22 15833
22 15834
22 15835
22 15836
22 15837
22 15838
22 15839
22 15840
22 15841
22 15842
22 15843
22 15844
22 15845
22 15846
22 15847
22 15848
22 15849
22 15850
22 15851
22 15852
22 15853
22 15854
22 15855
22 15856
22 15857
22 15858
22 15859
22 15860
22 15861
22 15862
22 15863
22 15864
22 15865
22 15866
22 15867
22 15868
22 15869
22 15870
22 15871
22 15872
22 15873
22 15874
22 15875
22 15876
22 15877
22 15878
22 15879
22 15880
22 15881
22 15883
22 15884
22 15885
22 15886
22 15887
22 15888
22 15889
22 15890
22 15891
22 15892
22 15893
22 15894
22 15895
22 15896
22 15897
22 15898
22 15899
22 15900
22 15901
22 15902
22 15903
22 15904
22 15905
22 15906
22 15907
22 15908
22 15909
22 15913
22 15914
22 15915
22 15916
22 15917
22 15918
22 15919
22 15920
22 15921
22 15922
22 15923
22 15924
22 15925
22 15926
22 15929
22 15935
22 15936
22 15937
22 15938
22 15939
22 15940
22 15941
22 15943
22 15944
22 15945
22 15946
22 15947
22 15948
22 15949
22 15950
22 15951
22 15952
22 15953
22 15954
22 15955
22 15956
22 15957
22 15958
22 15959
22 15960
22 15961
22 15962
22 15964
22 15965
22 15966
22 15967
22 15968
22 15969
22 15970
22 15971
22 15972
22 15973
22 15974
22 15975
22 15976
22 15977
22 15978
22 15979
22 15980
22 15981
22 15982
22 15983
22 15984
22 15985
22 15986
22 15987
22 15988
22 15989
22 15990
22 15991
22 15992
22 15993
22 15994
22 15995
22 15996
22 15997
22 15998
22 15999
22 16000
22 16001
22 16002
22 16003
22 16004
22 16005
22 16006
22 16007
22 16008
22 16009
22 16010
22 16011
22 16012
22 16013
22 16014
22 16015
22 16016
22 16017
22 16018
22 16019
22 16020
22 16021
22 16022
22 16023
22 16025
22 16026
22 16027
22 16028
22 16029
22 16030
22 16031
22 16032
22 16033
22 16034
22 16035
22 16036
22 16037
22 16038
22 16039
22 16040
22 16041
22 16042
22 16043
22 16044
22 16045
22 16046
22 16047
22 16048
22 16049
22 16050
22 16051
22 16052
22 16053
22 16054
22 16055
22 16056
22 16057
22 16058
22 16061
22 16062
22 16063
22 16064
22 16065
22 16066
22 16067
22 16068
22 16069
22 16070
22 16072
22 16073
22 16074
22 16075
22 16077
22 16078
22 16079
22 16080
22 16081
22 16082
22 16083
22 16084
22 16085
22 16086
22 16087
22 16088
22 16089
22 16090
22 16091
22 16092
22 16093
22 16094
22 16095
22 16096
22 16097
22 16098
22 16099
22 16100
22 16101
22 16102
22 16103
22 16104
22 16105
22 16106
22 16107
22 16108
22 16109
22 16110
22 16111
22 16112
22 16113
22 16114
22 16115
22 16116
22 16117
22 16118
22 16119
22 16120
22 16121
22 16122
22 16123
22 16125
22 16126
22 16127
22 16128
22 16129
22 16130
22 16131
22 16132
22 16133
22 16134
22 16135
22 16136
22 16137
22 16138
22 16139
22 16140
22 16141
22 16142
22 16143
22 16144
22 16145
22 16146
22 16147
22 16148
22 16149
22 16151
22 16152
22 16153
22 16154
22 16155
22 16156
22 16157
22 16158
22 16159
22 16160
22 16161
22 16162
22 16163
22 16164
22 16165
22 16166
22 16167
22 16168
22 16169
22 16170
22 16171
22 16172
22 16173
22 16175
22 16176
22 16177
22 16178
22 16179
22 16180
22 16181
22 16182
22 16183
22 16184
22 16185
22 16186
22 16187
22 16188
22 16189
22 16190
22 16192
22 16193
22 16194
22 16195
22 16196
22 16197
22 16198
22 16199
22 16200
22 16201
22 16202
22 16203
22 16204
22 16205
22 16206
22 16207
22 16208
22 16209
22 16210
22 16211
22 16212
22 16213
22 16214
22 16215
22 16216
22 16217
22 16218
22 16219
22 16220
22 16222
22 16223
22 16224
22 16225
22 16226
22 16227
22 16228
22 16229
22 16230
22 16231
22 16232
22 16234
22 16235
22 16236
22 16237
22 16238
22 16239
22 16240
22 16241
22 16242
22 16243
22 16244
22 16245
22 16246
22 16247
22 16248
22 16249
22 16250
22 16251
22 16252
22 16253
22 16254
22 16255
22 16256
22 16257
22 16258
22 16259
22 16260
22 16261
22 16262
22 16263
22 16264
22 16265
22 16266
22 16267
22 16268
22 16269
22 16270
22 16271
22 16272
22 16273
22 16274
22 16275
22 16276
22 16277
22 16280
22 16281
22 16282
22 16283
22 16284
22 16285
22 16286
22 16287
22 16288
22 16289
22 16290
22 16291
22 16292
22 16293
22 16294
22 16295
22 16296
22 16297
22 16298
22 16299
22 16300
22 16301
22 16302
22 16303
22 16304
22 16306
22 16307
22 16308
22 16309
22 16310
22 16311
22 16312
22 16313
22 16314
22 16315
22 16316
22 16317
22 16318
22 16319
22 16320
22 16321
22 16322
22 16323
22 16324
22 16325
22 16326
22 16327
22 16328
22 16329
22 16330
22 16331
22 16332
22 16333
22 16334
22 16335
22 16336
22 16337
22 16338
22 16339
22 16340
22 16341
22 16342
22 16343
22 16344
22 16345
22 16346
22 16347
22 16348
22 16349
22 16350
22 16351
22 16352
22 16353
22 16354
22 16355
22 16356
22 16358
22 16359
22 16360
22 16361
22 16362
22 16363
22 16364
22 16365
22 16366
22 16367
22 16368
22 16369
22 16370
22 16371
22 16372
22 16373
22 16374
22 16375
22 16376
22 16377
22 16378
22 16379
22 16380
22 16381
22 16382
22 16383
22 16384
22 16385
22 16386
22 16387
22 16388
22 16389
22 16390
22 16391
22 16392
22 16393
22 16394
22 16395
22 16396
22 16397
22 16399
22 16400
22 16401
22 16402
22 16403
22 16404
22 16405
22 16406
22 16407
22 16408
22 16409
22 16410
22 16411
22 16413
22 16414
22 16415
22 16416
22 16417
22 16418
22 16419
22 16420
22 16421
22 16422
22 16423
22 16424
22 16425
22 16426
22 16427
22 16428
22 16431
22 16432
22 16433
22 16434
22 16435
22 16438
22 16439
22 16440
22 16442
22 16443
22 16444
22 16446
22 16447
22 16448
22 16449
22 16450
22 16451
22 16453
22 16454
22 16455
22 16458
22 16459
22 16460
22 16461
22 16462
22 16463
22 16464
22 16465
22 16466
22 16467
22 16468
22 16469
22 16470
22 16471
22 16472
22 16474
22 16475
22 16476
22 16477
22 16478
22 16479
22 16480
22 16481
22 16482
22 16483
22 16484
22 16485
22 16486
22 16487
22 16488
22 16489
22 16490
22 16491
22 16492
22 16493
22 16494
22 16495
22 16496
22 16497
22 16498
22 16499
22 16500
22 16501
22 16502
22 16503
22 16504
22 16505
22 16506
22 16507
22 16508
22 16509
22 16510
22 16513
22 16514
22 16515
22 16516
22 16517
22 16518
22 16519
22 16520
22 16521
22 16522
22 16523
22 16524
22 16525
22 16526
22 16527
22 16528
22 16529
22 16530
22 16531
22 16532
22 16533
22 16534
22 16535
22 16536
22 16537
22 16538
22 16539
22 16540
22 16541
22 16542
22 16544
22 16545
22 16546
22 16547
22 16548
22 16549
22 16550
22 16551
22 16552
22 16553
22 16554
22 16555
22 16556
22 16557
22 16558
22 16559
22 16560
22 16561
22 16562
22 16563
22 16564
22 16565
22 16566
22 16567
22 16568
22 16569
22 16570
22 16571
22 16573
22 16574
22 16575
22 16576
22 16577
22 16578
22 16579
22 16580
22 16581
22 16582
22 16583
22 16584
22 16585
22 16586
22 16587
22 16588
22 16589
22 16590
22 16591
22 16592
22 16593
22 16594
22 16595
22 16596
22 16597
22 16598
22 16599
22 16600
22 16601
22 16602
22 16604
22 16605
22 16606
22 16607
22 16611
22 16613
22 16614
22 16615
22 16616
22 16617
22 16618
22 16619
22 16620
22 16621
22 16622
22 16623
22 16624
22 16625
22 16626
22 16627
22 16628
22 16629
22 16630
22 16632
22 16634
22 16635
22 16636
22 16637
22 16638
22 16639
22 16640
22 16641
22 16642
22 16643
22 16644
22 16646
22 16647
22 16648
22 16649
22 16650
22 16652
22 16653
22 16654
22 16655
22 16656
22 16657
22 16658
22 16659
22 16660
22 16661
22 16664
22 16665
22 16666
22 16667
22 16668
22 16669
22 16670
22 16671
22 16673
22 16674
22 16675
22 16676
22 16677
22 16678
22 16679
22 16680
22 16681
22 16682
22 16683
22 16684
22 16685
22 16686
22 16687
22 16688
22 16689
22 16691
22 16692
22 16693
22 16695
22 16696
22 16697
22 16698
22 16699
22 16700
22 16701
22 16702
22 16703
22 16704
22 16705
22 16706
22 16707
22 16708
22 16709
22 16710
22 16711
22 16712
22 16713
22 16714
22 16716
22 16717
22 16718
22 16719
22 16720
22 16721
22 16722
22 16723
22 16724
22 16725
22 16726
22 16727
22 16728
22 16729
22 16730
22 16731
22 16732
22 16733
22 16734
22 16738
22 16739
22 16740
22 16741
22 16742
22 16743
22 16744
22 16745
22 16746
22 16747
22 16748
22 16749
22 16750
22 16751
22 16752
22 16753
22 16754
22 16755
22 16756
22 16757
22 16758
22 16759
22 16760
22 16761
22 16762
22 16763
22 16764
22 16765
22 16766
22 16767
22 16768
22 16769
22 16770
22 16771
22 16772
22 16773
22 16774
22 16775
22 16776
22 16777
22 16778
22 16780
22 16781
22 16782
22 16783
22 16785
22 16786
22 16787
22 16788
22 16789
22 16790
22 16795
22 16796
22 16797
22 16798
22 16799
22 16800
22 16801
22 16802
22 16803
22 16804
22 16805
22 16806
22 16807
22 16808
22 16809
22 16810
22 16811
22 16812
22 16813
22 16814
22 16815
22 16816
22 16817
22 16818
22 16819
22 16820
22 16821
22 16822
22 16823
22 16824
22 16825
22 16826
22 16828
22 16829
22 16830
22 16831
22 16832
22 16834
22 16835
22 16837
22 16838
22 16839
22 16840
22 16841
22 16842
22 16843
22 16844
22 16845
22 16846
22 16847
22 16848
22 16849
22 16850
22 16851
22 16852
22 16853
22 16854
22 16855
22 16856
22 16857
22 16858
22 16861
22 16862
22 16863
22 16864
22 16865
22 16866
22 16867
22 16868
22 16869
22 16870
22 16871
22 16872
22 16873
22 16874
22 16875
22 16876
22 16877
22 16878
22 16879
22 16880
22 16881
22 16882
22 16883
22 16884
22 16885
22 16886
22 16887
22 16889
22 16890
22 16891
22 16892
22 16893
22 16894
22 16895
22 16896
22 16897
22 16898
22 16899
22 16900
22 16901
22 16902
22 16903
22 16907
22 16908
22 16909
22 16911
22 16912
22 16913
22 16914
22 16915
22 16916
22 16919
22 16920
22 16921
22 16922
22 16923
22 16924
22 16925
22 16926
22 16927
22 16929
22 16930
22 16931
22 16932
22 16933
22 16934
22 16935
22 16936
22 16937
22 16938
22 16939
22 16940
22 16941
22 16942
22 16943
22 16944
22 16945
22 16946
22 16947
22 16948
22 16949
22 16952
22 16953
22 16954
22 16955
22 16956
22 16957
22 16958
22 16959
22 16960
22 16961
22 16962
22 16963
22 16964
22 16965
22 16966
22 16967
22 16968
22 16969
22 16970
22 16971
22 16972
22 16973
22 16974
22 16975
22 16976
22 16977
22 16979
22 16980
22 16981
22 16982
22 16983
22 16984
22 16985
22 16986
22 16987
22 16988
22 16989
22 16990
22 16991
22 16992
22 16993
22 16994
22 16995
22 16996
22 16997
22 16998
22 16999
22 17000
22 17001
22 17002
22 17003
22 17004
22 17005
22 17006
22 17007
22 17008
22 17009
22 17010
22 17011
22 17012
22 17013
22 17015
22 17016
22 17017
22 17021
22 17022
22 17023
22 17024
22 17025
22 17026
22 17027
22 17028
22 17029
22 17030
22 17032
22 17033
22 17035
22 17036
22 17037
22 17038
22 17039
22 17040
22 17041
22 17042
22 17043
22 17044
22 17045
22 17046
22 17047
22 17050
22 17051
22 17053
22 17054
22 17055
22 17056
22 17058
22 17059
22 17060
22 17061
22 17062
22 17063
22 17064
22 17067
22 17068
22 17069
22 17070
22 17071
22 17072
22 17073
22 17074
22 17075
22 17076
22 17077
22 17078
22 17079
22 17080
22 17081
22 17082
22 17083
22 17084
22 17085
22 17086
22 17087
22 17088
22 17089
22 17090
22 17091
22 17092
22 17093
22 17094
22 17095
22 17096
22 17097
22 17098
22 17099
22 17100
22 17101
22 17102
22 17103
22 17104
22 17105
22 17106
22 17107
22 17108
22 17109
22 17110
22 17111
22 17112
22 17113
22 17114
22 17115
22 17116
22 17117
22 17118
22 17119
22 17120
22 17121
22 17122
22 17123
22 17124
22 17125
22 17126
22 17127
22 17128
22 17129
22 17130
22 17131
22 17132
22 17133
22 17134
22 17135
22 17136
22 17137
22 17138
22 17139
22 17140
22 17144
22 17145
22 17148
22 17149
22 17150
22 17151
22 17152
22 17153
22 17155
22 17157
22 17158
22 17159
22 17160
22 17161
22 17162
22 17163
22 17164
22 17165
22 17166
22 17167
22 17168
22 17169
22 17170
22 17171
22 17172
22 17173
22 17174
22 17175
22 17176
22 17177
22 17178
22 17179
22 17180
22 17181
22 17182
22 17183
22 17184
22 17185
22 17186
22 17187
22 17188
22 17189
22 17190
22 17191
22 17192
22 17193
22 17194
22 17200
22 17201
22 17202
22 17203
22 17204
22 17205
22 17208
22 17209
22 17210
22 17211
22 17212
22 17213
22 17214
22 17216
22 17217
22 17218
22 17219
22 17220
22 17221
22 17222
22 17223
22 17224
22 17225
22 17226
22 17228
22 17229
22 17230
22 17231
22 17232
22 17233
22 17234
22 17235
22 17236
22 17237
22 17238
22 17239
22 17240
22 17241
22 17242
22 17243
22 17244
22 17245
22 17246
22 17248
22 17249
22 17250
22 17253
22 17254
22 17255
22 17256
22 17257
22 17258
22 17259
22 17260
22 17261
22 17262
22 17263
22 17264
22 17265
22 17266
22 17267
22 17268
22 17269
22 17270
22 17271
22 17272
22 17273
22 17274
22 17275
22 17276
22 17277
22 17278
22 17280
22 17281
22 17282
22 17283
22 17284
22 17285
22 17287
22 17288
22 17289
22 17290
22 17293
22 17294
22 17295
22 17296
22 17298
22 17299
22 17300
22 17302
22 17304
22 17305
22 17307
22 17308
22 17309
22 17310
22 17311
22 17312
22 17313
22 17314
22 17315
22 17318
22 17319
22 17320
22 17321
22 17322
22 17323
22 17324
22 17325
22 17326
22 17327
22 17328
22 17329
22 17330
22 17333
22 17334
22 17335
22 17336
22 17337
22 17338
22 17339
22 17340
22 17341
22 17342
22 17344
22 17345
22 17346
22 17347
22 17348
22 17349
22 17350
22 17351
22 17353
22 17354
22 17355
22 17356
22 17357
22 17358
22 17359
22 17360
22 17361
22 17362
22 17363
22 17364
22 17365
22 17366
22 17367
22 17368
22 17369
22 17370
22 17371
22 17372
22 17373
22 17374
22 17375
22 17376
22 17377
22 17378
22 17379
22 17380
22 17381
22 17382
22 17383
22 17384
22 17385
22 17386
22 17387
22 17388
22 17389
22 17390
22 17391
22 17392
22 17394
22 17395
22 17396
22 17397
22 17398
22 17399
22 17401
22 17402
22 17403
22 17406
22 17407
22 17408
22 17409
22 17410
22 17411
22 17412
22 17413
22 17414
22 17415
22 17416
22 17417
22 17418
22 17419
22 17420
22 17421
22 17422
22 17423
22 17424
22 17425
22 17426
22 17427
22 17428
22 17429
22 17430
22 17431
22 17432
22 17433
22 17434
22 17436
22 17437
22 17438
22 17439
22 17440
22 17441
22 17442
22 17443
22 17444
22 17445
22 17446
22 17447
22 17448
22 17449
22 17450
22 17451
22 17452
22 17454
22 17455
22 17456
22 17457
22 17458
22 17459
22 17460
22 17461
22 17462
22 17463
22 17464
22 17465
22 17466
22 17467
22 17468
22 17469
22 17470
22 17471
22 17472
22 17473
22 17474
22 17475
22 17476
22 17478
22 17479
22 17480
22 17481
22 17482
22 17483
22 17484
22 17485
22 17486
22 17487
22 17488
22 17489
22 17490
22 17491
22 17492
22 17493
22 17494
22 17495
22 17496
22 17497
22 17498
22 17499
22 17500
22 17501
22 17502
22 17503
22 17504
22 17505
22 17506
22 17507
22 17508
22 17509
22 17510
22 17511
22 17512
22 17513
22 17514
22 17515
22 17516
22 17517
22 17518
22 17519
22 17520
22 17521
22 17522
22 17523
22 17524
22 17525
22 17526
22 17527
22 17528
22 17529
22 17531
22 17532
22 17533
22 17534
22 17535
22 17536
22 17537
22 17538
22 17539
22 17540
22 17541
22 17542
22 17543
22 17544
22 17545
22 17546
22 17547
22 17548
22 17549
22 17550
22 17551
22 17552
22 17553
22 17554
22 17555
22 17556
22 17557
22 17558
22 17559
22 17560
22 17561
22 17562
22 17563
22 17564
22 17565
22 17566
22 17567
22 17569
22 17570
22 17571
22 17572
22 17573
22 17574
22 17575
22 17577
22 17578
22 17579
22 17580
22 17581
22 17582
22 17583
22 17584
22 17585
22 17586
22 17587
22 17589
22 17590
22 17591
22 17592
22 17593
22 17594
22 17595
22 17596
22 17597
22 17598
22 17599
22 17600
22 17601
22 17602
22 17603
22 17604
22 17605
22 17606
22 17607
22 17608
22 17609
22 17610
22 17611
22 17612
22 17613
22 17614
22 17615
22 17616
22 17617
22 17618
22 17619
22 17620
22 17621
22 17622
22 17623
22 17624
22 17625
22 17626
22 17627
22 17628
22 17629
22 17630
22 17631
22 17632
22 17633
22 17634
22 17635
22 17636
22 17637
22 17638
22 17639
22 17640
22 17641
22 17642
22 17643
22 17644
22 17645
22 17646
22 17647
22 17649
22 17650
22 17652
22 17653
22 17654
22 17655
22 17656
22 17657
22 17658
22 17659
22 17660
22 17661
22 17662
22 17663
22 17664
22 17665
22 17666
22 17667
22 17668
22 17669
22 17670
22 17671
22 17672
22 17673
22 17674
22 17675
22 17676
22 17677
22 17678
22 17679
22 17680
22 17681
22 17683
22 17684
22 17686
22 17689
22 17690
22 17691
22 17692
22 17693
22 17694
22 17695
22 17698
22 17699
22 17700
22 17701
22 17702
22 17703
22 17705
22 17707
22 17708
22 17709
22 17710
22 17711
22 17712
22 17713
22 17714
22 17715
22 17716
22 17717
22 17720
22 17721
22 17723
22 17724
22 17725
22 17727
22 17728
22 17730
22 17731
22 17732
22 17733
22 17734
22 17735
22 17736
22 17737
22 17738
22 17740
22 17741
22 17742
22 17743
22 17744
22 17745
22 17746
22 17747
22 17748
22 17749
22 17750
22 17751
22 17752
22 17753
22 17754
22 17755
22 17757
22 17761
22 17763
22 17766
22 17767
22 17768
22 17769
22 17770
22 17771
22 17772
22 17774
22 17775
22 17776
22 17778
22 17779
22 17780
22 17781
22 17782
22 17784
22 17785
22 17786
22 17787
22 17790
22 17791
22 17792
22 17793
22 17794
22 17795
22 17796
22 17797
22 17799
22 17800
22 17801
22 17802
22 17803
22 17804
22 17805
22 17806
22 17807
22 17808
22 17809
22 17810
22 17811
22 17812
22 17813
22 17815
22 17816
22 17817
22 17818
22 17819
22 17820
22 17821
22 17822
22 17823
22 17827
22 17828
22 17829
22 17830
22 17831
22 17832
22 17833
22 17834
22 17835
22 17836
22 17838
22 17839
22 17842
22 17851
22 17852
22 17853
22 17854
22 17855
22 17856
22 17857
22 17858
22 17859
22 17860
22 17861
22 17863
22 17864
22 17868
22 17869
22 17870
22 17871
22 17872
22 17873
22 17874
22 17875
22 17878
22 17879
22 17880
22 17881
22 17882
22 17883
22 17884
22 17885
22 17890
22 17891
22 17892
22 17893
22 17894
22 17895
22 17896
22 17897
22 17898
22 17899
22 17900
22 17901
22 17902
22 17903
22 17904
22 17905
22 17906
22 17907
22 17908
22 17909
22 17910
22 17911
22 17913
22 17915
22 17916
22 17920
22 17923
22 17924
22 17936
22 17937
22 17938
22 17939
22 17940
22 17941
22 17942
22 17943
22 17944
22 17945
22 17946
22 17947
22 17948
22 17950
22 17951
22 17952
22 17953
22 17956
22 17957
22 17958
22 17959
22 17960
22 17961
22 17962
22 17963
22 17964
22 17965
22 17966
22 17967
22 17968
22 17969
22 17970
22 17971
22 17972
22 17973
22 17974
22 17975
22 17976
22 17977
22 17979
22 17980
22 17981
22 17982
22 17983
22 17984
22 17985
22 17986
22 17987
22 17988
22 17989
22 17990
22 17991
22 17992
22 17993
22 17994
22 17995
22 17996
22 17997
22 17998
22 17999
22 18000
22 18001
22 18002
22 18003
22 18004
22 18005
22 18006
22 18007
22 18008
22 18009
22 18010
22 18011
22 18012
22 18013
22 18014
22 18015
22 18016
22 18017
22 18018
22 18020
22 18021
22 18024
22 18025
22 18026
22 18027
22 18028
22 18030
22 18031
22 18032
22 18033
22 18034
22 18035
22 18036
22 18037
22 18038
22 18039
22 18041
22 18042
22 18043
22 18044
22 18045
22 18046
22 18047
22 18056
22 18057
22 18058
22 18059
22 18060
22 18061
22 18062
22 18063
22 18064
22 18065
22 18066
22 18067
22 18068
22 18069
22 18070
22 18072
22 18074
22 18079
22 18080
22 18081
22 18082
22 18083
22 18084
22 18085
22 18086
22 18087
22 18088
22 18089
22 18090
22 18091
22 18092
22 18093
22 18094
22 18095
22 18096
22 18097
22 18098
22 18099
22 18100
22 18101
22 18102
22 18103
22 18104
22 18105
22 18106
22 18107
22 18108
22 18109
22 18110
22 18111
22 18112
22 18113
22 18114
22 18115
22 18116
22 18117
22 18118
22 18119
22 18120
22 18121
22 18122
22 18123
22 18126
22 18127
22 18128
22 18129
22 18130
22 18131
22 18132
22 18133
22 18134
22 18135
22 18136
22 18137
22 18138
22 18139
22 18140
22 18141
22 18143
22 18145
22 18146
22 18147
22 18148
22 18149
22 18150
22 18152
22 18153
22 18154
22 18155
22 18156
22 18157
22 18158
22 18159
22 18160
22 18161
22 18162
22 18163
22 18165
22 18167
22 18168
22 18169
22 18170
22 18171
22 18172
22 18173
22 18174
22 18175
22 18177
22 18178
22 18179
22 18180
22 18181
22 18182
22 18183
22 18184
22 18185
22 18186
22 18187
22 18189
22 18190
22 18191
22 18192
22 18193
22 18194
22 18195
22 18196
22 18197
22 18198
22 18199
22 18200
22 18201
22 18202
22 18203
22 18206
22 18207
22 18212
22 18218
22 18219
22 18220
22 18227
22 18234
22 18235
22 18236
22 18237
22 18238
22 18239
22 18240
22 18241
22 18242
22 18243
22 18244
22 18245
22 18246
22 18247
22 18248
22 18249
22 18250
22 18252
22 18256
22 18258
22 18260
22 18261
22 18263
22 18265
22 18267
22 18269
22 18271
22 18272
22 18273
22 18274
22 18275
22 18276
22 18282
22 18283
22 18284
22 18285
22 18286
22 18296
22 18298
22 18300
22 18301
22 18302
22 18303
22 18304
22 18305
22 18306
22 18307
22 18308
22 18309
22 18310
22 18311
22 18312
22 18313
22 18314
22 18317
22 18319
22 18320
22 18321
22 18322
22 18323
22 18324
22 18326
22 18327
22 18329
22 18330
22 18331
22 18332
22 18333
22 18334
22 18335
22 18336
22 18338
22 18339
22 18340
22 18341
22 18342
22 18343
22 18344
22 18345
22 18346
22 18348
22 18351
22 18352
22 18353
22 18354
22 18355
22 18356
22 18357
22 18358
22 18359
22 18363
22 18364
22 18365
22 18366
22 18368
22 18370
22 18371
22 18372
22 18373
22 18374
22 18375
22 18376
22 18377
22 18378
22 18381
22 18382
22 18383
22 18384
22 18385
22 18386
22 18387
22 18388
22 18389
22 18390
22 18391
22 18392
22 18393
22 18394
22 18395
22 18396
22 18397
22 18399
22 18400
22 18401
22 18402
22 18403
22 18404
22 18405
22 18406
22 18407
22 18408
22 18409
22 18410
22 18411
22 18412
22 18413
22 18414
22 18415
22 18416
22 18417
22 18418
22 18419
22 18420
22 18421
22 18422
22 18423
22 18425
22 18426
22 18427
22 18428
22 18429
22 18431
22 18432
22 18433
22 18434
22 18436
22 18437
22 18438
22 18439
22 18441
22 18442
22 18443
22 18444
22 18445
22 18446
22 18447
22 18448
22 18449
22 18450
22 18451
22 18452
22 18453
22 18454
22 18455
22 18456
22 18457
22 18458
22 18459
22 18460
22 18461
22 18462
22 18463
22 18464
22 18465
22 18468
22 18471
22 18472
22 18473
22 18474
22 18475
22 18476
22 18477
22 18478
22 18479
22 18480
22 18481
22 18482
22 18483
22 18484
22 18485
22 18486
22 18487
22 18488
22 18489
22 18490
22 18494
22 18495
22 18496
22 18497
22 18498
22 18499
22 18500
22 18501
22 18502
22 18503
22 18504
22 18505
22 18506
22 18507
22 18508
22 18511
22 18512
22 18513
22 18514
22 18515
22 18517
22 18520
22 18521
22 18522
22 18524
22 18525
22 18526
22 18527
22 18528
22 18529
22 18530
22 18531
22 18532
22 18533
22 18534
22 18535
22 18536
22 18537
22 18538
22 18539
22 18540
22 18541
22 18542
22 18543
22 18544
22 18545
22 18546
22 18547
22 18548
22 18549
22 18550
22 18551
22 18552
22 18553
22 18554
22 18555
22 18556
22 18557
22 18558
22 18559
22 18560
22 18561
22 18562
22 18563
22 18564
22 18565
22 18566
22 18567
22 18568
22 18570
22 18571
22 18572
22 18573
22 18574
22 18575
22 18576
22 18577
22 18578
22 18579
22 18580
22 18581
22 18582
22 18583
22 18584
22 18585
22 18586
22 18587
22 18588
22 18589
22 18590
22 18591
22 18592
22 18593
22 18594
22 18595
22 18596
22 18597
22 18598
22 18599
22 18600
22 18601
22 18602
22 18603
22 18604
22 18605
22 18606
22 18607
22 18608
22 18609
22 18610
22 18611
22 18612
22 18613
22 18614
22 18615
22 18616
22 18617
22 18618
22 18619
22 18620
22 18621
22 18622
22 18623
22 18624
22 18625
22 18626
22 18627
22 18628
22 18629
22 18630
22 18631
22 18632
22 18633
22 18634
22 18635
22 18636
22 18638
22 18639
22 18640
22 18641
22 18642
22 18643
22 18644
22 18645
22 18646
22 18647
22 18648
22 18649
22 18650
22 18651
22 18652
22 18653
22 18654
22 18655
22 18656
22 18658
22 18659
22 18660
22 18661
22 18662
22 18663
22 18664
22 18665
22 18666
22 18667
22 18668
22 18669
22 18670
22 18671
22 18672
22 18673
22 18674
22 18675
22 18676
22 18677
22 18678
22 18679
22 18680
22 18681
22 18682
22 18683
22 18684
22 18685
22 18686
22 18687
22 18688
22 18689
22 18690
22 18691
22 18697
22 18698
22 18699
22 18700
22 18702
22 18703
22 18705
22 18706
22 18707
22 18708
22 18709
22 18710
22 18711
22 18712
22 18713
22 18714
22 18715
22 18716
22 18717
22 18718
22 18719
22 18720
22 18721
22 18722
22 18723
22 18724
22 18725
22 18726
22 18727
22 18728
22 18729
22 18730
22 18731
22 18732
22 18733
22 18734
22 18735
22 18736
22 18737
22 18738
22 18739
22 18740
22 18741
22 18742
22 18743
22 18744
22 18745
22 18746
22 18747
22 18748
22 18749
22 18750
22 18751
22 18752
22 18754
22 18755
22 18756
22 18757
22 18758
22 18759
22 18760
22 18761
22 18762
22 18763
22 18764
22 18765
22 18766
22 18767
22 18768
22 18769
22 18770
22 18771
22 18772
22 18773
22 18774
22 18775
22 18776
22 18777
22 18778
22 18779
22 18780
22 18781
22 18782
22 18783
22 18784
22 18785
22 18786
22 18787
22 18788
22 18789
22 18790
22 18791
22 18792
22 18793
22 18794
22 18795
22 18796
22 18797
22 18798
22 18799
22 18800
22 18801
22 18802
22 18803
22 18804
22 18805
22 18806
22 18807
22 18808
22 18809
22 18811
22 18812
22 18813
22 18814
22 18817
22 18818
22 18819
22 18820
22 18821
22 18822
22 18823
22 18824
22 18825
22 18826
22 18827
22 18828
22 18829
22 18830
22 18831
22 18832
22 18833
22 18834
22 18835
22 18836
22 18837
22 18838
22 18839
22 18840
22 18841
22 18842
22 18843
22 18844
22 18845
22 18846
22 18847
22 18848
22 18849
22 18850
22 18851
22 18852
22 18853
22 18854
22 18855
22 18856
22 18857
22 18858
22 18859
22 18860
22 18861
22 18862
22 18863
22 18864
22 18865
22 18866
22 18867
22 18869
22 18870
22 18871
22 18872
22 18873
22 18874
22 18875
22 18876
22 18877
22 18878
22 18879
22 18883
22 18884
22 18885
22 18886
22 18887
22 18889
22 18890
22 18891
22 18892
22 18894
22 18895
22 18896
22 18897
22 18898
22 18899
22 18900
22 18903
22 18904
22 18905
22 18906
22 18907
22 18908
22 18909
22 18910
22 18911
22 18912
22 18914
22 18915
22 18916
22 18917
22 18918
22 18919
22 18920
22 18921
22 18922
22 18923
22 18924
22 18925
22 18926
22 18927
22 18928
22 18929
22 18930
22 18931
22 18932
22 18933
22 18935
22 18936
22 18937
22 18938
22 18939
22 18940
22 18941
22 18942
22 18943
22 18944
22 18945
22 18946
22 18947
22 18948
22 18949
22 18950
22 18951
22 18952
22 18953
22 18954
22 18955
22 18956
22 18957
22 18958
22 18959
22 18960
22 18961
22 18962
22 18963
22 18964
22 18965
22 18966
22 18967
22 18968
22 18969
22 18970
22 18971
22 18972
22 18973
22 18974
22 18975
22 18976
22 18977
22 18978
22 18979
22 18980
22 18981
22 18982
22 18983
22 18984
22 18985
22 18986
22 18987
22 18988
22 18989
22 18990
22 18991
22 18992
22 18993
22 18994
22 18995
22 18996
22 18997
22 18998
22 18999
22 19000
22 19001
22 19002
22 19003
22 19004
22 19005
22 19006
22 19007
22 19008
22 19009
22 19010
22 19011
22 19012
22 19013
22 19014
22 19015
22 19016
22 19017
22 19018
22 19019
22 19020
22 19021
22 19022
22 19023
22 19024
22 19025
22 19026
22 19027
22 19028
22 19029
22 19030
22 19031
22 19032
22 19033
22 19034
22 19035
22 19036
22 19038
22 19039
22 19040
22 19041
22 19042
22 19044
22 19045
22 19046
22 19047
22 19048
22 19049
22 19050
22 19055
22 19057
22 19059
22 19069
22 19075
22 19076
22 19077
22 19078
22 19079
22 19080
22 19082
22 19083
22 19084
22 19086
22 19087
22 19088
22 19089
22 19090
22 19091
22 19092
22 19093
22 19094
22 19095
22 19096
22 19097
22 19098
22 19099
22 19100
22 19101
22 19102
22 19103
22 19104
22 19105
22 19107
22 19108
22 19112
22 19113
22 19114
22 19117
22 19119
22 19121
22 19122
22 19123
22 19124
22 19125
22 19126
22 19127
22 19128
22 19129
22 19130
22 19131
22 19132
22 19133
22 19134
22 19135
22 19136
22 19137
22 19138
22 19139
22 19140
22 19146
22 19147
22 19148
22 19149
22 19150
22 19151
22 19152
22 19153
22 19154
22 19155
22 19156
22 19157
22 19158
22 19159
22 19160
22 19161
22 19162
22 19163
22 19164
22 19165
22 19166
22 19167
22 19168
22 19169
22 19170
22 19171
22 19172
22 19173
22 19174
22 19175
22 19176
22 19177
22 19178
22 19185
22 19186
22 19187
22 19188
22 19189
22 19190
22 19191
22 19192
22 19193
22 19194
22 19195
22 19196
22 19197
22 19198
22 19199
22 19200
22 19201
22 19202
22 19203
22 19204
22 19205
22 19206
22 19207
22 19208
22 19209
22 19210
22 19211
22 19212
22 19213
22 19214
22 19215
22 19216
22 19217
22 19218
22 19219
22 19220
22 19221
22 19222
22 19223
22 19224
22 19225
22 19226
22 19227
22 19228
22 19229
22 19230
22 19231
22 19232
22 19233
22 19234
22 19235
22 19236
22 19237
22 19239
22 19240
22 19243
22 19244
22 19245
22 19246
22 19247
22 19248
22 19249
22 19251
22 19253
22 19254
22 19255
22 19256
22 19257
22 19260
22 19263
22 19264
22 19265
22 19267
22 19268
22 19269
22 19270
22 19271
22 19274
22 19276
22 19277
22 19278
22 19280
22 19282
22 19283
22 19284
22 19285
22 19286
22 19287
22 19288
22 19289
22 19290
22 19291
22 19292
22 19293
22 19294
22 19295
22 19296
22 19297
22 19298
22 19300
22 19301
22 19302
22 19303
22 19304
22 19307
22 19308
22 19309
22 19310
22 19311
22 19312
22 19313
22 19314
22 19315
22 19316
22 19317
22 19318
22 19319
22 19321
22 19322
22 19323
22 19324
22 19327
22 19328
22 19333
22 19334
22 19335
22 19336
22 19337
22 19338
22 19339
22 19340
22 19341
22 19342
22 19343
22 19344
22 19345
22 19346
22 19347
22 19348
22 19349
22 19350
22 19351
22 19353
22 19355
22 19356
22 19357
22 19358
22 19359
22 19361
22 19362
22 19363
22 19364
22 19365
22 19366
22 19367
22 19368
22 19369
22 19370
22 19371
22 19372
22 19373
22 19374
22 19376
22 19377
22 19378
22 19379
22 19380
22 19381
22 19382
22 19383
22 19384
22 19385
22 19386
22 19387
22 19388
22 19389
22 19390
22 19391
22 19392
22 19393
22 19394
22 19395
22 19396
22 19397
22 19398
22 19399
22 19400
22 19401
22 19402
22 19403
22 19404
22 19405
22 19406
22 19407
22 19408
22 19409
22 19410
22 19411
22 19412
22 19413
22 19414
22 19415
22 19416
22 19417
22 19418
22 19419
22 19420
22 19421
22 19422
22 19423
22 19424
22 19425
22 19426
22 19427
22 19428
22 19429
22 19431
22 19432
22 19433
22 19434
22 19435
22 19436
22 19439
22 19440
22 19441
22 19442
22 19443
22 19444
22 19445
22 19446
22 19447
22 19448
22 19449
22 19450
22 19451
22 19452
22 19453
22 19454
22 19455
22 19456
22 19457
22 19458
22 19460
22 19463
22 19465
22 19466
22 19467
22 19468
22 19470
22 19472
22 19473
22 19476
22 19477
22 19479
22 19480
22 19481
22 19482
22 19483
22 19486
22 19488
22 19491
22 19492
22 19497
22 19503
22 19504
22 19509
22 19511
22 19518
22 19519
22 19520
22 19521
22 19522
22 19527
22 19530
22 19543
22 19545
22 19546
22 19549
22 19550
22 19551
22 19552
22 19553
22 19557
22 19558
22 19559
22 19560
22 19561
22 19562
22 19563
22 19564
22 19565
22 19566
22 19567
22 19568
22 19571
22 19572
22 19573
22 19574
22 19575
22 19576
22 19577
22 19578
22 19579
22 19580
22 19581
22 19582
22 19583
22 19584
22 19585
22 19586
22 19587
22 19588
22 19589
22 19590
22 19591
22 19592
22 19593
22 19594
22 19595
22 19599
22 19602
22 19604
22 19605
22 19607
22 19608
22 19609
22 19610
22 19611
22 19613
22 19614
22 19615
22 19616
22 19618
22 19619
22 19620
22 19621
22 19622
22 19623
22 19624
22 19625
22 19626
22 19627
22 19628
22 19629
22 19631
22 19632
22 19633
22 19634
22 19635
22 19636
22 19637
22 19638
22 19639
22 19640
22 19641
22 19643
22 19644
22 19645
22 19646
22 19647
22 19648
22 19649
22 19650
22 19651
22 19652
22 19653
22 19654
22 19655
22 19656
22 19658
22 19659
22 19660
22 19661
22 19662
22 19663
22 19664
22 19665
22 19666
22 19667
22 19668
22 19669
22 19670
22 19671
22 19672
22 19673
22 19674
22 19675
22 19676
22 19677
22 19678
22 19679
22 19680
22 19681
22 19682
22 19683
22 19684
22 19685
22 19686
22 19688
22 19689
22 19690
22 19691
22 19692
22 19693
22 19694
22 19695
22 19697
22 19698
22 19699
22 19700
22 19701
22 19702
22 19703
22 19704
22 19705
22 19707
22 19708
22 19709
22 19710
22 19711
22 19712
22 19713
22 19714
22 19715
22 19716
22 19717
22 19718
22 19719
22 19720
22 19721
22 19722
22 19723
22 19724
22 19725
22 19726
22 19727
22 19728
22 19729
22 19730
22 19731
22 19732
22 19733
22 19734
22 19735
22 19736
22 19737
22 19738
22 19739
22 19740
22 19741
22 19742
22 19743
22 19744
22 19745
22 19746
22 19747
22 19748
22 19749
22 19750
22 19751
22 19752
22 19753
22 19754
22 19755
22 19756
22 19757
22 19758
22 19759
22 19760
22 19761
22 19762
22 19763
22 19764
22 19765
22 19766
22 19767
22 19768
22 19769
22 19770
22 19771
22 19772
22 19773
22 19774
22 19775
22 19776
22 19777
22 19778
22 19779
22 19780
22 19781
22 19782
22 19783
22 19784
22 19785
22 19786
22 19787
22 19788
22 19789
22 19790
22 19791
22 19792
22 19793
22 19794
22 19795
22 19796
22 19797
22 19798
22 19799
22 19800
22 19808
22 19809
22 19810
22 19811
22 19812
22 19813
22 19814
22 19815
22 19816
22 19817
22 19818
22 19819
22 19820
22 19821
22 19822
22 19823
22 19829
22 19830
22 19831
22 19832
22 19833
22 19835
22 19836
22 19837
22 19838
22 19839
22 19840
22 19841
22 19842
22 19843
22 19844
22 19845
22 19846
22 19847
22 19848
22 19849
22 19850
22 19852
22 19853
22 19854
22 19855
22 19856
22 19857
22 19858
22 19859
22 19860
22 19861
22 19862
22 19863
22 19864
22 19865
22 19866
22 19867
22 19868
22 19869
22 19870
22 19871
22 19872
22 19873
22 19874
22 19875
22 19876
22 19877
22 19878
22 19879
22 19880
22 19881
22 19882
22 19883
22 19884
22 19885
22 19886
22 19887
22 19888
22 19889
22 19890
22 19891
22 19892
22 19893
22 19894
22 19895
22 19896
22 19897
22 19898
22 19899
22 19900
22 19901
22 19902
22 19903
22 19904
22 19905
22 19907
22 19908
22 19909
22 19910
22 19911
22 19912
22 19913
22 19914
22 19915
22 19916
22 19917
22 19918
22 19919
22 19920
22 19921
22 19922
22 19923
22 19924
22 19925
22 19926
22 19927
22 19928
22 19929
22 19930
22 19931
22 19932
22 19933
22 19934
22 19935
22 19936
22 19937
22 19938
22 19939
22 19940
22 19941
22 19942
22 19943
22 19944
22 19945
22 19947
22 19948
22 19949
22 19950
22 19951
22 19952
22 19953
22 19954
22 19955
22 19956
22 19957
22 19958
22 19959
22 19960
22 19961
22 19962
22 19963
22 19964
22 19965
22 19966
22 19967
22 19968
22 19969
22 19970
22 19971
22 19972
22 19973
22 19974
22 19975
22 19976
22 19977
22 19978
22 19979
22 19980
22 19981
22 19982
22 19983
22 19984
22 19985
22 19986
22 19987
22 19988
22 19989
22 19990
22 19991
22 19992
22 19993
22 19994
22 19995
22 19997
22 19998
22 19999
22 20000
22 20001
22 20002
22 20004
22 20005
22 20006
22 20007
22 20008
22 20009
22 20010
22 20011
22 20012
22 20013
22 20014
22 20015
22 20016
22 20017
22 20018
22 20019
22 20020
22 20021
22 20022
22 20023
22 20024
22 20025
22 20027
22 20028
22 20029
22 20030
22 20031
22 20032
22 20035
22 20036
22 20037
22 20038
22 20039
22 20040
22 20041
22 20042
22 20043
22 20045
22 20046
22 20047
22 20048
22 20050
22 20051
22 20052
22 20053
22 20054
22 20055
22 20056
22 20057
22 20058
22 20059
22 20060
22 20061
22 20062
22 20063
22 20064
22 20065
22 20066
22 20067
22 20068
22 20070
22 20071
22 20072
22 20073
22 20074
22 20075
22 20076
22 20077
22 20078
22 20079
22 20080
22 20081
22 20082
22 20083
22 20084
22 20085
22 20086
22 20087
22 20088
22 20089
22 20090
22 20091
22 20092
22 20093
22 20094
22 20096
22 20097
22 20098
22 20099
22 20100
22 20101
22 20102
22 20103
22 20104
22 20105
22 20106
22 20107
22 20108
22 20109
22 20110
22 20111
22 20112
22 20113
22 20114
22 20115
22 20116
22 20117
22 20118
22 20120
22 20121
22 20122
22 20125
22 20126
22 20127
22 20128
22 20129
22 20130
22 20131
22 20132
22 20133
22 20134
22 20135
22 20136
22 20137
22 20138
22 20139
22 20140
22 20141
22 20142
22 20143
22 20144
22 20145
22 20146
22 20147
22 20148
22 20149
22 20150
22 20151
22 20152
22 20153
22 20154
22 20155
22 20156
22 20158
22 20159
22 20160
22 20161
22 20162
22 20163
22 20164
22 20165
22 20166
22 20167
22 20168
22 20169
22 20170
22 20171
22 20172
22 20173
22 20174
22 20175
22 20176
22 20177
22 20178
22 20179
22 20180
22 20181
22 20182
22 20183
22 20184
22 20185
22 20186
22 20187
22 20188
22 20189
22 20190
22 20191
22 20192
22 20193
22 20194
22 20195
22 20196
22 20197
22 20198
22 20199
22 20200
22 20201
22 20202
22 20203
22 20206
22 20207
22 20208
22 20209
22 20210
22 20211
22 20212
22 20213
22 20214
22 20216
22 20219
22 20220
22 20221
22 20222
22 20223
22 20224
22 20225
22 20226
22 20227
22 20228
22 20229
22 20230
22 20231
22 20232
22 20233
22 20234
22 20235
22 20236
22 20237
22 20239
22 20240
22 20241
22 20242
22 20243
22 20244
22 20245
22 20246
22 20247
22 20248
22 20249
22 20250
22 20251
22 20252
22 20253
22 20254
22 20256
22 20257
22 20258
22 20259
22 20260
22 20261
22 20262
22 20263
22 20264
22 20265
22 20266
22 20267
22 20268
22 20269
22 20270
22 20271
22 20273
22 20274
22 20275
22 20276
22 20277
22 20278
22 20279
22 20280
22 20282
22 20283
22 20285
22 20286
22 20287
22 20288
22 20289
22 20290
22 20291
22 20292
22 20293
22 20294
22 20295
22 20297
22 20298
22 20299
22 20300
22 20302
22 20303
22 20304
22 20305
22 20306
22 20307
22 20308
22 20309
22 20310
22 20311
22 20312
22 20313
22 20314
22 20315
22 20316
22 20317
22 20318
22 20319
22 20320
22 20321
22 20322
22 20323
22 20324
22 20326
22 20328
22 20329
22 20330
22 20331
22 20332
22 20333
22 20334
22 20336
22 20337
22 20338
22 20339
22 20340
22 20344
22 20346
22 20347
22 20348
22 20350
22 20351
22 20352
22 20353
22 20354
22 20355
22 20356
22 20357
22 20358
22 20359
22 20360
22 20361
22 20363
22 20365
22 20368
22 20369
22 20372
22 20373
22 20375
22 20376
22 20377
22 20378
22 20379
22 20380
22 20381
22 20382
22 20383
22 20384
22 20392
22 20393
22 20394
22 20395
22 20396
22 20398
22 20401
22 20402
22 20404
22 20405
22 20406
22 20407
22 20408
22 20409
22 20410
22 20411
22 20412
22 20413
22 20414
22 20415
22 20419
22 20420
22 20421
22 20422
22 20423
22 20424
22 20425
22 20426
22 20428
22 20432
22 20434
22 20435
22 20436
22 20437
22 20445
22 20446
22 20447
22 20448
22 20450
22 20451
22 20452
22 20453
22 20454
22 20455
22 20459
22 20461
22 20462
22 20463
22 20464
22 20466
22 20467
22 20468
22 20469
22 20470
22 20471
22 20472
22 20473
22 20474
22 20475
22 20476
22 20477
22 20478
22 20479
22 20480
22 20481
22 20482
22 20483
22 20484
22 20485
22 20486
22 20487
22 20488
22 20489
22 20490
22 20491
22 20492
22 20493
22 20494
22 20495
22 20496
22 20497
22 20498
22 20499
22 20500
22 20501
22 20502
22 20503
22 20504
22 20505
22 20506
22 20507
22 20508
22 20511
22 20512
22 20513
22 20516
22 20519
22 20521
22 20522
22 20523
22 20524
22 20525
22 20526
22 20528
22 20529
22 20530
22 20531
22 20532
22 20533
22 20534
22 20537
22 20538
22 20539
22 20540
22 20541
22 20542
22 20543
22 20544
22 20545
22 20546
22 20547
22 20548
22 20549
22 20550
22 20551
22 20552
22 20553
22 20554
22 20555
22 20556
22 20557
22 20558
22 20559
22 20560
22 20561
22 20562
22 20563
22 20564
22 20565
22 20566
22 20567
22 20568
22 20569
22 20571
22 20572
22 20573
22 20574
22 20575
22 20577
22 20578
22 20579
22 20580
22 20581
22 20582
22 20583
22 20584
22 20585
22 20586
22 20587
22 20588
22 20589
22 20590
22 20591
22 20594
22 20595
22 20596
22 20597
22 20598
22 20599
22 20600
22 20601
22 20602
22 20603
22 20606
22 20607
22 20608
22 20609
22 20610
22 20611
22 20612
22 20613
22 20614
22 20615
22 20616
22 20617
22 20618
22 20619
22 20621
22 20622
22 20623
22 20624
22 20625
22 20626
22 20627
22 20628
22 20629
22 20630
22 20631
22 20632
22 20633
22 20634
22 20635
22 20637
22 20639
22 20641
22 20643
22 20645
22 20646
22 20647
22 20648
22 20649
22 20650
22 20651
22 20652
22 20653
22 20654
22 20655
22 20656
22 20657
22 20658
22 20659
22 20660
22 20661
22 20662
22 20663
22 20664
22 20665
22 20666
22 20667
22 20668
22 20669
22 20671
22 20673
22 20674
22 20675
22 20676
22 20677
22 20678
22 20679
22 20680
22 20681
22 20686
22 20690
22 20692
22 20694
22 20695
22 20696
22 20697
22 20698
22 20699
22 20701
22 20702
22 20703
22 20704
22 20705
22 20706
22 20707
22 20708
22 20711
22 20712
22 20713
22 20714
22 20716
22 20724
22 20725
22 20726
22 20727
22 20728
22 20729
22 20730
22 20737
22 20738
22 20739
22 20740
22 20748
22 20749
22 20750
22 20751
22 20753
22 20754
22 20760
22 20761
22 20762
22 20764
22 20766
22 20767
22 20768
22 20769
22 20771
22 20772
22 20775
22 20776
22 20777
22 20778
22 20782
22 20783
22 20784
22 20785
22 20786
22 20787
22 20789
22 20790
22 20791
22 20792
22 20794
22 20796
22 20797
22 20800
22 20801
22 20802
22 20804
22 20806
22 20807
22 20808
22 20810
22 20811
22 20812
22 20815
22 20816
22 20817
22 20818
22 20819
22 20820
22 20822
22 20825
22 20826
22 20831
22 20832
22 20834
22 20836
22 20837
22 20838
22 20839
22 20840
22 20842
22 20843
22 20844
22 20845
22 20848
22 20849
22 20850
22 20851
22 20853
22 20856
22 20857
22 20858
22 20859
22 20860
22 20861
22 20862
22 20864
22 20865
22 20866
22 20869
22 20870
22 20871
22 20873
22 20876
22 20878
22 20881
22 20882
22 20883
22 20884
22 20885
22 20886
22 20887
22 20888
22 20889
22 20890
22 20891
22 20892
22 20893
22 20894
22 20895
22 20896
22 20897
22 20898
22 20899
22 20900
22 20904
22 20906
22 20907
22 20908
22 20909
22 20910
22 20911
22 20912
22 20913
22 20914
22 20915
22 20916
22 20917
22 20918
22 20919
22 20920
22 20921
22 20922
22 20923
22 20924
22 20925
22 20926
22 20927
22 20928
22 20933
22 20934
22 20935
22 20936
22 20937
22 20938
22 20939
22 20940
22 20941
22 20942
22 20943
22 20944
22 20945
22 20946
22 20947
22 20948
22 20949
22 20950
22 20951
22 20953
22 20954
22 20955
22 20956
22 20957
22 20958
22 20959
22 20960
22 20961
22 20962
22 20963
22 20964
22 20965
22 20966
22 20967
22 20968
22 20970
22 20971
22 20972
22 20973
22 20974
22 20975
22 20976
22 20977
22 20978
22 20980
22 20981
22 20982
22 20983
22 20985
22 20986
22 20988
22 20989
22 20990
22 20991
22 20992
22 20993
22 20994
22 20995
22 20997
22 20998
22 20999
22 21000
22 21001
22 21002
22 21003
22 21005
22 21006
22 21007
22 21008
22 21009
22 21010
22 21011
22 21012
22 21013
22 21014
22 21015
22 21017
22 21018
22 21021
22 21022
22 21023
22 21024
22 21025
22 21027
22 21028
22 21029
22 21030
22 21031
22 21032
22 21033
22 21034
22 21035
22 21036
22 21038
22 21039
22 21041
22 21042
22 21043
22 21044
22 21045
22 21046
22 21047
22 21048
22 21049
22 21050
22 21051
22 21052
22 21053
22 21054
22 21056
22 21057
22 21058
22 21059
22 21060
22 21061
22 21062
22 21063
22 21064
22 21065
22 21066
22 21067
22 21068
22 21070
22 21071
22 21072
22 21074
22 21075
22 21076
22 21078
22 21079
22 21080
22 21081
22 21082
22 21083
22 21084
22 21085
22 21086
22 21087
22 21088
22 21089
22 21090
22 21091
22 21092
22 21093
22 21094
22 21097
22 21098
22 21099
22 21100
22 21101
22 21103
22 21107
22 21109
22 21110
22 21111
22 21112
22 21113
22 21114
22 21116
22 21118
22 21123
22 21124
22 21125
22 21126
22 21127
22 21129
22 21130
22 21131
22 21132
22 21134
22 21135
22 21136
22 21137
22 21138
22 21140
22 21141
22 21142
22 21143
22 21144
22 21145
22 21147
22 21148
22 21149
22 21156
22 21161
22 21167
22 21170
22 21171
22 21172
22 21173
22 21174
22 21175
22 21176
22 21177
22 21178
22 21179
22 21180
22 21181
22 21182
22 21184
22 21185
22 21187
22 21188
22 21189
22 21191
22 21192
22 21193
22 21194
22 21197
22 21198
22 21199
22 21200
22 21202
22 21203
22 21207
22 21209
22 21211
22 21212
22 21213
22 21214
22 21215
22 21216
22 21218
22 21219
22 21221
22 21222
22 21223
22 21224
22 21227
22 21228
22 21229
22 21230
22 21231
22 21232
22 21233
22 21234
22 21235
22 21236
22 21237
22 21238
22 21239
22 21240
22 21241
22 21244
22 21245
22 21246
22 21249
22 21250
22 21251
22 21252
22 21253
22 21254
22 21256
22 21257
22 21258
22 21259
22 21260
22 21262
22 21263
22 21264
22 21265
22 21266
22 21267
22 21268
22 21269
22 21270
22 21271
22 21272
22 21273
22 21274
22 21275
22 21276
22 21277
22 21278
22 21279
22 21280
22 21282
22 21283
22 21284
22 21285
22 21286
22 21288
22 21289
22 21290
22 21291
22 21292
22 21293
22 21294
22 21295
22 21296
22 21297
22 21298
22 21299
22 21300
22 21301
22 21302
22 21304
22 21305
22 21306
22 21307
22 21308
22 21309
22 21310
22 21311
22 21312
22 21313
22 21314
22 21315
22 21316
22 21318
22 21319
22 21320
22 21321
22 21322
22 21323
22 21324
22 21325
22 21326
22 21327
22 21328
22 21329
22 21330
22 21331
22 21334
22 21335
22 21336
22 21337
22 21338
22 21339
22 21340
22 21341
22 21342
22 21343
22 21344
22 21345
22 21346
22 21347
22 21348
22 21349
22 21350
22 21351
22 21352
22 21353
22 21354
22 21355
22 21356
22 21358
22 21359
22 21360
22 21361
22 21362
22 21363
22 21364
22 21365
22 21366
22 21367
22 21368
22 21369
22 21370
22 21371
22 21372
22 21373
22 21374
22 21375
22 21376
22 21377
22 21378
22 21379
22 21381
22 21382
22 21383
22 21384
22 21385
22 21386
22 21387
22 21388
22 21389
22 21390
22 21391
22 21392
22 21393
22 21394
22 21395
22 21396
22 21397
22 21398
22 21399
22 21400
22 21401
22 21402
22 21403
22 21404
22 21405
22 21406
22 21407
22 21408
22 21409
22 21410
22 21411
22 21412
22 21413
22 21414
22 21415
22 21416
22 21417
22 21418
22 21419
22 21420
22 21421
22 21422
22 21423
22 21424
22 21425
22 21426
22 21427
22 21428
22 21429
22 21431
22 21432
22 21433
22 21434
22 21435
22 21436
22 21437
22 21438
22 21439
22 21440
22 21441
22 21442
22 21443
22 21444
22 21445
22 21446
22 21447
22 21448
22 21449
22 21450
22 21451
22 21452
22 21453
22 21454
22 21455
22 21456
22 21457
22 21458
22 21459
22 21460
22 21461
22 21462
22 21463
22 21464
22 21465
22 21466
22 21467
22 21468
22 21469
22 21470
22 21471
22 21472
22 21473
22 21474
22 21475
22 21476
22 21477
22 21478
22 21479
22 21480
22 21481
22 21482
22 21483
22 21484
22 21485
22 21486
22 21487
22 21488
22 21489
22 21490
22 21491
22 21492
22 21493
22 21494
22 21495
22 21496
22 21497
22 21498
22 21499
22 21500
22 21501
22 21502
22 21503
22 21504
22 21505
22 21506
22 21507
22 21508
22 21509
22 21510
22 21511
22 21512
22 21513
22 21514
22 21515
22 21516
22 21517
22 21518
22 21519
22 21520
22 21521
22 21522
22 21523
22 21524
22 21525
22 21526
22 21527
22 21528
22 21529
22 21530
22 21531
22 21532
22 21533
22 21534
22 21536
22 21537
22 21538
22 21539
22 21540
22 21541
22 21542
22 21543
22 21544
22 21545
22 21546
22 21547
22 21548
22 21549
22 21550
22 21551
22 21552
22 21553
22 21554
22 21555
22 21556
22 21557
22 21558
22 21559
22 21560
22 21561
22 21562
22 21563
22 21564
22 21565
22 21566
22 21567
22 21568
22 21569
22 21570
22 21571
22 21572
22 21573
22 21574
22 21575
22 21576
22 21577
22 21578
22 21579
22 21582
22 21583
22 21584
22 21585
22 21586
22 21587
22 21588
22 21589
22 21590
22 21591
22 21592
22 21593
22 21594
22 21595
22 21596
22 21597
22 21598
22 21599
22 21600
22 21601
22 21602
22 21603
22 21604
22 21605
22 21606
22 21607
22 21608
22 21609
22 21610
22 21611
22 21612
22 21613
22 21614
22 21615
22 21616
22 21617
22 21618
22 21619
22 21620
22 21621
22 21623
22 21624
22 21625
22 21626
22 21627
22 21628
22 21629
22 21630
22 21631
22 21632
22 21633
22 21634
22 21635
22 21636
22 21637
22 21638
22 21639
22 21640
22 21641
22 21642
22 21643
22 21644
22 21645
22 21646
22 21647
22 21648
22 21649
22 21650
22 21651
22 21652
22 21653
22 21654
22 21655
22 21656
22 21657
22 21658
22 21659
22 21660
22 21661
22 21662
22 21663
22 21664
22 21666
22 21667
22 21668
22 21669
22 21670
22 21671
22 21672
22 21673
22 21674
22 21675
22 21676
22 21678
22 21679
22 21680
22 21681
22 21682
22 21683
22 21684
22 21685
22 21686
22 21687
22 21688
22 21689
22 21690
22 21691
22 21692
22 21693
22 21694
22 21695
22 21696
22 21697
22 21698
22 21699
22 21700
22 21701
22 21702
22 21703
22 21704
22 21705
22 21706
22 21707
22 21709
22 21711
22 21712
22 21713
22 21714
22 21715
22 21717
22 21718
22 21719
22 21720
22 21721
22 21722
22 21723
22 21724
22 21725
22 21726
22 21727
22 21728
22 21729
22 21730
22 21731
22 21732
22 21733
22 21734
22 21735
22 21736
22 21737
22 21738
22 21739
22 21740
22 21741
22 21742
22 21743
22 21744
22 21745
22 21746
22 21747
22 21748
22 21749
22 21750
22 21751
22 21752
22 21753
22 21754
22 21755
22 21756
22 21757
22 21758
22 21759
22 21760
22 21761
22 21762
22 21763
22 21764
22 21765
22 21766
22 21767
22 21768
22 21769
22 21770
22 21771
22 21772
22 21773
22 21774
22 21775
22 21776
22 21777
22 21778
22 21779
22 21780
22 21782
22 21783
22 21787
22 21788
22 21789
22 21790
22 21791
22 21792
22 21794
22 21795
22 21796
22 21798
22 21799
22 21800
22 21801
22 21802
22 21803
22 21804
22 21805
22 21806
22 21807
22 21808
22 21809
22 21810
22 21812
22 21813
22 21814
22 21815
22 21816
22 21817
22 21818
22 21819
22 21820
22 21821
22 21822
22 21823
22 21824
22 21825
22 21826
22 21827
22 21828
22 21829
22 21830
22 21831
22 21832
22 21833
22 21834
22 21835
22 21836
22 21837
22 21838
22 21839
22 21840
22 21841
22 21842
22 21843
22 21844
22 21845
22 21846
22 21847
22 21848
22 21849
22 21850
22 21851
22 21854
22 21855
22 21856
22 21857
22 21858
22 21859
22 21860
22 21861
22 21862
22 21863
22 21865
22 21866
22 21867
22 21868
22 21869
22 21870
22 21872
22 21874
22 21875
22 21876
22 21877
22 21878
22 21879
22 21880
22 21886
22 21887
22 21888
22 21889
22 21890
22 21891
22 21892
22 21893
22 21894
22 21895
22 21896
22 21897
22 21898
22 21899
22 21900
22 21901
22 21902
22 21903
22 21904
22 21906
22 21907
22 21908
22 21909
22 21910
22 21911
22 21912
22 21913
22 21914
22 21915
22 21916
22 21917
22 21918
22 21919
22 21920
22 21921
22 21922
22 21923
22 21924
22 21925
22 21926
22 21927
22 21928
22 21929
22 21930
22 21931
22 21932
22 21933
22 21934
22 21935
22 21936
22 21937
22 21938
22 21939
22 21940
22 21941
22 21942
22 21943
22 21944
22 21945
22 21946
22 21947
22 21948
22 21949
22 21950
22 21951
22 21952
22 21953
22 21954
22 21955
22 21956
22 21957
22 21959
22 21960
22 21962
22 21963
22 21964
22 21965
22 21966
22 21968
22 21969
22 21970
22 21971
22 21972
22 21973
22 21975
22 21977
22 21978
22 21979
22 21980
22 21983
22 21984
22 21986
22 21987
22 21988
22 21992
22 21993
22 21998
22 21999
22 22000
22 22001
22 22005
22 22006
22 22007
22 22009
22 22010
22 22011
22 22012
22 22013
22 22014
22 22016
22 22018
22 22019
22 22020
22 22021
22 22022
22 22024
22 22025
22 22026
22 22029
22 22030
22 22031
22 22032
22 22033
22 22034
22 22035
22 22036
22 22037
22 22038
22 22039
22 22040
22 22041
22 22042
22 22043
22 22044
22 22045
22 22046
22 22047
22 22048
22 22049
22 22050
22 22051
22 22054
22 22056
22 22057
22 22058
22 22059
22 22060
22 22061
22 22062
22 22063
22 22064
22 22065
22 22066
22 22067
22 22068
22 22069
22 22072
22 22073
22 22074
22 22075
22 22076
22 22077
22 22078
22 22079
22 22080
22 22081
22 22082
22 22083
22 22084
22 22085
22 22086
22 22087
22 22088
22 22089
22 22090
22 22091
22 22092
22 22093
22 22094
22 22095
22 22096
22 22097
22 22098
22 22099
22 22100
22 22101
22 22102
22 22103
22 22104
22 22105
22 22106
22 22107
22 22108
22 22109
22 22110
22 22111
22 22112
22 22113
22 22114
22 22115
22 22116
22 22117
22 22118
22 22119
22 22120
22 22121
22 22122
22 22123
22 22124
22 22125
22 22126
22 22127
22 22128
22 22129
22 22130
22 22131
22 22132
22 22133
22 22134
22 22135
22 22136
22 22137
22 22138
22 22139
22 22140
22 22141
22 22142
22 22143
22 22144
22 22145
22 22146
22 22147
22 22148
22 22149
22 22150
22 22151
22 22152
22 22153
22 22154
22 22155
22 22156
22 22157
22 22158
22 22159
22 22160
22 22161
22 22162
22 22163
22 22164
22 22165
22 22166
22 22167
22 22168
22 22169
22 22170
22 22171
22 22172
22 22173
22 22174
22 22175
22 22176
22 22177
22 22178
22 22179
22 22180
22 22181
22 22182
22 22183
22 22184
22 22186
22 22187
22 22188
22 22189
22 22191
22 22192
22 22193
22 22194
22 22195
22 22196
22 22197
22 22198
22 22199
22 22200
22 22201
22 22202
22 22203
22 22204
22 22205
22 22207
22 22208
22 22209
22 22210
22 22211
22 22212
22 22214
22 22215
22 22216
22 22217
22 22218
22 22219
22 22220
22 22221
22 22222
22 22223
22 22224
22 22225
22 22226
22 22227
22 22228
22 22229
22 22230
22 22231
22 22232
22 22233
22 22234
22 22235
22 22236
22 22237
22 22239
22 22240
22 22241
22 22242
22 22244
22 22245
22 22246
22 22247
22 22248
22 22249
22 22250
22 22251
22 22252
22 22253
22 22255
22 22256
22 22257
22 22258
22 22259
22 22260
22 22261
22 22262
22 22263
22 22264
22 22265
22 22266
22 22267
22 22269
22 22270
22 22272
22 22273
22 22274
22 22275
22 22276
22 22279
22 22280
22 22283
22 22284
22 22285
22 22286
22 22287
22 22288
22 22289
22 22290
22 22291
22 22293
22 22294
22 22295
22 22296
22 22297
22 22298
22 22299
22 22300
22 22301
22 22302
22 22303
22 22304
22 22305
22 22306
22 22307
22 22308
22 22309
22 22310
22 22311
22 22312
22 22313
22 22314
22 22315
22 22316
22 22317
22 22318
22 22319
22 22320
22 22321
22 22322
22 22323
22 22324
22 22325
22 22326
22 22327
22 22328
22 22329
22 22330
22 22331
22 22332
22 22333
22 22334
22 22335
22 22336
22 22337
22 22338
22 22339
22 22340
22 22341
22 22342
22 22343
22 22344
22 22345
22 22346
22 22347
22 22349
22 22350
22 22354
22 22355
22 22357
22 22359
22 22360
22 22361
22 22362
22 22363
22 22364
22 22365
22 22366
22 22367
22 22368
22 22369
22 22370
22 22371
22 22372
22 22374
22 22375
22 22376
22 22377
22 22378
22 22379
22 22380
22 22385
22 22386
22 22393
22 22396
22 22397
22 22398
22 22399
22 22400
22 22401
22 22402
22 22404
22 22406
22 22413
22 22414
22 22415
22 22416
22 22418
22 22419
22 22420
22 22421
22 22428
22 22429
22 22430
22 22431
22 22434
22 22435
22 22437
22 22438
22 22440
22 22441
22 22444
22 22446
22 22449
22 22450
22 22451
22 22452
22 22453
22 22454
22 22455
22 22456
22 22457
22 22458
22 22459
22 22460
22 22461
22 22464
22 22465
22 22466
22 22468
22 22469
22 22470
22 22471
22 22472
22 22473
22 22474
22 22475
22 22476
22 22479
22 22480
22 22481
22 22482
22 22483
22 22485
22 22486
22 22487
22 22488
22 22489
22 22490
22 22491
22 22492
22 22493
22 22496
22 22497
22 22498
22 22499
22 22500
22 22501
22 22502
22 22503
22 22504
22 22505
22 22506
22 22507
22 22508
22 22509
22 22510
22 22511
22 22512
22 22513
22 22514
22 22516
22 22517
22 22518
22 22519
22 22520
22 22521
22 22522
22 22523
22 22524
22 22525
22 22526
22 22527
22 22528
22 22529
22 22530
22 22531
22 22532
22 22533
22 22534
22 22535
22 22536
22 22537
22 22538
22 22539
22 22540
22 22541
22 22542
22 22543
22 22546
22 22547
22 22548
22 22549
22 22550
22 22551
22 22552
22 22553
22 22554
22 22555
22 22556
22 22557
22 22558
22 22559
22 22560
22 22561
22 22562
22 22563
22 22564
22 22565
22 22566
22 22567
22 22569
22 22570
22 22571
22 22572
22 22573
22 22574
22 22575
22 22576
22 22577
22 22578
22 22579
22 22580
22 22581
22 22582
22 22583
22 22584
22 22586
22 22588
22 22591
22 22592
22 22593
22 22594
22 22595
22 22596
22 22597
22 22598
22 22599
22 22600
22 22602
22 22603
22 22604
22 22605
22 22606
22 22607
22 22608
22 22609
22 22610
22 22611
22 22612
22 22617
22 22618
22 22619
22 22622
22 22624
22 22625
22 22626
22 22627
22 22628
22 22629
22 22630
22 22631
22 22632
22 22633
22 22634
22 22635
22 22636
22 22637
22 22638
22 22639
22 22640
22 22641
22 22642
22 22644
22 22645
22 22646
22 22647
22 22648
22 22650
22 22654
22 22655
22 22656
22 22657
22 22658
22 22662
22 22663
22 22665
22 22666
22 22667
22 22668
22 22671
22 22673
22 22674
22 22675
22 22677
22 22678
22 22679
22 22680
22 22681
22 22682
22 22683
22 22689
22 22690
22 22694
22 22695
22 22696
22 22697
22 22698
22 22699
22 22700
22 22701
22 22702
22 22703
22 22704
22 22705
22 22706
22 22707
22 22708
22 22709
22 22710
22 22711
22 22712
22 22713
22 22714
22 22715
22 22716
22 22721
22 22722
22 22723
22 22724
22 22725
22 22726
22 22727
22 22728
22 22729
22 22730
22 22731
22 22732
22 22733
22 22735
22 22736
22 22737
22 22738
22 22739
22 22740
22 22741
22 22743
22 22745
22 22746
22 22747
22 22750
22 22751
22 22752
22 22753
22 22754
22 22755
22 22756
22 22757
22 22758
22 22759
22 22760
22 22765
22 22766
22 22767
22 22768
22 22769
22 22770
22 22771
22 22772
22 22773
22 22774
22 22775
22 22776
22 22777
22 22778
22 22779
22 22780
22 22781
22 22782
22 22783
22 22784
22 22785
22 22786
22 22788
22 22789
22 22790
22 22791
22 22792
22 22793
22 22794
22 22795
22 22796
22 22797
22 22798
22 22799
22 22800
22 22801
22 22802
22 22803
22 22804
22 22805
22 22806
22 22807
22 22808
22 22809
22 22810
22 22811
22 22812
22 22813
22 22814
22 22815
22 22816
22 22817
22 22819
22 22820
22 22821
22 22822
22 22823
22 22824
22 22825
22 22826
22 22827
22 22828
22 22829
22 22830
22 22831
22 22832
22 22833
22 22836
22 22837
22 22838
22 22840
22 22841
22 22843
22 22844
22 22845
22 22846
22 22847
22 22848
22 22852
22 22853
22 22854
22 22855
22 22858
22 22859
22 22860
22 22861
22 22862
22 22863
22 22864
22 22866
22 22868
22 22869
22 22870
22 22871
22 22872
22 22873
22 22874
22 22875
22 22876
22 22878
22 22879
22 22880
22 22882
22 22883
22 22884
22 22885
22 22886
22 22887
22 22888
22 22889
22 22890
22 22891
22 22892
22 22893
22 22894
22 22895
22 22896
22 22897
22 22898
22 22899
22 22900
22 22903
22 22904
22 22905
22 22906
22 22907
22 22909
22 22910
22 22911
22 22912
22 22914
22 22917
22 22918
22 22919
22 22920
22 22926
22 22929
22 22930
22 22931
22 22936
22 22940
22 22956
22 22964
22 22967
22 22968
22 22969
22 22971
22 22972
22 22973
22 22974
22 22975
22 22976
22 22977
22 22978
22 22980
22 22984
22 22985
22 22986
22 22989
22 22990
22 22991
22 23002
22 23004
22 23005
22 23008
22 23011
22 23013
22 23014
22 23025
22 23030
22 23036
22 23041
22 23043
22 23045
22 23046
22 23061
22 23062
22 23063
22 23064
22 23065
22 23067
22 23068
22 23069
22 23070
22 23071
22 23072
22 23073
22 23074
22 23075
22 23076
22 23077
22 23078
22 23079
22 23080
22 23081
22 23082
22 23083
22 23084
22 23091
22 23092
22 23093
22 23094
22 23095
22 23098
22 23099
22 23101
22 23102
22 23103
22 23104
22 23105
22 23107
22 23108
22 23110
22 23111
22 23112
22 23113
22 23114
22 23117
22 23119
22 23120
22 23121
22 23124
22 23138
22 23144
22 23145
22 23147
22 23153
22 23158
22 23159
22 23162
22 23163
22 23164
22 23165
22 23166
22 23167
22 23168
22 23169
22 23170
22 23171
22 23172
22 23173
22 23174
22 23175
22 23176
22 23177
22 23178
22 23179
22 23180
22 23181
22 23182
22 23183
22 23184
22 23185
22 23186
22 23187
22 23188
22 23190
22 23191
22 23192
22 23193
22 23195
22 23197
22 23198
22 23199
22 23200
22 23201
22 23203
22 23204
22 23205
22 23210
22 23216
22 23217
22 23218
22 23219
22 23220
22 23221
22 23222
22 23223
22 23224
22 23225
22 23228
22 23230
22 23231
22 23236
22 23237
22 23238
22 23239
22 23241
22 23242
22 23243
22 23244
22 23245
22 23246
22 23250
22 23259
22 23263
22 23265
22 23268
22 23269
22 23270
22 23274
22 23277
22 23278
22 23279
22 23280
22 23281
22 23282
22 23283
22 23284
22 23285
22 23286
22 23287
22 23288
22 23290
22 23291
22 23292
22 23293
22 23294
22 23295
22 23296
22 23298
22 23299
22 23300
22 23301
22 23302
22 23304
22 23305
22 23307
22 23308
22 23309
22 23310
22 23311
22 23312
22 23313
22 23314
22 23315
22 23316
22 23317
22 23318
22 23319
22 23320
22 23321
22 23322
22 23323
22 23324
22 23325
22 23326
22 23332
22 23333
22 23336
22 23337
22 23338
22 23339
22 23340
22 23341
22 23342
22 23343
22 23344
22 23346
22 23347
22 23351
22 23352
22 23353
22 23357
22 23359
22 23360
22 23361
22 23362
22 23367
22 23368
22 23369
22 23371
22 23372
22 23373
22 23376
22 23377
22 23380
22 23385
22 23386
22 23387
22 23388
22 23389
22 23390
22 23391
22 23392
22 23393
22 23394
22 23395
22 23396
22 23397
22 23398
22 23399
22 23400
22 23403
22 23404
22 23405
22 23406
22 23407
22 23408
22 23409
22 23410
22 23411
22 23412
22 23413
22 23414
22 23415
22 23416
22 23417
22 23418
22 23419
22 23423
22 23424
22 23425
22 23426
22 23427
22 23428
22 23429
22 23430
22 23431
22 23432
22 23433
22 23434
22 23435
22 23436
22 23437
22 23440
22 23442
22 23443
22 23444
22 23445
22 23446
22 23447
22 23453
22 23454
22 23458
22 23462
22 23463
22 23464
22 23465
22 23466
22 23467
22 23468
22 23469
22 23470
22 23471
22 23472
22 23473
22 23475
22 23476
22 23477
22 23478
22 23479
22 23480
22 23481
22 23482
22 23483
22 23484
22 23485
22 23486
22 23487
22 23488
22 23489
22 23490
22 23491
22 23492
22 23493
22 23494
22 23495
22 23496
22 23497
22 23498
22 23499
22 23500
22 23501
22 23502
22 23503
22 23504
22 23505
22 23506
22 23507
22 23510
22 23511
22 23512
22 23513
22 23514
22 23515
22 23516
22 23517
22 23518
22 23519
22 23520
22 23521
22 23522
22 23523
22 23525
22 23526
22 23527
22 23528
22 23529
22 23530
22 23531
22 23532
22 23533
22 23534
22 23535
22 23536
22 23537
22 23538
22 23539
22 23540
22 23541
22 23542
22 23547
22 23548
22 23549
22 23550
22 23551
22 23552
22 23553
22 23555
22 23556
22 23557
22 23559
22 23560
22 23561
22 23564
22 23565
22 23566
22 23567
22 23568
22 23569
22 23570
22 23578
22 23580
22 23581
22 23582
22 23583
22 23584
22 23585
22 23586
22 23587
22 23588
22 23589
22 23590
22 23591
22 23592
22 23593
22 23594
22 23596
22 23597
22 23601
22 23602
22 23603
22 23604
22 23605
22 23606
22 23608
22 23609
22 23610
22 23611
22 23612
22 23614
22 23615
22 23616
22 23617
22 23618
22 23619
22 23620
22 23621
22 23622
22 23625
22 23628
22 23629
22 23630
22 23631
22 23632
22 23634
22 23635
22 23636
22 23639
22 23640
22 23641
22 23654
22 23656
22 23657
22 23658
22 23659
22 23661
22 23662
22 23665
22 23667
22 23669
22 23674
22 23684
22 23688
22 23689
22 23690
22 23692
22 23693
22 23694
22 23695
22 23696
22 23697
22 23698
22 23699
22 23700
22 23701
22 23702
22 23703
22 23704
22 23706
22 23707
22 23708
22 23709
22 23710
22 23712
22 23713
22 23714
22 23715
22 23720
22 23721
22 23722
22 23724
22 23725
22 23727
22 23728
22 23729
22 23730
22 23731
22 23734
22 23736
22 23737
22 23738
22 23739
22 23740
22 23741
22 23742
22 23743
22 23744
22 23745
22 23746
22 23749
22 23750
22 23751
22 23752
22 23757
22 23758
22 23759
22 23760
22 23761
22 23762
22 23763
22 23764
22 23765
22 23766
22 23767
22 23768
22 23769
22 23770
22 23771
22 23773
22 23774
22 23775
22 23777
22 23780
22 23781
22 23782
22 23783
22 23785
22 23786
22 23787
22 23789
22 23790
22 23791
22 23792
22 23793
22 23794
22 23795
22 23797
22 23798
22 23799
22 23800
22 23801
22 23802
22 23803
22 23804
22 23805
22 23806
22 23807
22 23808
22 23809
22 23811
22 23812
22 23813
22 23814
22 23815
22 23816
22 23817
22 23818
22 23821
22 23822
22 23823
22 23824
22 23825
22 23826
22 23827
22 23828
22 23829
22 23830
22 23831
22 23832
22 23833
22 23834
22 23835
22 23836
22 23837
22 23838
22 23839
22 23840
22 23842
22 23843
22 23844
22 23845
22 23846
22 23847
22 23848
22 23849
22 23851
22 23852
22 23854
22 23859
22 23860
22 23861
22 23862
22 23863
22 23864
22 23865
22 23866
22 23868
22 23869
22 23870
22 23871
22 23873
22 23874
22 23875
22 23876
22 23877
22 23878
22 23879
22 23880
22 23881
22 23882
22 23883
22 23884
22 23887
22 23890
22 23891
22 23892
22 23893
22 23894
22 23895
22 23896
22 23897
22 23898
22 23899
22 23900
22 23901
22 23902
22 23903
22 23904
22 23905
22 23907
22 23908
22 23909
22 23910
22 23911
22 23912
22 23913
22 23918
22 23919
22 23920
22 23921
22 23922
22 23923
22 23925
22 23926
22 23927
22 23932
22 23933
22 23935
22 23938
22 23939
22 23942
22 23943
22 23945
22 23946
22 23949
22 23950
22 23953
22 23954
22 23955
22 23956
22 23957
22 23958
22 23960
22 23961
22 23962
22 23963
22 23964
22 23965
22 23966
22 23967
22 23969
22 23971
22 23972
22 23973
22 23974
22 23976
22 23977
22 23978
22 23979
22 23980
22 23995
22 23996
22 23997
22 23998
22 23999
22 24000
22 24007
22 24008
22 24009
22 24010
22 24012
22 24015
22 24019
22 24020
22 24021
22 24026
22 24027
22 24029
22 24031
22 24032
22 24038
22 24039
22 24042
22 24044
22 24045
22 24046
22 24052
22 24053
22 24054
22 24055
22 24056
22 24058
22 24062
22 24065
22 24069
22 24070
22 24071
22 24072
22 24073
22 24074
22 24078
22 24079
22 24083
22 24085
22 24086
22 24087
22 24088
22 24089
22 24090
22 24091
22 24092
22 24093
22 24094
22 24095
22 24096
22 24099
22 24100
22 24101
22 24102
22 24104
22 24105
22 24111
22 24112
22 24114
22 24118
22 24120
22 24121
22 24124
22 24125
22 24126
22 24127
22 24129
22 24136
22 24142
22 24145
22 24147
22 24148
22 24150
22 24151
22 24152
22 24153
22 24154
22 24155
22 24156
22 24159
22 24164
22 24165
22 24168
22 24169
22 24170
22 24171
22 24172
22 24173
22 24178
22 24180
22 24182
22 24183
22 24185
22 24187
22 24188
22 24189
22 24190
22 24191
22 24192
22 24193
22 24194
22 24195
22 24200
22 24201
22 24202
22 24203
22 24204
22 24205
22 24206
22 24207
22 24209
22 24210
22 24211
22 24212
22 24213
22 24214
22 24215
22 24216
22 24218
22 24219
22 24220
22 24222
22 24223
22 24224
22 24225
22 24226
22 24227
22 24228
22 24229
22 24231
22 24235
22 24236
22 24237
22 24240
22 24242
22 24243
22 24244
22 24245
22 24246
22 24247
22 24248
22 24249
22 24250
22 24252
22 24253
22 24254
22 24256
22 24258
22 24259
22 24260
22 24262
22 24264
22 24265
22 24266
22 24267
22 24268
22 24269
22 24270
22 24271
22 24272
22 24273
22 24274
22 24276
22 24277
22 24278
22 24279
22 24280
22 24281
22 24282
22 24283
22 24286
22 24287
22 24289
22 24291
22 24292
22 24294
22 24295
22 24296
22 24297
22 24298
22 24299
22 24300
22 24302
22 24303
22 24304
22 24305
22 24306
22 24307
22 24308
22 24309
22 24310
22 24311
22 24312
22 24313
22 24315
22 24316
22 24317
22 24319
22 24320
22 24322
22 24323
22 24324
22 24330
22 24331
22 24332
22 24333
22 24334
22 24335
22 24336
22 24337
22 24338
22 24339
22 24340
22 24341
22 24342
22 24343
22 24344
22 24345
22 24346
22 24347
22 24348
22 24349
22 24350
22 24351
22 24352
22 24353
22 24354
22 24355
22 24356
22 24357
22 24358
22 24359
22 24360
22 24361
22 24362
22 24363
22 24364
22 24365
22 24366
22 24367
22 24368
22 24369
22 24370
22 24371
22 24372
22 24373
22 24374
22 24375
22 24376
22 24378
22 24380
22 24381
22 24382
22 24383
22 24384
22 24386
22 24388
22 24389
22 24390
22 24391
22 24392
22 24393
22 24394
22 24395
22 24396
22 24398
22 24399
22 24407
22 24408
22 24409
22 24410
22 24411
22 24412
22 24413
22 24414
22 24415
22 24416
22 24417
22 24418
22 24419
22 24420
22 24421
22 24422
22 24423
22 24424
22 24425
22 24426
22 24427
22 24428
22 24429
22 24430
22 24431
22 24432
22 24433
22 24434
22 24435
22 24436
22 24437
22 24438
22 24439
22 24440
22 24441
22 24442
22 24443
22 24444
22 24445
22 24446
22 24447
22 24448
22 24449
22 24450
22 24451
22 24452
22 24454
22 24455
22 24456
22 24457
22 24458
22 24459
22 24460
22 24461
22 24462
22 24463
22 24464
22 24465
22 24466
22 24467
22 24470
22 24471
22 24472
22 24473
22 24474
22 24475
22 24476
22 24477
22 24479
22 24480
22 24481
22 24482
22 24484
22 24485
22 24486
22 24487
22 24488
22 24489
22 24490
22 24491
22 24493
22 24494
22 24496
22 24497
22 24498
22 24502
22 24503
22 24507
22 24508
22 24509
22 24510
22 24511
22 24512
22 24513
22 24514
22 24516
22 24517
22 24518
22 24520
22 24521
22 24522
22 24524
22 24525
22 24528
22 24529
22 24530
22 24531
22 24532
22 24533
22 24535
22 24536
22 24537
22 24539
22 24540
22 24541
22 24542
22 24544
22 24546
22 24548
22 24550
22 24552
22 24559
22 24561
22 24562
22 24563
22 24566
22 24571
22 24572
22 24573
22 24574
22 24575
22 24576
22 24579
22 24580
22 24581
22 24582
22 24583
22 24584
22 24586
22 24587
22 24588
22 24589
22 24590
22 24591
22 24592
22 24593
22 24594
22 24595
22 24597
22 24598
22 24599
22 24600
22 24601
22 24602
22 24603
22 24604
22 24605
22 24606
22 24607
22 24608
22 24609
22 24610
22 24612
22 24613
22 24614
22 24616
22 24617
22 24618
22 24619
22 24621
22 24622
22 24623
22 24624
22 24625
22 24626
22 24627
22 24628
22 24629
22 24630
22 24631
22 24632
22 24633
22 24634
22 24635
22 24636
22 24637
22 24638
22 24639
22 24640
22 24641
22 24643
22 24644
22 24645
22 24646
22 24647
22 24649
22 24650
22 24651
22 24653
22 24654
22 24655
22 24656
22 24657
22 24659
22 24660
22 24661
22 24662
22 24663
22 24664
22 24665
22 24666
22 24667
22 24668
22 24669
22 24670
22 24671
22 24672
22 24673
22 24674
22 24675
22 24676
22 24677
22 24678
22 24679
22 24681
22 24682
22 24683
22 24684
22 24685
22 24686
22 24687
22 24688
22 24689
22 24690
22 24691
22 24692
22 24693
22 24694
22 24695
22 24697
22 24698
22 24699
22 24700
22 24701
22 24702
22 24703
22 24704
22 24705
22 24706
22 24707
22 24708
22 24712
22 24713
22 24714
22 24715
22 24716
22 24717
22 24718
22 24719
22 24720
22 24721
22 24722
22 24723
22 24724
22 24725
22 24726
22 24728
22 24729
22 24730
22 24731
22 24732
22 24733
22 24734
22 24735
22 24736
22 24737
22 24738
22 24739
22 24740
22 24741
22 24742
22 24743
22 24744
22 24745
22 24746
22 24747
22 24748
22 24749
22 24750
22 24752
22 24753
22 24755
22 24756
22 24757
22 24758
22 24759
22 24760
22 24761
22 24762
22 24763
22 24764
22 24765
22 24766
22 24767
22 24769
22 24770
22 24771
22 24772
22 24774
22 24776
22 24781
22 24782
22 24783
22 24784
22 24785
22 24786
22 24787
22 24788
22 24789
22 24790
22 24795
22 24796
22 24799
22 24800
22 24801
22 24802
22 24804
22 24805
22 24806
22 24808
22 24809
22 24810
22 24811
22 24812
22 24813
22 24814
22 24815
22 24816
22 24818
22 24820
22 24821
22 24822
22 24824
22 24826
22 24827
22 24828
22 24829
22 24830
22 24832
22 24833
22 24834
22 24836
22 24837
22 24840
22 24841
22 24842
22 24843
22 24844
22 24846
22 24847
22 24848
22 24849
22 24850
22 24851
22 24852
22 24854
22 24855
22 24856
22 24857
22 24858
22 24859
22 24860
22 24861
22 24862
22 24863
22 24864
22 24865
22 24866
22 24867
22 24868
22 24869
22 24870
22 24872
22 24873
22 24874
22 24875
22 24876
22 24877
22 24878
22 24879
22 24880
22 24887
22 24888
22 24889
22 24892
22 24893
22 24894
22 24895
22 24897
22 24898
22 24899
22 24900
22 24901
22 24903
22 24904
22 24905
22 24906
22 24907
22 24908
22 24909
22 24910
22 24911
22 24912
22 24915
22 24917
22 24919
22 24920
22 24921
22 24922
22 24926
22 24927
22 24929
22 24931
22 24933
22 24934
22 24935
22 24936
22 24939
22 24940
22 24941
22 24943
22 24954
22 24955
22 24956
22 24957
22 24958
22 24959
22 24960
22 24961
22 24962
22 24963
22 24964
22 24965
22 24966
22 24967
22 24968
22 24969
22 24970
22 24972
22 24973
22 24975
22 24977
22 24978
22 24979
22 24981
22 24983
22 24984
22 24986
22 24987
22 24988
22 24989
22 24990
22 24991
22 24994
22 24995
22 24996
22 24999
22 25000
22 25001
22 25002
22 25003
22 25004
22 25005
22 25009
22 25010
22 25011
22 25012
22 25014
22 25015
22 25017
22 25018
22 25020
22 25023
22 25024
22 25027
22 25036
22 25042
22 25043
22 25045
22 25046
22 25047
22 25049
22 25050
22 25051
22 25053
22 25057
22 25063
22 25064
22 25065
22 25066
22 25067
22 25069
22 25072
22 25073
22 25074
22 25075
22 25076
22 25082
22 25083
22 25087
22 25088
22 25089
22 25090
22 25091
22 25092
22 25093
22 25094
22 25095
22 25096
22 25097
22 25098
22 25099
22 25100
22 25101
22 25102
22 25103
22 25104
22 25105
22 25106
22 25107
22 25108
22 25109
22 25110
22 25111
22 25112
22 25114
22 25115
22 25116
22 25117
22 25118
22 25119
22 25120
22 25121
22 25122
22 25123
22 25124
22 25126
22 25127
22 25128
22 25129
22 25130
22 25131
22 25132
22 25133
22 25134
22 25135
22 25136
22 25137
22 25139
22 25140
22 25141
22 25142
22 25143
22 25144
22 25145
22 25146
22 25147
22 25148
22 25149
22 25150
22 25151
22 25152
22 25153
22 25154
22 25155
22 25156
22 25157
22 25158
22 25159
22 25160
22 25161
22 25162
22 25163
22 25164
22 25167
22 25168
22 25169
22 25170
22 25171
22 25172
22 25173
22 25174
22 25175
22 25176
22 25177
22 25178
22 25179
22 25180
22 25181
22 25182
22 25183
22 25184
22 25185
22 25186
22 25187
22 25188
22 25189
22 25190
22 25191
22 25192
22 25193
22 25194
22 25195
22 25196
22 25198
22 25199
22 25200
22 25201
22 25202
22 25203
22 25204
22 25205
22 25206
22 25207
22 25208
22 25209
22 25210
22 25211
22 25212
22 25213
22 25214
22 25215
22 25216
22 25217
22 25218
22 25219
22 25220
22 25221
22 25222
22 25223
22 25224
22 25225
22 25226
22 25227
22 25228
22 25229
22 25230
22 25231
22 25232
22 25233
22 25235
22 25236
22 25237
22 25238
22 25239
22 25240
22 25241
22 25242
22 25243
22 25244
22 25245
22 25246
22 25247
22 25248
22 25249
22 25251
22 25252
22 25253
22 25254
22 25255
22 25256
22 25257
22 25258
22 25259
22 25260
22 25261
22 25262
22 25263
22 25264
22 25266
22 25267
22 25268
22 25269
22 25270
22 25271
22 25272
22 25273
22 25274
22 25275
22 25276
22 25277
22 25278
22 25279
22 25280
22 25281
22 25282
22 25283
22 25284
22 25285
22 25286
22 25287
22 25288
22 25289
22 25290
22 25291
22 25292
22 25293
22 25294
22 25295
22 25298
22 25299
22 25300
22 25301
22 25302
22 25303
22 25304
22 25305
22 25306
22 25307
22 25308
22 25310
22 25311
22 25312
22 25313
22 25314
22 25316
22 25317
22 25318
22 25319
22 25320
22 25321
22 25322
22 25323
22 25325
22 25326
22 25327
22 25328
22 25329
22 25330
22 25331
22 25332
22 25333
22 25334
22 25335
22 25336
22 25337
22 25338
22 25339
22 25340
22 25341
22 25342
22 25343
22 25344
22 25345
22 25346
22 25347
22 25348
22 25349
22 25350
22 25351
22 25352
22 25353
22 25354
22 25355
22 25356
22 25357
22 25358
22 25359
22 25360
22 25361
22 25362
22 25363
22 25364
22 25365
22 25366
22 25367
22 25368
22 25369
22 25370
22 25371
22 25372
22 25373
22 25374
22 25375
22 25376
22 25377
22 25378
22 25379
22 25380
22 25381
22 25382
22 25383
22 25384
22 25385
22 25386
22 25387
22 25388
22 25390
22 25391
22 25392
22 25393
22 25394
22 25395
22 25396
22 25397
22 25398
22 25401
22 25402
22 25403
22 25407
22 25408
22 25409
22 25410
22 25411
22 25412
22 25415
22 25416
22 25417
22 25418
22 25419
22 25420
22 25421
22 25422
22 25423
22 25424
22 25425
22 25426
22 25427
22 25428
22 25429
22 25430
22 25431
22 25432
22 25433
22 25434
22 25435
22 25436
22 25437
22 25438
22 25439
22 25440
22 25441
22 25442
22 25443
22 25444
22 25445
22 25446
22 25447
22 25448
22 25449
22 25450
22 25451
22 25452
22 25453
22 25454
22 25455
22 25456
22 25457
22 25458
22 25459
22 25460
22 25461
22 25462
22 25463
22 25464
22 25465
22 25466
22 25467
22 25468
22 25469
22 25470
22 25471
22 25472
22 25473
22 25474
22 25475
22 25476
22 25477
22 25478
22 25479
22 25480
22 25481
22 25482
22 25483
22 25484
22 25485
22 25486
22 25487
22 25488
22 25489
22 25490
22 25491
22 25492
22 25493
22 25494
22 25495
22 25496
22 25497
22 25498
22 25499
22 25500
22 25501
22 25502
22 25503
22 25504
22 25505
22 25506
22 25507
22 25508
22 25509
22 25510
22 25511
22 25512
22 25513
22 25514
22 25515
22 25516
22 25517
22 25518
22 25519
22 25520
22 25521
22 25522
22 25523
22 25524
22 25525
22 25526
22 25527
22 25528
22 25529
22 25530
22 25531
22 25532
22 25536
22 25537
22 25538
22 25540
22 25541
22 25542
22 25543
22 25544
22 25545
22 25546
22 25547
22 25548
22 25549
22 25550
22 25551
22 25552
22 25554
22 25556
22 25557
22 25559
22 25560
22 25561
22 25562
22 25564
22 25565
22 25566
22 25567
22 25570
22 25571
22 25572
22 25573
22 25574
22 25577
22 25578
22 25579
22 25582
22 25584
22 25585
22 25589
22 25590
22 25591
22 25592
22 25593
22 25594
22 25595
22 25596
22 25600
22 25601
22 25602
22 25603
22 25605
22 25606
22 25607
22 25608
22 25609
22 25610
22 25613
22 25615
22 25617
22 25619
22 25620
22 25622
22 25632
22 25633
22 25635
22 25636
22 25640
22 25641
22 25642
22 25643
22 25644
22 25645
22 25646
22 25647
22 25648
22 25649
22 25651
22 25652
22 25654
22 25655
22 25656
22 25658
22 25659
22 25661
22 25662
22 25663
22 25665
22 25667
22 25668
22 25669
22 25670
22 25671
22 25673
22 25674
22 25678
22 25679
22 25680
22 25681
22 25683
22 25684
22 25685
22 25686
22 25687
22 25689
22 25690
22 25691
22 25692
22 25693
22 25694
22 25695
22 25696
22 25697
22 25698
22 25700
22 25703
22 25706
22 25711
22 25713
22 25714
22 25716
22 25718
22 25719
22 25721
22 25722
22 25723
22 25724
22 25725
22 25726
22 25727
22 25728
22 25729
22 25730
22 25731
22 25734
22 25736
22 25739
22 25741
22 25742
22 25743
22 25745
22 25746
22 25749
22 25752
22 25753
22 25756
22 25757
22 25758
22 25759
22 25760
22 25762
22 25763
22 25764
22 25765
22 25766
22 25767
22 25768
22 25769
22 25771
22 25773
22 25775
22 25778
22 25781
22 25783
22 25787
22 25788
22 25789
22 25790
22 25794
22 25795
22 25796
22 25800
22 25801
22 25804
22 25805
22 25806
22 25807
22 25809
22 25811
22 25812
22 25813
22 25814
22 25815
22 25816
22 25817
22 25818
22 25819
22 25820
22 25821
22 25822
22 25823
22 25824
22 25825
22 25827
22 25828
22 25830
22 25831
22 25833
22 25835
22 25836
22 25838
22 25839
22 25840
22 25841
22 25844
22 25846
22 25847
22 25848
22 25849
22 25850
22 25851
22 25852
22 25853
22 25854
22 25858
22 25859
22 25860
22 25862
22 25863
22 25864
22 25865
22 25867
22 25869
22 25870
22 25871
22 25872
22 25873
22 25874
22 25875
22 25876
22 25877
22 25878
22 25879
22 25880
22 25881
22 25882
22 25884
22 25885
22 25886
22 25887
22 25888
22 25889
22 25890
22 25891
22 25892
22 25893
22 25894
22 25895
22 25897
22 25898
22 25899
22 25900
22 25901
22 25902
22 25903
22 25905
22 25910
22 25915
22 25916
22 25919
22 25923
22 25925
22 25926
22 25928
22 25931
22 25932
22 25934
22 25944
22 25946
22 25947
22 25950
22 25958
22 25960
22 25961
22 25972
22 25977
22 25979
22 25980
22 25981
22 25991
22 25994
22 25997
22 25999
22 26000
22 26006
22 26008
22 26012
22 26014
22 26015
22 26017
22 26021
22 26026
22 26036
22 26042
22 26044
22 26047
22 26052
22 26053
22 26056
22 26060
22 26062
22 26067
22 26075
22 26076
22 26077
22 26080
22 26081
22 26086
22 26092
22 26093
22 26094
22 26095
22 26096
22 26097
22 26098
22 26099
22 26100
22 26101
22 26102
22 26105
22 26106
22 26109
22 26111
22 26113
22 26116
22 26117
22 26118
22 26119
22 26121
22 26125
22 26129
22 26130
22 26131
22 26132
22 26133
22 26134
22 26135
22 26136
22 26137
22 26139
22 26144
22 26145
22 26146
22 26147
22 26148
22 26150
22 26151
22 26152
22 26153
22 26154
22 26155
22 26156
22 26157
22 26158
22 26159
22 26160
22 26161
22 26169
22 26170
22 26171
22 26172
22 26173
22 26174
22 26175
22 26176
22 26177
22 26178
22 26179
22 26180
22 26181
22 26182
22 26183
22 26184
22 26185
22 26186
22 26187
22 26188
22 26189
22 26190
22 26191
22 26192
22 26193
22 26194
22 26195
22 26196
22 26197
22 26198
22 26199
22 26200
22 26201
22 26202
22 26203
22 26204
22 26205
22 26208
22 26209
22 26210
22 26211
22 26213
22 26214
22 26215
22 26219
22 26222
22 26223
22 26225
22 26226
22 26228
22 26229
22 26230
22 26231
22 26232
22 26233
22 26234
22 26236
22 26238
22 26242
22 26243
22 26244
22 26245
22 26246
22 26247
22 26249
22 26250
22 26251
22 26252
22 26254
22 26255
22 26256
22 26257
22 26258
22 26264
22 26265
22 26266
22 26267
22 26268
22 26269
22 26271
22 26272
22 26275
22 26276
22 26277
22 26278
22 26279
22 26280
22 26281
22 26282
22 26283
22 26284
22 26285
22 26286
22 26287
22 26288
22 26289
22 26290
22 26292
22 26293
22 26294
22 26295
22 26296
22 26297
22 26298
22 26300
22 26301
22 26304
22 26305
22 26306
22 26307
22 26312
22 26315
22 26318
22 26319
22 26320
22 26321
22 26322
22 26324
22 26327
22 26328
22 26329
22 26330
22 26331
22 26335
22 26336
22 26337
22 26338
22 26339
22 26340
22 26341
22 26342
22 26344
22 26345
22 26347
22 26348
22 26349
22 26350
22 26351
22 26352
22 26353
22 26354
22 26356
22 26357
22 26358
22 26360
22 26362
22 26363
22 26364
22 26365
22 26366
22 26367
22 26369
22 26370
22 26371
22 26374
22 26375
22 26376
22 26377
22 26380
22 26381
22 26382
22 26383
22 26384
22 26385
22 26387
22 26388
22 26389
22 26390
22 26391
22 26392
22 26393
22 26394
22 26395
22 26396
22 26401
22 26402
22 26405
22 26406
22 26407
22 26408
22 26409
22 26412
22 26413
22 26417
22 26418
22 26419
22 26420
22 26421
22 26422
22 26423
22 26429
22 26430
22 26431
22 26434
22 26435
22 26442
22 26446
22 26448
22 26449
22 26450
22 26451
22 26458
22 26459
22 26460
22 26464
22 26465
22 26467
22 26468
22 26469
22 26470
22 26471
22 26473
22 26474
22 26480
22 26481
22 26482
22 26483
22 26484
22 26485
22 26487
22 26488
22 26493
22 26495
22 26496
22 26497
22 26498
22 26503
22 26507
22 26508
22 26510
22 26513
22 26514
22 26516
22 26520
22 26521
22 26522
22 26523
22 26524
22 26525
22 26526
22 26527
22 26528
22 26529
22 26530
22 26531
22 26532
22 26533
22 26534
22 26535
22 26536
22 26537
22 26538
22 26539
22 26540
22 26541
22 26542
22 26543
22 26544
22 26545
22 26546
22 26547
22 26548
22 26549
22 26550
22 26551
22 26552
22 26553
22 26554
22 26555
22 26556
22 26557
22 26558
22 26559
22 26560
22 26561
22 26562
22 26563
22 26564
22 26565
22 26566
22 26567
22 26568
22 26569
22 26570
22 26571
22 26572
22 26573
22 26574
22 26575
22 26576
22 26577
22 26578
22 26579
22 26580
22 26581
22 26582
22 26583
22 26584
22 26585
22 26586
22 26587
22 26588
22 26589
22 26590
22 26591
22 26594
22 26596
22 26597
22 26598
22 26599
22 26601
22 26602
22 26603
22 26604
22 26605
22 26606
22 26607
22 26608
22 26609
22 26610
22 26611
22 26612
22 26613
22 26614
22 26615
22 26616
22 26617
22 26618
22 26620
22 26621
22 26622
22 26623
22 26624
22 26625
22 26626
22 26627
22 26628
22 26630
22 26631
22 26632
22 26633
22 26634
22 26635
22 26637
22 26638
22 26639
22 26640
22 26641
22 26642
22 26643
22 26644
22 26645
22 26646
22 26647
22 26648
22 26652
22 26653
22 26655
22 26656
22 26657
22 26658
22 26659
22 26660
22 26661
22 26662
22 26663
22 26664
22 26672
22 26673
22 26674
22 26675
22 26676
22 26678
22 26679
22 26680
22 26681
22 26682
22 26683
22 26684
22 26685
22 26686
22 26687
22 26688
22 26689
22 26690
22 26691
22 26692
22 26693
22 26694
22 26695
22 26696
22 26697
22 26698
22 26699
22 26700
22 26701
22 26702
22 26703
22 26704
22 26705
22 26706
22 26707
22 26708
22 26709
22 26710
22 26711
22 26712
22 26713
22 26714
22 26715
22 26716
22 26718
22 26719
22 26720
22 26721
22 26722
22 26723
22 26724
22 26725
22 26726
22 26727
22 26728
22 26729
22 26730
22 26731
22 26732
22 26733
22 26734
22 26736
22 26737
22 26738
22 26739
22 26740
22 26741
22 26742
22 26743
22 26744
22 26745
22 26746
22 26747
22 26748
22 26749
22 26750
22 26751
22 26752
22 26753
22 26755
22 26756
22 26758
22 26759
22 26760
22 26761
22 26762
22 26764
22 26765
22 26766
22 26767
22 26768
22 26769
22 26770
22 26771
22 26772
22 26773
22 26774
22 26775
22 26776
22 26777
22 26778
22 26779
22 26780
22 26781
22 26782
22 26783
22 26784
22 26785
22 26786
22 26787
22 26788
22 26789
22 26790
22 26791
22 26792
22 26793
22 26794
22 26795
22 26796
22 26797
22 26798
22 26799
22 26800
22 26801
22 26802
22 26803
22 26804
22 26805
22 26806
22 26807
22 26808
22 26809
22 26810
22 26811
22 26812
22 26813
22 26814
22 26815
22 26816
22 26817
22 26818
22 26819
22 26820
22 26821
22 26822
22 26823
22 26824
22 26825
22 26826
22 26827
22 26828
22 26829
22 26830
22 26831
22 26832
22 26833
22 26834
22 26835
22 26836
22 26837
22 26838
22 26839
22 26840
22 26841
22 26842
22 26843
22 26844
22 26845
22 26846
22 26847
22 26848
22 26849
22 26850
22 26851
22 26852
22 26853
22 26854
22 26855
22 26856
22 26857
22 26858
22 26859
22 26860
22 26861
22 26862
22 26863
22 26864
22 26865
22 26866
22 26867
22 26868
22 26869
22 26870
22 26871
22 26872
22 26873
22 26874
22 26875
22 26876
22 26877
22 26878
22 26879
22 26880
22 26881
22 26882
22 26883
22 26884
22 26885
22 26886
22 26887
22 26888
22 26889
22 26890
22 26891
22 26892
22 26893
22 26894
22 26895
22 26896
22 26897
22 26898
22 26899
22 26900
22 26901
22 26902
22 26903
22 26904
22 26905
22 26906
22 26907
22 26908
22 26909
22 26910
22 26911
22 26912
22 26913
22 26914
22 26915
22 26916
22 26917
22 26918
22 26919
22 26920
22 26921
22 26922
22 26923
22 26924
22 26926
22 26927
22 26928
22 26930
22 26931
22 26932
22 26933
22 26934
22 26935
22 26936
22 26937
22 26938
22 26939
22 26940
22 26941
22 26942
22 26943
22 26944
22 26945
22 26946
22 26947
22 26948
22 26949
22 26950
22 26951
22 26952
22 26953
22 26954
22 26956
22 26957
22 26958
22 26959
22 26960
22 26961
22 26962
22 26963
22 26964
22 26965
22 26966
22 26968
22 26969
22 26970
22 26971
22 26972
22 26974
22 26975
22 26976
22 26977
22 26978
22 26979
22 26980
22 26981
22 26982
22 26983
22 26985
22 26986
22 26987
22 26988
22 26990
22 26991
22 26992
22 26993
22 26994
22 26995
22 26996
22 26997
22 26999
22 27002
22 27003
22 27005
22 27006
22 27007
22 27008
22 27009
22 27011
22 27012
22 27015
22 27016
22 27017
22 27018
22 27019
22 27020
22 27021
22 27022
22 27023
22 27024
22 27025
22 27026
22 27027
22 27028
22 27029
22 27030
22 27031
22 27032
22 27033
22 27034
22 27035
22 27036
22 27037
22 27038
22 27040
22 27041
22 27042
22 27043
22 27044
22 27045
22 27046
22 27049
22 27050
22 27053
22 27057
22 27058
22 27059
22 27060
22 27063
22 27064
22 27065
22 27067
22 27068
22 27070
22 27071
22 27072
22 27073
22 27074
22 27075
22 27076
22 27088
22 27089
22 27090
22 27091
22 27092
22 27093
22 27094
22 27095
22 27096
22 27097
22 27098
22 27099
22 27100
22 27103
22 27104
22 27105
22 27106
22 27107
22 27108
22 27109
22 27110
22 27111
22 27112
22 27113
22 27114
22 27115
22 27116
22 27118
22 27119
22 27120
22 27122
22 27125
22 27128
22 27131
22 27135
22 27138
22 27139
22 27140
22 27141
22 27142
22 27144
22 27151
22 27152
22 27155
22 27157
22 27159
22 27160
22 27162
22 27163
22 27164
22 27167
22 27168
22 27169
22 27170
22 27171
22 27172
22 27174
22 27176
22 27179
22 27181
22 27183
22 27184
22 27185
22 27187
22 27188
22 27189
22 27190
22 27192
22 27193
22 27200
22 27201
22 27204
22 27205
22 27206
22 27208
22 27209
22 27211
22 27212
22 27215
22 27218
22 27219
22 27225
22 27226
22 27229
22 27231
22 27233
22 27234
22 27235
22 27236
22 27237
22 27238
22 27240
22 27241
22 27242
22 27243
22 27249
22 27250
22 27252
22 27254
22 27256
22 27257
22 27259
22 27262
22 27276
22 27280
22 27286
22 27287
22 27289
22 27302
22 27308
22 27313
22 27316
22 27317
22 27321
22 27329
22 27334
22 27339
22 27347
22 27348
22 27349
22 27350
22 27351
22 27357
22 27358
22 27359
22 27361
22 27362
22 27363
22 27365
22 27366
22 27368
22 27371
22 27372
22 27373
22 27374
22 27375
22 27376
22 27377
22 27378
22 27379
22 27380
22 27381
22 27382
22 27383
22 27384
22 27385
22 27386
22 27387
22 27388
22 27389
22 27390
22 27391
22 27392
22 27393
22 27394
22 27395
22 27397
22 27400
22 27401
22 27402
22 27404
22 27405
22 27406
22 27407
22 27408
22 27409
22 27410
22 27411
22 27412
22 27413
22 27414
22 27415
22 27416
22 27417
22 27418
22 27419
22 27420
22 27421
22 27423
22 27425
22 27426
22 27427
22 27428
22 27429
22 27430
22 27431
22 27432
22 27433
22 27436
22 27438
22 27439
22 27440
22 27441
22 27442
22 27443
22 27444
22 27445
22 27446
22 27447
22 27448
22 27449
22 27450
22 27451
22 27452
22 27453
22 27454
22 27455
22 27456
22 27457
22 27458
22 27459
22 27460
22 27461
22 27462
22 27463
22 27464
22 27466
22 27467
22 27468
22 27469
22 27470
22 27471
22 27472
22 27473
22 27474
22 27475
22 27476
22 27477
22 27478
22 27479
22 27480
22 27481
22 27482
22 27484
22 27485
22 27488
22 27489
22 27490
22 27492
22 27493
22 27494
22 27495
22 27496
22 27497
22 27498
22 27499
22 27500
22 27501
22 27502
22 27503
22 27504
22 27505
22 27506
22 27507
22 27508
22 27509
22 27510
22 27511
22 27512
22 27513
22 27514
22 27515
22 27516
22 27517
22 27518
22 27519
22 27520
22 27521
22 27522
22 27523
22 27524
22 27525
22 27526
22 27527
22 27529
22 27530
22 27531
22 27533
22 27534
22 27535
22 27536
22 27537
22 27538
22 27539
22 27540
22 27541
22 27543
22 27546
22 27547
22 27552
22 27553
22 27554
22 27556
22 27558
22 27559
22 27567
22 27568
22 27569
22 27570
22 27572
22 27575
22 27576
22 27577
22 27580
22 27591
22 27592
22 27593
22 27594
22 27595
22 27596
22 27597
22 27598
22 27599
22 27600
22 27601
22 27602
22 27603
22 27604
22 27605
22 27606
22 27607
22 27608
22 27609
22 27612
22 27613
22 27615
22 27616
22 27617
22 27618
22 27619
22 27621
22 27622
22 27623
22 27624
22 27625
22 27626
22 27630
22 27631
22 27632
22 27633
22 27637
22 27638
22 27639
22 27641
22 27642
22 27646
22 27648
22 27649
22 27650
22 27653
22 27654
22 27660
22 27661
22 27663
22 27664
22 27665
22 27667
22 27670
22 27671
22 27673
22 27674
22 27675
22 27676
22 27678
22 27679
22 27680
22 27681
22 27682
22 27683
22 27684
22 27685
22 27686
22 27687
22 27688
22 27692
22 27693
22 27694
22 27695
22 27696
22 27697
22 27698
22 27699
22 27703
22 27704
22 27705
22 27706
22 27707
22 27708
22 27709
22 27710
22 27711
22 27712
22 27713
22 27714
22 27715
22 27716
22 27717
22 27718
22 27719
22 27720
22 27723
22 27726
22 27727
22 27729
22 27730
22 27731
22 27732
22 27733
22 27734
22 27735
22 27736
22 27737
22 27738
22 27739
22 27740
22 27742
22 27743
22 27746
22 27747
22 27748
22 27749
22 27750
22 27751
22 27754
22 27755
22 27756
22 27757
22 27758
22 27759
22 27762
22 27767
22 27768
22 27769
22 27770
22 27771
22 27773
22 27774
22 27777
22 27780
22 27783
22 27785
22 27786
22 27787
22 27788
22 27792
22 27793
22 27796
22 27797
22 27799
22 27800
22 27801
22 27802
22 27803
22 27805
22 27806
22 27807
22 27808
22 27809
22 27810
22 27811
22 27812
22 27813
22 27814
22 27815
22 27816
22 27817
22 27818
22 27820
22 27822
22 27823
22 27824
22 27825
22 27826
22 27827
22 27828
22 27829
22 27830
22 27831
22 27833
22 27834
22 27836
22 27837
22 27838
22 27839
22 27840
22 27844
22 27845
22 27846
22 27847
22 27848
22 27850
22 27851
22 27852
22 27853
22 27856
22 27857
22 27858
22 27861
22 27862
22 27863
22 27864
22 27865
22 27866
22 27868
22 27869
22 27870
22 27872
22 27873
22 27874
22 27875
22 27876
22 27878
22 27879
22 27880
22 27881
22 27882
22 27883
22 27884
22 27885
22 27886
22 27888
22 27889
22 27891
22 27892
22 27893
22 27895
22 27897
22 27898
22 27899
22 27901
22 27902
22 27903
22 27904
22 27905
22 27906
22 27907
22 27908
22 27911
22 27913
22 27914
22 27916
22 27917
22 27918
22 27920
22 27921
22 27923
22 27931
22 27942
22 27943
22 27944
22 27945
22 27950
22 27951
22 27952
22 27954
22 27955
22 27956
22 27962
22 27968
22 27984
22 27988
22 27991
22 28001
22 28003
22 28004
22 28005
22 28009
22 28013
22 28024
22 28026
22 28028
22 28029
22 28030
22 28031
22 28035
22 28037
22 28044
22 28046
22 28047
22 28048
22 28049
22 28056
22 28057
22 28058
22 28059
22 28060
22 28061
22 28062
22 28063
22 28064
22 28065
22 28066
22 28067
22 28068
22 28069
22 28070
22 28071
22 28072
22 28073
22 28074
22 28075
22 28076
22 28077
22 28078
22 28079
22 28080
22 28081
22 28082
22 28083
22 28084
22 28085
22 28090
22 28091
22 28093
22 28094
22 28095
22 28096
22 28097
22 28101
22 28103
22 28106
22 28109
22 28112
22 28113
22 28114
22 28115
22 28117
22 28118
22 28120
22 28124
22 28126
22 28132
22 28134
22 28136
22 28137
22 28138
22 28139
22 28141
22 28148
22 28149
22 28150
22 28151
22 28152
22 28153
22 28154
22 28155
22 28157
22 28158
22 28159
22 28161
22 28162
22 28163
22 28164
22 28165
22 28166
22 28167
22 28168
22 28169
22 28170
22 28171
22 28172
22 28173
22 28174
22 28175
22 28176
22 28177
22 28178
22 28179
22 28180
22 28182
22 28184
22 28186
22 28187
22 28194
22 28195
22 28196
22 28197
22 28199
22 28201
22 28202
22 28203
22 28204
22 28206
22 28207
22 28208
22 28209
22 28210
22 28211
22 28212
22 28213
22 28214
22 28215
22 28216
22 28219
22 28220
22 28225
22 28226
22 28227
22 28228
22 28229
22 28230
22 28232
22 28234
22 28235
22 28237
22 28238
22 28239
22 28240
22 28241
22 28242
22 28243
22 28244
22 28245
22 28246
22 28247
22 28250
22 28252
22 28253
22 28255
22 28256
22 28258
22 28260
22 28261
22 28262
22 28265
22 28266
22 28267
22 28268
22 28269
22 28270
22 28272
22 28273
22 28274
22 28275
22 28277
22 28278
22 28279
22 28280
22 28281
22 28282
22 28287
22 28290
22 28291
22 28292
22 28294
22 28295
22 28296
22 28298
22 28302
22 28303
22 28304
22 28305
22 28306
22 28307
22 28308
22 28309
22 28310
22 28311
22 28312
22 28313
22 28314
22 28317
22 28318
22 28319
22 28320
22 28321
22 28322
22 28323
22 28324
22 28325
22 28327
22 28328
22 28329
22 28330
22 28331
22 28332
22 28333
22 28334
22 28335
22 28336
22 28338
22 28339
22 28340
22 28341
22 28342
22 28343
22 28344
22 28346
22 28347
22 28352
22 28353
22 28358
22 28362
22 28363
22 28364
22 28371
22 28372
22 28373
22 28374
22 28375
22 28376
22 28378
22 28379
22 28380
22 28382
22 28383
22 28384
22 28385
22 28386
22 28387
22 28388
22 28389
22 28390
22 28391
22 28392
22 28393
22 28394
22 28395
22 28396
22 28397
22 28398
22 28399
22 28400
22 28401
22 28402
22 28403
22 28404
22 28405
22 28406
22 28407
22 28410
22 28411
22 28418
22 28419
22 28420
22 28421
22 28422
22 28423
22 28424
22 28427
22 28428
22 28429
22 28430
22 28432
22 28433
22 28441
22 28442
22 28443
22 28444
22 28445
22 28446
22 28447
22 28448
22 28450
22 28451
22 28452
22 28453
22 28454
22 28455
22 28457
22 28460
22 28461
22 28462
22 28464
22 28465
22 28466
22 28467
22 28468
22 28469
22 28470
22 28471
22 28472
22 28473
22 28474
22 28475
22 28476
22 28477
22 28478
22 28479
22 28480
22 28481
22 28484
22 28485
22 28486
22 28487
22 28488
22 28489
22 28490
22 28491
22 28492
22 28496
22 28497
22 28498
22 28499
22 28500
22 28501
22 28502
22 28503
22 28504
22 28505
22 28507
22 28509
22 28510
22 28511
22 28512
22 28513
22 28514
22 28515
22 28516
22 28517
22 28518
22 28519
22 28522
22 28523
22 28524
22 28525
22 28526
22 28527
22 28528
22 28529
22 28530
22 28531
22 28532
22 28533
22 28534
22 28535
22 28536
22 28537
22 28538
22 28539
22 28540
22 28541
22 28542
22 28543
22 28544
22 28545
22 28546
22 28547
22 28550
22 28551
22 28575
22 28576
22 28577
22 28578
22 28582
22 28584
22 28588
22 28589
22 28604
22 28605
22 28608
22 28609
22 28610
22 28612
22 28613
22 28614
22 28615
22 28616
22 28617
22 28618
22 28619
22 28620
22 28621
22 28622
22 28623
22 28624
22 28625
22 28626
22 28627
22 28628
22 28629
22 28630
22 28631
22 28632
22 28633
22 28634
22 28635
22 28636
22 28637
22 28638
22 28639
22 28640
22 28641
22 28642
22 28643
22 28644
22 28645
22 28646
22 28647
22 28648
22 28649
22 28650
22 28651
22 28652
22 28653
22 28654
22 28655
22 28656
22 28657
22 28658
22 28659
22 28660
22 28661
22 28662
22 28664
22 28665
22 28668
22 28669
22 28671
22 28676
22 28678
22 28679
22 28682
22 28683
22 28684
22 28685
22 28686
22 28687
22 28688
22 28689
22 28692
22 28693
22 28694
22 28695
22 28696
22 28698
22 28699
22 28701
22 28702
22 28703
22 28711
22 28712
22 28715
22 28716
22 28717
22 28718
22 28720
22 28721
22 28722
22 28723
22 28724
22 28725
22 28734
22 28735
22 28736
22 28737
22 28739
22 28740
22 28741
22 28743
22 28747
22 28748
22 28749
22 28750
22 28751
22 28752
22 28754
22 28755
22 28757
22 28758
22 28759
22 28760
22 28761
22 28763
22 28764
22 28766
22 28767
22 28769
22 28770
22 28771
22 28772
22 28779
22 28781
22 28783
22 28785
22 28786
22 28787
22 28788
22 28789
22 28790
22 28791
22 28792
22 28793
22 28794
22 28796
22 28798
22 28801
22 28802
22 28803
22 28804
22 28805
22 28806
22 28807
22 28808
22 28809
22 28810
22 28811
22 28812
22 28813
22 28814
22 28816
22 28817
22 28818
22 28819
22 28820
22 28821
22 28822
22 28823
22 28824
22 28825
22 28826
22 28827
22 28829
22 28830
22 28832
22 28833
22 28835
22 28836
22 28837
22 28838
22 28841
22 28842
22 28843
22 28844
22 28845
22 28846
22 28847
22 28848
22 28852
22 28853
22 28854
22 28855
22 28856
22 28863
22 28864
22 28866
22 28867
22 28868
22 28869
22 28870
22 28871
22 28872
22 28874
22 28876
22 28878
22 28879
22 28883
22 28884
22 28886
22 28888
22 28889
22 28890
22 28891
22 28892
22 28893
22 28894
22 28895
22 28896
22 28898
22 28899
22 28900
22 28901
22 28902
22 28903
22 28904
22 28905
22 28906
22 28908
22 28909
22 28911
22 28914
22 28915
22 28916
22 28917
22 28918
22 28919
22 28922
22 28924
22 28927
22 28929
22 28930
22 28931
22 28932
22 28934
22 28935
22 28936
22 28938
22 28939
22 28940
22 28941
22 28942
22 28943
22 28944
22 28946
22 28947
22 28948
22 28949
22 28950
22 28952
22 28953
22 28954
22 28955
22 28956
22 28957
22 28959
22 28963
23 1
23 2
23 3
23 5
23 8
23 11
23 40
23 41
23 46
23 47
23 62
23 63
23 64
23 75
23 82
23 84
23 105
23 114
23 123
23 137
23 150
23 166
23 178
23 184
23 189
23 197
23 202
23 205
23 206
23 207
23 211
23 237
23 249
23 250
23 276
23 301
23 306
23 310
23 314
23 319
23 321
23 514
23 515
23 517
23 518
23 519
23 520
23 522
23 542
23 545
23 562
23 565
23 584
23 586
23 591
23 599
23 615
23 616
23 619
23 624
23 629
23 630
23 631
23 632
23 635
23 652
23 654
23 656
23 657
23 658
23 665
23 668
23 669
23 674
23 675
23 676
23 679
23 696
23 702
23 737
23 740
23 741
23 742
23 743
23 744
23 745
23 746
23 749
23 758
23 763
23 772
23 774
23 783
23 795
23 815
23 830
23 836
23 837
23 838
23 847
23 863
23 872
23 876
23 880
23 881
23 884
23 887
23 900
23 910
23 911
23 928
23 941
23 942
23 944
23 948
23 950
23 969
23 972
23 993
23 1013
23 1020
23 1025
23 1035
23 1053
23 1056
23 1059
23 1067
23 1076
23 1086
23 1088
23 1098
23 1108
23 1122
23 1183
23 1200
23 1208
23 1277
23 1320
23 1321
23 1324
23 1325
23 1335
23 1342
23 1397
23 1433
23 1525
23 1573
23 1617
23 1658
23 1740
23 1916
23 1927
23 1928
23 2011
23 2072
23 2156
23 2176
23 2264
23 2335
23 2359
23 2375
23 2398
23 2430
23 2439
23 2444
23 2446
23 2499
23 2500
23 2501
23 2525
23 2526
23 2527
23 2558
23 2576
23 2607
23 2634
23 2701
23 2705
23 2812
23 2823
23 2842
23 2908
23 2958
23 2969
23 3185
23 3206
23 3301
23 3590
23 3663
23 3665
23 3706
23 3724
23 3749
23 3852
23 3866
23 3894
23 3934
23 4036
23 4093
23 4106
23 4179
23 4187
23 4233
23 4238
23 4312
23 4319
23 4456
23 4457
23 4475
23 4555
23 4611
23 4613
23 4672
23 4819
23 7554
23 7590
23 7594
23 7596
23 7628
23 7632
23 7664
23 7699
23 7752
23 7757
23 7762
23 7763
23 7766
23 7767
23 7771
23 7868
23 7870
23 7871
23 7876
23 7877
23 7878
23 7882
23 7886
23 7895
23 7897
23 7902
23 7903
23 7904
23 7918
23 7925
23 7926
23 7927
23 7928
23 7933
23 7934
23 7971
23 7972
23 7973
23 8004
23 8009
23 8011
23 8025
23 8028
23 8031
23 8037
23 8044
23 8045
23 8060
23 8101
23 8102
23 8116
23 8119
23 8122
23 8123
23 8126
23 8127
23 8158
23 8191
23 8199
23 8200
23 8201
23 8202
23 8203
23 8204
23 8205
23 8206
23 8207
23 8208
23 8209
23 8210
23 8211
23 8212
23 8213
23 8214
23 8223
23 8235
23 8236
23 8252
23 8280
23 8284
23 8292
23 8293
23 8314
23 8322
23 8323
23 8374
23 8651
23 8690
23 8696
23 8718
23 8725
23 8740
23 8744
23 8787
23 8815
23 8839
23 8842
23 8845
23 8846
23 8889
23 8894
23 8898
23 8902
23 8912
23 8935
23 8966
23 8978
23 8982
23 8985
23 8991
23 8999
23 9038
23 9052
23 9054
23 9064
23 9067
23 9073
23 9074
23 9079
23 9081
23 9083
23 9085
23 9140
23 9141
23 9144
23 9145
23 9146
23 9147
23 9148
23 9151
23 9152
23 9153
23 9156
23 9157
23 9158
23 9161
23 9173
23 9174
23 9175
23 9177
23 9183
23 9185
23 9186
23 9187
23 9188
23 9190
23 9196
23 9210
23 9233
23 9239
23 9268
23 9278
23 9283
23 9288
23 9299
23 9300
23 9301
23 9302
23 9307
23 9314
23 9315
23 9319
23 9322
23 9334
23 9354
23 9453
23 9468
23 9495
23 9496
23 9502
23 9504
23 9507
23 9512
23 9513
23 9521
23 9528
23 9531
23 9532
23 9542
23 9551
23 9553
23 9567
23 9571
23 9579
23 9587
23 9588
23 9589
23 9593
23 9596
23 9600
23 9601
23 9602
23 9604
23 9605
23 9611
23 9616
23 9622
23 9623
23 9624
23 9625
23 9626
23 9629
23 9636
23 9727
23 9740
23 9756
23 9757
23 9758
23 9783
23 9784
23 9787
23 9794
23 9800
23 9802
23 9818
23 9879
23 9927
23 9931
23 9932
23 9961
23 9962
23 9965
23 9979
23 9994
23 9996
23 9997
23 10001
23 10004
23 10005
23 10006
23 10008
23 10028
23 10029
23 10033
23 10034
23 10036
23 10039
23 10044
23 10071
23 10085
23 10087
23 10093
23 10094
23 10095
23 10096
23 10097
23 10105
23 10108
23 10111
23 10127
23 10128
23 10129
23 10130
23 10134
23 10137
23 10138
23 10139
23 10140
23 10156
23 10164
23 10188
23 10190
23 10221
23 10251
23 10268
23 10361
23 10381
23 10382
23 10433
23 10458
23 10459
23 10460
23 10461
23 10462
23 10470
23 10474
23 10476
23 10477
23 10478
23 10479
23 10480
23 13705
23 14064
23 14539
23 14540
23 14567
23 14577
23 14578
23 14579
23 14580
23 14581
23 14582
23 14607
23 14623
23 14624
23 14625
23 14626
23 14627
23 14628
23 14629
23 14630
23 14638
23 14639
23 14642
23 14648
23 14649
23 14650
23 14651
23 14652
23 14653
23 14654
23 14655
23 14656
23 14657
23 14758
23 14759
23 14820
23 14823
23 14824
23 14826
23 14827
23 14828
23 14829
23 14833
23 14834
23 14838
23 14839
23 14841
23 14842
23 14843
23 14845
23 15064
23 15065
23 15090
23 15132
23 15138
23 15169
23 15197
23 15198
23 15199
23 15204
23 15205
23 15208
23 15209
23 15213
23 15214
23 15216
23 15242
23 15248
23 15261
23 15262
23 15263
23 15308
23 15309
23 15389
23 15391
23 15394
23 15407
23 15427
23 15428
23 15459
23 15464
23 15469
23 15480
23 15481
23 15506
23 15507
23 15508
23 15519
23 15528
23 15560
23 15561
23 15574
23 15575
23 15593
23 15610
23 15612
23 15622
23 15626
23 15660
23 15735
23 15770
23 15772
23 15773
23 15774
23 15893
23 15952
23 15999
23 16024
23 16069
23 16111
23 16142
23 16150
23 16233
23 16243
23 16298
23 16299
23 16303
23 16305
23 16398
23 16436
23 16437
23 16440
23 16441
23 16452
23 16456
23 16457
23 16467
23 16473
23 16481
23 16506
23 16552
23 16586
23 16603
23 16606
23 16608
23 16609
23 16610
23 16631
23 16633
23 16651
23 16708
23 16718
23 16720
23 16736
23 16737
23 16777
23 16779
23 16786
23 16791
23 16792
23 16793
23 16794
23 16795
23 16846
23 16894
23 16904
23 16905
23 16906
23 16973
23 17091
23 17101
23 17109
23 17141
23 17170
23 17297
23 17637
23 17711
23 17726
23 17729
23 17738
23 17740
23 17763
23 17902
23 17920
23 18018
23 18040
23 18176
23 18188
23 18204
23 18322
23 18348
23 18484
23 18978
23 19096
23 19103
23 19195
23 19236
23 20704
23 21186
23 22068
23 23104
23 23625
23 24165
23 27046
24 1
24 611
24 680
24 745
24 872
24 1323
24 2821
24 4613
24 7664
24 8744
24 18657
24 19195
25 1
25 5
25 8
25 40
25 93
25 97
25 98
25 102
25 105
25 106
25 107
25 113
25 120
25 123
25 124
25 129
25 130
25 133
25 134
25 158
25 171
25 172
25 181
25 184
25 188
25 189
25 190
25 195
25 205
25 210
25 216
25 217
25 218
25 222
25 223
25 225
25 227
25 240
25 241
25 243
25 246
25 250
25 251
25 257
25 264
25 270
25 271
25 272
25 273
25 275
25 276
25 279
25 280
25 284
25 285
25 288
25 290
25 291
25 293
25 295
25 296
25 297
25 298
25 299
25 303
25 304
25 307
25 310
25 314
25 318
25 322
25 325
25 493
25 514
25 517
25 541
25 542
25 552
25 562
25 569
25 572
25 583
25 586
25 587
25 592
25 593
25 596
25 598
25 608
25 609
25 632
25 635
25 640
25 649
25 653
25 654
25 655
25 656
25 658
25 676
25 680
25 681
25 682
25 683
25 695
25 703
25 740
25 741
25 742
25 743
25 744
25 745
25 746
25 758
25 759
25 760
25 764
25 765
25 774
25 777
25 789
25 796
25 798
25 800
25 801
25 802
25 804
25 824
25 830
25 847
25 856
25 866
25 872
25 887
25 915
25 918
25 926
25 928
25 937
25 949
25 954
25 974
25 983
25 984
25 993
25 996
25 1000
25 1028
25 1030
25 1032
25 1039
25 1040
25 1041
25 1044
25 1045
25 1047
25 1048
25 1053
25 1059
25 1062
25 1065
25 1085
25 1089
25 1105
25 1134
25 1153
25 1188
25 1194
25 1204
25 1207
25 1210
25 1218
25 1226
25 1229
25 1258
25 1263
25 1272
25 1297
25 1307
25 1342
25 1368
25 1406
25 1409
25 1459
25 1492
25 1500
25 1503
25 1537
25 1566
25 1649
25 1650
25 1660
25 1670
25 1680
25 1687
25 1705
25 1725
25 1742
25 1747
25 1758
25 1766
25 1794
25 1797
25 1807
25 1922
25 1926
25 1992
25 1997
25 2001
25 2008
25 2032
25 2043
25 2046
25 2049
25 2054
25 2059
25 2060
25 2068
25 2083
25 2094
25 2097
25 2098
25 2108
25 2112
25 2130
25 2133
25 2139
25 2185
25 2189
25 2256
25 2267
25 2311
25 2329
25 2333
25 2334
25 2341
25 2346
25 2350
25 2361
25 2364
25 2366
25 2369
25 2377
25 2379
25 2396
25 2402
25 2403
25 2419
25 2420
25 2446
25 2448
25 2478
25 2488
25 2492
25 2496
25 2512
25 2556
25 2558
25 2580
25 2581
25 2583
25 2584
25 2601
25 2607
25 2611
25 2628
25 2630
25 2636
25 2651
25 2659
25 2687
25 2689
25 2703
25 2800
25 2802
25 2806
25 2808
25 2818
25 2821
25 2822
25 2826
25 2840
25 2855
25 2862
25 2890
25 2927
25 2949
25 2957
25 2958
25 2966
25 2968
25 3059
25 3064
25 3090
25 3116
25 3118
25 3124
25 3140
25 3215
25 3216
25 3254
25 3266
25 3285
25 3287
25 3289
25 3291
25 3292
25 3293
25 3315
25 3317
25 3332
25 3335
25 3350
25 3358
25 3386
25 3388
25 3390
25 3395
25 3397
25 3416
25 3423
25 3433
25 3453
25 3489
25 3546
25 3568
25 3657
25 3662
25 3663
25 3665
25 3666
25 3667
25 3705
25 3706
25 3710
25 3720
25 3724
25 3738
25 3739
25 3742
25 3743
25 3748
25 3749
25 3758
25 3762
25 3765
25 3769
25 3771
25 3772
25 3774
25 3776
25 3785
25 3787
25 3789
25 3792
25 3795
25 3797
25 3800
25 3802
25 3804
25 3805
25 3807
25 3808
25 3810
25 3811
25 3828
25 3845
25 3847
25 3859
25 3886
25 3889
25 3896
25 3900
25 3903
25 3924
25 3938
25 3939
25 3949
25 3972
25 3978
25 3986
25 3992
25 3998
25 4006
25 4012
25 4024
25 4037
25 4039
25 4041
25 4050
25 4051
25 4058
25 4102
25 4104
25 4152
25 4153
25 4177
25 4179
25 4230
25 4251
25 4265
25 4268
25 4270
25 4294
25 4303
25 4333
25 4335
25 4349
25 4385
25 4406
25 4438
25 4455
25 4456
25 4467
25 4468
25 4613
25 4749
25 4750
25 4790
25 4818
25 7593
25 7628
25 7654
25 7663
25 7664
25 8044
25 8122
25 8123
25 8223
25 8249
25 8273
25 8293
25 8309
25 8332
25 8334
25 8648
25 8664
25 8671
25 8673
25 8675
25 8679
25 8692
25 8699
25 8721
25 8722
25 8744
25 8823
25 8839
25 8842
25 8864
25 8874
25 8889
25 8906
25 8933
25 8964
25 8965
25 8967
25 8980
25 8985
25 9052
25 9053
25 9054
25 9065
25 9069
25 9071
25 9074
25 9084
25 9135
25 9234
25 9239
25 9243
25 9246
25 9268
25 9273
25 9277
25 9278
25 9288
25 9318
25 9334
25 9338
25 9354
25 9426
25 9453
25 9454
25 9468
25 9484
25 9485
25 9488
25 9489
25 9490
25 9491
25 9493
25 9497
25 9523
25 9532
25 9533
25 9550
25 9570
25 9579
25 9588
25 9593
25 9594
25 9597
25 9616
25 9627
25 9628
25 9717
25 9750
25 9756
25 9757
25 9760
25 9762
25 9776
25 9777
25 9782
25 9793
25 9795
25 9800
25 9803
25 9821
25 9842
25 9882
25 9899
25 9907
25 9910
25 9915
25 9916
25 9917
25 9918
25 9919
25 9924
25 9929
25 9953
25 9955
25 9957
25 9971
25 9979
25 9994
25 9995
25 10033
25 10107
25 10127
25 10128
25 10146
25 10169
25 10201
25 10311
25 10385
25 10426
25 10435
25 10454
25 10467
25 13113
25 13145
25 13444
25 13587
25 13941
25 14087
25 14194
25 14425
25 14549
25 14550
25 14551
25 14574
25 14589
25 14612
25 14613
25 14657
25 14865
25 14899
25 14928
25 14929
25 14934
25 14977
25 14989
25 15040
25 15048
25 15104
25 15130
25 15297
25 15301
25 15302
25 15306
25 15372
25 15442
25 15454
25 15456
25 15457
25 15473
25 15504
25 15554
25 15555
25 15615
25 15621
25 15640
25 15739
25 15744
25 15745
25 15746
25 15760
25 15775
25 15778
25 15826
25 15832
25 15835
25 15836
25 15838
25 15845
25 15866
25 15897
25 15928
25 15929
25 15930
25 15931
25 15932
25 15933
25 15934
25 15935
25 15947
25 15965
25 16072
25 16123
25 16153
25 16160
25 16164
25 16190
25 16191
25 16192
25 16197
25 16218
25 16243
25 16245
25 16252
25 16261
25 16267
25 16273
25 16277
25 16286
25 16296
25 16302
25 16315
25 16333
25 16340
25 16353
25 16404
25 16405
25 16410
25 16414
25 16421
25 16428
25 16431
25 16432
25 16440
25 16442
25 16443
25 16447
25 16451
25 16453
25 16459
25 16465
25 16496
25 16497
25 16614
25 16617
25 16621
25 16632
25 16640
25 16642
25 16644
25 16657
25 16661
25 16687
25 16718
25 16746
25 16760
25 16776
25 16781
25 16784
25 16787
25 16795
25 16797
25 16798
25 16807
25 16827
25 16831
25 16848
25 16866
25 16894
25 16938
25 16964
25 17040
25 17047
25 17060
25 17068
25 17069
25 17070
25 17074
25 17076
25 17086
25 17087
25 17112
25 17124
25 17126
25 17128
25 17148
25 17155
25 17160
25 17209
25 17210
25 17215
25 17227
25 17230
25 17233
25 17241
25 17244
25 17245
25 17251
25 17256
25 17271
25 17278
25 17280
25 17282
25 17284
25 17288
25 17289
25 17290
25 17292
25 17294
25 17305
25 17316
25 17401
25 17402
25 17435
25 17436
25 17438
25 17440
25 17441
25 17443
25 17445
25 17453
25 17456
25 17457
25 17459
25 17486
25 17514
25 17520
25 17525
25 17529
25 17547
25 17548
25 17549
25 17567
25 17580
25 17588
25 17589
25 17592
25 17598
25 17625
25 17628
25 17637
25 17665
25 17678
25 17681
25 17682
25 17683
25 17684
25 17685
25 17687
25 17688
25 17697
25 17704
25 17706
25 17710
25 17711
25 17718
25 17733
25 17736
25 17737
25 17738
25 17763
25 17772
25 17773
25 17785
25 17805
25 17806
25 17808
25 17835
25 17874
25 17921
25 17933
25 17934
25 17935
25 17941
25 17990
25 18037
25 18062
25 18077
25 18088
25 18096
25 18100
25 18101
25 18103
25 18108
25 18109
25 18110
25 18114
25 18115
25 18121
25 18133
25 18134
25 18160
25 18167
25 18205
25 18206
25 18207
25 18212
25 18216
25 18217
25 18240
25 18243
25 18245
25 18250
25 18251
25 18252
25 18260
25 18261
25 18263
25 18265
25 18267
25 18286
25 18298
25 18317
25 18321
25 18323
25 18337
25 18339
25 18361
25 18362
25 18368
25 18397
25 18398
25 18434
25 18435
25 18440
25 18458
25 18465
25 18471
25 18494
25 18495
25 18499
25 18508
25 18522
25 18523
25 18535
25 18561
25 18568
25 18569
25 18579
25 18616
25 18648
25 18689
25 18692
25 18693
25 18695
25 18700
25 18741
25 18771
25 18803
25 18903
25 18905
25 18922
25 18925
25 18933
25 18934
25 18937
25 18947
25 18970
25 18971
25 18986
25 18991
25 19008
25 19031
25 19048
25 19051
25 19052
25 19053
25 19054
25 19055
25 19056
25 19060
25 19061
25 19062
25 19063
25 19064
25 19065
25 19066
25 19067
25 19068
25 19070
25 19071
25 19072
25 19073
25 19074
25 19075
25 19081
25 19099
25 19106
25 19107
25 19108
25 19109
25 19110
25 19111
25 19113
25 19114
25 19115
25 19116
25 19117
25 19118
25 19119
25 19120
25 19141
25 19142
25 19143
25 19144
25 19145
25 19151
25 19171
25 19172
25 19179
25 19180
25 19181
25 19182
25 19183
25 19184
25 19187
25 19189
25 19190
25 19192
25 19194
25 19195
25 19206
25 19208
25 19236
25 19238
25 19241
25 19242
25 19250
25 19252
25 19258
25 19260
25 19261
25 19271
25 19272
25 19273
25 19274
25 19275
25 19278
25 19279
25 19280
25 19281
25 19282
25 19291
25 19295
25 19296
25 19309
25 19317
25 19319
25 19320
25 19324
25 19325
25 19326
25 19338
25 19352
25 19360
25 19375
25 19417
25 19428
25 19429
25 19430
25 19431
25 19436
25 19437
25 19438
25 19441
25 19444
25 19446
25 19468
25 19483
25 19519
25 19529
25 19543
25 19544
25 19589
25 19611
25 19628
25 19640
25 19857
25 20135
25 20167
25 20361
25 20695
25 20696
25 20701
25 20702
25 20736
25 20778
25 20845
25 20852
25 20905
25 20973
25 21069
25 21070
25 21079
25 21089
25 21116
25 21125
25 21167
25 21182
25 21207
25 21252
25 21298
25 21302
25 21499
25 21504
25 21520
25 21529
25 21530
25 21539
25 21548
25 21549
25 21552
25 21553
25 21603
25 21604
25 21622
25 21709
25 21712
25 21718
25 21741
25 21751
25 21780
25 21781
25 21796
25 21855
25 21856
25 21857
25 21858
25 21859
25 21865
25 21874
25 21895
25 21903
25 21905
25 21906
25 21915
25 21922
25 21925
25 21950
25 21955
25 21958
25 21961
25 21976
25 21986
25 21988
25 21993
25 22005
25 22007
25 22011
25 22048
25 22054
25 22067
25 22180
25 22203
25 22229
25 22231
25 22242
25 22258
25 22264
25 22265
25 22267
25 22272
25 22274
25 22288
25 22292
25 22300
25 22302
25 22318
25 22328
25 22348
25 22356
25 22359
25 22362
25 22366
25 22393
25 22395
25 22400
25 22402
25 22416
25 22418
25 22419
25 22420
25 22429
25 22432
25 22437
25 22438
25 22439
25 22446
25 22454
25 22455
25 22456
25 22459
25 22461
25 22464
25 22465
25 22466
25 22472
25 22484
25 22486
25 22492
25 22497
25 22508
25 22515
25 22529
25 22530
25 22531
25 22534
25 22535
25 22536
25 22537
25 22538
25 22539
25 22540
25 22541
25 22542
25 22543
25 22546
25 22547
25 22548
25 22549
25 22550
25 22551
25 22552
25 22553
25 22554
25 22555
25 22556
25 22557
25 22558
25 22559
25 22560
25 22561
25 22565
25 22566
25 22572
25 22573
25 22576
25 22577
25 22603
25 22619
25 22622
25 22624
25 22663
25 22665
25 22670
25 22684
25 22685
25 22686
25 22687
25 22688
25 22689
25 22690
25 22700
25 22715
25 22730
25 22731
25 22733
25 22737
25 22739
25 22740
25 22741
25 22744
25 22748
25 22749
25 22759
25 22763
25 22764
25 22766
25 22810
25 22820
25 22831
25 22839
25 22855
25 22880
25 22914
25 22974
25 23104
25 23164
25 23165
25 23166
25 23189
25 23200
25 23209
25 23232
25 23233
25 23234
25 23265
25 23266
25 23267
25 23313
25 23322
25 23346
25 23369
25 23421
25 23444
25 23446
25 23449
25 23453
25 23458
25 23467
25 23468
25 23470
25 23471
25 23472
25 23474
25 23475
25 23476
25 23479
25 23482
25 23490
25 23491
25 23493
25 23495
25 23496
25 23497
25 23499
25 23501
25 23503
25 23504
25 23505
25 23511
25 23525
25 23528
25 23535
25 23555
25 23558
25 23601
25 23603
25 23605
25 23620
25 23622
25 23623
25 23624
25 23625
25 23642
25 23644
25 23645
25 23646
25 23647
25 23648
25 23661
25 23703
25 23715
25 23770
25 23781
25 23782
25 23783
25 23785
25 23786
25 23791
25 23794
25 23795
25 23798
25 23802
25 23805
25 23807
25 23814
25 23817
25 23818
25 23819
25 23820
25 23822
25 23824
25 23848
25 23851
25 23854
25 23859
25 23871
25 23876
25 23877
25 23882
25 23892
25 23894
25 23912
25 23926
25 23932
25 23933
25 23934
25 23944
25 23947
25 23954
25 23957
25 23969
25 23974
25 23975
25 24035
25 24045
25 24050
25 24052
25 24094
25 24103
25 24104
25 24112
25 24113
25 24115
25 24124
25 24125
25 24143
25 24147
25 24149
25 24153
25 24166
25 24167
25 24172
25 24174
25 24180
25 24196
25 24197
25 24216
25 24217
25 24225
25 24228
25 24251
25 24257
25 24280
25 24287
25 24316
25 24317
25 24326
25 24327
25 24339
25 24348
25 24357
25 24384
25 24390
25 24392
25 24499
25 24524
25 24546
25 24550
25 24551
25 24556
25 24557
25 24558
25 24564
25 24565
25 24571
25 24598
25 24603
25 24613
25 24615
25 24620
25 24637
25 24663
25 24665
25 24682
25 24705
25 24718
25 24720
25 24724
25 24726
25 24743
25 24745
25 24752
25 24765
25 24786
25 24791
25 24801
25 24804
25 24815
25 24821
25 24829
25 24830
25 24831
25 24832
25 24834
25 24835
25 24842
25 24846
25 24849
25 24859
25 24871
25 24872
25 24875
25 24876
25 24877
25 24881
25 24882
25 24883
25 24884
25 24885
25 24886
25 24887
25 24890
25 24891
25 24893
25 24895
25 24896
25 24898
25 24899
25 24900
25 24901
25 24902
25 24903
25 24906
25 24907
25 24908
25 24909
25 24910
25 24911
25 24922
25 24923
25 24924
25 24925
25 24926
25 24927
25 24928
25 24929
25 24931
25 24934
25 24935
25 24936
25 24937
25 24938
25 24942
25 24944
25 24952
25 24953
25 24958
25 24962
25 24963
25 24970
25 24971
25 24972
25 24975
25 24983
25 24992
25 24993
25 24994
25 24996
25 24997
25 24998
25 24999
25 25006
25 25007
25 25008
25 25009
25 25010
25 25011
25 25012
25 25013
25 25019
25 25020
25 25021
25 25023
25 25029
25 25030
25 25031
25 25032
25 25033
25 25034
25 25036
25 25040
25 25041
25 25044
25 25048
25 25054
25 25055
25 25056
25 25063
25 25064
25 25065
25 25070
25 25071
25 25077
25 25080
25 25081
25 25082
25 25086
25 25099
25 25113
25 25125
25 25166
25 25197
25 25200
25 25234
25 25250
25 25259
25 25265
25 25295
25 25296
25 25297
25 25323
25 25324
25 25330
25 25349
25 25373
25 25389
25 25398
25 25399
25 25405
25 25406
25 25408
25 25429
25 25481
25 25496
25 25551
25 25553
25 25555
25 25559
25 25560
25 25561
25 25562
25 25564
25 25565
25 25569
25 25574
25 25583
25 25584
25 25586
25 25587
25 25588
25 25592
25 25598
25 25599
25 25601
25 25602
25 25604
25 25616
25 25618
25 25619
25 25633
25 25635
25 25637
25 25642
25 25650
25 25652
25 25655
25 25658
25 25659
25 25660
25 25662
25 25663
25 25664
25 25676
25 25677
25 25678
25 25681
25 25683
25 25684
25 25685
25 25686
25 25688
25 25689
25 25693
25 25694
25 25695
25 25697
25 25699
25 25702
25 25706
25 25707
25 25733
25 25734
25 25735
25 25737
25 25738
25 25743
25 25746
25 25747
25 25749
25 25751
25 25756
25 25761
25 25768
25 25770
25 25774
25 25776
25 25777
25 25782
25 25783
25 25784
25 25785
25 25786
25 25788
25 25789
25 25794
25 25795
25 25797
25 25808
25 25809
25 25823
25 25826
25 25838
25 25843
25 25871
25 25872
25 25873
25 25874
25 25875
25 25877
25 25883
25 25884
25 25888
25 25896
25 25903
25 25909
25 25910
25 25912
25 25915
25 25916
25 25921
25 25923
25 25933
25 25934
25 25937
25 25938
25 25939
25 25941
25 25942
25 25943
25 25944
25 25945
25 25947
25 25948
25 25949
25 25953
25 25954
25 25956
25 25957
25 25958
25 25959
25 25961
25 25962
25 25963
25 25964
25 25969
25 25970
25 25971
25 25972
25 25973
25 25974
25 25975
25 25976
25 25984
25 25985
25 25986
25 25987
25 25988
25 25989
25 25990
25 25997
25 25998
25 26000
25 26002
25 26003
25 26004
25 26008
25 26009
25 26011
25 26013
25 26017
25 26018
25 26019
25 26020
25 26022
25 26039
25 26044
25 26048
25 26049
25 26050
25 26051
25 26054
25 26055
25 26057
25 26058
25 26059
25 26071
25 26108
25 26109
25 26110
25 26122
25 26123
25 26124
25 26126
25 26130
25 26139
25 26143
25 26149
25 26150
25 26162
25 26163
25 26168
25 26169
25 26188
25 26207
25 26212
25 26214
25 26217
25 26218
25 26219
25 26220
25 26238
25 26250
25 26268
25 26271
25 26275
25 26329
25 26357
25 26360
25 26397
25 26398
25 26405
25 26412
25 26436
25 26466
25 26473
25 26475
25 26476
25 26477
25 26478
25 26479
25 26480
25 26484
25 26488
25 26507
25 26510
25 26527
25 26529
25 26540
25 26545
25 26566
25 26592
25 26593
25 26595
25 26600
25 26619
25 26628
25 26629
25 26665
25 26666
25 26672
25 26717
25 26740
25 26752
25 26758
25 26759
25 26761
25 26763
25 26789
25 26790
25 26868
25 26889
25 26900
25 26924
25 26928
25 26929
25 26931
25 26934
25 26941
25 26943
25 26954
25 26955
25 26956
25 26961
25 26965
25 26967
25 26970
25 26972
25 26974
25 26987
25 26989
25 26990
25 26993
25 26997
25 26998
25 26999
25 27000
25 27002
25 27008
25 27016
25 27018
25 27022
25 27024
25 27026
25 27029
25 27031
25 27034
25 27035
25 27037
25 27038
25 27040
25 27041
25 27053
25 27057
25 27058
25 27059
25 27062
25 27063
25 27066
25 27073
25 27075
25 27076
25 27087
25 27088
25 27089
25 27092
25 27093
25 27094
25 27100
25 27101
25 27102
25 27103
25 27107
25 27108
25 27112
25 27116
25 27117
25 27124
25 27125
25 27127
25 27128
25 27129
25 27130
25 27133
25 27134
25 27136
25 27140
25 27149
25 27150
25 27153
25 27154
25 27157
25 27158
25 27161
25 27165
25 27171
25 27178
25 27179
25 27180
25 27182
25 27191
25 27194
25 27196
25 27199
25 27202
25 27203
25 27206
25 27207
25 27208
25 27209
25 27210
25 27211
25 27213
25 27214
25 27216
25 27217
25 27220
25 27221
25 27222
25 27223
25 27224
25 27232
25 27233
25 27235
25 27244
25 27245
25 27246
25 27247
25 27248
25 27249
25 27250
25 27253
25 27254
25 27255
25 27258
25 27259
25 27261
25 27262
25 27263
25 27264
25 27265
25 27266
25 27267
25 27268
25 27269
25 27270
25 27271
25 27272
25 27273
25 27274
25 27275
25 27276
25 27277
25 27278
25 27279
25 27281
25 27282
25 27283
25 27285
25 27288
25 27291
25 27294
25 27296
25 27299
25 27300
25 27301
25 27303
25 27304
25 27305
25 27306
25 27309
25 27310
25 27311
25 27312
25 27313
25 27314
25 27315
25 27317
25 27318
25 27319
25 27320
25 27322
25 27323
25 27325
25 27326
25 27327
25 27328
25 27331
25 27332
25 27333
25 27340
25 27342
25 27348
25 27351
25 27352
25 27353
25 27354
25 27355
25 27356
25 27358
25 27360
25 27368
25 27371
25 27372
25 27378
25 27381
25 27384
25 27386
25 27388
25 27390
25 27392
25 27394
25 27395
25 27396
25 27398
25 27399
25 27403
25 27424
25 27483
25 27486
25 27487
25 27502
25 27542
25 27544
25 27545
25 27551
25 27557
25 27561
25 27563
25 27564
25 27574
25 27580
25 27590
25 27593
25 27594
25 27595
25 27596
25 27597
25 27598
25 27599
25 27600
25 27601
25 27602
25 27603
25 27604
25 27605
25 27606
25 27610
25 27613
25 27614
25 27615
25 27616
25 27617
25 27618
25 27619
25 27620
25 27621
25 27622
25 27624
25 27634
25 27635
25 27636
25 27638
25 27642
25 27643
25 27647
25 27649
25 27650
25 27651
25 27653
25 27655
25 27657
25 27658
25 27659
25 27662
25 27666
25 27668
25 27675
25 27676
25 27678
25 27680
25 27681
25 27682
25 27684
25 27685
25 27686
25 27687
25 27688
25 27689
25 27690
25 27691
25 27692
25 27693
25 27694
25 27695
25 27696
25 27697
25 27700
25 27701
25 27702
25 27721
25 27722
25 27728
25 27739
25 27743
25 27751
25 27757
25 27760
25 27761
25 27766
25 27772
25 27774
25 27775
25 27776
25 27779
25 27780
25 27781
25 27782
25 27784
25 27788
25 27795
25 27798
25 27804
25 27819
25 27821
25 27832
25 27834
25 27835
25 27836
25 27838
25 27841
25 27843
25 27845
25 27849
25 27865
25 27870
25 27877
25 27885
25 27886
25 27894
25 27895
25 27896
25 27900
25 27901
25 27907
25 27910
25 27912
25 27919
25 27922
25 27924
25 27927
25 27928
25 27929
25 27930
25 27933
25 27934
25 27935
25 27938
25 27941
25 27942
25 27943
25 27959
25 27960
25 27961
25 27968
25 27969
25 27970
25 27977
25 27978
25 27979
25 27982
25 27985
25 27986
25 27990
25 27991
25 27992
25 27993
25 27994
25 27995
25 27996
25 27997
25 27998
25 27999
25 28000
25 28002
25 28005
25 28006
25 28007
25 28008
25 28010
25 28011
25 28012
25 28014
25 28015
25 28017
25 28022
25 28023
25 28025
25 28031
25 28033
25 28034
25 28036
25 28039
25 28040
25 28043
25 28044
25 28045
25 28050
25 28051
25 28054
25 28057
25 28077
25 28086
25 28088
25 28098
25 28104
25 28106
25 28107
25 28108
25 28110
25 28111
25 28115
25 28116
25 28118
25 28119
25 28121
25 28122
25 28123
25 28124
25 28125
25 28130
25 28134
25 28136
25 28153
25 28155
25 28156
25 28161
25 28162
25 28163
25 28180
25 28181
25 28182
25 28183
25 28185
25 28188
25 28189
25 28190
25 28198
25 28200
25 28202
25 28205
25 28206
25 28216
25 28219
25 28223
25 28225
25 28228
25 28230
25 28231
25 28232
25 28236
25 28242
25 28248
25 28249
25 28251
25 28252
25 28254
25 28259
25 28263
25 28264
25 28276
25 28283
25 28284
25 28285
25 28286
25 28288
25 28289
25 28292
25 28293
25 28296
25 28299
25 28300
25 28302
25 28304
25 28308
25 28315
25 28316
25 28321
25 28326
25 28327
25 28339
25 28341
25 28342
25 28343
25 28346
25 28348
25 28349
25 28352
25 28353
25 28354
25 28355
25 28356
25 28357
25 28358
25 28359
25 28360
25 28361
25 28365
25 28366
25 28367
25 28368
25 28369
25 28370
25 28376
25 28377
25 28391
25 28421
25 28423
25 28425
25 28427
25 28431
25 28433
25 28434
25 28435
25 28436
25 28437
25 28438
25 28439
25 28440
25 28456
25 28459
25 28467
25 28471
25 28472
25 28481
25 28490
25 28497
25 28506
25 28508
25 28509
25 28514
25 28515
25 28516
25 28520
25 28521
25 28548
25 28549
25 28550
25 28551
25 28554
25 28555
25 28556
25 28557
25 28558
25 28576
25 28579
25 28580
25 28586
25 28606
25 28607
25 28608
25 28611
25 28653
25 28667
25 28675
25 28677
25 28697
25 28698
25 28711
25 28714
25 28715
25 28717
25 28727
25 28728
25 28729
25 28730
25 28731
25 28738
25 28744
25 28745
25 28749
25 28750
25 28755
25 28762
25 28765
25 28778
25 28797
25 28798
25 28819
25 28836
25 28837
25 28844
25 28882
25 28895
25 28897
25 28909
25 28913
25 28925
25 28931
25 28963
26 1
26 887
26 1053
26 8744
26 14372
26 16581
26 16612
26 16622
26 16769
27 1
27 6
27 8
27 9
27 41
27 66
27 74
27 76
27 78
27 86
27 92
27 93
27 95
27 101
27 102
27 105
27 106
27 107
27 117
27 118
27 130
27 152
27 158
27 160
27 162
27 163
27 173
27 175
27 177
27 178
27 181
27 182
27 185
27 187
27 201
27 202
27 210
27 211
27 212
27 213
27 214
27 219
27 221
27 222
27 224
27 229
27 230
27 231
27 237
27 238
27 243
27 252
27 254
27 256
27 257
27 258
27 260
27 263
27 265
27 267
27 270
27 275
27 276
27 283
27 287
27 290
27 291
27 293
27 296
27 297
27 298
27 299
27 300
27 301
27 304
27 309
27 310
27 312
27 318
27 319
27 320
27 321
27 322
27 455
27 517
27 521
27 541
27 542
27 543
27 546
27 551
27 552
27 554
27 555
27 562
27 563
27 567
27 569
27 570
27 572
27 573
27 575
27 576
27 580
27 582
27 583
27 584
27 586
27 587
27 588
27 589
27 590
27 591
27 592
27 593
27 595
27 596
27 597
27 598
27 599
27 600
27 601
27 603
27 604
27 605
27 606
27 607
27 608
27 609
27 610
27 611
27 615
27 616
27 617
27 618
27 619
27 620
27 622
27 623
27 624
27 625
27 635
27 636
27 637
27 638
27 639
27 640
27 641
27 642
27 643
27 644
27 648
27 650
27 651
27 653
27 654
27 655
27 657
27 661
27 672
27 675
27 677
27 679
27 680
27 681
27 682
27 683
27 685
27 686
27 687
27 688
27 691
27 692
27 693
27 694
27 695
27 696
27 697
27 698
27 699
27 700
27 701
27 703
27 708
27 711
27 712
27 730
27 732
27 734
27 737
27 740
27 742
27 743
27 744
27 746
27 749
27 750
27 752
27 756
27 759
27 760
27 763
27 764
27 765
27 766
27 767
27 768
27 777
27 778
27 780
27 781
27 782
27 785
27 788
27 789
27 790
27 791
27 795
27 801
27 802
27 803
27 804
27 805
27 807
27 813
27 815
27 816
27 819
27 820
27 821
27 824
27 825
27 827
27 828
27 830
27 832
27 833
27 839
27 841
27 842
27 843
27 844
27 847
27 848
27 849
27 850
27 851
27 852
27 856
27 857
27 858
27 859
27 862
27 866
27 872
27 875
27 887
27 901
27 902
27 905
27 907
27 908
27 909
27 910
27 912
27 914
27 915
27 916
27 918
27 926
27 928
27 930
27 933
27 940
27 946
27 950
27 952
27 953
27 954
27 956
27 959
27 960
27 963
27 967
27 971
27 974
27 975
27 978
27 982
27 984
27 987
27 992
27 993
27 996
27 1000
27 1016
27 1022
27 1028
27 1029
27 1030
27 1032
27 1035
27 1039
27 1040
27 1042
27 1043
27 1046
27 1048
27 1050
27 1053
27 1056
27 1057
27 1059
27 1062
27 1065
27 1066
27 1067
27 1074
27 1077
27 1080
27 1082
27 1084
27 1085
27 1086
27 1089
27 1091
27 1092
27 1094
27 1098
27 1099
27 1101
27 1102
27 1103
27 1106
27 1108
27 1109
27 1110
27 1111
27 1112
27 1113
27 1114
27 1116
27 1117
27 1122
27 1125
27 1126
27 1130
27 1131
27 1132
27 1133
27 1136
27 1138
27 1142
27 1146
27 1166
27 1169
27 1175
27 1179
27 1188
27 1191
27 1194
27 1196
27 1198
27 1200
27 1203
27 1204
27 1206
27 1207
27 1208
27 1210
27 1211
27 1216
27 1217
27 1218
27 1219
27 1220
27 1221
27 1222
27 1223
27 1224
27 1225
27 1226
27 1228
27 1229
27 1230
27 1242
27 1243
27 1244
27 1247
27 1249
27 1251
27 1253
27 1259
27 1260
27 1263
27 1265
27 1266
27 1267
27 1269
27 1271
27 1272
27 1274
27 1277
27 1280
27 1285
27 1286
27 1289
27 1297
27 1299
27 1301
27 1302
27 1303
27 1307
27 1310
27 1314
27 1316
27 1323
27 1325
27 1326
27 1327
27 1340
27 1356
27 1368
27 1370
27 1372
27 1390
27 1408
27 1409
27 1410
27 1411
27 1415
27 1418
27 1419
27 1422
27 1423
27 1424
27 1425
27 1426
27 1427
27 1428
27 1435
27 1453
27 1459
27 1478
27 1492
27 1497
27 1500
27 1507
27 1510
27 1525
27 1530
27 1534
27 1537
27 1558
27 1568
27 1573
27 1576
27 1579
27 1584
27 1585
27 1588
27 1594
27 1595
27 1596
27 1600
27 1602
27 1604
27 1617
27 1623
27 1626
27 1629
27 1630
27 1632
27 1634
27 1637
27 1639
27 1641
27 1648
27 1650
27 1656
27 1658
27 1668
27 1669
27 1670
27 1671
27 1674
27 1675
27 1677
27 1679
27 1680
27 1683
27 1685
27 1687
27 1691
27 1693
27 1694
27 1695
27 1696
27 1697
27 1698
27 1705
27 1706
27 1710
27 1726
27 1744
27 1747
27 1748
27 1753
27 1755
27 1757
27 1758
27 1759
27 1762
27 1766
27 1768
27 1775
27 1781
27 1782
27 1786
27 1788
27 1792
27 1794
27 1807
27 1813
27 1814
27 1820
27 1831
27 1833
27 1834
27 1835
27 1836
27 1837
27 1838
27 1839
27 1840
27 1841
27 1842
27 1843
27 1844
27 1849
27 1852
27 1855
27 1858
27 1860
27 1874
27 1878
27 1880
27 1884
27 1907
27 1913
27 1916
27 1918
27 1922
27 1926
27 1928
27 1929
27 1954
27 1965
27 1967
27 1984
27 1985
27 1991
27 1993
27 1997
27 2001
27 2006
27 2011
27 2013
27 2015
27 2017
27 2019
27 2030
27 2032
27 2035
27 2036
27 2038
27 2040
27 2043
27 2044
27 2046
27 2048
27 2049
27 2051
27 2053
27 2054
27 2059
27 2060
27 2066
27 2068
27 2072
27 2077
27 2079
27 2083
27 2084
27 2091
27 2094
27 2095
27 2097
27 2098
27 2100
27 2102
27 2104
27 2108
27 2110
27 2120
27 2127
27 2130
27 2133
27 2137
27 2141
27 2143
27 2146
27 2147
27 2149
27 2150
27 2151
27 2153
27 2154
27 2155
27 2156
27 2166
27 2168
27 2172
27 2175
27 2176
27 2181
27 2183
27 2185
27 2187
27 2189
27 2192
27 2197
27 2215
27 2242
27 2254
27 2294
27 2295
27 2297
27 2306
27 2315
27 2317
27 2320
27 2324
27 2329
27 2333
27 2334
27 2335
27 2337
27 2339
27 2340
27 2341
27 2342
27 2346
27 2350
27 2352
27 2355
27 2356
27 2359
27 2361
27 2362
27 2364
27 2366
27 2367
27 2369
27 2371
27 2374
27 2375
27 2377
27 2379
27 2381
27 2384
27 2394
27 2396
27 2398
27 2400
27 2406
27 2419
27 2420
27 2426
27 2427
27 2429
27 2430
27 2432
27 2434
27 2436
27 2437
27 2438
27 2439
27 2442
27 2444
27 2446
27 2454
27 2466
27 2474
27 2476
27 2499
27 2501
27 2512
27 2516
27 2518
27 2527
27 2550
27 2552
27 2556
27 2558
27 2561
27 2562
27 2565
27 2567
27 2568
27 2571
27 2572
27 2576
27 2578
27 2579
27 2580
27 2581
27 2582
27 2583
27 2593
27 2601
27 2607
27 2609
27 2611
27 2613
27 2615
27 2620
27 2625
27 2626
27 2627
27 2628
27 2629
27 2630
27 2634
27 2636
27 2637
27 2651
27 2657
27 2660
27 2661
27 2677
27 2687
27 2701
27 2703
27 2705
27 2715
27 2717
27 2736
27 2742
27 2743
27 2744
27 2756
27 2768
27 2784
27 2789
27 2791
27 2800
27 2801
27 2802
27 2803
27 2805
27 2806
27 2807
27 2808
27 2809
27 2812
27 2814
27 2818
27 2820
27 2821
27 2822
27 2823
27 2826
27 2842
27 2854
27 2861
27 2862
27 2888
27 2890
27 2892
27 2905
27 2908
27 2909
27 2913
27 2914
27 2925
27 2936
27 2946
27 2948
27 2949
27 2952
27 2954
27 2956
27 2958
27 2962
27 2970
27 2971
27 2972
27 2978
27 2984
27 2985
27 2994
27 2996
27 2998
27 3000
27 3002
27 3004
27 3006
27 3008
27 3014
27 3016
27 3018
27 3020
27 3022
27 3030
27 3051
27 3059
27 3064
27 3068
27 3087
27 3088
27 3090
27 3092
27 3093
27 3096
27 3099
27 3103
27 3105
27 3108
27 3112
27 3113
27 3120
27 3122
27 3124
27 3129
27 3130
27 3145
27 3183
27 3185
27 3188
27 3189
27 3190
27 3191
27 3192
27 3193
27 3194
27 3195
27 3196
27 3197
27 3198
27 3199
27 3200
27 3201
27 3202
27 3203
27 3204
27 3205
27 3215
27 3216
27 3218
27 3220
27 3234
27 3235
27 3238
27 3239
27 3245
27 3248
27 3252
27 3254
27 3257
27 3259
27 3263
27 3266
27 3268
27 3269
27 3271
27 3274
27 3275
27 3285
27 3293
27 3300
27 3301
27 3302
27 3306
27 3311
27 3315
27 3320
27 3327
27 3329
27 3335
27 3350
27 3355
27 3363
27 3364
27 3378
27 3382
27 3384
27 3386
27 3388
27 3390
27 3392
27 3395
27 3397
27 3401
27 3403
27 3407
27 3408
27 3409
27 3411
27 3413
27 3422
27 3423
27 3430
27 3433
27 3436
27 3440
27 3443
27 3449
27 3453
27 3455
27 3461
27 3463
27 3464
27 3466
27 3467
27 3468
27 3469
27 3470
27 3472
27 3478
27 3490
27 3522
27 3524
27 3529
27 3530
27 3532
27 3533
27 3534
27 3536
27 3540
27 3544
27 3546
27 3556
27 3561
27 3579
27 3581
27 3584
27 3588
27 3590
27 3594
27 3599
27 3602
27 3604
27 3606
27 3607
27 3610
27 3612
27 3614
27 3616
27 3618
27 3620
27 3633
27 3636
27 3639
27 3641
27 3643
27 3654
27 3657
27 3658
27 3659
27 3661
27 3662
27 3663
27 3664
27 3665
27 3666
27 3667
27 3668
27 3698
27 3702
27 3703
27 3705
27 3710
27 3730
27 3732
27 3740
27 3741
27 3742
27 3748
27 3749
27 3750
27 3751
27 3765
27 3769
27 3772
27 3774
27 3776
27 3785
27 3797
27 3805
27 3807
27 3808
27 3810
27 3811
27 3813
27 3815
27 3828
27 3840
27 3841
27 3843
27 3844
27 3845
27 3859
27 3862
27 3864
27 3890
27 3892
27 3894
27 3896
27 3898
27 3900
27 3907
27 3908
27 3916
27 3934
27 3939
27 3954
27 3959
27 3961
27 3964
27 3966
27 3973
27 3976
27 3994
27 3998
27 4002
27 4003
27 4004
27 4006
27 4008
27 4010
27 4012
27 4015
27 4017
27 4024
27 4028
27 4029
27 4034
27 4037
27 4038
27 4039
27 4040
27 4041
27 4042
27 4046
27 4048
27 4050
27 4051
27 4055
27 4063
27 4068
27 4080
27 4084
27 4089
27 4091
27 4093
27 4094
27 4101
27 4102
27 4104
27 4107
27 4119
27 4120
27 4121
27 4123
27 4130
27 4132
27 4133
27 4135
27 4137
27 4140
27 4141
27 4154
27 4155
27 4156
27 4159
27 4174
27 4177
27 4179
27 4197
27 4199
27 4201
27 4202
27 4203
27 4204
27 4206
27 4212
27 4217
27 4218
27 4220
27 4221
27 4228
27 4230
27 4231
27 4238
27 4242
27 4244
27 4246
27 4251
27 4254
27 4263
27 4264
27 4268
27 4269
27 4270
27 4304
27 4306
27 4318
27 4332
27 4333
27 4335
27 4349
27 4385
27 4406
27 4443
27 4456
27 4467
27 4470
27 4475
27 4484
27 4485
27 4511
27 4512
27 4555
27 4557
27 4581
27 4592
27 4605
27 4610
27 4613
27 4619
27 4620
27 4621
27 4637
27 4639
27 4640
27 4641
27 4642
27 4643
27 4644
27 4645
27 4659
27 4756
27 4772
27 4789
27 4790
27 4799
27 4800
27 4801
27 4802
27 4803
27 4804
27 4806
27 4810
27 4819
27 7554
27 7580
27 7584
27 7627
27 7628
27 7654
27 7657
27 7663
27 7664
27 7675
27 7876
27 7904
27 8026
27 8044
27 8122
27 8123
27 8124
27 8127
27 8165
27 8238
27 8247
27 8273
27 8275
27 8293
27 8309
27 8322
27 8333
27 8368
27 8648
27 8649
27 8659
27 8664
27 8671
27 8673
27 8674
27 8678
27 8691
27 8692
27 8699
27 8704
27 8712
27 8719
27 8720
27 8721
27 8722
27 8725
27 8727
27 8731
27 8744
27 8745
27 8823
27 8835
27 8839
27 8842
27 8847
27 8866
27 8874
27 8885
27 8889
27 8903
27 8906
27 8908
27 8914
27 8933
27 8953
27 8964
27 8965
27 8966
27 8967
27 8968
27 8973
27 8978
27 8980
27 8985
27 9006
27 9030
27 9031
27 9032
27 9034
27 9035
27 9041
27 9050
27 9052
27 9053
27 9054
27 9063
27 9065
27 9068
27 9069
27 9070
27 9071
27 9074
27 9081
27 9083
27 9084
27 9123
27 9134
27 9135
27 9136
27 9138
27 9161
27 9166
27 9181
27 9189
27 9231
27 9234
27 9236
27 9239
27 9243
27 9246
27 9268
27 9272
27 9274
27 9276
27 9277
27 9278
27 9281
27 9288
27 9334
27 9335
27 9338
27 9353
27 9358
27 9386
27 9417
27 9419
27 9453
27 9454
27 9468
27 9480
27 9481
27 9484
27 9486
27 9488
27 9490
27 9491
27 9492
27 9493
27 9494
27 9497
27 9527
27 9528
27 9532
27 9533
27 9534
27 9535
27 9538
27 9550
27 9555
27 9558
27 9560
27 9570
27 9572
27 9575
27 9579
27 9584
27 9588
27 9593
27 9594
27 9595
27 9597
27 9605
27 9616
27 9627
27 9636
27 9717
27 9736
27 9738
27 9750
27 9757
27 9758
27 9760
27 9762
27 9776
27 9782
27 9783
27 9793
27 9794
27 9802
27 9803
27 9806
27 9808
27 9809
27 9811
27 9818
27 9821
27 9882
27 9899
27 9900
27 9907
27 9910
27 9911
27 9914
27 9919
27 9921
27 9924
27 9925
27 9926
27 9929
27 9930
27 9964
27 9965
27 9967
27 9968
27 9969
27 9970
27 9971
27 9972
27 9979
27 9980
27 9982
27 9993
27 9994
27 9995
27 9996
27 10006
27 10033
27 10042
27 10107
27 10127
27 10131
27 10146
27 10150
27 10272
27 10300
27 10357
27 10426
27 10435
27 10454
27 10476
27 12939
27 13113
27 13460
27 14050
27 14326
27 14425
27 14549
27 14550
27 14551
27 14569
27 14574
27 14589
27 14592
27 14613
27 14620
27 14638
27 14656
27 14832
27 14840
27 14852
27 14856
27 14865
27 14899
27 14928
27 14929
27 14934
27 14977
27 14989
27 15040
27 15097
27 15098
27 15104
27 15110
27 15112
27 15130
27 15191
27 15206
27 15210
27 15211
27 15243
27 15246
27 15297
27 15301
27 15302
27 15306
27 15364
27 15366
27 15367
27 15372
27 15418
27 15454
27 15457
27 15458
27 15473
27 15482
27 15504
27 15554
27 15555
27 15562
27 15576
27 15585
27 15615
27 15621
27 15659
27 15660
27 15739
27 15740
27 15744
27 15745
27 15749
27 15750
27 15760
27 15775
27 15778
27 15826
27 15836
27 15838
27 15845
27 15866
27 15878
27 15897
27 15902
27 15928
27 15929
27 15930
27 15931
27 15932
27 15933
27 15934
27 15935
27 15947
27 16018
27 16020
27 16083
27 16105
27 16107
27 16123
27 16160
27 16190
27 16191
27 16192
27 16197
27 16218
27 16243
27 16245
27 16252
27 16261
27 16262
27 16267
27 16273
27 16284
27 16286
27 16287
27 16288
27 16296
27 16301
27 16302
27 16303
27 16315
27 16333
27 16353
27 16368
27 16394
27 16404
27 16405
27 16410
27 16414
27 16421
27 16422
27 16428
27 16430
27 16431
27 16432
27 16440
27 16442
27 16443
27 16445
27 16447
27 16451
27 16453
27 16459
27 16465
27 16469
27 16488
27 16496
27 16497
27 16506
27 16514
27 16557
27 16568
27 16614
27 16617
27 16619
27 16621
27 16622
27 16625
27 16632
27 16634
27 16639
27 16640
27 16642
27 16644
27 16652
27 16657
27 16661
27 16671
27 16673
27 16674
27 16687
27 16696
27 16707
27 16712
27 16718
27 16722
27 16740
27 16744
27 16745
27 16746
27 16754
27 16756
27 16760
27 16776
27 16781
27 16784
27 16785
27 16787
27 16795
27 16797
27 16800
27 16802
27 16806
27 16807
27 16821
27 16822
27 16829
27 16831
27 16842
27 16844
27 16846
27 16848
27 16866
27 16867
27 16889
27 16891
27 16892
27 16894
27 16908
27 16932
27 16954
27 16962
27 16964
27 16986
27 16987
27 17026
27 17027
27 17028
27 17029
27 17032
27 17034
27 17047
27 17055
27 17056
27 17057
27 17058
27 17060
27 17062
27 17068
27 17069
27 17070
27 17074
27 17076
27 17080
27 17086
27 17087
27 17091
27 17112
27 17113
27 17124
27 17126
27 17128
27 17138
27 17144
27 17146
27 17147
27 17148
27 17154
27 17155
27 17156
27 17170
27 17208
27 17209
27 17210
27 17227
27 17230
27 17233
27 17241
27 17244
27 17245
27 17251
27 17276
27 17280
27 17282
27 17284
27 17285
27 17288
27 17289
27 17290
27 17292
27 17294
27 17295
27 17296
27 17303
27 17304
27 17305
27 17306
27 17353
27 17378
27 17383
27 17385
27 17391
27 17401
27 17435
27 17436
27 17438
27 17440
27 17441
27 17442
27 17445
27 17456
27 17457
27 17458
27 17459
27 17480
27 17481
27 17483
27 17486
27 17510
27 17513
27 17514
27 17515
27 17520
27 17525
27 17529
27 17548
27 17549
27 17567
27 17569
27 17583
27 17589
27 17592
27 17595
27 17596
27 17598
27 17621
27 17625
27 17628
27 17637
27 17665
27 17678
27 17681
27 17682
27 17683
27 17684
27 17685
27 17688
27 17696
27 17697
27 17704
27 17711
27 17712
27 17716
27 17719
27 17722
27 17733
27 17736
27 17738
27 17746
27 17759
27 17760
27 17761
27 17763
27 17765
27 17772
27 17773
27 17775
27 17785
27 17805
27 17808
27 17823
27 17839
27 17840
27 17841
27 17842
27 17843
27 17844
27 17846
27 17847
27 17848
27 17849
27 17850
27 17858
27 17859
27 17862
27 17863
27 17864
27 17865
27 17866
27 17874
27 17881
27 17887
27 17888
27 17911
27 17913
27 17915
27 17916
27 17917
27 17918
27 17919
27 17920
27 17923
27 17941
27 17949
27 17950
27 17951
27 17952
27 17953
27 17954
27 17955
27 17964
27 17966
27 17978
27 17980
27 17984
27 17990
27 18015
27 18034
27 18045
27 18048
27 18049
27 18050
27 18051
27 18052
27 18053
27 18054
27 18055
27 18058
27 18062
27 18072
27 18073
27 18074
27 18077
27 18095
27 18096
27 18100
27 18103
27 18106
27 18107
27 18108
27 18109
27 18110
27 18114
27 18115
27 18121
27 18133
27 18134
27 18157
27 18160
27 18167
27 18178
27 18187
27 18190
27 18206
27 18207
27 18208
27 18211
27 18212
27 18213
27 18214
27 18215
27 18220
27 18221
27 18222
27 18225
27 18226
27 18227
27 18228
27 18229
27 18230
27 18231
27 18232
27 18233
27 18240
27 18243
27 18245
27 18250
27 18252
27 18253
27 18254
27 18255
27 18256
27 18257
27 18258
27 18259
27 18260
27 18261
27 18262
27 18263
27 18264
27 18265
27 18266
27 18267
27 18268
27 18269
27 18270
27 18277
27 18279
27 18280
27 18281
27 18286
27 18287
27 18288
27 18290
27 18291
27 18292
27 18293
27 18294
27 18295
27 18297
27 18298
27 18299
27 18315
27 18317
27 18318
27 18319
27 18321
27 18322
27 18323
27 18326
27 18327
27 18334
27 18339
27 18347
27 18348
27 18349
27 18350
27 18360
27 18366
27 18367
27 18368
27 18369
27 18371
27 18372
27 18373
27 18374
27 18375
27 18376
27 18379
27 18380
27 18397
27 18424
27 18425
27 18430
27 18434
27 18435
27 18440
27 18458
27 18465
27 18466
27 18467
27 18469
27 18470
27 18471
27 18475
27 18486
27 18489
27 18491
27 18492
27 18493
27 18494
27 18495
27 18496
27 18499
27 18502
27 18508
27 18509
27 18522
27 18535
27 18551
27 18556
27 18561
27 18568
27 18569
27 18580
27 18587
27 18601
27 18608
27 18635
27 18636
27 18640
27 18653
27 18658
27 18667
27 18668
27 18670
27 18671
27 18673
27 18688
27 18689
27 18691
27 18694
27 18695
27 18700
27 18701
27 18719
27 18721
27 18728
27 18731
27 18741
27 18772
27 18773
27 18803
27 18815
27 18816
27 18868
27 18880
27 18881
27 18882
27 18888
27 18901
27 18902
27 18903
27 18905
27 18922
27 18925
27 18926
27 18928
27 18929
27 18933
27 18968
27 18971
27 18977
27 18978
27 18986
27 18991
27 19008
27 19022
27 19023
27 19055
27 19075
27 19081
27 19099
27 19106
27 19113
27 19119
27 19130
27 19141
27 19159
27 19165
27 19166
27 19167
27 19170
27 19172
27 19179
27 19186
27 19187
27 19189
27 19190
27 19192
27 19193
27 19195
27 19206
27 19229
27 19236
27 19243
27 19245
27 19265
27 19268
27 19271
27 19280
27 19282
27 19309
27 19316
27 19317
27 19318
27 19320
27 19324
27 19326
27 19338
27 19342
27 19347
27 19351
27 19352
27 19353
27 19354
27 19360
27 19364
27 19375
27 19391
27 19392
27 19401
27 19407
27 19409
27 19411
27 19415
27 19417
27 19418
27 19429
27 19432
27 19435
27 19436
27 19441
27 19447
27 19450
27 19466
27 19468
27 19470
27 19473
27 19474
27 19475
27 19476
27 19477
27 19478
27 19479
27 19483
27 19485
27 19496
27 19497
27 19498
27 19499
27 19500
27 19501
27 19503
27 19504
27 19505
27 19506
27 19507
27 19508
27 19509
27 19510
27 19512
27 19513
27 19514
27 19515
27 19516
27 19517
27 19518
27 19519
27 19521
27 19522
27 19523
27 19524
27 19525
27 19527
27 19528
27 19529
27 19531
27 19532
27 19533
27 19534
27 19535
27 19536
27 19537
27 19538
27 19539
27 19540
27 19541
27 19543
27 19547
27 19550
27 19558
27 19575
27 19578
27 19589
27 19596
27 19597
27 19598
27 19599
27 19600
27 19601
27 19603
27 19611
27 19612
27 19614
27 19616
27 19618
27 19624
27 19625
27 19626
27 19628
27 19630
27 19638
27 19642
27 19646
27 19657
27 19658
27 19680
27 19684
27 19695
27 19696
27 19706
27 19727
27 19735
27 19776
27 19801
27 19802
27 19803
27 19804
27 19805
27 19806
27 19807
27 19815
27 19816
27 19824
27 19825
27 19826
27 19827
27 19828
27 19831
27 19834
27 19857
27 19865
27 19884
27 19906
27 19910
27 19941
27 19948
27 19952
27 19962
27 19971
27 19979
27 19980
27 19992
27 19993
27 20005
27 20024
27 20053
27 20070
27 20075
27 20086
27 20103
27 20110
27 20123
27 20124
27 20135
27 20143
27 20201
27 20202
27 20204
27 20210
27 20220
27 20332
27 20352
27 20361
27 20373
27 20418
27 20446
27 20456
27 20462
27 20467
27 20534
27 20535
27 20536
27 20585
27 20590
27 20611
27 20641
27 20695
27 20696
27 20701
27 20704
27 20731
27 20732
27 20733
27 20734
27 20735
27 20741
27 20742
27 20743
27 20744
27 20745
27 20746
27 20750
27 20755
27 20756
27 20757
27 20758
27 20759
27 20773
27 20774
27 20775
27 20777
27 20793
27 20795
27 20820
27 20821
27 20822
27 20825
27 20826
27 20841
27 20845
27 20864
27 20867
27 20868
27 20879
27 20901
27 20904
27 20929
27 20930
27 20931
27 20932
27 20943
27 20970
27 20971
27 20973
27 20987
27 20997
27 21015
27 21016
27 21020
27 21026
27 21035
27 21043
27 21051
27 21069
27 21070
27 21076
27 21077
27 21079
27 21080
27 21081
27 21086
27 21089
27 21102
27 21105
27 21106
27 21107
27 21108
27 21112
27 21116
27 21117
27 21120
27 21121
27 21122
27 21123
27 21124
27 21125
27 21126
27 21132
27 21133
27 21136
27 21137
27 21138
27 21139
27 21143
27 21145
27 21146
27 21149
27 21150
27 21151
27 21152
27 21153
27 21155
27 21156
27 21157
27 21159
27 21160
27 21162
27 21163
27 21164
27 21165
27 21166
27 21167
27 21168
27 21169
27 21182
27 21187
27 21188
27 21190
27 21195
27 21196
27 21203
27 21204
27 21205
27 21206
27 21207
27 21208
27 21209
27 21213
27 21217
27 21218
27 21222
27 21223
27 21224
27 21226
27 21229
27 21236
27 21238
27 21246
27 21247
27 21248
27 21250
27 21251
27 21252
27 21258
27 21265
27 21274
27 21278
27 21287
27 21298
27 21302
27 21317
27 21323
27 21357
27 21366
27 21367
27 21379
27 21380
27 21430
27 21434
27 21463
27 21499
27 21504
27 21518
27 21520
27 21529
27 21530
27 21535
27 21539
27 21548
27 21549
27 21552
27 21554
27 21575
27 21576
27 21582
27 21603
27 21604
27 21608
27 21622
27 21665
27 21707
27 21709
27 21712
27 21716
27 21718
27 21732
27 21741
27 21749
27 21751
27 21757
27 21767
27 21776
27 21780
27 21784
27 21785
27 21786
27 21787
27 21796
27 21806
27 21810
27 21811
27 21813
27 21856
27 21857
27 21858
27 21869
27 21871
27 21872
27 21873
27 21874
27 21880
27 21881
27 21882
27 21883
27 21884
27 21885
27 21886
27 21895
27 21903
27 21904
27 21905
27 21911
27 21915
27 21921
27 21922
27 21925
27 21932
27 21936
27 21950
27 21953
27 21955
27 21958
27 21961
27 21967
27 21976
27 21983
27 21986
27 21988
27 21989
27 21990
27 21991
27 21993
27 21994
27 21995
27 21996
27 21997
27 22002
27 22007
27 22008
27 22011
27 22023
27 22030
27 22032
27 22036
27 22048
27 22052
27 22053
27 22054
27 22062
27 22067
27 22083
27 22180
27 22188
27 22204
27 22207
27 22209
27 22214
27 22229
27 22231
27 22237
27 22238
27 22243
27 22258
27 22265
27 22267
27 22268
27 22272
27 22281
27 22318
27 22328
27 22348
27 22350
27 22351
27 22352
27 22353
27 22359
27 22362
27 22366
27 22373
27 22381
27 22382
27 22383
27 22384
27 22387
27 22388
27 22389
27 22390
27 22394
27 22395
27 22400
27 22401
27 22402
27 22403
27 22404
27 22405
27 22406
27 22407
27 22409
27 22410
27 22411
27 22416
27 22417
27 22419
27 22420
27 22421
27 22427
27 22428
27 22429
27 22430
27 22432
27 22433
27 22437
27 22438
27 22442
27 22443
27 22444
27 22445
27 22446
27 22450
27 22454
27 22456
27 22459
27 22464
27 22467
27 22484
27 22486
27 22497
27 22508
27 22509
27 22515
27 22529
27 22534
27 22535
27 22536
27 22537
27 22540
27 22541
27 22542
27 22543
27 22544
27 22545
27 22546
27 22547
27 22548
27 22549
27 22550
27 22551
27 22553
27 22554
27 22555
27 22556
27 22557
27 22558
27 22559
27 22560
27 22561
27 22566
27 22573
27 22576
27 22577
27 22602
27 22603
27 22612
27 22619
27 22622
27 22624
27 22642
27 22643
27 22663
27 22665
27 22670
27 22671
27 22673
27 22674
27 22675
27 22676
27 22684
27 22690
27 22691
27 22692
27 22693
27 22700
27 22715
27 22730
27 22737
27 22739
27 22741
27 22742
27 22744
27 22764
27 22766
27 22787
27 22793
27 22808
27 22810
27 22820
27 22821
27 22831
27 22832
27 22842
27 22855
27 22857
27 22865
27 22874
27 22876
27 22880
27 22883
27 22891
27 22893
27 22896
27 22914
27 22974
27 23001
27 23101
27 23102
27 23107
27 23117
27 23164
27 23165
27 23166
27 23189
27 23195
27 23200
27 23209
27 23211
27 23212
27 23240
27 23265
27 23277
27 23287
27 23313
27 23322
27 23323
27 23352
27 23368
27 23369
27 23371
27 23376
27 23380
27 23385
27 23388
27 23389
27 23394
27 23395
27 23399
27 23400
27 23403
27 23418
27 23421
27 23422
27 23449
27 23451
27 23452
27 23453
27 23454
27 23455
27 23456
27 23457
27 23458
27 23461
27 23474
27 23492
27 23506
27 23542
27 23553
27 23558
27 23568
27 23593
27 23594
27 23613
27 23620
27 23622
27 23623
27 23624
27 23625
27 23636
27 23642
27 23643
27 23644
27 23645
27 23651
27 23652
27 23653
27 23662
27 23669
27 23674
27 23675
27 23676
27 23677
27 23678
27 23679
27 23680
27 23681
27 23682
27 23690
27 23691
27 23692
27 23703
27 23715
27 23716
27 23719
27 23723
27 23725
27 23727
27 23731
27 23732
27 23733
27 23753
27 23781
27 23784
27 23786
27 23795
27 23811
27 23817
27 23835
27 23882
27 23926
27 23932
27 23934
27 23938
27 23944
27 23947
27 23957
27 23968
27 23969
27 23970
27 23974
27 23999
27 24012
27 24027
27 24035
27 24042
27 24045
27 24050
27 24052
27 24058
27 24062
27 24065
27 24094
27 24102
27 24104
27 24113
27 24115
27 24124
27 24125
27 24143
27 24147
27 24149
27 24163
27 24167
27 24170
27 24174
27 24195
27 24197
27 24217
27 24229
27 24231
27 24241
27 24251
27 24257
27 24277
27 24284
27 24285
27 24287
27 24288
27 24300
27 24301
27 24307
27 24308
27 24309
27 24310
27 24311
27 24316
27 24323
27 24325
27 24328
27 24339
27 24348
27 24357
27 24377
27 24378
27 24379
27 24382
27 24383
27 24384
27 24392
27 24394
27 24395
27 24453
27 24457
27 24468
27 24499
27 24501
27 24524
27 24526
27 24537
27 24545
27 24547
27 24550
27 24552
27 24554
27 24555
27 24556
27 24562
27 24566
27 24571
27 24576
27 24579
27 24585
27 24596
27 24598
27 24603
27 24611
27 24613
27 24615
27 24637
27 24639
27 24641
27 24657
27 24663
27 24665
27 24674
27 24675
27 24680
27 24682
27 24684
27 24688
27 24689
27 24705
27 24706
27 24707
27 24709
27 24718
27 24719
27 24720
27 24726
27 24736
27 24738
27 24740
27 24743
27 24745
27 24748
27 24752
27 24756
27 24760
27 24774
27 24785
27 24786
27 24790
27 24794
27 24801
27 24804
27 24821
27 24829
27 24832
27 24837
27 24842
27 24844
27 24846
27 24856
27 24857
27 24871
27 24876
27 24895
27 24902
27 24903
27 24906
27 24907
27 24909
27 24911
27 24929
27 24931
27 24936
27 24937
27 24942
27 24953
27 24958
27 24962
27 24970
27 24972
27 24974
27 24975
27 24983
27 24987
27 24992
27 24995
27 24996
27 25000
27 25007
27 25009
27 25010
27 25011
27 25012
27 25013
27 25015
27 25020
27 25023
27 25025
27 25028
27 25029
27 25033
27 25034
27 25036
27 25040
27 25044
27 25048
27 25052
27 25053
27 25054
27 25063
27 25065
27 25070
27 25071
27 25077
27 25080
27 25081
27 25086
27 25089
27 25095
27 25113
27 25138
27 25200
27 25233
27 25236
27 25237
27 25238
27 25250
27 25251
27 25259
27 25297
27 25330
27 25349
27 25389
27 25399
27 25404
27 25406
27 25408
27 25413
27 25414
27 25429
27 25481
27 25496
27 25537
27 25551
27 25555
27 25558
27 25559
27 25560
27 25564
27 25565
27 25569
27 25570
27 25574
27 25583
27 25586
27 25588
27 25599
27 25602
27 25604
27 25618
27 25619
27 25624
27 25632
27 25633
27 25634
27 25635
27 25637
27 25642
27 25650
27 25655
27 25658
27 25659
27 25660
27 25662
27 25663
27 25666
27 25672
27 25673
27 25674
27 25676
27 25678
27 25680
27 25682
27 25683
27 25684
27 25685
27 25688
27 25691
27 25693
27 25694
27 25695
27 25697
27 25699
27 25702
27 25705
27 25706
27 25707
27 25708
27 25709
27 25734
27 25735
27 25737
27 25738
27 25743
27 25746
27 25747
27 25749
27 25750
27 25751
27 25754
27 25756
27 25761
27 25768
27 25770
27 25772
27 25773
27 25774
27 25776
27 25777
27 25783
27 25784
27 25785
27 25788
27 25794
27 25797
27 25800
27 25809
27 25822
27 25824
27 25825
27 25826
27 25833
27 25836
27 25838
27 25846
27 25847
27 25858
27 25870
27 25872
27 25873
27 25875
27 25884
27 25905
27 25906
27 25907
27 25908
27 25910
27 25911
27 25915
27 25928
27 25934
27 25935
27 25936
27 25941
27 25944
27 25950
27 25954
27 25977
27 25981
27 25991
27 25994
27 25995
27 26000
27 26001
27 26003
27 26004
27 26008
27 26011
27 26017
27 26019
27 26024
27 26027
27 26030
27 26031
27 26037
27 26038
27 26039
27 26042
27 26043
27 26044
27 26050
27 26052
27 26056
27 26057
27 26061
27 26065
27 26066
27 26071
27 26073
27 26076
27 26082
27 26086
27 26089
27 26090
27 26091
27 26101
27 26106
27 26108
27 26110
27 26112
27 26121
27 26122
27 26124
27 26126
27 26128
27 26129
27 26130
27 26149
27 26150
27 26163
27 26164
27 26165
27 26166
27 26167
27 26188
27 26206
27 26207
27 26208
27 26209
27 26213
27 26214
27 26216
27 26217
27 26218
27 26219
27 26235
27 26237
27 26238
27 26241
27 26242
27 26250
27 26253
27 26264
27 26272
27 26275
27 26299
27 26302
27 26303
27 26304
27 26307
27 26326
27 26329
27 26332
27 26334
27 26362
27 26368
27 26375
27 26376
27 26379
27 26398
27 26405
27 26411
27 26462
27 26483
27 26484
27 26486
27 26488
27 26492
27 26494
27 26495
27 26507
27 26509
27 26510
27 26511
27 26512
27 26514
27 26517
27 26518
27 26561
27 26650
27 26651
27 26656
27 26672
27 26676
27 26799
27 26854
27 26901
27 26905
27 26973
27 26975
27 26990
27 26992
27 26994
27 27000
27 27001
27 27013
27 27024
27 27039
27 27047
27 27048
27 27051
27 27052
27 27054
27 27056
27 27061
27 27077
27 27078
27 27079
27 27080
27 27081
27 27082
27 27083
27 27084
27 27085
27 27086
27 27137
27 27156
27 27172
27 27177
27 27194
27 27195
27 27206
27 27211
27 27220
27 27227
27 27233
27 27251
27 27258
27 27261
27 27264
27 27271
27 27272
27 27273
27 27274
27 27275
27 27279
27 27283
27 27290
27 27291
27 27292
27 27293
27 27294
27 27297
27 27298
27 27300
27 27302
27 27306
27 27307
27 27319
27 27320
27 27324
27 27339
27 27340
27 27341
27 27343
27 27360
27 27367
27 27397
27 27497
27 27528
27 27532
27 27550
27 27557
27 27560
27 27562
27 27563
27 27571
27 27573
27 27574
27 27577
27 27578
27 27579
27 27610
27 27624
27 27626
27 27629
27 27675
27 27676
27 27677
27 27678
27 27679
27 27760
27 27763
27 27774
27 27784
27 27790
27 27791
27 27792
27 27793
27 27831
27 27836
27 27841
27 27842
27 27843
27 27847
27 27851
27 27852
27 27860
27 27885
27 27886
27 27922
27 27936
27 27937
27 27942
27 27947
27 27948
27 27953
27 27957
27 27958
27 27963
27 27965
27 27967
27 27968
27 27971
27 27972
27 27973
27 27974
27 27975
27 27976
27 27978
27 27980
27 27981
27 27984
27 27987
27 27988
27 28001
27 28002
27 28016
27 28017
27 28018
27 28020
27 28021
27 28025
27 28027
27 28036
27 28038
27 28039
27 28041
27 28042
27 28043
27 28045
27 28052
27 28053
27 28057
27 28077
27 28087
27 28092
27 28099
27 28100
27 28101
27 28105
27 28107
27 28120
27 28124
27 28127
27 28128
27 28130
27 28133
27 28135
27 28144
27 28146
27 28147
27 28155
27 28160
27 28161
27 28162
27 28182
27 28187
27 28222
27 28242
27 28248
27 28284
27 28288
27 28292
27 28296
27 28300
27 28301
27 28315
27 28339
27 28343
27 28345
27 28346
27 28351
27 28352
27 28353
27 28367
27 28369
27 28381
27 28387
27 28389
27 28391
27 28409
27 28497
27 28509
27 28515
27 28526
27 28534
27 28546
27 28552
27 28554
27 28559
27 28560
27 28562
27 28563
27 28564
27 28565
27 28568
27 28569
27 28570
27 28571
27 28574
27 28575
27 28576
27 28577
27 28579
27 28581
27 28583
27 28585
27 28586
27 28590
27 28603
27 28653
27 28749
27 28772
27 28775
27 28777
27 28778
27 28828
27 28850
27 28851
27 28878
27 28879
27 28880
27 28883
27 28884
27 28893
27 28908
27 28910
27 28921
27 28926
27 28928
27 28933
28 1
28 66
28 103
28 110
28 111
28 112
28 256
28 569
28 570
28 572
28 590
28 767
28 856
28 928
28 987
28 992
28 1032
28 1035
28 1046
28 1109
28 1198
28 1200
28 1202
28 1272
28 1288
28 1326
28 1426
28 1595
28 1668
28 1670
28 1674
28 1677
28 1681
28 1682
28 1691
28 1713
28 1740
28 1742
28 1743
28 1755
28 1758
28 1760
28 1766
28 1791
28 1848
28 1855
28 1884
28 2046
28 2055
28 2060
28 2066
28 2100
28 2139
28 2143
28 2221
28 2222
28 2223
28 2224
28 2226
28 2232
28 2234
28 2235
28 2421
28 2422
28 2423
28 2424
28 2425
28 2454
28 2458
28 2460
28 2483
28 2486
28 2487
28 2488
28 2490
28 2516
28 2598
28 2642
28 2643
28 2644
28 2645
28 2646
28 2654
28 2660
28 2832
28 2904
28 2905
28 2969
28 3038
28 3039
28 3080
28 3141
28 3185
28 3186
28 3188
28 3189
28 3190
28 3191
28 3192
28 3193
28 3194
28 3195
28 3196
28 3197
28 3198
28 3199
28 3200
28 3201
28 3202
28 3203
28 3204
28 3205
28 3229
28 3286
28 3287
28 3288
28 3292
28 3293
28 3301
28 3335
28 3358
28 3359
28 3361
28 3409
28 3449
28 3453
28 3473
28 3474
28 3483
28 3568
28 3618
28 3633
28 3732
28 3845
28 3855
28 3927
28 3947
28 3948
28 3949
28 3950
28 3951
28 3962
28 3966
28 3996
28 4004
28 4056
28 4094
28 4095
28 4112
28 4113
28 4118
28 4137
28 4153
28 4154
28 4224
28 4233
28 4234
28 4241
28 4243
28 4245
28 4254
28 4263
28 4269
28 4278
28 4311
28 4312
28 4315
28 4316
28 4318
28 4319
28 4320
28 4381
28 4392
28 4399
28 4439
28 4447
28 4462
28 4581
28 4665
28 7632
28 7682
28 7727
28 7728
28 7948
28 8124
28 8339
28 8356
28 8376
28 8377
28 8378
28 8379
28 8380
28 8381
28 8382
28 8383
28 8384
28 8385
28 8386
28 8387
28 8388
28 8389
28 8390
28 8391
28 8392
28 8393
28 8394
28 8395
28 8396
28 8397
28 8398
28 8399
28 8400
28 8401
28 8402
28 8403
28 8404
28 8405
28 8406
28 8407
28 8408
28 8409
28 8410
28 8411
28 8412
28 8413
28 8414
28 8415
28 8416
28 8417
28 8418
28 8420
28 8421
28 8422
28 8423
28 8424
28 8425
28 8426
28 8427
28 8428
28 8429
28 8430
28 8431
28 8432
28 8433
28 8434
28 8435
28 8436
28 8437
28 8438
28 8439
28 8440
28 8441
28 8442
28 8443
28 8444
28 8445
28 8446
28 8447
28 8448
28 8449
28 8450
28 8451
28 8452
28 8453
28 8454
28 8455
28 8456
28 8457
28 8458
28 8459
28 8460
28 8461
28 8462
28 8463
28 8464
28 8465
28 8467
28 8468
28 8469
28 8470
28 8471
28 8472
28 8473
28 8474
28 8475
28 8476
28 8477
28 8478
28 8479
28 8480
28 8481
28 8482
28 8483
28 8484
28 8485
28 8486
28 8487
28 8488
28 8489
28 8490
28 8491
28 8492
28 8493
28 8494
28 8495
28 8496
28 8497
28 8498
28 8499
28 8500
28 8501
28 8502
28 8503
28 8504
28 8505
28 8506
28 8507
28 8508
28 8509
28 8510
28 8511
28 8512
28 8513
28 8514
28 8515
28 8516
28 8517
28 8518
28 8519
28 8520
28 8521
28 8522
28 8523
28 8524
28 8525
28 8526
28 8527
28 8528
28 8529
28 8530
28 8531
28 8532
28 8533
28 8534
28 8535
28 8536
28 8537
28 8538
28 8539
28 8540
28 8541
28 8542
28 8543
28 8544
28 8545
28 8546
28 8547
28 8548
28 8549
28 8550
28 8551
28 8552
28 8553
28 8554
28 8555
28 8556
28 8557
28 8558
28 8559
28 8560
28 8561
28 8562
28 8563
28 8564
28 8565
28 8566
28 8567
28 8568
28 8569
28 8570
28 8571
28 8572
28 8573
28 8574
28 8575
28 8576
28 8577
28 8578
28 8579
28 8580
28 8581
28 8582
28 8583
28 8584
28 8585
28 8586
28 8587
28 8588
28 8589
28 8590
28 8591
28 8592
28 8593
28 8594
28 8595
28 8596
28 8597
28 8598
28 8599
28 8600
28 8601
28 8602
28 8603
28 8604
28 8605
28 8606
28 8607
28 8608
28 8609
28 8610
28 8611
28 8612
28 8613
28 8614
28 8615
28 8616
28 8617
28 8618
28 8619
28 8620
28 8621
28 8622
28 8623
28 8624
28 8625
28 8626
28 8627
28 8628
28 8629
28 8630
28 8631
28 8632
28 8633
28 8635
28 8636
28 8637
28 8638
28 8639
28 8640
28 8641
28 8652
28 8712
28 8720
28 8914
28 9437
28 9439
28 9440
28 9517
28 9795
28 9811
28 9902
28 9968
28 10087
28 10218
28 10293
28 10358
28 10365
28 10386
28 10390
28 10401
28 10403
28 10465
28 10478
28 14540
28 14568
28 14625
28 14820
28 14879
28 15073
28 15083
28 15251
28 15474
28 15558
28 15724
28 15727
28 15729
28 15739
28 15766
28 15781
28 15793
28 15804
28 15807
28 15816
28 15821
28 15833
28 15835
28 15866
28 15878
28 15884
28 15888
28 15894
28 15902
28 15905
28 15959
28 15960
28 15966
28 15969
28 15971
28 15973
28 15975
28 15979
28 15980
28 15982
28 15983
28 15986
28 15987
28 15991
28 15993
28 15997
28 16007
28 16013
28 16016
28 16018
28 16020
28 16022
28 16025
28 16027
28 16032
28 16035
28 16038
28 16043
28 16046
28 16050
28 16053
28 16061
28 16062
28 16064
28 16067
28 16073
28 16078
28 16081
28 16083
28 16090
28 16093
28 16094
28 16097
28 16099
28 16105
28 16107
28 16112
28 16122
28 16134
28 16138
28 16139
28 16144
28 16146
28 16147
28 16148
28 16153
28 16154
28 16159
28 16163
28 16164
28 16168
28 16170
28 16200
28 16201
28 16206
28 16207
28 16217
28 16222
28 16226
28 16234
28 16368
28 16828
29 1
29 3
29 4
29 5
29 6
29 7
29 8
29 10
29 12
29 13
29 14
29 37
29 43
29 46
29 47
29 57
29 60
29 66
29 71
29 73
29 74
29 76
29 77
29 78
29 79
29 83
29 85
29 86
29 88
29 90
29 91
29 92
29 93
29 94
29 96
29 97
29 98
29 100
29 101
29 102
29 103
29 105
29 106
29 107
29 113
29 114
29 115
29 116
29 117
29 118
29 119
29 120
29 121
29 123
29 124
29 125
29 127
29 128
29 129
29 130
29 131
29 132
29 133
29 134
29 135
29 136
29 139
29 140
29 142
29 143
29 144
29 148
29 149
29 150
29 152
29 153
29 158
29 160
29 162
29 163
29 166
29 167
29 168
29 169
29 170
29 171
29 172
29 174
29 175
29 176
29 177
29 178
29 179
29 180
29 181
29 182
29 183
29 184
29 185
29 186
29 187
29 188
29 189
29 190
29 191
29 192
29 193
29 194
29 195
29 196
29 197
29 198
29 199
29 200
29 201
29 202
29 203
29 204
29 205
29 206
29 207
29 208
29 210
29 211
29 212
29 213
29 214
29 215
29 216
29 217
29 218
29 219
29 220
29 221
29 222
29 223
29 224
29 225
29 226
29 227
29 228
29 229
29 230
29 231
29 232
29 233
29 234
29 235
29 236
29 237
29 238
29 239
29 240
29 241
29 242
29 243
29 244
29 245
29 246
29 247
29 248
29 249
29 250
29 251
29 252
29 253
29 254
29 255
29 256
29 257
29 258
29 259
29 260
29 261
29 262
29 263
29 264
29 265
29 266
29 267
29 268
29 269
29 270
29 271
29 272
29 273
29 274
29 275
29 276
29 277
29 278
29 279
29 280
29 281
29 282
29 283
29 284
29 285
29 287
29 288
29 289
29 290
29 291
29 292
29 293
29 294
29 295
29 296
29 297
29 298
29 299
29 300
29 301
29 302
29 303
29 304
29 305
29 306
29 307
29 308
29 309
29 310
29 311
29 312
29 313
29 314
29 316
29 318
29 319
29 320
29 321
29 322
29 325
29 455
29 492
29 493
29 514
29 515
29 517
29 518
29 521
29 541
29 542
29 543
29 545
29 546
29 547
29 551
29 552
29 554
29 555
29 556
29 562
29 563
29 565
29 567
29 568
29 569
29 570
29 572
29 573
29 574
29 575
29 576
29 580
29 581
29 582
29 583
29 584
29 585
29 586
29 587
29 588
29 589
29 590
29 591
29 592
29 593
29 594
29 595
29 596
29 597
29 598
29 599
29 600
29 601
29 602
29 603
29 604
29 605
29 606
29 607
29 608
29 609
29 610
29 611
29 613
29 614
29 615
29 616
29 617
29 618
29 619
29 620
29 622
29 623
29 624
29 625
29 628
29 629
29 630
29 632
29 635
29 636
29 637
29 638
29 639
29 640
29 641
29 642
29 643
29 644
29 645
29 646
29 647
29 648
29 649
29 650
29 651
29 652
29 653
29 654
29 655
29 656
29 657
29 658
29 659
29 660
29 661
29 662
29 664
29 665
29 667
29 668
29 669
29 670
29 671
29 672
29 674
29 675
29 677
29 679
29 680
29 681
29 682
29 683
29 684
29 685
29 686
29 687
29 688
29 689
29 690
29 691
29 692
29 693
29 694
29 695
29 696
29 697
29 698
29 699
29 700
29 703
29 705
29 706
29 707
29 708
29 709
29 710
29 711
29 712
29 713
29 715
29 716
29 717
29 718
29 719
29 721
29 722
29 723
29 724
29 725
29 726
29 727
29 730
29 732
29 733
29 734
29 735
29 736
29 737
29 739
29 740
29 741
29 742
29 743
29 744
29 745
29 746
29 748
29 749
29 750
29 752
29 753
29 754
29 755
29 756
29 757
29 758
29 759
29 760
29 761
29 762
29 763
29 764
29 765
29 766
29 767
29 768
29 769
29 770
29 771
29 772
29 773
29 774
29 775
29 776
29 777
29 778
29 779
29 780
29 781
29 782
29 783
29 784
29 785
29 786
29 787
29 788
29 789
29 790
29 791
29 792
29 793
29 794
29 795
29 796
29 798
29 799
29 800
29 801
29 802
29 803
29 804
29 805
29 806
29 807
29 813
29 814
29 815
29 816
29 817
29 819
29 820
29 821
29 824
29 825
29 827
29 828
29 830
29 832
29 833
29 836
29 837
29 838
29 839
29 841
29 842
29 843
29 844
29 845
29 846
29 847
29 848
29 849
29 850
29 851
29 852
29 853
29 855
29 856
29 857
29 858
29 859
29 860
29 861
29 862
29 864
29 865
29 866
29 869
29 872
29 875
29 884
29 887
29 895
29 901
29 902
29 903
29 904
29 905
29 906
29 907
29 908
29 909
29 910
29 912
29 914
29 915
29 916
29 917
29 918
29 921
29 922
29 923
29 924
29 925
29 926
29 927
29 928
29 929
29 930
29 931
29 932
29 933
29 935
29 936
29 937
29 940
29 942
29 943
29 944
29 945
29 946
29 947
29 948
29 949
29 950
29 951
29 952
29 953
29 954
29 956
29 959
29 960
29 963
29 966
29 967
29 971
29 974
29 975
29 976
29 977
29 978
29 981
29 982
29 983
29 984
29 987
29 988
29 990
29 991
29 992
29 993
29 995
29 996
29 997
29 1000
29 1009
29 1011
29 1015
29 1017
29 1021
29 1022
29 1024
29 1025
29 1026
29 1028
29 1029
29 1030
29 1032
29 1034
29 1035
29 1036
29 1038
29 1039
29 1040
29 1041
29 1042
29 1043
29 1044
29 1045
29 1046
29 1047
29 1048
29 1049
29 1050
29 1053
29 1054
29 1055
29 1056
29 1057
29 1059
29 1062
29 1063
29 1065
29 1066
29 1067
29 1068
29 1069
29 1074
29 1075
29 1077
29 1078
29 1079
29 1080
29 1081
29 1082
29 1083
29 1084
29 1085
29 1086
29 1087
29 1088
29 1089
29 1090
29 1091
29 1092
29 1093
29 1094
29 1095
29 1096
29 1098
29 1099
29 1101
29 1102
29 1103
29 1104
29 1105
29 1106
29 1108
29 1109
29 1110
29 1111
29 1112
29 1113
29 1114
29 1116
29 1117
29 1118
29 1119
29 1120
29 1121
29 1122
29 1123
29 1124
29 1125
29 1126
29 1129
29 1130
29 1131
29 1132
29 1133
29 1134
29 1136
29 1137
29 1138
29 1141
29 1142
29 1143
29 1144
29 1146
29 1148
29 1149
29 1150
29 1151
29 1152
29 1153
29 1155
29 1156
29 1157
29 1158
29 1159
29 1160
29 1166
29 1167
29 1169
29 1170
29 1171
29 1174
29 1175
29 1177
29 1179
29 1181
29 1183
29 1184
29 1186
29 1188
29 1189
29 1190
29 1191
29 1194
29 1196
29 1198
29 1200
29 1202
29 1203
29 1204
29 1206
29 1207
29 1208
29 1209
29 1210
29 1211
29 1212
29 1214
29 1216
29 1217
29 1218
29 1219
29 1220
29 1221
29 1222
29 1223
29 1224
29 1225
29 1226
29 1227
29 1228
29 1229
29 1230
29 1242
29 1243
29 1244
29 1245
29 1247
29 1248
29 1249
29 1250
29 1251
29 1252
29 1253
29 1258
29 1259
29 1260
29 1261
29 1263
29 1265
29 1266
29 1267
29 1269
29 1271
29 1272
29 1274
29 1275
29 1277
29 1280
29 1281
29 1282
29 1283
29 1284
29 1285
29 1286
29 1288
29 1289
29 1290
29 1291
29 1292
29 1293
29 1294
29 1295
29 1296
29 1297
29 1299
29 1301
29 1302
29 1303
29 1307
29 1310
29 1312
29 1313
29 1314
29 1315
29 1316
29 1321
29 1323
29 1324
29 1326
29 1327
29 1333
29 1338
29 1340
29 1342
29 1343
29 1344
29 1345
29 1346
29 1347
29 1352
29 1356
29 1359
29 1360
29 1361
29 1365
29 1366
29 1368
29 1370
29 1372
29 1376
29 1377
29 1380
29 1382
29 1384
29 1385
29 1386
29 1387
29 1388
29 1389
29 1390
29 1397
29 1400
29 1401
29 1402
29 1403
29 1404
29 1405
29 1406
29 1408
29 1409
29 1410
29 1411
29 1415
29 1417
29 1418
29 1419
29 1421
29 1422
29 1423
29 1424
29 1425
29 1426
29 1427
29 1428
29 1430
29 1431
29 1432
29 1435
29 1436
29 1439
29 1451
29 1453
29 1457
29 1458
29 1459
29 1464
29 1468
29 1469
29 1478
29 1480
29 1487
29 1492
29 1493
29 1494
29 1495
29 1496
29 1497
29 1499
29 1500
29 1503
29 1506
29 1507
29 1508
29 1509
29 1510
29 1511
29 1514
29 1516
29 1523
29 1524
29 1525
29 1526
29 1528
29 1530
29 1532
29 1533
29 1534
29 1536
29 1537
29 1539
29 1540
29 1541
29 1542
29 1543
29 1544
29 1545
29 1546
29 1547
29 1556
29 1558
29 1563
29 1565
29 1566
29 1568
29 1569
29 1570
29 1571
29 1572
29 1573
29 1574
29 1576
29 1578
29 1579
29 1580
29 1582
29 1583
29 1584
29 1585
29 1587
29 1588
29 1593
29 1594
29 1595
29 1596
29 1600
29 1601
29 1602
29 1604
29 1608
29 1611
29 1612
29 1613
29 1614
29 1615
29 1616
29 1617
29 1620
29 1621
29 1622
29 1623
29 1626
29 1628
29 1629
29 1630
29 1632
29 1633
29 1634
29 1636
29 1637
29 1639
29 1641
29 1643
29 1646
29 1648
29 1649
29 1650
29 1652
29 1653
29 1656
29 1658
29 1660
29 1662
29 1665
29 1667
29 1668
29 1669
29 1670
29 1671
29 1672
29 1673
29 1674
29 1675
29 1677
29 1678
29 1679
29 1680
29 1681
29 1682
29 1683
29 1685
29 1687
29 1691
29 1692
29 1693
29 1694
29 1695
29 1696
29 1697
29 1698
29 1699
29 1702
29 1703
29 1705
29 1706
29 1709
29 1710
29 1713
29 1715
29 1716
29 1718
29 1720
29 1721
29 1725
29 1726
29 1729
29 1737
29 1738
29 1739
29 1740
29 1742
29 1743
29 1744
29 1747
29 1748
29 1753
29 1755
29 1757
29 1758
29 1759
29 1760
29 1762
29 1764
29 1766
29 1768
29 1770
29 1772
29 1773
29 1774
29 1775
29 1777
29 1779
29 1780
29 1781
29 1782
29 1786
29 1788
29 1790
29 1791
29 1792
29 1794
29 1796
29 1797
29 1798
29 1800
29 1801
29 1802
29 1803
29 1805
29 1807
29 1810
29 1811
29 1812
29 1813
29 1814
29 1816
29 1817
29 1818
29 1819
29 1820
29 1824
29 1825
29 1827
29 1831
29 1832
29 1833
29 1834
29 1835
29 1836
29 1837
29 1838
29 1839
29 1840
29 1841
29 1842
29 1843
29 1844
29 1847
29 1848
29 1849
29 1851
29 1852
29 1855
29 1858
29 1860
29 1867
29 1869
29 1870
29 1871
29 1872
29 1873
29 1874
29 1878
29 1880
29 1882
29 1884
29 1887
29 1907
29 1911
29 1912
29 1915
29 1916
29 1918
29 1920
29 1921
29 1922
29 1923
29 1925
29 1926
29 1927
29 1928
29 1929
29 1932
29 1933
29 1934
29 1935
29 1954
29 1965
29 1967
29 1991
29 1992
29 1993
29 1997
29 1998
29 1999
29 2000
29 2001
29 2002
29 2004
29 2005
29 2006
29 2008
29 2010
29 2011
29 2013
29 2015
29 2017
29 2019
29 2022
29 2026
29 2027
29 2028
29 2030
29 2032
29 2034
29 2035
29 2036
29 2038
29 2040
29 2041
29 2043
29 2044
29 2046
29 2048
29 2049
29 2051
29 2053
29 2054
29 2055
29 2059
29 2060
29 2061
29 2062
29 2066
29 2068
29 2071
29 2072
29 2073
29 2077
29 2079
29 2083
29 2084
29 2091
29 2094
29 2095
29 2097
29 2098
29 2099
29 2100
29 2101
29 2102
29 2103
29 2104
29 2105
29 2106
29 2107
29 2108
29 2110
29 2112
29 2118
29 2119
29 2120
29 2121
29 2127
29 2129
29 2130
29 2131
29 2133
29 2135
29 2136
29 2137
29 2139
29 2141
29 2143
29 2145
29 2146
29 2147
29 2149
29 2150
29 2151
29 2152
29 2153
29 2154
29 2155
29 2156
29 2159
29 2166
29 2170
29 2172
29 2174
29 2175
29 2176
29 2177
29 2181
29 2183
29 2185
29 2187
29 2189
29 2191
29 2192
29 2194
29 2197
29 2215
29 2217
29 2219
29 2221
29 2222
29 2223
29 2224
29 2225
29 2226
29 2227
29 2228
29 2229
29 2230
29 2231
29 2232
29 2233
29 2234
29 2235
29 2242
29 2245
29 2247
29 2248
29 2249
29 2254
29 2256
29 2257
29 2258
29 2259
29 2261
29 2264
29 2266
29 2267
29 2270
29 2271
29 2272
29 2273
29 2274
29 2275
29 2280
29 2281
29 2286
29 2287
29 2288
29 2289
29 2290
29 2291
29 2292
29 2293
29 2294
29 2295
29 2297
29 2299
29 2300
29 2306
29 2311
29 2312
29 2314
29 2315
29 2317
29 2319
29 2320
29 2322
29 2323
29 2324
29 2326
29 2329
29 2331
29 2333
29 2334
29 2335
29 2337
29 2339
29 2340
29 2341
29 2342
29 2344
29 2346
29 2347
29 2348
29 2350
29 2352
29 2353
29 2355
29 2356
29 2359
29 2361
29 2362
29 2364
29 2366
29 2367
29 2369
29 2371
29 2372
29 2374
29 2375
29 2377
29 2379
29 2381
29 2382
29 2383
29 2384
29 2387
29 2390
29 2392
29 2394
29 2395
29 2396
29 2398
29 2400
29 2401
29 2402
29 2403
29 2406
29 2408
29 2409
29 2414
29 2417
29 2419
29 2420
29 2426
29 2427
29 2428
29 2429
29 2430
29 2432
29 2434
29 2436
29 2437
29 2438
29 2439
29 2442
29 2443
29 2444
29 2446
29 2447
29 2448
29 2449
29 2450
29 2451
29 2452
29 2453
29 2454
29 2455
29 2456
29 2457
29 2458
29 2459
29 2460
29 2461
29 2462
29 2463
29 2464
29 2465
29 2466
29 2467
29 2468
29 2469
29 2470
29 2471
29 2472
29 2473
29 2474
29 2475
29 2476
29 2477
29 2478
29 2479
29 2480
29 2481
29 2482
29 2483
29 2484
29 2485
29 2486
29 2487
29 2488
29 2489
29 2490
29 2491
29 2492
29 2493
29 2494
29 2495
29 2496
29 2497
29 2498
29 2499
29 2500
29 2501
29 2502
29 2512
29 2513
29 2516
29 2518
29 2521
29 2523
29 2525
29 2526
29 2527
29 2528
29 2543
29 2550
29 2552
29 2556
29 2558
29 2561
29 2562
29 2565
29 2567
29 2568
29 2571
29 2572
29 2576
29 2578
29 2579
29 2580
29 2581
29 2582
29 2583
29 2584
29 2585
29 2588
29 2590
29 2591
29 2593
29 2595
29 2598
29 2599
29 2600
29 2601
29 2603
29 2604
29 2605
29 2606
29 2607
29 2609
29 2611
29 2613
29 2615
29 2620
29 2623
29 2624
29 2625
29 2626
29 2627
29 2628
29 2629
29 2630
29 2634
29 2636
29 2637
29 2642
29 2643
29 2644
29 2645
29 2646
29 2647
29 2648
29 2649
29 2651
29 2652
29 2653
29 2654
29 2655
29 2656
29 2657
29 2658
29 2659
29 2660
29 2661
29 2669
29 2671
29 2673
29 2675
29 2677
29 2679
29 2681
29 2682
29 2683
29 2685
29 2687
29 2689
29 2694
29 2696
29 2698
29 2699
29 2701
29 2702
29 2703
29 2704
29 2705
29 2707
29 2710
29 2711
29 2715
29 2717
29 2720
29 2723
29 2725
29 2728
29 2729
29 2730
29 2735
29 2736
29 2738
29 2740
29 2741
29 2742
29 2743
29 2744
29 2745
29 2747
29 2748
29 2750
29 2752
29 2754
29 2756
29 2758
29 2759
29 2761
29 2766
29 2768
29 2770
29 2784
29 2786
29 2787
29 2788
29 2789
29 2790
29 2791
29 2792
29 2800
29 2801
29 2802
29 2803
29 2805
29 2806
29 2807
29 2808
29 2809
29 2812
29 2814
29 2816
29 2818
29 2821
29 2822
29 2823
29 2825
29 2826
29 2828
29 2829
29 2830
29 2832
29 2834
29 2839
29 2840
29 2841
29 2842
29 2843
29 2844
29 2845
29 2853
29 2854
29 2855
29 2856
29 2859
29 2860
29 2861
29 2862
29 2872
29 2873
29 2874
29 2875
29 2876
29 2877
29 2878
29 2879
29 2880
29 2888
29 2890
29 2892
29 2896
29 2899
29 2901
29 2903
29 2904
29 2905
29 2906
29 2907
29 2908
29 2909
29 2912
29 2913
29 2914
29 2916
29 2925
29 2927
29 2936
29 2938
29 2940
29 2941
29 2942
29 2946
29 2947
29 2948
29 2949
29 2950
29 2951
29 2952
29 2954
29 2956
29 2957
29 2958
29 2959
29 2961
29 2962
29 2965
29 2966
29 2968
29 2969
29 2970
29 2971
29 2972
29 2973
29 2976
29 2978
29 2980
29 2983
29 2984
29 2985
29 2986
29 2988
29 2989
29 2991
29 2994
29 2996
29 2998
29 3000
29 3002
29 3004
29 3006
29 3008
29 3014
29 3015
29 3016
29 3018
29 3020
29 3022
29 3028
29 3030
29 3038
29 3039
29 3041
29 3042
29 3044
29 3045
29 3046
29 3048
29 3050
29 3051
29 3052
29 3053
29 3054
29 3055
29 3056
29 3057
29 3058
29 3059
29 3060
29 3061
29 3063
29 3064
29 3066
29 3068
29 3069
29 3073
29 3077
29 3078
29 3079
29 3080
29 3081
29 3082
29 3083
29 3085
29 3086
29 3087
29 3088
29 3089
29 3090
29 3092
29 3093
29 3096
29 3097
29 3099
29 3100
29 3101
29 3102
29 3103
29 3105
29 3108
29 3112
29 3113
29 3116
29 3118
29 3120
29 3122
29 3124
29 3127
29 3129
29 3130
29 3132
29 3133
29 3135
29 3137
29 3140
29 3141
29 3142
29 3143
29 3145
29 3146
29 3147
29 3148
29 3149
29 3150
29 3151
29 3152
29 3159
29 3160
29 3161
29 3162
29 3163
29 3164
29 3165
29 3166
29 3167
29 3177
29 3179
29 3180
29 3183
29 3185
29 3186
29 3188
29 3189
29 3190
29 3191
29 3192
29 3193
29 3194
29 3195
29 3196
29 3197
29 3198
29 3199
29 3200
29 3201
29 3202
29 3203
29 3204
29 3205
29 3206
29 3209
29 3210
29 3211
29 3215
29 3216
29 3218
29 3220
29 3221
29 3222
29 3228
29 3229
29 3231
29 3232
29 3233
29 3234
29 3235
29 3236
29 3237
29 3238
29 3239
29 3245
29 3246
29 3248
29 3250
29 3251
29 3252
29 3254
29 3256
29 3257
29 3259
29 3262
29 3263
29 3266
29 3268
29 3269
29 3271
29 3273
29 3274
29 3275
29 3277
29 3278
29 3280
29 3283
29 3285
29 3286
29 3287
29 3288
29 3289
29 3290
29 3291
29 3292
29 3293
29 3294
29 3296
29 3298
29 3300
29 3301
29 3302
29 3306
29 3307
29 3309
29 3310
29 3311
29 3315
29 3317
29 3320
29 3321
29 3322
29 3323
29 3324
29 3325
29 3326
29 3327
29 3329
29 3330
29 3331
29 3332
29 3334
29 3335
29 3340
29 3349
29 3350
29 3351
29 3352
29 3353
29 3354
29 3355
29 3357
29 3358
29 3359
29 3360
29 3361
29 3363
29 3364
29 3366
29 3369
29 3370
29 3371
29 3372
29 3375
29 3376
29 3377
29 3378
29 3380
29 3382
29 3384
29 3386
29 3388
29 3390
29 3392
29 3394
29 3395
29 3397
29 3399
29 3401
29 3403
29 3405
29 3407
29 3408
29 3409
29 3411
29 3413
29 3416
29 3417
29 3418
29 3419
29 3420
29 3422
29 3423
29 3427
29 3428
29 3429
29 3430
29 3433
29 3435
29 3436
29 3437
29 3440
29 3442
29 3443
29 3444
29 3446
29 3449
29 3451
29 3452
29 3453
29 3455
29 3456
29 3457
29 3458
29 3460
29 3461
29 3463
29 3464
29 3465
29 3466
29 3467
29 3468
29 3469
29 3470
29 3471
29 3472
29 3473
29 3474
29 3478
29 3480
29 3481
29 3483
29 3485
29 3486
29 3487
29 3488
29 3489
29 3490
29 3491
29 3492
29 3493
29 3494
29 3495
29 3496
29 3522
29 3524
29 3526
29 3527
29 3528
29 3529
29 3530
29 3532
29 3533
29 3534
29 3536
29 3540
29 3542
29 3544
29 3545
29 3546
29 3547
29 3556
29 3561
29 3563
29 3564
29 3565
29 3566
29 3567
29 3568
29 3569
29 3572
29 3575
29 3576
29 3577
29 3579
29 3581
29 3583
29 3584
29 3588
29 3590
29 3593
29 3594
29 3599
29 3601
29 3602
29 3604
29 3606
29 3607
29 3608
29 3610
29 3612
29 3614
29 3616
29 3618
29 3619
29 3620
29 3622
29 3623
29 3624
29 3626
29 3627
29 3629
29 3630
29 3631
29 3633
29 3635
29 3636
29 3639
29 3641
29 3643
29 3644
29 3645
29 3646
29 3647
29 3648
29 3649
29 3655
29 3657
29 3658
29 3659
29 3661
29 3662
29 3663
29 3664
29 3665
29 3666
29 3667
29 3668
29 3702
29 3705
29 3706
29 3707
29 3710
29 3720
29 3724
29 3727
29 3728
29 3730
29 3731
29 3732
29 3738
29 3739
29 3740
29 3741
29 3742
29 3743
29 3748
29 3749
29 3750
29 3751
29 3758
29 3762
29 3763
29 3765
29 3766
29 3768
29 3769
29 3771
29 3772
29 3774
29 3776
29 3777
29 3779
29 3785
29 3787
29 3789
29 3791
29 3792
29 3795
29 3797
29 3798
29 3800
29 3801
29 3802
29 3803
29 3804
29 3805
29 3807
29 3808
29 3809
29 3810
29 3811
29 3813
29 3815
29 3816
29 3818
29 3828
29 3845
29 3847
29 3848
29 3850
29 3854
29 3855
29 3857
29 3858
29 3859
29 3862
29 3863
29 3864
29 3874
29 3875
29 3876
29 3879
29 3880
29 3885
29 3886
29 3888
29 3889
29 3890
29 3891
29 3892
29 3894
29 3896
29 3897
29 3898
29 3900
29 3902
29 3903
29 3906
29 3907
29 3908
29 3909
29 3910
29 3915
29 3916
29 3918
29 3919
29 3920
29 3924
29 3927
29 3934
29 3935
29 3936
29 3937
29 3938
29 3939
29 3941
29 3942
29 3943
29 3944
29 3945
29 3946
29 3947
29 3948
29 3949
29 3950
29 3951
29 3952
29 3954
29 3955
29 3958
29 3959
29 3961
29 3962
29 3964
29 3966
29 3968
29 3969
29 3970
29 3971
29 3972
29 3973
29 3975
29 3976
29 3978
29 3980
29 3981
29 3982
29 3984
29 3985
29 3986
29 3987
29 3989
29 3990
29 3991
29 3992
29 3994
29 3995
29 3996
29 3997
29 3998
29 4000
29 4001
29 4002
29 4003
29 4004
29 4006
29 4008
29 4010
29 4012
29 4013
29 4015
29 4017
29 4018
29 4019
29 4020
29 4021
29 4024
29 4025
29 4026
29 4027
29 4028
29 4029
29 4030
29 4031
29 4034
29 4036
29 4037
29 4038
29 4039
29 4040
29 4041
29 4042
29 4043
29 4046
29 4047
29 4048
29 4049
29 4050
29 4051
29 4052
29 4055
29 4056
29 4058
29 4060
29 4061
29 4062
29 4063
29 4066
29 4067
29 4068
29 4069
29 4071
29 4072
29 4077
29 4078
29 4079
29 4080
29 4082
29 4083
29 4084
29 4085
29 4086
29 4087
29 4088
29 4089
29 4090
29 4091
29 4093
29 4094
29 4095
29 4101
29 4102
29 4104
29 4105
29 4106
29 4107
29 4110
29 4111
29 4112
29 4113
29 4116
29 4118
29 4119
29 4120
29 4121
29 4123
29 4124
29 4125
29 4126
29 4127
29 4132
29 4133
29 4134
29 4135
29 4137
29 4140
29 4141
29 4143
29 4146
29 4150
29 4152
29 4153
29 4154
29 4155
29 4156
29 4159
29 4164
29 4165
29 4166
29 4167
29 4168
29 4169
29 4170
29 4171
29 4172
29 4173
29 4174
29 4175
29 4176
29 4177
29 4178
29 4179
29 4182
29 4183
29 4184
29 4185
29 4186
29 4189
29 4190
29 4191
29 4192
29 4193
29 4194
29 4195
29 4196
29 4197
29 4199
29 4200
29 4201
29 4202
29 4203
29 4204
29 4205
29 4206
29 4207
29 4208
29 4209
29 4210
29 4211
29 4212
29 4217
29 4218
29 4219
29 4220
29 4221
29 4222
29 4223
29 4224
29 4225
29 4226
29 4227
29 4228
29 4230
29 4231
29 4233
29 4234
29 4236
29 4238
29 4239
29 4240
29 4241
29 4242
29 4243
29 4244
29 4245
29 4246
29 4248
29 4249
29 4251
29 4254
29 4257
29 4258
29 4259
29 4263
29 4264
29 4265
29 4267
29 4268
29 4269
29 4270
29 4271
29 4275
29 4276
29 4277
29 4278
29 4279
29 4281
29 4282
29 4283
29 4284
29 4285
29 4286
29 4287
29 4288
29 4289
29 4290
29 4291
29 4292
29 4293
29 4294
29 4295
29 4296
29 4297
29 4298
29 4300
29 4301
29 4302
29 4303
29 4304
29 4306
29 4307
29 4309
29 4310
29 4311
29 4312
29 4313
29 4315
29 4316
29 4317
29 4318
29 4319
29 4320
29 4321
29 4325
29 4326
29 4327
29 4328
29 4329
29 4330
29 4331
29 4332
29 4333
29 4335
29 4336
29 4339
29 4340
29 4341
29 4342
29 4343
29 4348
29 4349
29 4355
29 4356
29 4357
29 4358
29 4359
29 4360
29 4361
29 4362
29 4363
29 4364
29 4365
29 4366
29 4367
29 4368
29 4369
29 4370
29 4371
29 4372
29 4373
29 4374
29 4378
29 4379
29 4380
29 4381
29 4383
29 4384
29 4385
29 4388
29 4389
29 4391
29 4392
29 4393
29 4394
29 4395
29 4396
29 4397
29 4398
29 4399
29 4400
29 4401
29 4402
29 4403
29 4404
29 4405
29 4406
29 4407
29 4408
29 4409
29 4410
29 4411
29 4413
29 4414
29 4419
29 4420
29 4421
29 4422
29 4423
29 4424
29 4425
29 4426
29 4427
29 4428
29 4429
29 4430
29 4431
29 4432
29 4433
29 4434
29 4435
29 4436
29 4437
29 4438
29 4439
29 4440
29 4441
29 4442
29 4443
29 4444
29 4445
29 4446
29 4447
29 4449
29 4451
29 4452
29 4454
29 4455
29 4456
29 4457
29 4458
29 4461
29 4462
29 4463
29 4464
29 4465
29 4466
29 4467
29 4468
29 4470
29 4471
29 4473
29 4475
29 4476
29 4477
29 4478
29 4479
29 4480
29 4481
29 4482
29 4483
29 4484
29 4485
29 4486
29 4487
29 4490
29 4491
29 4492
29 4493
29 4494
29 4495
29 4496
29 4497
29 4498
29 4499
29 4500
29 4501
29 4502
29 4503
29 4504
29 4505
29 4506
29 4507
29 4508
29 4509
29 4510
29 4511
29 4512
29 4513
29 4516
29 4517
29 4518
29 4519
29 4520
29 4521
29 4522
29 4523
29 4524
29 4525
29 4526
29 4528
29 4529
29 4530
29 4531
29 4532
29 4533
29 4534
29 4535
29 4536
29 4537
29 4538
29 4539
29 4540
29 4541
29 4542
29 4543
29 4544
29 4545
29 4546
29 4547
29 4550
29 4551
29 4552
29 4553
29 4554
29 4555
29 4556
29 4557
29 4558
29 4559
29 4560
29 4561
29 4562
29 4563
29 4564
29 4565
29 4566
29 4567
29 4568
29 4569
29 4570
29 4571
29 4573
29 4574
29 4575
29 4576
29 4577
29 4578
29 4579
29 4580
29 4581
29 4582
29 4584
29 4585
29 4587
29 4589
29 4590
29 4592
29 4593
29 4595
29 4596
29 4597
29 4600
29 4601
29 4602
29 4603
29 4604
29 4605
29 4606
29 4607
29 4609
29 4610
29 4611
29 4612
29 4613
29 4614
29 4615
29 4616
29 4617
29 4618
29 4619
29 4620
29 4621
29 4623
29 4625
29 4626
29 4627
29 4628
29 4629
29 4630
29 4631
29 4632
29 4633
29 4634
29 4635
29 4636
29 4637
29 4638
29 4639
29 4640
29 4641
29 4642
29 4643
29 4644
29 4645
29 4646
29 4647
29 4648
29 4649
29 4650
29 4651
29 4652
29 4653
29 4654
29 4655
29 4656
29 4657
29 4658
29 4659
29 4660
29 4661
29 4662
29 4663
29 4665
29 4668
29 4669
29 4671
29 4672
29 4677
29 4678
29 4683
29 4684
29 4685
29 4686
29 4687
29 4688
29 4689
29 4690
29 4691
29 4692
29 4693
29 4694
29 4695
29 4696
29 4697
29 4698
29 4699
29 4700
29 4701
29 4702
29 4703
29 4704
29 4705
29 4706
29 4707
29 4708
29 4709
29 4710
29 4711
29 4712
29 4713
29 4714
29 4715
29 4716
29 4717
29 4718
29 4719
29 4720
29 4721
29 4722
29 4723
29 4724
29 4725
29 4726
29 4727
29 4728
29 4729
29 4730
29 4731
29 4732
29 4733
29 4734
29 4735
29 4740
29 4741
29 4742
29 4743
29 4744
29 4745
29 4746
29 4747
29 4748
29 4749
29 4750
29 4751
29 4752
29 4753
29 4754
29 4755
29 4756
29 4757
29 4758
29 4759
29 4760
29 4761
29 4762
29 4763
29 4764
29 4765
29 4766
29 4767
29 4768
29 4769
29 4771
29 4772
29 4774
29 4775
29 4776
29 4778
29 4779
29 4780
29 4781
29 4782
29 4783
29 4785
29 4788
29 4789
29 4790
29 4791
29 4792
29 4794
29 4798
29 4799
29 4800
29 4801
29 4802
29 4803
29 4804
29 4805
29 4806
29 4807
29 4808
29 4809
29 4810
29 4811
29 4812
29 4814
29 4815
29 4818
29 4819
29 7562
29 7593
29 7609
29 7628
29 7630
29 7631
29 7639
29 7640
29 7643
29 7650
29 7652
29 7653
29 7654
29 7655
29 7656
29 7657
29 7663
29 7664
29 7675
29 7681
29 7686
29 7719
29 7721
29 7738
29 7757
29 7760
29 7788
29 7881
29 7905
29 7930
29 7948
29 7965
29 8044
29 8055
29 8072
29 8073
29 8119
29 8123
29 8128
29 8191
29 8238
29 8249
29 8273
29 8293
29 8309
29 8322
29 8325
29 8332
29 8333
29 8334
29 8335
29 8364
29 8368
29 8374
29 8648
29 8649
29 8652
29 8664
29 8666
29 8669
29 8671
29 8673
29 8674
29 8675
29 8678
29 8679
29 8684
29 8689
29 8691
29 8699
29 8706
29 8712
29 8719
29 8720
29 8721
29 8722
29 8725
29 8727
29 8731
29 8744
29 8776
29 8835
29 8842
29 8847
29 8864
29 8866
29 8870
29 8874
29 8889
29 8903
29 8906
29 8907
29 8914
29 8933
29 8953
29 8964
29 8965
29 8966
29 8967
29 8973
29 8978
29 8979
29 8980
29 8985
29 9006
29 9035
29 9038
29 9041
29 9050
29 9052
29 9054
29 9059
29 9065
29 9068
29 9069
29 9070
29 9071
29 9074
29 9081
29 9083
29 9084
29 9092
29 9123
29 9134
29 9135
29 9136
29 9138
29 9139
29 9161
29 9165
29 9166
29 9181
29 9189
29 9234
29 9236
29 9239
29 9243
29 9246
29 9268
29 9272
29 9273
29 9274
29 9276
29 9277
29 9278
29 9280
29 9281
29 9288
29 9318
29 9334
29 9335
29 9338
29 9352
29 9353
29 9354
29 9355
29 9356
29 9358
29 9364
29 9367
29 9386
29 9406
29 9407
29 9417
29 9426
29 9429
29 9452
29 9453
29 9454
29 9468
29 9479
29 9480
29 9481
29 9482
29 9483
29 9484
29 9485
29 9486
29 9487
29 9488
29 9489
29 9490
29 9491
29 9492
29 9493
29 9494
29 9497
29 9498
29 9524
29 9527
29 9528
29 9532
29 9533
29 9535
29 9550
29 9555
29 9557
29 9558
29 9559
29 9560
29 9565
29 9570
29 9572
29 9573
29 9574
29 9575
29 9576
29 9579
29 9584
29 9588
29 9593
29 9594
29 9597
29 9627
29 9628
29 9632
29 9717
29 9735
29 9736
29 9750
29 9752
29 9756
29 9757
29 9760
29 9762
29 9767
29 9774
29 9776
29 9777
29 9779
29 9782
29 9783
29 9791
29 9792
29 9793
29 9794
29 9795
29 9800
29 9802
29 9803
29 9811
29 9818
29 9819
29 9821
29 9824
29 9828
29 9831
29 9836
29 9838
29 9842
29 9843
29 9882
29 9883
29 9884
29 9898
29 9899
29 9900
29 9901
29 9902
29 9903
29 9904
29 9905
29 9907
29 9910
29 9911
29 9912
29 9914
29 9915
29 9916
29 9917
29 9918
29 9919
29 9921
29 9926
29 9927
29 9928
29 9929
29 9930
29 9933
29 9953
29 9955
29 9956
29 9957
29 9964
29 9965
29 9967
29 9968
29 9969
29 9970
29 9971
29 9972
29 9979
29 9980
29 9982
29 9984
29 9988
29 9989
29 9994
29 9995
29 9996
29 9997
29 10005
29 10006
29 10019
29 10033
29 10036
29 10038
29 10039
29 10040
29 10042
29 10043
29 10045
29 10046
29 10051
29 10052
29 10061
29 10062
29 10080
29 10087
29 10094
29 10095
29 10107
29 10123
29 10127
29 10129
29 10130
29 10146
29 10150
29 10164
29 10169
29 10175
29 10182
29 10183
29 10185
29 10187
29 10188
29 10190
29 10193
29 10194
29 10196
29 10197
29 10198
29 10200
29 10201
29 10202
29 10203
29 10206
29 10207
29 10208
29 10209
29 10211
29 10212
29 10214
29 10215
29 10218
29 10221
29 10224
29 10225
29 10226
29 10227
29 10228
29 10230
29 10233
29 10234
29 10235
29 10237
29 10239
29 10240
29 10241
29 10242
29 10245
29 10246
29 10249
29 10250
29 10251
29 10259
29 10260
29 10261
29 10262
29 10264
29 10265
29 10267
29 10269
29 10270
29 10271
29 10272
29 10273
29 10274
29 10275
29 10277
29 10278
29 10279
29 10282
29 10283
29 10284
29 10285
29 10286
29 10287
29 10288
29 10289
29 10290
29 10291
29 10292
29 10294
29 10296
29 10297
29 10298
29 10299
29 10300
29 10301
29 10302
29 10303
29 10304
29 10305
29 10306
29 10307
29 10309
29 10311
29 10312
29 10313
29 10314
29 10315
29 10316
29 10317
29 10318
29 10319
29 10320
29 10322
29 10323
29 10325
29 10326
29 10330
29 10331
29 10332
29 10334
29 10335
29 10336
29 10338
29 10340
29 10343
29 10345
29 10346
29 10348
29 10349
29 10353
29 10355
29 10357
29 10358
29 10359
29 10362
29 10363
29 10364
29 10365
29 10366
29 10367
29 10368
29 10370
29 10371
29 10372
29 10373
29 10374
29 10375
29 10379
29 10385
29 10386
29 10387
29 10388
29 10389
29 10390
29 10391
29 10392
29 10397
29 10399
29 10400
29 10401
29 10402
29 10404
29 10406
29 10408
29 10409
29 10411
29 10412
29 10414
29 10415
29 10416
29 10419
29 10420
29 10422
29 10424
29 10426
29 10435
29 10436
29 10437
29 10438
29 10439
29 10445
29 10446
29 10454
29 10455
29 10456
29 10457
29 10463
29 10465
29 10466
29 10467
29 10468
29 10472
29 10473
29 10476
29 10482
29 10483
29 10484
29 10485
29 10486
29 10487
29 10488
29 10489
29 10490
29 10491
29 10492
29 10493
29 10494
29 10495
29 10496
29 10497
29 10498
29 10499
29 10500
29 10501
29 10502
29 10503
29 10504
29 10505
29 10506
29 10507
29 10508
29 10509
29 10510
29 10511
29 10512
29 10513
29 10514
29 10515
29 10516
29 10517
29 10518
29 10519
29 10520
29 10521
29 10522
29 10523
29 10524
29 10525
29 10526
29 10527
29 10528
29 10529
29 10530
29 10531
29 10532
29 10533
29 10534
29 10535
29 10536
29 10537
29 10538
29 10539
29 10540
29 10541
29 10542
29 10543
29 10544
29 10545
29 10546
29 10547
29 10548
29 10549
29 10550
29 10551
29 10552
29 10553
29 10554
29 10555
29 10556
29 10557
29 10558
29 10559
29 10560
29 10561
29 10562
29 10563
29 10564
29 10565
29 10566
29 10567
29 10568
29 10569
29 10570
29 10571
29 10572
29 10573
29 10574
29 10575
29 10576
29 10577
29 10578
29 10579
29 10580
29 10581
29 10582
29 10583
29 10584
29 10585
29 10586
29 10587
29 10588
29 10589
29 10590
29 10591
29 10592
29 10593
29 10594
29 10595
29 10596
29 10597
29 10598
29 10599
29 10600
29 10601
29 10602
29 10603
29 10604
29 10605
29 10606
29 10607
29 10608
29 10609
29 10610
29 10611
29 10612
29 10613
29 10614
29 10615
29 10616
29 10617
29 10618
29 10619
29 10620
29 10621
29 10622
29 10623
29 10624
29 10625
29 10626
29 10627
29 10628
29 10629
29 10630
29 10631
29 10632
29 10633
29 10634
29 10635
29 10636
29 10637
29 10638
29 10639
29 10640
29 10641
29 10642
29 10643
29 10644
29 10645
29 10646
29 10647
29 10648
29 10649
29 10650
29 10651
29 10652
29 10653
29 10654
29 10655
29 10656
29 10657
29 10658
29 10659
29 10660
29 10661
29 10662
29 10663
29 10664
29 10665
29 10666
29 10667
29 10668
29 10669
29 10670
29 10671
29 10672
29 10673
29 10674
29 10675
29 10676
29 10677
29 10678
29 10679
29 10680
29 10681
29 10682
29 10683
29 10684
29 10685
29 10686
29 10687
29 10688
29 10689
29 10690
29 10691
29 10692
29 10693
29 10694
29 10695
29 10696
29 10697
29 10698
29 10699
29 10700
29 10701
29 10702
29 10703
29 10704
29 10705
29 10706
29 10707
29 10708
29 10709
29 10710
29 10711
29 10712
29 10713
29 10714
29 10715
29 10716
29 10717
29 10718
29 10719
29 10720
29 10721
29 10722
29 10723
29 10724
29 10725
29 10726
29 10727
29 10728
29 10729
29 10730
29 10731
29 10732
29 10733
29 10734
29 10735
29 10736
29 10737
29 10738
29 10739
29 10740
29 10741
29 10742
29 10743
29 10744
29 10745
29 10746
29 10747
29 10748
29 10749
29 10750
29 10751
29 10752
29 10753
29 10754
29 10755
29 10756
29 10757
29 10758
29 10759
29 10760
29 10761
29 10762
29 10763
29 10764
29 10765
29 10766
29 10767
29 10768
29 10769
29 10770
29 10771
29 10772
29 10773
29 10774
29 10775
29 10776
29 10777
29 10778
29 10779
29 10780
29 10781
29 10782
29 10783
29 10784
29 10785
29 10786
29 10787
29 10788
29 10789
29 10790
29 10791
29 10792
29 10793
29 10794
29 10795
29 10796
29 10797
29 10798
29 10799
29 10800
29 10801
29 10802
29 10803
29 10804
29 10805
29 10806
29 10807
29 10808
29 10809
29 10810
29 10811
29 10812
29 10813
29 10814
29 10815
29 10816
29 10817
29 10818
29 10819
29 10820
29 10821
29 10822
29 10823
29 10824
29 10825
29 10826
29 10827
29 10828
29 10829
29 10830
29 10831
29 10832
29 10833
29 10834
29 10835
29 10836
29 10837
29 10838
29 10839
29 10840
29 10841
29 10842
29 10843
29 10844
29 10845
29 10846
29 10847
29 10848
29 10849
29 10850
29 10851
29 10852
29 10853
29 10854
29 10855
29 10856
29 10857
29 10858
29 10859
29 10860
29 10861
29 10862
29 10863
29 10864
29 10865
29 10866
29 10867
29 10868
29 10869
29 10870
29 10871
29 10872
29 10873
29 10874
29 10875
29 10876
29 10877
29 10878
29 10879
29 10880
29 10881
29 10882
29 10883
29 10884
29 10885
29 10886
29 10887
29 10888
29 10889
29 10890
29 10891
29 10892
29 10893
29 10894
29 10895
29 10896
29 10897
29 10898
29 10899
29 10900
29 10901
29 10902
29 10903
29 10904
29 10905
29 10906
29 10907
29 10908
29 10909
29 10910
29 10911
29 10912
29 10913
29 10914
29 10915
29 10916
29 10917
29 10918
29 10919
29 10920
29 10921
29 10922
29 10923
29 10924
29 10925
29 10926
29 10927
29 10928
29 10929
29 10930
29 10931
29 10932
29 10933
29 10934
29 10935
29 10936
29 10937
29 10938
29 10939
29 10940
29 10941
29 10942
29 10943
29 10944
29 10945
29 10946
29 10947
29 10948
29 10949
29 10950
29 10951
29 10952
29 10953
29 10954
29 10955
29 10956
29 10957
29 10958
29 10959
29 10960
29 10961
29 10962
29 10963
29 10964
29 10965
29 10966
29 10967
29 10968
29 10969
29 10970
29 10971
29 10972
29 10973
29 10974
29 10975
29 10976
29 10977
29 10978
29 10979
29 10980
29 10981
29 10982
29 10983
29 10984
29 10985
29 10986
29 10987
29 10988
29 10989
29 10990
29 10991
29 10992
29 10993
29 10994
29 10995
29 10996
29 10997
29 10998
29 10999
29 11000
29 11001
29 11002
29 11003
29 11004
29 11005
29 11006
29 11007
29 11008
29 11009
29 11010
29 11011
29 11012
29 11013
29 11014
29 11015
29 11016
29 11017
29 11018
29 11019
29 11020
29 11021
29 11022
29 11023
29 11024
29 11025
29 11026
29 11027
29 11028
29 11029
29 11030
29 11031
29 11032
29 11033
29 11034
29 11035
29 11036
29 11037
29 11038
29 11039
29 11040
29 11041
29 11042
29 11043
29 11044
29 11045
29 11046
29 11047
29 11048
29 11049
29 11050
29 11051
29 11052
29 11053
29 11054
29 11055
29 11056
29 11057
29 11058
29 11059
29 11060
29 11061
29 11062
29 11063
29 11064
29 11065
29 11066
29 11067
29 11068
29 11069
29 11070
29 11071
29 11072
29 11073
29 11074
29 11075
29 11076
29 11077
29 11078
29 11079
29 11080
29 11081
29 11082
29 11083
29 11084
29 11085
29 11086
29 11087
29 11088
29 11089
29 11090
29 11091
29 11092
29 11093
29 11094
29 11095
29 11096
29 11097
29 11098
29 11099
29 11100
29 11101
29 11102
29 11103
29 11104
29 11105
29 11106
29 11107
29 11108
29 11109
29 11110
29 11111
29 11112
29 11113
29 11114
29 11115
29 11116
29 11117
29 11118
29 11119
29 11120
29 11121
29 11122
29 11123
29 11124
29 11125
29 11126
29 11127
29 11128
29 11129
29 11130
29 11131
29 11132
29 11133
29 11134
29 11135
29 11136
29 11137
29 11138
29 11139
29 11140
29 11141
29 11142
29 11143
29 11144
29 11145
29 11146
29 11147
29 11148
29 11149
29 11150
29 11151
29 11152
29 11153
29 11154
29 11155
29 11156
29 11157
29 11158
29 11159
29 11160
29 11161
29 11162
29 11163
29 11164
29 11165
29 11166
29 11167
29 11168
29 11169
29 11170
29 11171
29 11172
29 11173
29 11174
29 11175
29 11176
29 11177
29 11178
29 11179
29 11180
29 11181
29 11182
29 11183
29 11184
29 11185
29 11186
29 11187
29 11188
29 11189
29 11190
29 11191
29 11192
29 11193
29 11194
29 11195
29 11196
29 11197
29 11198
29 11199
29 11200
29 11201
29 11202
29 11203
29 11204
29 11205
29 11206
29 11207
29 11208
29 11209
29 11210
29 11211
29 11212
29 11213
29 11214
29 11215
29 11216
29 11217
29 11218
29 11219
29 11220
29 11221
29 11222
29 11223
29 11224
29 11225
29 11226
29 11227
29 11228
29 11229
29 11230
29 11231
29 11232
29 11233
29 11234
29 11235
29 11236
29 11237
29 11238
29 11239
29 11240
29 11241
29 11242
29 11243
29 11244
29 11245
29 11246
29 11247
29 11248
29 11249
29 11250
29 11251
29 11252
29 11253
29 11254
29 11255
29 11256
29 11257
29 11258
29 11259
29 11260
29 11261
29 11262
29 11263
29 11264
29 11265
29 11266
29 11267
29 11268
29 11269
29 11270
29 11271
29 11272
29 11273
29 11274
29 11275
29 11276
29 11277
29 11278
29 11279
29 11280
29 11281
29 11282
29 11283
29 11284
29 11285
29 11286
29 11287
29 11288
29 11289
29 11290
29 11291
29 11292
29 11293
29 11294
29 11295
29 11296
29 11297
29 11298
29 11299
29 11300
29 11301
29 11302
29 11303
29 11304
29 11305
29 11306
29 11307
29 11308
29 11309
29 11310
29 11311
29 11312
29 11313
29 11314
29 11315
29 11316
29 11317
29 11318
29 11319
29 11320
29 11321
29 11322
29 11323
29 11324
29 11325
29 11326
29 11327
29 11328
29 11329
29 11330
29 11331
29 11332
29 11333
29 11334
29 11335
29 11336
29 11337
29 11338
29 11339
29 11340
29 11341
29 11342
29 11343
29 11344
29 11345
29 11346
29 11347
29 11348
29 11349
29 11350
29 11351
29 11352
29 11353
29 11354
29 11355
29 11356
29 11357
29 11358
29 11359
29 11360
29 11361
29 11362
29 11363
29 11364
29 11365
29 11366
29 11367
29 11368
29 11369
29 11370
29 11371
29 11372
29 11373
29 11374
29 11375
29 11376
29 11377
29 11378
29 11379
29 11380
29 11381
29 11382
29 11383
29 11384
29 11385
29 11386
29 11387
29 11388
29 11389
29 11390
29 11391
29 11392
29 11393
29 11394
29 11395
29 11396
29 11397
29 11398
29 11399
29 11400
29 11401
29 11402
29 11403
29 11404
29 11405
29 11406
29 11407
29 11408
29 11409
29 11410
29 11411
29 11412
29 11413
29 11414
29 11415
29 11416
29 11417
29 11418
29 11419
29 11420
29 11421
29 11422
29 11423
29 11424
29 11425
29 11426
29 11427
29 11428
29 11429
29 11430
29 11431
29 11432
29 11433
29 11434
29 11435
29 11436
29 11437
29 11438
29 11439
29 11440
29 11441
29 11442
29 11443
29 11444
29 11445
29 11446
29 11447
29 11448
29 11449
29 11450
29 11451
29 11452
29 11453
29 11454
29 11455
29 11456
29 11457
29 11458
29 11459
29 11460
29 11461
29 11462
29 11463
29 11464
29 11465
29 11466
29 11467
29 11468
29 11469
29 11470
29 11471
29 11472
29 11473
29 11474
29 11475
29 11476
29 11477
29 11478
29 11479
29 11480
29 11481
29 11482
29 11483
29 11484
29 11485
29 11486
29 11487
29 11488
29 11489
29 11490
29 11491
29 11492
29 11493
29 11494
29 11495
29 11496
29 11497
29 11498
29 11499
29 11500
29 11501
29 11502
29 11503
29 11504
29 11505
29 11506
29 11507
29 11508
29 11509
29 11510
29 11511
29 11512
29 11513
29 11514
29 11515
29 11516
29 11517
29 11518
29 11519
29 11520
29 11521
29 11522
29 11523
29 11524
29 11525
29 11526
29 11527
29 11528
29 11529
29 11530
29 11531
29 11532
29 11533
29 11534
29 11535
29 11536
29 11537
29 11538
29 11539
29 11540
29 11541
29 11542
29 11543
29 11544
29 11545
29 11546
29 11547
29 11548
29 11549
29 11550
29 11551
29 11552
29 11553
29 11554
29 11555
29 11556
29 11557
29 11558
29 11559
29 11560
29 11561
29 11562
29 11563
29 11564
29 11565
29 11566
29 11567
29 11568
29 11569
29 11570
29 11571
29 11572
29 11573
29 11574
29 11575
29 11576
29 11577
29 11578
29 11579
29 11580
29 11581
29 11582
29 11583
29 11584
29 11585
29 11586
29 11587
29 11588
29 11589
29 11590
29 11591
29 11592
29 11593
29 11594
29 11595
29 11596
29 11597
29 11598
29 11599
29 11600
29 11601
29 11602
29 11603
29 11604
29 11605
29 11606
29 11607
29 11608
29 11609
29 11610
29 11611
29 11612
29 11613
29 11614
29 11615
29 11616
29 11617
29 11618
29 11619
29 11620
29 11621
29 11622
29 11623
29 11624
29 11625
29 11626
29 11627
29 11628
29 11629
29 11630
29 11631
29 11632
29 11633
29 11634
29 11635
29 11636
29 11637
29 11638
29 11639
29 11640
29 11641
29 11642
29 11643
29 11644
29 11645
29 11646
29 11647
29 11648
29 11649
29 11650
29 11651
29 11652
29 11653
29 11654
29 11655
29 11656
29 11657
29 11658
29 11659
29 11660
29 11661
29 11662
29 11663
29 11664
29 11665
29 11666
29 11667
29 11668
29 11669
29 11670
29 11671
29 11672
29 11673
29 11674
29 11675
29 11676
29 11677
29 11678
29 11679
29 11680
29 11681
29 11682
29 11683
29 11684
29 11685
29 11686
29 11687
29 11688
29 11689
29 11690
29 11691
29 11692
29 11693
29 11694
29 11695
29 11696
29 11697
29 11698
29 11699
29 11700
29 11701
29 11702
29 11703
29 11704
29 11705
29 11706
29 11707
29 11708
29 11709
29 11710
29 11711
29 11712
29 11713
29 11714
29 11715
29 11716
29 11717
29 11718
29 11719
29 11720
29 11721
29 11722
29 11723
29 11724
29 11725
29 11726
29 11727
29 11728
29 11729
29 11730
29 11731
29 11732
29 11733
29 11734
29 11735
29 11736
29 11737
29 11738
29 11739
29 11740
29 11741
29 11742
29 11743
29 11744
29 11745
29 11746
29 11747
29 11748
29 11749
29 11750
29 11751
29 11752
29 11753
29 11754
29 11755
29 11756
29 11757
29 11758
29 11759
29 11760
29 11761
29 11762
29 11763
29 11764
29 11765
29 11766
29 11767
29 11768
29 11769
29 11770
29 11771
29 11772
29 11773
29 11774
29 11775
29 11776
29 11777
29 11778
29 11779
29 11780
29 11781
29 11782
29 11783
29 11784
29 11785
29 11786
29 11787
29 11788
29 11789
29 11790
29 11791
29 11792
29 11793
29 11794
29 11795
29 11796
29 11797
29 11798
29 11799
29 11800
29 11801
29 11802
29 11803
29 11804
29 11805
29 11806
29 11807
29 11808
29 11809
29 11810
29 11811
29 11812
29 11813
29 11814
29 11815
29 11816
29 11817
29 11818
29 11819
29 11820
29 11821
29 11822
29 11823
29 11824
29 11825
29 11826
29 11827
29 11828
29 11829
29 11830
29 11831
29 11832
29 11833
29 11834
29 11835
29 11836
29 11837
29 11838
29 11839
29 11840
29 11841
29 11842
29 11843
29 11844
29 11845
29 11846
29 11847
29 11848
29 11849
29 11850
29 11851
29 11852
29 11853
29 11854
29 11855
29 11856
29 11857
29 11858
29 11859
29 11860
29 11861
29 11862
29 11863
29 11864
29 11865
29 11866
29 11867
29 11868
29 11869
29 11870
29 11871
29 11872
29 11873
29 11874
29 11875
29 11876
29 11877
29 11878
29 11879
29 11880
29 11881
29 11882
29 11883
29 11884
29 11885
29 11886
29 11887
29 11888
29 11889
29 11890
29 11891
29 11892
29 11893
29 11894
29 11895
29 11896
29 11897
29 11898
29 11899
29 11900
29 11901
29 11902
29 11903
29 11904
29 11905
29 11906
29 11907
29 11908
29 11909
29 11910
29 11911
29 11912
29 11913
29 11914
29 11915
29 11916
29 11917
29 11918
29 11919
29 11920
29 11921
29 11922
29 11923
29 11924
29 11925
29 11926
29 11927
29 11928
29 11929
29 11930
29 11931
29 11932
29 11933
29 11934
29 11935
29 11936
29 11937
29 11938
29 11939
29 11940
29 11941
29 11942
29 11943
29 11944
29 11945
29 11946
29 11947
29 11948
29 11949
29 11950
29 11951
29 11952
29 11953
29 11954
29 11955
29 11956
29 11957
29 11958
29 11959
29 11960
29 11961
29 11962
29 11963
29 11964
29 11965
29 11966
29 11967
29 11968
29 11969
29 11970
29 11971
29 11972
29 11973
29 11974
29 11975
29 11976
29 11977
29 11978
29 11979
29 11980
29 11981
29 11982
29 11983
29 11984
29 11985
29 11986
29 11987
29 11988
29 11989
29 11990
29 11991
29 11992
29 11993
29 11994
29 11995
29 11996
29 11997
29 11998
29 11999
29 12000
29 12001
29 12002
29 12003
29 12004
29 12005
29 12006
29 12007
29 12008
29 12009
29 12010
29 12011
29 12012
29 12013
29 12014
29 12015
29 12016
29 12017
29 12018
29 12019
29 12020
29 12021
29 12022
29 12023
29 12024
29 12025
29 12026
29 12027
29 12028
29 12029
29 12030
29 12031
29 12032
29 12033
29 12034
29 12035
29 12036
29 12037
29 12038
29 12039
29 12040
29 12041
29 12042
29 12043
29 12044
29 12045
29 12046
29 12047
29 12048
29 12049
29 12050
29 12051
29 12052
29 12053
29 12054
29 12055
29 12056
29 12057
29 12058
29 12059
29 12060
29 12061
29 12062
29 12063
29 12064
29 12065
29 12066
29 12067
29 12068
29 12069
29 12070
29 12071
29 12072
29 12073
29 12074
29 12075
29 12076
29 12077
29 12078
29 12079
29 12080
29 12081
29 12082
29 12083
29 12084
29 12085
29 12086
29 12087
29 12088
29 12089
29 12090
29 12091
29 12092
29 12093
29 12094
29 12095
29 12096
29 12097
29 12098
29 12099
29 12100
29 12101
29 12102
29 12103
29 12104
29 12105
29 12106
29 12107
29 12108
29 12109
29 12110
29 12111
29 12112
29 12113
29 12114
29 12115
29 12116
29 12117
29 12118
29 12119
29 12120
29 12121
29 12122
29 12123
29 12124
29 12125
29 12126
29 12127
29 12128
29 12129
29 12130
29 12131
29 12132
29 12133
29 12134
29 12135
29 12136
29 12137
29 12138
29 12139
29 12140
29 12141
29 12142
29 12143
29 12144
29 12145
29 12146
29 12147
29 12148
29 12149
29 12150
29 12151
29 12152
29 12153
29 12154
29 12155
29 12156
29 12157
29 12158
29 12159
29 12160
29 12161
29 12162
29 12163
29 12164
29 12165
29 12166
29 12167
29 12168
29 12169
29 12170
29 12171
29 12172
29 12173
29 12174
29 12175
29 12176
29 12177
29 12178
29 12179
29 12180
29 12181
29 12182
29 12183
29 12184
29 12185
29 12186
29 12187
29 12188
29 12189
29 12190
29 12191
29 12192
29 12193
29 12194
29 12195
29 12196
29 12197
29 12198
29 12199
29 12200
29 12201
29 12202
29 12203
29 12204
29 12205
29 12206
29 12207
29 12208
29 12209
29 12210
29 12211
29 12212
29 12213
29 12214
29 12215
29 12216
29 12217
29 12218
29 12219
29 12220
29 12221
29 12222
29 12223
29 12224
29 12225
29 12226
29 12227
29 12228
29 12229
29 12230
29 12231
29 12232
29 12233
29 12234
29 12235
29 12236
29 12237
29 12238
29 12239
29 12240
29 12241
29 12242
29 12243
29 12244
29 12245
29 12246
29 12247
29 12248
29 12249
29 12250
29 12251
29 12252
29 12253
29 12254
29 12255
29 12256
29 12257
29 12258
29 12259
29 12260
29 12261
29 12262
29 12263
29 12264
29 12265
29 12266
29 12267
29 12268
29 12269
29 12270
29 12271
29 12272
29 12273
29 12274
29 12275
29 12276
29 12277
29 12278
29 12279
29 12280
29 12281
29 12282
29 12283
29 12284
29 12285
29 12286
29 12287
29 12288
29 12289
29 12290
29 12291
29 12292
29 12293
29 12294
29 12295
29 12296
29 12297
29 12298
29 12299
29 12300
29 12301
29 12302
29 12303
29 12304
29 12305
29 12306
29 12307
29 12308
29 12309
29 12310
29 12311
29 12312
29 12313
29 12314
29 12315
29 12316
29 12317
29 12318
29 12319
29 12320
29 12321
29 12322
29 12323
29 12324
29 12325
29 12326
29 12327
29 12328
29 12329
29 12330
29 12331
29 12332
29 12333
29 12334
29 12335
29 12336
29 12337
29 12338
29 12339
29 12340
29 12341
29 12342
29 12343
29 12344
29 12345
29 12346
29 12347
29 12348
29 12349
29 12350
29 12351
29 12352
29 12353
29 12354
29 12355
29 12356
29 12357
29 12358
29 12359
29 12360
29 12361
29 12362
29 12363
29 12364
29 12365
29 12366
29 12367
29 12368
29 12369
29 12370
29 12371
29 12372
29 12373
29 12374
29 12375
29 12376
29 12377
29 12378
29 12379
29 12380
29 12381
29 12382
29 12383
29 12384
29 12385
29 12386
29 12387
29 12388
29 12389
29 12390
29 12391
29 12392
29 12393
29 12394
29 12395
29 12396
29 12397
29 12398
29 12399
29 12400
29 12401
29 12402
29 12403
29 12404
29 12405
29 12406
29 12407
29 12408
29 12409
29 12410
29 12411
29 12412
29 12413
29 12414
29 12415
29 12416
29 12417
29 12418
29 12419
29 12420
29 12421
29 12422
29 12423
29 12424
29 12425
29 12426
29 12427
29 12428
29 12429
29 12430
29 12431
29 12432
29 12433
29 12434
29 12435
29 12436
29 12437
29 12438
29 12439
29 12440
29 12441
29 12442
29 12443
29 12444
29 12445
29 12446
29 12447
29 12448
29 12449
29 12450
29 12451
29 12452
29 12453
29 12454
29 12455
29 12456
29 12457
29 12458
29 12459
29 12460
29 12461
29 12462
29 12463
29 12464
29 12465
29 12466
29 12467
29 12468
29 12469
29 12470
29 12471
29 12472
29 12473
29 12474
29 12475
29 12476
29 12477
29 12478
29 12479
29 12480
29 12481
29 12482
29 12483
29 12484
29 12485
29 12486
29 12487
29 12488
29 12489
29 12490
29 12491
29 12492
29 12493
29 12494
29 12495
29 12496
29 12497
29 12498
29 12499
29 12500
29 12501
29 12502
29 12503
29 12504
29 12505
29 12506
29 12507
29 12508
29 12509
29 12510
29 12511
29 12512
29 12513
29 12514
29 12515
29 12516
29 12517
29 12518
29 12519
29 12520
29 12521
29 12522
29 12523
29 12524
29 12525
29 12526
29 12527
29 12528
29 12529
29 12530
29 12531
29 12532
29 12533
29 12534
29 12535
29 12536
29 12537
29 12538
29 12539
29 12540
29 12541
29 12542
29 12543
29 12544
29 12545
29 12546
29 12547
29 12548
29 12549
29 12550
29 12551
29 12552
29 12553
29 12554
29 12555
29 12556
29 12557
29 12558
29 12559
29 12560
29 12561
29 12562
29 12563
29 12564
29 12565
29 12566
29 12567
29 12568
29 12569
29 12570
29 12571
29 12572
29 12573
29 12574
29 12575
29 12576
29 12577
29 12578
29 12579
29 12580
29 12581
29 12582
29 12583
29 12584
29 12585
29 12586
29 12587
29 12588
29 12589
29 12590
29 12591
29 12592
29 12593
29 12594
29 12595
29 12596
29 12597
29 12598
29 12599
29 12600
29 12601
29 12602
29 12603
29 12604
29 12605
29 12606
29 12607
29 12608
29 12609
29 12610
29 12611
29 12612
29 12613
29 12614
29 12615
29 12616
29 12617
29 12618
29 12619
29 12620
29 12621
29 12622
29 12623
29 12624
29 12625
29 12626
29 12627
29 12628
29 12629
29 12630
29 12631
29 12632
29 12633
29 12634
29 12635
29 12636
29 12637
29 12638
29 12639
29 12640
29 12641
29 12642
29 12643
29 12644
29 12645
29 12646
29 12647
29 12648
29 12649
29 12650
29 12651
29 12652
29 12653
29 12654
29 12655
29 12656
29 12657
29 12658
29 12659
29 12660
29 12661
29 12662
29 12663
29 12664
29 12665
29 12666
29 12667
29 12668
29 12669
29 12670
29 12671
29 12672
29 12673
29 12674
29 12675
29 12676
29 12677
29 12678
29 12679
29 12680
29 12681
29 12682
29 12683
29 12684
29 12685
29 12686
29 12687
29 12688
29 12689
29 12690
29 12691
29 12692
29 12693
29 12694
29 12695
29 12696
29 12697
29 12698
29 12699
29 12700
29 12701
29 12702
29 12703
29 12704
29 12705
29 12706
29 12707
29 12708
29 12709
29 12710
29 12711
29 12712
29 12713
29 12714
29 12715
29 12716
29 12717
29 12718
29 12719
29 12720
29 12721
29 12722
29 12723
29 12724
29 12725
29 12726
29 12727
29 12728
29 12729
29 12730
29 12731
29 12732
29 12733
29 12734
29 12735
29 12736
29 12737
29 12738
29 12739
29 12740
29 12741
29 12742
29 12743
29 12744
29 12745
29 12746
29 12747
29 12748
29 12749
29 12750
29 12751
29 12752
29 12753
29 12754
29 12755
29 12756
29 12757
29 12758
29 12759
29 12760
29 12761
29 12762
29 12763
29 12764
29 12765
29 12766
29 12767
29 12768
29 12769
29 12770
29 12771
29 12772
29 12773
29 12774
29 12775
29 12776
29 12777
29 12778
29 12779
29 12780
29 12781
29 12782
29 12783
29 12784
29 12785
29 12786
29 12787
29 12788
29 12789
29 12790
29 12791
29 12792
29 12793
29 12794
29 12795
29 12796
29 12797
29 12798
29 12799
29 12800
29 12801
29 12802
29 12803
29 12804
29 12805
29 12806
29 12807
29 12808
29 12809
29 12810
29 12811
29 12812
29 12813
29 12814
29 12815
29 12816
29 12817
29 12818
29 12819
29 12820
29 12821
29 12822
29 12823
29 12824
29 12825
29 12826
29 12827
29 12828
29 12829
29 12830
29 12831
29 12832
29 12833
29 12834
29 12835
29 12836
29 12837
29 12838
29 12839
29 12840
29 12841
29 12842
29 12843
29 12844
29 12845
29 12846
29 12847
29 12848
29 12849
29 12850
29 12851
29 12852
29 12853
29 12854
29 12855
29 12856
29 12857
29 12858
29 12859
29 12860
29 12861
29 12862
29 12863
29 12864
29 12865
29 12866
29 12867
29 12868
29 12869
29 12870
29 12871
29 12872
29 12873
29 12874
29 12875
29 12876
29 12877
29 12878
29 12879
29 12880
29 12881
29 12882
29 12883
29 12884
29 12885
29 12886
29 12887
29 12888
29 12889
29 12890
29 12891
29 12892
29 12893
29 12894
29 12895
29 12896
29 12897
29 12898
29 12899
29 12900
29 12901
29 12902
29 12903
29 12904
29 12905
29 12906
29 12907
29 12908
29 12909
29 12910
29 12911
29 12912
29 12913
29 12914
29 12915
29 12916
29 12917
29 12918
29 12919
29 12920
29 12921
29 12922
29 12923
29 12924
29 12925
29 12926
29 12927
29 12928
29 12929
29 12930
29 12931
29 12932
29 12933
29 12934
29 12935
29 12936
29 12937
29 12938
29 12939
29 12940
29 12941
29 12942
29 12943
29 12944
29 12945
29 12946
29 12947
29 12948
29 12949
29 12950
29 12951
29 12952
29 12953
29 12954
29 12955
29 12956
29 12957
29 12958
29 12959
29 12960
29 12961
29 12962
29 12963
29 12964
29 12965
29 12966
29 12967
29 12968
29 12969
29 12970
29 12971
29 12972
29 12973
29 12974
29 12975
29 12976
29 12977
29 12978
29 12979
29 12980
29 12981
29 12982
29 12983
29 12984
29 12985
29 12986
29 12987
29 12988
29 12989
29 12990
29 12991
29 12992
29 12993
29 12994
29 12995
29 12996
29 12997
29 12998
29 12999
29 13000
29 13001
29 13002
29 13003
29 13004
29 13005
29 13006
29 13007
29 13008
29 13009
29 13010
29 13011
29 13012
29 13013
29 13014
29 13015
29 13016
29 13017
29 13018
29 13019
29 13020
29 13021
29 13022
29 13023
29 13024
29 13025
29 13026
29 13027
29 13028
29 13029
29 13030
29 13031
29 13032
29 13033
29 13034
29 13035
29 13036
29 13037
29 13038
29 13039
29 13040
29 13041
29 13042
29 13043
29 13044
29 13045
29 13046
29 13047
29 13048
29 13049
29 13050
29 13051
29 13052
29 13053
29 13054
29 13055
29 13056
29 13057
29 13058
29 13059
29 13060
29 13061
29 13062
29 13063
29 13064
29 13065
29 13066
29 13067
29 13068
29 13069
29 13070
29 13071
29 13072
29 13073
29 13074
29 13075
29 13076
29 13077
29 13078
29 13079
29 13080
29 13081
29 13082
29 13083
29 13084
29 13085
29 13086
29 13087
29 13088
29 13089
29 13090
29 13091
29 13092
29 13093
29 13094
29 13095
29 13096
29 13097
29 13098
29 13099
29 13100
29 13101
29 13102
29 13103
29 13104
29 13105
29 13106
29 13107
29 13108
29 13109
29 13110
29 13111
29 13112
29 13113
29 13114
29 13115
29 13116
29 13117
29 13118
29 13119
29 13120
29 13121
29 13122
29 13123
29 13124
29 13125
29 13126
29 13127
29 13128
29 13129
29 13130
29 13131
29 13132
29 13133
29 13134
29 13135
29 13136
29 13137
29 13138
29 13139
29 13140
29 13141
29 13142
29 13143
29 13144
29 13145
29 13146
29 13147
29 13148
29 13149
29 13150
29 13151
29 13152
29 13153
29 13154
29 13155
29 13156
29 13157
29 13158
29 13159
29 13160
29 13161
29 13162
29 13163
29 13164
29 13165
29 13166
29 13167
29 13168
29 13169
29 13170
29 13171
29 13172
29 13173
29 13174
29 13175
29 13176
29 13177
29 13178
29 13179
29 13180
29 13181
29 13182
29 13183
29 13184
29 13185
29 13186
29 13187
29 13188
29 13189
29 13190
29 13191
29 13192
29 13193
29 13194
29 13195
29 13196
29 13197
29 13198
29 13199
29 13200
29 13201
29 13202
29 13203
29 13204
29 13205
29 13206
29 13207
29 13208
29 13209
29 13210
29 13211
29 13212
29 13213
29 13214
29 13215
29 13216
29 13217
29 13218
29 13219
29 13220
29 13221
29 13222
29 13223
29 13224
29 13225
29 13226
29 13227
29 13228
29 13229
29 13230
29 13231
29 13232
29 13233
29 13234
29 13235
29 13236
29 13237
29 13238
29 13239
29 13240
29 13241
29 13242
29 13243
29 13244
29 13245
29 13246
29 13247
29 13248
29 13249
29 13250
29 13251
29 13252
29 13253
29 13254
29 13255
29 13256
29 13257
29 13258
29 13259
29 13260
29 13261
29 13262
29 13263
29 13264
29 13265
29 13266
29 13267
29 13268
29 13269
29 13270
29 13271
29 13272
29 13273
29 13274
29 13275
29 13276
29 13277
29 13278
29 13279
29 13280
29 13281
29 13282
29 13283
29 13284
29 13285
29 13286
29 13287
29 13288
29 13289
29 13290
29 13291
29 13292
29 13293
29 13294
29 13295
29 13296
29 13297
29 13298
29 13299
29 13300
29 13301
29 13302
29 13303
29 13304
29 13305
29 13306
29 13307
29 13308
29 13309
29 13310
29 13311
29 13312
29 13313
29 13314
29 13315
29 13316
29 13317
29 13318
29 13319
29 13320
29 13321
29 13322
29 13323
29 13324
29 13325
29 13326
29 13327
29 13328
29 13329
29 13330
29 13331
29 13332
29 13333
29 13334
29 13335
29 13336
29 13337
29 13338
29 13339
29 13340
29 13341
29 13342
29 13343
29 13344
29 13345
29 13346
29 13347
29 13348
29 13349
29 13350
29 13351
29 13352
29 13353
29 13354
29 13355
29 13356
29 13357
29 13358
29 13359
29 13360
29 13361
29 13362
29 13363
29 13364
29 13365
29 13366
29 13367
29 13368
29 13369
29 13370
29 13371
29 13372
29 13373
29 13374
29 13375
29 13376
29 13377
29 13378
29 13379
29 13380
29 13381
29 13382
29 13383
29 13384
29 13385
29 13386
29 13387
29 13388
29 13389
29 13390
29 13391
29 13392
29 13393
29 13394
29 13395
29 13396
29 13397
29 13398
29 13399
29 13400
29 13401
29 13402
29 13403
29 13404
29 13405
29 13406
29 13407
29 13408
29 13409
29 13410
29 13411
29 13412
29 13413
29 13414
29 13415
29 13416
29 13417
29 13418
29 13419
29 13420
29 13421
29 13422
29 13423
29 13424
29 13425
29 13426
29 13427
29 13428
29 13429
29 13430
29 13431
29 13432
29 13433
29 13434
29 13435
29 13436
29 13437
29 13438
29 13439
29 13440
29 13441
29 13442
29 13443
29 13444
29 13445
29 13446
29 13447
29 13448
29 13449
29 13450
29 13451
29 13452
29 13453
29 13454
29 13455
29 13456
29 13457
29 13458
29 13459
29 13460
29 13461
29 13462
29 13463
29 13464
29 13465
29 13466
29 13467
29 13468
29 13469
29 13470
29 13471
29 13472
29 13473
29 13474
29 13475
29 13476
29 13477
29 13478
29 13480
29 13481
29 13482
29 13483
29 13484
29 13485
29 13486
29 13487
29 13488
29 13489
29 13490
29 13491
29 13492
29 13493
29 13494
29 13495
29 13496
29 13497
29 13498
29 13499
29 13500
29 13501
29 13502
29 13503
29 13504
29 13505
29 13506
29 13507
29 13508
29 13509
29 13510
29 13511
29 13512
29 13513
29 13514
29 13515
29 13516
29 13517
29 13518
29 13519
29 13520
29 13521
29 13522
29 13523
29 13524
29 13525
29 13526
29 13527
29 13528
29 13529
29 13530
29 13531
29 13532
29 13533
29 13534
29 13535
29 13536
29 13537
29 13538
29 13539
29 13540
29 13541
29 13542
29 13543
29 13544
29 13545
29 13546
29 13547
29 13548
29 13549
29 13550
29 13551
29 13552
29 13553
29 13554
29 13555
29 13556
29 13557
29 13558
29 13559
29 13560
29 13561
29 13562
29 13563
29 13564
29 13565
29 13566
29 13567
29 13568
29 13569
29 13570
29 13571
29 13572
29 13573
29 13574
29 13575
29 13576
29 13577
29 13578
29 13579
29 13580
29 13581
29 13582
29 13583
29 13584
29 13585
29 13586
29 13587
29 13588
29 13589
29 13590
29 13591
29 13592
29 13593
29 13594
29 13595
29 13596
29 13597
29 13598
29 13599
29 13600
29 13601
29 13602
29 13603
29 13604
29 13605
29 13606
29 13607
29 13608
29 13609
29 13610
29 13611
29 13612
29 13613
29 13614
29 13615
29 13616
29 13617
29 13618
29 13619
29 13620
29 13621
29 13622
29 13623
29 13624
29 13625
29 13626
29 13627
29 13628
29 13629
29 13630
29 13631
29 13632
29 13633
29 13634
29 13635
29 13636
29 13637
29 13638
29 13639
29 13640
29 13641
29 13642
29 13643
29 13644
29 13645
29 13646
29 13647
29 13648
29 13649
29 13650
29 13651
29 13652
29 13653
29 13654
29 13655
29 13656
29 13657
29 13658
29 13659
29 13660
29 13661
29 13662
29 13663
29 13664
29 13665
29 13666
29 13667
29 13668
29 13669
29 13670
29 13671
29 13672
29 13673
29 13674
29 13675
29 13676
29 13677
29 13678
29 13679
29 13680
29 13681
29 13682
29 13683
29 13684
29 13685
29 13686
29 13687
29 13688
29 13689
29 13690
29 13691
29 13692
29 13693
29 13694
29 13695
29 13696
29 13697
29 13698
29 13699
29 13700
29 13701
29 13702
29 13703
29 13704
29 13705
29 13706
29 13707
29 13708
29 13709
29 13710
29 13711
29 13712
29 13713
29 13714
29 13715
29 13716
29 13717
29 13718
29 13719
29 13720
29 13721
29 13722
29 13723
29 13724
29 13725
29 13726
29 13727
29 13728
29 13729
29 13730
29 13731
29 13732
29 13733
29 13734
29 13735
29 13736
29 13737
29 13738
29 13739
29 13740
29 13741
29 13742
29 13743
29 13744
29 13745
29 13746
29 13747
29 13748
29 13749
29 13750
29 13751
29 13752
29 13753
29 13754
29 13755
29 13756
29 13757
29 13758
29 13759
29 13760
29 13761
29 13762
29 13763
29 13764
29 13765
29 13766
29 13767
29 13768
29 13769
29 13770
29 13771
29 13772
29 13773
29 13774
29 13775
29 13776
29 13777
29 13778
29 13779
29 13780
29 13781
29 13782
29 13783
29 13784
29 13785
29 13786
29 13787
29 13788
29 13789
29 13790
29 13791
29 13792
29 13793
29 13794
29 13795
29 13796
29 13797
29 13798
29 13799
29 13800
29 13801
29 13802
29 13803
29 13804
29 13805
29 13806
29 13807
29 13808
29 13809
29 13810
29 13811
29 13812
29 13813
29 13814
29 13815
29 13816
29 13817
29 13818
29 13819
29 13820
29 13821
29 13822
29 13823
29 13824
29 13825
29 13826
29 13827
29 13828
29 13829
29 13830
29 13831
29 13832
29 13833
29 13834
29 13835
29 13836
29 13837
29 13838
29 13839
29 13840
29 13841
29 13842
29 13843
29 13844
29 13845
29 13846
29 13847
29 13848
29 13849
29 13850
29 13851
29 13852
29 13853
29 13854
29 13855
29 13856
29 13857
29 13858
29 13859
29 13860
29 13861
29 13862
29 13863
29 13864
29 13865
29 13866
29 13867
29 13868
29 13869
29 13870
29 13871
29 13872
29 13873
29 13874
29 13875
29 13876
29 13877
29 13878
29 13879
29 13880
29 13881
29 13882
29 13883
29 13884
29 13885
29 13886
29 13887
29 13888
29 13889
29 13890
29 13891
29 13892
29 13893
29 13894
29 13895
29 13896
29 13897
29 13898
29 13899
29 13900
29 13901
29 13902
29 13903
29 13904
29 13905
29 13906
29 13907
29 13908
29 13909
29 13910
29 13911
29 13912
29 13913
29 13914
29 13915
29 13916
29 13917
29 13918
29 13919
29 13920
29 13921
29 13922
29 13923
29 13924
29 13925
29 13926
29 13927
29 13928
29 13929
29 13930
29 13931
29 13932
29 13933
29 13934
29 13935
29 13936
29 13937
29 13938
29 13939
29 13940
29 13941
29 13942
29 13943
29 13944
29 13945
29 13946
29 13947
29 13948
29 13949
29 13950
29 13951
29 13952
29 13953
29 13954
29 13955
29 13956
29 13957
29 13958
29 13959
29 13960
29 13961
29 13962
29 13963
29 13964
29 13965
29 13966
29 13967
29 13968
29 13969
29 13970
29 13971
29 13972
29 13973
29 13974
29 13975
29 13976
29 13977
29 13978
29 13979
29 13980
29 13981
29 13982
29 13983
29 13984
29 13985
29 13986
29 13987
29 13988
29 13989
29 13990
29 13991
29 13992
29 13993
29 13994
29 13995
29 13996
29 13997
29 13998
29 13999
29 14000
29 14001
29 14002
29 14003
29 14004
29 14005
29 14006
29 14007
29 14008
29 14009
29 14010
29 14011
29 14012
29 14013
29 14014
29 14015
29 14016
29 14017
29 14018
29 14019
29 14020
29 14021
29 14022
29 14023
29 14024
29 14025
29 14026
29 14027
29 14028
29 14029
29 14030
29 14031
29 14032
29 14033
29 14034
29 14035
29 14036
29 14037
29 14038
29 14039
29 14040
29 14041
29 14042
29 14043
29 14044
29 14045
29 14046
29 14047
29 14048
29 14049
29 14050
29 14051
29 14052
29 14053
29 14054
29 14055
29 14056
29 14057
29 14058
29 14059
29 14060
29 14061
29 14062
29 14063
29 14064
29 14065
29 14066
29 14067
29 14068
29 14069
29 14070
29 14071
29 14072
29 14073
29 14074
29 14075
29 14076
29 14077
29 14078
29 14079
29 14080
29 14081
29 14082
29 14083
29 14084
29 14085
29 14086
29 14087
29 14088
29 14089
29 14090
29 14091
29 14092
29 14093
29 14094
29 14095
29 14096
29 14097
29 14098
29 14099
29 14100
29 14101
29 14102
29 14103
29 14104
29 14105
29 14106
29 14107
29 14108
29 14109
29 14110
29 14111
29 14112
29 14113
29 14114
29 14115
29 14116
29 14117
29 14118
29 14119
29 14120
29 14121
29 14122
29 14123
29 14124
29 14125
29 14126
29 14127
29 14128
29 14129
29 14130
29 14131
29 14132
29 14133
29 14134
29 14135
29 14136
29 14137
29 14138
29 14139
29 14140
29 14141
29 14142
29 14143
29 14144
29 14145
29 14146
29 14147
29 14148
29 14149
29 14150
29 14151
29 14152
29 14153
29 14154
29 14155
29 14156
29 14157
29 14158
29 14159
29 14160
29 14161
29 14162
29 14163
29 14164
29 14165
29 14166
29 14167
29 14168
29 14169
29 14170
29 14171
29 14172
29 14173
29 14174
29 14175
29 14176
29 14177
29 14178
29 14179
29 14180
29 14181
29 14182
29 14183
29 14184
29 14185
29 14186
29 14187
29 14188
29 14189
29 14190
29 14191
29 14192
29 14193
29 14194
29 14195
29 14196
29 14197
29 14198
29 14199
29 14200
29 14201
29 14202
29 14203
29 14204
29 14205
29 14206
29 14207
29 14208
29 14209
29 14210
29 14211
29 14212
29 14213
29 14214
29 14215
29 14216
29 14217
29 14218
29 14219
29 14220
29 14221
29 14222
29 14223
29 14224
29 14225
29 14226
29 14227
29 14228
29 14229
29 14230
29 14231
29 14232
29 14233
29 14234
29 14235
29 14236
29 14237
29 14238
29 14239
29 14240
29 14241
29 14242
29 14243
29 14244
29 14245
29 14246
29 14247
29 14248
29 14249
29 14250
29 14251
29 14252
29 14253
29 14254
29 14255
29 14256
29 14257
29 14258
29 14259
29 14260
29 14261
29 14262
29 14263
29 14264
29 14265
29 14266
29 14267
29 14268
29 14269
29 14270
29 14271
29 14272
29 14273
29 14274
29 14275
29 14276
29 14277
29 14278
29 14279
29 14280
29 14281
29 14282
29 14283
29 14284
29 14285
29 14286
29 14287
29 14288
29 14289
29 14290
29 14291
29 14292
29 14293
29 14294
29 14295
29 14296
29 14297
29 14298
29 14299
29 14300
29 14301
29 14302
29 14303
29 14304
29 14305
29 14306
29 14307
29 14308
29 14309
29 14310
29 14311
29 14312
29 14313
29 14314
29 14315
29 14316
29 14317
29 14318
29 14319
29 14320
29 14321
29 14322
29 14323
29 14324
29 14325
29 14326
29 14327
29 14328
29 14329
29 14330
29 14331
29 14332
29 14333
29 14334
29 14335
29 14336
29 14337
29 14338
29 14339
29 14340
29 14341
29 14342
29 14343
29 14344
29 14345
29 14346
29 14347
29 14348
29 14349
29 14350
29 14351
29 14352
29 14353
29 14354
29 14355
29 14356
29 14357
29 14358
29 14359
29 14360
29 14361
29 14362
29 14363
29 14364
29 14365
29 14366
29 14367
29 14368
29 14369
29 14370
29 14371
29 14372
29 14373
29 14374
29 14375
29 14376
29 14377
29 14378
29 14379
29 14380
29 14381
29 14382
29 14383
29 14384
29 14385
29 14386
29 14387
29 14388
29 14389
29 14390
29 14391
29 14392
29 14393
29 14394
29 14395
29 14396
29 14397
29 14398
29 14399
29 14400
29 14401
29 14402
29 14403
29 14404
29 14405
29 14406
29 14407
29 14408
29 14409
29 14410
29 14411
29 14412
29 14413
29 14414
29 14415
29 14416
29 14417
29 14418
29 14419
29 14420
29 14421
29 14422
29 14423
29 14424
29 14425
29 14426
29 14427
29 14428
29 14429
29 14430
29 14431
29 14432
29 14433
29 14434
29 14435
29 14436
29 14437
29 14438
29 14439
29 14440
29 14441
29 14442
29 14443
29 14444
29 14445
29 14446
29 14447
29 14448
29 14449
29 14450
29 14451
29 14452
29 14453
29 14454
29 14455
29 14456
29 14457
29 14458
29 14459
29 14460
29 14461
29 14462
29 14463
29 14464
29 14465
29 14466
29 14467
29 14468
29 14469
29 14470
29 14471
29 14472
29 14473
29 14474
29 14475
29 14476
29 14477
29 14478
29 14479
29 14480
29 14481
29 14482
29 14483
29 14484
29 14485
29 14486
29 14487
29 14488
29 14489
29 14490
29 14491
29 14492
29 14493
29 14494
29 14495
29 14496
29 14497
29 14498
29 14499
29 14500
29 14501
29 14502
29 14503
29 14504
29 14505
29 14506
29 14507
29 14508
29 14509
29 14510
29 14511
29 14512
29 14513
29 14514
29 14515
29 14516
29 14517
29 14518
29 14519
29 14520
29 14521
29 14522
29 14523
29 14524
29 14525
29 14526
29 14527
29 14528
29 14529
29 14530
29 14531
29 14532
29 14533
29 14534
29 14535
29 14536
29 14549
29 14550
29 14551
29 14568
29 14569
29 14574
29 14575
29 14576
29 14589
29 14612
29 14613
29 14621
29 14622
29 14624
29 14642
29 14648
29 14654
29 14655
29 14656
29 14657
29 14758
29 14821
29 14832
29 14852
29 14855
29 14856
29 14865
29 14866
29 14867
29 14869
29 14870
29 14872
29 14874
29 14879
29 14883
29 14885
29 14886
29 14887
29 14888
29 14889
29 14890
29 14899
29 14911
29 14928
29 14929
29 14934
29 14935
29 14936
29 14942
29 14943
29 14947
29 14950
29 14951
29 14953
29 14956
29 14965
29 14966
29 14970
29 14972
29 14973
29 14977
29 14989
29 14991
29 15026
29 15028
29 15029
29 15035
29 15040
29 15041
29 15044
29 15048
29 15072
29 15073
29 15097
29 15098
29 15104
29 15107
29 15110
29 15112
29 15114
29 15116
29 15130
29 15142
29 15155
29 15165
29 15166
29 15167
29 15168
29 15170
29 15172
29 15180
29 15186
29 15187
29 15190
29 15191
29 15236
29 15243
29 15246
29 15250
29 15251
29 15259
29 15266
29 15285
29 15293
29 15294
29 15295
29 15296
29 15297
29 15301
29 15302
29 15305
29 15306
29 15357
29 15372
29 15373
29 15375
29 15377
29 15379
29 15381
29 15385
29 15387
29 15393
29 15418
29 15420
29 15424
29 15429
29 15432
29 15434
29 15440
29 15442
29 15454
29 15456
29 15457
29 15458
29 15461
29 15465
29 15471
29 15473
29 15476
29 15478
29 15482
29 15484
29 15504
29 15512
29 15513
29 15517
29 15521
29 15522
29 15554
29 15555
29 15558
29 15576
29 15577
29 15578
29 15579
29 15581
29 15585
29 15588
29 15615
29 15621
29 15629
29 15648
29 15649
29 15650
29 15652
29 15662
29 15674
29 15684
29 15690
29 15694
29 15695
29 15699
29 15708
29 15709
29 15710
29 15711
29 15712
29 15724
29 15727
29 15729
29 15739
29 15740
29 15745
29 15746
29 15760
29 15762
29 15765
29 15766
29 15775
29 15778
29 15781
29 15790
29 15793
29 15795
29 15801
29 15804
29 15807
29 15809
29 15815
29 15816
29 15820
29 15821
29 15823
29 15824
29 15825
29 15826
29 15831
29 15832
29 15833
29 15835
29 15836
29 15838
29 15839
29 15845
29 15848
29 15856
29 15857
29 15858
29 15859
29 15860
29 15862
29 15864
29 15866
29 15872
29 15873
29 15874
29 15875
29 15876
29 15878
29 15884
29 15888
29 15894
29 15896
29 15897
29 15900
29 15902
29 15904
29 15905
29 15907
29 15928
29 15929
29 15930
29 15931
29 15932
29 15933
29 15934
29 15935
29 15936
29 15937
29 15946
29 15947
29 15959
29 15965
29 15966
29 15969
29 15971
29 15973
29 15975
29 15979
29 15980
29 15982
29 15983
29 15986
29 15987
29 15990
29 15991
29 15993
29 15997
29 16007
29 16013
29 16016
29 16018
29 16020
29 16022
29 16025
29 16027
29 16032
29 16034
29 16035
29 16038
29 16040
29 16043
29 16046
29 16050
29 16053
29 16061
29 16062
29 16064
29 16067
29 16072
29 16073
29 16078
29 16081
29 16083
29 16090
29 16093
29 16094
29 16097
29 16099
29 16105
29 16107
29 16112
29 16118
29 16122
29 16123
29 16125
29 16126
29 16127
29 16128
29 16133
29 16134
29 16135
29 16138
29 16139
29 16141
29 16144
29 16146
29 16147
29 16148
29 16151
29 16153
29 16154
29 16159
29 16160
29 16163
29 16164
29 16168
29 16170
29 16190
29 16191
29 16192
29 16197
29 16200
29 16201
29 16206
29 16207
29 16212
29 16213
29 16217
29 16218
29 16222
29 16223
29 16226
29 16234
29 16235
29 16237
29 16240
29 16242
29 16243
29 16244
29 16245
29 16246
29 16250
29 16251
29 16252
29 16253
29 16256
29 16257
29 16261
29 16262
29 16264
29 16267
29 16273
29 16286
29 16296
29 16301
29 16302
29 16315
29 16316
29 16323
29 16326
29 16330
29 16333
29 16334
29 16336
29 16339
29 16340
29 16343
29 16346
29 16347
29 16348
29 16351
29 16352
29 16353
29 16354
29 16359
29 16360
29 16361
29 16363
29 16364
29 16365
29 16366
29 16368
29 16372
29 16382
29 16384
29 16387
29 16389
29 16393
29 16397
29 16404
29 16405
29 16406
29 16407
29 16408
29 16409
29 16410
29 16414
29 16419
29 16428
29 16431
29 16432
29 16440
29 16442
29 16443
29 16445
29 16447
29 16451
29 16453
29 16459
29 16465
29 16469
29 16486
29 16488
29 16496
29 16502
29 16503
29 16506
29 16509
29 16519
29 16537
29 16548
29 16549
29 16568
29 16574
29 16575
29 16576
29 16577
29 16578
29 16600
29 16601
29 16614
29 16615
29 16617
29 16619
29 16621
29 16622
29 16624
29 16625
29 16632
29 16634
29 16635
29 16636
29 16638
29 16639
29 16640
29 16642
29 16644
29 16652
29 16656
29 16657
29 16661
29 16665
29 16667
29 16671
29 16673
29 16674
29 16676
29 16677
29 16678
29 16680
29 16687
29 16688
29 16710
29 16722
29 16723
29 16724
29 16727
29 16740
29 16743
29 16744
29 16745
29 16746
29 16749
29 16751
29 16753
29 16754
29 16756
29 16760
29 16761
29 16770
29 16776
29 16778
29 16781
29 16782
29 16784
29 16785
29 16787
29 16795
29 16797
29 16798
29 16800
29 16802
29 16806
29 16807
29 16808
29 16814
29 16817
29 16818
29 16827
29 16829
29 16831
29 16842
29 16844
29 16846
29 16848
29 16850
29 16853
29 16865
29 16866
29 16867
29 16870
29 16872
29 16873
29 16874
29 16875
29 16879
29 16882
29 16889
29 16891
29 16892
29 16893
29 16894
29 16897
29 16898
29 16900
29 16902
29 16908
29 16913
29 16922
29 16925
29 16929
29 16931
29 16932
29 16939
29 16942
29 16944
29 16946
29 16947
29 16954
29 16962
29 16964
29 16973
29 16984
29 16987
29 16988
29 16990
29 16992
29 16993
29 16994
29 16996
29 16997
29 17004
29 17009
29 17035
29 17038
29 17040
29 17047
29 17060
29 17062
29 17068
29 17069
29 17070
29 17074
29 17076
29 17086
29 17087
29 17091
29 17094
29 17097
29 17099
29 17103
29 17105
29 17106
29 17107
29 17108
29 17112
29 17113
29 17115
29 17124
29 17126
29 17128
29 17129
29 17131
29 17132
29 17133
29 17136
29 17138
29 17144
29 17147
29 17148
29 17151
29 17154
29 17155
29 17157
29 17160
29 17170
29 17173
29 17176
29 17177
29 17179
29 17181
29 17182
29 17183
29 17185
29 17188
29 17190
29 17192
29 17194
29 17200
29 17202
29 17204
29 17209
29 17210
29 17215
29 17216
29 17219
29 17221
29 17227
29 17230
29 17231
29 17233
29 17235
29 17237
29 17240
29 17242
29 17248
29 17251
29 17255
29 17257
29 17260
29 17262
29 17271
29 17274
29 17276
29 17278
29 17280
29 17282
29 17284
29 17288
29 17289
29 17290
29 17292
29 17294
29 17302
29 17305
29 17312
29 17329
29 17335
29 17336
29 17345
29 17347
29 17355
29 17358
29 17360
29 17362
29 17364
29 17366
29 17371
29 17374
29 17376
29 17378
29 17379
29 17380
29 17383
29 17385
29 17387
29 17389
29 17391
29 17393
29 17398
29 17399
29 17401
29 17402
29 17403
29 17407
29 17414
29 17417
29 17419
29 17421
29 17422
29 17424
29 17430
29 17431
29 17432
29 17434
29 17435
29 17436
29 17437
29 17438
29 17440
29 17441
29 17442
29 17443
29 17444
29 17445
29 17446
29 17449
29 17450
29 17452
29 17454
29 17456
29 17457
29 17458
29 17459
29 17460
29 17461
29 17466
29 17467
29 17468
29 17469
29 17470
29 17471
29 17475
29 17480
29 17481
29 17483
29 17486
29 17487
29 17488
29 17490
29 17495
29 17496
29 17499
29 17500
29 17503
29 17508
29 17509
29 17510
29 17512
29 17513
29 17514
29 17515
29 17519
29 17520
29 17525
29 17528
29 17529
29 17535
29 17536
29 17537
29 17539
29 17543
29 17545
29 17547
29 17548
29 17549
29 17550
29 17552
29 17558
29 17561
29 17564
29 17566
29 17567
29 17568
29 17569
29 17577
29 17579
29 17580
29 17582
29 17583
29 17585
29 17587
29 17589
29 17592
29 17594
29 17595
29 17596
29 17598
29 17599
29 17603
29 17604
29 17607
29 17608
29 17610
29 17611
29 17612
29 17614
29 17615
29 17617
29 17618
29 17619
29 17621
29 17622
29 17625
29 17628
29 17629
29 17632
29 17637
29 17638
29 17643
29 17656
29 17657
29 17662
29 17663
29 17664
29 17665
29 17668
29 17673
29 17678
29 17681
29 17682
29 17683
29 17684
29 17685
29 17688
29 17697
29 17704
29 17706
29 17710
29 17711
29 17712
29 17716
29 17717
29 17727
29 17733
29 17734
29 17736
29 17737
29 17738
29 17746
29 17757
29 17758
29 17761
29 17762
29 17763
29 17772
29 17773
29 17775
29 17778
29 17785
29 17791
29 17805
29 17808
29 17839
29 17846
29 17848
29 17850
29 17851
29 17852
29 17853
29 17854
29 17858
29 17874
29 17881
29 17891
29 17895
29 17898
29 17911
29 17912
29 17913
29 17914
29 17915
29 17916
29 17919
29 17922
29 17923
29 17926
29 17941
29 17966
29 17976
29 17980
29 17987
29 17990
29 17992
29 17995
29 17998
29 18000
29 18012
29 18015
29 18017
29 18018
29 18031
29 18034
29 18037
29 18044
29 18045
29 18062
29 18070
29 18072
29 18088
29 18096
29 18100
29 18101
29 18103
29 18106
29 18108
29 18109
29 18110
29 18114
29 18115
29 18121
29 18133
29 18134
29 18160
29 18167
29 18177
29 18178
29 18182
29 18183
29 18184
29 18185
29 18186
29 18187
29 18190
29 18199
29 18202
29 18206
29 18207
29 18212
29 18218
29 18235
29 18240
29 18243
29 18245
29 18250
29 18252
29 18256
29 18258
29 18260
29 18261
29 18263
29 18265
29 18267
29 18269
29 18286
29 18298
29 18317
29 18319
29 18321
29 18323
29 18326
29 18334
29 18347
29 18349
29 18368
29 18381
29 18384
29 18386
29 18388
29 18390
29 18397
29 18401
29 18425
29 18434
29 18435
29 18440
29 18449
29 18450
29 18451
29 18452
29 18453
29 18458
29 18461
29 18465
29 18468
29 18471
29 18475
29 18479
29 18484
29 18486
29 18487
29 18489
29 18494
29 18495
29 18496
29 18498
29 18499
29 18502
29 18508
29 18516
29 18522
29 18524
29 18526
29 18527
29 18529
29 18531
29 18533
29 18534
29 18535
29 18551
29 18554
29 18556
29 18561
29 18562
29 18563
29 18568
29 18569
29 18579
29 18583
29 18584
29 18585
29 18586
29 18587
29 18590
29 18601
29 18603
29 18604
29 18605
29 18606
29 18607
29 18608
29 18614
29 18635
29 18636
29 18640
29 18648
29 18653
29 18659
29 18665
29 18666
29 18667
29 18668
29 18670
29 18671
29 18673
29 18675
29 18676
29 18677
29 18678
29 18679
29 18683
29 18684
29 18685
29 18689
29 18695
29 18700
29 18706
29 18708
29 18710
29 18719
29 18721
29 18725
29 18728
29 18731
29 18734
29 18738
29 18741
29 18743
29 18745
29 18747
29 18749
29 18755
29 18770
29 18771
29 18772
29 18773
29 18774
29 18791
29 18793
29 18806
29 18844
29 18849
29 18851
29 18854
29 18856
29 18858
29 18861
29 18862
29 18863
29 18877
29 18903
29 18905
29 18911
29 18922
29 18923
29 18924
29 18925
29 18926
29 18927
29 18928
29 18929
29 18932
29 18933
29 18937
29 18941
29 18942
29 18945
29 18947
29 18953
29 18955
29 18956
29 18957
29 18958
29 18960
29 18962
29 18965
29 18966
29 18967
29 18968
29 18969
29 18970
29 18971
29 18975
29 18977
29 18978
29 18979
29 18983
29 18986
29 18987
29 18991
29 19003
29 19022
29 19023
29 19024
29 19025
29 19031
29 19032
29 19034
29 19040
29 19042
29 19043
29 19048
29 19051
29 19055
29 19075
29 19081
29 19089
29 19091
29 19099
29 19106
29 19107
29 19108
29 19113
29 19115
29 19117
29 19119
29 19121
29 19130
29 19131
29 19133
29 19134
29 19138
29 19141
29 19146
29 19149
29 19151
29 19153
29 19154
29 19155
29 19157
29 19158
29 19159
29 19160
29 19164
29 19165
29 19166
29 19167
29 19169
29 19170
29 19171
29 19172
29 19173
29 19175
29 19176
29 19179
29 19185
29 19186
29 19187
29 19188
29 19189
29 19190
29 19191
29 19192
29 19193
29 19194
29 19195
29 19196
29 19197
29 19198
29 19199
29 19203
29 19204
29 19206
29 19208
29 19209
29 19211
29 19214
29 19215
29 19216
29 19217
29 19219
29 19220
29 19223
29 19224
29 19225
29 19226
29 19229
29 19236
29 19238
29 19239
29 19242
29 19244
29 19245
29 19250
29 19252
29 19256
29 19258
29 19260
29 19265
29 19268
29 19271
29 19276
29 19278
29 19280
29 19282
29 19283
29 19285
29 19290
29 19291
29 19293
29 19294
29 19295
29 19296
29 19298
29 19306
29 19308
29 19309
29 19314
29 19315
29 19316
29 19317
29 19318
29 19319
29 19320
29 19323
29 19324
29 19325
29 19326
29 19338
29 19339
29 19342
29 19343
29 19347
29 19351
29 19352
29 19353
29 19355
29 19357
29 19360
29 19364
29 19366
29 19369
29 19375
29 19378
29 19391
29 19392
29 19403
29 19407
29 19409
29 19411
29 19414
29 19415
29 19417
29 19418
29 19424
29 19425
29 19429
29 19432
29 19435
29 19436
29 19441
29 19444
29 19446
29 19447
29 19450
29 19466
29 19468
29 19470
29 19475
29 19476
29 19483
29 19485
29 19503
29 19504
29 19509
29 19519
29 19522
29 19543
29 19548
29 19549
29 19556
29 19558
29 19575
29 19578
29 19585
29 19589
29 19599
29 19611
29 19614
29 19618
29 19620
29 19624
29 19627
29 19628
29 19638
29 19646
29 19655
29 19658
29 19666
29 19668
29 19670
29 19675
29 19680
29 19684
29 19685
29 19688
29 19693
29 19704
29 19707
29 19714
29 19717
29 19722
29 19723
29 19724
29 19725
29 19726
29 19729
29 19730
29 19731
29 19732
29 19734
29 19735
29 19739
29 19742
29 19749
29 19751
29 19753
29 19755
29 19756
29 19757
29 19758
29 19786
29 19787
29 19788
29 19791
29 19792
29 19798
29 19799
29 19813
29 19820
29 19822
29 19831
29 19835
29 19857
29 19863
29 19865
29 19867
29 19869
29 19872
29 19873
29 19875
29 19876
29 19878
29 19879
29 19882
29 19884
29 19886
29 19890
29 19895
29 19897
29 19908
29 19909
29 19911
29 19913
29 19915
29 19918
29 19920
29 19924
29 19926
29 19927
29 19930
29 19931
29 19932
29 19933
29 19939
29 19941
29 19948
29 19952
29 19957
29 19958
29 19959
29 19960
29 19961
29 19962
29 19963
29 19967
29 19968
29 19969
29 19971
29 19974
29 19980
29 19982
29 19984
29 19989
29 19990
29 19991
29 19993
29 20005
29 20006
29 20011
29 20013
29 20014
29 20015
29 20017
29 20018
29 20021
29 20022
29 20025
29 20028
29 20030
29 20031
29 20035
29 20036
29 20038
29 20039
29 20040
29 20041
29 20042
29 20045
29 20049
29 20051
29 20055
29 20059
29 20060
29 20062
29 20066
29 20068
29 20070
29 20072
29 20075
29 20077
29 20079
29 20082
29 20085
29 20086
29 20087
29 20088
29 20089
29 20102
29 20103
29 20109
29 20110
29 20114
29 20117
29 20120
29 20125
29 20127
29 20135
29 20137
29 20140
29 20143
29 20144
29 20145
29 20148
29 20150
29 20151
29 20152
29 20155
29 20161
29 20164
29 20167
29 20170
29 20172
29 20173
29 20174
29 20177
29 20178
29 20188
29 20190
29 20194
29 20195
29 20199
29 20201
29 20202
29 20204
29 20210
29 20213
29 20220
29 20221
29 20228
29 20230
29 20234
29 20236
29 20237
29 20239
29 20240
29 20241
29 20242
29 20244
29 20245
29 20247
29 20251
29 20273
29 20274
29 20277
29 20278
29 20279
29 20283
29 20285
29 20286
29 20287
29 20292
29 20295
29 20297
29 20299
29 20300
29 20305
29 20306
29 20307
29 20308
29 20309
29 20310
29 20311
29 20312
29 20313
29 20314
29 20315
29 20318
29 20319
29 20320
29 20321
29 20322
29 20323
29 20324
29 20326
29 20328
29 20329
29 20330
29 20331
29 20332
29 20334
29 20337
29 20340
29 20342
29 20344
29 20346
29 20347
29 20348
29 20350
29 20352
29 20356
29 20358
29 20361
29 20365
29 20368
29 20372
29 20385
29 20386
29 20390
29 20396
29 20399
29 20402
29 20404
29 20405
29 20408
29 20409
29 20416
29 20426
29 20428
29 20430
29 20431
29 20432
29 20437
29 20439
29 20441
29 20443
29 20446
29 20456
29 20457
29 20459
29 20462
29 20488
29 20491
29 20496
29 20500
29 20506
29 20508
29 20515
29 20516
29 20517
29 20519
29 20526
29 20531
29 20532
29 20535
29 20537
29 20538
29 20568
29 20569
29 20579
29 20582
29 20584
29 20585
29 20590
29 20592
29 20595
29 20598
29 20603
29 20607
29 20609
29 20611
29 20617
29 20618
29 20626
29 20629
29 20633
29 20635
29 20637
29 20641
29 20643
29 20648
29 20655
29 20670
29 20671
29 20686
29 20688
29 20690
29 20692
29 20695
29 20696
29 20697
29 20698
29 20699
29 20701
29 20702
29 20708
29 20711
29 20712
29 20714
29 20716
29 20719
29 20720
29 20722
29 20736
29 20751
29 20762
29 20764
29 20769
29 20777
29 20778
29 20780
29 20793
29 20798
29 20802
29 20808
29 20813
29 20820
29 20823
29 20826
29 20827
29 20832
29 20834
29 20845
29 20846
29 20852
29 20853
29 20856
29 20864
29 20871
29 20874
29 20876
29 20878
29 20879
29 20881
29 20882
29 20885
29 20891
29 20893
29 20894
29 20897
29 20900
29 20901
29 20904
29 20912
29 20913
29 20918
29 20921
29 20935
29 20936
29 20938
29 20943
29 20957
29 20961
29 20973
29 20976
29 21015
29 21018
29 21026
29 21035
29 21037
29 21043
29 21051
29 21069
29 21070
29 21071
29 21076
29 21079
29 21081
29 21089
29 21102
29 21103
29 21107
29 21114
29 21116
29 21123
29 21124
29 21125
29 21132
29 21137
29 21145
29 21156
29 21167
29 21182
29 21183
29 21187
29 21196
29 21203
29 21207
29 21213
29 21218
29 21222
29 21223
29 21229
29 21236
29 21246
29 21250
29 21251
29 21252
29 21258
29 21274
29 21277
29 21278
29 21298
29 21302
29 21315
29 21318
29 21321
29 21323
29 21335
29 21339
29 21341
29 21343
29 21347
29 21349
29 21351
29 21353
29 21356
29 21359
29 21361
29 21362
29 21365
29 21367
29 21369
29 21371
29 21374
29 21375
29 21381
29 21387
29 21388
29 21390
29 21391
29 21395
29 21397
29 21398
29 21404
29 21407
29 21411
29 21413
29 21415
29 21417
29 21423
29 21425
29 21426
29 21427
29 21428
29 21431
29 21432
29 21434
29 21436
29 21437
29 21438
29 21439
29 21440
29 21441
29 21442
29 21446
29 21447
29 21449
29 21454
29 21458
29 21459
29 21463
29 21464
29 21466
29 21467
29 21468
29 21470
29 21471
29 21474
29 21477
29 21480
29 21481
29 21485
29 21487
29 21489
29 21493
29 21499
29 21502
29 21504
29 21505
29 21520
29 21523
29 21525
29 21526
29 21527
29 21529
29 21530
29 21532
29 21535
29 21537
29 21539
29 21540
29 21541
29 21543
29 21544
29 21546
29 21552
29 21553
29 21554
29 21558
29 21560
29 21565
29 21567
29 21569
29 21571
29 21573
29 21578
29 21583
29 21603
29 21604
29 21608
29 21610
29 21611
29 21622
29 21627
29 21634
29 21656
29 21666
29 21668
29 21670
29 21671
29 21672
29 21697
29 21698
29 21699
29 21700
29 21707
29 21709
29 21712
29 21718
29 21730
29 21732
29 21738
29 21740
29 21741
29 21742
29 21744
29 21747
29 21749
29 21751
29 21754
29 21755
29 21757
29 21759
29 21761
29 21766
29 21767
29 21769
29 21775
29 21776
29 21777
29 21778
29 21779
29 21780
29 21784
29 21787
29 21791
29 21794
29 21796
29 21801
29 21802
29 21804
29 21806
29 21807
29 21810
29 21813
29 21856
29 21857
29 21858
29 21874
29 21877
29 21895
29 21903
29 21904
29 21905
29 21908
29 21909
29 21911
29 21915
29 21919
29 21921
29 21922
29 21925
29 21931
29 21932
29 21933
29 21936
29 21937
29 21940
29 21941
29 21943
29 21945
29 21946
29 21950
29 21954
29 21955
29 21957
29 21958
29 21961
29 21976
29 21977
29 21983
29 21986
29 21988
29 21990
29 21993
29 22007
29 22011
29 22030
29 22032
29 22036
29 22048
29 22054
29 22062
29 22064
29 22067
29 22069
29 22180
29 22203
29 22204
29 22207
29 22209
29 22214
29 22228
29 22229
29 22231
29 22242
29 22258
29 22264
29 22265
29 22267
29 22272
29 22273
29 22274
29 22279
29 22282
29 22288
29 22292
29 22298
29 22302
29 22313
29 22317
29 22318
29 22319
29 22320
29 22322
29 22323
29 22324
29 22325
29 22326
29 22328
29 22333
29 22339
29 22340
29 22341
29 22342
29 22348
29 22354
29 22359
29 22362
29 22366
29 22375
29 22393
29 22395
29 22400
29 22401
29 22402
29 22403
29 22404
29 22408
29 22416
29 22418
29 22419
29 22420
29 22421
29 22429
29 22430
29 22432
29 22438
29 22439
29 22440
29 22444
29 22446
29 22449
29 22450
29 22454
29 22455
29 22456
29 22458
29 22459
29 22460
29 22461
29 22464
29 22465
29 22466
29 22468
29 22472
29 22484
29 22486
29 22492
29 22497
29 22501
29 22502
29 22508
29 22515
29 22519
29 22524
29 22526
29 22528
29 22529
29 22539
29 22565
29 22566
29 22572
29 22573
29 22576
29 22577
29 22603
29 22608
29 22612
29 22619
29 22622
29 22624
29 22642
29 22645
29 22663
29 22665
29 22668
29 22670
29 22671
29 22682
29 22684
29 22690
29 22695
29 22700
29 22715
29 22716
29 22725
29 22730
29 22737
29 22739
29 22741
29 22744
29 22748
29 22749
29 22753
29 22755
29 22759
29 22764
29 22766
29 22770
29 22771
29 22772
29 22773
29 22774
29 22775
29 22776
29 22777
29 22778
29 22779
29 22780
29 22781
29 22782
29 22783
29 22784
29 22785
29 22790
29 22791
29 22793
29 22797
29 22798
29 22800
29 22803
29 22805
29 22806
29 22807
29 22808
29 22810
29 22811
29 22814
29 22816
29 22820
29 22823
29 22824
29 22831
29 22855
29 22856
29 22863
29 22865
29 22866
29 22876
29 22879
29 22880
29 22891
29 22893
29 22896
29 22909
29 22914
29 22915
29 22974
29 22983
29 23102
29 23104
29 23105
29 23107
29 23113
29 23114
29 23117
29 23147
29 23162
29 23163
29 23164
29 23165
29 23166
29 23168
29 23171
29 23172
29 23179
29 23182
29 23183
29 23186
29 23187
29 23189
29 23190
29 23192
29 23195
29 23200
29 23203
29 23207
29 23209
29 23210
29 23216
29 23220
29 23224
29 23225
29 23236
29 23246
29 23250
29 23255
29 23262
29 23265
29 23269
29 23281
29 23285
29 23287
29 23291
29 23292
29 23295
29 23298
29 23309
29 23313
29 23314
29 23315
29 23317
29 23318
29 23321
29 23322
29 23325
29 23326
29 23332
29 23333
29 23337
29 23338
29 23339
29 23340
29 23345
29 23346
29 23347
29 23352
29 23353
29 23357
29 23358
29 23359
29 23362
29 23366
29 23368
29 23369
29 23371
29 23373
29 23376
29 23377
29 23380
29 23385
29 23388
29 23389
29 23394
29 23395
29 23397
29 23399
29 23400
29 23403
29 23405
29 23407
29 23408
29 23409
29 23410
29 23412
29 23417
29 23418
29 23421
29 23423
29 23426
29 23427
29 23428
29 23431
29 23433
29 23435
29 23437
29 23441
29 23443
29 23444
29 23445
29 23446
29 23447
29 23449
29 23450
29 23453
29 23454
29 23458
29 23461
29 23462
29 23463
29 23464
29 23465
29 23466
29 23467
29 23468
29 23469
29 23470
29 23471
29 23472
29 23474
29 23475
29 23476
29 23477
29 23478
29 23479
29 23480
29 23481
29 23482
29 23484
29 23485
29 23486
29 23489
29 23490
29 23491
29 23492
29 23493
29 23495
29 23496
29 23497
29 23498
29 23499
29 23500
29 23501
29 23503
29 23504
29 23505
29 23506
29 23507
29 23510
29 23511
29 23512
29 23513
29 23514
29 23515
29 23516
29 23517
29 23518
29 23520
29 23521
29 23522
29 23523
29 23525
29 23526
29 23527
29 23528
29 23529
29 23530
29 23531
29 23532
29 23533
29 23534
29 23535
29 23536
29 23537
29 23539
29 23540
29 23541
29 23542
29 23548
29 23551
29 23552
29 23553
29 23555
29 23556
29 23557
29 23558
29 23560
29 23561
29 23564
29 23565
29 23567
29 23568
29 23569
29 23570
29 23571
29 23578
29 23581
29 23582
29 23585
29 23593
29 23594
29 23598
29 23599
29 23600
29 23601
29 23603
29 23605
29 23606
29 23610
29 23613
29 23616
29 23618
29 23619
29 23620
29 23622
29 23623
29 23624
29 23625
29 23632
29 23634
29 23635
29 23636
29 23640
29 23641
29 23642
29 23643
29 23644
29 23645
29 23648
29 23659
29 23661
29 23662
29 23667
29 23669
29 23674
29 23684
29 23690
29 23693
29 23695
29 23696
29 23697
29 23698
29 23703
29 23707
29 23709
29 23710
29 23713
29 23714
29 23715
29 23716
29 23719
29 23721
29 23724
29 23725
29 23727
29 23728
29 23729
29 23730
29 23731
29 23735
29 23736
29 23737
29 23738
29 23740
29 23741
29 23742
29 23743
29 23744
29 23746
29 23748
29 23749
29 23751
29 23752
29 23754
29 23755
29 23759
29 23762
29 23763
29 23767
29 23768
29 23770
29 23771
29 23772
29 23773
29 23774
29 23775
29 23777
29 23780
29 23781
29 23782
29 23783
29 23785
29 23786
29 23788
29 23789
29 23791
29 23792
29 23794
29 23795
29 23796
29 23797
29 23798
29 23802
29 23805
29 23806
29 23807
29 23812
29 23814
29 23817
29 23818
29 23821
29 23822
29 23824
29 23825
29 23826
29 23827
29 23828
29 23829
29 23830
29 23831
29 23832
29 23833
29 23835
29 23844
29 23848
29 23850
29 23851
29 23854
29 23856
29 23858
29 23859
29 23860
29 23861
29 23871
29 23873
29 23876
29 23877
29 23882
29 23883
29 23887
29 23892
29 23893
29 23894
29 23902
29 23912
29 23922
29 23924
29 23926
29 23927
29 23931
29 23932
29 23933
29 23934
29 23938
29 23940
29 23944
29 23947
29 23951
29 23954
29 23955
29 23957
29 23961
29 23962
29 23965
29 23967
29 23969
29 23971
29 23974
29 23985
29 23986
29 23991
29 23999
29 24004
29 24005
29 24008
29 24013
29 24015
29 24024
29 24027
29 24035
29 24037
29 24042
29 24045
29 24050
29 24052
29 24056
29 24057
29 24058
29 24062
29 24063
29 24065
29 24071
29 24075
29 24082
29 24094
29 24102
29 24103
29 24104
29 24105
29 24112
29 24113
29 24114
29 24115
29 24117
29 24118
29 24124
29 24125
29 24129
29 24130
29 24136
29 24137
29 24143
29 24147
29 24149
29 24153
29 24154
29 24155
29 24156
29 24166
29 24167
29 24169
29 24170
29 24172
29 24174
29 24179
29 24180
29 24181
29 24188
29 24190
29 24191
29 24193
29 24195
29 24196
29 24197
29 24202
29 24204
29 24205
29 24207
29 24208
29 24209
29 24211
29 24215
29 24216
29 24217
29 24218
29 24219
29 24225
29 24228
29 24229
29 24231
29 24240
29 24244
29 24248
29 24251
29 24252
29 24253
29 24255
29 24257
29 24261
29 24267
29 24271
29 24273
29 24276
29 24277
29 24280
29 24286
29 24287
29 24291
29 24300
29 24302
29 24303
29 24304
29 24305
29 24306
29 24307
29 24308
29 24309
29 24310
29 24311
29 24316
29 24317
29 24321
29 24323
29 24337
29 24338
29 24339
29 24344
29 24348
29 24351
29 24352
29 24353
29 24356
29 24357
29 24382
29 24383
29 24384
29 24390
29 24392
29 24394
29 24395
29 24408
29 24410
29 24411
29 24413
29 24415
29 24417
29 24422
29 24424
29 24426
29 24427
29 24428
29 24430
29 24434
29 24435
29 24436
29 24437
29 24438
29 24439
29 24440
29 24444
29 24445
29 24448
29 24449
29 24450
29 24453
29 24456
29 24457
29 24458
29 24461
29 24462
29 24463
29 24471
29 24483
29 24499
29 24503
29 24514
29 24532
29 24539
29 24546
29 24549
29 24550
29 24551
29 24556
29 24571
29 24579
29 24582
29 24583
29 24584
29 24586
29 24587
29 24590
29 24592
29 24593
29 24595
29 24596
29 24597
29 24598
29 24602
29 24603
29 24604
29 24605
29 24606
29 24613
29 24615
29 24620
29 24623
29 24624
29 24625
29 24627
29 24628
29 24632
29 24635
29 24637
29 24639
29 24647
29 24657
29 24662
29 24663
29 24665
29 24666
29 24670
29 24672
29 24674
29 24675
29 24679
29 24680
29 24681
29 24682
29 24683
29 24684
29 24685
29 24689
29 24697
29 24701
29 24704
29 24705
29 24706
29 24707
29 24708
29 24709
29 24715
29 24718
29 24719
29 24720
29 24724
29 24726
29 24730
29 24732
29 24738
29 24743
29 24745
29 24748
29 24751
29 24752
29 24753
29 24756
29 24760
29 24763
29 24765
29 24772
29 24774
29 24785
29 24786
29 24787
29 24789
29 24790
29 24791
29 24794
29 24795
29 24796
29 24799
29 24801
29 24802
29 24804
29 24815
29 24821
29 24829
29 24830
29 24837
29 24841
29 24842
29 24844
29 24846
29 24851
29 24854
29 24856
29 24857
29 24862
29 24864
29 24871
29 24875
29 24876
29 24878
29 24879
29 24893
29 24895
29 24898
29 24899
29 24900
29 24901
29 24902
29 24903
29 24906
29 24907
29 24908
29 24909
29 24910
29 24911
29 24922
29 24923
29 24927
29 24929
29 24931
29 24933
29 24935
29 24936
29 24937
29 24942
29 24944
29 24952
29 24953
29 24958
29 24961
29 24962
29 24963
29 24964
29 24967
29 24970
29 24972
29 24975
29 24977
29 24981
29 24983
29 24987
29 24992
29 24994
29 24995
29 24996
29 24999
29 25000
29 25003
29 25006
29 25007
29 25009
29 25010
29 25011
29 25012
29 25013
29 25014
29 25015
29 25019
29 25020
29 25021
29 25023
29 25024
29 25029
29 25032
29 25033
29 25034
29 25036
29 25040
29 25041
29 25044
29 25047
29 25048
29 25053
29 25054
29 25063
29 25065
29 25068
29 25070
29 25071
29 25076
29 25077
29 25080
29 25081
29 25082
29 25083
29 25086
29 25089
29 25091
29 25097
29 25101
29 25105
29 25113
29 25114
29 25116
29 25125
29 25131
29 25132
29 25133
29 25135
29 25136
29 25139
29 25140
29 25141
29 25143
29 25151
29 25153
29 25156
29 25157
29 25161
29 25162
29 25166
29 25168
29 25170
29 25173
29 25174
29 25176
29 25177
29 25178
29 25180
29 25184
29 25185
29 25186
29 25188
29 25192
29 25194
29 25197
29 25199
29 25200
29 25203
29 25204
29 25206
29 25210
29 25211
29 25215
29 25224
29 25229
29 25232
29 25233
29 25234
29 25236
29 25237
29 25238
29 25239
29 25241
29 25243
29 25245
29 25246
29 25248
29 25249
29 25250
29 25251
29 25254
29 25255
29 25259
29 25261
29 25262
29 25264
29 25265
29 25266
29 25268
29 25269
29 25272
29 25276
29 25277
29 25279
29 25284
29 25286
29 25288
29 25295
29 25297
29 25300
29 25301
29 25302
29 25304
29 25305
29 25306
29 25307
29 25312
29 25313
29 25317
29 25320
29 25322
29 25328
29 25330
29 25332
29 25333
29 25335
29 25341
29 25346
29 25349
29 25352
29 25356
29 25357
29 25358
29 25362
29 25363
29 25365
29 25367
29 25368
29 25371
29 25374
29 25375
29 25382
29 25383
29 25384
29 25385
29 25387
29 25389
29 25390
29 25392
29 25394
29 25398
29 25399
29 25405
29 25406
29 25408
29 25417
29 25420
29 25426
29 25428
29 25429
29 25431
29 25435
29 25440
29 25449
29 25453
29 25456
29 25460
29 25464
29 25465
29 25470
29 25474
29 25475
29 25477
29 25481
29 25490
29 25493
29 25496
29 25500
29 25505
29 25515
29 25537
29 25542
29 25544
29 25545
29 25551
29 25553
29 25555
29 25559
29 25560
29 25564
29 25565
29 25569
29 25572
29 25574
29 25579
29 25581
29 25583
29 25586
29 25587
29 25588
29 25592
29 25599
29 25602
29 25604
29 25605
29 25618
29 25619
29 25622
29 25632
29 25633
29 25634
29 25635
29 25637
29 25642
29 25647
29 25650
29 25653
29 25654
29 25655
29 25658
29 25659
29 25660
29 25662
29 25663
29 25672
29 25676
29 25678
29 25680
29 25682
29 25683
29 25684
29 25685
29 25688
29 25693
29 25694
29 25695
29 25697
29 25699
29 25701
29 25702
29 25705
29 25706
29 25707
29 25710
29 25711
29 25712
29 25713
29 25714
29 25715
29 25716
29 25717
29 25718
29 25719
29 25732
29 25735
29 25737
29 25738
29 25743
29 25746
29 25747
29 25749
29 25750
29 25751
29 25754
29 25756
29 25761
29 25768
29 25770
29 25774
29 25776
29 25777
29 25779
29 25783
29 25784
29 25785
29 25788
29 25789
29 25794
29 25797
29 25798
29 25800
29 25822
29 25823
29 25825
29 25826
29 25832
29 25833
29 25835
29 25836
29 25838
29 25842
29 25843
29 25844
29 25845
29 25846
29 25847
29 25862
29 25870
29 25871
29 25872
29 25873
29 25875
29 25877
29 25878
29 25879
29 25881
29 25884
29 25885
29 25886
29 25889
29 25892
29 25897
29 25903
29 25905
29 25910
29 25912
29 25913
29 25914
29 25915
29 25921
29 25928
29 25934
29 25937
29 25939
29 25941
29 25944
29 25947
29 25950
29 25954
29 25955
29 25958
29 25961
29 25969
29 25972
29 25978
29 25981
29 25991
29 25997
29 25998
29 26000
29 26001
29 26002
29 26003
29 26008
29 26009
29 26013
29 26017
29 26019
29 26027
29 26037
29 26042
29 26043
29 26044
29 26045
29 26048
29 26050
29 26054
29 26055
29 26057
29 26065
29 26066
29 26071
29 26073
29 26076
29 26082
29 26086
29 26099
29 26106
29 26107
29 26108
29 26109
29 26116
29 26117
29 26121
29 26122
29 26124
29 26126
29 26128
29 26129
29 26130
29 26136
29 26143
29 26144
29 26149
29 26150
29 26158
29 26162
29 26163
29 26165
29 26166
29 26167
29 26169
29 26172
29 26177
29 26188
29 26197
29 26203
29 26207
29 26209
29 26212
29 26213
29 26214
29 26216
29 26217
29 26218
29 26219
29 26220
29 26238
29 26250
29 26264
29 26268
29 26271
29 26275
29 26299
29 26318
29 26324
29 26329
29 26330
29 26335
29 26360
29 26368
29 26371
29 26375
29 26397
29 26398
29 26399
29 26405
29 26406
29 26412
29 26431
29 26435
29 26436
29 26460
29 26473
29 26480
29 26481
29 26484
29 26488
29 26495
29 26502
29 26503
29 26507
29 26517
29 26518
29 26529
29 26531
29 26534
29 26535
29 26540
29 26541
29 26545
29 26546
29 26549
29 26551
29 26553
29 26555
29 26557
29 26560
29 26561
29 26565
29 26566
29 26567
29 26569
29 26581
29 26583
29 26592
29 26593
29 26595
29 26596
29 26602
29 26605
29 26608
29 26611
29 26618
29 26619
29 26622
29 26626
29 26629
29 26632
29 26634
29 26637
29 26639
29 26641
29 26643
29 26646
29 26647
29 26649
29 26656
29 26661
29 26665
29 26666
29 26671
29 26672
29 26673
29 26675
29 26676
29 26680
29 26684
29 26693
29 26701
29 26708
29 26711
29 26717
29 26727
29 26729
29 26732
29 26737
29 26740
29 26745
29 26752
29 26759
29 26761
29 26762
29 26763
29 26764
29 26768
29 26771
29 26778
29 26779
29 26784
29 26790
29 26791
29 26795
29 26799
29 26807
29 26812
29 26821
29 26828
29 26834
29 26839
29 26842
29 26844
29 26849
29 26854
29 26857
29 26861
29 26867
29 26868
29 26871
29 26880
29 26887
29 26889
29 26895
29 26899
29 26901
29 26905
29 26908
29 26913
29 26914
29 26920
29 26922
29 26924
29 26926
29 26928
29 26929
29 26931
29 26933
29 26934
29 26935
29 26937
29 26939
29 26941
29 26943
29 26956
29 26959
29 26960
29 26961
29 26965
29 26967
29 26970
29 26972
29 26974
29 26975
29 26987
29 26989
29 26992
29 26993
29 26994
29 26999
29 27000
29 27001
29 27002
29 27008
29 27016
29 27018
29 27022
29 27024
29 27026
29 27031
29 27034
29 27037
29 27038
29 27040
29 27041
29 27052
29 27053
29 27057
29 27059
29 27063
29 27073
29 27076
29 27088
29 27089
29 27093
29 27094
29 27096
29 27100
29 27101
29 27103
29 27108
29 27112
29 27116
29 27125
29 27128
29 27133
29 27136
29 27140
29 27144
29 27150
29 27153
29 27155
29 27158
29 27161
29 27165
29 27171
29 27178
29 27179
29 27180
29 27183
29 27184
29 27191
29 27194
29 27196
29 27199
29 27202
29 27203
29 27205
29 27206
29 27207
29 27208
29 27210
29 27211
29 27214
29 27216
29 27220
29 27221
29 27223
29 27224
29 27232
29 27233
29 27244
29 27246
29 27249
29 27250
29 27253
29 27254
29 27255
29 27258
29 27259
29 27261
29 27264
29 27267
29 27271
29 27272
29 27273
29 27274
29 27275
29 27276
29 27279
29 27281
29 27282
29 27283
29 27285
29 27289
29 27291
29 27294
29 27296
29 27300
29 27301
29 27303
29 27306
29 27309
29 27310
29 27317
29 27319
29 27320
29 27340
29 27341
29 27342
29 27348
29 27360
29 27368
29 27371
29 27372
29 27374
29 27376
29 27378
29 27379
29 27381
29 27384
29 27386
29 27388
29 27390
29 27392
29 27394
29 27395
29 27399
29 27403
29 27424
29 27483
29 27487
29 27488
29 27497
29 27502
29 27542
29 27551
29 27555
29 27556
29 27557
29 27561
29 27562
29 27563
29 27564
29 27574
29 27607
29 27610
29 27611
29 27624
29 27626
29 27627
29 27634
29 27638
29 27643
29 27647
29 27653
29 27654
29 27655
29 27657
29 27659
29 27660
29 27662
29 27668
29 27674
29 27675
29 27678
29 27704
29 27712
29 27721
29 27722
29 27728
29 27739
29 27750
29 27753
29 27756
29 27757
29 27760
29 27762
29 27766
29 27772
29 27773
29 27774
29 27776
29 27777
29 27779
29 27780
29 27781
29 27782
29 27788
29 27791
29 27792
29 27795
29 27798
29 27804
29 27819
29 27821
29 27829
29 27831
29 27832
29 27834
29 27835
29 27838
29 27841
29 27842
29 27843
29 27845
29 27849
29 27859
29 27865
29 27870
29 27872
29 27885
29 27886
29 27887
29 27890
29 27894
29 27895
29 27896
29 27900
29 27901
29 27907
29 27909
29 27910
29 27911
29 27919
29 27922
29 27924
29 27927
29 27928
29 27929
29 27930
29 27933
29 27934
29 27935
29 27938
29 27941
29 27948
29 27957
29 27958
29 27959
29 27960
29 27966
29 27976
29 27977
29 27978
29 27980
29 27982
29 27984
29 27985
29 27986
29 27989
29 27990
29 27991
29 28000
29 28002
29 28005
29 28011
29 28014
29 28019
29 28025
29 28026
29 28031
29 28032
29 28033
29 28034
29 28035
29 28036
29 28039
29 28050
29 28053
29 28054
29 28055
29 28086
29 28088
29 28089
29 28102
29 28104
29 28106
29 28107
29 28112
29 28114
29 28115
29 28116
29 28121
29 28122
29 28123
29 28124
29 28125
29 28130
29 28150
29 28153
29 28155
29 28162
29 28163
29 28182
29 28202
29 28219
29 28225
29 28228
29 28232
29 28242
29 28247
29 28254
29 28284
29 28292
29 28315
29 28321
29 28326
29 28339
29 28343
29 28349
29 28352
29 28353
29 28367
29 28409
29 28421
29 28423
29 28471
29 28472
29 28497
29 28565
29 28579
29 28582
29 28670
29 28674
29 28749
29 28798
29 28837
29 28840
30 1
31 1
31 3
31 4
31 5
31 6
31 8
31 15
31 46
31 47
31 49
31 66
31 73
31 74
31 76
31 77
31 78
31 86
31 87
31 90
31 91
31 92
31 93
31 97
31 98
31 100
31 101
31 102
31 105
31 107
31 113
31 114
31 115
31 116
31 118
31 119
31 120
31 123
31 127
31 129
31 130
31 131
31 133
31 134
31 136
31 139
31 141
31 142
31 143
31 144
31 152
31 153
31 156
31 158
31 160
31 162
31 163
31 166
31 167
31 168
31 169
31 170
31 171
31 174
31 175
31 176
31 177
31 178
31 179
31 180
31 181
31 182
31 183
31 184
31 185
31 186
31 187
31 188
31 189
31 190
31 191
31 192
31 193
31 194
31 195
31 196
31 197
31 198
31 199
31 200
31 201
31 202
31 205
31 206
31 207
31 208
31 210
31 212
31 214
31 216
31 217
31 218
31 219
31 220
31 221
31 222
31 223
31 224
31 225
31 226
31 227
31 228
31 229
31 230
31 232
31 233
31 234
31 235
31 236
31 237
31 238
31 239
31 240
31 241
31 242
31 243
31 244
31 245
31 246
31 247
31 249
31 250
31 251
31 252
31 253
31 254
31 260
31 262
31 264
31 265
31 266
31 267
31 268
31 269
31 270
31 271
31 272
31 273
31 274
31 276
31 277
31 278
31 279
31 280
31 281
31 282
31 284
31 285
31 287
31 288
31 289
31 290
31 291
31 292
31 293
31 294
31 295
31 296
31 297
31 298
31 299
31 300
31 301
31 302
31 303
31 304
31 305
31 306
31 307
31 308
31 309
31 310
31 311
31 312
31 313
31 314
31 316
31 318
31 319
31 320
31 322
31 325
31 372
31 475
31 492
31 493
31 514
31 518
31 520
31 521
31 541
31 542
31 545
31 546
31 551
31 552
31 554
31 562
31 563
31 565
31 576
31 582
31 583
31 584
31 586
31 588
31 589
31 591
31 592
31 593
31 595
31 596
31 597
31 598
31 599
31 600
31 601
31 603
31 604
31 605
31 606
31 607
31 608
31 609
31 610
31 611
31 613
31 615
31 616
31 617
31 618
31 619
31 620
31 623
31 624
31 625
31 628
31 635
31 636
31 637
31 638
31 639
31 640
31 641
31 642
31 643
31 646
31 649
31 650
31 651
31 653
31 654
31 655
31 656
31 657
31 658
31 661
31 672
31 675
31 677
31 679
31 680
31 681
31 682
31 685
31 686
31 687
31 688
31 691
31 692
31 693
31 694
31 695
31 696
31 697
31 699
31 700
31 703
31 708
31 711
31 712
31 715
31 717
31 719
31 721
31 722
31 723
31 724
31 725
31 726
31 727
31 730
31 732
31 734
31 737
31 740
31 741
31 742
31 743
31 744
31 745
31 746
31 749
31 750
31 753
31 754
31 755
31 756
31 758
31 759
31 760
31 763
31 764
31 766
31 768
31 769
31 772
31 774
31 777
31 778
31 780
31 781
31 782
31 785
31 787
31 788
31 789
31 790
31 792
31 793
31 794
31 800
31 801
31 802
31 803
31 804
31 805
31 807
31 813
31 815
31 816
31 821
31 824
31 825
31 828
31 830
31 832
31 833
31 836
31 837
31 839
31 841
31 842
31 843
31 844
31 847
31 853
31 855
31 858
31 860
31 861
31 869
31 872
31 875
31 878
31 884
31 901
31 903
31 905
31 907
31 908
31 909
31 910
31 912
31 914
31 915
31 916
31 918
31 928
31 930
31 937
31 940
31 946
31 949
31 954
31 963
31 967
31 971
31 984
31 993
31 996
31 1000
31 1009
31 1022
31 1026
31 1028
31 1029
31 1039
31 1040
31 1041
31 1042
31 1043
31 1044
31 1045
31 1047
31 1048
31 1050
31 1053
31 1055
31 1056
31 1057
31 1062
31 1065
31 1066
31 1082
31 1085
31 1086
31 1088
31 1089
31 1090
31 1091
31 1092
31 1093
31 1094
31 1095
31 1098
31 1099
31 1101
31 1102
31 1103
31 1105
31 1106
31 1108
31 1110
31 1112
31 1116
31 1124
31 1125
31 1126
31 1129
31 1131
31 1133
31 1134
31 1136
31 1137
31 1138
31 1148
31 1149
31 1150
31 1151
31 1152
31 1153
31 1155
31 1156
31 1157
31 1158
31 1159
31 1160
31 1166
31 1167
31 1169
31 1170
31 1171
31 1175
31 1177
31 1179
31 1181
31 1183
31 1186
31 1188
31 1189
31 1190
31 1191
31 1194
31 1196
31 1203
31 1204
31 1206
31 1207
31 1208
31 1210
31 1211
31 1212
31 1214
31 1216
31 1217
31 1218
31 1220
31 1221
31 1222
31 1223
31 1224
31 1225
31 1227
31 1230
31 1242
31 1243
31 1244
31 1247
31 1248
31 1249
31 1250
31 1251
31 1252
31 1253
31 1258
31 1260
31 1261
31 1263
31 1265
31 1269
31 1274
31 1275
31 1277
31 1280
31 1285
31 1286
31 1302
31 1310
31 1323
31 1342
31 1356
31 1370
31 1372
31 1377
31 1380
31 1382
31 1384
31 1386
31 1387
31 1388
31 1389
31 1390
31 1400
31 1401
31 1402
31 1403
31 1404
31 1405
31 1406
31 1408
31 1410
31 1411
31 1415
31 1417
31 1418
31 1419
31 1422
31 1423
31 1424
31 1427
31 1428
31 1435
31 1451
31 1453
31 1457
31 1458
31 1459
31 1478
31 1500
31 1503
31 1507
31 1525
31 1530
31 1532
31 1533
31 1534
31 1537
31 1556
31 1558
31 1563
31 1566
31 1573
31 1576
31 1579
31 1580
31 1585
31 1596
31 1600
31 1602
31 1613
31 1623
31 1626
31 1629
31 1630
31 1634
31 1637
31 1639
31 1641
31 1646
31 1650
31 1652
31 1653
31 1658
31 1660
31 1662
31 1665
31 1669
31 1672
31 1683
31 1687
31 1692
31 1699
31 1703
31 1705
31 1706
31 1709
31 1710
31 1715
31 1718
31 1720
31 1721
31 1726
31 1735
31 1744
31 1747
31 1753
31 1757
31 1759
31 1764
31 1768
31 1775
31 1788
31 1790
31 1792
31 1794
31 1803
31 1805
31 1807
31 1814
31 1816
31 1822
31 1832
31 1833
31 1834
31 1835
31 1836
31 1837
31 1838
31 1839
31 1840
31 1841
31 1842
31 1843
31 1858
31 1860
31 1874
31 1878
31 1907
31 1912
31 1916
31 1921
31 1926
31 1929
31 1935
31 1965
31 1997
31 2008
31 2011
31 2015
31 2019
31 2027
31 2028
31 2030
31 2032
31 2035
31 2036
31 2040
31 2049
31 2051
31 2068
31 2084
31 2091
31 2094
31 2095
31 2097
31 2101
31 2102
31 2118
31 2120
31 2127
31 2137
31 2146
31 2147
31 2149
31 2153
31 2155
31 2172
31 2181
31 2185
31 2187
31 2189
31 2192
31 2215
31 2219
31 2227
31 2229
31 2230
31 2242
31 2245
31 2247
31 2248
31 2249
31 2264
31 2295
31 2306
31 2312
31 2333
31 2334
31 2337
31 2340
31 2341
31 2344
31 2350
31 2352
31 2366
31 2367
31 2369
31 2374
31 2375
31 2377
31 2379
31 2381
31 2383
31 2393
31 2394
31 2396
31 2400
31 2401
31 2402
31 2403
31 2419
31 2420
31 2426
31 2430
31 2432
31 2436
31 2437
31 2438
31 2439
31 2442
31 2444
31 2446
31 2447
31 2448
31 2449
31 2450
31 2451
31 2452
31 2453
31 2455
31 2456
31 2459
31 2461
31 2462
31 2463
31 2464
31 2466
31 2467
31 2473
31 2474
31 2476
31 2477
31 2478
31 2479
31 2480
31 2481
31 2482
31 2484
31 2485
31 2489
31 2491
31 2492
31 2493
31 2494
31 2496
31 2499
31 2501
31 2512
31 2513
31 2518
31 2521
31 2523
31 2527
31 2550
31 2552
31 2555
31 2556
31 2558
31 2561
31 2562
31 2565
31 2567
31 2568
31 2571
31 2572
31 2576
31 2579
31 2580
31 2581
31 2582
31 2583
31 2585
31 2588
31 2591
31 2593
31 2595
31 2599
31 2601
31 2604
31 2605
31 2606
31 2607
31 2609
31 2611
31 2615
31 2620
31 2625
31 2626
31 2627
31 2629
31 2630
31 2634
31 2636
31 2637
31 2649
31 2653
31 2655
31 2656
31 2657
31 2658
31 2659
31 2661
31 2669
31 2671
31 2673
31 2675
31 2677
31 2679
31 2681
31 2683
31 2685
31 2687
31 2689
31 2694
31 2696
31 2698
31 2701
31 2703
31 2705
31 2707
31 2710
31 2711
31 2715
31 2717
31 2720
31 2725
31 2728
31 2730
31 2736
31 2740
31 2741
31 2742
31 2743
31 2744
31 2745
31 2747
31 2750
31 2752
31 2754
31 2756
31 2758
31 2759
31 2761
31 2768
31 2784
31 2786
31 2787
31 2788
31 2789
31 2790
31 2791
31 2792
31 2800
31 2801
31 2802
31 2803
31 2807
31 2808
31 2812
31 2814
31 2818
31 2821
31 2822
31 2823
31 2826
31 2829
31 2839
31 2840
31 2841
31 2842
31 2843
31 2844
31 2845
31 2853
31 2854
31 2855
31 2856
31 2859
31 2860
31 2861
31 2862
31 2872
31 2873
31 2874
31 2875
31 2876
31 2877
31 2879
31 2880
31 2888
31 2890
31 2899
31 2901
31 2903
31 2907
31 2908
31 2916
31 2925
31 2936
31 2946
31 2948
31 2952
31 2954
31 2958
31 2961
31 2962
31 2970
31 2971
31 2972
31 2973
31 2976
31 2978
31 2980
31 2983
31 2984
31 2985
31 2986
31 3004
31 3006
31 3008
31 3014
31 3016
31 3018
31 3020
31 3022
31 3042
31 3050
31 3051
31 3052
31 3053
31 3054
31 3055
31 3056
31 3057
31 3058
31 3059
31 3061
31 3064
31 3077
31 3078
31 3079
31 3082
31 3083
31 3085
31 3086
31 3088
31 3089
31 3090
31 3092
31 3093
31 3108
31 3133
31 3137
31 3140
31 3142
31 3143
31 3146
31 3148
31 3149
31 3150
31 3151
31 3152
31 3159
31 3160
31 3161
31 3162
31 3163
31 3164
31 3166
31 3167
31 3183
31 3206
31 3216
31 3218
31 3220
31 3228
31 3232
31 3234
31 3236
31 3237
31 3239
31 3245
31 3246
31 3248
31 3252
31 3254
31 3257
31 3259
31 3263
31 3266
31 3268
31 3269
31 3271
31 3274
31 3275
31 3285
31 3289
31 3290
31 3291
31 3300
31 3301
31 3302
31 3306
31 3311
31 3317
31 3320
31 3329
31 3330
31 3331
31 3355
31 3357
31 3363
31 3364
31 3372
31 3375
31 3376
31 3377
31 3378
31 3382
31 3384
31 3388
31 3390
31 3395
31 3397
31 3461
31 3463
31 3464
31 3465
31 3466
31 3467
31 3468
31 3469
31 3470
31 3472
31 3473
31 3474
31 3481
31 3483
31 3486
31 3487
31 3488
31 3489
31 3490
31 3491
31 3492
31 3493
31 3494
31 3495
31 3496
31 3522
31 3524
31 3529
31 3530
31 3532
31 3533
31 3534
31 3536
31 3540
31 3542
31 3544
31 3546
31 3556
31 3561
31 3579
31 3581
31 3584
31 3588
31 3590
31 3594
31 3599
31 3602
31 3604
31 3606
31 3607
31 3610
31 3612
31 3614
31 3616
31 3620
31 3636
31 3639
31 3641
31 3643
31 3657
31 3659
31 3661
31 3662
31 3665
31 3666
31 3667
31 3702
31 3705
31 3706
31 3710
31 3720
31 3730
31 3739
31 3740
31 3741
31 3742
31 3743
31 3748
31 3749
31 3762
31 3765
31 3768
31 3769
31 3772
31 3776
31 3789
31 3807
31 3808
31 3809
31 3810
31 3851
31 3863
31 3864
31 3886
31 3888
31 3889
31 3890
31 3891
31 3892
31 3894
31 3896
31 3898
31 3900
31 3903
31 3907
31 3908
31 3909
31 3916
31 3924
31 3934
31 3935
31 3936
31 3937
31 3938
31 3939
31 3941
31 3942
31 3945
31 3946
31 3954
31 3959
31 3964
31 3972
31 3973
31 3976
31 3978
31 3986
31 3992
31 3994
31 3998
31 4003
31 4008
31 4010
31 4012
31 4013
31 4015
31 4017
31 4018
31 4019
31 4026
31 4028
31 4029
31 4031
31 4036
31 4037
31 4038
31 4039
31 4040
31 4041
31 4042
31 4046
31 4048
31 4050
31 4055
31 4058
31 4060
31 4062
31 4063
31 4066
31 4067
31 4068
31 4069
31 4077
31 4078
31 4079
31 4080
31 4082
31 4083
31 4084
31 4089
31 4091
31 4101
31 4102
31 4104
31 4105
31 4106
31 4110
31 4111
31 4116
31 4119
31 4120
31 4121
31 4123
31 4130
31 4132
31 4133
31 4135
31 4140
31 4141
31 4152
31 4159
31 4174
31 4177
31 4179
31 4197
31 4199
31 4201
31 4203
31 4204
31 4206
31 4212
31 4217
31 4220
31 4221
31 4225
31 4227
31 4228
31 4230
31 4231
31 4238
31 4246
31 4249
31 4268
31 4281
31 4282
31 4283
31 4284
31 4285
31 4286
31 4287
31 4288
31 4289
31 4290
31 4291
31 4292
31 4293
31 4294
31 4295
31 4303
31 4304
31 4306
31 4307
31 4310
31 4313
31 4317
31 4321
31 4329
31 4332
31 4333
31 4335
31 4339
31 4340
31 4341
31 4342
31 4348
31 4349
31 4385
31 4400
31 4406
31 4417
31 4436
31 4437
31 4438
31 4440
31 4442
31 4443
31 4445
31 4446
31 4455
31 4456
31 4457
31 4464
31 4467
31 4468
31 4470
31 4475
31 4484
31 4494
31 4555
31 4557
31 4595
31 4597
31 4604
31 4605
31 4606
31 4609
31 4610
31 4611
31 4612
31 4613
31 4614
31 4615
31 4616
31 4617
31 4618
31 4620
31 4637
31 4639
31 4640
31 4641
31 4642
31 4643
31 4644
31 4645
31 4659
31 4661
31 4663
31 4668
31 4749
31 4750
31 4756
31 4758
31 4772
31 4799
31 4800
31 4801
31 4802
31 4808
31 4810
31 4814
31 4815
31 4818
31 4819
31 7554
31 7602
31 7643
31 7654
31 7657
31 7663
31 7880
31 7935
31 8122
31 8293
31 8325
31 8368
31 8402
31 8462
31 8648
31 8649
31 8664
31 8691
31 8721
31 8722
31 8725
31 8727
31 8823
31 8907
31 8953
31 8967
31 9050
31 9052
31 9081
31 9084
31 9123
31 9138
31 9139
31 9163
31 9165
31 9181
31 9234
31 9246
31 9272
31 9276
31 9278
31 9356
31 9358
31 9364
31 9367
31 9406
31 9407
31 9426
31 9479
31 9480
31 9484
31 9485
31 9487
31 9488
31 9489
31 9527
31 9535
31 9550
31 9555
31 9557
31 9558
31 9559
31 9560
31 9565
31 9572
31 9573
31 9574
31 9575
31 9576
31 9579
31 9584
31 9611
31 9632
31 9736
31 9752
31 9767
31 9774
31 9792
31 9802
31 9824
31 9828
31 9831
31 9836
31 9838
31 9842
31 9843
31 9882
31 9883
31 9884
31 9899
31 9903
31 9904
31 9905
31 9914
31 9921
31 9926
31 9928
31 9929
31 9930
31 9933
31 9953
31 9955
31 9967
31 9972
31 10019
31 10036
31 10038
31 10039
31 10040
31 10043
31 10045
31 10046
31 10051
31 10105
31 10177
31 10207
31 10209
31 10295
31 10379
31 10446
31 10460
31 10476
31 14568
31 14569
31 14574
31 14623
31 14642
31 14821
31 14852
31 14855
31 14865
31 14883
31 14890
31 14935
31 14936
31 14942
31 14943
31 14947
31 14950
31 14951
31 14953
31 14956
31 14965
31 14966
31 14970
31 14972
31 14973
31 15026
31 15028
31 15029
31 15035
31 15041
31 15044
31 15048
31 15072
31 15073
31 15107
31 15110
31 15112
31 15114
31 15116
31 15250
31 15251
31 15259
31 15266
31 15285
31 15293
31 15294
31 15297
31 15301
31 15302
31 15305
31 15306
31 15373
31 15375
31 15377
31 15379
31 15381
31 15385
31 15387
31 15393
31 15418
31 15420
31 15424
31 15429
31 15432
31 15434
31 15440
31 15442
31 15461
31 15465
31 15471
31 15476
31 15478
31 15482
31 15484
31 15513
31 15517
31 15521
31 15522
31 15562
31 15577
31 15578
31 15581
31 15588
31 15684
31 15690
31 15694
31 15695
31 15699
31 15741
31 19195
31 23599
31 23659
31 23748
32 1
32 3
32 4
32 8
32 15
32 38
32 39
32 40
32 46
32 49
32 53
32 54
32 55
32 56
32 58
32 62
32 63
32 64
32 67
32 68
32 73
32 74
32 84
32 91
32 100
32 105
32 118
32 124
32 130
32 150
32 152
32 156
32 163
32 170
32 171
32 174
32 177
32 179
32 180
32 182
32 184
32 206
32 220
32 225
32 232
32 235
32 241
32 254
32 264
32 274
32 277
32 278
32 290
32 294
32 296
32 299
32 303
32 304
32 314
32 514
32 515
32 517
32 518
32 519
32 520
32 541
32 543
32 545
32 562
32 576
32 578
32 583
32 588
32 589
32 598
32 604
32 605
32 606
32 607
32 609
32 611
32 615
32 623
32 626
32 627
32 628
32 629
32 630
32 631
32 632
32 638
32 649
32 652
32 653
32 654
32 675
32 676
32 677
32 686
32 696
32 698
32 701
32 702
32 708
32 712
32 716
32 723
32 726
32 734
32 743
32 749
32 750
32 759
32 763
32 791
32 794
32 801
32 802
32 813
32 815
32 821
32 825
32 832
32 836
32 837
32 838
32 858
32 878
32 881
32 883
32 887
32 914
32 915
32 916
32 925
32 931
32 967
32 972
32 982
32 992
32 993
32 1011
32 1013
32 1014
32 1015
32 1016
32 1017
32 1018
32 1019
32 1020
32 1021
32 1024
32 1040
32 1041
32 1053
32 1059
32 1063
32 1077
32 1085
32 1096
32 1106
32 1124
32 1129
32 1146
32 1194
32 1208
32 1249
32 1321
32 1324
32 1325
32 1428
32 1435
32 1456
32 1457
32 1458
32 1459
32 1588
32 1594
32 1623
32 1626
32 1648
32 1650
32 1687
32 1703
32 1713
32 1726
32 1734
32 1775
32 1803
32 1805
32 1814
32 1822
32 1855
32 1883
32 1921
32 2011
32 2021
32 2022
32 2036
32 2044
32 2095
32 2097
32 2098
32 2118
32 2159
32 2166
32 2172
32 2264
32 2342
32 2359
32 2369
32 2389
32 2390
32 2393
32 2400
32 2420
32 2437
32 2580
32 2581
32 2598
32 2655
32 2656
32 2683
32 2690
32 2702
32 2710
32 2725
32 2728
32 2736
32 2744
32 2792
32 2812
32 2823
32 2839
32 2842
32 2907
32 2962
32 3218
32 3220
32 3221
32 3245
32 3254
32 3257
32 3266
32 3288
32 3291
32 3345
32 3467
32 3468
32 3478
32 3524
32 3536
32 3556
32 3665
32 3702
32 3710
32 3720
32 3730
32 3741
32 3742
32 3749
32 3785
32 3807
32 3816
32 3851
32 3852
32 3855
32 3867
32 3934
32 3939
32 3998
32 4017
32 4036
32 4050
32 4060
32 4084
32 4086
32 4089
32 4091
32 4107
32 4113
32 4120
32 4130
32 4132
32 4133
32 4174
32 4179
32 4226
32 4263
32 4295
32 4306
32 4340
32 4462
32 4467
32 4476
32 4749
32 4750
32 4788
32 4802
32 7537
32 7601
32 7618
32 7628
32 7632
32 7634
32 7635
32 7636
32 7643
32 7654
32 7657
32 7664
32 7681
32 7683
32 7685
32 7690
32 7691
32 7692
32 7693
32 7694
32 7697
32 7702
32 7711
32 7717
32 7718
32 7719
32 7721
32 7727
32 7728
32 7746
32 7748
32 7750
32 7755
32 7757
32 7788
32 7863
32 7864
32 7865
32 7872
32 7875
32 7880
32 7888
32 7897
32 7905
32 7917
32 7918
32 7959
32 7963
32 7971
32 7972
32 8000
32 8001
32 8002
32 8003
32 8004
32 8026
32 8044
32 8045
32 8058
32 8060
32 8061
32 8065
32 8070
32 8071
32 8072
32 8073
32 8074
32 8081
32 8097
32 8102
32 8122
32 8123
32 8124
32 8135
32 8158
32 8165
32 8172
32 8191
32 8196
32 8223
32 8237
32 8243
32 8249
32 8250
32 8261
32 8273
32 8276
32 8278
32 8279
32 8281
32 8283
32 8309
32 8313
32 8322
32 8333
32 8340
32 8341
32 8342
32 8343
32 8344
32 8346
32 8347
32 8348
32 8349
32 8350
32 8351
32 8352
32 8353
32 8354
32 8355
32 8356
32 8357
32 8359
32 8363
32 8364
32 8368
32 8374
32 8664
32 8678
32 8689
32 8691
32 8720
32 8721
32 8731
32 8744
32 8769
32 8839
32 8883
32 8903
32 8912
32 8966
32 8976
32 8982
32 8985
32 9040
32 9050
32 9053
32 9054
32 9059
32 9064
32 9065
32 9074
32 9078
32 9138
32 9236
32 9268
32 9274
32 9275
32 9281
32 9291
32 9294
32 9295
32 9297
32 9298
32 9310
32 9316
32 9332
32 9349
32 9396
32 9407
32 9419
32 9484
32 9517
32 9533
32 9550
32 9568
32 9577
32 9578
32 9611
32 9616
32 9632
32 9738
32 9756
32 9757
32 9772
32 9780
32 9781
32 9881
32 9902
32 9924
32 9980
32 9996
32 9997
32 10008
32 10036
32 10051
32 10071
32 10087
32 10094
32 10095
32 10105
32 10108
32 10111
32 10127
32 10128
32 10129
32 10136
32 10193
32 10201
32 10202
32 10224
32 10249
32 10271
32 10294
32 10298
32 10299
32 10358
32 10386
32 10389
32 10390
32 10391
32 10392
32 10401
32 10402
32 10404
32 10408
32 10409
32 10453
32 10454
32 10459
32 10461
32 10467
32 10478
32 13444
32 13587
32 13995
32 14048
32 14326
32 14540
32 14567
32 14574
32 14623
32 14624
32 14626
32 14627
32 14648
32 14650
32 14652
32 14654
32 14655
32 14656
32 14758
32 14805
32 14855
32 15026
32 15072
32 15073
32 15125
32 15246
32 15266
32 15293
32 15367
32 15370
32 15393
32 15427
32 15456
32 15476
32 15562
32 15563
32 15564
32 15565
32 15566
32 15592
32 15659
32 15660
32 15722
32 15735
32 15736
32 15739
32 15741
32 15778
32 15848
32 15943
32 15959
32 16037
32 16057
32 16059
32 16110
32 16111
32 16141
32 16163
32 16277
32 16288
32 16298
32 16299
32 16301
32 16303
32 16324
32 16360
32 16365
32 16371
32 16372
32 16375
32 16376
32 16377
32 16379
32 16394
32 16404
32 16422
32 16428
32 16445
32 16465
32 16566
32 16716
32 16717
32 16718
32 16722
32 16724
32 16745
32 16802
32 16831
32 16848
32 16973
32 16975
32 16992
32 17101
32 17128
32 17210
32 17227
32 17245
32 17247
32 17262
32 17282
32 17284
32 17303
32 17314
32 17407
32 17417
32 17419
32 17421
32 17422
32 17556
32 17565
32 17567
32 17579
32 17583
32 17585
32 17592
32 17602
32 17684
32 17733
32 17738
32 17746
32 17757
32 17761
32 17785
32 17835
32 17853
32 17881
32 17895
32 17899
32 17920
32 17950
32 17966
32 17976
32 18003
32 18004
32 18005
32 18006
32 18007
32 18008
32 18009
32 18015
32 18017
32 18078
32 18146
32 18149
32 18150
32 18153
32 18157
32 18167
32 18206
32 18334
32 18448
32 18475
32 18507
32 18551
32 18653
32 18778
32 19042
32 19113
32 19219
32 19220
32 19228
32 19235
32 19236
32 19237
32 19245
32 19256
32 19265
32 19268
32 19316
32 19323
32 19433
32 19435
32 19460
32 19468
32 19469
32 19470
32 19471
32 19473
32 19482
32 19484
32 19485
32 19486
32 19487
32 19488
32 19489
32 19491
32 19493
32 19494
32 19495
32 19503
32 19504
32 19509
32 19519
32 19526
32 19589
32 19595
32 19611
32 19617
32 19640
32 19646
32 19680
32 19784
32 19786
32 19787
32 19820
32 19882
32 19884
32 19933
32 19939
32 19941
32 19948
32 19952
32 19957
32 19962
32 19968
32 19974
32 19979
32 19980
32 19982
32 19984
32 19989
32 19991
32 20025
32 20026
32 20044
32 20055
32 20065
32 20068
32 20095
32 20110
32 20136
32 20152
32 20201
32 20204
32 20210
32 20217
32 20218
32 20219
32 20220
32 20222
32 20236
32 20248
32 20249
32 20255
32 20256
32 20257
32 20258
32 20259
32 20260
32 20261
32 20262
32 20263
32 20264
32 20265
32 20272
32 20273
32 20278
32 20281
32 20283
32 20284
32 20285
32 20290
32 20295
32 20296
32 20297
32 20298
32 20299
32 20300
32 20301
32 20315
32 20320
32 20321
32 20324
32 20325
32 20326
32 20327
32 20332
32 20335
32 20341
32 20342
32 20343
32 20344
32 20345
32 20348
32 20349
32 20350
32 20351
32 20352
32 20360
32 20361
32 20362
32 20364
32 20365
32 20366
32 20367
32 20368
32 20370
32 20371
32 20372
32 20373
32 20374
32 20385
32 20386
32 20387
32 20388
32 20389
32 20390
32 20391
32 20396
32 20397
32 20399
32 20400
32 20402
32 20403
32 20404
32 20405
32 20408
32 20409
32 20416
32 20417
32 20426
32 20427
32 20428
32 20429
32 20430
32 20431
32 20432
32 20433
32 20437
32 20438
32 20439
32 20440
32 20441
32 20442
32 20443
32 20444
32 20446
32 20457
32 20458
32 20459
32 20460
32 20500
32 20502
32 20508
32 20509
32 20510
32 20515
32 20516
32 20517
32 20518
32 20519
32 20520
32 20526
32 20527
32 20569
32 20570
32 20592
32 20593
32 20604
32 20605
32 20617
32 20618
32 20620
32 20626
32 20635
32 20636
32 20637
32 20638
32 20640
32 20641
32 20642
32 20643
32 20644
32 20670
32 20671
32 20672
32 20682
32 20683
32 20684
32 20685
32 20686
32 20687
32 20688
32 20689
32 20690
32 20691
32 20692
32 20693
32 20708
32 20709
32 20710
32 20711
32 20712
32 20714
32 20715
32 20716
32 20717
32 20718
32 20719
32 20720
32 20721
32 20722
32 20723
32 20750
32 20751
32 20752
32 20762
32 20763
32 20764
32 20765
32 20769
32 20770
32 20780
32 20781
32 20798
32 20799
32 20801
32 20802
32 20803
32 20808
32 20809
32 20810
32 20813
32 20814
32 20815
32 20823
32 20824
32 20827
32 20828
32 20829
32 20830
32 20832
32 20833
32 20834
32 20835
32 20846
32 20847
32 20853
32 20854
32 20855
32 20856
32 20857
32 20863
32 20864
32 20871
32 20872
32 20874
32 20875
32 20876
32 20877
32 20879
32 20880
32 20900
32 20901
32 20902
32 20903
32 20904
32 20942
32 20957
32 21018
32 21019
32 21043
32 21070
32 21114
32 21115
32 21116
32 21132
32 21156
32 21158
32 21164
32 21165
32 21187
32 21201
32 21207
32 21302
32 21303
32 21304
32 21322
32 21349
32 21357
32 21361
32 21425
32 21430
32 21480
32 21499
32 21502
32 21512
32 21518
32 21520
32 21530
32 21548
32 21553
32 21575
32 21576
32 21580
32 21603
32 21627
32 21634
32 21698
32 21732
32 21766
32 21810
32 21844
32 21847
32 21849
32 21886
32 21907
32 21921
32 21940
32 21964
32 21984
32 22027
32 22028
32 22069
32 22070
32 22071
32 22175
32 22178
32 22179
32 22181
32 22183
32 22188
32 22203
32 22241
32 22248
32 22272
32 22305
32 22306
32 22308
32 22318
32 22324
32 22333
32 22341
32 22418
32 22423
32 22424
32 22425
32 22426
32 22430
32 22432
32 22436
32 22437
32 22438
32 22462
32 22494
32 22495
32 22497
32 22501
32 22502
32 22509
32 22521
32 22523
32 22524
32 22525
32 22526
32 22527
32 22528
32 22538
32 22539
32 22540
32 22541
32 22543
32 22547
32 22548
32 22552
32 22553
32 22554
32 22555
32 22556
32 22557
32 22558
32 22559
32 22560
32 22561
32 22580
32 22600
32 22603
32 22612
32 22613
32 22614
32 22615
32 22620
32 22645
32 22674
32 22682
32 22700
32 22716
32 22719
32 22730
32 22759
32 22770
32 22799
32 22808
32 22820
32 22834
32 22835
32 22852
32 22855
32 22856
32 22858
32 22859
32 22863
32 22864
32 22865
32 22876
32 22877
32 22880
32 22881
32 22882
32 22883
32 22888
32 22891
32 22893
32 22901
32 22903
32 22905
32 22906
32 22908
32 22913
32 22916
32 22918
32 22919
32 22920
32 22923
32 22924
32 22925
32 22926
32 22927
32 22933
32 22934
32 22935
32 22936
32 22937
32 22938
32 22939
32 22940
32 22941
32 22942
32 22943
32 22944
32 22945
32 22946
32 22947
32 22948
32 22949
32 22950
32 22951
32 22952
32 22953
32 22954
32 22955
32 22956
32 22957
32 22958
32 22959
32 22960
32 22961
32 22962
32 22963
32 22965
32 22966
32 22967
32 22968
32 22969
32 22970
32 22976
32 22977
32 22979
32 22980
32 22981
32 22982
32 22983
32 22987
32 22988
32 22989
32 22990
32 22992
32 22993
32 22994
32 22995
32 22996
32 22997
32 22998
32 22999
32 23000
32 23002
32 23003
32 23006
32 23008
32 23011
32 23032
32 23043
32 23045
32 23099
32 23100
32 23101
32 23104
32 23105
32 23106
32 23107
32 23109
32 23111
32 23117
32 23118
32 23122
32 23123
32 23124
32 23125
32 23127
32 23129
32 23140
32 23144
32 23145
32 23146
32 23147
32 23160
32 23161
32 23164
32 23165
32 23194
32 23195
32 23196
32 23201
32 23202
32 23203
32 23204
32 23205
32 23206
32 23207
32 23208
32 23209
32 23210
32 23213
32 23214
32 23215
32 23216
32 23220
32 23225
32 23226
32 23227
32 23228
32 23229
32 23235
32 23241
32 23242
32 23247
32 23248
32 23249
32 23251
32 23252
32 23253
32 23254
32 23255
32 23256
32 23257
32 23258
32 23259
32 23260
32 23262
32 23272
32 23273
32 23274
32 23275
32 23276
32 23277
32 23287
32 23289
32 23297
32 23303
32 23307
32 23325
32 23326
32 23327
32 23328
32 23329
32 23330
32 23331
32 23333
32 23334
32 23335
32 23340
32 23345
32 23346
32 23347
32 23348
32 23349
32 23351
32 23353
32 23354
32 23355
32 23356
32 23357
32 23358
32 23360
32 23361
32 23362
32 23363
32 23364
32 23365
32 23366
32 23368
32 23370
32 23373
32 23374
32 23375
32 23377
32 23378
32 23379
32 23389
32 23399
32 23400
32 23401
32 23418
32 23423
32 23435
32 23441
32 23458
32 23459
32 23460
32 23492
32 23503
32 23504
32 23510
32 23520
32 23542
32 23543
32 23544
32 23545
32 23546
32 23553
32 23554
32 23562
32 23563
32 23568
32 23571
32 23572
32 23573
32 23574
32 23575
32 23576
32 23577
32 23578
32 23593
32 23594
32 23595
32 23599
32 23600
32 23606
32 23607
32 23608
32 23625
32 23626
32 23636
32 23637
32 23638
32 23649
32 23650
32 23651
32 23655
32 23659
32 23660
32 23662
32 23663
32 23664
32 23666
32 23667
32 23668
32 23669
32 23670
32 23671
32 23672
32 23673
32 23674
32 23683
32 23684
32 23685
32 23686
32 23698
32 23700
32 23703
32 23715
32 23716
32 23717
32 23718
32 23719
32 23725
32 23726
32 23727
32 23731
32 23748
32 23755
32 23769
32 23795
32 23810
32 23811
32 23814
32 23818
32 23837
32 23842
32 23846
32 23867
32 23871
32 23888
32 23902
32 23915
32 23916
32 23917
32 23927
32 23928
32 23929
32 23930
32 23931
32 23933
32 23937
32 23938
32 23939
32 23940
32 23941
32 23948
32 23951
32 23952
32 23954
32 23955
32 23961
32 23991
32 23992
32 23999
32 24009
32 24010
32 24011
32 24015
32 24016
32 24022
32 24023
32 24027
32 24034
32 24038
32 24058
32 24062
32 24063
32 24064
32 24065
32 24066
32 24067
32 24068
32 24074
32 24075
32 24076
32 24077
32 24080
32 24104
32 24105
32 24106
32 24107
32 24108
32 24109
32 24110
32 24112
32 24114
32 24116
32 24117
32 24118
32 24119
32 24122
32 24123
32 24128
32 24129
32 24136
32 24137
32 24140
32 24141
32 24158
32 24165
32 24175
32 24176
32 24177
32 24179
32 24180
32 24191
32 24228
32 24229
32 24230
32 24231
32 24232
32 24233
32 24234
32 24238
32 24239
32 24283
32 24300
32 24303
32 24306
32 24307
32 24309
32 24310
32 24311
32 24321
32 24329
32 24382
32 24385
32 24387
32 24499
32 24613
32 24674
32 24726
32 24729
32 24773
32 24774
32 24775
32 24785
32 24791
32 24792
32 24793
32 24794
32 24798
32 24803
32 24830
32 24890
32 24897
32 24899
32 24900
32 24905
32 24924
32 24925
32 24935
32 24952
32 25021
32 25022
32 25024
32 25025
32 25026
32 25036
32 25037
32 25038
32 25039
32 25053
32 25058
32 25059
32 25060
32 25061
32 25062
32 25083
32 25084
32 25085
32 25315
32 25458
32 25496
32 25532
32 25533
32 25534
32 25535
32 25552
32 25553
32 25564
32 25587
32 25615
32 25621
32 25622
32 25623
32 25625
32 25626
32 25627
32 25628
32 25629
32 25630
32 25633
32 25636
32 25639
32 25640
32 25654
32 25662
32 25663
32 25664
32 25677
32 25682
32 25691
32 25721
32 25749
32 25751
32 25798
32 25799
32 25832
32 25833
32 25834
32 25836
32 25837
32 25845
32 25865
32 25866
32 25868
32 25883
32 25957
32 25960
32 25969
32 25982
32 25983
32 25989
32 25991
32 25992
32 25993
32 25998
32 26004
32 26007
32 26025
32 26027
32 26028
32 26035
32 26036
32 26048
32 26069
32 26070
32 26072
32 26074
32 26078
32 26079
32 26083
32 26084
32 26085
32 26087
32 26088
32 26106
32 26140
32 26141
32 26142
32 26149
32 26298
32 26330
32 26376
32 26380
32 26405
32 26410
32 26412
32 26415
32 26416
32 26431
32 26432
32 26435
32 26436
32 26437
32 26441
32 26442
32 26443
32 26444
32 26445
32 26446
32 26453
32 26454
32 26455
32 26456
32 26457
32 26462
32 26463
32 26488
32 26496
32 26498
32 26501
32 26504
32 26505
32 26506
32 26510
32 26744
32 27017
32 27222
32 27342
32 27536
32 27537
32 27538
32 27580
32 27581
32 27585
32 27586
32 27587
32 27588
32 27589
32 27607
32 27608
32 27611
32 27627
32 27628
32 27630
32 27631
32 27741
32 27742
32 27750
32 28001
32 28960
32 28961
32 28962
33 1
33 49
33 4037
33 4038
33 4040
33 4417
33 15097
33 19815
33 19816
33 19829
33 19831
33 19835
33 19836
34 1
34 11
34 66
34 68
34 92
34 95
34 114
34 123
34 136
34 181
34 201
34 212
34 222
34 232
34 290
34 301
34 304
34 309
34 316
34 546
34 552
34 605
34 610
34 618
34 624
34 625
34 640
34 646
34 675
34 693
34 698
34 700
34 703
34 740
34 928
34 963
34 1045
34 1106
34 1142
34 1208
34 1629
34 1849
34 2036
34 2077
34 2094
34 2419
34 2448
34 2454
34 2484
34 2513
34 2521
34 2581
34 2609
34 2629
34 2859
34 2860
34 3198
34 3218
34 3372
34 3774
34 3998
34 4040
34 4204
34 4288
34 4303
34 4349
34 4406
34 4609
34 4645
34 4799
34 4818
34 8502
34 8608
34 8624
34 8639
34 8705
34 8719
34 8725
34 9333
34 9452
34 9900
34 9931
34 9984
34 14769
34 15727
34 15729
34 16382
34 16722
34 16829
34 17097
34 17385
34 17398
34 17458
34 17592
34 18015
34 18101
34 18133
34 18397
34 18695
34 18728
34 19040
34 19209
34 19226
34 19314
34 19403
34 19646
34 19732
34 19857
34 19865
34 19930
34 20221
34 20802
34 21015
34 21069
34 21196
34 21302
34 21489
34 21554
34 21922
34 21925
34 21955
34 21958
34 21961
34 21976
34 21986
34 21988
34 21993
34 22007
34 22011
34 22204
34 22214
34 23163
34 23281
34 23298
34 23309
34 23491
34 23520
34 23556
34 23661
34 23802
34 23814
34 23817
34 23851
34 23954
34 24170
34 24821
34 25036
34 25650
34 25655
34 25871
34 27049
34 27171
34 27179
34 27381
34 27497
34 27580
34 27675
34 27831
34 28101
34 28391
34 28427
35 1
36 2
36 11
36 40
36 46
36 137
36 138
36 140
36 147
36 150
36 197
36 515
36 564
36 577
36 578
36 579
36 596
36 597
36 615
36 629
36 702
36 815
36 885
36 938
36 993
36 1013
36 1320
36 1321
36 1324
36 1325
36 1733
36 2148
36 2168
36 2389
36 2390
36 2393
36 2579
36 2595
36 2925
36 3474
36 3850
36 3851
36 3852
36 3859
36 3862
36 3863
36 3864
36 3866
36 3867
36 3868
36 3869
36 3870
36 3871
36 4123
36 4128
36 4129
36 4130
36 4131
36 4134
36 9293
36 9419
37 2
37 3
37 6
37 7
37 8
37 11
37 12
37 177
37 215
37 825
37 1015
37 1280
37 1992
37 3978
37 4026
37 4456
38 2
38 4
38 6
38 7
38 8
38 11
38 177
38 215
38 825
38 1280
38 1992
38 3978
38 4026
38 4456
39 2
39 40
39 100
39 150
39 518
39 520
39 543
39 626
39 632
39 656
39 795
39 883
39 887
39 1323
39 2294
39 2295
39 2420
39 2562
39 3037
39 4089
39 4246
39 4799
39 7590
39 7591
39 7900
39 7901
39 8044
39 8122
39 8123
39 8165
39 8252
39 8283
39 8310
39 8331
39 8678
39 8744
39 8898
39 9074
39 9079
39 9085
39 9236
39 9528
39 9568
39 9577
39 9578
39 9819
39 9971
39 10105
39 14577
39 14625
39 15197
39 15838
39 16243
39 17835
39 19104
39 19133
39 19646
39 21207
39 25554
40 3
40 4
40 5
40 11
40 42
40 64
40 80
40 107
40 137
40 189
40 199
40 264
40 288
40 317
40 515
40 591
40 593
40 597
40 625
40 628
40 629
40 637
40 638
40 646
40 672
40 721
40 732
40 789
40 790
40 793
40 799
40 833
40 836
40 837
40 883
40 884
40 888
40 903
40 4121
41 3
41 8
41 40
41 46
41 620
41 626
41 815
41 963
41 976
41 1076
41 1146
42 3
42 4
42 6
42 7
42 8
42 11
42 177
42 215
42 3978
43 3
43 4
43 5
43 6
43 7
43 8
43 9
43 10
43 11
43 14
43 177
43 3978
44 3
44 5
44 6
44 11
44 177
44 825
44 1012
44 1013
44 1014
44 1015
44 1020
44 1021
44 4456
45 3
45 825
46 3
46 8
46 1011
46 1015
46 1017
46 1018
46 1020
46 1021
47 3
47 40
47 75
47 84
47 548
47 677
47 887
47 903
47 1053
47 1208
47 1303
47 1307
47 1456
47 1537
47 1675
47 1805
47 1814
47 2428
47 2913
47 3285
47 3472
47 4024
47 4104
47 4213
47 4485
47 7590
47 7689
47 7861
47 7862
47 7897
47 7903
47 7948
47 7955
47 8010
47 8045
47 8080
47 8085
47 8086
47 8087
47 8088
47 8089
47 8114
47 8115
47 8116
47 8117
47 8122
47 8266
47 8270
47 8282
47 8310
47 8725
47 8744
47 8898
47 8903
47 8978
47 9491
47 9590
47 9822
47 9879
47 9908
47 9909
47 9913
47 9932
47 9952
47 9961
47 9962
47 9978
47 9985
47 15737
47 16690
47 16836
47 17739
48 3
48 4
48 6
48 47
48 74
48 76
48 77
48 78
48 86
48 91
48 92
48 93
48 97
48 98
48 100
48 101
48 102
48 103
48 105
48 107
48 113
48 114
48 115
48 116
48 117
48 118
48 119
48 120
48 123
48 124
48 129
48 130
48 131
48 133
48 134
48 136
48 139
48 141
48 142
48 143
48 144
48 150
48 152
48 153
48 156
48 158
48 162
48 163
48 166
48 167
48 168
48 169
48 170
48 171
48 174
48 175
48 176
48 178
48 179
48 180
48 181
48 183
48 184
48 185
48 186
48 187
48 188
48 189
48 190
48 191
48 192
48 193
48 194
48 195
48 196
48 197
48 199
48 205
48 206
48 207
48 208
48 210
48 212
48 214
48 216
48 217
48 218
48 219
48 220
48 221
48 222
48 223
48 224
48 225
48 227
48 228
48 229
48 232
48 233
48 234
48 235
48 236
48 237
48 238
48 240
48 241
48 243
48 244
48 245
48 246
48 247
48 249
48 250
48 251
48 252
48 253
48 254
48 260
48 264
48 265
48 266
48 267
48 268
48 269
48 270
48 271
48 272
48 273
48 274
48 276
48 277
48 278
48 279
48 280
48 281
48 282
48 284
48 285
48 287
48 288
48 289
48 290
48 291
48 292
48 293
48 294
48 295
48 296
48 297
48 298
48 299
48 300
48 301
48 302
48 303
48 304
48 305
48 306
48 307
48 308
48 310
48 312
48 313
48 314
48 316
48 319
48 322
48 492
48 493
48 514
48 515
48 517
48 518
48 520
48 521
48 541
48 542
48 543
48 546
48 551
48 552
48 562
48 563
48 576
48 582
48 583
48 584
48 586
48 587
48 588
48 589
48 591
48 592
48 593
48 595
48 596
48 597
48 598
48 600
48 601
48 603
48 604
48 605
48 606
48 607
48 608
48 609
48 610
48 611
48 615
48 616
48 617
48 618
48 619
48 620
48 624
48 625
48 626
48 627
48 628
48 629
48 632
48 635
48 636
48 638
48 639
48 640
48 642
48 643
48 646
48 649
48 652
48 653
48 654
48 655
48 656
48 657
48 658
48 661
48 672
48 677
48 679
48 681
48 685
48 686
48 687
48 691
48 692
48 694
48 695
48 696
48 697
48 700
48 701
48 703
48 708
48 711
48 712
48 713
48 715
48 717
48 719
48 721
48 722
48 723
48 724
48 725
48 726
48 727
48 730
48 732
48 734
48 737
48 741
48 742
48 743
48 744
48 745
48 746
48 749
48 750
48 753
48 755
48 756
48 758
48 759
48 760
48 763
48 764
48 766
48 768
48 769
48 777
48 780
48 787
48 790
48 792
48 793
48 794
48 800
48 801
48 802
48 803
48 805
48 807
48 813
48 815
48 816
48 821
48 825
48 828
48 830
48 836
48 837
48 838
48 839
48 843
48 853
48 855
48 858
48 872
48 878
48 887
48 903
48 905
48 907
48 908
48 909
48 910
48 912
48 915
48 916
48 918
48 928
48 930
48 937
48 946
48 949
48 954
48 963
48 987
48 993
48 996
48 1009
48 1011
48 1013
48 1014
48 1015
48 1016
48 1020
48 1021
48 1022
48 1026
48 1028
48 1039
48 1040
48 1041
48 1042
48 1043
48 1044
48 1045
48 1046
48 1047
48 1048
48 1050
48 1053
48 1055
48 1056
48 1057
48 1059
48 1065
48 1066
48 1077
48 1082
48 1085
48 1089
48 1091
48 1092
48 1094
48 1101
48 1102
48 1106
48 1110
48 1112
48 1124
48 1134
48 1136
48 1137
48 1138
48 1142
48 1153
48 1155
48 1156
48 1157
48 1159
48 1166
48 1167
48 1169
48 1170
48 1177
48 1186
48 1188
48 1190
48 1191
48 1194
48 1196
48 1200
48 1202
48 1203
48 1206
48 1207
48 1208
48 1210
48 1214
48 1216
48 1218
48 1220
48 1221
48 1222
48 1223
48 1224
48 1225
48 1227
48 1230
48 1242
48 1243
48 1244
48 1253
48 1258
48 1260
48 1271
48 1274
48 1277
48 1280
48 1286
48 1302
48 1321
48 1323
48 1342
48 1356
48 1386
48 1387
48 1388
48 1390
48 1406
48 1408
48 1410
48 1411
48 1415
48 1417
48 1418
48 1419
48 1422
48 1424
48 1426
48 1435
48 1451
48 1453
48 1457
48 1458
48 1459
48 1478
48 1500
48 1503
48 1525
48 1530
48 1537
48 1558
48 1563
48 1566
48 1573
48 1576
48 1595
48 1596
48 1602
48 1613
48 1623
48 1626
48 1629
48 1630
48 1634
48 1637
48 1641
48 1646
48 1650
48 1658
48 1660
48 1662
48 1665
48 1668
48 1681
48 1682
48 1683
48 1687
48 1699
48 1703
48 1705
48 1709
48 1710
48 1718
48 1720
48 1721
48 1726
48 1744
48 1747
48 1753
48 1757
48 1764
48 1775
48 1788
48 1790
48 1791
48 1792
48 1794
48 1803
48 1860
48 1878
48 1912
48 1916
48 1921
48 1929
48 1935
48 1965
48 2011
48 2015
48 2019
48 2028
48 2030
48 2032
48 2036
48 2040
48 2049
48 2051
48 2068
48 2095
48 2097
48 2102
48 2118
48 2127
48 2137
48 2156
48 2172
48 2187
48 2215
48 2221
48 2222
48 2223
48 2227
48 2229
48 2230
48 2231
48 2233
48 2242
48 2245
48 2249
48 2333
48 2334
48 2341
48 2344
48 2350
48 2352
48 2367
48 2374
48 2375
48 2377
48 2381
48 2389
48 2392
48 2393
48 2394
48 2396
48 2401
48 2403
48 2419
48 2420
48 2430
48 2432
48 2437
48 2438
48 2439
48 2442
48 2444
48 2446
48 2447
48 2448
48 2449
48 2451
48 2452
48 2454
48 2455
48 2456
48 2458
48 2462
48 2463
48 2464
48 2466
48 2467
48 2473
48 2476
48 2477
48 2478
48 2480
48 2481
48 2482
48 2484
48 2485
48 2492
48 2493
48 2496
48 2499
48 2501
48 2512
48 2513
48 2518
48 2521
48 2523
48 2527
48 2550
48 2552
48 2558
48 2562
48 2565
48 2567
48 2568
48 2572
48 2576
48 2579
48 2580
48 2581
48 2583
48 2588
48 2591
48 2593
48 2595
48 2599
48 2601
48 2604
48 2605
48 2606
48 2607
48 2609
48 2611
48 2613
48 2615
48 2620
48 2626
48 2627
48 2629
48 2630
48 2634
48 2636
48 2637
48 2653
48 2656
48 2657
48 2658
48 2659
48 2669
48 2673
48 2675
48 2677
48 2679
48 2681
48 2696
48 2698
48 2701
48 2703
48 2705
48 2710
48 2711
48 2715
48 2717
48 2720
48 2728
48 2730
48 2736
48 2743
48 2744
48 2756
48 2759
48 2768
48 2784
48 2786
48 2787
48 2788
48 2789
48 2790
48 2791
48 2792
48 2800
48 2801
48 2802
48 2803
48 2808
48 2812
48 2814
48 2821
48 2823
48 2826
48 2829
48 2839
48 2840
48 2841
48 2845
48 2854
48 2862
48 2872
48 2874
48 2879
48 2888
48 2890
48 2907
48 2908
48 2916
48 2925
48 2936
48 2948
48 2952
48 2961
48 2962
48 2969
48 2971
48 2978
48 2983
48 2986
48 3004
48 3006
48 3008
48 3042
48 3050
48 3090
48 3093
48 3108
48 3112
48 3133
48 3137
48 3140
48 3141
48 3142
48 3150
48 3151
48 3189
48 3192
48 3195
48 3199
48 3216
48 3218
48 3239
48 3245
48 3252
48 3254
48 3257
48 3259
48 3266
48 3268
48 3269
48 3271
48 3274
48 3275
48 3286
48 3287
48 3288
48 3291
48 3301
48 3302
48 3306
48 3311
48 3355
48 3359
48 3378
48 3384
48 3388
48 3390
48 3397
48 3463
48 3464
48 3466
48 3467
48 3470
48 3472
48 3473
48 3474
48 3481
48 3483
48 3486
48 3487
48 3488
48 3489
48 3490
48 3491
48 3492
48 3493
48 3494
48 3495
48 3496
48 3522
48 3524
48 3529
48 3530
48 3532
48 3533
48 3534
48 3536
48 3540
48 3542
48 3544
48 3579
48 3581
48 3584
48 3588
48 3590
48 3594
48 3599
48 3602
48 3607
48 3610
48 3612
48 3614
48 3616
48 3620
48 3636
48 3639
48 3641
48 3662
48 3665
48 3666
48 3667
48 3705
48 3706
48 3710
48 3748
48 3749
48 3762
48 3765
48 3769
48 3776
48 3807
48 3808
48 3852
48 3892
48 3896
48 3900
48 3903
48 3909
48 3916
48 3924
48 3934
48 3936
48 3937
48 3939
48 3941
48 3954
48 3959
48 3964
48 3972
48 3973
48 3976
48 3978
48 3986
48 3992
48 3994
48 3998
48 4008
48 4013
48 4018
48 4019
48 4026
48 4028
48 4029
48 4031
48 4036
48 4040
48 4041
48 4042
48 4046
48 4048
48 4050
48 4056
48 4058
48 4060
48 4062
48 4063
48 4066
48 4067
48 4068
48 4079
48 4080
48 4084
48 4089
48 4091
48 4101
48 4102
48 4104
48 4106
48 4110
48 4111
48 4112
48 4113
48 4116
48 4120
48 4121
48 4130
48 4132
48 4133
48 4135
48 4140
48 4141
48 4152
48 4174
48 4177
48 4179
48 4197
48 4199
48 4201
48 4203
48 4204
48 4206
48 4212
48 4225
48 4230
48 4231
48 4238
48 4246
48 4249
48 4268
48 4281
48 4282
48 4283
48 4284
48 4286
48 4287
48 4288
48 4289
48 4290
48 4291
48 4292
48 4293
48 4294
48 4295
48 4303
48 4304
48 4306
48 4307
48 4313
48 4319
48 4329
48 4332
48 4333
48 4335
48 4341
48 4342
48 4348
48 4349
48 4385
48 4400
48 4436
48 4437
48 4438
48 4439
48 4442
48 4443
48 4445
48 4446
48 4447
48 4457
48 4467
48 4468
48 4470
48 4475
48 4494
48 4555
48 4557
48 4597
48 4605
48 4606
48 4609
48 4612
48 4620
48 4637
48 4639
48 4640
48 4641
48 4644
48 4645
48 4749
48 4750
48 4756
48 4758
48 4799
48 4801
48 4815
48 4818
48 4819
48 7643
48 7654
48 7657
48 7663
48 8122
48 8123
48 8191
48 8293
48 8368
48 8624
48 8648
48 8649
48 8664
48 8691
48 8721
48 8722
48 8725
48 8823
48 8907
48 8953
48 8967
48 9081
48 9123
48 9165
48 9234
48 9237
48 9278
48 9364
48 9367
48 9406
48 9407
48 9419
48 9426
48 9479
48 9480
48 9484
48 9487
48 9527
48 9531
48 9535
48 9550
48 9555
48 9557
48 9559
48 9560
48 9565
48 9584
48 9611
48 9774
48 9792
48 9802
48 9811
48 9854
48 9883
48 9884
48 9899
48 9905
48 9914
48 9921
48 9926
48 9929
48 9933
48 9967
48 9972
48 10019
48 10040
48 10043
48 10045
48 10046
48 10080
48 10169
48 10177
48 10207
48 10209
48 10211
48 10212
48 10218
48 10251
48 10379
48 10391
48 10476
48 14568
48 14569
48 14821
48 15246
48 15442
48 19195
49 3
49 4
49 6
49 8
49 49
49 60
49 73
49 74
49 76
49 77
49 90
49 91
49 92
49 93
49 97
49 100
49 101
49 102
49 103
49 106
49 107
49 113
49 114
49 115
49 116
49 117
49 118
49 119
49 120
49 123
49 124
49 131
49 134
49 136
49 139
49 142
49 143
49 144
49 153
49 158
49 160
49 163
49 166
49 167
49 168
49 169
49 170
49 171
49 174
49 175
49 177
49 178
49 179
49 180
49 181
49 182
49 183
49 184
49 185
49 186
49 187
49 188
49 189
49 190
49 191
49 192
49 193
49 194
49 195
49 196
49 197
49 198
49 199
49 200
49 201
49 202
49 205
49 206
49 207
49 208
49 210
49 211
49 212
49 213
49 214
49 216
49 217
49 218
49 219
49 220
49 221
49 222
49 223
49 224
49 225
49 226
49 227
49 228
49 229
49 230
49 231
49 232
49 233
49 234
49 235
49 236
49 237
49 238
49 239
49 240
49 241
49 242
49 243
49 244
49 245
49 246
49 247
49 249
49 250
49 251
49 252
49 253
49 254
49 255
49 256
49 257
49 258
49 260
49 262
49 263
49 264
49 265
49 266
49 267
49 268
49 269
49 270
49 271
49 272
49 273
49 274
49 275
49 276
49 277
49 278
49 279
49 280
49 281
49 282
49 283
49 284
49 285
49 287
49 288
49 289
49 290
49 291
49 292
49 293
49 294
49 295
49 296
49 297
49 298
49 299
49 300
49 301
49 302
49 303
49 304
49 305
49 306
49 307
49 308
49 309
49 310
49 311
49 312
49 313
49 314
49 316
49 318
49 319
49 320
49 321
49 322
49 325
49 455
49 492
49 493
49 521
49 541
49 542
49 546
49 551
49 552
49 554
49 555
49 562
49 563
49 565
49 567
49 569
49 570
49 572
49 573
49 575
49 576
49 580
49 582
49 583
49 584
49 586
49 587
49 588
49 589
49 590
49 591
49 592
49 593
49 595
49 596
49 597
49 598
49 599
49 600
49 601
49 603
49 604
49 605
49 606
49 607
49 608
49 609
49 610
49 611
49 616
49 617
49 618
49 619
49 620
49 622
49 623
49 624
49 625
49 635
49 636
49 637
49 638
49 639
49 640
49 641
49 642
49 643
49 644
49 646
49 649
49 650
49 651
49 653
49 654
49 655
49 656
49 657
49 658
49 661
49 672
49 675
49 677
49 679
49 680
49 681
49 682
49 683
49 685
49 686
49 687
49 688
49 691
49 692
49 693
49 694
49 695
49 696
49 697
49 698
49 700
49 703
49 708
49 711
49 712
49 713
49 715
49 716
49 717
49 719
49 721
49 722
49 723
49 724
49 725
49 726
49 727
49 730
49 732
49 734
49 737
49 740
49 741
49 742
49 743
49 744
49 745
49 746
49 749
49 750
49 752
49 753
49 754
49 755
49 756
49 758
49 759
49 760
49 763
49 764
49 765
49 766
49 767
49 768
49 769
49 772
49 774
49 775
49 776
49 777
49 778
49 780
49 781
49 782
49 783
49 784
49 785
49 788
49 789
49 790
49 791
49 798
49 800
49 801
49 802
49 803
49 804
49 805
49 807
49 813
49 815
49 819
49 821
49 824
49 825
49 827
49 828
49 830
49 832
49 833
49 839
49 841
49 842
49 848
49 849
49 851
49 852
49 853
49 856
49 857
49 858
49 861
49 862
49 866
49 872
49 874
49 875
49 901
49 903
49 905
49 908
49 909
49 910
49 912
49 914
49 915
49 916
49 918
49 926
49 928
49 930
49 933
49 940
49 944
49 946
49 949
49 950
49 952
49 953
49 954
49 956
49 959
49 960
49 963
49 967
49 971
49 975
49 978
49 981
49 982
49 984
49 987
49 992
49 993
49 996
49 1000
49 1009
49 1022
49 1024
49 1026
49 1028
49 1029
49 1030
49 1032
49 1039
49 1040
49 1041
49 1042
49 1043
49 1044
49 1045
49 1046
49 1047
49 1048
49 1050
49 1053
49 1055
49 1056
49 1057
49 1059
49 1062
49 1065
49 1066
49 1067
49 1068
49 1069
49 1074
49 1077
49 1080
49 1081
49 1082
49 1084
49 1085
49 1086
49 1088
49 1089
49 1090
49 1091
49 1092
49 1093
49 1094
49 1098
49 1099
49 1101
49 1102
49 1103
49 1105
49 1106
49 1108
49 1110
49 1112
49 1113
49 1114
49 1116
49 1122
49 1123
49 1124
49 1125
49 1126
49 1129
49 1130
49 1131
49 1132
49 1133
49 1134
49 1136
49 1137
49 1138
49 1142
49 1149
49 1153
49 1155
49 1157
49 1166
49 1179
49 1181
49 1183
49 1186
49 1188
49 1189
49 1190
49 1191
49 1194
49 1196
49 1198
49 1200
49 1202
49 1204
49 1206
49 1207
49 1208
49 1210
49 1211
49 1212
49 1214
49 1216
49 1217
49 1218
49 1219
49 1220
49 1221
49 1222
49 1223
49 1224
49 1225
49 1226
49 1227
49 1228
49 1229
49 1230
49 1242
49 1243
49 1244
49 1247
49 1248
49 1249
49 1250
49 1252
49 1253
49 1258
49 1259
49 1260
49 1263
49 1265
49 1266
49 1267
49 1269
49 1271
49 1272
49 1274
49 1275
49 1277
49 1280
49 1284
49 1286
49 1288
49 1289
49 1297
49 1299
49 1301
49 1302
49 1303
49 1307
49 1310
49 1316
49 1326
49 1340
49 1342
49 1352
49 1356
49 1368
49 1372
49 1382
49 1384
49 1386
49 1387
49 1388
49 1389
49 1390
49 1400
49 1401
49 1402
49 1403
49 1404
49 1405
49 1406
49 1408
49 1409
49 1410
49 1415
49 1417
49 1418
49 1419
49 1422
49 1423
49 1425
49 1427
49 1428
49 1435
49 1451
49 1453
49 1458
49 1459
49 1478
49 1492
49 1500
49 1503
49 1507
49 1510
49 1514
49 1525
49 1530
49 1534
49 1537
49 1556
49 1558
49 1563
49 1566
49 1568
49 1571
49 1573
49 1576
49 1579
49 1580
49 1584
49 1588
49 1594
49 1595
49 1596
49 1600
49 1602
49 1604
49 1612
49 1613
49 1617
49 1623
49 1626
49 1629
49 1630
49 1632
49 1634
49 1637
49 1641
49 1648
49 1650
49 1656
49 1658
49 1660
49 1662
49 1665
49 1670
49 1671
49 1674
49 1679
49 1680
49 1681
49 1691
49 1693
49 1694
49 1695
49 1696
49 1697
49 1698
49 1699
49 1703
49 1709
49 1710
49 1713
49 1716
49 1718
49 1720
49 1721
49 1726
49 1740
49 1742
49 1743
49 1744
49 1747
49 1748
49 1753
49 1755
49 1757
49 1760
49 1762
49 1764
49 1766
49 1768
49 1773
49 1774
49 1775
49 1781
49 1782
49 1786
49 1788
49 1790
49 1791
49 1792
49 1794
49 1803
49 1807
49 1813
49 1814
49 1816
49 1848
49 1849
49 1851
49 1852
49 1855
49 1858
49 1860
49 1874
49 1878
49 1880
49 1884
49 1907
49 1911
49 1912
49 1916
49 1918
49 1921
49 1922
49 1926
49 1928
49 1929
49 1935
49 1954
49 1965
49 1967
49 1992
49 1997
49 2001
49 2006
49 2008
49 2011
49 2013
49 2015
49 2017
49 2019
49 2028
49 2030
49 2035
49 2036
49 2038
49 2040
49 2043
49 2044
49 2046
49 2049
49 2051
49 2053
49 2054
49 2055
49 2059
49 2061
49 2066
49 2068
49 2072
49 2079
49 2083
49 2084
49 2091
49 2094
49 2095
49 2097
49 2100
49 2101
49 2102
49 2104
49 2108
49 2110
49 2112
49 2118
49 2120
49 2127
49 2130
49 2133
49 2137
49 2139
49 2141
49 2143
49 2146
49 2147
49 2149
49 2150
49 2151
49 2153
49 2154
49 2155
49 2156
49 2166
49 2172
49 2174
49 2175
49 2176
49 2177
49 2181
49 2183
49 2185
49 2187
49 2192
49 2194
49 2197
49 2215
49 2222
49 2225
49 2228
49 2230
49 2231
49 2242
49 2245
49 2247
49 2248
49 2249
49 2254
49 2256
49 2295
49 2297
49 2306
49 2311
49 2312
49 2315
49 2317
49 2320
49 2324
49 2329
49 2333
49 2334
49 2335
49 2337
49 2339
49 2340
49 2341
49 2342
49 2344
49 2346
49 2350
49 2352
49 2355
49 2356
49 2359
49 2361
49 2362
49 2364
49 2366
49 2367
49 2369
49 2371
49 2374
49 2375
49 2377
49 2379
49 2381
49 2383
49 2384
49 2394
49 2396
49 2398
49 2400
49 2402
49 2403
49 2406
49 2419
49 2420
49 2426
49 2427
49 2428
49 2430
49 2432
49 2434
49 2437
49 2438
49 2439
49 2444
49 2446
49 2447
49 2448
49 2449
49 2450
49 2452
49 2454
49 2459
49 2462
49 2463
49 2464
49 2466
49 2467
49 2473
49 2476
49 2477
49 2478
49 2480
49 2481
49 2482
49 2484
49 2485
49 2489
49 2491
49 2492
49 2494
49 2496
49 2499
49 2501
49 2512
49 2513
49 2516
49 2518
49 2521
49 2523
49 2527
49 2550
49 2552
49 2556
49 2561
49 2562
49 2565
49 2567
49 2568
49 2571
49 2572
49 2576
49 2578
49 2579
49 2580
49 2581
49 2582
49 2583
49 2585
49 2588
49 2593
49 2595
49 2598
49 2599
49 2600
49 2601
49 2603
49 2604
49 2605
49 2607
49 2609
49 2611
49 2613
49 2615
49 2620
49 2625
49 2626
49 2627
49 2628
49 2629
49 2630
49 2634
49 2636
49 2637
49 2642
49 2643
49 2644
49 2645
49 2646
49 2651
49 2653
49 2654
49 2655
49 2656
49 2657
49 2658
49 2659
49 2660
49 2661
49 2669
49 2671
49 2673
49 2675
49 2677
49 2679
49 2681
49 2683
49 2685
49 2687
49 2689
49 2694
49 2696
49 2698
49 2699
49 2701
49 2702
49 2703
49 2704
49 2705
49 2707
49 2710
49 2711
49 2717
49 2720
49 2725
49 2728
49 2730
49 2736
49 2740
49 2741
49 2742
49 2744
49 2745
49 2747
49 2750
49 2752
49 2754
49 2756
49 2758
49 2759
49 2761
49 2768
49 2784
49 2786
49 2787
49 2788
49 2789
49 2790
49 2791
49 2792
49 2800
49 2801
49 2802
49 2803
49 2805
49 2806
49 2807
49 2808
49 2809
49 2812
49 2814
49 2818
49 2821
49 2822
49 2823
49 2826
49 2829
49 2832
49 2839
49 2840
49 2841
49 2842
49 2843
49 2844
49 2845
49 2853
49 2854
49 2855
49 2861
49 2862
49 2872
49 2873
49 2874
49 2875
49 2876
49 2877
49 2879
49 2880
49 2888
49 2890
49 2892
49 2896
49 2899
49 2901
49 2904
49 2905
49 2906
49 2907
49 2908
49 2909
49 2913
49 2916
49 2925
49 2927
49 2936
49 2938
49 2940
49 2941
49 2942
49 2946
49 2948
49 2949
49 2950
49 2951
49 2952
49 2954
49 2956
49 2958
49 2961
49 2962
49 2966
49 2968
49 2969
49 2970
49 2971
49 2972
49 2973
49 2976
49 2978
49 2980
49 2983
49 2984
49 2985
49 2986
49 2988
49 2994
49 2996
49 2998
49 3000
49 3002
49 3004
49 3006
49 3008
49 3014
49 3016
49 3018
49 3020
49 3022
49 3030
49 3038
49 3039
49 3041
49 3042
49 3046
49 3050
49 3051
49 3052
49 3053
49 3054
49 3055
49 3056
49 3057
49 3058
49 3059
49 3061
49 3064
49 3068
49 3069
49 3077
49 3078
49 3079
49 3080
49 3081
49 3082
49 3083
49 3085
49 3086
49 3090
49 3093
49 3096
49 3099
49 3105
49 3118
49 3120
49 3122
49 3124
49 3127
49 3129
49 3130
49 3133
49 3135
49 3141
49 3142
49 3146
49 3148
49 3150
49 3151
49 3159
49 3160
49 3161
49 3162
49 3163
49 3164
49 3165
49 3166
49 3167
49 3179
49 3180
49 3183
49 3185
49 3188
49 3189
49 3190
49 3191
49 3192
49 3193
49 3196
49 3201
49 3203
49 3206
49 3215
49 3216
49 3218
49 3221
49 3222
49 3228
49 3229
49 3232
49 3233
49 3234
49 3235
49 3238
49 3239
49 3245
49 3246
49 3248
49 3252
49 3254
49 3257
49 3259
49 3263
49 3266
49 3268
49 3269
49 3271
49 3274
49 3275
49 3285
49 3286
49 3287
49 3288
49 3289
49 3290
49 3291
49 3292
49 3293
49 3300
49 3301
49 3302
49 3306
49 3311
49 3315
49 3317
49 3320
49 3327
49 3329
49 3330
49 3331
49 3332
49 3335
49 3350
49 3355
49 3357
49 3358
49 3359
49 3360
49 3361
49 3363
49 3372
49 3375
49 3376
49 3377
49 3378
49 3380
49 3382
49 3384
49 3386
49 3388
49 3390
49 3392
49 3395
49 3397
49 3401
49 3403
49 3405
49 3407
49 3408
49 3409
49 3411
49 3413
49 3416
49 3422
49 3423
49 3430
49 3433
49 3436
49 3440
49 3443
49 3449
49 3453
49 3455
49 3461
49 3463
49 3464
49 3465
49 3466
49 3467
49 3468
49 3469
49 3470
49 3472
49 3473
49 3474
49 3478
49 3481
49 3483
49 3486
49 3487
49 3488
49 3489
49 3490
49 3491
49 3492
49 3493
49 3494
49 3495
49 3496
49 3522
49 3524
49 3529
49 3530
49 3532
49 3533
49 3534
49 3536
49 3540
49 3542
49 3544
49 3546
49 3556
49 3561
49 3568
49 3579
49 3581
49 3584
49 3588
49 3590
49 3594
49 3599
49 3602
49 3604
49 3606
49 3607
49 3610
49 3612
49 3614
49 3616
49 3618
49 3620
49 3633
49 3636
49 3639
49 3641
49 3643
49 3657
49 3658
49 3659
49 3661
49 3662
49 3663
49 3664
49 3665
49 3666
49 3667
49 3668
49 3702
49 3705
49 3730
49 3732
49 3738
49 3739
49 3741
49 3742
49 3748
49 3749
49 3750
49 3769
49 3772
49 3776
49 3785
49 3805
49 3807
49 3808
49 3813
49 3815
49 3828
49 3845
49 3852
49 3855
49 3859
49 3862
49 3863
49 3864
49 3886
49 3888
49 3889
49 3890
49 3892
49 3894
49 3896
49 3898
49 3900
49 3903
49 3907
49 3908
49 3909
49 3916
49 3918
49 3919
49 3920
49 3924
49 3927
49 3934
49 3935
49 3936
49 3937
49 3938
49 3939
49 3941
49 3942
49 3946
49 3948
49 3950
49 3954
49 3959
49 3961
49 3962
49 3964
49 3966
49 3968
49 3972
49 3973
49 3976
49 3978
49 3986
49 3992
49 3994
49 3996
49 3998
49 4004
49 4008
49 4010
49 4012
49 4013
49 4015
49 4017
49 4018
49 4019
49 4024
49 4026
49 4028
49 4029
49 4034
49 4036
49 4037
49 4038
49 4039
49 4040
49 4041
49 4042
49 4043
49 4046
49 4047
49 4048
49 4050
49 4051
49 4055
49 4056
49 4058
49 4060
49 4062
49 4063
49 4066
49 4067
49 4068
49 4069
49 4077
49 4078
49 4079
49 4080
49 4082
49 4084
49 4089
49 4091
49 4093
49 4094
49 4095
49 4101
49 4102
49 4104
49 4105
49 4106
49 4119
49 4120
49 4121
49 4126
49 4127
49 4130
49 4132
49 4133
49 4135
49 4137
49 4140
49 4141
49 4152
49 4153
49 4154
49 4155
49 4156
49 4159
49 4174
49 4177
49 4179
49 4197
49 4199
49 4201
49 4202
49 4203
49 4204
49 4206
49 4212
49 4217
49 4218
49 4220
49 4221
49 4224
49 4225
49 4226
49 4227
49 4228
49 4230
49 4231
49 4233
49 4234
49 4238
49 4241
49 4242
49 4243
49 4244
49 4245
49 4246
49 4249
49 4251
49 4254
49 4263
49 4265
49 4268
49 4269
49 4270
49 4281
49 4282
49 4283
49 4284
49 4285
49 4286
49 4287
49 4288
49 4289
49 4290
49 4291
49 4292
49 4293
49 4294
49 4295
49 4303
49 4304
49 4306
49 4312
49 4315
49 4316
49 4317
49 4318
49 4319
49 4320
49 4321
49 4329
49 4332
49 4333
49 4335
49 4340
49 4341
49 4342
49 4348
49 4349
49 4385
49 4456
49 4457
49 4467
49 4468
49 4470
49 4471
49 4473
49 4475
49 4484
49 4485
49 4494
49 4511
49 4512
49 4555
49 4581
49 4590
49 4592
49 4593
49 4595
49 4597
49 4604
49 4605
49 4606
49 4609
49 4610
49 4611
49 4612
49 4613
49 4614
49 4615
49 4616
49 4617
49 4618
49 4619
49 4620
49 4637
49 4639
49 4640
49 4641
49 4642
49 4643
49 4644
49 4645
49 4656
49 4659
49 4661
49 4663
49 4665
49 4668
49 4669
49 4749
49 4750
49 4756
49 4757
49 4758
49 4759
49 4772
49 4788
49 4789
49 4790
49 4792
49 4799
49 4800
49 4801
49 4802
49 4803
49 4804
49 4806
49 4808
49 4809
49 4810
49 4814
49 4818
49 4819
49 7643
49 7654
49 7657
49 7663
49 7675
49 7685
49 7702
49 7721
49 7750
49 7788
49 8045
49 8191
49 8223
49 8238
49 8249
49 8273
49 8293
49 8310
49 8322
49 8332
49 8334
49 8335
49 8357
49 8368
49 8648
49 8649
49 8652
49 8664
49 8673
49 8678
49 8679
49 8691
49 8705
49 8712
49 8720
49 8721
49 8722
49 8725
49 8727
49 8823
49 8835
49 8842
49 8847
49 8864
49 8870
49 8874
49 8889
49 8907
49 8914
49 8953
49 8964
49 8965
49 8966
49 8967
49 8973
49 8978
49 8985
49 9041
49 9050
49 9052
49 9059
49 9065
49 9069
49 9070
49 9084
49 9123
49 9134
49 9135
49 9136
49 9138
49 9139
49 9161
49 9165
49 9166
49 9181
49 9189
49 9234
49 9236
49 9239
49 9243
49 9272
49 9274
49 9276
49 9277
49 9278
49 9281
49 9288
49 9334
49 9335
49 9338
49 9353
49 9354
49 9356
49 9358
49 9364
49 9367
49 9386
49 9406
49 9407
49 9417
49 9426
49 9453
49 9454
49 9468
49 9479
49 9480
49 9481
49 9483
49 9484
49 9485
49 9487
49 9490
49 9492
49 9527
49 9528
49 9532
49 9535
49 9550
49 9555
49 9557
49 9558
49 9559
49 9560
49 9565
49 9570
49 9572
49 9573
49 9574
49 9575
49 9576
49 9579
49 9584
49 9588
49 9593
49 9594
49 9597
49 9611
49 9627
49 9628
49 9632
49 9717
49 9736
49 9750
49 9752
49 9757
49 9760
49 9762
49 9767
49 9774
49 9776
49 9777
49 9782
49 9791
49 9793
49 9794
49 9795
49 9802
49 9803
49 9818
49 9819
49 9821
49 9824
49 9828
49 9831
49 9836
49 9838
49 9842
49 9843
49 9882
49 9883
49 9884
49 9899
49 9900
49 9901
49 9902
49 9903
49 9904
49 9905
49 9907
49 9910
49 9911
49 9912
49 9914
49 9915
49 9916
49 9917
49 9918
49 9919
49 9921
49 9926
49 9927
49 9928
49 9929
49 9930
49 9933
49 9953
49 9955
49 9956
49 9957
49 9965
49 9967
49 9968
49 9969
49 9970
49 9971
49 9972
49 9976
49 9979
49 9980
49 9982
49 9984
49 9988
49 9989
49 9994
49 9995
49 9996
49 10006
49 10019
49 10033
49 10036
49 10038
49 10039
49 10040
49 10042
49 10043
49 10045
49 10046
49 10061
49 16795
49 19195
50 3
50 5
50 8
50 46
50 47
50 74
50 75
50 77
50 91
50 92
50 93
50 97
50 103
50 107
50 115
50 123
50 124
50 129
50 131
50 134
50 136
50 142
50 152
50 153
50 168
50 172
50 174
50 179
50 180
50 181
50 182
50 197
50 198
50 206
50 207
50 208
50 211
50 217
50 218
50 223
50 224
50 226
50 234
50 237
50 238
50 249
50 254
50 256
50 260
50 264
50 265
50 270
50 271
50 272
50 274
50 287
50 288
50 289
50 293
50 294
50 298
50 299
50 300
50 302
50 303
50 304
50 305
50 311
50 312
50 314
50 316
50 322
50 515
50 541
50 542
50 563
50 569
50 570
50 572
50 586
50 587
50 596
50 597
50 599
50 603
50 619
50 620
50 623
50 637
50 639
50 646
50 655
50 657
50 658
50 677
50 680
50 681
50 688
50 691
50 703
50 708
50 715
50 717
50 727
50 730
50 740
50 741
50 754
50 767
50 769
50 774
50 778
50 785
50 790
50 804
50 815
50 825
50 836
50 841
50 844
50 858
50 861
50 869
50 872
50 875
50 887
50 905
50 937
50 940
50 946
50 963
50 992
50 1016
50 1032
50 1040
50 1041
50 1042
50 1043
50 1044
50 1047
50 1048
50 1057
50 1059
50 1077
50 1086
50 1088
50 1097
50 1111
50 1116
50 1122
50 1125
50 1126
50 1138
50 1160
50 1170
50 1171
50 1188
50 1198
50 1204
50 1208
50 1214
50 1217
50 1242
50 1285
50 1289
50 1326
50 1327
50 1342
50 1372
50 1426
50 1453
50 1457
50 1556
50 1566
50 1579
50 1580
50 1585
50 1600
50 1630
50 1641
50 1656
50 1660
50 1662
50 1667
50 1669
50 1670
50 1672
50 1674
50 1677
50 1691
50 1706
50 1713
50 1718
50 1740
50 1742
50 1766
50 1814
50 1844
50 1852
50 1855
50 1884
50 1907
50 1911
50 1916
50 2008
50 2028
50 2030
50 2035
50 2046
50 2084
50 2100
50 2101
50 2102
50 2139
50 2143
50 2146
50 2147
50 2149
50 2153
50 2155
50 2231
50 2232
50 2264
50 2297
50 2340
50 2377
50 2383
50 2394
50 2438
50 2439
50 2444
50 2450
50 2486
50 2488
50 2550
50 2595
50 2598
50 2611
50 2613
50 2627
50 2630
50 2644
50 2653
50 2659
50 2683
50 2687
50 2689
50 2698
50 2711
50 2750
50 2768
50 2807
50 2853
50 2859
50 2860
50 2904
50 2905
50 2907
50 2925
50 2969
50 2970
50 2972
50 2983
50 2985
50 3004
50 3014
50 3016
50 3039
50 3051
50 3058
50 3059
50 3063
50 3081
50 3086
50 3090
50 3137
50 3140
50 3141
50 3143
50 3145
50 3146
50 3148
50 3149
50 3152
50 3162
50 3228
50 3229
50 3290
50 3291
50 3302
50 3320
50 3329
50 3335
50 3357
50 3378
50 3382
50 3395
50 3409
50 3443
50 3449
50 3453
50 3464
50 3522
50 3533
50 3536
50 3540
50 3542
50 3546
50 3568
50 3579
50 3584
50 3604
50 3633
50 3639
50 3641
50 3665
50 3666
50 3720
50 3730
50 3732
50 3810
50 3845
50 3852
50 3890
50 3891
50 3927
50 3935
50 3938
50 3939
50 3946
50 3973
50 4013
50 4036
50 4048
50 4056
50 4063
50 4079
50 4093
50 4095
50 4104
50 4113
50 4120
50 4121
50 4123
50 4132
50 4137
50 4154
50 4159
50 4204
50 4231
50 4233
50 4254
50 4269
50 4293
50 4303
50 4304
50 4320
50 4333
50 4349
50 4399
50 4406
50 4470
50 4494
50 4557
50 4643
50 4750
50 4799
50 4819
50 7519
50 7643
50 7683
50 7880
50 8293
50 8339
50 8340
50 8363
50 8376
50 8377
50 8378
50 8379
50 8380
50 8381
50 8382
50 8383
50 8384
50 8385
50 8386
50 8387
50 8388
50 8389
50 8390
50 8391
50 8392
50 8393
50 8394
50 8395
50 8396
50 8397
50 8398
50 8404
50 8406
50 8415
50 8417
50 8418
50 8426
50 8427
50 8436
50 8438
50 8441
50 8442
50 8449
50 8451
50 8454
50 8457
50 8467
50 8468
50 8473
50 8478
50 8483
50 8486
50 8487
50 8492
50 8493
50 8500
50 8504
50 8523
50 8524
50 8531
50 8532
50 8533
50 8535
50 8537
50 8548
50 8549
50 8553
50 8557
50 8560
50 8578
50 8593
50 8598
50 8600
50 8601
50 8602
50 8605
50 8612
50 8618
50 8619
50 8623
50 8624
50 8626
50 8628
50 8632
50 8634
50 8635
50 8641
50 8690
50 8712
50 8720
50 8721
50 8725
50 8900
50 8914
50 8953
50 8982
50 9040
50 9064
50 9069
50 9135
50 9139
50 9166
50 9278
50 9356
50 9358
50 9364
50 9367
50 9406
50 9438
50 9439
50 9479
50 9480
50 9487
50 9517
50 9527
50 9555
50 9557
50 9558
50 9559
50 9792
50 9811
50 9831
50 9843
50 9883
50 9905
50 9928
50 9930
50 9953
50 9968
50 10019
50 10038
50 10039
50 10040
50 10046
50 10199
50 10212
50 10446
50 10465
50 14568
50 14625
50 14642
50 14890
50 14935
50 15112
50 15297
50 15301
50 15373
50 15418
50 15424
50 15429
50 15432
50 15434
50 15461
50 15471
50 15478
50 15558
50 15581
50 15694
50 15695
50 15741
50 15781
50 15804
50 15821
50 15904
50 15907
50 16025
50 16027
50 16038
50 16046
50 16064
50 19195
51 3
52 3
52 77
52 95
52 105
52 118
52 124
52 136
52 139
52 197
52 216
52 223
52 232
52 244
52 265
52 296
52 303
52 307
52 314
52 439
52 460
52 461
52 465
52 469
52 470
52 472
52 473
52 474
52 475
52 476
52 477
52 480
52 481
52 482
52 483
52 486
52 487
52 520
52 539
52 562
52 605
52 618
52 632
52 658
52 742
52 743
52 744
52 746
52 813
52 837
52 887
52 909
52 915
52 993
52 1020
52 1041
52 1042
52 1047
52 1397
52 1570
52 1790
52 2139
52 2444
52 2479
52 2862
52 2962
52 3112
52 3749
52 3779
52 3934
52 3972
52 3976
52 3979
52 3994
52 4012
52 4106
52 4110
52 4132
52 4134
52 4303
52 4417
52 4623
52 7643
52 7697
52 7863
52 8659
52 8744
52 8908
52 8980
52 9086
52 9165
52 9559
52 9883
52 9925
52 9931
52 10127
52 10208
52 10233
52 10236
52 10237
52 10241
52 10242
52 10244
52 10283
52 10321
52 10325
52 10331
52 10337
52 10355
52 10386
52 10387
52 10426
52 10465
52 14592
52 14621
52 15251
52 15621
52 16133
52 16139
52 16303
52 16673
52 16831
52 16973
52 17151
52 17398
52 17566
52 17835
52 17837
52 18490
52 18676
52 19171
52 19195
52 19245
52 19414
52 19482
52 19948
52 20024
52 20749
52 20750
52 20775
52 20777
52 20786
52 20788
52 20794
52 20810
52 20811
52 20825
52 20865
52 20973
52 21137
52 21138
52 21148
52 21206
52 21208
52 21209
52 21210
52 21211
52 21219
52 21232
52 21233
52 21234
52 21235
52 21237
52 21238
52 21265
52 21379
52 21383
52 21384
52 21500
52 21505
52 21506
52 21512
52 21603
52 21659
52 21702
52 21716
52 21862
52 21863
52 21864
52 22031
53 3
54 4
54 1011
54 1012
54 1013
54 1014
54 1016
54 1017
54 1018
54 1019
54 1020
55 4
55 11
55 583
55 662
55 665
55 668
55 670
55 887
55 1044
55 4101
55 4750
55 8127
55 8249
55 8744
55 9244
55 9268
55 10095
55 15722
55 17714
55 18037
55 20004
55 21040
55 22453
55 23625
55 25016
55 25617
55 26480
55 27541
55 27565
55 27568
55 27660
55 27669
55 27940
56 5
56 66
56 105
56 166
56 206
56 207
56 224
56 243
56 271
56 277
56 290
56 296
56 300
56 304
56 576
56 597
56 605
56 681
56 794
56 887
56 1040
56 1082
56 1650
56 2359
56 2611
56 3093
56 3798
56 3964
56 4130
56 4406
56 4470
56 4749
56 8062
56 8123
56 8293
56 8678
56 8721
56 8725
56 8744
56 9358
56 9717
56 9772
56 10127
56 13444
56 17398
56 17403
56 17595
56 17621
56 17733
56 17915
56 18489
56 19133
56 19192
56 21182
56 21196
56 21302
56 21409
56 21463
56 21603
56 21732
56 22865
56 22890
56 22891
56 23164
56 23352
56 23613
56 23618
56 24012
56 24042
56 24102
56 24392
56 24859
56 25036
56 25196
56 25198
56 25214
56 25326
56 25650
56 26167
56 26330
56 26335
56 26502
56 26503
56 26735
56 27379
56 27948
56 28055
56 28056
56 28057
56 28077
56 28087
56 28089
56 28090
56 28101
56 28102
56 28103
56 28129
56 28131
56 28572
56 28573
56 28577
56 28578
56 28689
56 28690
56 28711
56 28779
56 28782
57 5
57 6
57 46
57 74
57 76
57 77
57 78
57 93
57 98
57 107
57 114
57 115
57 118
57 119
57 123
57 134
57 136
57 138
57 168
57 171
57 174
57 183
57 206
57 207
57 220
57 224
57 227
57 235
57 254
57 272
57 274
57 277
57 291
57 292
57 295
57 298
57 304
57 541
57 542
57 552
57 587
57 592
57 597
57 607
57 609
57 620
57 638
57 655
57 694
57 717
57 727
57 734
57 740
57 743
57 758
57 769
57 772
57 780
57 789
57 813
57 836
57 837
57 872
57 914
57 916
57 960
57 976
57 1042
57 1044
57 1055
57 1057
57 1106
57 1150
57 1183
57 1307
57 1397
57 1576
57 1613
57 1646
57 1658
57 1918
57 1921
57 1935
57 2011
57 2028
57 2030
57 2084
57 2101
57 2401
57 2437
57 2439
57 2453
57 2552
57 2576
57 2611
57 2625
57 2654
57 2659
57 2683
57 2728
57 2730
57 3080
57 3082
57 3133
57 3145
57 3215
57 3252
57 3287
57 3292
57 3464
57 3488
57 3490
57 3610
57 3614
57 3888
57 3934
57 3976
57 4028
57 4036
57 4042
57 4062
57 4101
57 4102
57 4132
57 4134
57 4152
57 4179
57 4282
57 4303
57 4313
57 4329
57 4750
57 4794
57 4819
57 8657
57 8664
57 8691
57 8744
57 8823
57 9053
57 9054
57 9081
57 9083
57 9584
57 10036
57 10207
57 14732
57 14870
57 14890
57 15251
57 15379
57 15434
57 15793
57 15804
57 15959
57 16022
57 16163
57 16164
57 16168
57 16625
57 17257
57 17260
57 17262
57 17302
57 17398
57 17403
57 17583
57 17621
57 17629
57 17727
57 18791
57 18793
57 18978
57 19191
57 19291
57 19707
57 19731
57 19732
57 19734
57 19742
57 19884
57 20777
57 20810
57 21107
57 21145
57 21298
57 21784
57 21921
57 22180
57 22203
57 22214
57 22229
57 22231
57 22237
57 22262
57 22263
57 22318
57 22404
57 22437
57 22603
57 22624
57 22926
57 23111
57 23265
57 23420
57 23438
57 23448
57 23462
57 23484
57 23598
57 23599
57 23620
57 23625
57 23697
57 23735
57 23737
57 23740
57 23744
57 23745
57 23746
57 23747
57 23754
57 23755
57 23756
57 23757
57 23771
57 23772
57 23773
57 23778
57 23779
57 23788
57 23796
57 23797
57 23817
57 23818
57 23841
57 23850
57 23855
57 23856
57 23857
57 23858
57 23872
57 23873
57 23878
57 23886
57 23912
57 23924
57 23925
57 23931
57 23959
57 23962
57 23967
57 23976
57 23981
57 23982
57 23983
57 23984
57 23985
57 23986
57 23987
57 23988
57 23989
57 23990
57 24001
57 24002
57 24003
57 24004
57 24005
57 24006
57 24007
57 24008
57 24013
57 24014
57 24024
57 24025
57 24027
57 24030
57 24036
57 24037
57 24046
57 24047
57 24048
57 24049
57 24050
57 24051
57 24056
57 24057
57 24058
57 24059
57 24060
57 24061
57 24081
57 24082
57 24084
57 24130
57 24131
57 24132
57 24133
57 24134
57 24135
57 24137
57 24138
57 24139
57 24144
57 24146
57 24148
57 24154
57 24156
57 24157
57 24160
57 24161
57 24162
57 24181
57 24186
57 24195
57 24208
57 24238
57 24255
57 24261
57 24268
57 24276
57 24286
57 24400
57 24401
57 24402
57 24403
57 24404
57 24405
57 24406
57 24419
57 24478
57 24483
57 24495
57 24500
57 24534
57 24538
57 24546
57 24553
57 24560
57 24567
57 24568
57 24569
57 24570
57 24574
57 24577
57 24578
57 24638
57 24777
57 24778
57 24779
57 24780
57 24799
57 24865
57 24913
57 24914
57 24916
57 24918
57 24935
57 25994
58 5
58 1059
58 8744
58 25309
59 6
59 40
59 60
59 73
59 74
59 82
59 85
59 93
59 100
59 118
59 120
59 134
59 152
59 163
59 166
59 168
59 169
59 170
59 175
59 180
59 182
59 188
59 195
59 199
59 205
59 207
59 222
59 234
59 237
59 243
59 252
59 260
59 270
59 281
59 294
59 300
59 320
59 322
59 325
59 515
59 545
59 546
59 552
59 577
59 582
59 584
59 593
59 612
59 613
59 614
59 615
59 616
59 617
59 618
59 619
59 620
59 621
59 628
59 629
59 631
59 640
59 641
59 642
59 643
59 644
59 645
59 646
59 652
59 654
59 659
59 686
59 687
59 688
59 689
59 690
59 691
59 692
59 693
59 694
59 695
59 696
59 697
59 701
59 702
59 712
59 717
59 722
59 723
59 724
59 725
59 727
59 740
59 744
59 746
59 787
59 815
59 821
59 824
59 843
59 855
59 858
59 871
59 884
59 887
59 890
59 910
59 913
59 920
59 921
59 922
59 923
59 924
59 925
59 933
59 952
59 953
59 954
59 984
59 994
59 1015
59 1029
59 1032
59 1033
59 1034
59 1504
59 3909
59 3964
59 3998
59 4036
59 4041
59 4042
59 4121
59 4475
59 4494
59 8976
59 9139
59 9367
59 9406
59 9407
59 9479
59 9557
59 9558
59 9559
59 9565
59 9584
59 9883
59 9884
59 9903
59 9904
59 9930
59 9997
59 16795
60 6
60 74
60 75
60 76
60 77
60 88
60 90
60 91
60 93
60 97
60 100
60 102
60 113
60 117
60 120
60 123
60 131
60 133
60 142
60 150
60 152
60 153
60 167
60 168
60 169
60 170
60 171
60 172
60 174
60 175
60 179
60 180
60 181
60 182
60 183
60 185
60 187
60 188
60 190
60 192
60 193
60 194
60 199
60 205
60 218
60 220
60 221
60 222
60 223
60 224
60 225
60 227
60 228
60 232
60 233
60 237
60 240
60 244
60 247
60 251
60 254
60 260
60 268
60 270
60 271
60 273
60 274
60 277
60 285
60 287
60 289
60 290
60 291
60 292
60 293
60 294
60 295
60 296
60 298
60 303
60 304
60 306
60 307
60 308
60 310
60 311
60 312
60 313
60 316
60 322
60 515
60 517
60 541
60 542
60 543
60 552
60 582
60 587
60 592
60 624
60 626
60 627
60 629
60 632
60 637
60 652
60 653
60 661
60 676
60 692
60 701
60 721
60 742
60 800
60 824
60 838
60 852
60 875
60 887
60 939
60 996
60 1013
60 1014
60 1015
60 1016
60 1017
60 1020
60 1021
60 1026
60 1042
60 1043
60 1045
60 1046
60 1055
60 1057
60 1077
60 1097
60 1142
60 1194
60 1204
60 1210
60 1226
60 1251
60 1260
60 1271
60 1321
60 1406
60 1418
60 1613
60 1637
60 1652
60 1658
60 1681
60 1682
60 1687
60 1703
60 1713
60 1716
60 1790
60 1791
60 1921
60 1935
60 1954
60 2077
60 2095
60 2127
60 2156
60 2187
60 2242
60 2315
60 2361
60 2389
60 2392
60 2437
60 2448
60 2480
60 2496
60 2521
60 2527
60 2572
60 2588
60 2613
60 2655
60 2657
60 2658
60 2744
60 2792
60 2904
60 2909
60 3014
60 3030
60 3112
60 3145
60 3252
60 3274
60 3275
60 3291
60 3561
60 3606
60 3776
60 3792
60 3852
60 3890
60 3909
60 3934
60 3935
60 3961
60 3976
60 3978
60 3986
60 3992
60 4028
60 4036
60 4041
60 4062
60 4080
60 4089
60 4091
60 4102
60 4106
60 4107
60 4112
60 4113
60 4118
60 4130
60 4132
60 4152
60 4153
60 4179
60 4294
60 4329
60 4333
60 4349
60 4438
60 4457
60 4467
60 4470
60 4494
60 4611
60 4620
60 4749
60 4750
60 4756
60 4794
60 4818
60 7512
60 7515
60 7516
60 7519
60 7542
60 7554
60 7645
60 7647
60 7648
60 8045
60 8123
60 8165
60 8191
60 8305
60 8690
60 8884
60 9419
60 9729
60 10212
60 10251
60 15576
60 16978
60 17788
60 17789
61 6
61 711
61 716
61 717
61 721
61 732
61 734
61 737
61 749
61 750
61 1525
61 1807
61 3245
61 3246
61 3248
61 3266
61 3468
61 3534
62 6
62 8
62 76
62 77
62 78
62 86
62 91
62 92
62 93
62 97
62 98
62 101
62 102
62 106
62 107
62 113
62 114
62 115
62 116
62 117
62 118
62 119
62 120
62 123
62 124
62 127
62 129
62 130
62 131
62 133
62 134
62 136
62 139
62 142
62 143
62 144
62 152
62 153
62 158
62 160
62 162
62 163
62 166
62 167
62 168
62 169
62 170
62 171
62 174
62 175
62 176
62 177
62 178
62 179
62 180
62 181
62 182
62 183
62 184
62 185
62 186
62 187
62 188
62 189
62 190
62 191
62 192
62 193
62 194
62 195
62 196
62 197
62 198
62 199
62 200
62 201
62 202
62 205
62 206
62 207
62 208
62 210
62 211
62 212
62 213
62 214
62 216
62 217
62 218
62 219
62 220
62 221
62 222
62 223
62 224
62 225
62 226
62 227
62 228
62 229
62 230
62 231
62 232
62 233
62 234
62 235
62 236
62 237
62 238
62 239
62 240
62 241
62 242
62 243
62 244
62 245
62 246
62 247
62 249
62 250
62 251
62 252
62 253
62 255
62 256
62 257
62 258
62 260
62 262
62 263
62 264
62 265
62 266
62 267
62 268
62 269
62 270
62 271
62 272
62 273
62 274
62 275
62 276
62 277
62 278
62 279
62 280
62 281
62 282
62 283
62 284
62 285
62 287
62 288
62 289
62 290
62 291
62 292
62 293
62 294
62 295
62 296
62 297
62 298
62 299
62 301
62 302
62 303
62 304
62 305
62 306
62 307
62 308
62 309
62 310
62 311
62 312
62 313
62 314
62 316
62 318
62 319
62 320
62 321
62 322
62 325
62 455
62 492
62 493
62 521
62 541
62 542
62 546
62 551
62 552
62 554
62 555
62 562
62 563
62 565
62 567
62 569
62 570
62 572
62 573
62 575
62 576
62 580
62 582
62 583
62 584
62 586
62 587
62 588
62 589
62 590
62 591
62 592
62 593
62 595
62 596
62 597
62 598
62 599
62 600
62 601
62 603
62 604
62 605
62 606
62 607
62 608
62 609
62 610
62 611
62 615
62 616
62 617
62 618
62 619
62 620
62 622
62 623
62 624
62 625
62 635
62 636
62 637
62 638
62 639
62 640
62 641
62 642
62 643
62 644
62 646
62 648
62 649
62 653
62 654
62 655
62 656
62 657
62 658
62 661
62 672
62 675
62 677
62 679
62 680
62 681
62 682
62 683
62 685
62 686
62 687
62 688
62 691
62 692
62 693
62 694
62 695
62 696
62 697
62 698
62 699
62 700
62 703
62 708
62 711
62 712
62 713
62 715
62 716
62 717
62 719
62 721
62 722
62 723
62 724
62 725
62 726
62 727
62 730
62 732
62 734
62 737
62 740
62 741
62 742
62 743
62 744
62 745
62 746
62 752
62 753
62 754
62 755
62 756
62 758
62 759
62 760
62 763
62 764
62 765
62 766
62 767
62 768
62 769
62 772
62 774
62 777
62 778
62 780
62 781
62 782
62 783
62 785
62 788
62 789
62 790
62 791
62 798
62 801
62 803
62 804
62 807
62 813
62 815
62 816
62 817
62 819
62 821
62 824
62 825
62 827
62 828
62 830
62 832
62 833
62 839
62 841
62 842
62 843
62 847
62 848
62 849
62 851
62 852
62 853
62 856
62 857
62 858
62 861
62 866
62 869
62 872
62 875
62 901
62 903
62 905
62 908
62 909
62 910
62 912
62 914
62 915
62 916
62 918
62 926
62 928
62 930
62 933
62 940
62 946
62 949
62 950
62 952
62 953
62 954
62 956
62 959
62 963
62 967
62 971
62 975
62 978
62 981
62 982
62 984
62 987
62 992
62 996
62 1000
62 1009
62 1022
62 1024
62 1026
62 1028
62 1029
62 1030
62 1032
62 1039
62 1040
62 1041
62 1042
62 1043
62 1044
62 1045
62 1046
62 1047
62 1048
62 1050
62 1053
62 1055
62 1056
62 1057
62 1062
62 1065
62 1066
62 1067
62 1074
62 1077
62 1080
62 1081
62 1082
62 1084
62 1085
62 1086
62 1088
62 1089
62 1090
62 1091
62 1092
62 1093
62 1094
62 1095
62 1098
62 1099
62 1101
62 1102
62 1103
62 1105
62 1106
62 1108
62 1109
62 1110
62 1111
62 1112
62 1113
62 1114
62 1116
62 1117
62 1122
62 1124
62 1125
62 1126
62 1129
62 1130
62 1131
62 1132
62 1133
62 1134
62 1136
62 1137
62 1138
62 1142
62 1148
62 1149
62 1150
62 1151
62 1152
62 1153
62 1155
62 1156
62 1157
62 1158
62 1159
62 1160
62 1166
62 1167
62 1169
62 1170
62 1171
62 1175
62 1177
62 1179
62 1181
62 1183
62 1186
62 1188
62 1189
62 1190
62 1191
62 1194
62 1196
62 1198
62 1200
62 1202
62 1203
62 1204
62 1206
62 1207
62 1208
62 1210
62 1211
62 1212
62 1214
62 1216
62 1217
62 1218
62 1219
62 1220
62 1221
62 1222
62 1223
62 1224
62 1225
62 1226
62 1227
62 1228
62 1229
62 1230
62 1242
62 1243
62 1244
62 1247
62 1248
62 1249
62 1250
62 1251
62 1252
62 1253
62 1258
62 1259
62 1260
62 1261
62 1263
62 1265
62 1266
62 1267
62 1269
62 1271
62 1272
62 1274
62 1275
62 1277
62 1280
62 1284
62 1285
62 1286
62 1288
62 1289
62 1297
62 1299
62 1301
62 1302
62 1303
62 1307
62 1310
62 1314
62 1316
62 1323
62 1326
62 1327
62 1340
62 1342
62 1356
62 1368
62 1372
62 1377
62 1380
62 1382
62 1384
62 1386
62 1387
62 1388
62 1389
62 1390
62 1400
62 1401
62 1402
62 1403
62 1404
62 1405
62 1406
62 1408
62 1410
62 1411
62 1415
62 1417
62 1418
62 1419
62 1422
62 1423
62 1424
62 1425
62 1426
62 1427
62 1428
62 1435
62 1451
62 1453
62 1457
62 1458
62 1459
62 1478
62 1492
62 1497
62 1500
62 1503
62 1507
62 1510
62 1511
62 1514
62 1525
62 1530
62 1532
62 1534
62 1537
62 1556
62 1558
62 1563
62 1566
62 1568
62 1571
62 1573
62 1576
62 1579
62 1580
62 1584
62 1585
62 1588
62 1594
62 1595
62 1596
62 1600
62 1602
62 1612
62 1613
62 1617
62 1623
62 1626
62 1629
62 1630
62 1632
62 1634
62 1637
62 1639
62 1641
62 1646
62 1648
62 1649
62 1650
62 1652
62 1653
62 1656
62 1658
62 1660
62 1662
62 1665
62 1670
62 1671
62 1672
62 1674
62 1679
62 1680
62 1681
62 1682
62 1683
62 1685
62 1687
62 1691
62 1692
62 1693
62 1694
62 1695
62 1696
62 1697
62 1698
62 1699
62 1703
62 1705
62 1706
62 1709
62 1710
62 1713
62 1715
62 1716
62 1718
62 1720
62 1721
62 1726
62 1740
62 1742
62 1743
62 1744
62 1747
62 1748
62 1753
62 1755
62 1757
62 1758
62 1759
62 1760
62 1762
62 1764
62 1766
62 1768
62 1773
62 1774
62 1775
62 1781
62 1782
62 1786
62 1788
62 1790
62 1791
62 1792
62 1794
62 1797
62 1803
62 1805
62 1807
62 1813
62 1814
62 1816
62 1820
62 1844
62 1848
62 1849
62 1851
62 1852
62 1855
62 1858
62 1860
62 1874
62 1878
62 1880
62 1884
62 1907
62 1911
62 1912
62 1916
62 1918
62 1921
62 1922
62 1926
62 1928
62 1929
62 1935
62 1954
62 1965
62 1967
62 1991
62 1992
62 1993
62 1997
62 2001
62 2006
62 2008
62 2011
62 2013
62 2015
62 2019
62 2027
62 2028
62 2030
62 2032
62 2035
62 2036
62 2038
62 2040
62 2043
62 2044
62 2046
62 2048
62 2049
62 2051
62 2053
62 2054
62 2055
62 2059
62 2060
62 2061
62 2066
62 2068
62 2072
62 2077
62 2079
62 2083
62 2084
62 2091
62 2094
62 2095
62 2097
62 2100
62 2101
62 2102
62 2104
62 2108
62 2110
62 2112
62 2118
62 2120
62 2127
62 2130
62 2133
62 2137
62 2139
62 2141
62 2143
62 2146
62 2147
62 2149
62 2150
62 2151
62 2153
62 2154
62 2155
62 2156
62 2166
62 2172
62 2174
62 2175
62 2176
62 2177
62 2181
62 2183
62 2185
62 2187
62 2189
62 2192
62 2197
62 2215
62 2219
62 2221
62 2222
62 2223
62 2224
62 2225
62 2226
62 2227
62 2228
62 2229
62 2230
62 2231
62 2232
62 2233
62 2234
62 2235
62 2242
62 2245
62 2247
62 2248
62 2249
62 2254
62 2256
62 2297
62 2306
62 2311
62 2312
62 2315
62 2317
62 2320
62 2324
62 2329
62 2333
62 2334
62 2335
62 2337
62 2339
62 2340
62 2341
62 2342
62 2344
62 2346
62 2350
62 2352
62 2355
62 2356
62 2359
62 2361
62 2362
62 2364
62 2366
62 2367
62 2369
62 2371
62 2374
62 2375
62 2377
62 2379
62 2381
62 2382
62 2383
62 2384
62 2394
62 2396
62 2398
62 2400
62 2402
62 2403
62 2406
62 2419
62 2420
62 2426
62 2427
62 2428
62 2430
62 2432
62 2434
62 2436
62 2437
62 2438
62 2439
62 2442
62 2444
62 2446
62 2447
62 2448
62 2449
62 2450
62 2451
62 2452
62 2453
62 2454
62 2455
62 2456
62 2458
62 2459
62 2460
62 2461
62 2462
62 2463
62 2464
62 2466
62 2467
62 2473
62 2474
62 2476
62 2477
62 2478
62 2479
62 2480
62 2481
62 2482
62 2483
62 2484
62 2485
62 2486
62 2487
62 2488
62 2489
62 2490
62 2491
62 2492
62 2493
62 2494
62 2495
62 2496
62 2499
62 2501
62 2512
62 2513
62 2516
62 2518
62 2521
62 2523
62 2527
62 2550
62 2552
62 2556
62 2558
62 2561
62 2562
62 2565
62 2567
62 2568
62 2571
62 2572
62 2576
62 2578
62 2579
62 2580
62 2581
62 2582
62 2583
62 2585
62 2588
62 2590
62 2591
62 2593
62 2595
62 2599
62 2601
62 2604
62 2605
62 2606
62 2607
62 2609
62 2611
62 2613
62 2615
62 2620
62 2625
62 2626
62 2627
62 2628
62 2629
62 2630
62 2634
62 2636
62 2637
62 2642
62 2643
62 2644
62 2645
62 2646
62 2649
62 2651
62 2653
62 2654
62 2655
62 2656
62 2657
62 2658
62 2659
62 2660
62 2661
62 2669
62 2671
62 2673
62 2675
62 2677
62 2679
62 2681
62 2683
62 2685
62 2687
62 2689
62 2694
62 2696
62 2698
62 2699
62 2701
62 2702
62 2703
62 2704
62 2705
62 2707
62 2710
62 2711
62 2715
62 2717
62 2720
62 2725
62 2728
62 2730
62 2736
62 2740
62 2741
62 2742
62 2743
62 2744
62 2745
62 2747
62 2750
62 2752
62 2754
62 2756
62 2758
62 2759
62 2761
62 2768
62 2784
62 2786
62 2787
62 2788
62 2789
62 2790
62 2791
62 2792
62 2800
62 2801
62 2802
62 2803
62 2805
62 2806
62 2807
62 2808
62 2809
62 2812
62 2814
62 2818
62 2821
62 2822
62 2823
62 2826
62 2829
62 2832
62 2839
62 2840
62 2841
62 2842
62 2843
62 2844
62 2845
62 2853
62 2854
62 2855
62 2856
62 2859
62 2860
62 2861
62 2862
62 2872
62 2873
62 2874
62 2875
62 2876
62 2877
62 2879
62 2880
62 2888
62 2890
62 2892
62 2896
62 2899
62 2901
62 2903
62 2904
62 2905
62 2906
62 2907
62 2908
62 2909
62 2912
62 2913
62 2914
62 2916
62 2925
62 2927
62 2936
62 2938
62 2940
62 2941
62 2942
62 2946
62 2948
62 2949
62 2950
62 2951
62 2952
62 2954
62 2956
62 2957
62 2958
62 2961
62 2962
62 2966
62 2968
62 2969
62 2970
62 2971
62 2972
62 2973
62 2976
62 2978
62 2980
62 2983
62 2984
62 2985
62 2986
62 2988
62 2994
62 2996
62 2998
62 3000
62 3002
62 3004
62 3006
62 3008
62 3014
62 3016
62 3018
62 3020
62 3022
62 3030
62 3038
62 3039
62 3041
62 3042
62 3045
62 3046
62 3050
62 3051
62 3052
62 3053
62 3054
62 3055
62 3056
62 3057
62 3058
62 3059
62 3061
62 3063
62 3064
62 3068
62 3069
62 3077
62 3078
62 3079
62 3080
62 3081
62 3082
62 3083
62 3085
62 3086
62 3087
62 3088
62 3089
62 3090
62 3092
62 3093
62 3096
62 3099
62 3102
62 3103
62 3105
62 3108
62 3113
62 3116
62 3118
62 3120
62 3122
62 3124
62 3127
62 3129
62 3130
62 3133
62 3135
62 3137
62 3140
62 3141
62 3142
62 3143
62 3145
62 3146
62 3148
62 3149
62 3150
62 3151
62 3152
62 3159
62 3160
62 3161
62 3162
62 3163
62 3164
62 3165
62 3166
62 3167
62 3179
62 3180
62 3183
62 3185
62 3186
62 3188
62 3189
62 3190
62 3191
62 3192
62 3193
62 3194
62 3195
62 3196
62 3197
62 3198
62 3199
62 3200
62 3201
62 3202
62 3203
62 3204
62 3205
62 3206
62 3215
62 3216
62 3218
62 3220
62 3221
62 3222
62 3228
62 3229
62 3232
62 3233
62 3234
62 3235
62 3236
62 3237
62 3238
62 3239
62 3246
62 3248
62 3252
62 3254
62 3257
62 3259
62 3263
62 3266
62 3268
62 3269
62 3271
62 3274
62 3275
62 3285
62 3286
62 3287
62 3288
62 3289
62 3290
62 3291
62 3292
62 3293
62 3300
62 3301
62 3302
62 3306
62 3311
62 3315
62 3317
62 3320
62 3327
62 3329
62 3330
62 3331
62 3332
62 3335
62 3355
62 3357
62 3358
62 3359
62 3360
62 3361
62 3363
62 3364
62 3372
62 3375
62 3376
62 3377
62 3378
62 3380
62 3382
62 3384
62 3386
62 3388
62 3390
62 3392
62 3395
62 3397
62 3401
62 3403
62 3405
62 3407
62 3408
62 3409
62 3411
62 3413
62 3416
62 3422
62 3423
62 3430
62 3433
62 3436
62 3440
62 3443
62 3449
62 3453
62 3455
62 3461
62 3463
62 3464
62 3465
62 3466
62 3467
62 3468
62 3469
62 3470
62 3472
62 3473
62 3474
62 3478
62 3481
62 3483
62 3486
62 3487
62 3488
62 3489
62 3490
62 3491
62 3492
62 3493
62 3494
62 3495
62 3496
62 3522
62 3524
62 3529
62 3530
62 3532
62 3533
62 3534
62 3536
62 3540
62 3542
62 3544
62 3546
62 3556
62 3561
62 3568
62 3579
62 3581
62 3584
62 3588
62 3590
62 3594
62 3599
62 3602
62 3604
62 3606
62 3607
62 3610
62 3612
62 3614
62 3616
62 3618
62 3620
62 3633
62 3636
62 3639
62 3641
62 3643
62 3657
62 3658
62 3659
62 3661
62 3662
62 3663
62 3664
62 3665
62 3666
62 3667
62 3668
62 3702
62 3705
62 3706
62 3710
62 3720
62 3724
62 3730
62 3732
62 3738
62 3739
62 3740
62 3741
62 3742
62 3743
62 3748
62 3749
62 3750
62 3751
62 3758
62 3762
62 3765
62 3768
62 3769
62 3772
62 3774
62 3776
62 3779
62 3785
62 3787
62 3789
62 3792
62 3795
62 3797
62 3800
62 3802
62 3803
62 3804
62 3805
62 3807
62 3808
62 3811
62 3813
62 3815
62 3828
62 3845
62 3847
62 3855
62 3863
62 3864
62 3886
62 3888
62 3889
62 3890
62 3891
62 3892
62 3894
62 3896
62 3897
62 3898
62 3900
62 3903
62 3907
62 3908
62 3909
62 3910
62 3916
62 3918
62 3919
62 3920
62 3924
62 3927
62 3934
62 3935
62 3936
62 3937
62 3938
62 3939
62 3941
62 3942
62 3945
62 3946
62 3947
62 3948
62 3949
62 3950
62 3951
62 3954
62 3959
62 3961
62 3962
62 3964
62 3966
62 3972
62 3973
62 3976
62 3978
62 3986
62 3992
62 3994
62 3996
62 3998
62 4002
62 4003
62 4004
62 4006
62 4008
62 4010
62 4012
62 4013
62 4015
62 4017
62 4018
62 4019
62 4024
62 4026
62 4028
62 4029
62 4034
62 4036
62 4037
62 4038
62 4039
62 4040
62 4041
62 4042
62 4043
62 4046
62 4047
62 4048
62 4050
62 4051
62 4055
62 4056
62 4058
62 4060
62 4061
62 4062
62 4063
62 4066
62 4067
62 4068
62 4069
62 4077
62 4078
62 4079
62 4080
62 4082
62 4083
62 4084
62 4089
62 4091
62 4093
62 4094
62 4095
62 4101
62 4102
62 4104
62 4105
62 4106
62 4107
62 4110
62 4111
62 4112
62 4113
62 4116
62 4118
62 4119
62 4120
62 4121
62 4123
62 4126
62 4127
62 4132
62 4133
62 4135
62 4137
62 4140
62 4141
62 4152
62 4153
62 4154
62 4155
62 4156
62 4159
62 4174
62 4177
62 4197
62 4199
62 4201
62 4202
62 4203
62 4204
62 4206
62 4212
62 4217
62 4218
62 4220
62 4221
62 4224
62 4225
62 4226
62 4227
62 4228
62 4230
62 4231
62 4233
62 4234
62 4238
62 4241
62 4242
62 4243
62 4244
62 4245
62 4246
62 4249
62 4251
62 4254
62 4263
62 4264
62 4265
62 4268
62 4269
62 4270
62 4278
62 4279
62 4281
62 4282
62 4283
62 4284
62 4285
62 4286
62 4287
62 4288
62 4289
62 4290
62 4291
62 4292
62 4293
62 4294
62 4295
62 4303
62 4304
62 4306
62 4307
62 4309
62 4310
62 4311
62 4312
62 4313
62 4315
62 4316
62 4317
62 4318
62 4319
62 4320
62 4321
62 4329
62 4332
62 4333
62 4335
62 4339
62 4340
62 4341
62 4342
62 4348
62 4349
62 4381
62 4385
62 4399
62 4400
62 4406
62 4436
62 4437
62 4438
62 4439
62 4440
62 4442
62 4443
62 4445
62 4446
62 4447
62 4455
62 4456
62 4457
62 4462
62 4463
62 4464
62 4465
62 4466
62 4467
62 4468
62 4470
62 4471
62 4473
62 4475
62 4494
62 4511
62 4512
62 4552
62 4555
62 4557
62 4581
62 4590
62 4592
62 4593
62 4595
62 4597
62 4604
62 4605
62 4606
62 4609
62 4610
62 4611
62 4613
62 4614
62 4615
62 4616
62 4617
62 4618
62 4619
62 4620
62 4637
62 4639
62 4640
62 4641
62 4642
62 4643
62 4644
62 4645
62 4656
62 4659
62 4661
62 4663
62 4665
62 4668
62 4669
62 4749
62 4750
62 4756
62 4757
62 4758
62 4759
62 4760
62 4772
62 4789
62 4790
62 4799
62 4800
62 4801
62 4802
62 4803
62 4804
62 4805
62 4806
62 4808
62 4809
62 4810
62 4811
62 4814
62 4815
62 4818
62 4819
62 7643
62 7649
62 9486
62 9491
62 9560
62 10150
62 15904
62 16795
62 19195
63 6
63 9
63 1015
64 6
65 6
66 6
66 8
66 40
66 49
66 73
66 74
66 75
66 76
66 77
66 86
66 88
66 92
66 93
66 95
66 100
66 101
66 102
66 123
66 124
66 136
66 137
66 138
66 139
66 140
66 142
66 152
66 160
66 202
66 210
66 211
66 249
66 254
66 265
66 270
66 271
66 272
66 273
66 274
66 277
66 278
66 288
66 289
66 292
66 294
66 295
66 296
66 298
66 302
66 303
66 322
66 496
66 517
66 518
66 519
66 541
66 542
66 562
66 586
66 608
66 615
66 626
66 654
66 656
66 676
66 677
66 702
66 745
66 768
66 769
66 804
66 807
66 815
66 830
66 838
66 850
66 863
66 887
66 902
66 1000
66 1013
66 1041
66 1059
66 1067
66 1134
66 1136
66 1138
66 1203
66 1220
66 1320
66 1321
66 1646
66 1675
66 1677
66 1737
66 2060
66 2068
66 2143
66 2362
66 2381
66 2382
66 2555
66 2701
66 2715
66 2954
66 3096
66 3143
66 3145
66 3146
66 3218
66 3271
66 3286
66 3301
66 3436
66 3478
66 3568
66 3678
66 3702
66 3741
66 3843
66 3852
66 3866
66 3868
66 3869
66 4003
66 4036
66 4041
66 4063
66 4068
66 4120
66 4130
66 4179
66 4228
66 4307
66 4310
66 4313
66 4332
66 4456
66 4592
66 4621
66 4750
66 4819
66 7590
66 7639
66 7657
66 7663
66 7897
66 7903
66 8044
66 8045
66 8058
66 8122
66 8252
66 8273
66 8324
66 8325
66 8332
66 8334
66 8335
66 8357
66 8368
66 8374
66 8379
66 8380
66 8382
66 8383
66 8384
66 8398
66 8399
66 8401
66 8407
66 8408
66 8414
66 8415
66 8419
66 8434
66 8440
66 8446
66 8451
66 8456
66 8458
66 8459
66 8463
66 8481
66 8486
66 8487
66 8489
66 8490
66 8495
66 8496
66 8497
66 8501
66 8503
66 8505
66 8509
66 8513
66 8516
66 8520
66 8521
66 8526
66 8533
66 8540
66 8546
66 8549
66 8550
66 8552
66 8555
66 8564
66 8567
66 8569
66 8578
66 8583
66 8584
66 8586
66 8587
66 8588
66 8592
66 8593
66 8594
66 8595
66 8596
66 8597
66 8598
66 8599
66 8603
66 8605
66 8623
66 8629
66 8634
66 8638
66 8652
66 8664
66 8678
66 8699
66 8706
66 8719
66 8722
66 8725
66 8733
66 8744
66 8835
66 8842
66 8847
66 8870
66 8889
66 8894
66 8895
66 8898
66 8899
66 8903
66 8906
66 8907
66 8908
66 8909
66 8910
66 8911
66 8912
66 8914
66 8933
66 8941
66 8953
66 8965
66 8966
66 8967
66 8976
66 8977
66 8978
66 8979
66 8982
66 9000
66 9006
66 9009
66 9010
66 9011
66 9014
66 9019
66 9027
66 9038
66 9040
66 9042
66 9050
66 9052
66 9058
66 9059
66 9065
66 9066
66 9068
66 9069
66 9077
66 9078
66 9079
66 9080
66 9084
66 9087
66 9088
66 9089
66 9118
66 9121
66 9123
66 9134
66 9135
66 9136
66 9138
66 9165
66 9166
66 9181
66 9234
66 9236
66 9239
66 9271
66 9272
66 9275
66 9277
66 9278
66 9288
66 9289
66 9290
66 9291
66 9292
66 9294
66 9295
66 9296
66 9297
66 9298
66 9310
66 9316
66 9317
66 9332
66 9333
66 9334
66 9336
66 9337
66 9338
66 9339
66 9340
66 9341
66 9342
66 9343
66 9344
66 9345
66 9365
66 9368
66 9369
66 9370
66 9371
66 9372
66 9373
66 9374
66 9375
66 9376
66 9377
66 9378
66 9379
66 9380
66 9381
66 9382
66 9383
66 9384
66 9385
66 9387
66 9389
66 9390
66 9391
66 9392
66 9393
66 9394
66 9395
66 9397
66 9398
66 9399
66 9400
66 9401
66 9402
66 9403
66 9404
66 9410
66 9411
66 9412
66 9413
66 9414
66 9415
66 9416
66 9418
66 9419
66 9420
66 9422
66 9423
66 9424
66 9425
66 9430
66 9431
66 9432
66 9433
66 9434
66 9435
66 9436
66 9437
66 9441
66 9442
66 9443
66 9444
66 9445
66 9446
66 9447
66 9448
66 9449
66 9450
66 9451
66 9453
66 9457
66 9458
66 9459
66 9460
66 9461
66 9462
66 9463
66 9464
66 9467
66 9468
66 9469
66 9470
66 9471
66 9472
66 9473
66 9474
66 9475
66 9476
66 9477
66 9478
66 9484
66 9485
66 9492
66 9538
66 9563
66 9588
66 9611
66 9612
66 9614
66 9615
66 9616
66 9636
66 9649
66 9744
66 9750
66 9768
66 9773
66 9774
66 9810
66 9811
66 9817
66 10130
66 14539
66 14623
66 14820
66 23659
67 6
68 6
69 6
70 6
70 224
70 290
70 587
70 596
70 613
70 709
70 716
70 873
70 885
70 931
70 993
70 1047
70 1056
70 1096
70 1216
70 1285
70 1291
70 1528
70 1536
70 1757
70 1801
70 1822
70 1823
70 1843
70 2049
70 2136
70 2272
70 2443
70 2627
70 2630
70 2814
70 3583
70 3584
70 3798
70 4042
70 4132
70 4205
70 4276
70 4656
70 4798
70 9355
70 9558
70 9611
70 10051
70 10052
70 10062
70 10123
70 10127
70 10164
70 10169
70 10177
70 10179
70 10182
70 10185
70 10187
70 10190
70 10196
70 10197
70 10200
70 10203
70 10206
70 10209
70 10212
70 10213
70 10214
70 10215
70 10218
70 10225
70 10226
70 10227
70 10228
70 10230
70 10233
70 10234
70 10235
70 10236
70 10237
70 10238
70 10239
70 10240
70 10241
70 10244
70 10245
70 10250
70 10259
70 10260
70 10261
70 10262
70 10264
70 10265
70 10267
70 10269
70 10270
70 10271
70 10272
70 10273
70 10274
70 10276
70 10279
70 10280
70 10282
70 10283
70 10284
70 10285
70 10286
70 10287
70 10288
70 10289
70 10290
70 10291
70 10292
70 10296
70 10297
70 10298
70 10301
70 10302
70 10303
70 10304
70 10305
70 10308
70 10309
70 10311
70 10312
70 10313
70 10314
70 10315
70 10316
70 10317
70 10318
70 10319
70 10320
70 10322
70 10323
70 10325
70 10326
70 10330
70 10331
70 10332
70 10333
70 10334
70 10335
70 10336
70 10337
70 10338
70 10340
70 10341
70 10343
70 10345
70 10346
70 10348
70 10349
70 10353
70 10355
70 10357
70 10358
70 10360
70 10362
70 10363
70 10364
70 10365
70 10368
70 10370
70 10371
70 10372
70 10373
70 10374
70 10375
70 10379
70 10385
70 10387
70 10391
70 10399
70 10406
70 10408
70 10411
70 10412
70 10414
70 10417
70 10419
70 10420
70 10422
70 10424
70 10437
70 10438
70 10439
70 10445
70 10455
70 10456
70 10463
70 10467
70 10468
70 10469
70 10472
70 10473
70 14575
70 14576
70 14621
70 14622
70 14642
70 14885
70 14886
70 14887
70 14888
70 14889
70 14991
70 15165
70 15187
70 15295
70 15296
70 15357
70 15424
70 15512
70 15629
70 15648
70 15650
70 15708
70 15709
70 15710
70 15711
70 15712
70 15750
70 15801
70 15820
70 15823
70 15824
70 15856
70 15857
70 15858
70 15859
70 15862
70 15872
70 15874
70 15875
70 15876
70 15936
70 15937
70 15990
70 16034
70 16118
70 16122
70 16126
70 16133
70 16135
70 16141
70 16146
70 16148
70 16151
70 16212
70 16213
70 16235
70 16250
70 16251
70 16256
70 16323
70 16338
70 16346
70 16347
70 16350
70 16351
70 16380
70 16391
70 16407
70 16409
70 16419
70 16486
70 16503
70 16509
70 16548
70 16549
70 16574
70 16575
70 16576
70 16578
70 16600
70 16615
70 16667
70 16677
70 16678
70 16680
70 16946
70 16947
70 16993
70 16996
70 16997
70 17106
70 17108
70 17147
70 17151
70 17156
70 17176
70 17181
70 17182
70 17192
70 17194
70 17248
70 17271
70 17274
70 17302
70 17329
70 17370
70 17399
70 17430
70 17431
70 17432
70 17512
70 17535
70 17536
70 17561
70 17564
70 17577
70 17581
70 17587
70 17593
70 17603
70 17610
70 17611
70 17612
70 17622
70 17643
70 17656
70 17662
70 17663
70 17664
70 17667
70 17668
70 17670
70 17671
70 17672
70 17673
70 17706
70 17710
70 17791
70 18095
70 18130
70 18177
70 18182
70 18183
70 18184
70 18185
70 18186
70 18199
70 18235
70 18449
70 18450
70 18451
70 18452
70 18453
70 18479
70 18487
70 18498
70 18524
70 18526
70 18527
70 18529
70 18531
70 18533
70 18554
70 18584
70 18585
70 18586
70 18590
70 18603
70 18604
70 18605
70 18606
70 18607
70 18608
70 18614
70 18616
70 18659
70 18665
70 18675
70 18676
70 18677
70 18678
70 18679
70 18849
70 18978
70 19025
70 19082
70 19151
70 19154
70 19172
70 19196
70 19197
70 19211
70 19235
70 19290
70 19293
70 19294
70 19295
70 19296
70 19297
70 19325
70 19409
70 19548
70 19620
70 19627
70 19655
70 19670
70 19684
70 19722
70 19723
70 19724
70 19725
70 19726
70 19729
70 19730
70 19775
70 19791
70 19872
70 19878
70 19890
70 19895
70 19898
70 19908
70 19909
70 19931
70 19932
70 19939
70 19958
70 19959
70 19960
70 19967
70 19968
70 19969
70 19990
70 20013
70 20014
70 20016
70 20017
70 20035
70 20036
70 20039
70 20040
70 20041
70 20051
70 20059
70 20064
70 20068
70 20076
70 20088
70 20102
70 20109
70 20115
70 20132
70 20145
70 20149
70 20151
70 20154
70 20159
70 20167
70 20171
70 20172
70 20173
70 20187
70 20190
70 20191
70 20195
70 20197
70 20204
70 20212
70 20232
70 20237
70 20240
70 20241
70 20242
70 20244
70 20245
70 20250
70 20305
70 20307
70 20310
70 20311
70 20313
70 20314
70 20322
70 20328
70 20329
70 20330
70 20337
70 20340
70 20342
70 20346
70 20350
70 20356
70 20371
70 20409
70 20488
70 20489
70 20492
70 20493
70 20494
70 20515
70 20516
70 20531
70 20537
70 20579
70 20582
70 20588
70 20589
70 20595
70 20606
70 20607
70 20629
70 20631
70 20670
70 20682
70 20683
70 20684
70 20697
70 20698
70 20699
70 20702
70 20710
70 20711
70 20719
70 20736
70 20852
70 20878
70 20881
70 20927
70 20935
70 20965
70 20976
70 21071
70 21076
70 21156
70 21187
70 21277
70 21302
70 21335
70 21390
70 21397
70 21426
70 21427
70 21428
70 21429
70 21431
70 21436
70 21437
70 21438
70 21440
70 21444
70 21445
70 21449
70 21452
70 21461
70 21466
70 21473
70 21484
70 21491
70 21492
70 21522
70 21525
70 21526
70 21527
70 21543
70 21583
70 21584
70 21585
70 21586
70 21587
70 21588
70 21589
70 21602
70 21611
70 21625
70 21627
70 21630
70 21654
70 21655
70 21694
70 21697
70 21699
70 21730
70 21767
70 21855
70 21877
70 21909
70 21931
70 21935
70 21940
70 21943
70 21957
70 22211
70 22298
70 22300
70 22313
70 22342
70 22367
70 22418
70 22449
70 22458
70 22466
70 22483
70 22492
70 22695
70 22721
70 22725
70 22745
70 22752
70 22754
70 22755
70 22769
70 22771
70 22772
70 22773
70 22774
70 22775
70 22776
70 22777
70 22778
70 22779
70 22780
70 22781
70 22782
70 22784
70 22785
70 22786
70 22793
70 22806
70 22848
70 22864
70 22869
70 22876
70 22879
70 22880
70 22973
70 23100
70 23147
70 23186
70 23199
70 23216
70 23224
70 23236
70 23237
70 23263
70 23264
70 23271
70 24929
70 24931
70 24975
70 24992
70 25009
70 25010
70 25011
70 25033
70 25034
70 25635
70 25650
70 25655
70 25660
70 25685
70 25688
70 25693
70 25694
70 25695
70 25697
70 25699
70 25702
70 25706
70 25735
70 25737
70 25746
70 25747
70 25756
70 25761
70 25768
70 25770
70 25774
70 25776
70 25777
70 25784
71 6
72 8
72 2765
73 8
73 1059
73 2821
74 8
74 681
74 815
74 928
74 1040
74 1053
74 1059
75 8
75 64
75 66
75 67
75 68
75 76
75 77
75 78
75 82
75 86
75 99
75 100
75 107
75 113
75 114
75 119
75 124
75 131
75 133
75 143
75 163
75 169
75 171
75 173
75 177
75 178
75 181
75 186
75 189
75 194
75 195
75 196
75 198
75 199
75 201
75 205
75 207
75 211
75 212
75 223
75 232
75 233
75 235
75 237
75 238
75 239
75 241
75 243
75 245
75 246
75 249
75 250
75 252
75 253
75 254
75 262
75 266
75 268
75 269
75 272
75 278
75 279
75 281
75 284
75 288
75 290
75 291
75 293
75 295
75 298
75 299
75 301
75 303
75 305
75 307
75 308
75 309
75 311
75 313
75 314
75 319
75 325
75 493
75 541
75 546
75 551
75 552
75 563
75 565
75 569
75 570
75 575
75 576
75 580
75 583
75 586
75 587
75 590
75 591
75 593
75 595
75 597
75 598
75 600
75 601
75 603
75 608
75 609
75 610
75 611
75 615
75 616
75 618
75 623
75 624
75 625
75 638
75 640
75 651
75 661
75 672
75 677
75 679
75 681
75 688
75 691
75 692
75 693
75 694
75 695
75 700
75 703
75 708
75 712
75 713
75 715
75 716
75 719
75 721
75 722
75 723
75 724
75 725
75 726
75 730
75 732
75 734
75 741
75 749
75 753
75 754
75 755
75 758
75 759
75 763
75 765
75 766
75 768
75 769
75 772
75 774
75 777
75 782
75 783
75 785
75 787
75 788
75 793
75 798
75 799
75 800
75 807
75 811
75 813
75 815
75 821
75 828
75 832
75 833
75 836
75 839
75 841
75 842
75 849
75 851
75 852
75 853
75 856
75 866
75 875
75 887
75 901
75 908
75 909
75 910
75 912
75 916
75 918
75 926
75 928
75 930
75 940
75 941
75 946
75 953
75 954
75 956
75 964
75 987
75 992
75 1022
75 1028
75 1040
75 1042
75 1045
75 1053
75 1056
75 1057
75 1059
75 1062
75 1065
75 1075
75 1080
75 1085
75 1086
75 1088
75 1091
75 1092
75 1094
75 1106
75 1108
75 1110
75 1113
75 1124
75 1125
75 1131
75 1133
75 1134
75 1136
75 1190
75 1194
75 1204
75 1208
75 1214
75 1216
75 1221
75 1223
75 1228
75 1230
75 1243
75 1258
75 1260
75 1288
75 1301
75 1370
75 1419
75 1422
75 1424
75 1427
75 1435
75 1453
75 1458
75 1459
75 1477
75 1503
75 1510
75 1511
75 1525
75 1530
75 1579
75 1595
75 1602
75 1612
75 1613
75 1629
75 1632
75 1665
75 1668
75 1680
75 1703
75 1733
75 1742
75 1781
75 1782
75 1783
75 1790
75 1807
75 1816
75 1822
75 1848
75 1851
75 1884
75 1913
75 1916
75 1918
75 1935
75 2008
75 2032
75 2040
75 2106
75 2118
75 2145
75 2172
75 2174
75 2181
75 2219
75 2221
75 2226
75 2233
75 2242
75 2264
75 2333
75 2334
75 2341
75 2375
75 2383
75 2389
75 2396
75 2402
75 2419
75 2420
75 2430
75 2436
75 2444
75 2446
75 2462
75 2484
75 2485
75 2489
75 2491
75 2492
75 2493
75 2494
75 2496
75 2499
75 2521
75 2556
75 2572
75 2579
75 2583
75 2613
75 2615
75 2627
75 2653
75 2654
75 2655
75 2656
75 2657
75 2658
75 2659
75 2661
75 2669
75 2671
75 2673
75 2675
75 2677
75 2679
75 2681
75 2683
75 2685
75 2689
75 2694
75 2696
75 2698
75 2701
75 2702
75 2703
75 2705
75 2717
75 2720
75 2725
75 2728
75 2730
75 2826
75 2841
75 2842
75 2861
75 2892
75 2966
75 2970
75 3061
75 3068
75 3133
75 3141
75 3192
75 3203
75 3245
75 3266
75 3268
75 3292
75 3301
75 3311
75 3372
75 3376
75 3377
75 3436
75 3466
75 3469
75 3472
75 3534
75 3542
75 3561
75 3568
75 3579
75 3584
75 3588
75 3616
75 3657
75 3862
75 3907
75 3934
75 3939
75 3976
75 3996
75 3998
75 4018
75 4019
75 4026
75 4028
75 4042
75 4093
75 4101
75 4102
75 4120
75 4121
75 4133
75 4140
75 4221
75 4238
75 4319
75 4332
75 4349
75 4436
75 4437
75 4438
75 4439
75 4440
75 4442
75 4443
75 4445
75 4446
75 4447
75 4456
75 4457
75 4467
75 4484
75 4605
75 4609
75 4620
75 4758
75 4815
75 4820
75 8704
75 16795
76 8
76 101
76 131
76 210
76 212
76 301
76 521
76 546
76 565
76 583
76 586
76 587
76 588
76 590
76 591
76 592
76 595
76 596
76 598
76 600
76 601
76 603
76 604
76 605
76 606
76 607
76 609
76 610
76 611
76 615
76 616
76 617
76 619
76 620
76 622
76 635
76 638
76 640
76 672
76 675
76 681
76 686
76 692
76 694
76 696
76 700
76 703
76 711
76 732
76 734
76 737
76 746
76 749
76 763
76 765
76 766
76 778
76 785
76 789
76 790
76 802
76 807
76 813
76 815
76 821
76 825
76 828
76 830
76 837
76 841
76 848
76 858
76 859
76 862
76 866
76 875
76 887
76 903
76 904
76 906
76 910
76 915
76 916
76 926
76 963
76 992
76 1024
76 1028
76 1040
76 1043
76 1053
76 1077
76 1081
76 1082
76 1084
76 1085
76 1088
76 1095
76 1099
76 1105
76 1108
76 1114
76 1130
76 1142
76 1166
76 1191
76 1194
76 1198
76 1208
76 1210
76 1220
76 1221
76 1223
76 1224
76 1227
76 1228
76 1229
76 1242
76 1243
76 1253
76 1260
76 1271
76 1272
76 1277
76 1280
76 1285
76 1286
76 1289
76 1301
76 1310
76 1326
76 1340
76 1408
76 1422
76 1424
76 1453
76 1478
76 1492
76 1497
76 1507
76 1525
76 1534
76 1556
76 1573
76 1576
76 1595
76 1602
76 1629
76 1637
76 1650
76 1669
76 1687
76 1691
76 1757
76 1762
76 1768
76 1788
76 1794
76 1814
76 1849
76 1852
76 1860
76 1874
76 1878
76 1916
76 1918
76 1928
76 1929
76 1954
76 1965
76 1967
76 1991
76 2001
76 2006
76 2011
76 2036
76 2049
76 2066
76 2072
76 2084
76 2095
76 2097
76 2100
76 2108
76 2110
76 2127
76 2133
76 2137
76 2147
76 2149
76 2150
76 2151
76 2153
76 2154
76 2155
76 2156
76 2172
76 2192
76 2197
76 2242
76 2295
76 2317
76 2320
76 2324
76 2333
76 2340
76 2356
76 2359
76 2361
76 2362
76 2366
76 2369
76 2396
76 2398
76 2400
76 2402
76 2403
76 2419
76 2426
76 2427
76 2432
76 2436
76 2442
76 2444
76 2446
76 2459
76 2499
76 2501
76 2512
76 2552
76 2562
76 2576
76 2581
76 2582
76 2583
76 2607
76 2611
76 2615
76 2628
76 2629
76 2630
76 2634
76 2637
76 2651
76 2701
76 2744
76 2768
76 2800
76 2821
76 2822
76 2845
76 2856
76 2892
76 2909
76 2946
76 2996
76 3004
76 3014
76 3020
76 3051
76 3059
76 3189
76 3190
76 3195
76 3218
76 3254
76 3263
76 3266
76 3268
76 3269
76 3271
76 3275
76 3300
76 3327
76 3329
76 3335
76 3355
76 3363
76 3364
76 3378
76 3380
76 3382
76 3384
76 3388
76 3392
76 3401
76 3440
76 3443
76 3449
76 3463
76 3467
76 3469
76 3470
76 3472
76 3490
76 3522
76 3524
76 3530
76 3532
76 3533
76 3536
76 3579
76 3584
76 3588
76 3607
76 3610
76 3612
76 3614
76 3641
76 3657
76 3665
76 3666
76 3702
76 3705
76 3742
76 3748
76 3749
76 3769
76 3772
76 3776
76 3808
76 3815
76 3845
76 3864
76 3890
76 3894
76 3898
76 3908
76 3916
76 3939
76 3954
76 3959
76 3973
76 3994
76 3998
76 4004
76 4015
76 4040
76 4068
76 4080
76 4101
76 4119
76 4133
76 4135
76 4140
76 4177
76 4199
76 4204
76 4212
76 4230
76 4238
76 4251
76 4254
76 4304
76 4329
76 4332
76 4475
76 4485
76 4639
76 4640
76 4641
76 4642
76 4643
76 4644
76 4645
76 8322
76 8333
76 8649
76 8721
76 8727
76 8744
76 8964
76 8966
76 9138
76 9161
76 9243
76 9272
76 9274
76 9334
76 9358
76 9386
76 9597
76 9627
76 14326
76 14832
76 15739
76 15760
76 15775
76 15897
76 15902
76 15935
76 15947
76 16072
76 16191
76 16197
76 16218
76 16243
76 16262
76 16273
76 16286
76 16353
76 16405
76 16410
76 16431
76 16442
76 16443
76 16469
76 16617
76 16619
76 16622
76 16625
76 16634
76 16661
76 16671
76 16687
76 16722
76 16744
76 16746
76 16798
76 16808
76 16827
76 16831
76 16842
76 16846
76 16889
76 16891
76 16892
76 16987
76 17128
76 17170
76 17210
76 17233
76 17282
76 17288
76 17289
76 17294
76 17295
76 17296
76 17303
76 17305
76 17345
76 17436
76 17440
76 17441
76 17442
76 17480
76 17529
76 17567
76 17596
76 17621
76 17665
76 17681
76 17712
76 17763
76 17773
76 17785
76 17808
76 17916
76 17941
76 17980
76 18015
76 18031
76 18045
76 18100
76 18114
76 18115
76 18121
76 18207
76 18250
76 18256
76 18258
76 18260
76 18261
76 18263
76 18265
76 18267
76 18286
76 18326
76 18334
76 18368
76 18381
76 18475
76 18489
76 18522
76 18535
76 18561
76 18568
76 18579
76 18580
76 18601
76 18635
76 18640
76 18648
76 18668
76 18671
76 18673
76 18689
76 18700
76 18728
76 18731
76 18772
76 18903
76 18922
76 18923
76 18927
76 18965
76 18969
76 18975
76 18978
76 18983
76 19003
76 19051
76 19166
76 19170
76 19186
76 19187
76 19188
76 19189
76 19192
76 19193
76 19195
76 19219
76 19245
76 19265
76 19268
76 19316
76 19351
76 19360
76 19375
76 19391
76 19409
76 19417
76 19435
76 19447
76 19466
76 19470
76 19476
76 19504
76 19519
76 19543
76 19624
76 19646
76 19831
76 19884
76 19948
76 19993
76 20005
76 20075
76 20449
76 20514
76 21069
76 21182
76 21780
76 21856
77 8
77 1021
78 8
79 8
80 8
80 177
81 8
82 8
82 177
83 8
84 8
85 8
86 8
87 8
88 8
88 177
89 8
90 8
91 8
92 8
93 8
94 8
94 40
94 887
94 1040
94 3666
94 3934
94 7665
95 8
95 9789
95 9790
95 10071
95 10461
95 14623
95 24684
96 8
96 15
96 40
96 595
96 677
96 768
96 886
96 887
96 900
96 1478
96 1675
96 2374
96 2962
96 7519
96 7886
96 8050
96 8123
96 8238
96 8239
96 8690
96 8712
96 8744
96 8866
96 8889
96 8914
96 9064
96 9065
96 9067
96 9074
96 9077
96 9083
96 9481
96 9636
96 9729
96 10087
96 10111
96 10128
96 10293
96 14623
96 14625
96 14895
96 14896
96 14898
96 15364
96 19466
96 21752
96 27364
96 27365
96 27434
96 27435
96 27436
96 27437
96 27465
97 8
97 691
97 1528
97 1836
97 1837
97 1838
97 1839
97 1840
97 1841
97 2145
97 3769
97 3772
97 8744
97 14574
97 14623
97 17142
97 17143
97 17170
98 8
98 1040
98 8744
98 18167
98 22902
99 8
100 8
101 8
101 637
101 654
101 655
101 657
101 658
101 677
101 682
101 741
101 745
101 772
101 774
101 790
101 815
101 872
101 984
101 1039
101 1040
101 1125
101 1342
101 1740
101 1742
101 2420
101 2512
101 2818
101 2821
101 2822
101 3218
101 3342
101 3772
101 3800
101 4107
101 4179
101 4789
101 8293
101 9161
101 9162
101 9489
101 19195
102 8
103 8
103 40
103 669
103 887
103 1831
103 1836
103 3808
103 8744
103 8964
103 8968
103 9030
103 9031
103 9032
103 9033
103 9034
103 9035
103 9037
103 9136
103 9137
103 9138
103 9139
103 9159
103 9181
103 9386
103 9388
103 16511
103 16512
103 16745
103 16746
103 17887
103 17888
103 21302
103 23692
103 23694
103 23776
103 24680
103 26234
103 27284
104 8
104 4581
105 8
105 40
105 101
105 102
105 106
105 131
105 158
105 160
105 177
105 187
105 196
105 202
105 210
105 211
105 212
105 213
105 214
105 219
105 224
105 229
105 230
105 231
105 239
105 240
105 242
105 243
105 253
105 256
105 257
105 258
105 263
105 266
105 267
105 275
105 276
105 283
105 287
105 297
105 301
105 318
105 319
105 320
105 321
105 325
105 455
105 521
105 546
105 551
105 554
105 555
105 563
105 565
105 567
105 569
105 570
105 572
105 573
105 575
105 576
105 582
105 583
105 584
105 586
105 587
105 588
105 589
105 590
105 591
105 592
105 593
105 595
105 596
105 597
105 598
105 599
105 600
105 601
105 603
105 604
105 605
105 606
105 607
105 608
105 609
105 610
105 611
105 615
105 616
105 617
105 618
105 619
105 620
105 622
105 623
105 624
105 625
105 635
105 636
105 637
105 638
105 639
105 640
105 641
105 642
105 643
105 644
105 646
105 650
105 651
105 661
105 672
105 675
105 677
105 679
105 680
105 681
105 682
105 683
105 685
105 686
105 687
105 688
105 691
105 692
105 693
105 694
105 695
105 696
105 697
105 698
105 700
105 703
105 708
105 711
105 730
105 732
105 734
105 737
105 743
105 749
105 750
105 756
105 759
105 760
105 763
105 764
105 765
105 766
105 767
105 768
105 778
105 780
105 781
105 785
105 788
105 789
105 790
105 791
105 800
105 801
105 802
105 807
105 813
105 815
105 816
105 819
105 821
105 825
105 828
105 830
105 832
105 841
105 847
105 848
105 851
105 852
105 856
105 858
105 866
105 869
105 875
105 903
105 905
105 908
105 910
105 912
105 914
105 915
105 916
105 918
105 928
105 930
105 933
105 940
105 946
105 950
105 954
105 956
105 960
105 963
105 971
105 975
105 981
105 992
105 996
105 1000
105 1022
105 1024
105 1026
105 1028
105 1030
105 1032
105 1039
105 1040
105 1043
105 1046
105 1048
105 1050
105 1053
105 1056
105 1059
105 1062
105 1065
105 1066
105 1074
105 1077
105 1080
105 1081
105 1082
105 1084
105 1085
105 1086
105 1088
105 1089
105 1090
105 1091
105 1092
105 1093
105 1094
105 1095
105 1098
105 1099
105 1101
105 1102
105 1103
105 1105
105 1106
105 1108
105 1110
105 1112
105 1113
105 1114
105 1116
105 1117
105 1125
105 1126
105 1130
105 1131
105 1132
105 1133
105 1136
105 1138
105 1142
105 1166
105 1191
105 1194
105 1196
105 1198
105 1204
105 1206
105 1207
105 1208
105 1210
105 1211
105 1216
105 1217
105 1218
105 1219
105 1220
105 1221
105 1222
105 1223
105 1224
105 1225
105 1226
105 1227
105 1228
105 1229
105 1230
105 1242
105 1243
105 1244
105 1253
105 1260
105 1265
105 1271
105 1274
105 1277
105 1280
105 1285
105 1286
105 1289
105 1297
105 1301
105 1302
105 1303
105 1307
105 1310
105 1326
105 1340
105 1356
105 1368
105 1370
105 1372
105 1384
105 1408
105 1410
105 1415
105 1418
105 1419
105 1422
105 1423
105 1424
105 1425
105 1426
105 1427
105 1428
105 1435
105 1453
105 1459
105 1478
105 1492
105 1500
105 1507
105 1510
105 1514
105 1525
105 1530
105 1534
105 1537
105 1558
105 1568
105 1573
105 1576
105 1584
105 1588
105 1594
105 1595
105 1596
105 1600
105 1602
105 1612
105 1617
105 1623
105 1626
105 1629
105 1630
105 1632
105 1634
105 1637
105 1639
105 1641
105 1650
105 1656
105 1668
105 1669
105 1670
105 1671
105 1674
105 1683
105 1685
105 1687
105 1691
105 1705
105 1706
105 1710
105 1716
105 1722
105 1734
105 1740
105 1742
105 1743
105 1744
105 1748
105 1753
105 1755
105 1757
105 1758
105 1759
105 1760
105 1762
105 1764
105 1766
105 1768
105 1775
105 1786
105 1788
105 1792
105 1794
105 1807
105 1813
105 1814
105 1816
105 1849
105 1852
105 1855
105 1858
105 1860
105 1874
105 1878
105 1880
105 1884
105 1916
105 1918
105 1922
105 1926
105 1928
105 1929
105 1954
105 1965
105 1967
105 1991
105 1992
105 1993
105 1997
105 2001
105 2006
105 2011
105 2013
105 2015
105 2017
105 2019
105 2030
105 2036
105 2038
105 2040
105 2043
105 2044
105 2046
105 2048
105 2049
105 2051
105 2053
105 2054
105 2055
105 2059
105 2060
105 2061
105 2066
105 2068
105 2072
105 2077
105 2079
105 2083
105 2084
105 2095
105 2097
105 2100
105 2102
105 2104
105 2108
105 2110
105 2112
105 2120
105 2127
105 2130
105 2133
105 2137
105 2139
105 2141
105 2148
105 2156
105 2166
105 2169
105 2172
105 2181
105 2183
105 2185
105 2189
105 2192
105 2197
105 2215
105 2242
105 2256
105 2295
105 2306
105 2311
105 2312
105 2315
105 2317
105 2320
105 2324
105 2329
105 2333
105 2334
105 2335
105 2340
105 2341
105 2342
105 2346
105 2350
105 2352
105 2355
105 2356
105 2359
105 2361
105 2364
105 2366
105 2367
105 2369
105 2374
105 2375
105 2377
105 2379
105 2383
105 2384
105 2394
105 2396
105 2398
105 2400
105 2403
105 2406
105 2420
105 2428
105 2430
105 2432
105 2434
105 2436
105 2439
105 2442
105 2444
105 2501
105 2512
105 2513
105 2516
105 2518
105 2523
105 2527
105 2550
105 2552
105 2555
105 2556
105 2558
105 2561
105 2562
105 2565
105 2567
105 2568
105 2571
105 2572
105 2576
105 2578
105 2580
105 2581
105 2593
105 2601
105 2607
105 2611
105 2613
105 2615
105 2620
105 2625
105 2626
105 2627
105 2628
105 2629
105 2630
105 2634
105 2636
105 2637
105 2651
105 2701
105 2703
105 2705
105 2717
105 2720
105 2736
105 2743
105 2744
105 2745
105 2747
105 2750
105 2752
105 2768
105 2800
105 2801
105 2802
105 2803
105 2805
105 2806
105 2807
105 2808
105 2809
105 2812
105 2814
105 2818
105 2821
105 2822
105 2823
105 2826
105 2839
105 2840
105 2841
105 2842
105 2843
105 2844
105 2845
105 2853
105 2854
105 2855
105 2856
105 2859
105 2860
105 2861
105 2862
105 2888
105 2890
105 2892
105 2896
105 2899
105 2901
105 2903
105 2904
105 2905
105 2906
105 2907
105 2908
105 2909
105 2912
105 2913
105 2914
105 2916
105 2927
105 2936
105 2946
105 2948
105 2949
105 2950
105 2951
105 2952
105 2954
105 2956
105 2958
105 2962
105 2966
105 2968
105 2970
105 2971
105 2972
105 2973
105 2976
105 2978
105 2980
105 2983
105 2984
105 2985
105 2986
105 2988
105 2994
105 2996
105 2998
105 3000
105 3002
105 3004
105 3006
105 3008
105 3014
105 3016
105 3018
105 3020
105 3022
105 3030
105 3039
105 3041
105 3059
105 3064
105 3068
105 3069
105 3093
105 3096
105 3099
105 3105
105 3120
105 3122
105 3124
105 3129
105 3130
105 3185
105 3186
105 3188
105 3189
105 3190
105 3191
105 3192
105 3193
105 3194
105 3195
105 3196
105 3197
105 3198
105 3199
105 3200
105 3201
105 3202
105 3203
105 3204
105 3205
105 3206
105 3215
105 3216
105 3218
105 3221
105 3222
105 3228
105 3229
105 3232
105 3234
105 3235
105 3236
105 3237
105 3238
105 3239
105 3245
105 3246
105 3248
105 3252
105 3254
105 3257
105 3259
105 3263
105 3266
105 3268
105 3269
105 3271
105 3274
105 3275
105 3285
105 3300
105 3301
105 3302
105 3306
105 3311
105 3315
105 3317
105 3320
105 3327
105 3329
105 3335
105 3355
105 3363
105 3378
105 3380
105 3382
105 3384
105 3386
105 3388
105 3390
105 3392
105 3395
105 3397
105 3401
105 3403
105 3407
105 3408
105 3409
105 3411
105 3413
105 3422
105 3423
105 3430
105 3433
105 3436
105 3440
105 3443
105 3449
105 3453
105 3455
105 3461
105 3463
105 3464
105 3465
105 3466
105 3467
105 3468
105 3469
105 3470
105 3472
105 3478
105 3490
105 3522
105 3524
105 3529
105 3530
105 3532
105 3533
105 3534
105 3536
105 3540
105 3544
105 3546
105 3556
105 3579
105 3581
105 3584
105 3588
105 3590
105 3594
105 3599
105 3602
105 3604
105 3606
105 3607
105 3610
105 3612
105 3614
105 3616
105 3618
105 3620
105 3633
105 3636
105 3639
105 3641
105 3643
105 3657
105 3658
105 3659
105 3661
105 3662
105 3663
105 3664
105 3665
105 3666
105 3667
105 3668
105 3702
105 3705
105 3730
105 3732
105 3741
105 3742
105 3748
105 3749
105 3750
105 3772
105 3785
105 3805
105 3813
105 3815
105 3828
105 3864
105 3867
105 3870
105 3890
105 3892
105 3894
105 3898
105 3913
105 3916
105 3939
105 3954
105 3959
105 3964
105 3973
105 3994
105 3998
105 4004
105 4008
105 4010
105 4012
105 4013
105 4015
105 4017
105 4024
105 4029
105 4034
105 4040
105 4042
105 4046
105 4050
105 4063
105 4068
105 4080
105 4089
105 4091
105 4101
105 4119
105 4120
105 4121
105 4130
105 4133
105 4135
105 4137
105 4140
105 4141
105 4153
105 4154
105 4155
105 4156
105 4159
105 4174
105 4177
105 4197
105 4199
105 4201
105 4202
105 4203
105 4204
105 4206
105 4212
105 4217
105 4218
105 4220
105 4221
105 4228
105 4230
105 4231
105 4238
105 4246
105 4249
105 4251
105 4254
105 4263
105 4265
105 4268
105 4269
105 4270
105 4304
105 4306
105 4332
105 4335
105 4456
105 4475
105 4485
105 4511
105 4512
105 4555
105 4581
105 4605
105 4606
105 4610
105 4613
105 4619
105 4620
105 4637
105 4639
105 4641
105 4642
105 4643
105 4644
105 4645
105 4757
105 4758
105 4759
105 4760
105 4772
105 4789
105 4790
105 4799
105 4800
105 4801
105 4802
105 4803
105 7654
105 7657
105 7663
105 7675
105 7903
105 8238
105 8273
105 8322
105 8368
105 8648
105 8649
105 8691
105 8706
105 8712
105 8720
105 8721
105 8722
105 8727
105 8835
105 8842
105 8864
105 8870
105 8889
105 8907
105 8912
105 8964
105 8965
105 8966
105 8973
105 8978
105 8985
105 9041
105 9050
105 9052
105 9059
105 9065
105 9069
105 9071
105 9081
105 9084
105 9123
105 9134
105 9135
105 9136
105 9138
105 9166
105 9181
105 9234
105 9236
105 9239
105 9272
105 9274
105 9276
105 9277
105 9278
105 9281
105 9288
105 9334
105 9335
105 9338
105 9358
105 9386
105 9404
105 9410
105 9412
105 9414
105 9416
105 9417
105 9418
105 9423
105 9424
105 9441
105 9442
105 9443
105 9444
105 9445
105 9446
105 9447
105 9448
105 9449
105 9450
105 9453
105 9454
105 9457
105 9458
105 9459
105 9460
105 9461
105 9462
105 9463
105 9464
105 9467
105 9468
105 9469
105 9470
105 9471
105 9472
105 9473
105 9474
105 9475
105 9481
105 9484
105 9485
105 9492
105 9527
105 9528
105 9532
105 9533
105 9535
105 9560
105 9570
105 9579
105 9588
105 9593
105 9594
105 9597
105 9627
105 9717
105 9736
105 9750
105 9757
105 10150
105 16795
105 23659
106 8
107 8
107 118
107 274
107 296
107 562
107 576
107 597
107 605
107 669
107 674
107 740
107 749
107 795
107 887
107 903
107 974
107 1040
107 1106
107 1109
107 1646
107 1650
107 1681
107 1699
107 1713
107 1715
107 2118
107 2366
107 2580
107 3083
107 3275
107 3332
107 3532
107 3533
107 3534
107 3568
107 3588
107 3612
107 3614
107 3702
107 3769
107 3807
107 4179
107 4226
107 4263
107 4270
107 4749
107 8223
107 8692
107 8720
107 8721
107 8725
107 8744
107 9064
107 9084
107 9358
107 9717
107 9791
107 9882
107 9899
107 9914
107 9924
107 10127
107 15107
107 15110
107 15739
107 17733
107 17895
107 19171
107 19190
107 19195
107 19236
107 19980
107 20063
107 21070
107 21103
107 21732
107 21932
107 21940
107 21959
107 22209
107 22242
107 22264
107 22519
107 22539
107 22577
107 22665
107 22852
107 22909
107 22914
107 22916
107 23107
107 23625
107 23627
107 23969
107 23971
107 24033
107 24058
107 24062
107 24071
107 24119
107 24302
107 24706
107 26651
107 26762
107 27378
107 27379
107 27381
107 27750
107 27756
107 27762
107 27763
107 27764
107 27765
107 27932
108 8
108 677
108 681
108 742
108 1053
108 1059
108 3710
108 3762
109 8
109 887
109 7593
109 8744
109 9065
109 10127
109 17305
109 17436
109 17738
109 18167
109 18508
109 18522
109 19466
109 19578
109 21499
109 21504
109 21548
109 21793
109 21794
109 21806
109 21810
109 21950
109 22928
110 8
110 101
110 102
110 106
110 118
110 158
110 160
110 177
110 187
110 189
110 196
110 202
110 210
110 211
110 212
110 213
110 214
110 219
110 224
110 229
110 230
110 231
110 240
110 242
110 253
110 256
110 257
110 258
110 263
110 266
110 267
110 269
110 275
110 276
110 283
110 287
110 297
110 301
110 318
110 319
110 320
110 321
110 455
110 521
110 546
110 551
110 554
110 555
110 563
110 565
110 567
110 569
110 570
110 572
110 573
110 575
110 576
110 582
110 584
110 586
110 587
110 588
110 589
110 590
110 591
110 592
110 593
110 595
110 596
110 598
110 599
110 600
110 601
110 603
110 604
110 605
110 606
110 607
110 608
110 609
110 610
110 611
110 615
110 616
110 617
110 618
110 619
110 620
110 622
110 623
110 624
110 625
110 635
110 636
110 637
110 638
110 639
110 640
110 641
110 642
110 643
110 644
110 646
110 648
110 651
110 661
110 672
110 675
110 677
110 679
110 680
110 681
110 682
110 683
110 686
110 687
110 688
110 691
110 692
110 693
110 694
110 695
110 696
110 697
110 698
110 700
110 703
110 711
110 730
110 732
110 734
110 737
110 750
110 756
110 759
110 760
110 763
110 764
110 765
110 766
110 767
110 768
110 778
110 780
110 781
110 785
110 788
110 789
110 790
110 791
110 800
110 801
110 802
110 807
110 813
110 815
110 816
110 817
110 819
110 821
110 825
110 828
110 830
110 832
110 847
110 848
110 851
110 852
110 856
110 858
110 866
110 875
110 903
110 904
110 905
110 906
110 908
110 910
110 912
110 914
110 915
110 916
110 918
110 928
110 930
110 940
110 946
110 950
110 954
110 956
110 960
110 963
110 971
110 975
110 981
110 992
110 996
110 1000
110 1022
110 1024
110 1028
110 1030
110 1032
110 1039
110 1040
110 1043
110 1046
110 1048
110 1050
110 1053
110 1056
110 1059
110 1062
110 1065
110 1066
110 1074
110 1077
110 1080
110 1081
110 1082
110 1084
110 1085
110 1086
110 1088
110 1089
110 1090
110 1091
110 1092
110 1093
110 1094
110 1095
110 1098
110 1099
110 1101
110 1102
110 1103
110 1105
110 1106
110 1108
110 1111
110 1112
110 1116
110 1117
110 1125
110 1126
110 1130
110 1131
110 1138
110 1142
110 1166
110 1191
110 1194
110 1196
110 1198
110 1204
110 1206
110 1207
110 1208
110 1210
110 1211
110 1216
110 1217
110 1218
110 1219
110 1220
110 1221
110 1222
110 1223
110 1224
110 1225
110 1226
110 1227
110 1228
110 1229
110 1230
110 1242
110 1243
110 1244
110 1253
110 1260
110 1265
110 1266
110 1269
110 1271
110 1272
110 1274
110 1277
110 1280
110 1285
110 1286
110 1297
110 1302
110 1307
110 1310
110 1326
110 1340
110 1356
110 1368
110 1370
110 1372
110 1384
110 1408
110 1410
110 1415
110 1418
110 1419
110 1422
110 1423
110 1424
110 1426
110 1427
110 1428
110 1435
110 1453
110 1459
110 1478
110 1492
110 1497
110 1500
110 1507
110 1510
110 1514
110 1525
110 1530
110 1534
110 1537
110 1556
110 1558
110 1568
110 1571
110 1573
110 1576
110 1584
110 1588
110 1594
110 1595
110 1596
110 1600
110 1602
110 1612
110 1617
110 1623
110 1626
110 1629
110 1632
110 1634
110 1637
110 1639
110 1641
110 1646
110 1648
110 1650
110 1653
110 1656
110 1660
110 1670
110 1671
110 1674
110 1679
110 1680
110 1681
110 1683
110 1685
110 1687
110 1691
110 1692
110 1693
110 1694
110 1695
110 1696
110 1697
110 1698
110 1703
110 1705
110 1706
110 1710
110 1715
110 1718
110 1744
110 1748
110 1753
110 1755
110 1757
110 1758
110 1759
110 1760
110 1762
110 1764
110 1766
110 1768
110 1775
110 1786
110 1788
110 1792
110 1794
110 1807
110 1813
110 1814
110 1816
110 1820
110 1849
110 1852
110 1855
110 1858
110 1860
110 1874
110 1878
110 1880
110 1884
110 1911
110 1916
110 1918
110 1922
110 1926
110 1928
110 1929
110 1954
110 1965
110 1967
110 1991
110 1992
110 1993
110 1997
110 2001
110 2006
110 2011
110 2027
110 2030
110 2036
110 2038
110 2040
110 2043
110 2044
110 2046
110 2048
110 2049
110 2051
110 2053
110 2054
110 2055
110 2059
110 2060
110 2061
110 2066
110 2068
110 2072
110 2077
110 2079
110 2083
110 2084
110 2095
110 2097
110 2100
110 2104
110 2108
110 2110
110 2112
110 2120
110 2127
110 2130
110 2133
110 2137
110 2139
110 2141
110 2143
110 2146
110 2147
110 2149
110 2150
110 2151
110 2153
110 2154
110 2155
110 2156
110 2166
110 2172
110 2174
110 2175
110 2176
110 2177
110 2181
110 2183
110 2185
110 2189
110 2192
110 2197
110 2215
110 2242
110 2256
110 2295
110 2297
110 2306
110 2311
110 2312
110 2315
110 2317
110 2320
110 2324
110 2329
110 2333
110 2334
110 2335
110 2339
110 2340
110 2342
110 2344
110 2346
110 2350
110 2352
110 2355
110 2356
110 2359
110 2361
110 2362
110 2364
110 2366
110 2367
110 2369
110 2371
110 2374
110 2375
110 2377
110 2379
110 2381
110 2382
110 2383
110 2384
110 2394
110 2396
110 2398
110 2400
110 2402
110 2403
110 2406
110 2419
110 2420
110 2426
110 2427
110 2428
110 2430
110 2432
110 2434
110 2436
110 2439
110 2442
110 2444
110 2459
110 2501
110 2512
110 2513
110 2516
110 2518
110 2523
110 2526
110 2527
110 2550
110 2552
110 2556
110 2558
110 2561
110 2562
110 2565
110 2567
110 2568
110 2571
110 2572
110 2576
110 2578
110 2579
110 2580
110 2581
110 2582
110 2583
110 2593
110 2595
110 2599
110 2601
110 2607
110 2609
110 2611
110 2613
110 2615
110 2620
110 2625
110 2626
110 2627
110 2628
110 2629
110 2630
110 2634
110 2636
110 2637
110 2651
110 2701
110 2703
110 2705
110 2715
110 2717
110 2736
110 2743
110 2744
110 2768
110 2800
110 2801
110 2802
110 2803
110 2805
110 2806
110 2807
110 2808
110 2809
110 2812
110 2814
110 2818
110 2821
110 2822
110 2823
110 2826
110 2839
110 2840
110 2841
110 2842
110 2843
110 2844
110 2845
110 2853
110 2854
110 2855
110 2856
110 2859
110 2860
110 2861
110 2862
110 2888
110 2890
110 2892
110 2896
110 2899
110 2901
110 2903
110 2904
110 2905
110 2906
110 2907
110 2908
110 2909
110 2912
110 2913
110 2914
110 2916
110 2927
110 2936
110 2946
110 2948
110 2949
110 2950
110 2951
110 2954
110 2956
110 2958
110 2966
110 2968
110 2970
110 2971
110 2972
110 2973
110 2976
110 2978
110 2980
110 2984
110 2985
110 2986
110 2988
110 2994
110 2996
110 2998
110 3000
110 3002
110 3004
110 3006
110 3008
110 3014
110 3016
110 3018
110 3020
110 3022
110 3030
110 3051
110 3059
110 3061
110 3064
110 3068
110 3069
110 3093
110 3096
110 3099
110 3105
110 3120
110 3122
110 3124
110 3129
110 3130
110 3185
110 3186
110 3188
110 3189
110 3190
110 3191
110 3192
110 3193
110 3194
110 3195
110 3196
110 3197
110 3198
110 3199
110 3200
110 3201
110 3202
110 3203
110 3204
110 3205
110 3206
110 3215
110 3216
110 3218
110 3220
110 3221
110 3222
110 3228
110 3229
110 3232
110 3233
110 3234
110 3235
110 3236
110 3237
110 3238
110 3239
110 3245
110 3246
110 3248
110 3252
110 3254
110 3257
110 3259
110 3263
110 3266
110 3268
110 3269
110 3271
110 3274
110 3275
110 3285
110 3300
110 3301
110 3302
110 3306
110 3311
110 3315
110 3317
110 3320
110 3327
110 3329
110 3335
110 3355
110 3363
110 3364
110 3378
110 3380
110 3382
110 3384
110 3386
110 3388
110 3390
110 3392
110 3395
110 3397
110 3401
110 3403
110 3407
110 3408
110 3409
110 3411
110 3413
110 3422
110 3423
110 3430
110 3433
110 3436
110 3440
110 3443
110 3449
110 3453
110 3455
110 3461
110 3463
110 3464
110 3465
110 3466
110 3467
110 3468
110 3469
110 3470
110 3472
110 3478
110 3490
110 3522
110 3524
110 3529
110 3530
110 3532
110 3533
110 3534
110 3536
110 3540
110 3544
110 3556
110 3579
110 3581
110 3584
110 3588
110 3590
110 3594
110 3599
110 3602
110 3604
110 3606
110 3607
110 3610
110 3612
110 3614
110 3616
110 3618
110 3620
110 3633
110 3636
110 3639
110 3641
110 3643
110 3657
110 3658
110 3659
110 3661
110 3662
110 3663
110 3664
110 3665
110 3666
110 3667
110 3668
110 3702
110 3705
110 3730
110 3732
110 3741
110 3742
110 3748
110 3749
110 3750
110 3769
110 3772
110 3785
110 3805
110 3807
110 3813
110 3815
110 3828
110 3863
110 3864
110 3890
110 3892
110 3894
110 3897
110 3898
110 3903
110 3907
110 3908
110 3916
110 3939
110 3954
110 3959
110 3964
110 3973
110 3994
110 3998
110 4004
110 4008
110 4010
110 4012
110 4013
110 4015
110 4017
110 4024
110 4029
110 4034
110 4040
110 4042
110 4046
110 4050
110 4063
110 4068
110 4080
110 4101
110 4119
110 4120
110 4121
110 4123
110 4133
110 4135
110 4137
110 4140
110 4141
110 4153
110 4154
110 4155
110 4156
110 4159
110 4174
110 4177
110 4197
110 4199
110 4201
110 4202
110 4203
110 4204
110 4206
110 4212
110 4217
110 4218
110 4220
110 4221
110 4228
110 4230
110 4231
110 4238
110 4246
110 4251
110 4254
110 4263
110 4265
110 4268
110 4269
110 4270
110 4304
110 4306
110 4332
110 4335
110 4456
110 4475
110 4485
110 4511
110 4512
110 4555
110 4581
110 4592
110 4605
110 4606
110 4610
110 4613
110 4619
110 4637
110 4639
110 4640
110 4641
110 4642
110 4643
110 4644
110 4645
110 4757
110 4758
110 4759
110 4760
110 4772
110 4789
110 4790
110 4800
110 4801
110 4802
110 4803
110 7654
110 7657
110 7663
110 7675
110 8238
110 8273
110 8322
110 8368
110 8648
110 8649
110 8652
110 8678
110 8691
110 8706
110 8712
110 8719
110 8720
110 8721
110 8722
110 8725
110 8727
110 8835
110 8842
110 8847
110 8864
110 8866
110 8870
110 8874
110 8889
110 8907
110 8914
110 8933
110 8964
110 8965
110 8966
110 8967
110 8973
110 8978
110 8985
110 9006
110 9035
110 9041
110 9050
110 9052
110 9059
110 9065
110 9068
110 9069
110 9071
110 9081
110 9084
110 9123
110 9134
110 9135
110 9136
110 9138
110 9161
110 9166
110 9181
110 9234
110 9236
110 9239
110 9243
110 9246
110 9272
110 9274
110 9276
110 9277
110 9278
110 9281
110 9288
110 9318
110 9334
110 9335
110 9338
110 9352
110 9354
110 9358
110 9386
110 9417
110 9453
110 9454
110 9468
110 9481
110 9484
110 9485
110 9492
110 9527
110 9528
110 9532
110 9533
110 9535
110 9560
110 9570
110 9579
110 9588
110 9593
110 9594
110 9597
110 9627
110 9736
110 9750
110 9757
110 9760
110 9762
110 9776
110 9777
110 9782
110 9783
110 9793
110 9794
110 9795
110 9802
110 9803
110 9818
110 9821
110 9882
110 9899
110 9907
110 9910
110 9914
110 9921
110 9926
110 9927
110 9933
110 9964
110 9965
110 9967
110 9968
110 9969
110 9970
110 9971
110 9972
110 9979
110 9980
110 9982
110 9984
110 9994
110 9995
110 9996
110 10006
110 10033
110 10038
110 10042
110 10107
110 10146
110 10150
110 10300
110 10426
110 10435
110 10454
110 10476
110 14425
110 14549
110 14550
110 14551
110 14568
110 14574
110 14589
110 14612
110 14613
110 14657
110 14821
110 14832
110 14856
110 14865
110 14899
110 14928
110 14929
110 14934
110 14977
110 14989
110 15040
110 15098
110 15104
110 15130
110 15191
110 15243
110 15246
110 15259
110 15372
110 15454
110 15456
110 15457
110 15458
110 15473
110 15504
110 15554
110 15555
110 15579
110 15585
110 15615
110 15621
110 15647
110 16795
111 8
111 17530
112 8
112 23956
113 8
113 166
113 170
113 179
113 277
113 584
113 603
113 657
113 700
113 711
113 744
113 1040
113 1043
113 1492
113 2102
113 2581
113 2629
113 2808
113 2842
113 2946
113 3579
113 3741
113 3762
113 4179
113 4220
113 8123
113 8725
113 8744
113 9488
113 9905
113 10036
113 10127
113 14642
113 16831
113 17436
113 17567
113 18256
113 19481
113 19482
113 19483
113 19490
113 19522
113 19548
113 19549
113 19776
113 19980
113 19992
113 20075
113 20205
113 20210
113 20238
113 22027
113 22028
114 8
114 1059
115 8
116 8
116 928
116 8725
116 9493
116 18471
116 18494
116 21709
116 21712
117 8
117 105
117 803
117 824
117 4303
117 4335
117 8744
117 9550
117 10128
117 18922
117 19192
117 21603
117 26484
117 27774
117 27829
117 27831
117 27942
117 27943
117 28134
117 28136
117 28137
117 28138
117 28139
117 28140
117 28141
117 28142
117 28143
117 28144
117 28202
117 28206
117 28235
117 28334
117 28416
117 28828
117 28926
118 9
118 9239
118 9277
118 9334
118 13145
118 14657
118 16160
118 17145
118 17805
118 17886
118 21751
119 9
119 778
119 783
119 956
119 1221
119 1568
119 3998
119 8691
119 9419
119 14624
119 16973
119 19187
119 21015
119 23453
120 11
120 168
120 306
120 552
120 625
120 662
120 708
120 749
120 887
120 1056
120 2172
120 2446
120 2620
120 7675
120 8744
120 8981
120 8983
120 8985
120 8999
120 9074
120 9480
120 9515
120 9516
120 9518
120 9543
120 9544
120 9545
120 9546
120 9547
120 9555
120 9751
121 11
122 11
122 95
122 4187
122 7628
122 7679
122 7700
122 7701
122 8079
122 8351
122 8744
122 15943
122 20997
122 23252
122 24576
122 28923
123 37
123 991
123 1079
123 1526
123 1565
123 1810
123 1817
123 1872
123 1925
123 1932
123 2105
123 2170
123 2280
123 3060
123 4731
124 38
124 41
124 46
124 55
124 66
124 74
124 115
124 118
124 190
124 514
124 552
124 590
124 598
124 676
124 825
124 873
124 887
124 969
124 1208
124 1258
124 1325
124 1368
124 1570
124 1652
124 1653
124 1658
124 1675
124 2402
124 2555
124 3037
124 3087
124 3360
124 3947
124 4179
124 4187
124 4278
124 4788
124 4807
124 7510
124 7568
124 7664
124 7686
124 7752
124 7902
124 7904
124 8044
124 8062
124 8101
124 8127
124 8128
124 8229
124 8359
124 8360
124 8374
124 8643
124 8744
124 8966
124 8968
124 9036
124 9038
124 9040
124 9074
124 9438
124 9538
124 9611
124 9636
124 10080
124 10087
124 10097
124 10169
124 10354
124 10356
124 10475
124 10478
124 14198
124 14583
124 14620
124 14623
124 14816
124 15090
124 15367
124 15456
124 15474
124 15475
124 15503
124 15592
124 15674
124 15770
124 15771
124 15774
124 15793
124 15833
124 15943
124 16060
124 16170
124 16284
124 16424
124 16426
124 16546
124 16660
124 16690
124 16715
124 16746
124 16828
124 16859
124 16860
124 17019
124 17634
124 17835
124 17964
124 18075
124 18076
124 18077
124 18078
124 21203
124 21357
124 21434
124 22068
124 23602
124 25673
125 40
125 65
125 90
125 241
125 270
125 278
125 291
125 517
125 542
125 600
125 605
125 825
125 885
125 887
125 1059
125 1248
125 1353
125 1355
125 1356
125 1361
125 1363
125 1365
125 1433
125 1602
125 1631
125 1878
125 1918
125 1919
125 1920
125 1925
125 1954
125 2009
125 2012
125 2013
125 2014
125 2015
125 2016
125 2017
125 2018
125 2071
125 2097
126 40
126 95
126 119
126 620
126 954
126 4547
127 40
127 887
127 9773
127 14063
127 15927
128 40
128 45
128 84
128 518
128 626
128 742
128 825
128 830
128 887
128 901
128 928
128 972
128 1675
128 2420
128 3872
128 4251
128 4263
128 7517
128 7590
128 7591
128 7897
128 7903
128 7964
128 8044
128 8054
128 8122
128 8123
128 8124
128 8293
128 8331
128 8409
128 8410
128 8411
128 8412
128 8413
128 8415
128 8416
128 8417
128 8418
128 8419
128 8420
128 8421
128 8422
128 8423
128 8424
128 8425
128 8426
128 8427
128 8442
128 8478
128 8634
128 8637
128 8726
128 8835
128 8856
128 8898
128 8899
128 8933
128 8957
128 8969
128 8974
128 8975
128 9021
128 9066
128 9081
128 9112
128 9160
128 9198
128 9611
128 10459
128 10461
128 13587
128 14250
128 14380
128 14623
128 14624
128 14625
128 14628
128 14782
128 15848
128 16430
128 16620
128 19191
128 23439
129 40
129 156
129 172
129 586
129 620
129 856
129 863
129 867
129 887
129 967
129 993
129 1131
129 1193
129 1297
129 1755
129 1758
129 1760
129 1768
129 2055
129 2060
129 2066
129 2563
129 2702
129 3998
129 4002
129 4004
129 4153
129 4234
129 4241
129 4243
129 4245
129 4263
129 4278
129 4381
129 4392
129 4462
129 4581
129 4665
129 4668
129 7560
129 7697
129 7904
129 8044
129 8123
129 8165
129 8332
129 8377
129 8382
129 8392
129 8393
129 8394
129 8396
129 8398
129 8399
129 8400
129 8401
129 8402
129 8403
129 8405
129 8406
129 8579
129 8603
129 8607
129 8706
129 8725
129 8744
129 8884
129 9040
129 9777
129 9902
129 10095
129 10129
129 10198
129 10199
129 10358
129 10365
129 10386
129 10390
129 10401
129 10403
129 14625
129 14879
129 15739
129 15741
129 15902
129 15961
129 16124
129 16645
129 24790
130 40
130 514
130 676
130 887
130 1059
130 8119
130 10071
130 10087
130 10095
130 10128
130 10460
130 14623
130 14624
130 15722
131 40
131 66
131 105
131 150
131 210
131 242
131 246
131 269
131 289
131 595
131 636
131 732
131 791
131 793
131 795
131 830
131 875
131 887
131 928
131 956
131 960
131 1084
131 1214
131 1229
131 1245
131 1277
131 1409
131 1807
131 2156
131 2166
131 2367
131 2419
131 2420
131 2580
131 2927
131 2968
131 3118
131 3300
131 3546
131 3663
131 3738
131 3762
131 4179
131 4203
131 4244
131 7554
131 7560
131 7590
131 7643
131 7663
131 7903
131 7904
131 7943
131 7944
131 7945
131 7946
131 7947
131 7950
131 7951
131 7952
131 7953
131 7962
131 7998
131 8010
131 8122
131 8123
131 8717
131 8725
131 8744
131 8874
131 9038
131 9074
131 9353
131 9454
131 9611
131 9757
131 9965
131 9997
131 10127
131 13198
131 16281
131 16412
131 16428
131 16496
131 17068
131 17070
131 17738
131 17746
131 18062
131 18334
131 18503
131 18507
131 19236
131 19396
131 19485
131 19504
131 19527
131 19952
131 21732
131 21921
131 22391
131 22392
131 22419
131 22438
131 22856
131 23007
131 23008
131 23009
131 23010
131 23011
131 23012
131 23013
131 23014
131 23016
131 23025
131 23028
131 23030
131 23032
131 23033
131 23034
131 23035
131 23036
131 23038
131 23104
131 24726
131 27214
132 40
132 62
132 120
132 207
132 300
132 796
132 1044
132 4101
132 7621
132 8657
132 8711
133 40
133 887
133 8698
133 8964
133 10478
133 15741
134 40
134 7869
135 40
135 64
135 216
135 517
135 681
135 745
135 795
135 887
135 1059
135 3113
135 3730
135 7590
135 7664
135 8291
135 8292
135 8293
135 8309
135 8322
135 8325
135 8333
135 8368
135 8652
135 8678
135 8680
135 8681
135 8682
135 8683
135 8706
135 8719
135 8744
135 8953
135 9071
135 9072
135 9165
135 9243
135 10300
135 10380
135 10426
135 10450
135 15098
135 15246
135 15358
135 15359
135 15360
135 15361
135 16671
135 16672
135 17783
135 24756
136 40
136 119
136 134
136 143
136 219
136 255
136 517
136 591
136 598
136 643
136 656
136 682
136 723
136 764
136 772
136 830
136 833
136 846
136 853
136 869
136 875
136 887
136 1085
136 1112
136 1148
136 1149
136 1151
136 1152
136 1155
136 1169
136 1248
136 1252
136 1271
136 1275
136 1284
136 1406
136 1410
136 1530
136 1652
136 1713
136 1757
136 1775
136 1790
136 2101
136 2192
136 2219
136 2335
136 2375
136 2434
136 2454
136 2479
136 2480
136 2484
136 2485
136 2487
136 2518
136 2521
136 2588
136 2590
136 2784
136 2803
136 2873
136 2876
136 2879
136 2916
136 3006
136 3038
136 3045
136 3078
136 3080
136 3081
136 3083
136 3137
136 3274
136 3288
136 3380
136 3486
136 3787
136 3903
136 3936
136 3945
136 3949
136 3950
136 3951
136 4006
136 4019
136 4036
136 4105
136 4156
136 4243
136 4307
136 4313
136 4381
136 4462
136 4463
136 4464
136 4471
136 4595
136 4612
136 4656
136 4659
136 4661
136 4663
136 4665
136 4801
136 7590
136 7628
136 7643
136 8664
136 8671
136 8675
136 8684
136 8709
136 8731
136 8744
136 8906
136 9138
136 9198
136 9481
136 9560
136 9836
136 10127
136 15243
136 15250
136 15377
136 15379
136 15424
136 15432
136 15513
136 15521
136 15652
136 15816
136 15821
136 15888
136 15904
136 16035
136 16038
136 16040
136 16062
136 16354
136 16384
136 16751
136 16850
136 16853
136 16870
136 16879
136 16882
136 16900
136 16922
136 16984
136 17062
136 17131
136 17345
136 17387
136 17414
136 17454
136 17461
136 17466
136 17619
136 17761
136 18109
136 18114
136 18258
136 18260
136 18499
136 18858
136 18927
136 19031
136 19091
136 19236
136 19339
136 19342
136 19366
136 19409
136 19435
136 19503
136 19519
136 19522
136 19528
136 21339
136 21341
136 21362
136 21369
136 21371
136 21374
136 21544
136 21546
136 21573
136 21776
136 21904
136 23674
136 23698
136 24155
136 24751
136 25322
137 40
137 653
137 8723
138 40
138 603
138 3590
139 40
139 1000
139 8391
139 9351
140 40
140 654
140 887
140 954
140 3218
140 4786
140 4799
140 8044
140 8050
140 8705
140 8744
140 8898
140 9077
140 9612
140 9613
140 9772
140 10071
140 14628
140 15741
140 24149
141 42
141 612
141 919
141 961
141 973
141 999
141 1076
141 1147
141 1304
141 1328
141 1355
141 1374
141 1560
141 1591
141 1644
141 1659
141 1861
141 2560
141 2765
141 3024
141 3025
141 3072
141 3223
141 3337
141 3447
141 3729
141 3829
141 3882
141 4237
141 4262
141 4376
141 4488
141 4527
141 4736
141 4737
141 4738
141 4813
141 4821
141 4822
141 4823
141 4824
141 4825
141 4826
141 4827
141 4828
141 4829
141 4830
141 4831
141 4832
141 4833
141 4834
141 4835
141 4836
141 4837
141 4838
141 4839
141 4840
141 4841
141 4842
141 4843
141 4844
141 4845
141 4846
141 4847
141 4848
141 4849
141 4850
141 4851
141 4852
141 4853
141 4854
141 4855
141 4856
141 4857
141 4858
141 4859
141 4860
141 4861
141 4862
141 4863
141 4864
141 4865
141 4866
141 4867
141 4868
141 4869
141 4870
141 4871
141 4872
141 4873
141 4874
141 4875
141 4876
141 4877
141 4878
141 4879
141 4880
141 4881
141 4882
141 4883
141 4884
141 4885
141 4886
141 4887
141 4888
141 4889
141 4890
141 4891
141 4892
141 4893
141 4894
141 4895
141 4896
141 4897
141 4898
141 4899
141 4900
141 4901
141 4902
141 4903
141 4904
141 4905
141 4906
141 4907
141 4908
141 4909
141 4910
141 4911
141 4912
141 4913
141 4914
141 4915
141 4916
141 4917
141 4918
141 4919
141 4920
141 4921
141 4922
141 4923
141 4924
141 4925
141 4926
141 4927
141 4928
141 4929
141 4930
141 4931
141 4932
141 4933
141 4934
141 4935
141 4936
141 4937
141 4938
141 4939
141 4940
141 4941
141 4942
141 4943
141 4944
141 4945
141 4946
141 4947
141 4948
141 4949
141 4950
141 4951
141 4952
141 4953
141 4954
141 4955
141 4956
141 4957
141 4958
141 4959
141 4960
141 4961
141 4962
141 4963
141 4964
141 4965
141 4966
141 4967
141 4968
141 4969
141 4970
141 4971
141 4972
141 4973
141 4974
141 4975
141 4976
141 4977
141 4978
141 4979
141 4980
141 4981
141 4982
141 4983
141 4984
141 4985
141 4986
141 4987
141 4988
141 4989
141 4990
141 4991
141 4992
141 4993
141 4994
141 4995
141 4996
141 4997
141 4998
141 4999
141 5000
141 5001
141 5002
141 5003
141 5004
141 5005
141 5006
141 5007
141 5008
141 5009
141 5010
141 5011
141 5012
141 5013
141 5014
141 5015
141 5016
141 5017
141 5018
141 5019
141 5020
141 5021
141 5022
141 5023
141 5024
141 5025
141 5026
141 5027
141 5028
141 5029
141 5030
141 5031
141 5032
141 5033
141 5034
141 5035
141 5036
141 5037
141 5038
141 5039
141 5040
141 5041
141 5042
141 5043
141 5044
141 5045
141 5046
141 5047
141 5048
141 5049
141 5050
141 5051
141 5052
141 5053
141 5054
141 5055
141 5056
141 5057
141 5058
141 5059
141 5060
141 5061
141 5062
141 5063
141 5064
141 5065
141 5066
141 5067
141 5068
141 5069
141 5070
141 5071
141 5072
141 5073
141 5074
141 5075
141 5076
141 5077
141 5078
141 5079
141 5080
141 5081
141 5082
141 5083
141 5084
141 5085
141 5086
141 5087
141 5088
141 5089
141 5090
141 5091
141 5092
141 5093
141 5094
141 5095
141 5096
141 5097
141 5098
141 5099
141 5100
141 5101
141 5102
141 5103
141 5104
141 5105
141 5106
141 5107
141 5108
141 5109
141 5110
141 5111
141 5112
141 5113
141 5114
141 5115
141 5116
141 5117
141 5118
141 5119
141 5120
141 5121
141 5122
141 5123
141 5124
141 5125
141 5126
141 5127
141 5128
141 5129
141 5130
141 5131
141 5132
141 5133
141 5134
141 5135
141 5136
141 5137
141 5138
141 5139
141 5140
141 5141
141 5142
141 5143
141 5144
141 5145
141 5146
141 5147
141 5148
141 5149
141 5150
141 5151
141 5152
141 5153
141 5154
141 5155
141 5156
141 5157
141 5158
141 5159
141 5160
141 5161
141 5162
141 5163
141 5164
141 5165
141 5166
141 5167
141 5168
141 5169
141 5170
141 5171
141 5172
141 5173
141 5174
141 5175
141 5176
141 5177
141 5178
141 5179
141 5180
141 5181
141 5182
141 5183
141 5184
141 5185
141 5186
141 5187
141 5188
141 5189
141 5190
141 5191
141 5192
141 5193
141 5194
141 5195
141 5196
141 5197
141 5198
141 5199
141 5200
141 5201
141 5202
141 5203
141 5204
141 5205
141 5206
141 5207
141 5208
141 5209
141 5210
141 5211
141 5212
141 5213
141 5214
141 5215
141 5216
141 5217
141 5218
141 5219
141 5220
141 5221
141 5222
141 5223
141 5224
141 5225
141 5226
141 5227
141 5228
141 5229
141 5230
141 5231
141 5232
141 5233
141 5234
141 5235
141 5236
141 5237
141 5238
141 5239
141 5240
141 5241
141 5242
141 5243
141 5244
141 5245
141 5246
141 5247
141 5248
141 5249
141 5250
141 5251
141 5252
141 5253
141 5254
141 5255
141 5256
141 5257
141 5258
141 5259
141 5260
141 5261
141 5262
141 5263
141 5264
141 5265
141 5266
141 5267
141 5268
141 5269
141 5270
141 5271
141 5272
141 5273
141 5274
141 5275
141 5276
141 5277
141 5278
141 5279
141 5280
141 5281
141 5282
141 5283
141 5284
141 5285
141 5286
141 5287
141 5288
141 5289
141 5290
141 5291
141 5292
141 5293
141 5294
141 5295
141 5296
141 5297
141 5298
141 5299
141 5300
141 5301
141 5302
141 5303
141 5304
141 5305
141 5306
141 5307
141 5308
141 5309
141 5310
141 5311
141 5312
141 5313
141 5314
141 5315
141 5316
141 5317
141 5318
141 5319
141 5320
141 5321
141 5322
141 5323
141 5324
141 5325
141 5326
141 5327
141 5328
141 5329
141 5330
141 5331
141 5332
141 5333
141 5334
141 5335
141 5336
141 5337
141 5338
141 5339
141 5340
141 5341
141 5342
141 5343
141 5344
141 5345
141 5346
141 5347
141 5348
141 5349
141 5350
141 5351
141 5352
141 5353
141 5354
141 5355
141 5356
141 5357
141 5358
141 5359
141 5360
141 5361
141 5362
141 5363
141 5364
141 5365
141 5366
141 5367
141 5368
141 5369
141 5370
141 5371
141 5372
141 5373
141 5374
141 5375
141 5376
141 5377
141 5378
141 5379
141 5380
141 5381
141 5382
141 5383
141 5384
141 5385
141 5386
141 5387
141 5388
141 5389
141 5390
141 5391
141 5392
141 5393
141 5394
141 5395
141 5396
141 5397
141 5398
141 5399
141 5400
141 5401
141 5402
141 5403
141 5404
141 5405
141 5406
141 5407
141 5408
141 5409
141 5410
141 5411
141 5412
141 5413
141 5414
141 5415
141 5416
141 5417
141 5418
141 5419
141 5420
141 5421
141 5422
141 5423
141 5424
141 5425
141 5426
141 5427
141 5428
141 5429
141 5430
141 5431
141 5432
141 5433
141 5434
141 5435
141 5436
141 5437
141 5438
141 5439
141 5440
141 5441
141 5442
141 5443
141 5444
141 5445
141 5446
141 5447
141 5448
141 5449
141 5450
141 5451
141 5452
141 5453
141 5454
141 5455
141 5456
141 5457
141 5458
141 5459
141 5460
141 5461
141 5462
141 5463
141 5464
141 5465
141 5466
141 5467
141 5468
141 5469
141 5470
141 5471
141 5472
141 5473
141 5474
141 5475
141 5476
141 5477
141 5478
141 5479
141 5480
141 5481
141 5482
141 5483
141 5484
141 5485
141 5486
141 5487
141 5488
141 5489
141 5490
141 5491
141 5492
141 5493
141 5494
141 5495
141 5496
141 5497
141 5498
141 5499
141 5500
141 5501
141 5502
141 5503
141 5504
141 5505
141 5506
141 5507
141 5508
141 5509
141 5510
141 5511
141 5512
141 5513
141 5514
141 5515
141 5516
141 5517
141 5518
141 5519
141 5520
141 5521
141 5522
141 5523
141 5524
141 5525
141 5526
141 5527
141 5528
141 5529
141 5530
141 5531
141 5532
141 5533
141 5534
141 5535
141 5536
141 5537
141 5538
141 5539
141 5540
141 5541
141 5542
141 5543
141 5544
141 5545
141 5546
141 5547
141 5548
141 5549
141 5550
141 5551
141 5552
141 5553
141 5554
141 5555
141 5556
141 5557
141 5558
141 5559
141 5560
141 5561
141 5562
141 5563
141 5564
141 5565
141 5566
141 5567
141 5568
141 5569
141 5570
141 5571
141 5572
141 5573
141 5574
141 5575
141 5576
141 5577
141 5578
141 5579
141 5580
141 5581
141 5582
141 5583
141 5584
141 5585
141 5586
141 5587
141 5588
141 5589
141 5590
141 5591
141 5592
141 5593
141 5594
141 5595
141 5596
141 5597
141 5598
141 5599
141 5600
141 5601
141 5602
141 5603
141 5604
141 5605
141 5606
141 5607
141 5608
141 5609
141 5610
141 5611
141 5612
141 5613
141 5614
141 5615
141 5616
141 5617
141 5618
141 5619
141 5620
141 5621
141 5622
141 5623
141 5624
141 5625
141 5626
141 5627
141 5628
141 5629
141 5630
141 5631
141 5632
141 5633
141 5634
141 5635
141 5636
141 5637
141 5638
141 5639
141 5640
141 5641
141 5642
141 5643
141 5644
141 5645
141 5646
141 5647
141 5648
141 5649
141 5650
141 5651
141 5652
141 5653
141 5654
141 5655
141 5656
141 5657
141 5658
141 5659
141 5660
141 5661
141 5662
141 5663
141 5664
141 5665
141 5666
141 5667
141 5668
141 5669
141 5670
141 5671
141 5672
141 5673
141 5674
141 5675
141 5676
141 5677
141 5678
141 5679
141 5680
141 5681
141 5682
141 5683
141 5684
141 5685
141 5686
141 5687
141 5688
141 5689
141 5690
141 5691
141 5692
141 5693
141 5694
141 5695
141 5696
141 5697
141 5698
141 5699
141 5700
141 5701
141 5702
141 5703
141 5704
141 5705
141 5706
141 5707
141 5708
141 5709
141 5710
141 5711
141 5712
141 5713
141 5714
141 5715
141 5716
141 5717
141 5718
141 5719
141 5720
141 5721
141 5722
141 5723
141 5724
141 5725
141 5726
141 5727
141 5728
141 5729
141 5730
141 5731
141 5732
141 5733
141 5734
141 5735
141 5736
141 5737
141 5738
141 5739
141 5740
141 5741
141 5742
141 5743
141 5744
141 5745
141 5746
141 5747
141 5748
141 5749
141 5750
141 5751
141 5752
141 5753
141 5754
141 5755
141 5756
141 5757
141 5758
141 5759
141 5760
141 5761
141 5762
141 5763
141 5764
141 5765
141 5766
141 5767
141 5768
141 5769
141 5770
141 5771
141 5772
141 5773
141 5774
141 5775
141 5776
141 5777
141 5778
141 5779
141 5780
141 5781
141 5782
141 5783
141 5784
141 5785
141 5786
141 5787
141 5788
141 5789
141 5790
141 5791
141 5792
141 5793
141 5794
141 5795
141 5796
141 5797
141 5798
141 5799
141 5800
141 5801
141 5802
141 5803
141 5804
141 5805
141 5806
141 5807
141 5808
141 5809
141 5810
141 5811
141 5812
141 5813
141 5814
141 5815
141 5816
141 5817
141 5818
141 5819
141 5820
141 5821
141 5822
141 5823
141 5824
141 5825
141 5826
141 5827
141 5828
141 5829
141 5830
141 5831
141 5832
141 5833
141 5834
141 5835
141 5836
141 5837
141 5838
141 5839
141 5840
141 5841
141 5842
141 5843
141 5844
141 5845
141 5846
141 5847
141 5848
141 5849
141 5850
141 5851
141 5852
141 5853
141 5854
141 5855
141 5856
141 5857
141 5858
141 5859
141 5860
141 5861
141 5862
141 5863
141 5864
141 5865
141 5866
141 5867
141 5868
141 5869
141 5870
141 5871
141 5872
141 5873
141 5874
141 5875
141 5876
141 5877
141 5878
141 5879
141 5880
141 5881
141 5882
141 5883
141 5884
141 5885
141 5886
141 5887
141 5888
141 5889
141 5890
141 5891
141 5892
141 5893
141 5894
141 5895
141 5896
141 5897
141 5898
141 5899
141 5900
141 5901
141 5902
141 5903
141 5904
141 5905
141 5906
141 5907
141 5908
141 5909
141 5910
141 5911
141 5912
141 5913
141 5914
141 5915
141 5916
141 5917
141 5918
141 5919
141 5920
141 5921
141 5922
141 5923
141 5924
141 5925
141 5926
141 5927
141 5928
141 5929
141 5930
141 5931
141 5932
141 5933
141 5934
141 5935
141 5936
141 5937
141 5938
141 5939
141 5940
141 5941
141 5942
141 5943
141 5944
141 5945
141 5946
141 5947
141 5948
141 5949
141 5950
141 5951
141 5952
141 5953
141 5954
141 5955
141 5956
141 5957
141 5958
141 5959
141 5960
141 5961
141 5962
141 5963
141 5964
141 5965
141 5966
141 5967
141 5968
141 5969
141 5970
141 5971
141 5972
141 5973
141 5974
141 5975
141 5976
141 5977
141 5978
141 5979
141 5980
141 5981
141 5982
141 5983
141 5984
141 5985
141 5986
141 5987
141 5988
141 5989
141 5990
141 5991
141 5992
141 5993
141 5994
141 5995
141 5996
141 5997
141 5998
141 5999
141 6000
141 6001
141 6002
141 6003
141 6004
141 6005
141 6006
141 6007
141 6008
141 6009
141 6010
141 6011
141 6012
141 6013
141 6014
141 6015
141 6016
141 6017
141 6018
141 6019
141 6020
141 6021
141 6022
141 6023
141 6024
141 6025
141 6026
141 6027
141 6028
141 6029
141 6030
141 6031
141 6032
141 6033
141 6034
141 6035
141 6036
141 6037
141 6038
141 6039
141 6040
141 6041
141 6042
141 6043
141 6044
141 6045
141 6046
141 6047
141 6048
141 6049
141 6050
141 6051
141 6052
141 6053
141 6054
141 6055
141 6056
141 6057
141 6058
141 6059
141 6060
141 6061
141 6062
141 6063
141 6064
141 6065
141 6066
141 6067
141 6068
141 6069
141 6070
141 6071
141 6072
141 6073
141 6074
141 6075
141 6076
141 6077
141 6078
141 6079
141 6080
141 6081
141 6082
141 6083
141 6084
141 6085
141 6086
141 6087
141 6088
141 6089
141 6090
141 6091
141 6092
141 6093
141 6094
141 6095
141 6096
141 6097
141 6098
141 6099
141 6100
141 6101
141 6102
141 6103
141 6104
141 6105
141 6106
141 6107
141 6108
141 6109
141 6110
141 6111
141 6112
141 6113
141 6114
141 6115
141 6116
141 6117
141 6118
141 6119
141 6120
141 6121
141 6122
141 6123
141 6124
141 6125
141 6126
141 6127
141 6128
141 6129
141 6130
141 6131
141 6132
141 6133
141 6134
141 6135
141 6136
141 6137
141 6138
141 6139
141 6140
141 6141
141 6142
141 6143
141 6144
141 6145
141 6146
141 6147
141 6148
141 6149
141 6150
141 6151
141 6152
141 6153
141 6154
141 6155
141 6156
141 6157
141 6158
141 6159
141 6160
141 6161
141 6162
141 6163
141 6164
141 6165
141 6166
141 6167
141 6168
141 6169
141 6170
141 6171
141 6172
141 6173
141 6174
141 6175
141 6176
141 6177
141 6178
141 6179
141 6180
141 6181
141 6182
141 6183
141 6184
141 6185
141 6186
141 6187
141 6188
141 6189
141 6190
141 6191
141 6192
141 6193
141 6194
141 6195
141 6196
141 6197
141 6198
141 6199
141 6200
141 6201
141 6202
141 6203
141 6204
141 6205
141 6206
141 6207
141 6208
141 6209
141 6210
141 6211
141 6212
141 6213
141 6214
141 6215
141 6216
141 6217
141 6218
141 6219
141 6220
141 6221
141 6222
141 6223
141 6224
141 6225
141 6226
141 6227
141 6228
141 6229
141 6230
141 6231
141 6232
141 6233
141 6234
141 6235
141 6236
141 6237
141 6238
141 6239
141 6240
141 6241
141 6242
141 6243
141 6244
141 6245
141 6246
141 6247
141 6248
141 6249
141 6250
141 6251
141 6252
141 6253
141 6254
141 6255
141 6256
141 6257
141 6258
141 6259
141 6260
141 6261
141 6262
141 6263
141 6264
141 6265
141 6266
141 6267
141 6268
141 6269
141 6270
141 6271
141 6272
141 6273
141 6274
141 6275
141 6276
141 6277
141 6278
141 6279
141 6280
141 6281
141 6282
141 6283
141 6284
141 6285
141 6286
141 6287
141 6288
141 6289
141 6290
141 6291
141 6292
141 6293
141 6294
141 6295
141 6296
141 6297
141 6298
141 6299
141 6300
141 6301
141 6302
141 6303
141 6304
141 6305
141 6306
141 6307
141 6308
141 6309
141 6310
141 6311
141 6312
141 6313
141 6314
141 6315
141 6316
141 6317
141 6318
141 6319
141 6320
141 6321
141 6322
141 6323
141 6324
141 6325
141 6326
141 6327
141 6328
141 6329
141 6330
141 6331
141 6332
141 6333
141 6334
141 6335
141 6336
141 6337
141 6338
141 6339
141 6340
141 6341
141 6342
141 6343
141 6344
141 6345
141 6346
141 6347
141 6348
141 6349
141 6350
141 6351
141 6352
141 6353
141 6354
141 6355
141 6356
141 6357
141 6358
141 6359
141 6360
141 6361
141 6362
141 6363
141 6364
141 6365
141 6366
141 6367
141 6368
141 6369
141 6370
141 6371
141 6372
141 6373
141 6374
141 6375
141 6376
141 6377
141 6378
141 6379
141 6380
141 6381
141 6382
141 6383
141 6384
141 6385
141 6386
141 6387
141 6388
141 6389
141 6390
141 6391
141 6392
141 6393
141 6394
141 6395
141 6396
141 6397
141 6398
141 6399
141 6400
141 6401
141 6402
141 6403
141 6404
141 6405
141 6406
141 6407
141 6408
141 6409
141 6410
141 6411
141 6412
141 6413
141 6414
141 6415
141 6416
141 6417
141 6418
141 6419
141 6420
141 6421
141 6422
141 6423
141 6424
141 6425
141 6426
141 6427
141 6428
141 6429
141 6430
141 6431
141 6432
141 6433
141 6434
141 6435
141 6436
141 6437
141 6438
141 6439
141 6440
141 6441
141 6442
141 6443
141 6444
141 6445
141 6446
141 6447
141 6448
141 6449
141 6450
141 6451
141 6452
141 6453
141 6454
141 6455
141 6456
141 6457
141 6458
141 6459
141 6460
141 6461
141 6462
141 6463
141 6464
141 6465
141 6466
141 6467
141 6468
141 6469
141 6470
141 6471
141 6472
141 6473
141 6474
141 6475
141 6476
141 6477
141 6478
141 6479
141 6480
141 6481
141 6482
141 6483
141 6484
141 6485
141 6486
141 6487
141 6488
141 6489
141 6490
141 6491
141 6492
141 6493
141 6494
141 6495
141 6496
141 6497
141 6498
141 6499
141 6500
141 6501
141 6502
141 6503
141 6504
141 6505
141 6506
141 6507
141 6508
141 6509
141 6510
141 6511
141 6512
141 6513
141 6514
141 6515
141 6516
141 6517
141 6518
141 6519
141 6520
141 6521
141 6522
141 6523
141 6524
141 6525
141 6526
141 6527
141 6528
141 6529
141 6530
141 6531
141 6532
141 6533
141 6534
141 6535
141 6536
141 6537
141 6538
141 6539
141 6540
141 6541
141 6542
141 6543
141 6544
141 6545
141 6546
141 6547
141 6548
141 6549
141 6550
141 6551
141 6552
141 6553
141 6554
141 6555
141 6556
141 6557
141 6558
141 6559
141 6560
141 6561
141 6562
141 6563
141 6564
141 6565
141 6566
141 6567
141 6568
141 6569
141 6570
141 6571
141 6572
141 6573
141 6574
141 6575
141 6576
141 6577
141 6578
141 6579
141 6580
141 6581
141 6582
141 6583
141 6584
141 6585
141 6586
141 6587
141 6588
141 6589
141 6590
141 6591
141 6592
141 6593
141 6594
141 6595
141 6596
141 6597
141 6598
141 6599
141 6600
141 6601
141 6602
141 6603
141 6604
141 6605
141 6606
141 6607
141 6608
141 6609
141 6610
141 6611
141 6612
141 6613
141 6614
141 6615
141 6616
141 6617
141 6618
141 6619
141 6620
141 6621
141 6622
141 6623
141 6624
141 6625
141 6626
141 6627
141 6628
141 6629
141 6630
141 6631
141 6632
141 6633
141 6634
141 6635
141 6636
141 6637
141 6638
141 6639
141 6640
141 6641
141 6642
141 6643
141 6644
141 6645
141 6646
141 6647
141 6648
141 6649
141 6650
141 6651
141 6652
141 6653
141 6654
141 6655
141 6656
141 6657
141 6658
141 6659
141 6660
141 6661
141 6662
141 6663
141 6664
141 6665
141 6666
141 6667
141 6668
141 6669
141 6670
141 6671
141 6672
141 6673
141 6674
141 6675
141 6676
141 6677
141 6678
141 6679
141 6680
141 6681
141 6682
141 6683
141 6684
141 6685
141 6686
141 6687
141 6688
141 6689
141 6690
141 6691
141 6692
141 6693
141 6694
141 6695
141 6696
141 6697
141 6698
141 6699
141 6700
141 6701
141 6702
141 6703
141 6704
141 6705
141 6706
141 6707
141 6708
141 6709
141 6710
141 6711
141 6712
141 6713
141 6714
141 6715
141 6716
141 6717
141 6718
141 6719
141 6720
141 6721
141 6722
141 6723
141 6724
141 6725
141 6726
141 6727
141 6728
141 6729
141 6730
141 6731
141 6732
141 6733
141 6734
141 6735
141 6736
141 6737
141 6738
141 6739
141 6740
141 6741
141 6742
141 6743
141 6744
141 6745
141 6746
141 6747
141 6748
141 6749
141 6750
141 6751
141 6752
141 6753
141 6754
141 6755
141 6756
141 6757
141 6758
141 6759
141 6760
141 6761
141 6762
141 6763
141 6764
141 6765
141 6766
141 6767
141 6768
141 6769
141 6770
141 6771
141 6772
141 6773
141 6774
141 6775
141 6776
141 6777
141 6778
141 6779
141 6780
141 6781
141 6782
141 6783
141 6784
141 6785
141 6786
141 6787
141 6788
141 6789
141 6790
141 6791
141 6792
141 6793
141 6794
141 6795
141 6796
141 6797
141 6798
141 6799
141 6800
141 6801
141 6802
141 6803
141 6804
141 6805
141 6806
141 6807
141 6808
141 6809
141 6810
141 6811
141 6812
141 6813
141 6814
141 6815
141 6816
141 6817
141 6818
141 6819
141 6820
141 6821
141 6822
141 6823
141 6824
141 6825
141 6826
141 6827
141 6828
141 6829
141 6830
141 6831
141 6832
141 6833
141 6834
141 6835
141 6836
141 6837
141 6838
141 6839
141 6840
141 6841
141 6842
141 6843
141 6844
141 6845
141 6846
141 6847
141 6848
141 6849
141 6850
141 6851
141 6852
141 6853
141 6854
141 6855
141 6856
141 6857
141 6858
141 6859
141 6860
141 6861
141 6862
141 6863
141 6864
141 6865
141 6866
141 6867
141 6868
141 6869
141 6870
141 6871
141 6872
141 6873
141 6874
141 6875
141 6876
141 6877
141 6878
141 6879
141 6880
141 6881
141 6882
141 6883
141 6884
141 6885
141 6886
141 6887
141 6888
141 6889
141 6890
141 6891
141 6892
141 6893
141 6894
141 6895
141 6896
141 6897
141 6898
141 6899
141 6900
141 6901
141 6902
141 6903
141 6904
141 6905
141 6906
141 6907
141 6908
141 6909
141 6910
141 6911
141 6912
141 6913
141 6914
141 6915
141 6916
141 6917
141 6918
141 6919
141 6920
141 6921
141 6922
141 6923
141 6924
141 6925
141 6926
141 6927
141 6928
141 6929
141 6930
141 6931
141 6932
141 6933
141 6934
141 6935
141 6936
141 6937
141 6938
141 6939
141 6940
141 6941
141 6942
141 6943
141 6944
141 6945
141 6946
141 6947
141 6948
141 6949
141 6950
141 6951
141 6952
141 6953
141 6954
141 6955
141 6956
141 6957
141 6958
141 6959
141 6960
141 6961
141 6962
141 6963
141 6964
141 6965
141 6966
141 6967
141 6968
141 6969
141 6970
141 6971
141 6972
141 6973
141 6974
141 6975
141 6976
141 6977
141 6978
141 6979
141 6980
141 6981
141 6982
141 6983
141 6984
141 6985
141 6986
141 6987
141 6988
141 6989
141 6990
141 6991
141 6992
141 6993
141 6994
141 6995
141 6996
141 6997
141 6998
141 6999
141 7000
141 7001
141 7002
141 7003
141 7004
141 7005
141 7006
141 7007
141 7008
141 7009
141 7010
141 7011
141 7012
141 7013
141 7014
141 7015
141 7016
141 7017
141 7018
141 7019
141 7020
141 7021
141 7022
141 7023
141 7024
141 7025
141 7026
141 7027
141 7028
141 7029
141 7030
141 7031
141 7032
141 7033
141 7034
141 7035
141 7036
141 7037
141 7038
141 7039
141 7040
141 7041
141 7042
141 7043
141 7044
141 7045
141 7046
141 7047
141 7048
141 7049
141 7050
141 7051
141 7052
141 7053
141 7054
141 7055
141 7056
141 7057
141 7058
141 7059
141 7060
141 7061
141 7062
141 7063
141 7064
141 7065
141 7066
141 7067
141 7068
141 7069
141 7070
141 7071
141 7072
141 7073
141 7074
141 7075
141 7076
141 7077
141 7078
141 7079
141 7080
141 7081
141 7082
141 7083
141 7084
141 7085
141 7086
141 7087
141 7088
141 7089
141 7090
141 7091
141 7092
141 7093
141 7094
141 7095
141 7096
141 7097
141 7098
141 7099
141 7100
141 7101
141 7102
141 7103
141 7104
141 7105
141 7106
141 7107
141 7108
141 7109
141 7110
141 7111
141 7112
141 7113
141 7114
141 7115
141 7116
141 7117
141 7118
141 7119
141 7120
141 7121
141 7122
141 7123
141 7124
141 7125
141 7126
141 7127
141 7128
141 7129
141 7130
141 7131
141 7132
141 7133
141 7134
141 7135
141 7136
141 7137
141 7138
141 7139
141 7140
141 7141
141 7142
141 7143
141 7144
141 7145
141 7146
141 7147
141 7148
141 7149
141 7150
141 7151
141 7152
141 7153
141 7154
141 7155
141 7156
141 7157
141 7158
141 7159
141 7160
141 7161
141 7162
141 7163
141 7164
141 7165
141 7166
141 7167
141 7168
141 7169
141 7170
141 7171
141 7172
141 7173
141 7174
141 7175
141 7176
141 7177
141 7178
141 7179
141 7180
141 7181
141 7182
141 7183
141 7184
141 7185
141 7186
141 7187
141 7188
141 7189
141 7190
141 7191
141 7192
141 7193
141 7194
141 7195
141 7196
141 7197
141 7198
141 7199
141 7200
141 7201
141 7202
141 7203
141 7204
141 7205
141 7206
141 7207
141 7208
141 7209
141 7210
141 7211
141 7212
141 7213
141 7214
141 7215
141 7216
141 7217
141 7218
141 7219
141 7220
141 7221
141 7222
141 7223
141 7224
141 7225
141 7226
141 7227
141 7228
141 7229
141 7230
141 7231
141 7232
141 7233
141 7234
141 7235
141 7236
141 7237
141 7238
141 7239
141 7240
141 7241
141 7242
141 7243
141 7244
141 7245
141 7246
141 7247
141 7248
141 7249
141 7250
141 7251
141 7252
141 7253
141 7254
141 7255
141 7256
141 7257
141 7258
141 7259
141 7260
141 7261
141 7262
141 7263
141 7264
141 7265
141 7266
141 7267
141 7268
141 7269
141 7270
141 7271
141 7272
141 7273
141 7274
141 7275
141 7276
141 7277
141 7278
141 7279
141 7280
141 7281
141 7282
141 7283
141 7284
141 7285
141 7286
141 7287
141 7288
141 7289
141 7290
141 7291
141 7292
141 7293
141 7294
141 7295
141 7296
141 7297
141 7298
141 7299
141 7300
141 7301
141 7302
141 7303
141 7304
141 7305
141 7306
141 7307
141 7308
141 7309
141 7310
141 7311
141 7312
141 7313
141 7314
141 7315
141 7316
141 7317
141 7318
141 7319
141 7320
141 7321
141 7322
141 7323
141 7324
141 7325
141 7326
141 7327
141 7328
141 7329
141 7330
141 7331
141 7332
141 7333
141 7334
141 7335
141 7336
141 7337
141 7338
141 7339
141 7340
141 7341
141 7342
141 7343
141 7344
141 7345
141 7346
141 7347
141 7348
141 7349
141 7350
141 7351
141 7352
141 7353
141 7354
141 7355
141 7356
141 7357
141 7358
141 7359
141 7360
141 7361
141 7362
141 7363
141 7364
141 7365
141 7366
141 7367
141 7368
141 7369
141 7370
141 7371
141 7372
141 7373
141 7374
141 7375
141 7376
141 7377
141 7378
141 7379
141 7380
141 7381
141 7382
141 7383
141 7384
141 7385
141 7386
141 7387
141 7388
141 7389
141 7390
141 7391
141 7392
141 7393
141 7394
141 7395
141 7396
141 7397
141 7398
141 7399
141 7400
141 7401
141 7402
141 7403
141 7404
141 7405
141 7406
141 7407
141 7408
141 7409
141 7410
141 7411
141 7412
141 7413
141 7414
141 7415
141 7416
141 7417
141 7418
141 7419
141 7420
141 7421
141 7422
141 7423
141 7424
141 7425
141 7426
141 7427
141 7428
141 7429
141 7430
141 7431
141 7432
141 7433
141 7434
141 7435
141 7436
141 7437
141 7438
141 7439
141 7440
141 7441
141 7442
141 7443
141 7444
141 7445
141 7446
141 7447
141 7448
141 7449
141 7450
141 7451
141 7452
141 7453
141 7454
141 7455
141 7456
141 7457
141 7458
141 7459
141 7460
141 7461
141 7462
141 7463
141 7464
141 7465
141 7466
141 7467
141 7468
141 7469
141 7470
141 7471
141 7472
141 7473
141 7474
141 7475
141 7476
141 7477
141 7478
141 7479
141 7480
141 7481
141 7482
141 7483
141 7484
141 7485
141 7486
141 7487
141 7488
141 7489
141 7490
141 7491
141 7492
141 7493
141 7494
141 7495
141 7496
141 7497
141 7498
141 7499
141 7500
141 7501
141 7502
141 7503
141 7504
141 7505
141 7506
141 7507
141 7508
142 45
142 9503
142 9504
143 46
143 123
143 611
143 790
143 885
143 1478
143 1632
143 2158
143 2162
143 2163
143 2164
143 2165
143 2171
143 2172
143 2199
143 2242
143 2264
143 2301
143 24639
144 46
145 46
145 1459
145 7672
145 8699
146 46
146 626
147 49
147 93
147 206
147 514
147 596
147 885
147 887
147 893
148 72
148 794
148 4134
149 73
149 86
149 88
149 90
149 92
149 116
149 517
149 2832
149 3218
149 4245
149 7664
149 8325
149 8679
149 8744
149 9268
149 9483
149 9490
149 9491
149 9819
149 15993
149 16139
149 17244
149 17629
149 17632
149 19099
149 24149
149 24290
149 24291
149 24317
149 24318
149 27197
149 27198
150 74
150 517
150 887
150 1035
150 2159
150 3702
150 7562
150 7593
150 8744
150 8964
150 9268
150 9490
150 16745
150 16746
150 17305
150 17306
150 17307
150 17436
150 17733
150 18058
150 19735
150 21068
150 21499
150 21504
150 21813
150 22730
150 24248
150 24680
150 24995
150 25575
150 25701
150 25730
150 26230
150 26231
150 26234
150 26239
150 26240
150 26269
150 26270
150 26271
150 26273
150 26274
150 26323
150 26325
150 26337
150 26338
150 26339
150 26340
150 26341
150 27049
150 27050
150 27344
150 27345
150 27346
150 28044
151 74
151 187
151 887
151 4179
151 7568
151 8743
151 8744
151 8745
151 8776
151 10127
151 14648
151 17621
151 19509
151 19510
151 21499
151 21520
152 74
152 8744
152 15757
152 15758
152 15759
153 74
154 74
155 74
156 74
156 120
156 596
156 611
156 620
156 734
156 824
156 1057
156 1059
156 1426
156 3490
156 4104
156 4179
156 8721
156 8725
156 8744
156 8966
156 16954
156 22358
156 22362
156 22497
156 24647
157 74
157 93
158 74
159 74
159 4028
160 76
160 86
160 100
160 113
160 136
160 166
160 167
160 175
160 181
160 182
160 183
160 185
160 187
160 188
160 191
160 194
160 205
160 208
160 221
160 222
160 224
160 228
160 237
160 239
160 240
160 241
160 247
160 251
160 285
160 305
160 311
160 313
160 319
160 635
160 653
160 657
160 682
160 774
160 789
160 813
160 824
160 1026
160 1043
160 1044
160 1055
160 1126
160 1129
160 1175
160 1400
160 1401
160 1402
160 1403
160 1404
160 1405
160 1415
160 1427
160 1428
160 1451
160 1478
160 1566
160 1596
160 1759
160 2118
160 2172
160 2339
160 2369
160 2402
160 2518
160 2558
160 2582
160 2599
160 2814
160 2946
160 3077
160 3078
160 3079
160 3151
160 3248
160 3266
160 3376
160 3377
160 3529
160 3542
160 3561
160 3886
160 3894
160 3896
160 3986
160 4013
160 4077
160 4078
160 4120
160 4281
160 4282
160 4285
160 4440
160 4457
160 9139
160 9278
160 9356
160 9565
160 9752
160 9811
160 9824
160 9828
160 9831
160 9838
160 9843
160 9903
160 9904
160 9928
160 9929
160 10036
160 10038
160 10039
160 10046
160 14569
160 14839
160 14988
161 77
161 887
161 4084
161 8744
161 10127
161 18166
161 23444
162 77
162 887
162 8744
163 82
163 887
163 1353
163 4188
163 7563
163 7565
163 7653
163 7655
163 7998
163 8127
163 8728
163 8731
163 8736
163 8744
163 8747
163 8754
163 8764
163 8780
163 8781
163 8782
163 8792
163 8793
163 8799
163 8806
163 8813
163 8815
163 8818
163 8821
163 8822
163 8853
163 8856
163 8868
163 8869
163 8877
163 8898
163 8916
163 8926
163 8930
163 8937
163 8940
163 8952
163 8956
163 8959
163 8960
163 8961
163 8962
163 8969
163 8972
163 8988
163 8993
163 8996
163 8997
163 9003
163 9008
163 9022
163 9025
163 9046
163 9056
163 9080
163 9088
163 9097
163 9099
163 9101
163 9102
163 9110
163 9131
163 9132
163 9207
163 9212
163 9216
163 9218
163 9226
163 9248
163 9257
163 9268
163 9269
163 9270
163 9600
163 9640
163 9705
163 9710
163 9712
163 9715
163 9850
163 9851
163 9872
163 9876
163 9896
163 10124
163 10127
163 10255
163 12928
163 12936
163 12942
163 12966
163 12982
163 12988
163 12991
163 12992
163 13036
163 13050
163 13056
163 13074
163 13133
163 13149
163 13150
163 13170
163 13190
163 13219
163 13248
163 13278
163 13309
163 13341
163 13411
163 13429
163 13440
163 13504
163 13512
163 13513
163 13544
163 13571
163 13619
163 13650
163 13668
163 13672
163 13674
163 13690
163 13720
163 13747
163 13762
163 13798
163 13826
163 13841
163 13846
163 13857
163 13872
163 13901
163 13923
163 13997
163 14017
163 14080
163 14112
163 14145
163 14158
163 14224
163 14250
163 14252
163 14286
163 14290
163 14304
163 14342
163 14377
163 14384
163 14438
163 14443
163 14454
163 14455
163 14484
163 14554
163 14556
163 14588
163 14617
163 14635
163 14640
163 14658
163 14884
163 15368
163 15734
163 16049
163 16268
163 16476
163 16620
163 16733
163 17015
163 17075
163 17666
163 17680
163 17733
163 17766
163 17795
163 17963
163 18037
163 18116
163 18117
163 18127
163 18168
163 18174
163 18236
163 18248
163 18422
163 18528
163 18581
163 18914
163 19236
163 19329
163 19330
163 19331
163 19332
163 19333
163 19358
163 19472
163 19564
163 19568
163 19590
163 19593
163 19598
163 19604
163 19615
163 19626
163 19682
163 20073
163 20203
163 20379
163 20586
163 20774
163 20989
163 21010
163 21024
163 21094
163 21130
163 21131
163 21139
163 21288
163 21606
163 21607
163 21703
163 21706
163 21708
163 21726
163 22431
163 22433
163 22570
163 22599
163 23382
163 23383
163 23384
163 23625
163 26301
163 27172
163 27206
163 27624
163 27774
163 27805
164 84
164 8155
165 84
165 887
165 2634
165 7590
165 7861
165 7862
165 7903
165 7956
165 8010
165 8085
165 8087
165 8089
165 8118
165 8130
166 84
166 8166
166 15054
167 88
167 118
167 223
167 699
167 700
167 887
167 1188
167 1844
167 1851
167 2725
167 2759
167 4749
167 8744
167 9773
167 10127
167 15962
167 18109
167 18114
167 18115
167 18167
167 18326
167 19195
167 22509
167 22510
168 91
168 4470
168 10132
169 93
169 107
169 117
169 289
169 307
169 742
169 858
169 1155
169 1748
169 1753
169 1755
169 1757
169 1759
169 1760
169 1762
169 1764
169 1766
169 1768
169 2059
169 2066
169 2580
169 2970
169 2971
169 3994
169 4055
169 4058
169 4804
169 8953
169 17424
169 19023
169 23674
169 25981
169 26376
169 26435
169 28750
170 95
170 565
170 597
170 887
170 2377
170 2420
170 16469
170 16619
170 23102
170 26935
171 97
171 113
171 115
171 131
171 134
171 139
171 163
171 168
171 170
171 175
171 177
171 179
171 180
171 182
171 184
171 187
171 191
171 192
171 195
171 205
171 206
171 207
171 212
171 217
171 218
171 221
171 222
171 227
171 232
171 233
171 235
171 236
171 237
171 238
171 239
171 242
171 243
171 245
171 249
171 251
171 264
171 266
171 268
171 269
171 270
171 271
171 272
171 279
171 284
171 290
171 292
171 296
171 299
171 306
171 307
171 308
171 311
171 313
171 314
171 316
171 319
171 322
171 325
171 563
171 583
171 587
171 588
171 590
171 593
171 595
171 596
171 597
171 598
171 599
171 603
171 608
171 610
171 619
171 620
171 625
171 635
171 649
171 654
171 661
171 693
171 695
171 703
171 712
171 715
171 716
171 717
171 721
171 727
171 730
171 732
171 740
171 742
171 743
171 749
171 800
171 801
171 832
171 887
171 905
171 930
171 954
171 1009
171 1026
171 1028
171 1042
171 1043
171 1046
171 1055
171 1056
171 1065
171 1095
171 1106
171 1124
171 1129
171 1166
171 1216
171 1225
171 1288
171 1415
171 1426
171 1453
171 1459
171 1525
171 1613
171 1629
171 1658
171 1718
171 1720
171 1721
171 1726
171 1744
171 1790
171 1814
171 1935
171 2095
171 2118
171 2172
171 2367
171 2377
171 2420
171 2446
171 2447
171 2449
171 2452
171 2454
171 2455
171 2456
171 2460
171 2463
171 2464
171 2466
171 2467
171 2476
171 2477
171 2478
171 2479
171 2495
171 2550
171 2558
171 2562
171 2565
171 2567
171 2572
171 2581
171 2595
171 2609
171 2634
171 2687
171 2705
171 2730
171 2750
171 2784
171 2788
171 2791
171 2807
171 2890
171 2958
171 3042
171 3133
171 3142
171 3245
171 3269
171 3355
171 3472
171 3490
171 3522
171 3530
171 3532
171 3542
171 3544
171 3546
171 3599
171 3602
171 3612
171 3663
171 3706
171 3724
171 3749
171 3768
171 3809
171 3845
171 3934
171 3939
171 3972
171 3976
171 3992
171 4013
171 4028
171 4029
171 4040
171 4050
171 4062
171 4091
171 4101
171 4132
171 4133
171 4152
171 4303
171 4307
171 4333
171 4349
171 4385
171 4457
171 4467
171 4470
171 4475
171 4643
171 4749
171 4799
171 4818
171 7643
171 7662
171 8273
171 8691
171 8725
171 8744
171 8842
171 8953
171 8967
171 9139
171 9165
171 9334
171 9356
171 9407
171 9426
171 9468
171 9487
171 9550
171 9560
171 9565
171 9570
171 9579
171 9584
171 9593
171 9776
171 9795
171 9802
171 9803
171 9821
171 9884
171 9899
171 9904
171 9929
171 10036
171 10038
171 10043
171 10045
171 10127
171 14050
171 14642
171 14855
171 14934
171 14947
171 14977
171 15297
171 15301
171 15420
171 15775
171 15826
171 15836
171 15838
171 15845
171 15866
171 15878
171 15897
171 15902
171 15935
171 16072
171 16190
171 16197
171 16218
171 16440
171 16617
171 16652
171 16787
171 16846
171 16893
171 17403
171 17438
171 19195
172 97
173 98
173 105
173 107
173 127
173 129
173 130
173 133
173 163
173 166
173 168
173 170
173 171
173 172
173 174
173 179
173 180
173 181
173 182
173 187
173 193
173 205
173 224
173 291
173 293
173 310
173 311
173 312
173 598
173 686
173 692
173 821
173 824
173 1042
173 3894
173 3909
173 3916
173 3920
173 3934
173 4036
173 4303
173 4349
173 4494
173 4819
173 8744
173 8953
173 9138
173 9139
173 9356
173 9367
173 9406
173 9407
173 9426
173 9479
173 9480
173 9487
173 9550
173 9555
173 9557
173 9558
173 9559
173 9565
173 9883
173 9884
173 9903
173 9904
173 9905
173 9928
173 9929
173 10019
173 10036
173 10038
173 10040
173 10043
173 10045
173 10046
173 10127
173 16932
173 18710
173 18877
173 19119
173 19169
173 19194
173 19236
173 19417
173 19466
173 19978
173 20045
173 20103
173 20110
173 20202
173 20339
173 20352
173 20462
173 20793
173 21051
173 21081
173 21107
173 21323
173 21787
174 100
174 2629
174 3872
174 3873
174 8051
174 8052
174 8843
174 8982
174 10130
174 10293
174 10459
174 10470
174 14540
174 14623
175 100
175 177
175 565
175 576
175 591
175 607
175 651
175 661
175 749
175 910
175 1316
175 1370
175 1372
175 1786
175 1814
175 2364
175 2366
175 2369
175 2375
175 12881
175 24118
176 100
177 100
177 288
177 4749
177 19884
178 100
178 654
178 658
178 740
178 815
178 1260
178 2297
178 3218
178 3741
178 4179
178 8293
178 8725
178 8744
178 9276
178 9926
178 16866
178 24102
178 24104
178 24287
178 24323
179 101
179 24492
180 101
181 101
182 105
183 105
183 314
183 517
183 708
183 993
183 1075
183 1630
183 1631
183 1659
183 1679
183 1680
183 1693
183 1694
183 1695
183 1696
183 1697
183 1698
183 1716
183 1726
183 1737
183 2023
183 2024
183 2025
183 2095
183 2097
183 2146
183 2147
183 2149
183 2150
183 2151
183 2153
183 2154
183 2155
183 2159
183 2194
183 2400
183 2402
183 2426
183 2427
183 2459
183 2582
183 2583
183 2598
183 2600
183 2603
183 2743
183 2744
184 105
184 626
184 740
184 887
184 928
184 2580
184 2581
184 2839
184 4177
184 4179
184 7654
184 7657
184 7663
184 7664
184 7675
184 8744
184 9268
184 9902
184 9912
184 9919
184 9921
184 9924
184 9984
184 10425
184 10476
184 15243
184 15777
184 15778
184 15965
184 17047
184 17138
184 17244
184 20210
184 21145
184 22820
184 24613
184 24697
184 24705
184 24706
184 24724
184 24740
184 24757
184 24796
184 24801
184 24802
184 24817
184 24818
184 24819
184 24827
184 24830
184 24833
184 24838
184 24839
184 24840
184 24842
184 24845
184 24992
184 25029
184 25054
184 25064
184 25068
184 25092
184 25165
185 105
185 657
185 974
185 1063
185 1073
185 4179
185 4406
185 8725
185 8744
185 9616
185 10127
185 19483
185 19522
185 21071
185 21089
185 21167
185 27374
185 28106
185 28150
185 28819
186 105
186 887
187 105
187 3087
187 8744
187 9272
187 10127
187 21116
187 21124
187 21125
187 21126
187 21132
187 21145
187 21149
187 21154
187 22401
187 22403
187 22404
187 22421
187 22422
187 22455
188 105
189 105
189 218
189 274
189 290
189 517
189 576
189 740
189 1042
189 1059
189 1626
189 1629
189 1658
189 2580
189 2581
189 3008
189 3090
189 3105
189 3652
189 4467
189 7657
189 8744
189 9050
189 9335
189 9358
189 9899
189 9900
189 9901
189 9911
189 9912
189 9915
189 9916
189 9917
189 9918
189 9919
189 9924
189 9927
189 9980
189 14592
189 17761
189 18929
189 19130
189 21357
189 22891
189 24840
189 27367
189 27624
189 27852
189 28753
189 28772
189 28803
189 28818
189 28829
189 28856
189 28869
189 28870
189 28871
189 28873
189 28875
189 28876
189 28877
189 28878
189 28879
189 28891
189 28892
189 28893
189 28908
189 28911
189 28920
189 28922
189 28936
189 28948
189 28957
189 28958
189 28963
190 105
190 303
190 652
190 653
190 734
190 745
190 887
190 1057
190 1059
190 3220
190 3235
190 3236
190 3375
190 7664
190 7904
190 8744
190 9268
190 10127
190 16404
190 18708
190 19236
190 19624
190 21919
190 21921
190 22438
190 22450
190 22457
190 22662
190 22671
190 22808
190 23104
190 23117
190 23625
190 23786
191 105
191 517
191 653
191 887
191 2098
191 2958
191 3810
191 4062
191 4179
191 7664
191 8044
191 8744
191 8980
191 9054
191 9268
191 9453
191 9616
191 9955
191 10127
191 12939
191 13444
191 17245
191 17678
191 18409
191 19483
191 21302
191 21603
191 23164
191 23165
191 23166
191 23214
191 23625
191 23633
191 23795
191 24537
191 24883
191 24887
191 24911
191 24929
191 24930
191 24931
191 24932
191 24975
191 24976
191 24992
191 24993
191 24999
191 25009
191 25010
191 25011
191 25013
191 25033
191 25034
191 25054
191 25095
191 25250
191 25349
191 25429
191 25496
191 25633
191 25635
191 25643
191 25650
191 25655
191 25657
191 25660
191 25661
191 25662
191 25663
191 25675
191 25679
191 25685
191 25688
191 25693
191 25694
191 25695
191 25697
191 25699
191 25702
191 25706
191 25735
191 25737
191 25746
191 25747
191 25750
191 25751
191 25756
191 25761
191 25768
191 25770
191 25774
191 25776
191 25777
191 25784
191 26362
191 26431
191 26488
191 26672
191 26677
191 27175
191 27233
191 27313
191 27624
191 27656
191 27676
191 27790
191 27859
191 27865
191 27870
191 27885
191 27887
191 27890
191 27984
191 27989
191 27991
191 28000
191 28019
191 28026
191 28032
191 28122
191 28155
191 28162
191 28242
191 28353
191 28579
192 105
192 743
192 7664
192 8744
192 9268
192 10127
192 17245
192 23165
192 26518
192 27675
192 27676
192 27789
192 27790
192 27857
192 28481
192 28483
192 28545
193 105
193 587
193 713
193 716
193 737
193 825
193 887
193 1047
193 1563
193 1580
193 1629
193 1916
193 1935
193 2028
193 2030
193 2040
193 2108
193 2567
193 2613
193 2625
193 2634
193 2636
193 2637
193 2736
193 2814
193 2879
193 2888
193 2890
193 2961
193 2962
193 3008
193 3143
193 3145
193 3146
193 3148
193 3149
193 3150
193 3152
193 3229
193 3275
193 3599
193 3607
193 3636
193 4077
193 4078
193 4199
193 4203
193 4437
193 4438
193 4439
193 4440
193 4442
193 4643
193 7664
193 8744
193 9268
193 9492
193 9929
193 14911
193 16073
193 16083
193 16382
193 16384
193 17004
193 17335
193 17839
193 18929
193 18977
193 19130
193 19911
193 20893
193 21549
193 21603
193 21668
193 22739
193 24865
193 25647
193 26510
193 26680
193 27624
193 27626
193 27851
193 27852
193 27950
193 27961
193 27962
193 27964
193 27966
193 27980
193 28035
193 28364
193 28371
193 28374
193 28380
193 28426
193 28441
193 28444
193 28449
193 28474
193 28478
193 28485
193 28546
193 28560
193 28565
193 28574
193 28576
193 28582
193 28583
193 28587
193 28588
193 28589
193 28594
193 28596
193 28597
193 28598
193 28599
193 28600
193 28605
193 28608
193 28610
193 28655
193 28664
193 28665
193 28666
193 28672
193 28680
193 28681
193 28691
193 28700
193 28706
193 28707
193 28708
193 28709
193 28710
193 28712
193 28713
193 28921
193 28949
193 28951
194 113
194 216
194 219
194 227
194 283
194 301
194 305
194 316
194 319
194 455
194 546
194 562
194 565
194 573
194 586
194 587
194 592
194 601
194 606
194 609
194 610
194 616
194 617
194 618
194 623
194 625
194 640
194 642
194 675
194 696
194 700
194 778
194 782
194 794
194 825
194 828
194 915
194 967
194 992
194 1057
194 1065
194 1077
194 1110
194 1112
194 1113
194 1142
194 1227
194 1260
194 1286
194 1534
194 1568
194 1629
194 1774
194 1803
194 1849
194 1916
194 2011
194 2153
194 2369
194 2371
194 2383
194 2402
194 2572
194 2576
194 2627
194 2717
194 3008
194 3020
194 3124
194 3239
194 3315
194 3401
194 3544
194 4042
194 4177
194 4217
194 4333
194 4467
194 4799
194 8238
194 8649
194 8691
194 8744
194 9081
194 14612
194 22453
195 114
196 118
197 123
197 681
197 815
197 2061
197 3185
197 4799
197 8964
197 9912
197 9917
197 9918
197 15662
197 16642
197 16964
197 17737
197 17761
197 19179
197 20368
197 21323
197 21852
197 22730
197 23926
197 25685
198 123
198 1039
198 7564
198 7882
199 123
200 123
201 124
201 758
201 3223
201 3226
202 124
202 583
202 996
202 1028
202 1106
202 4120
202 15632
202 21086
202 24028
203 127
203 254
203 819
203 887
203 928
203 1613
203 2221
203 3218
203 3266
203 4456
203 7643
203 8652
203 8902
203 9866
203 9880
203 9913
203 9935
203 9936
203 9937
203 9938
203 9939
203 9940
203 14929
203 15305
203 15562
203 15585
203 16191
203 18100
203 18326
203 18331
203 18340
203 18341
203 18343
203 18434
203 18516
203 18520
203 18637
203 18810
203 19106
203 19107
203 19133
203 19242
203 19258
203 19260
203 19271
203 19589
203 19624
203 19941
203 20617
203 23657
203 23675
203 24009
203 24383
203 24395
203 24453
203 24457
203 25197
203 26436
203 28364
204 129
204 133
204 180
204 182
204 686
204 9356
204 9555
205 130
205 134
205 163
205 166
205 167
205 168
205 169
205 170
205 171
205 175
205 179
205 180
205 181
205 182
205 311
205 312
205 313
205 887
205 1043
205 3889
205 3909
205 3934
205 4062
205 4494
205 4756
205 8744
205 8953
205 9139
205 9356
205 9367
205 9406
205 9407
205 9426
205 9479
205 9480
205 9487
205 9555
205 9557
205 9558
205 9559
205 9565
205 9584
205 9883
205 9884
205 9903
205 9904
205 9905
205 9928
205 9929
205 9930
205 10019
205 10036
205 10038
205 10040
205 10045
205 10046
205 15099
205 15215
205 15375
205 15579
205 15585
205 15900
206 130
206 163
206 166
206 168
206 170
206 171
206 193
206 216
206 224
206 242
206 260
206 275
206 298
206 299
206 310
206 316
206 586
206 589
206 598
206 600
206 607
206 618
206 679
206 716
206 734
206 742
206 743
206 746
206 749
206 794
206 815
206 825
206 837
206 848
206 857
206 869
206 1028
206 1040
206 1048
206 1059
206 1208
206 1229
206 1458
206 1534
206 1613
206 1692
206 1916
206 2011
206 2036
206 2095
206 2097
206 2146
206 2147
206 2172
206 2223
206 2356
206 2400
206 2426
206 2580
206 2583
206 2611
206 2634
206 2744
206 2818
206 2822
206 2907
206 3051
206 3266
206 3384
206 3490
206 3890
206 3992
206 4106
206 4231
206 4238
206 4270
206 4470
206 8273
206 8648
206 8649
206 8725
206 8744
206 8835
206 8870
206 8964
206 8966
206 8978
206 9334
206 9367
206 9407
206 9480
206 9487
206 9559
206 9588
206 9884
206 9900
206 9971
206 9979
206 9996
206 10300
206 10476
206 15246
206 15522
206 15739
206 15900
206 15929
206 16353
206 16447
206 17009
206 17170
206 17391
206 17458
206 17520
206 17772
206 18015
206 18114
206 18115
206 18190
206 18471
206 18905
206 18979
206 19191
206 19193
206 19245
206 19265
206 19268
206 19282
206 19316
206 19317
206 19360
206 19384
206 19417
206 19450
206 19470
206 19483
206 19509
206 19519
206 19646
206 19857
206 19941
206 19980
206 20103
206 20110
206 20201
206 20204
206 20295
206 20396
206 20526
206 20592
206 20617
206 20780
206 20798
206 20802
206 20845
206 20900
206 20901
206 20904
206 21069
206 21167
206 21539
206 21712
206 21787
206 21856
206 21859
206 21895
206 21925
206 21958
206 21976
206 21993
206 22007
206 22054
206 23748
206 28057
207 133
207 179
207 595
207 603
207 693
207 732
207 1634
207 2402
207 2439
207 2720
207 2872
207 4102
207 4238
207 4609
207 8387
207 8410
207 8441
207 8442
207 8476
207 8524
207 8579
207 17422
207 17434
208 133
209 134
210 134
210 4036
210 7643
210 22819
211 136
211 143
211 887
211 7568
211 9611
211 10019
211 14560
211 14561
211 14562
211 14564
212 150
212 520
212 552
212 2728
212 8274
212 8335
213 153
213 302
213 541
213 655
213 741
213 778
213 872
213 1028
213 1059
213 1138
213 1285
213 1332
213 1351
213 1563
213 1580
213 1832
213 1833
213 1834
213 1835
213 1836
213 1837
213 1838
213 1839
213 1840
213 1841
213 1842
213 1843
213 1935
213 2008
213 2446
213 2452
213 2656
213 2756
213 2829
213 2872
213 2874
213 2875
213 2876
213 2877
213 2880
213 2890
213 3143
213 3145
213 3146
213 3148
213 3150
213 3151
213 3152
213 3164
213 3183
213 3268
213 3776
213 3807
213 3808
213 4406
214 158
214 242
214 243
214 1043
214 1214
214 1216
214 1747
214 2439
214 2444
214 2651
214 2842
214 8744
214 10127
214 15866
214 17513
214 18164
214 18187
214 18190
214 18425
214 19364
214 19432
214 19684
215 158
215 250
215 887
215 2637
215 7584
215 7628
215 8044
215 8744
215 10127
215 18365
215 19555
215 22024
215 24751
216 158
216 242
216 243
216 542
216 743
216 950
216 1043
216 2501
216 2527
216 2840
216 2841
216 2842
216 2985
216 3133
216 4818
216 18485
216 19364
216 19432
216 23397
216 28845
217 158
217 1124
217 2842
217 2862
218 160
219 166
219 836
220 168
220 603
221 168
221 1637
221 16094
222 169
222 16710
223 170
223 885
223 999
223 1000
224 170
225 171
225 2841
225 3218
225 3916
225 3998
225 10295
225 19415
225 25036
225 25619
226 178
226 743
226 885
226 1040
226 1631
226 2092
227 179
228 181
228 617
228 3218
228 8744
228 9611
228 14839
228 14988
229 181
230 190
230 1566
230 2948
231 197
231 8934
232 198
232 1028
232 9453
233 205
233 220
233 290
233 4102
233 8744
233 10127
234 206
235 206
235 1816
236 206
236 22512
237 207
237 314
237 607
237 749
237 950
237 1053
237 1111
237 2609
237 2611
237 4303
237 4332
237 4759
237 8322
237 9929
237 15662
237 16892
237 17047
237 18298
237 18465
237 19192
237 21712
237 24546
237 25420
237 25619
237 27144
237 28839
238 208
238 290
238 9268
238 19195
238 23625
239 210
239 269
239 583
239 619
239 1142
239 1208
239 1271
239 1370
239 1459
239 3329
239 3939
239 4015
239 4089
239 4091
239 4799
239 8273
239 8368
239 8678
239 8744
239 8964
239 9035
239 9071
239 9802
239 14477
239 14832
239 15649
239 24506
240 212
241 219
241 14869
241 14870
241 14874
242 222
242 312
242 4303
243 223
243 17777
244 224
244 17335
245 224
245 3749
245 8744
245 17241
246 224
246 813
246 21222
246 21258
246 21274
247 224
248 227
249 227
249 625
250 228
250 3490
251 230
251 603
251 640
251 2106
251 2176
251 2744
251 4101
251 14869
251 15833
251 15835
251 18121
251 22062
252 230
253 233
253 617
253 2641
254 233
254 234
254 251
254 282
254 308
254 322
254 584
254 593
254 608
254 617
254 646
254 655
254 741
254 744
254 745
254 858
254 872
254 1028
254 1042
254 1045
254 1137
254 1342
254 1408
254 1563
254 1662
254 2462
254 2654
254 2657
254 2658
254 2661
254 2669
254 2671
254 2673
254 2675
254 2677
254 2679
254 2681
254 2683
254 2685
254 2694
254 2696
254 2698
254 2859
254 2970
254 3466
254 3494
254 3532
254 3556
254 3607
254 3618
254 3810
254 3934
254 3939
254 3994
254 3998
254 4058
254 4068
254 4249
254 4406
254 4639
254 4642
254 7643
254 8664
254 8744
254 14568
254 16718
254 16954
254 17061
254 17087
254 17094
254 27014
255 233
256 234
256 1157
256 4819
256 8874
257 237
257 239
257 240
257 247
257 249
257 253
257 783
257 914
257 1026
257 3986
257 8744
257 10071
257 14540
257 15828
257 15882
258 242
258 576
258 596
258 603
258 605
258 606
258 749
258 813
258 815
258 825
258 875
258 1028
258 1059
258 1125
258 1166
258 1277
258 1563
258 2439
258 2611
258 2745
258 2890
258 2916
258 3105
258 3320
258 3579
258 4263
259 244
259 3059
259 8744
260 245
260 3474
261 254
262 255
262 300
263 264
264 267
264 1066
264 1198
264 1204
264 1207
264 1212
264 1220
264 1221
264 1223
264 1225
264 1226
264 1227
264 1228
264 1244
264 1247
264 1260
264 1265
264 1277
264 1303
264 1310
264 1511
264 1922
264 1954
264 1965
264 2329
264 2342
264 2344
264 2350
264 4095
264 13518
264 18770
264 18969
264 18975
264 18979
264 18983
264 19160
264 21853
265 271
265 296
265 19553
266 272
266 691
266 23599
267 274
268 277
269 277
269 3357
270 277
270 19563
271 277
272 281
273 289
273 599
274 289
274 306
274 1786
274 2603
274 2961
274 4179
274 4238
274 8744
274 16619
274 19554
274 19556
274 19585
274 20053
275 290
275 4799
276 290
277 291
278 292
279 293
279 623
279 1059
279 15960
279 18893
280 293
281 293
282 293
283 294
284 294
284 605
284 681
284 1204
284 2155
284 2558
284 3388
284 3663
284 3935
284 3938
284 4102
284 9575
284 9584
284 9794
284 9979
284 10040
284 16440
284 16447
284 16469
284 16625
284 17775
284 18368
284 19268
284 19317
284 19519
284 19948
284 20617
284 22264
284 22539
284 22619
284 23492
284 23951
284 24357
284 24613
285 296
286 296
286 4179
286 9054
287 296
287 298
287 824
288 297
289 298
289 605
289 1573
290 299
291 300
292 300
293 300
294 300
295 300
295 887
295 7535
295 9268
296 302
297 302
298 303
299 307
300 312
301 316
302 347
303 475
303 619
303 2436
303 4221
304 496
304 509
305 514
305 676
305 4261
305 4262
306 514
307 517
308 517
308 3728
308 3729
309 517
309 887
309 1057
309 1059
309 2306
309 3185
309 3206
309 3220
309 3221
309 3222
309 3228
309 3229
309 3232
309 3233
309 3666
309 7664
309 8744
309 13113
309 18250
309 23786
309 25783
309 25794
309 27665
309 27726
309 27743
309 27757
309 27759
309 27777
309 27838
309 27846
309 27890
309 27907
309 27909
309 27911
309 27913
309 27945
309 27984
309 28692
310 517
310 887
310 2705
310 2717
310 4179
310 8744
310 10127
310 17170
310 17925
310 18334
310 19415
310 19459
310 19719
310 19721
310 21040
310 23811
311 517
312 517
312 2419
312 3813
312 9119
312 9122
312 9126
313 517
313 520
313 702
313 740
313 887
313 3105
313 3852
313 3871
313 8309
313 8744
313 9239
313 9268
313 9924
313 9972
313 10105
313 10128
313 10130
313 10459
313 10460
313 13198
313 14623
313 14626
313 17060
313 19509
313 21207
313 21434
313 21520
313 21530
313 21548
313 22820
313 22821
313 22826
313 22827
313 22855
313 22875
313 23277
313 23709
313 24027
313 24054
313 26084
313 26330
314 517
314 887
314 3852
315 517
315 8744
315 9802
315 16071
316 517
316 681
316 858
316 1040
316 3218
316 8744
316 9268
316 9795
316 12939
316 24280
316 24356
316 25673
316 28101
316 28909
317 517
317 887
317 7657
317 8309
317 8744
317 9050
317 9083
317 9914
317 9915
317 9918
317 9924
317 13198
317 15235
317 16582
317 16601
317 17331
317 17332
317 17352
317 20049
317 20050
317 21936
317 22555
317 24859
318 517
318 887
318 3664
318 3666
318 3668
318 3705
318 3709
318 8744
318 15902
318 24052
318 24772
318 25065
318 26213
318 26214
318 26219
318 26227
318 26238
318 26264
318 26275
318 26360
318 26412
318 27016
318 27672
318 27673
318 27674
318 27680
318 27712
318 27724
318 27725
319 517
319 8744
319 23164
319 23795
319 25699
319 25706
319 27230
320 521
320 2874
320 8853
320 18151
320 19316
321 541
321 542
321 767
321 941
322 541
322 2758
322 3643
322 4174
323 541
323 778
323 1568
323 8691
323 8696
324 541
325 546
326 546
327 548
327 878
327 911
327 7509
327 7510
327 8744
328 552
328 620
328 658
328 744
328 758
328 759
328 777
328 2581
328 2615
328 3743
328 4406
328 8725
328 9135
328 9902
328 14911
328 23715
328 23780
328 23902
328 24228
328 24550
329 554
329 603
329 825
329 4120
330 562
331 562
332 565
333 565
333 4048
333 17744
334 570
335 576
335 596
335 603
335 813
335 815
335 825
335 1059
335 1602
335 1612
336 576
337 582
337 24471
338 583
338 618
338 1629
338 2720
338 4485
338 4820
338 8646
338 14285
338 23117
339 583
339 588
339 599
339 875
339 1630
339 2402
339 2426
339 2427
339 2459
339 2552
339 2582
339 2583
340 583
340 815
340 26318
340 27096
340 28180
340 28350
341 586
341 937
341 1304
342 586
342 606
342 749
342 1059
342 3220
342 3447
343 586
344 586
344 1077
344 2788
345 586
345 7618
345 8100
345 8136
346 586
346 4304
347 586
347 967
348 586
349 586
349 8744
350 587
350 740
350 8744
351 588
351 758
351 774
351 887
351 1189
351 1253
351 1579
351 1639
351 3372
351 3375
351 3665
351 4464
351 4475
351 9735
351 15266
351 17262
352 589
353 592
353 654
353 887
353 2818
353 3218
353 9026
353 9075
354 592
355 593
356 595
356 887
356 8744
356 16614
356 18700
356 26087
357 596
357 702
357 7549
357 7550
357 7590
357 8194
357 8356
357 10128
357 10129
357 14624
358 596
358 597
358 1125
358 1126
359 596
360 596
361 597
361 2426
361 9616
361 9965
361 15375
361 15387
361 24931
361 24975
362 597
362 8744
362 16469
362 16619
362 19606
363 598
364 601
365 603
365 4457
366 603
366 8368
367 603
367 763
367 2174
368 605
368 2611
369 605
369 4101
370 605
370 2730
370 4307
370 19037
371 605
372 605
372 1576
372 20904
373 605
373 2822
373 19562
374 605
375 605
376 605
376 1091
376 1116
376 1775
376 2580
376 2687
376 2728
376 2822
376 2983
376 8744
376 8933
376 15662
376 16687
376 16807
376 17277
376 17737
376 19166
376 19171
376 22876
376 24524
376 24929
376 24992
376 25323
376 25661
376 27580
376 28288
377 606
377 8357
377 8641
377 8744
377 14623
377 18522
378 606
379 606
379 8744
379 28154
380 607
381 609
382 610
382 1786
383 616
384 616
385 616
386 620
387 620
387 2696
387 9998
387 10000
387 10448
387 13297
387 14148
387 14210
387 14515
387 15385
387 16302
387 16868
387 17020
387 23809
387 23936
387 24515
387 24527
387 24874
387 25400
387 25568
387 25965
387 25966
387 25967
387 25968
387 26690
387 26925
387 27166
387 28482
388 620
388 963
388 1537
389 623
389 10015
389 10016
390 623
390 15197
391 626
392 627
392 8744
393 629
393 4130
394 630
394 2821
395 630
395 10022
395 10023
395 10295
395 15197
396 632
396 8191
396 8223
396 8898
396 9086
396 9088
396 9116
397 636
398 644
398 2966
398 4756
398 4758
398 18972
399 650
400 653
400 7628
400 8980
400 20452
401 653
401 1053
402 653
403 653
404 654
405 654
405 8399
406 654
407 654
407 790
407 933
407 2420
407 3218
407 15664
407 15665
407 16795
407 19206
407 23111
407 26358
408 654
409 655
409 8744
409 18278
409 23265
409 24007
409 25236
409 25658
409 26011
410 656
410 740
410 742
410 3657
410 3658
410 3659
410 4177
411 656
411 18156
412 656
412 3659
413 656
413 3657
413 8744
413 10127
413 20822
413 20864
413 20906
414 656
414 1085
415 657
415 713
415 737
415 741
415 742
415 836
415 973
415 1039
415 1323
416 657
416 3710
416 9358
416 24546
416 24547
417 657
417 887
417 8725
417 18160
417 26483
417 26495
417 26671
417 26673
418 658
419 658
419 8744
419 24665
420 665
420 1738
420 20994
421 667
422 667
423 677
424 677
425 677
426 677
426 19485
427 677
427 3666
427 3710
427 15104
427 15902
428 680
428 813
428 815
428 885
428 918
428 919
428 920
428 933
429 680
429 795
429 1053
429 2821
429 9239
429 13978
429 16831
429 19208
429 24275
429 28346
430 680
431 680
432 680
432 2329
432 3218
432 3810
432 3845
432 4406
432 16405
432 16929
432 17296
432 28878
433 680
434 681
435 681
435 743
436 681
437 681
438 681
439 681
440 681
440 3218
440 9135
441 682
442 682
442 8744
443 682
444 683
444 872
444 1947
444 1986
444 1987
444 1988
444 3650
444 3769
444 3771
444 3772
444 3773
444 3775
444 4613
444 8699
444 9273
444 9591
444 9592
444 9774
444 14574
444 14612
445 683
445 815
445 18986
445 24802
445 25658
445 26043
445 27773
445 28793
446 685
446 1191
446 1196
446 1208
446 1214
446 1221
446 1250
446 1260
446 1265
446 1271
446 1277
446 1922
446 1926
446 2419
447 685
448 691
449 696
449 15848
450 701
451 701
451 887
451 2149
451 3037
451 4104
451 7590
451 7618
451 7718
451 7871
451 7874
451 7880
451 7886
451 7918
451 8223
451 8310
451 8331
451 8365
451 9408
451 14624
452 702
452 7537
452 7718
452 15741
453 702
453 8376
453 8378
453 8379
453 8380
453 8381
453 8384
453 8385
453 8386
453 8387
453 8388
453 8389
453 8390
453 8393
453 8394
453 8395
453 8396
453 8397
453 8398
453 8399
453 8400
453 8401
453 8403
453 8405
453 8406
453 8407
453 8408
453 8409
453 8410
453 8412
453 8413
453 8414
453 8415
453 8416
453 8419
453 8421
453 8422
453 8423
453 8426
453 8428
453 8429
453 8430
453 8431
453 8432
453 8434
453 8435
453 8437
453 8440
453 8441
453 8442
453 8445
453 8446
453 8447
453 8450
453 8451
453 8453
453 8455
453 8458
453 8465
453 8467
453 8469
453 8472
453 8473
453 8475
453 8476
453 8477
453 8479
453 8480
453 8481
453 8483
453 8484
453 8485
453 8486
453 8487
453 8488
453 8489
453 8490
453 8491
453 8495
453 8496
453 8497
453 8498
453 8499
453 8500
453 8503
453 8505
453 8506
453 8509
453 8511
453 8513
453 8514
453 8515
453 8516
453 8518
453 8521
453 8524
453 8526
453 8527
453 8529
453 8530
453 8532
453 8534
453 8535
453 8536
453 8538
453 8540
453 8541
453 8542
453 8544
453 8546
453 8547
453 8548
453 8550
453 8551
453 8555
453 8556
453 8559
453 8560
453 8561
453 8562
453 8564
453 8565
453 8567
453 8569
453 8570
453 8571
453 8572
453 8573
453 8576
453 8577
453 8578
453 8579
453 8582
453 8583
453 8584
453 8585
453 8586
453 8587
453 8588
453 8591
453 8592
453 8593
453 8594
453 8600
453 8601
453 8602
453 8605
453 8606
453 8617
453 8619
453 8627
453 8631
453 8632
453 8634
453 8635
453 8637
453 8639
453 8641
453 15741
454 702
455 702
456 702
456 8474
456 8495
456 8635
456 15741
457 702
458 702
458 8447
458 10461
458 15741
458 23599
458 26084
459 702
459 10105
459 10128
459 10129
459 10130
459 10459
459 10460
459 14623
459 15722
459 26084
460 702
460 10128
460 10459
460 14624
461 702
461 14623
462 702
462 10129
462 10459
463 702
463 8389
463 10130
464 702
464 10071
464 10105
464 10128
464 10129
464 10130
464 10459
464 10460
464 10470
464 14623
464 15722
464 15741
464 26084
465 702
466 702
467 702
467 10460
467 14623
468 702
468 10105
469 702
469 10105
469 14624
470 702
471 702
472 702
472 8589
472 8634
472 10128
472 10459
473 702
473 7742
473 10071
473 10105
473 10128
473 10130
473 10293
473 10460
473 14623
474 702
474 10111
474 14540
475 702
476 702
477 702
477 8442
477 10105
477 10459
477 14540
477 15197
478 702
479 702
479 10460
480 702
480 10459
480 10470
481 702
481 10105
481 10129
481 10461
482 702
482 10459
482 14623
482 14624
482 26084
483 702
483 8617
483 10459
484 702
485 702
485 10459
485 14623
486 702
487 702
488 702
488 8051
488 8052
488 10095
488 10105
488 10111
488 10128
488 10130
488 10460
488 10470
488 14623
488 15722
489 702
490 702
490 8427
490 10130
490 14624
491 702
491 7906
491 8705
491 9077
491 10129
491 10130
491 10461
491 14623
491 14624
491 14651
491 14653
491 15741
492 702
493 702
494 702
495 702
495 887
495 8579
495 8632
495 10105
495 10111
495 10459
495 14623
495 14624
495 15741
496 702
497 702
497 10105
497 10128
497 10129
497 10130
497 10459
497 14623
497 14624
497 15722
497 26084
498 702
498 8100
498 8376
498 8378
498 8379
498 8380
498 8381
498 8382
498 8383
498 8384
498 8385
498 8386
498 8387
498 8388
498 8389
498 8390
498 8391
498 8393
498 8395
498 8396
498 8397
498 8399
498 8404
498 8406
498 8426
498 8447
498 8449
498 8507
498 8513
498 8579
498 8602
498 8619
498 8635
498 10128
498 10129
498 10459
498 14624
498 14625
498 15197
498 15741
498 17277
498 23600
499 702
500 702
500 10071
500 10095
500 10105
500 10111
500 10128
500 10129
500 10130
500 10459
500 10460
500 10470
500 14623
500 14624
500 15722
500 26084
501 702
502 702
503 702
503 10111
504 702
505 702
505 8351
505 8545
505 9077
505 10105
505 10128
505 10130
505 10293
505 10459
505 10460
505 14623
505 14624
505 14625
505 15722
505 15741
505 26084
506 702
506 3116
506 8340
506 8341
506 8347
506 8348
506 8349
506 8350
506 8351
506 8352
506 8353
506 8354
506 8355
506 8356
506 9772
506 10105
506 10129
506 10459
506 10461
506 14623
507 702
507 887
507 9077
507 10470
507 14624
507 15722
508 702
508 8051
508 8136
508 8376
508 9077
508 10129
508 10130
508 14625
508 14820
508 15741
509 702
509 2156
509 3218
509 9077
509 10071
509 10105
509 10111
509 10127
509 10128
509 10129
509 10460
509 10461
509 10470
509 14623
509 14624
509 15722
509 15741
510 702
510 3873
510 7618
510 7736
510 7880
510 7882
510 8051
510 8619
510 8620
510 8621
510 8622
510 8624
510 8628
510 8705
510 8982
510 9077
510 10071
510 10095
510 10105
510 10111
510 10128
510 10130
510 10293
510 10295
510 10459
510 10460
510 10461
510 10470
510 14623
510 14624
510 14625
510 14627
510 15722
510 15741
510 23748
510 26084
511 702
511 9077
511 10071
511 10129
511 10470
511 14625
511 15741
512 702
512 887
512 2580
512 7882
512 8579
512 8631
512 8705
512 8982
512 10071
512 10087
512 10095
512 10105
512 10111
512 10128
512 10294
512 10459
512 10460
512 14623
512 14624
512 14651
512 14653
512 14655
512 22664
512 26084
513 702
513 7742
514 702
514 10105
514 10128
514 10129
514 10130
514 10460
514 14623
514 15722
514 23599
514 23748
515 702
515 10130
515 14623
515 23659
516 702
516 887
516 4029
516 10459
516 10460
516 14540
516 14623
516 15741
516 19491
517 703
517 9780
517 9781
518 703
519 708
519 13584
519 17286
520 708
520 9275
521 712
521 15418
522 713
522 716
522 8744
522 15946
522 16220
522 16221
523 715
524 716
524 789
525 723
525 741
525 887
525 1044
525 1260
525 1842
525 2789
525 8062
525 8127
525 8744
525 8745
525 9135
525 9268
525 10127
525 12939
525 13587
525 15778
525 16630
525 17733
525 17737
525 18037
525 23165
525 23277
525 23625
525 23770
525 24041
525 24452
525 25235
525 25458
525 25721
525 25724
525 25726
525 25727
525 25731
525 26081
525 26214
525 26251
525 26266
525 26301
525 26334
525 26362
525 26376
525 26382
525 26402
525 26446
525 26451
525 26483
525 26651
525 26735
525 26970
525 28057
526 730
527 734
527 8744
528 734
529 737
529 887
529 8744
530 740
531 740
531 7657
531 7658
532 740
532 8744
532 9911
532 9921
532 9926
532 14848
532 15241
532 15243
532 15244
532 15245
533 740
533 9902
533 17565
533 17567
533 19236
534 740
534 19558
535 740
536 740
536 2581
536 8293
536 8678
536 8725
536 9912
536 24613
536 25029
537 741
538 742
538 3724
538 9280
539 742
539 3666
539 3705
539 3706
539 9736
539 15902
539 24052
540 742
541 743
542 743
542 3750
542 3751
543 743
544 743
545 743
545 16910
545 16913
546 743
547 743
547 3748
547 19017
548 743
548 887
549 743
550 744
550 3335
550 3336
551 744
551 3741
551 9350
552 744
553 744
553 832
553 2823
554 744
555 744
555 3739
556 745
556 1277
556 3606
556 3659
556 7544
556 7562
556 8122
556 8744
556 9081
556 9586
556 10128
556 14539
557 745
558 745
559 745
559 887
559 8123
559 8744
559 9084
559 17436
559 19544
559 21037
560 745
560 8293
561 745
561 3118
561 4254
561 4552
561 8744
561 9453
561 10127
561 25458
561 25481
561 25496
561 26109
561 26431
561 26473
562 746
563 749
563 815
563 887
563 1253
563 8744
563 22204
564 749
564 790
564 8744
564 14038
564 24772
564 26757
565 749
566 749
567 749
567 2791
567 8744
567 15661
567 17526
567 19618
568 749
569 749
569 750
570 749
571 751
571 815
571 887
571 1675
571 7537
571 7590
571 8046
571 8047
571 8370
571 8744
571 10136
571 14577
571 14624
571 17314
571 17393
572 758
572 1384
572 3081
572 4015
572 14431
573 760
574 765
575 766
576 777
577 785
577 8842
577 9063
577 16430
578 787
579 787
580 790
580 2807
580 2821
580 4251
581 790
581 2446
582 790
582 3599
582 7654
582 18327
582 27743
583 790
583 813
583 815
583 2818
583 4789
583 23200
584 791
585 792
586 792
587 794
587 18276
588 794
589 794
589 20876
589 24955
590 795
591 798
591 928
591 21024
592 798
593 798
593 1342
593 23369
594 801
595 801
596 801
597 801
598 801
599 801
599 4787
599 4789
600 802
601 802
601 9358
601 15098
602 802
602 22853
603 802
604 802
605 806
606 811
606 870
606 887
606 1053
606 1097
606 3037
606 7518
606 7537
606 7618
606 7632
606 7682
606 7718
606 7720
606 7732
606 7739
606 7876
606 7880
606 7897
606 7902
606 7906
606 7964
606 8705
606 8725
606 8744
606 8902
606 8964
606 9077
606 10071
606 10095
606 10111
606 10293
606 10294
606 10461
606 10470
606 14623
606 14625
606 14638
606 15741
606 17569
606 17804
606 19333
606 21010
606 21011
606 21012
606 21017
606 24680
606 25563
607 811
607 8345
607 8354
607 17101
608 813
608 8744
608 18071
609 813
610 813
611 813
611 3301
612 815
613 815
613 887
614 815
615 815
616 815
616 933
616 2821
616 2822
616 3661
616 8273
616 15897
616 16273
616 16353
616 16465
616 16784
616 17711
616 17737
616 17772
616 19107
616 19282
616 19527
616 19529
616 19542
616 19543
616 19575
616 19628
617 815
617 918
617 4179
617 8744
617 19187
618 815
619 815
619 2611
620 815
620 1040
620 1059
620 8744
620 20973
620 26403
620 26404
620 26405
621 815
622 816
622 27073
623 824
623 18015
624 825
625 825
626 825
627 825
627 18975
627 25634
628 825
629 825
629 3657
629 16315
629 16414
629 21079
630 825
630 21004
631 830
632 830
633 830
633 4251
634 830
635 830
635 8744
635 9245
635 9246
635 9260
635 14563
635 14565
636 831
636 834
636 1246
636 8744
636 17301
637 836
638 837
638 4212
639 837
640 869
640 1249
640 4799
641 871
641 4187
641 4188
641 9933
642 872
642 1374
643 872
643 984
643 3769
643 4613
643 9273
644 872
644 3772
645 875
646 875
647 875
648 875
648 8744
649 885
649 887
649 891
649 892
650 885
650 887
650 888
651 885
652 885
652 3026
653 885
653 3212
654 887
655 887
655 9525
655 9526
656 887
656 7592
657 887
658 887
658 8864
658 9764
658 17784
658 22003
658 22004
658 23402
658 28221
659 887
659 7541
659 8044
659 26087
660 887
660 8136
660 9341
661 887
661 8052
661 17764
661 18913
662 887
663 887
663 7631
663 9039
664 887
664 7590
664 7612
664 7613
665 887
666 887
666 10461
667 887
667 7666
667 8744
667 8898
667 9074
668 887
668 8715
668 10071
668 10129
668 14625
668 14651
668 14653
668 15741
669 887
669 7581
670 887
671 887
671 3877
671 8044
672 887
673 887
674 887
674 1000
674 8710
674 8712
674 8733
674 8744
674 8898
674 8914
675 887
675 3807
675 4179
675 8704
675 8720
675 9189
675 9274
675 9281
675 9352
675 9354
676 887
676 7590
676 8044
676 9268
676 16057
676 16888
676 18022
676 18023
677 887
677 8967
677 9120
678 887
679 887
679 8898
679 9066
680 887
680 7736
680 7882
680 9041
680 17285
680 27150
681 887
681 9074
681 9077
681 10105
681 10470
681 20779
681 21207
682 887
682 10433
682 15365
682 15366
682 15367
682 15398
683 887
683 9551
683 9552
684 887
684 7664
684 8744
684 16784
684 19299
684 19305
684 19318
685 887
685 8122
685 9569
686 887
687 887
687 27566
688 887
688 8953
688 15390
688 18915
689 887
689 8044
690 887
691 887
691 21710
692 887
692 15822
693 887
694 887
694 1097
694 3037
694 7537
694 7618
694 7632
694 7680
694 7682
694 7732
694 7739
694 8100
694 8136
694 8744
694 22720
695 887
695 13820
695 14098
695 14512
695 22190
695 24825
695 28561
696 887
696 9268
696 16660
696 16690
696 23625
696 26259
696 26260
696 26261
696 26262
696 26263
697 887
697 7682
697 8617
697 8625
697 8744
697 10105
697 10129
697 10461
697 14623
697 14624
697 14625
697 23748
698 887
698 8744
698 17314
698 17343
699 887
699 13125
699 14336
699 23261
699 27794
699 28091
699 28881
700 887
700 10127
700 22509
701 887
702 887
703 887
704 887
704 8127
704 17513
704 23659
705 887
706 887
706 18019
707 887
708 887
709 887
710 887
711 887
712 887
713 887
714 887
714 8744
714 18192
715 887
716 887
717 887
718 887
719 887
720 887
721 887
722 887
723 887
723 8744
723 10127
723 19236
723 19945
723 19946
723 19998
724 887
725 887
725 2097
725 3852
725 8249
725 9488
725 9970
725 10127
725 21207
725 22810
726 887
727 887
727 9772
727 19171
727 21187
727 21188
727 21551
727 22603
727 23099
727 23100
727 24155
728 887
729 887
730 887
730 7664
730 8744
730 21553
730 21554
730 21616
731 887
731 21563
731 22173
731 22174
732 887
732 8744
732 9756
732 22678
733 887
733 23657
734 887
734 24165
735 887
736 887
736 8744
736 18331
736 18343
736 26374
736 26424
736 26425
736 26426
736 26427
736 26428
736 27428
737 887
737 8744
737 28381
737 28509
737 28514
737 28515
737 28516
738 887
738 1057
738 3749
738 21865
738 23703
738 26224
738 28551
738 28553
739 887
739 1048
740 887
740 27644
740 27645
741 887
741 2710
741 2962
741 7628
741 8744
741 9268
741 9924
741 13198
741 17733
741 18037
741 20864
741 22450
741 22603
741 24769
741 25200
741 26301
741 26480
741 27010
741 27211
741 27404
741 27423
741 28427
742 887
742 2821
742 8985
742 19108
742 19179
743 887
743 7628
743 8744
743 9268
743 9924
743 13198
743 17733
743 18037
743 24769
743 26301
743 27010
743 27404
743 27423
744 887
744 7664
744 8744
744 9268
744 13113
744 15832
744 23786
744 27638
744 27642
744 27665
744 27670
744 27915
745 887
746 887
747 887
748 887
749 915
749 8859
750 918
751 926
752 928
753 928
754 928
755 928
756 928
757 928
758 928
759 928
759 14931
760 928
761 928
761 18699
762 928
762 20887
763 931
764 937
765 937
766 937
767 937
768 938
769 939
769 7602
769 15741
770 940
770 3740
770 17716
770 17717
771 940
771 17716
771 24718
772 940
773 946
774 948
774 10042
775 950
776 952
777 952
777 2168
777 2420
777 17513
777 19058
778 954
779 962
779 980
779 1147
780 975
780 978
780 3785
780 3818
781 975
782 975
783 976
783 1591
784 976
785 976
785 1718
785 8744
785 9179
785 9180
785 9537
785 9944
785 14624
785 17205
785 17206
785 19462
786 981
787 981
788 981
788 8744
789 984
790 993
791 996
792 996
792 1040
792 2611
792 8744
792 19775
793 1000
793 8712
794 1013
795 1014
796 1016
797 1028
797 2145
798 1028
799 1028
800 1028
801 1028
801 19448
802 1039
803 1040
804 1040
804 8306
805 1040
805 8678
806 1040
807 1040
807 21974
808 1040
809 1040
810 1040
811 1040
811 8744
811 24542
811 24543
812 1040
812 3614
812 8973
813 1040
814 1040
815 1042
816 1043
816 14624
817 1048
817 1342
818 1048
819 1048
820 1048
821 1053
821 1059
822 1053
822 7551
822 12988
823 1053
823 3228
823 8744
823 9268
823 9616
823 10036
823 14624
823 17285
823 18499
823 23715
824 1053
825 1053
826 1053
827 1053
828 1053
828 8664
829 1053
829 1059
830 1053
831 1053
832 1055
833 1056
833 1106
833 2374
833 3317
833 4749
833 9560
834 1057
834 3607
835 1059
836 1059
836 2581
836 3105
836 3107
837 1059
838 1059
839 1059
840 1059
840 3238
840 21035
841 1059
842 1059
842 8881
843 1059
844 1059
844 3113
845 1059
846 1059
847 1059
848 1059
849 1059
850 1059
851 1059
852 1059
852 7886
852 8051
852 8619
852 8632
852 23164
853 1059
853 3742
853 8906
854 1063
855 1063
855 8744
855 27171
855 27173
855 27179
855 27186
855 27289
856 1073
856 2098
856 3663
856 8744
856 9268
856 9783
856 9794
856 9979
856 9996
856 13587
856 17047
856 17124
856 17284
856 17292
856 17294
856 19519
856 22180
856 23625
856 24348
856 24357
856 24371
856 24383
856 24395
856 24453
856 24457
856 24837
856 24856
856 24857
856 24994
856 25024
856 25035
856 26130
857 1075
857 4179
858 1080
858 3069
859 1085
860 1085
860 4026
860 8073
860 19235
860 22934
860 22936
860 23216
861 1094
862 1097
862 3037
862 7537
862 7618
862 7682
862 7718
862 7732
862 7873
862 8100
862 8136
863 1097
863 3037
863 7537
863 7618
863 8306
863 14624
864 1097
864 3037
864 7554
864 7590
864 7632
864 7918
864 7922
864 8306
864 8607
864 8633
864 10205
865 1106
865 1556
866 1106
867 1106
868 1111
869 1125
869 1131
869 3467
870 1125
871 1133
872 1142
873 1142
874 1146
874 19561
875 1146
876 1146
877 1146
878 1146
878 10127
878 28001
879 1175
880 1177
881 1194
881 3388
881 4606
881 18141
881 18203
882 1194
882 2588
882 3180
882 4153
882 21176
883 1208
883 4527
884 1208
885 1208
885 3218
885 9777
886 1210
886 2613
886 8898
886 9237
886 9531
886 9611
886 9649
886 15959
886 16057
887 1214
888 1214
889 1242
890 1242
891 1243
892 1243
892 8744
892 13658
893 1248
894 1260
895 1280
896 1328
896 4179
897 1340
898 1342
899 1368
900 1368
901 1422
902 1435
902 2734
903 1435
903 2141
903 3542
903 8744
903 9774
903 16917
903 16918
903 16928
903 16950
903 16951
903 17279
904 1435
905 1457
905 3020
905 17761
906 1459
907 1459
908 1528
909 1556
909 1634
909 19483
909 28849
910 1560
911 1566
912 1566
913 1570
914 1579
915 1584
916 1613
917 1613
918 1613
919 1630
919 2150
919 15900
919 25673
920 1644
921 1650
921 3807
921 15739
922 1658
923 1658
924 1658
924 9884
924 22185
925 1662
926 1687
926 2687
927 1718
928 1740
928 2605
929 1753
929 16112
930 1764
930 25010
930 25034
930 25746
931 1773
931 1774
931 8744
931 23323
931 28101
931 28191
931 28192
931 28193
932 1775
933 1790
933 10095
933 10460
933 10461
933 13098
933 22196
933 26414
934 1790
934 1794
935 1807
936 1813
937 1860
937 2234
937 8744
937 25042
938 1861
938 1862
938 1863
938 1865
939 1884
940 1916
941 2028
942 2036
943 2036
943 2821
944 2044
945 2094
946 2094
946 8842
946 10127
946 16190
946 16192
946 16197
946 16243
946 16252
946 16261
946 16267
946 16286
946 16431
946 16451
946 16614
946 16621
946 16776
946 16797
946 26378
947 2097
948 2159
948 22730
948 25710
948 26339
948 26340
948 26386
948 26499
948 26519
948 26670
949 2159
949 22730
949 26339
949 26636
950 2224
951 2225
952 2234
952 2562
952 8744
953 2264
954 2339
954 3287
954 4442
955 2341
956 2350
957 2356
958 2372
959 2375
960 2381
960 8744
960 10127
960 16718
960 16913
960 19599
960 23165
960 25323
960 25643
960 26355
960 26357
960 26362
960 26375
960 26380
960 26406
960 26481
960 26667
960 26668
960 26669
960 26959
961 2401
962 2402
963 2419
964 2420
965 2420
965 15741
966 2420
967 2420
967 8744
968 2420
968 8744
968 9819
968 15246
969 2430
969 2576
969 2585
969 2642
969 2643
969 2644
969 2645
969 2646
969 4218
969 14233
969 15068
969 19176
970 2434
971 2439
971 7553
971 8044
971 8744
972 2439
972 7858
973 2446
974 2446
975 2446
976 2451
977 2555
977 2763
977 2963
977 3004
978 2559
978 2560
979 2562
980 2580
980 9082
981 2580
982 2580
982 8744
982 19851
983 2580
983 20805
984 2580
985 2580
985 4179
986 2581
987 2581
988 2581
989 2581
990 2581
990 8744
990 15243
990 17763
990 22820
990 23277
990 24027
990 26258
990 26330
990 26935
990 26975
990 27004
990 27006
990 28885
991 2601
991 2821
992 2609
993 2609
994 2611
995 2611
996 2611
997 2615
997 3882
998 2627
999 2629
1000 2634
1001 2642
1002 2651
1002 8357
1002 8376
1002 8377
1002 8378
1002 8380
1002 8381
1002 8382
1002 8383
1002 8384
1002 8385
1002 8386
1002 8387
1002 8388
1002 8389
1002 8390
1002 8391
1002 8392
1002 8394
1002 8395
1002 8396
1002 8397
1002 8398
1002 8405
1002 8406
1002 8407
1002 8508
1002 8563
1002 8578
1002 8593
1002 8601
1002 8602
1002 8606
1002 8609
1002 8618
1002 8619
1002 8624
1002 8629
1002 8630
1002 8635
1002 9077
1002 10293
1002 17101
1003 2673
1003 16087
1003 26343
1004 2673
1004 17445
1005 2683
1005 4199
1005 4436
1005 17923
1005 19266
1006 2689
1006 9349
1007 2791
1007 3151
1007 3888
1007 4329
1007 15377
1008 2802
1008 2808
1009 2818
1009 3218
1009 3772
1009 3877
1009 9431
1009 14574
1010 2821
1011 2821
1011 9596
1012 2821
1012 4068
1013 2821
1014 2821
1014 4179
1014 9054
1014 9492
1014 9728
1015 2821
1015 17785
1015 19106
1015 19141
1015 19280
1016 2821
1017 2821
1017 7663
1017 8273
1017 16746
1018 2821
1019 2821
1020 2821
1021 2822
1021 24645
1022 2822
1022 9334
1022 16453
1022 17688
1023 2823
1023 20942
1024 2839
1025 2839
1026 2840
1027 2840
1028 2841
1029 2842
1030 2842
1031 2875
1031 9135
1031 17767
1032 2877
1032 3143
1032 4511
1032 19157
1033 2888
1033 4152
1033 8122
1033 8744
1033 9239
1033 14782
1033 23625
1034 2941
1035 2949
1035 4606
1036 2958
1037 2961
1037 15848
1037 18671
1038 3002
1039 3037
1039 4819
1040 3054
1041 3081
1041 3082
1041 13995
1041 16745
1042 3096
1043 3105
1044 3105
1045 3105
1046 3105
1047 3113
1047 19624
1047 19625
1047 19628
1048 3185
1048 28101
1049 3199
1050 3200
1051 3215
1051 4179
1052 3216
1052 19951
1053 3216
1054 3218
1054 8744
1055 3218
1056 3228
1057 3254
1058 3257
1058 8744
1059 3275
1060 3275
1061 3292
1061 3293
1061 24774
1062 3320
1063 3335
1064 3337
1065 3397
1066 3397
1067 3465
1067 8624
1068 3472
1068 3612
1069 3561
1070 3588
1071 3612
1072 3639
1072 19618
1073 3658
1074 3659
1075 3659
1076 3661
1077 3662
1078 3663
1078 9134
1078 26042
1079 3665
1080 3665
1081 3665
1082 3665
1082 15666
1083 3665
1084 3666
1084 13571
1085 3666
1086 3667
1087 3668
1088 3678
1089 3702
1090 3702
1090 8966
1091 3702
1091 9777
1092 3702
1093 3702
1093 28101
1094 3702
1094 3768
1094 22472
1095 3702
1096 3702
1097 3702
1098 3702
1098 8744
1099 3730
1100 3740
1100 9123
1100 9124
1100 9125
1100 9134
1100 9135
1101 3740
1101 8334
1101 8744
1101 24683
1102 3740
1103 3741
1104 3741
1105 3741
1106 3742
1107 3742
1107 27607
1108 3748
1109 3748
1110 3748
1111 3749
1111 8136
1111 8395
1111 8442
1111 8600
1111 8601
1111 8632
1111 8744
1111 9318
1112 3749
1112 8340
1112 8341
1112 8351
1112 8353
1112 8354
1112 10071
1112 14624
1113 3749
1113 21086
1114 3749
1115 3750
1116 3750
1117 3765
1117 7664
1117 8744
1117 24637
1117 27652
1117 27653
1118 3769
1119 3772
1119 4456
1120 3772
1120 25759
1121 3776
1121 25884
1121 27125
1121 27128
1122 3785
1123 3792
1123 8744
1123 24716
1123 24719
1123 24720
1123 24752
1123 24754
1124 3807
1124 7664
1124 8744
1124 8889
1124 8896
1124 17277
1124 19171
1125 3807
1126 3807
1127 3807
1127 9084
1127 21950
1128 3811
1128 9492
1128 19195
1129 3811
1130 3811
1130 9068
1130 9492
1130 17295
1131 3811
1132 3828
1133 3845
1134 3845
1135 3845
1136 3852
1136 7638
1136 7736
1136 8339
1136 8351
1136 8357
1136 8528
1136 10460
1136 14624
1136 14626
1136 16660
1136 17062
1137 3852
1138 3868
1138 9802
1139 3872
1139 3873
1139 8051
1139 8052
1140 3872
1140 3873
1140 8050
1140 8051
1140 8052
1140 8054
1140 8565
1140 9077
1140 10293
1140 15741
1141 3872
1141 3873
1141 8050
1141 8051
1141 8052
1141 16243
1142 3872
1142 3873
1142 7742
1142 8051
1142 8052
1142 8376
1142 8378
1142 8379
1142 8381
1142 8385
1142 8387
1142 8388
1142 8389
1142 8390
1142 8394
1142 8395
1142 8397
1142 8398
1142 8400
1142 8401
1142 8403
1142 8405
1142 8406
1142 8407
1142 8410
1142 8416
1142 8420
1142 8427
1142 8432
1142 8436
1142 8441
1142 8442
1142 8451
1142 8467
1142 8469
1142 8473
1142 8475
1142 8476
1142 8478
1142 8486
1142 8492
1142 8493
1142 8506
1142 8507
1142 8518
1142 8524
1142 8532
1142 8533
1142 8535
1142 8544
1142 8548
1142 8549
1142 8552
1142 8557
1142 8560
1142 8572
1142 8576
1142 8577
1142 8579
1142 8582
1142 8585
1142 8586
1142 8591
1142 8593
1142 8600
1142 8601
1142 8605
1142 8617
1142 8632
1142 8634
1142 8635
1142 10293
1142 14625
1142 15741
1143 3872
1143 3873
1143 8052
1143 23659
1144 3872
1144 3873
1144 8050
1144 8051
1144 8052
1144 8376
1144 8378
1144 8379
1144 8380
1144 8381
1144 8382
1144 8383
1144 8384
1144 8385
1144 8386
1144 8387
1144 8388
1144 8389
1144 8390
1144 8393
1144 8394
1144 8395
1144 8396
1144 8397
1144 8398
1144 8399
1144 8400
1144 8401
1144 8403
1144 8405
1144 8406
1144 8407
1144 8408
1144 8409
1144 8410
1144 8411
1144 8412
1144 8413
1144 8414
1144 8415
1144 8416
1144 8419
1144 8420
1144 8421
1144 8422
1144 8423
1144 8424
1144 8425
1144 8426
1144 8427
1144 8428
1144 8429
1144 8430
1144 8431
1144 8432
1144 8434
1144 8435
1144 8436
1144 8437
1144 8439
1144 8440
1144 8441
1144 8442
1144 8445
1144 8446
1144 8447
1144 8448
1144 8449
1144 8450
1144 8451
1144 8452
1144 8453
1144 8455
1144 8456
1144 8458
1144 8459
1144 8461
1144 8464
1144 8465
1144 8467
1144 8468
1144 8469
1144 8471
1144 8472
1144 8473
1144 8474
1144 8475
1144 8476
1144 8477
1144 8478
1144 8479
1144 8480
1144 8481
1144 8483
1144 8484
1144 8485
1144 8486
1144 8487
1144 8488
1144 8489
1144 8490
1144 8491
1144 8492
1144 8493
1144 8494
1144 8495
1144 8496
1144 8497
1144 8498
1144 8499
1144 8500
1144 8503
1144 8505
1144 8506
1144 8507
1144 8509
1144 8510
1144 8511
1144 8513
1144 8514
1144 8515
1144 8516
1144 8518
1144 8519
1144 8521
1144 8524
1144 8526
1144 8527
1144 8528
1144 8529
1144 8530
1144 8532
1144 8533
1144 8534
1144 8535
1144 8536
1144 8538
1144 8540
1144 8541
1144 8542
1144 8543
1144 8544
1144 8546
1144 8547
1144 8548
1144 8549
1144 8550
1144 8551
1144 8552
1144 8555
1144 8556
1144 8557
1144 8559
1144 8560
1144 8561
1144 8562
1144 8564
1144 8565
1144 8566
1144 8567
1144 8569
1144 8570
1144 8571
1144 8572
1144 8573
1144 8574
1144 8576
1144 8577
1144 8578
1144 8579
1144 8580
1144 8582
1144 8583
1144 8584
1144 8585
1144 8586
1144 8587
1144 8588
1144 8591
1144 8592
1144 8593
1144 8594
1144 8595
1144 8600
1144 8601
1144 8602
1144 8605
1144 8606
1144 8609
1144 8617
1144 8619
1144 8624
1144 8627
1144 8631
1144 8632
1144 8634
1144 8635
1144 8637
1144 8638
1144 8639
1144 8641
1144 14540
1145 3872
1145 8051
1145 8579
1145 15741
1146 3872
1146 3873
1146 8051
1146 8052
1147 3872
1147 8705
1147 8744
1147 9611
1147 15963
1148 3872
1148 10459
1148 10460
1148 10470
1148 14540
1148 14623
1148 14624
1148 15741
1148 26084
1149 3872
1149 8340
1149 8341
1149 8351
1149 8353
1149 8354
1149 8356
1149 8363
1149 8364
1149 8617
1149 9040
1149 10459
1150 3872
1150 3873
1150 8054
1150 8363
1150 8364
1150 8436
1150 8447
1150 8451
1150 8452
1150 8473
1150 8497
1150 8500
1150 8530
1150 8532
1150 8542
1150 8545
1150 8580
1150 8593
1150 8609
1150 8617
1150 8618
1150 8629
1150 8631
1150 8635
1150 8636
1150 9040
1150 15741
1151 3872
1151 7632
1151 7682
1151 7736
1151 7742
1151 8050
1151 8051
1151 8054
1151 8136
1151 8342
1151 8343
1151 8344
1151 8345
1151 8346
1151 8356
1151 8357
1151 8362
1151 8363
1151 8364
1151 8607
1151 8608
1151 8634
1151 8638
1151 8642
1151 8643
1151 8979
1151 8982
1151 9040
1151 9077
1151 10111
1151 10135
1151 10136
1151 10293
1151 10294
1151 10295
1151 14623
1151 14624
1151 14625
1151 14626
1151 14627
1151 14628
1151 14651
1151 14653
1151 14655
1151 14820
1151 17101
1151 26084
1152 3873
1153 3873
1153 8051
1153 8052
1154 3873
1154 8051
1155 3873
1155 10459
1156 3873
1156 8051
1156 10293
1157 3873
1157 8050
1157 8052
1157 8705
1157 14625
1158 3890
1158 19195
1158 25673
1158 27637
1159 3894
1160 3976
1161 3976
1162 4019
1163 4028
1164 4036
1164 24689
1165 4036
1165 26873
1166 4037
1167 4042
1168 4050
1169 4062
1169 17129
1170 4063
1171 4066
1171 16022
1172 4068
1173 4078
1174 4101
1175 4101
1176 4101
1177 4102
1178 4102
1179 4102
1180 4102
1181 4104
1182 4106
1183 4111
1183 4119
1183 21524
1184 4121
1185 4121
1186 4152
1187 4152
1187 8744
1187 14587
1188 4177
1189 4177
1190 4179
1190 9054
1191 4179
1191 8744
1191 8984
1191 8998
1192 4179
1192 8744
1192 14866
1192 18032
1192 18044
1193 4179
1194 4179
1194 19519
1195 4179
1196 4179
1197 4179
1198 4179
1199 4179
1200 4179
1200 9050
1201 4179
1202 4187
1202 4188
1202 7563
1202 7565
1202 7653
1202 7655
1202 7998
1202 8037
1202 8063
1202 8714
1202 8723
1202 8728
1202 8736
1202 8747
1202 8754
1202 8764
1202 8780
1202 8781
1202 8782
1202 8792
1202 8793
1202 8799
1202 8806
1202 8813
1202 8815
1202 8818
1202 8821
1202 8868
1202 8869
1202 8877
1202 8916
1202 8926
1202 8930
1202 8937
1202 8940
1202 8952
1202 8956
1202 8959
1202 8960
1202 8961
1202 8962
1202 8969
1202 8972
1202 8988
1202 8993
1202 8996
1202 8997
1202 9003
1202 9008
1202 9022
1202 9025
1202 9046
1202 9056
1202 9080
1202 9088
1202 9097
1202 9099
1202 9101
1202 9102
1202 9110
1202 9116
1202 9131
1202 9132
1202 9207
1202 9212
1202 9216
1202 9218
1202 9226
1202 9248
1202 9257
1202 9269
1202 9270
1202 9478
1202 9548
1202 9549
1202 9600
1202 9640
1202 9705
1202 9710
1202 9712
1202 9715
1202 9850
1202 9876
1202 9896
1202 10124
1202 10255
1202 12928
1202 12936
1202 12942
1202 12966
1202 12982
1202 12988
1202 12991
1202 12992
1202 13036
1202 13050
1202 13074
1202 13133
1202 13149
1202 13150
1202 13170
1202 13190
1202 13219
1202 13248
1202 13278
1202 13309
1202 13341
1202 13411
1202 13429
1202 13440
1202 13504
1202 13512
1202 13513
1202 13544
1202 13619
1202 13650
1202 13668
1202 13672
1202 13674
1202 13690
1202 13720
1202 13747
1202 13762
1202 13798
1202 13826
1202 13841
1202 13846
1202 13857
1202 13872
1202 13901
1202 13923
1202 13997
1202 14017
1202 14080
1202 14112
1202 14145
1202 14158
1202 14224
1202 14252
1202 14286
1202 14290
1202 14304
1202 14342
1202 14377
1202 14384
1202 14438
1202 14443
1202 14454
1202 14484
1202 14554
1202 14556
1202 14588
1202 14617
1202 14635
1202 14640
1202 14658
1202 14884
1202 15368
1202 15459
1202 15506
1202 15734
1202 16049
1202 16101
1202 16268
1202 16476
1202 16733
1202 17015
1202 17075
1202 17666
1202 17680
1202 17766
1202 17795
1202 17963
1202 18116
1202 18117
1202 18127
1202 18168
1202 18174
1202 18236
1202 18248
1202 18422
1202 18528
1202 18581
1202 18914
1202 19358
1202 19472
1202 19563
1202 19564
1202 19568
1202 19590
1202 19593
1202 19598
1202 19604
1202 19615
1202 19626
1202 19663
1202 19664
1202 19682
1202 20073
1202 20203
1202 20379
1202 20415
1202 20586
1202 20774
1202 20989
1202 21024
1202 21094
1202 21130
1202 21131
1202 21139
1202 21288
1202 21606
1202 21607
1202 21703
1202 21706
1202 21726
1202 22431
1202 22433
1202 22570
1202 22587
1202 22599
1202 23382
1202 23383
1202 23384
1203 4199
1204 4206
1205 4212
1206 4230
1207 4237
1208 4251
1209 4251
1209 19055
1209 27205
1209 27206
1209 27209
1209 27211
1209 27249
1209 27250
1210 4263
1210 8957
1211 4268
1212 4312
1213 4333
1214 4335
1214 18922
1214 27805
1214 27831
1215 4376
1216 4437
1217 4456
1218 4456
1218 8932
1219 4456
1220 4456
1221 4457
1222 4467
1222 19130
1223 4494
1224 4520
1225 4537
1226 4538
1227 4547
1228 4549
1228 9291
1228 9295
1229 4581
1229 4590
1229 4592
1230 4605
1230 26367
1231 4614
1231 16197
1231 16261
1231 19693
1231 27580
1232 4639
1233 4640
1233 16891
1233 18635
1234 4644
1234 23164
1235 4645
1236 4673
1237 4736
1238 4737
1239 4738
1239 4739
1240 4749
1241 4770
1242 4784
1243 4793
1244 4799
1244 9986
1245 4806
1245 25250
1246 4813
1247 4819
1247 19442
1248 7511
1249 7513
1249 7514
1250 7519
1250 24648
1251 7521
1252 7522
1253 7523
1254 7524
1255 7525
1255 7526
1255 7527
1255 7529
1255 8278
1256 7528
1257 7530
1257 7668
1257 7669
1258 7531
1258 7532
1258 7537
1259 7533
1259 7534
1260 7536
1260 7538
1260 10111
1260 10130
1261 7537
1262 7539
1263 7540
1263 7547
1263 8044
1263 9878
1263 21073
1264 7543
1264 7545
1264 8194
1265 7545
1265 7546
1266 7552
1267 7559
1268 7574
1269 7581
1269 8025
1269 8365
1269 9419
1269 16403
1269 17252
1270 7590
1270 7718
1270 8729
1271 7590
1271 8835
1271 8840
1272 7590
1273 7608
1274 7618
1274 8249
1274 8392
1274 8470
1274 8554
1274 8563
1274 8596
1274 8599
1274 8744
1274 9538
1274 13941
1274 15941
1274 15942
1274 15943
1274 16058
1274 16059
1274 16060
1274 16469
1274 16619
1274 20249
1274 20455
1274 20525
1274 20575
1274 20576
1274 22009
1274 22521
1274 23602
1274 23914
1274 25596
1274 25597
1274 25614
1274 27734
1274 27785
1275 7628
1276 7628
1276 7664
1276 9268
1276 10127
1276 12939
1276 22083
1276 23625
1276 26483
1276 26514
1276 27577
1277 7629
1278 7632
1278 7739
1279 7641
1280 7643
1281 7644
1282 7651
1283 7654
1283 8744
1283 16915
1284 7657
1284 23993
1284 23994
1285 7661
1285 7673
1285 9764
1285 9766
1285 9812
1285 10001
1285 10440
1285 10441
1285 10442
1285 10443
1285 10444
1285 10447
1285 10448
1285 13851
1285 15103
1285 15240
1285 15796
1285 15811
1285 16357
1285 17018
1285 17020
1285 17048
1285 17049
1285 17052
1285 17065
1285 17066
1285 17195
1285 17196
1285 17197
1285 17198
1285 17199
1285 17207
1285 17400
1285 17404
1285 17405
1285 18124
1285 18125
1285 18142
1285 18144
1285 18696
1285 21095
1285 21104
1285 21128
1285 21220
1285 21225
1285 21255
1285 21330
1285 21331
1285 21981
1285 21982
1285 22015
1285 22125
1285 22463
1285 22477
1285 22478
1285 22621
1285 22734
1285 22761
1285 22788
1285 22849
1285 22867
1285 22868
1285 23381
1285 23625
1285 23837
1286 7663
1286 8273
1287 7663
1287 18397
1287 21955
1287 23623
1287 24571
1288 7664
1288 8127
1288 8744
1288 9587
1288 9589
1288 9627
1289 7664
1289 8744
1289 9288
1289 9588
1289 9594
1289 9793
1289 9803
1289 9907
1289 9910
1289 17443
1290 7664
1290 8744
1290 9268
1290 10127
1290 23625
1291 7664
1291 8744
1291 9268
1291 13198
1291 18037
1291 23625
1291 27577
1291 27630
1291 27631
1292 7667
1293 7671
1294 7680
1295 7699
1296 7699
1296 7700
1296 7701
1296 7988
1296 8167
1296 8189
1296 8193
1296 8245
1297 7699
1297 7700
1297 7701
1297 7988
1297 8156
1297 8166
1297 8167
1297 8194
1297 8195
1297 8196
1297 8215
1297 8245
1298 7699
1298 8156
1298 8193
1299 7699
1299 7701
1299 7988
1299 8155
1299 8156
1299 8189
1299 8194
1299 8245
1300 7699
1300 7701
1300 7988
1300 8156
1300 8166
1300 8167
1300 8189
1300 8215
1300 8245
1300 15772
1300 17746
1301 7700
1301 8194
1301 14628
1302 7700
1302 7701
1302 8166
1302 8167
1302 8245
1302 14628
1303 7701
1303 7988
1303 8156
1303 8166
1303 8167
1303 8245
1304 7736
1304 7741
1305 7736
1305 7741
1305 10461
1305 14624
1305 23599
1305 24655
1306 7739
1307 7742
1308 7742
1308 8982
1308 10293
1308 10470
1308 15741
1309 7742
1309 10071
1310 7742
1310 8478
1310 8483
1310 8533
1310 9040
1311 7742
1312 7742
1312 8054
1312 9561
1312 9562
1313 7742
1313 8705
1313 14627
1314 7742
1314 9077
1314 14625
1315 7742
1316 7742
1316 9077
1317 7742
1318 7742
1318 23659
1319 7742
1319 8376
1319 8378
1319 8379
1319 8380
1319 8381
1319 8382
1319 8383
1319 8384
1319 8385
1319 8386
1319 8387
1319 8388
1319 8389
1319 8390
1319 8391
1319 8392
1319 8393
1319 8394
1319 8395
1319 8396
1319 8397
1319 8398
1319 8399
1319 8406
1319 8449
1319 8487
1319 8602
1319 8635
1320 7873
1320 7876
1320 7877
1321 7873
1321 7876
1321 7877
1321 8602
1322 7880
1322 8376
1322 8378
1322 8379
1322 8381
1322 8382
1322 8383
1322 8578
1322 10071
1322 10105
1322 10111
1322 10128
1322 10130
1322 10470
1322 14623
1322 14624
1322 15722
1322 23659
1322 26084
1323 7882
1324 7882
1325 7882
1326 7882
1326 14624
1326 14820
1327 7886
1327 8385
1327 8388
1328 7886
1329 7886
1330 7886
1330 8339
1330 8340
1330 8341
1330 8342
1330 8343
1330 8344
1330 8345
1330 8346
1330 8347
1330 8348
1330 8349
1330 8350
1330 8351
1330 8352
1330 8355
1330 8356
1330 14624
1330 14625
1331 7887
1331 18570
1331 22669
1332 7954
1333 7981
1334 7988
1334 8193
1334 8195
1334 8245
1335 7988
1335 8194
1336 7988
1336 14628
1337 8026
1337 21752
1338 8044
1339 8044
1340 8044
1340 16233
1341 8044
1342 8044
1343 8050
1343 8468
1344 8050
1344 10293
1344 14540
1344 14625
1344 15741
1345 8050
1345 10129
1345 14625
1346 8050
1347 8050
1348 8050
1348 14624
1349 8050
1350 8050
1350 8051
1350 8052
1351 8050
1351 21990
1352 8051
1352 10105
1352 10461
1353 8051
1353 9077
1354 8051
1354 8052
1354 8619
1354 8624
1355 8051
1356 8051
1357 8052
1357 8054
1357 8385
1357 8512
1357 10129
1357 10461
1357 23659
1357 25673
1357 26087
1358 8052
1358 8635
1359 8052
1360 8054
1360 8357
1360 8376
1360 8377
1360 8378
1360 8379
1360 8380
1360 8381
1360 8382
1360 8383
1360 8384
1360 8385
1360 8386
1360 8387
1360 8388
1360 8389
1360 8390
1360 8391
1360 8392
1360 8393
1360 8394
1360 8395
1360 8396
1360 8397
1360 8398
1360 8399
1360 8400
1360 8401
1360 8402
1360 8403
1360 8404
1360 8405
1360 8406
1360 8407
1360 8408
1360 8409
1360 8410
1360 8411
1360 8412
1360 8413
1360 8414
1360 8415
1360 8416
1360 8417
1360 8418
1360 8419
1360 8420
1360 8421
1360 8422
1360 8423
1360 8424
1360 8425
1360 8426
1360 8427
1360 8428
1360 8429
1360 8430
1360 8431
1360 8432
1360 8433
1360 8434
1360 8435
1360 8436
1360 8437
1360 8438
1360 8439
1360 8440
1360 8441
1360 8442
1360 8443
1360 8444
1360 8445
1360 8446
1360 8447
1360 8448
1360 8449
1360 8450
1360 8451
1360 8452
1360 8453
1360 8454
1360 8455
1360 8456
1360 8457
1360 8458
1360 8459
1360 8460
1360 8461
1360 8462
1360 8463
1360 8464
1360 8465
1360 8467
1360 8468
1360 8469
1360 8470
1360 8471
1360 8472
1360 8473
1360 8474
1360 8475
1360 8476
1360 8477
1360 8478
1360 8479
1360 8480
1360 8481
1360 8482
1360 8483
1360 8484
1360 8485
1360 8486
1360 8487
1360 8488
1360 8489
1360 8490
1360 8491
1360 8492
1360 8493
1360 8494
1360 8495
1360 8496
1360 8497
1360 8498
1360 8499
1360 8500
1360 8501
1360 8502
1360 8503
1360 8504
1360 8505
1360 8506
1360 8507
1360 8508
1360 8509
1360 8510
1360 8511
1360 8512
1360 8513
1360 8514
1360 8515
1360 8516
1360 8517
1360 8518
1360 8519
1360 8520
1360 8521
1360 8522
1360 8523
1360 8524
1360 8525
1360 8526
1360 8527
1360 8528
1360 8529
1360 8530
1360 8531
1360 8532
1360 8533
1360 8534
1360 8535
1360 8536
1360 8537
1360 8538
1360 8539
1360 8540
1360 8541
1360 8542
1360 8543
1360 8544
1360 8545
1360 8546
1360 8547
1360 8548
1360 8549
1360 8550
1360 8551
1360 8552
1360 8553
1360 8554
1360 8555
1360 8556
1360 8557
1360 8558
1360 8559
1360 8560
1360 8561
1360 8562
1360 8563
1360 8564
1360 8565
1360 8566
1360 8567
1360 8568
1360 8569
1360 8570
1360 8571
1360 8572
1360 8573
1360 8574
1360 8575
1360 8576
1360 8577
1360 8578
1360 8579
1360 8580
1360 8581
1360 8582
1360 8583
1360 8584
1360 8585
1360 8586
1360 8587
1360 8588
1360 8589
1360 8590
1360 8591
1360 8592
1360 8593
1360 8594
1360 8595
1360 8596
1360 8597
1360 8598
1360 8599
1360 8600
1360 8601
1360 8602
1360 8603
1360 8604
1360 8605
1360 8606
1360 8612
1360 8617
1360 8618
1360 8623
1360 8626
1360 8627
1360 8629
1360 8631
1360 8632
1360 8634
1360 8635
1360 8636
1360 8637
1360 8638
1360 8639
1360 8641
1360 10129
1361 8054
1362 8054
1362 9040
1362 10293
1362 17101
1363 8100
1364 8102
1364 9996
1364 9998
1364 10000
1365 8123
1366 8123
1366 16848
1366 22673
1366 22674
1366 22675
1366 22676
1366 24795
1366 24797
1367 8124
1367 10105
1367 14238
1368 8136
1368 17277
1369 8136
1370 8136
1371 8154
1371 8155
1371 8156
1371 8189
1372 8154
1372 15054
1373 8154
1374 8156
1374 8189
1375 8156
1376 8156
1377 8156
1378 8156
1379 8156
1380 8156
1381 8156
1382 8156
1383 8156
1384 8156
1385 8156
1386 8156
1387 8156
1388 8156
1389 8166
1390 8167
1391 8167
1391 8189
1391 8194
1391 8215
1392 8167
1393 8189
1393 8194
1393 8215
1394 8189
1395 8189
1396 8189
1396 8215
1397 8189
1397 8193
1397 8194
1397 8195
1397 8198
1398 8189
1399 8189
1400 8194
1401 8194
1402 8194
1403 8194
1404 8194
1405 8194
1406 8194
1407 8194
1408 8194
1408 8356
1409 8194
1410 8194
1411 8194
1412 8194
1413 8194
1414 8194
1415 8194
1416 8194
1417 8194
1418 8194
1419 8194
1420 8194
1421 8194
1422 8194
1423 8194
1424 8194
1425 8194
1426 8194
1427 8194
1428 8194
1429 8194
1430 8194
1431 8194
1432 8194
1433 8194
1434 8194
1435 8194
1436 8194
1437 8194
1438 8194
1439 8194
1440 8194
1441 8194
1442 8194
1443 8194
1444 8194
1445 8194
1446 8198
1447 8215
1448 8215
1449 8223
1449 8664
1450 8231
1450 8232
1451 8245
1452 8268
1452 26394
1453 8278
1453 14627
1454 8281
1455 8292
1455 8744
1455 9268
1455 10127
1455 27698
1456 8293
1456 8898
1456 9041
1456 9042
1457 8293
1458 8293
1459 8293
1460 8314
1460 13701
1461 8319
1462 8322
1463 8325
1463 15558
1463 16833
1463 26591
1464 8336
1465 8337
1466 8339
1466 8340
1466 8341
1466 8342
1466 8343
1466 8345
1466 8351
1466 8353
1466 8354
1466 8356
1466 8357
1466 8363
1466 8364
1467 8339
1467 14626
1467 17101
1468 8339
1468 8342
1468 8343
1468 8345
1469 8351
1469 8356
1469 8473
1469 8533
1469 8589
1469 9040
1469 17101
1470 8351
1470 8353
1470 10071
1470 23659
1470 28101
1471 8351
1471 8744
1471 15848
1472 8356
1473 8356
1473 8601
1474 8357
1474 8633
1474 14624
1475 8357
1476 8357
1477 8357
1477 14626
1477 14654
1477 17101
1478 8357
1478 14626
1478 14654
1478 17101
1479 8366
1479 8367
1479 9761
1480 8369
1481 8376
1481 8378
1481 8379
1481 8380
1481 8381
1481 8382
1481 8383
1481 8384
1481 8385
1481 8386
1481 8387
1481 8388
1481 8389
1481 8390
1481 8391
1481 8393
1481 8394
1481 8395
1481 8396
1481 8397
1481 8398
1481 8399
1481 8400
1481 8401
1481 8403
1481 8405
1481 8406
1481 8407
1481 8408
1481 8409
1481 8410
1481 8411
1481 8412
1481 8413
1481 8414
1481 8415
1481 8419
1481 8421
1481 8422
1481 8423
1481 8424
1481 8425
1481 8426
1481 8427
1481 8428
1481 8429
1481 8430
1481 8431
1481 8432
1481 8434
1481 8435
1481 8436
1481 8437
1481 8439
1481 8440
1481 8441
1481 8442
1481 8444
1481 8445
1481 8446
1481 8447
1481 8448
1481 8450
1481 8451
1481 8452
1481 8453
1481 8456
1481 8458
1481 8459
1481 8461
1481 8464
1481 8467
1481 8468
1481 8469
1481 8470
1481 8471
1481 8472
1481 8473
1481 8474
1481 8475
1481 8476
1481 8477
1481 8478
1481 8479
1481 8481
1481 8482
1481 8483
1481 8484
1481 8485
1481 8486
1481 8487
1481 8488
1481 8489
1481 8490
1481 8491
1481 8492
1481 8493
1481 8494
1481 8495
1481 8496
1481 8497
1481 8498
1481 8499
1481 8500
1481 8502
1481 8503
1481 8505
1481 8506
1481 8507
1481 8509
1481 8510
1481 8511
1481 8513
1481 8514
1481 8515
1481 8516
1481 8518
1481 8519
1481 8520
1481 8521
1481 8526
1481 8527
1481 8528
1481 8529
1481 8530
1481 8532
1481 8533
1481 8534
1481 8535
1481 8536
1481 8538
1481 8540
1481 8541
1481 8542
1481 8543
1481 8544
1481 8546
1481 8547
1481 8548
1481 8549
1481 8550
1481 8551
1481 8555
1481 8556
1481 8559
1481 8560
1481 8561
1481 8562
1481 8564
1481 8565
1481 8566
1481 8567
1481 8569
1481 8570
1481 8571
1481 8572
1481 8573
1481 8576
1481 8577
1481 8578
1481 8580
1481 8582
1481 8583
1481 8584
1481 8585
1481 8586
1481 8588
1481 8591
1481 8592
1481 8593
1481 8594
1481 8595
1481 8596
1481 8598
1481 8599
1481 8600
1481 8601
1481 8602
1481 8605
1481 8606
1481 8609
1481 8617
1481 8619
1481 8624
1481 8627
1481 8631
1481 8632
1481 8634
1481 8635
1481 8637
1481 8638
1481 8639
1481 8641
1481 10293
1482 8376
1482 8378
1482 8379
1482 8380
1482 8381
1482 8382
1482 8383
1482 8384
1482 8385
1482 8386
1482 8387
1482 8388
1482 8389
1482 8390
1482 8391
1482 8392
1482 8393
1482 8394
1482 8395
1482 8396
1482 8397
1482 8398
1482 8399
1482 8400
1482 8401
1482 8403
1482 8406
1482 8407
1482 8408
1482 8409
1482 8410
1482 8411
1482 8412
1482 8413
1482 8414
1482 8415
1482 8416
1482 8419
1482 8420
1482 8421
1482 8422
1482 8423
1482 8424
1482 8425
1482 8426
1482 8427
1482 8428
1482 8429
1482 8430
1482 8431
1482 8432
1482 8434
1482 8435
1482 8436
1482 8437
1482 8439
1482 8440
1482 8441
1482 8442
1482 8443
1482 8444
1482 8445
1482 8446
1482 8447
1482 8448
1482 8449
1482 8450
1482 8451
1482 8452
1482 8453
1482 8455
1482 8456
1482 8458
1482 8459
1482 8461
1482 8464
1482 8465
1482 8467
1482 8468
1482 8469
1482 8470
1482 8471
1482 8472
1482 8473
1482 8474
1482 8475
1482 8476
1482 8477
1482 8478
1482 8479
1482 8480
1482 8481
1482 8482
1482 8483
1482 8484
1482 8485
1482 8486
1482 8487
1482 8488
1482 8489
1482 8490
1482 8491
1482 8492
1482 8493
1482 8494
1482 8495
1482 8496
1482 8497
1482 8498
1482 8499
1482 8500
1482 8502
1482 8503
1482 8505
1482 8506
1482 8507
1482 8508
1482 8509
1482 8510
1482 8511
1482 8512
1482 8513
1482 8514
1482 8515
1482 8516
1482 8518
1482 8519
1482 8520
1482 8521
1482 8522
1482 8524
1482 8525
1482 8526
1482 8527
1482 8528
1482 8529
1482 8530
1482 8532
1482 8533
1482 8534
1482 8535
1482 8536
1482 8538
1482 8540
1482 8541
1482 8542
1482 8543
1482 8544
1482 8545
1482 8546
1482 8547
1482 8548
1482 8549
1482 8550
1482 8551
1482 8552
1482 8554
1482 8555
1482 8556
1482 8557
1482 8559
1482 8560
1482 8561
1482 8562
1482 8563
1482 8564
1482 8565
1482 8566
1482 8567
1482 8569
1482 8570
1482 8571
1482 8572
1482 8573
1482 8574
1482 8575
1482 8576
1482 8577
1482 8578
1482 8579
1482 8580
1482 8582
1482 8583
1482 8584
1482 8585
1482 8586
1482 8587
1482 8588
1482 8591
1482 8592
1482 8593
1482 8594
1482 8595
1482 8596
1482 8598
1482 8599
1482 8600
1482 8601
1482 8602
1482 8605
1482 8606
1482 8609
1482 8617
1482 8619
1482 8624
1482 8627
1482 8631
1482 8632
1482 8635
1482 8637
1482 8638
1482 8639
1482 8641
1483 8376
1483 8377
1483 8378
1483 8379
1483 8380
1483 8381
1483 8382
1483 8383
1483 8384
1483 8385
1483 8386
1483 8387
1483 8388
1483 8389
1483 8390
1483 8391
1483 8392
1483 8393
1483 8394
1483 8395
1483 8396
1483 8397
1483 8398
1483 8399
1483 8400
1483 8401
1483 8402
1483 8403
1483 8404
1483 8405
1483 8406
1483 8407
1483 8408
1483 8409
1483 8410
1483 8411
1483 8412
1483 8413
1483 8414
1483 8415
1483 8416
1483 8417
1483 8418
1483 8419
1483 8420
1483 8421
1483 8422
1483 8423
1483 8424
1483 8425
1483 8426
1483 8427
1483 8428
1483 8429
1483 8430
1483 8431
1483 8432
1483 8433
1483 8434
1483 8435
1483 8436
1483 8437
1483 8438
1483 8439
1483 8440
1483 8441
1483 8442
1483 8443
1483 8444
1483 8445
1483 8446
1483 8447
1483 8448
1483 8449
1483 8450
1483 8451
1483 8452
1483 8453
1483 8454
1483 8455
1483 8456
1483 8457
1483 8458
1483 8459
1483 8460
1483 8461
1483 8462
1483 8463
1483 8464
1483 8465
1483 8467
1483 8468
1483 8469
1483 8470
1483 8471
1483 8472
1483 8473
1483 8474
1483 8475
1483 8476
1483 8477
1483 8478
1483 8479
1483 8480
1483 8481
1483 8482
1483 8483
1483 8484
1483 8485
1483 8486
1483 8487
1483 8488
1483 8489
1483 8490
1483 8491
1483 8492
1483 8493
1483 8494
1483 8495
1483 8496
1483 8497
1483 8498
1483 8499
1483 8500
1483 8501
1483 8502
1483 8503
1483 8504
1483 8505
1483 8506
1483 8507
1483 8508
1483 8509
1483 8510
1483 8511
1483 8512
1483 8513
1483 8514
1483 8515
1483 8516
1483 8517
1483 8518
1483 8519
1483 8520
1483 8521
1483 8522
1483 8523
1483 8524
1483 8525
1483 8526
1483 8527
1483 8528
1483 8529
1483 8530
1483 8531
1483 8532
1483 8533
1483 8534
1483 8535
1483 8536
1483 8537
1483 8538
1483 8539
1483 8540
1483 8541
1483 8542
1483 8543
1483 8544
1483 8545
1483 8546
1483 8547
1483 8548
1483 8549
1483 8550
1483 8551
1483 8552
1483 8553
1483 8554
1483 8555
1483 8556
1483 8557
1483 8558
1483 8559
1483 8560
1483 8561
1483 8562
1483 8563
1483 8564
1483 8565
1483 8566
1483 8567
1483 8568
1483 8569
1483 8570
1483 8571
1483 8572
1483 8573
1483 8574
1483 8575
1483 8576
1483 8577
1483 8578
1483 8579
1483 8580
1483 8581
1483 8582
1483 8583
1483 8584
1483 8585
1483 8586
1483 8587
1483 8588
1483 8589
1483 8590
1483 8591
1483 8592
1483 8593
1483 8594
1483 8595
1483 8596
1483 8597
1483 8598
1483 8599
1483 8600
1483 8601
1483 8602
1483 8603
1483 8604
1483 8605
1483 8612
1483 8615
1483 8616
1483 8618
1483 8623
1483 8626
1483 8627
1483 8629
1483 8631
1483 8632
1483 8634
1483 8635
1483 8636
1483 8637
1483 8638
1483 8639
1483 8641
1483 17101
1484 8376
1484 8377
1484 8378
1484 8380
1484 8381
1484 8383
1484 8384
1484 8385
1484 8386
1484 8387
1484 8388
1484 8389
1484 8390
1484 8391
1484 8392
1484 8395
1484 8397
1484 8407
1484 8578
1484 8593
1484 8602
1484 8618
1484 8629
1484 8635
1485 8379
1485 9040
1485 23600
1486 8379
1486 8393
1486 8399
1486 8400
1486 8401
1486 8402
1486 8403
1486 8404
1486 8408
1486 8409
1486 8410
1486 8411
1486 8412
1486 8413
1486 8414
1486 8415
1486 8416
1486 8417
1486 8418
1486 8419
1486 8420
1486 8421
1486 8422
1486 8423
1486 8424
1486 8425
1486 8426
1486 8427
1486 8428
1486 8429
1486 8430
1486 8431
1486 8432
1486 8433
1486 8434
1486 8435
1486 8436
1486 8437
1486 8438
1486 8439
1486 8440
1486 8441
1486 8442
1486 8443
1486 8444
1486 8445
1486 8446
1486 8447
1486 8448
1486 8449
1486 8450
1486 8451
1486 8452
1486 8453
1486 8454
1486 8455
1486 8456
1486 8457
1486 8458
1486 8459
1486 8460
1486 8461
1486 8462
1486 8463
1486 8464
1486 8465
1486 8467
1486 8468
1486 8469
1486 8470
1486 8471
1486 8472
1486 8473
1486 8474
1486 8475
1486 8476
1486 8477
1486 8478
1486 8479
1486 8480
1486 8481
1486 8482
1486 8483
1486 8484
1486 8485
1486 8486
1486 8487
1486 8488
1486 8489
1486 8490
1486 8491
1486 8492
1486 8493
1486 8494
1486 8495
1486 8496
1486 8497
1486 8498
1486 8499
1486 8500
1486 8501
1486 8502
1486 8503
1486 8504
1486 8505
1486 8506
1486 8507
1486 8508
1486 8509
1486 8510
1486 8511
1486 8512
1486 8513
1486 8514
1486 8515
1486 8516
1486 8517
1486 8518
1486 8519
1486 8520
1486 8521
1486 8522
1486 8523
1486 8524
1486 8525
1486 8526
1486 8527
1486 8528
1486 8529
1486 8530
1486 8531
1486 8532
1486 8533
1486 8534
1486 8535
1486 8536
1486 8537
1486 8538
1486 8539
1486 8540
1486 8541
1486 8542
1486 8543
1486 8544
1486 8545
1486 8546
1486 8547
1486 8548
1486 8549
1486 8550
1486 8551
1486 8552
1486 8553
1486 8554
1486 8555
1486 8556
1486 8557
1486 8558
1486 8559
1486 8560
1486 8561
1486 8562
1486 8563
1486 8564
1486 8565
1486 8566
1486 8567
1486 8568
1486 8569
1486 8570
1486 8571
1486 8572
1486 8573
1486 8574
1486 8575
1486 8576
1486 8577
1486 8579
1486 8580
1486 8581
1486 8582
1486 8583
1486 8584
1486 8585
1486 8586
1486 8587
1486 8588
1486 8589
1486 8590
1486 8591
1486 8592
1486 8594
1486 8595
1486 8596
1486 8597
1486 8598
1486 8599
1486 8600
1486 8601
1486 8602
1486 8605
1486 8612
1486 8623
1486 8626
1486 8627
1486 8631
1486 8632
1486 8634
1486 8637
1486 8638
1486 8639
1486 8641
1487 8379
1488 8380
1488 8396
1488 8416
1488 8420
1488 8427
1488 8447
1488 8455
1488 8465
1488 8552
1488 8601
1488 8602
1488 8609
1488 8638
1488 15741
1489 8382
1489 8409
1489 8411
1489 8424
1489 8425
1489 8456
1489 8459
1489 8461
1489 8464
1489 8494
1489 8510
1489 8519
1489 8528
1489 8542
1489 8543
1489 8566
1489 8580
1489 8638
1490 8383
1490 8439
1490 8444
1490 8448
1490 8452
1490 8522
1490 8525
1490 8532
1491 8389
1491 8517
1491 9077
1492 8390
1492 8393
1492 8602
1492 10470
1493 8391
1493 8482
1494 8395
1494 8545
1495 8410
1495 8420
1495 8424
1495 8432
1495 8465
1495 8469
1495 8470
1495 8471
1495 8472
1495 8476
1495 8484
1495 8506
1495 8511
1495 8513
1495 8520
1495 8527
1495 8552
1495 8555
1495 8565
1495 8572
1495 8585
1495 8586
1495 8596
1495 8599
1495 8637
1495 8641
1496 8417
1496 8603
1496 8623
1496 8626
1496 8979
1496 10128
1496 10459
1496 23599
1497 8420
1497 8427
1497 8436
1497 8478
1497 8493
1497 8507
1497 8533
1497 8549
1497 8552
1497 8557
1498 8426
1498 8427
1498 8436
1498 8441
1498 8442
1498 8451
1498 8467
1498 8468
1498 8473
1498 8486
1498 8492
1498 8493
1498 8500
1498 8524
1498 8532
1498 8533
1498 8535
1498 8548
1498 8549
1498 8557
1498 8560
1498 8593
1498 8598
1498 8600
1498 8601
1498 8605
1498 8632
1498 8634
1499 8427
1499 9405
1500 8427
1501 8427
1501 9077
1501 10459
1501 15741
1502 8431
1502 8449
1502 8460
1502 8530
1502 8556
1502 8595
1503 8433
1503 8636
1504 8436
1504 8492
1504 14540
1505 8443
1505 8502
1505 8512
1505 8517
1505 8575
1505 8721
1505 8744
1505 17727
1505 17728
1505 17734
1505 17735
1505 17778
1505 17779
1506 8443
1507 8459
1507 8574
1508 8460
1509 8483
1509 8533
1510 8484
1510 8513
1510 8520
1510 8527
1510 8552
1510 8555
1510 8565
1510 8572
1510 8585
1510 8586
1510 8596
1510 8599
1511 8500
1512 8508
1512 23599
1513 8513
1513 10459
1514 8517
1515 8520
1515 8598
1516 8528
1516 10105
1516 14624
1517 8528
1517 15741
1518 8532
1518 8617
1518 14625
1519 8532
1520 8532
1520 8579
1521 8532
1522 8533
1523 8534
1524 8535
1524 8579
1524 8606
1524 8628
1524 8636
1525 8552
1526 8563
1526 10095
1526 10128
1526 10129
1527 8578
1528 8579
1529 8579
1530 8579
1531 8579
1532 8588
1533 8589
1533 8597
1533 8632
1534 8595
1534 9040
1534 15741
1535 8606
1536 8607
1537 8607
1538 8608
1539 8609
1540 8609
1540 8630
1541 8609
1541 8619
1541 8624
1541 10071
1541 10111
1541 10459
1541 14654
1541 15722
1542 8610
1543 8611
1544 8612
1544 19688
1545 8613
1546 8614
1547 8617
1548 8619
1548 8628
1548 15722
1548 24239
1548 26084
1549 8619
1549 9558
1549 15960
1550 8621
1550 8622
1551 8621
1551 8622
1552 8621
1552 8622
1552 10460
1553 8626
1554 8627
1554 14625
1554 14626
1555 8628
1556 8628
1557 8628
1557 10459
1558 8630
1559 8633
1560 8634
1561 8634
1561 8980
1561 9617
1561 15197
1562 8636
1562 14625
1563 8636
1564 8637
1564 8638
1564 8639
1565 8638
1566 8640
1567 8642
1568 8644
1569 8645
1570 8648
1571 8649
1572 8675
1572 15741
1573 8675
1573 28797
1574 8678
1575 8678
1576 8684
1577 8684
1578 8688
1578 8689
1578 8744
1578 14625
1578 14626
1578 14627
1578 14628
1578 27865
1578 27870
1578 27965
1578 28011
1578 28014
1578 28034
1578 28115
1578 28123
1578 28236
1579 8689
1579 10071
1579 10105
1579 10111
1579 10130
1579 10470
1579 14623
1579 15722
1579 26084
1580 8700
1581 8704
1582 8704
1583 8704
1584 8705
1584 8982
1584 10111
1584 14623
1584 14624
1584 14651
1584 14653
1584 15848
1584 17285
1584 23748
1584 25673
1584 26084
1584 28057
1584 28077
1585 8705
1586 8713
1587 8714
1588 8716
1588 8740
1589 8718
1590 8721
1591 8722
1592 8725
1592 17277
1593 8725
1594 8725
1594 8946
1595 8725
1596 8725
1597 8725
1598 8725
1599 8727
1600 8727
1601 8730
1602 8744
1602 9735
1602 13026
1602 19236
1603 8744
1604 8744
1604 14612
1604 17798
1605 8744
1605 14307
1605 23599
1605 26264
1605 26472
1606 8744
1607 8744
1607 8839
1607 9239
1607 9334
1607 9454
1607 9468
1607 9757
1607 9760
1607 9762
1607 9803
1607 9995
1607 10107
1607 14425
1607 14899
1607 14928
1607 14929
1607 14934
1607 14977
1607 14989
1607 15454
1607 15457
1607 15473
1607 15504
1607 15554
1607 15615
1607 16632
1607 16644
1607 17209
1607 17280
1607 17665
1607 17738
1607 17874
1607 20845
1607 22395
1607 22559
1607 22568
1607 24125
1607 24316
1607 24872
1608 8744
1608 24681
1608 24682
1609 8744
1609 9272
1609 9864
1609 9942
1610 8744
1610 9038
1610 14330
1610 17031
1611 8744
1611 9934
1611 9935
1611 9936
1611 9937
1611 9938
1611 9939
1611 9940
1612 8744
1612 9967
1612 19415
1613 8744
1614 8744
1614 14569
1614 16482
1615 8744
1615 14568
1615 20611
1616 8744
1616 17814
1616 17815
1617 8744
1617 16482
1617 16484
1617 16694
1618 8744
1618 15103
1618 15106
1618 17404
1618 17579
1619 8744
1619 9038
1619 17824
1619 17825
1619 17826
1619 17827
1619 22521
1619 23110
1619 24397
1619 25704
1619 25748
1619 25801
1619 25802
1619 25803
1619 26084
1619 27445
1619 27451
1619 27734
1620 8744
1620 15611
1620 15612
1621 8744
1621 16722
1621 19993
1621 19996
1621 23763
1621 24657
1621 24658
1622 8744
1622 16912
1623 8744
1623 15662
1623 17410
1624 8744
1624 17744
1624 17763
1625 8744
1625 19628
1625 21953
1625 21954
1625 21985
1625 28057
1626 8744
1627 8744
1627 16637
1627 18034
1627 18106
1627 18319
1627 18322
1627 18328
1628 8744
1629 8744
1629 19236
1630 8744
1631 8744
1632 8744
1633 8744
1633 20221
1634 8744
1634 16447
1634 19934
1634 20018
1635 8744
1635 25537
1635 25539
1635 25546
1636 8744
1637 8744
1637 20957
1638 8744
1638 19628
1639 8744
1639 24956
1639 24961
1640 8744
1641 8744
1641 19236
1641 22818
1641 23625
1642 8744
1642 9970
1643 8744
1643 9964
1643 22569
1644 8744
1645 8744
1645 22603
1645 23041
1645 23043
1645 23130
1646 8744
1646 16447
1647 8744
1647 24696
1647 24708
1648 8744
1648 24660
1648 24662
1648 24663
1648 28857
1649 8744
1649 17305
1649 24674
1650 8744
1650 18298
1650 24675
1650 24689
1650 24707
1651 8744
1652 8744
1653 8744
1653 24726
1653 24727
1654 8744
1654 9084
1654 23625
1654 24804
1654 24807
1654 24829
1654 24844
1654 24852
1654 24853
1654 28833
1655 8744
1656 8744
1657 8744
1657 10127
1657 23625
1658 8744
1659 8744
1659 24977
1660 8744
1660 9824
1661 8744
1661 25027
1662 8744
1662 14638
1663 8744
1663 25934
1663 25954
1664 8744
1664 22730
1665 8744
1665 26399
1665 26400
1666 8744
1666 19318
1666 26515
1667 8744
1667 9484
1668 8744
1668 27422
1669 8744
1669 10127
1669 21207
1669 23165
1669 23277
1669 27339
1670 8744
1670 9268
1670 17733
1670 26362
1670 26514
1671 8744
1671 27920
1672 8744
1672 28515
1672 28516
1673 8744
1673 28515
1673 28516
1674 8744
1674 28836
1675 8835
1675 9112
1676 8835
1677 8866
1678 8866
1679 8870
1680 8877
1680 19561
1680 20979
1680 23853
1681 8888
1682 8898
1682 9318
1683 8904
1683 8905
1684 8908
1685 8913
1686 8933
1686 16315
1687 8964
1687 27068
1688 8964
1688 27060
1689 8964
1689 27050
1690 8964
1691 8964
1691 27050
1692 8964
1693 8964
1694 8964
1694 16746
1694 28731
1695 8966
1696 8969
1696 8973
1697 8978
1698 8979
1699 8980
1699 9052
1700 8980
1700 10294
1701 8980
1702 8982
1703 8982
1703 10461
1704 8982
1705 8982
1705 14651
1705 14653
1705 14655
1705 14820
1706 8985
1706 25673
1707 9006
1708 9018
1709 9040
1709 14625
1710 9040
1710 10130
1710 14624
1710 14648
1710 14650
1710 14651
1710 14653
1710 14654
1710 15741
1710 26084
1711 9040
1711 14625
1712 9040
1713 9050
1713 9076
1714 9050
1715 9050
1715 26452
1716 9052
1717 9053
1718 9053
1719 9065
1720 9065
1721 9068
1722 9073
1722 14624
1723 9074
1723 16403
1723 16410
1723 17285
1723 17927
1723 17928
1723 17929
1724 9077
1725 9077
1726 9077
1727 9077
1727 10130
1728 9077
1729 9077
1729 10459
1730 9077
1730 14623
1731 9077
1731 15741
1732 9081
1733 9092
1733 13488
1733 13532
1733 17198
1733 17199
1733 17576
1733 21242
1733 21243
1733 21332
1733 21333
1734 9135
1735 9135
1736 9140
1736 9141
1736 9142
1736 9143
1736 9144
1736 9145
1736 9146
1736 9147
1736 9148
1736 9149
1736 9150
1736 9151
1736 9152
1736 9153
1736 9154
1736 9155
1736 9156
1736 9157
1736 9158
1736 9163
1736 9164
1736 9167
1736 9168
1736 9169
1736 9170
1736 9171
1736 9172
1736 9173
1736 9174
1736 9175
1736 9177
1736 9178
1736 9179
1736 9180
1736 9182
1736 9183
1736 9184
1736 9185
1736 9186
1736 9187
1736 9188
1736 9190
1736 9191
1736 9192
1736 9193
1736 9194
1736 9196
1736 9203
1736 9204
1736 9205
1736 9206
1736 9232
1736 9233
1736 9282
1736 9283
1736 9284
1736 9285
1736 9286
1736 9287
1736 9299
1736 9300
1736 9301
1736 9302
1736 9303
1736 9304
1736 9305
1736 9306
1736 9307
1736 9308
1736 9309
1736 9311
1736 9312
1736 9313
1736 9314
1736 9315
1736 9319
1736 9320
1736 9321
1736 9322
1736 9323
1736 9324
1736 9325
1736 9326
1736 9327
1736 9328
1736 9329
1736 9330
1736 9331
1736 9359
1736 9360
1736 9361
1736 9362
1736 9455
1736 9456
1736 9465
1736 9466
1736 9495
1736 9496
1736 9499
1736 9500
1736 9505
1736 9506
1736 9507
1736 9508
1736 9509
1736 9510
1736 9511
1736 9512
1736 9513
1736 9514
1736 9519
1736 9520
1736 9521
1736 9522
1736 9537
1736 9553
1736 9571
1736 9606
1736 9740
1736 9741
1736 9765
1736 9797
1736 9798
1736 9829
1736 9830
1736 9840
1736 9841
1736 9944
1736 10009
1736 10010
1736 10011
1736 10012
1736 10013
1736 10014
1736 14559
1736 14930
1736 14993
1736 14994
1736 14995
1736 14996
1736 14997
1736 14998
1736 14999
1736 15000
1736 15001
1736 15002
1736 15003
1736 15004
1736 15005
1736 15006
1736 15007
1736 15008
1736 15009
1736 15010
1736 15011
1736 15012
1736 15013
1736 15014
1736 15015
1736 15016
1736 15017
1736 15175
1736 15176
1736 15177
1736 15178
1736 15179
1736 15223
1736 15224
1736 15225
1736 15880
1736 15881
1736 16399
1736 16400
1736 16401
1736 16402
1736 16583
1736 16584
1736 16585
1736 16588
1736 16589
1736 16590
1736 16591
1736 16592
1736 16593
1736 16594
1736 16595
1736 16596
1736 16597
1736 16598
1736 16599
1736 16692
1736 16693
1736 16803
1736 17030
1736 17050
1736 17051
1736 17090
1736 17205
1736 17206
1736 17342
1736 17478
1736 17523
1736 17524
1736 17573
1736 17574
1736 17575
1736 17649
1736 17650
1736 17747
1736 17748
1736 17749
1736 17750
1736 17751
1736 17752
1736 17753
1736 17754
1736 17755
1736 17796
1736 17797
1736 18026
1736 18027
1736 18046
1736 18047
1736 18363
1736 18364
1736 18751
1736 18752
1736 19036
1736 19045
1736 19046
1736 19047
1736 19230
1736 19231
1736 19232
1736 19233
1736 19234
1736 19300
1736 19301
1736 19302
1736 19303
1736 19304
1736 19439
1736 19440
1736 19480
1736 19837
1736 19838
1736 20787
1736 21158
1736 21201
1736 21580
1736 22070
1736 22071
1736 22423
1736 22424
1736 22425
1736 22426
1736 22436
1736 22462
1736 22620
1736 22719
1736 22834
1736 22835
1736 22881
1736 22901
1736 23160
1736 23161
1736 24080
1736 24175
1736 24176
1736 24177
1736 24385
1736 25625
1736 25626
1736 25627
1736 25628
1736 25629
1736 25630
1736 27335
1736 27336
1736 27337
1736 27338
1736 27491
1736 27548
1736 27549
1736 27582
1736 27583
1736 27584
1736 28412
1736 28413
1736 28414
1736 28415
1736 28417
1736 28799
1736 28800
1737 9189
1737 18146
1738 9195
1739 9200
1739 9355
1739 9357
1740 9210
1740 9693
1741 9234
1742 9235
1743 9239
1743 14934
1744 9241
1745 9243
1746 9247
1747 9268
1747 10127
1747 24743
1748 9268
1748 23277
1749 9268
1750 9268
1750 23625
1751 9268
1751 10127
1751 13113
1751 27774
1752 9268
1752 10127
1752 17733
1752 27206
1752 27774
1753 9276
1754 9278
1755 9278
1756 9335
1757 9353
1758 9354
1759 9368
1760 9437
1761 9437
1762 9437
1763 9462
1763 9475
1764 9479
1764 9480
1764 9482
1764 9492
1764 9584
1764 9883
1764 9884
1764 9899
1764 9905
1764 9921
1764 9928
1765 9479
1766 9481
1766 9642
1767 9484
1768 9491
1768 21145
1768 25674
1768 26209
1768 26983
1768 28101
1769 9492
1770 9492
1771 9492
1771 18689
1771 19195
1771 21529
1771 24040
1772 9493
1773 9533
1774 9550
1775 9550
1776 9554
1777 9570
1777 9579
1778 9574
1778 23625
1778 24178
1779 9579
1780 9579
1781 9579
1782 9579
1783 9593
1784 9611
1784 16278
1784 16279
1785 9616
1786 9717
1787 9725
1787 9796
1787 10427
1787 14846
1788 9750
1789 9763
1790 9779
1790 14177
1790 22111
1790 22271
1790 22447
1790 22448
1791 9783
1791 9784
1792 9795
1793 9799
1794 9801
1795 9802
1795 16055
1796 9802
1797 9802
1798 9882
1799 9905
1800 9907
1800 16673
1800 21499
1800 21504
1801 9914
1801 16587
1802 9921
1802 13519
1802 19316
1802 19464
1802 23885
1803 9921
1803 17060
1804 9924
1804 10127
1805 9928
1806 9929
1807 9931
1808 9955
1808 25007
1808 25020
1808 25023
1808 27100
1809 9964
1810 9967
1811 9970
1812 9971
1812 21186
1813 9972
1814 9994
1815 9994
1816 9994
1817 10071
1818 10071
1818 14540
1819 10071
1820 10071
1820 10105
1820 10128
1820 10470
1820 14623
1820 14624
1820 15722
1820 26084
1821 10071
1822 10071
1823 10071
1823 10105
1823 10111
1823 10128
1823 10130
1823 14623
1823 14624
1823 15722
1823 26084
1824 10071
1824 15741
1825 10071
1826 10071
1827 10071
1828 10071
1829 10071
1830 10071
1830 10460
1831 10071
1832 10071
1833 10085
1833 10087
1833 14648
1834 10085
1835 10095
1835 10111
1836 10095
1836 14650
1836 15722
1837 10095
1837 17775
1838 10095
1839 10095
1840 10095
1840 10128
1840 10470
1840 15722
1841 10095
1841 10461
1841 14623
1842 10105
1842 10130
1843 10105
1843 10129
1843 14623
1843 14624
1844 10105
1845 10105
1846 10105
1846 10128
1846 14623
1846 14624
1847 10105
1847 10128
1847 10130
1847 14623
1848 10105
1848 10293
1848 10294
1848 14623
1848 15722
1849 10105
1849 10461
1850 10105
1850 26084
1851 10105
1852 10111
1852 10459
1852 14623
1852 14624
1853 10111
1854 10111
1855 10111
1856 10111
1857 10111
1857 15722
1858 10125
1859 10127
1860 10128
1861 10128
1862 10128
1863 10128
1863 14623
1864 10128
1865 10128
1865 10461
1866 10128
1866 10459
1866 10460
1866 10461
1866 14623
1866 14624
1867 10128
1868 10128
1869 10128
1869 10459
1869 14624
1869 25673
1870 10129
1870 17277
1871 10130
1871 10459
1871 15722
1871 15741
1871 26084
1872 10130
1872 14648
1873 10130
1873 14651
1873 14653
1874 10130
1875 10130
1876 10132
1877 10132
1878 10135
1878 10136
1878 10294
1879 10293
1879 15741
1880 10293
1881 10293
1882 10293
1883 10293
1884 10293
1885 10293
1886 10293
1886 10294
1886 10295
1887 10295
1888 10295
1889 10300
1890 10377
1890 10378
1891 10426
1892 10431
1892 26500
1893 10459
1894 10459
1895 10459
1895 15197
1896 10459
1897 10459
1898 10459
1899 10459
1899 10460
1899 10461
1899 14623
1900 10459
1901 10459
1902 10459
1902 17283
1903 10460
1904 10460
1905 10460
1906 10460
1907 10460
1907 14623
1908 10460
1908 10461
1908 14624
1909 10460
1909 15741
1909 23659
1910 10460
1910 15741
1911 10461
1912 10461
1913 10461
1914 10461
1914 15741
1915 10461
1916 10461
1917 10461
1918 10461
1919 10461
1920 10461
1921 10461
1921 10470
1922 10461
1923 10461
1923 15722
1924 10461
1925 10461
1926 10470
1927 10470
1928 10470
1929 10470
1930 10470
1930 15722
1931 10470
1931 14820
1931 17101
1932 10476
1933 10476
1933 24796
1934 10478
1934 14540
1935 10478
1936 12885
1937 12912
1937 26221
1938 13102
1938 21096
1939 13147
1939 13292
1939 13764
1939 13786
1939 13960
1939 14458
1939 17341
1939 17405
1939 21797
1939 21981
1939 21982
1939 22849
1939 22867
1939 23218
1939 24504
1939 24505
1939 25791
1939 25792
1939 25793
1939 26127
1939 26437
1939 27033
1939 27193
1939 27228
1939 27369
1939 27370
1939 27854
1939 27871
1939 28224
1939 28297
1939 28776
1940 13185
1940 13725
1940 21095
1940 26447
1940 26489
1940 26754
1941 13351
1941 18243
1942 13387
1942 23244
1942 24523
1942 24768
1942 26490
1942 28912
1943 13479
1944 13627
1944 13840
1944 14128
1944 22105
1944 22678
1944 23711
1944 24823
1944 26654
1945 13636
1945 20747
1946 13640
1946 21677
1947 13751
1947 23705
1947 23978
1947 24184
1948 13862
1948 17944
1948 28831
1948 28887
1949 13921
1950 13980
1950 21809
1950 23687
1950 26346
1951 13995
1952 14012
1952 23889
1953 14096
1953 24293
1954 14359
1954 17198
1954 17199
1954 21261
1954 21330
1954 21331
1955 14537
1956 14540
1957 14540
1958 14540
1958 15197
1959 14553
1960 14584
1960 19075
1961 14592
1962 14598
1963 14614
1964 14623
1965 14623
1966 14623
1967 14623
1968 14623
1969 14623
1970 14623
1971 14623
1972 14623
1973 14623
1974 14623
1974 14651
1974 14653
1975 14623
1976 14623
1977 14623
1978 14624
1979 14624
1980 14624
1981 14624
1982 14624
1983 14624
1984 14624
1984 15197
1984 15741
1985 14624
1986 14624
1987 14624
1988 14624
1989 14624
1990 14624
1991 14624
1992 14624
1993 14624
1994 14624
1995 14624
1996 14625
1996 19470
1997 14625
1997 14626
1998 14625
1999 14625
2000 14625
2001 14625
2002 14625
2002 15741
2003 14626
2004 14627
2005 14628
2006 14642
2007 14648
2008 14648
2009 14651
2009 14653
2009 15722
2010 14651
2010 14653
2011 14651
2011 14653
2012 14655
2013 14716
2013 14738
2014 14754
2015 14782
2016 14820
2017 14852
2018 14855
2019 14932
2020 15018
2021 15197
2022 15197
2023 15226
2024 15456
2024 26436
2024 28106
2025 15458
2025 27946
2025 27947
2026 15558
2026 15559
2027 15662
2027 15663
2027 15740
2028 15662
2029 15722
2030 15722
2031 15722
2032 15722
2033 15722
2034 15722
2035 15741
2036 15741
2037 15741
2038 15741
2039 15741
2040 15741
2041 15741
2042 15741
2043 15741
2044 15741
2045 15741
2046 15741
2047 15741
2048 15741
2049 15775
2050 15816
2051 15845
2052 15848
2053 15848
2053 23748
2054 15848
2055 15848
2056 15866
2057 15959
2058 15959
2059 15959
2060 15960
2061 16076
2062 16160
2063 16174
2064 16218
2065 16237
2066 16357
2067 16361
2068 16410
2069 16543
2069 16735
2070 16552
2071 16560
2071 16661
2071 17596
2072 16572
2072 16573
2073 16620
2073 19611
2074 16622
2075 16622
2076 16662
2077 16663
2078 16964
2079 16987
2080 17069
2080 17277
2081 17101
2082 17101
2082 23748
2082 26084
2082 28057
2083 17101
2084 17125
2085 17138
2086 17198
2086 17199
2087 17210
2088 17244
2089 17252
2090 17277
2090 25673
2091 17277
2092 17277
2092 17283
2092 17291
2093 17285
2094 17285
2095 17290
2096 17316
2096 17319
2097 17341
2097 21563
2097 25996
2097 27239
2098 17391
2099 17403
2100 17477
2101 17509
2101 20033
2101 20034
2102 17514
2103 17567
2104 17567
2105 17579
2105 18515
2106 17648
2106 17651
2107 17712
2108 17716
2109 17717
2109 24718
2110 17737
2111 17756
2112 17867
2113 17876
2113 17877
2114 17889
2115 18031
2116 18062
2117 18072
2118 18090
2119 18114
2119 18265
2120 18124
2120 18812
2120 27866
2120 27867
2120 28217
2120 28218
2121 18242
2121 18243
2122 18250
2122 23926
2123 18499
2124 18510
2125 18515
2125 22055
2126 18518
2126 18519
2127 18561
2128 18704
2129 18753
2130 18903
2130 19055
2130 21060
2131 18903
2132 18915
2133 18928
2133 21875
2134 18928
2135 18928
2136 18970
2136 22400
2136 22446
2136 22454
2136 22459
2136 25237
2136 26333
2136 27295
2137 18978
2138 19055
2139 19075
2140 19096
2141 19108
2141 19113
2141 23769
2142 19157
2143 19166
2144 19171
2145 19187
2146 19190
2147 19191
2148 19195
2149 19236
2150 19236
2151 19259
2152 19262
2153 19316
2154 19391
2155 19435
2155 25958
2156 19468
2157 19470
2158 19470
2159 19476
2159 19477
2160 19502
2160 19503
2160 19504
2161 19504
2162 19514
2162 24021
2163 19514
2163 27260
2164 19518
2164 19589
2165 19549
2166 19569
2167 19570
2168 19589
2169 19589
2170 19599
2171 19614
2172 19646
2173 19646
2174 19687
2174 19688
2174 19689
2175 19776
2175 25928
2175 25929
2175 25930
2176 19941
2177 19952
2178 20021
2179 20069
2180 20127
2181 20157
2182 20220
2182 21950
2183 20279
2184 20285
2185 20465
2186 20500
2187 20611
2188 20648
2189 20841
2190 20864
2191 20866
2192 20942
2193 20952
2194 20969
2194 20971
2195 20972
2196 20984
2197 20996
2198 21051
2198 21107
2199 21055
2200 21070
2201 21126
2202 21196
2203 21207
2204 21207
2205 21207
2206 21207
2207 21220
2207 21255
2208 21265
2209 21298
2210 21581
2210 21591
2211 21776
2212 21776
2213 21806
2214 21990
2215 22017
2216 22032
2216 22036
2217 22054
2218 22092
2219 22135
2220 22213
2221 22214
2222 22265
2223 22277
2223 22278
2224 22282
2225 22348
2225 22412
2225 22673
2226 22408
2227 22416
2228 22418
2229 22440
2230 22566
2230 22573
2231 22579
2231 22580
2231 22603
2231 22623
2232 22581
2233 22582
2233 22603
2233 22661
2234 22583
2234 22603
2234 22659
2235 22584
2235 22603
2236 22585
2237 22586
2237 22639
2238 22587
2239 22588
2239 22652
2240 22589
2240 22598
2240 22603
2241 22590
2242 22601
2242 22603
2243 22603
2243 22656
2244 22603
2244 23018
2244 23132
2245 22603
2245 23021
2245 23137
2246 22603
2246 23040
2246 23142
2247 22603
2247 23023
2247 23139
2248 22603
2248 23026
2249 22603
2249 23027
2249 23141
2250 22603
2250 23020
2250 23025
2250 23133
2251 22603
2251 23044
2252 22603
2252 23055
2253 22603
2253 23052
2253 23148
2253 23150
2254 22603
2254 23048
2255 22603
2255 23050
2255 23154
2256 22603
2256 23085
2257 22603
2257 23086
2257 23149
2258 22603
2258 23097
2258 23152
2259 22603
2259 23942
2260 22603
2261 22625
2261 22660
2262 22629
2263 22630
2264 22631
2265 22632
2266 22633
2267 22649
2268 22650
2268 22651
2269 22653
2270 22672
2271 22717
2271 22718
2272 22730
2273 22730
2273 25744
2273 26339
2273 26340
2273 26341
2274 22730
2274 25713
2274 26339
2275 22730
2275 25717
2276 22730
2276 25715
2276 26341
2277 22730
2277 25716
2277 25798
2278 22730
2278 25712
2279 22730
2279 25711
2280 22730
2280 25714
2281 22730
2281 25719
2281 26339
2282 22730
2283 22730
2284 22730
2285 22730
2286 22730
2287 22730
2287 26327
2288 22730
2288 26340
2289 22730
2290 22735
2291 22831
2291 24972
2292 22876
2293 22896
2294 22921
2294 22922
2295 23015
2296 23017
2296 23138
2297 23019
2297 23145
2298 23022
2298 23143
2299 23024
2300 23029
2300 23131
2301 23031
2302 23037
2302 23134
2303 23039
2303 23136
2304 23042
2304 23140
2304 23144
2305 23047
2306 23049
2307 23051
2308 23053
2308 23153
2309 23054
2310 23056
2311 23057
2311 23157
2312 23058
2313 23059
2313 23088
2313 23151
2314 23060
2315 23066
2316 23079
2316 23090
2316 23156
2317 23087
2318 23089
2319 23096
2320 23126
2320 23127
2320 23135
2321 23128
2322 23166
2322 27313
2322 27779
2322 27922
2322 28562
2322 28564
2323 23265
2324 23306
2324 23310
2325 23333
2325 23346
2325 23350
2325 23492
2325 23578
2325 23579
2325 24075
2325 24118
2325 24191
2326 23377
2327 23450
2327 23454
2328 23519
2329 23556
2329 25631
2330 23599
2331 23599
2332 23599
2333 23599
2333 24239
2334 23599
2334 23659
2334 28057
2335 23599
2336 23600
2337 23600
2338 23600
2339 23600
2340 23600
2341 23600
2341 23659
2341 24239
2341 28057
2342 23600
2342 24239
2343 23600
2344 23600
2345 23600
2346 23625
2347 23659
2348 23659
2349 23659
2350 23659
2351 23659
2351 23748
2352 23659
2353 23659
2353 24239
2354 23659
2355 23659
2356 23659
2356 24239
2357 23659
2358 23659
2359 23659
2360 23674
2361 23748
2362 23748
2363 23794
2364 23906
2365 24017
2366 24018
2367 24043
2368 24052
2369 24094
2370 24198
2371 24199
2372 24221
2373 24239
2374 24239
2375 24302
2375 24303
2375 24304
2375 24305
2375 24306
2375 24307
2375 24308
2375 24309
2375 24310
2375 24311
2375 24312
2375 24313
2375 24314
2376 24323
2377 24408
2378 24469
2379 24519
2379 24945
2379 24946
2379 24947
2379 24948
2379 24949
2379 24950
2379 24951
2380 24523
2381 24550
2382 24642
2383 24652
2384 24665
2385 24699
2385 24711
2386 24701
2386 24709
2387 24710
2388 24715
2389 24725
2390 24738
2391 24748
2392 24752
2393 24756
2394 24757
2395 24791
2396 24859
2396 25673
2396 28057
2396 28077
2397 24859
2398 24958
2399 24979
2399 24980
2399 24981
2399 24982
2399 24985
2399 24987
2400 24995
2401 24995
2402 25000
2403 25010
2404 25114
2405 25559
2406 25577
2406 25579
2407 25611
2407 25612
2407 25613
2407 25638
2408 25635
2409 25645
2410 25673
2410 28101
2411 25673
2411 28057
2412 25673
2413 25694
2414 25697
2415 25718
2415 26339
2416 25788
2417 25836
2418 25873
2419 25995
2420 26084
2421 26084
2422 26087
2423 26087
2424 26087
2425 26087
2426 26106
2427 26115
2428 26230
2428 26269
2428 26323
2429 26248
2430 26250
2431 26259
2432 26339
2433 26339
2434 26339
2435 26340
2436 26341
2437 26341
2438 26341
2439 26341
2440 26405
2441 26413
2441 27640
2442 26436
2443 26461
2444 26507
2445 26561
2446 26673
2447 26758
2447 26759
2448 26889
2448 26900
2449 26968
2449 27035
2450 26984
2451 27049
2452 27049
2453 27055
2454 27155
2455 27211
2456 27234
2456 27235
2456 27236
2456 27237
2457 27342
2458 27488
2459 27529
2460 27753
2461 27855
2462 27894
2463 27914
2464 27949
2464 28118
2465 28057
2466 28057
2467 28057
2467 28101
2468 28057
2469 28077
2470 28077
2470 28087
2471 28077
2472 28101
2473 28101
2474 28101
2475 28101
2476 28233
2476 28234
2476 28257
2477 28234
2478 28271
2479 28327
2480 28381
2480 28391
2480 28427
2481 28381
2481 28427
2482 28381
2482 28427
2483 28381
2483 28427
2484 28381
2484 28427
2485 28381
2485 28391
2485 28427
2486 28381
2486 28427
2487 28381
2487 28427
2488 28381
2488 28427
2489 28381
2489 28427
2490 28381
2490 28427
2491 28381
2491 28391
2492 28381
2492 28427
2493 28381
2494 28381
2494 28427
2495 28381
2496 28381
2497 28381
2497 28427
2498 28381
2498 28427
2499 28391
2499 28427
2500 28391
2501 28391
2501 28427
2502 28391
2502 28427
2503 28427
2504 28427
2505 28427
2506 28427
2507 28427
2508 28427
2509 28427
2510 28430
2511 28509
2511 28514
2512 28509
2513 28509
2514 28509
2515 28509
2516 28509
2517 28509
2518 28509
2519 28514
2520 28514
2521 28514
2522 28514
2523 28514
2524 28514
2525 28514
2526 28566
2526 28567
2526 28795
2526 28937
2527 28726
2528 28749
2528 28750
2529 28755
2529 28756
2529 28758
2530 28775
2531 28834
2532 28836
2533 28883
2533 28945
2534 28895
2535 28896
2536 28897
2537 28914
2538 28931
2 3 4 5 6 7 8 9 10 11 12 13 14 15 16 17 18 19 20 21 22 23 24 25 26 27 28 29 30 31 32 33 34 35 36 37 38 39 40 41 42 43 44 45 46 47 48 49 50 51 52 53 54 55 56 57 58 59 60 61 62 63 64 65 66 67 68 69 70 71 72 73 74 75 76 77 78 79 80 81 82 83 84 85 86 87 88 89 90 91 92 93 94 95 96 97 98 99 100 101 102 103 104 105 106 107 108 109 110 111 112 113 114 115 116 117 118 119 120 121 122 123 124 125 126 127 128 129 130 131 132 133 134 135 136 137 138 139 140 141 142 143 144 145 146 147 148 149 150 151 152 153 154 155 156 157 158 159 160 161 162 163 164 165 166 167 168 169 170 171 172 173 174 175 176 177 178 179 180 181 182 183 184 185 186 187 188 189 190 191 192 193 194 195 196 197 198 199 200 1 2 3 4 5 6 7 8 9 10 11 12 13 14 15 16 17 18 19 20 21 22 23 24 25 26 27 28 29 30 31 32 33 34 35 36 37 38 39 40 41 42 43 44 45 46 47 48 49 50 51 52 53 54 55 56 57 58 59 60 61 62 63 64 65 66 67 68 69 70 71 72 73 74 75 76 77 78 79 80 81 82 83 84 85 86 87 88 89 90 91 92 93 94 95 96 97 98 99 100 101 102 103 104 105 106 107 108 109 110 111 112 113 114 115 116 117 118 119 120 121 122 123 124 125 126 127 128 129 130 131 132 133 134 135 136 137 138 139 140 141 142 143 144 145 146 147 148 149 150 151 152 153 154 155 156 157 158 159 160 161 162 163 164 165 166 167 168 169 170 171 172 173 174 175 176 177 178 179 180 181 182 183 184 185 186 187 188 189 190 191 192 193 194 195 196 197 198 199 200 1 2 3 4 5 6 7 8 9 10 11 12 13 14 15 16 17 18 19 20 21 22 23 24 25 26 27 28 29 30 31 32 33 34 35 36 37 38 39 40 41 42 43 44 45 46 47 48 49 50 51 52 53 54 55 56 57 58 59 60 61 62 63 64 65 66 67 68 69 70 71 72 73 74 75 76 77 78 79 80 81 82 83 84 85 86 87 88 89 90 91 92 93 94 95 96 97 98 99 100 101 102 103 104 105 106 107 108 109 110 111 112 113 114 115 116 117 118 119 120 121 122 123 124 125 126 127 128 129 130 131 132 133 134 135 136 137 138 139 140 141 142 143 144 145 146 147 148 149 150 151 152 153 154 155 156 157 158 159 160 161 162 163 164 165 166 167 168 169 170 171 172 173 174 175 176 177 178 179 180 181 182 183 184 185 186 187 188 189 190 191 192 193 194 195 196 197 198 199 200 1 2 3 4 5 6 7 8 9 10 11 12 13 14 15 16 17 18 19 20 21 22 23 24 25 26 27 28 29 30 31 32 33 34 35 36 37 38 39 40 41 42 43 44 45 46 47 48 49 50 51 52 53 54 55 56 57 58 59 60 61 62 63 64 65 66 67 68 69 70 71 72 73 74 75 76 77 78 79 80 81 82 83 84 85 86 87 88 89 90 91 92 93 94 95 96 97 98 99 100 101 102 103 104 105 106 107 108 109 110 111 112 113 114 115 116 117 118 119 120 121 122 123 124 125 126 127 128 129 130 131 132 133 134 135 136 137 138 139 140 141 142 143 144 145 146 147 148 149 150 151 152 153 154 155 156 157 158 159 160 161 162 163 164 165 166 167 168 169 170 171 172 173 174 175 176 177 178 179 180 181 182 183 184 185 186 187 188 189 190 191 192 193 194 195 196 197 198 199 200 1 2 3 4 5 6 7 8 9 10 11 12 13 14 15 16 17 18 19 20 21 22 23 24 25 26 27 28 29 30 31 32 33 34 35 36 37 38 39 40 41 42 43 44 45 46 47 48 49 50 51 52 53 54 55 56 57 58 59 60 61 62 63 64 65 66 67 68 69 70 71 72 73 74 75 76 77 78 79 80 81 82 83 84 85 86 87 88 89 90 91 92 93 94 95 96 97 98 99 100 101 102 103 104 105 106 107 108 109 110 111 112 113 114 115 116 117 118 119 120 121 122 123 124 125 126 127 128 129 130 131 132 133 134 135 136 137 138 139 140 141 142 143 144 145 146 147 148 149 150 151 152 153 154 155 156 157 158 159 160 161 162 163 164 165 166 167 168 169 170 171 172 173 174 175 176 177 178 179 180 181 182 183 184 185 186 187 188 189 190 191 192 193 194 195 196 197 198 199 200 1 2 3 4 5 6 7 8 9 10 11 12 13 14 15 16 17 18 19 20 21 22 23 24 25 26 27 28 29 30 31 32 33 34 35 36 37 38 39 40 41 42 43 44 45 46 47 48 49 50 51 52 53 54 55 56 57 58 59 60 61 62 63 64 65 66 67 68 69 70 71 72 73 74 75 76 77 78 79 80 81 82 83 84 85 86 87 88 89 90 91 92 93 94 95 96 97 98 99 100 101 102 103 104 105 106 107 108 109 110 111 112 113 114 115 116 117 118 119 120 121 122 123 124 125 126 127 128 129 130 131 132 133 134 135 136 137 138 139 140 141 142 143 144 145 146 147 148 149 150 151 152 153 154 155 156 157 158 159 160 161 162 163 164 165 166 167 168 169 170 171 172 173 174 175 176 177 178 179 180 181 182 183 184 185 186 187 188 189 190 191 192 193 194 195 196 197 198 199 200 1 2 3 4 5 6 7 8 9 10 11 12 13 14 15 16 17 18 19 20 21 22 23 24 25 26 27 28 29 30 31 32 33 34 35 36 37 38 39 40 41 42 43 44 45 46 47 48 49 50 51 52 53 54 55 56 57 58 59 60 61 62 63 64 65 66 67 68 69 70 71 72 73 74 75 76 77 78 79 80 81 82 83 84 85 86 87 88 89 90 91 92 93 94 95 96 97 98 99 100 101 102 103 104 105 106 107 108 109 110 111 112 113 114 115 116 117 118 119 120 121 122 123 124 125 126 127 128 129 130 131 132 133 134 135 136 137 138 139 140 141 142 143 144 145 146 147 148 149 150 151 152 153 154 155 156 157 158 159 160 161 162 163 164 165 166 167 168 169 170 171 172 173 174 175 176 177 178 179 180 181 182 183 184 185 186 187 188 189 190 191 192 193 194 195 196 197 198 199 200 1 2 3 4 5 6 7 8 9 10 11 12 13 14 15 16 17 18 19 20 21 22 23 24 25 26 27 28 29 30 31 32 33 34 35 36 37 38 39 40 41 42 43 44 45 46 47 48 49 50 51 52 53 54 55 56 57 58 59 60 61 62 63 64 65 66 67 68 69 70 71 72 73 74 75 76 77 78 79 80 81 82 83 84 85 86 87 88 89 90 91 92 93 94 95 96 97 98 99 100 101 102 103 104 105 106 107 108 109 110 111 112 113 114 115 116 117 118 119 120 121 122 123 124 125 126 127 128 129 130 131 132 133 134 135 136 137 138 139 140 141 142 143 144 145 146 147 148 149 150 151 152 153 154 155 156 157 158 159 160 161 162 163 164 165 166 167 168 169 170 171 172 173 174 175 176 177 178 179 180 181 182 183 184 185 186 187 188 189 190 191 192 193 194 195 196 197 198 199 200 1 2 3 4 5 6 7 8 9 10 11 12 13 14 15 16 17 18 19 20 21 22 23 24 25 26 27 28 29 30 31 32 33 34 35 36 37 38 39 40 41 42 43 44 45 46 47 48 49 50 51 52 53 54 55 56 57 58 59 60 61 62 63 64 65 66 67 68 69 70 71 72 73 74 75 76 77 78 79 80 81 82 83 84 85 86 87 88 89 90 91 92 93 94 95 96 97 98 99 100 101 102 103 104 105 106 107 108 109 110 111 112 113 114 115 116 117 118 119 120 121 122 123 124 125 126 127 128 129 130 131 132 133 134 135 136 137 138 139 140 141 142 143 144 145 146 147 148 149 150 151 152 153 154 155 156 157 158 159 160 161 162 163 164 165 166 167 168 169 170 171 172 173 174 175 176 177 178 179 180 181 182 183 184 185 186 187 188 189 190 191 192 193 194 195 196 197 198 199 200 1 2 3 4 5 6 7 8 9 10 11 12 13 14 15 16 17 18 19 20 21 22 23 24 25 26 27 28 29 30 31 32 33 34 35 36 37 38 39 40 41 42 43 44 45 46 47 48 49 50 51 52 53 54 55 56 57 58 59 60 61 62 63 64 65 66 67 68 69 70 71 72 73 74 75 76 77 78 79 80 81 82 83 84 85 86 87 88 89 90 91 92 93 94 95 96 97 98 99 100 101 102 103 104 105 106 107 108 109 110 111 112 113 114 115 116 117 118 119 120 121 122 123 124 125 126 127 128 129 130 131 132 133 134 135 136 137 138 139 140 141 142 143 144 145 146 147 148 149 150 151 152 153 154 155 156 157 158 159 160 161 162 163 164 165 166 167 168 169 170 171 172 173 174 175 176 177 178 179 180 181 182 183 184 185 186 187 188 189 190 191 192 193 194 195 196 197 198 199 200 1 2 3 4 5 6 7 8 9 10 11 12 13 14 15 16 17 18 19 20 21 22 23 24 25 26 27 28 29 30 31 32 33 34 35 36 37 38 39 40 41 42 43 44 45 46 47 48 49 50 51 52 53 54 55 56 57 58 59 60 61 62 63 64 65 66 67 68 69 70 71 72 73 74 75 76 77 78 79 80 81 82 83 84 85 86 87 88 89 90 91 92 93 94 95 96 97 98 99 100 101 102 103 104 105 106 107 108 109 110 111 112 113 114 115 116 117 118 119 120 121 122 123 124 125 126 127 128 129 130 131 132 133 134 135 136 137 138 139 140 141 142 143 144 145 146 147 148 149 150 151 152 153 154 155 156 157 158 159 160 161 162 163 164 165 166 167 168 169 170 171 172 173 174 175 176 177 178 179 180 181 182 183 184 185 186 187 188 189 190 191 192 193 194 195 196 197 198 199 200 1 2 3 4 5 6 7 8 9 10 11 12 13 14 15 16 17 18 19 20 21 22 23 24 25 26 27 28 29 30 31 32 33 34 35 36 37 38 39 40 41 42 43 44 45 46 47 48 49 50 51 52 53 54 55 56 57 58 59 60 61 62 63 64 65 66 67 68 69 70 71 72 73 74 75 76 77 78 79 80 81 82 83 84 85 86 87 88 89 90 91 92 93 94 95 96 97 98 99 100 101 102 103 104 105 106 107 108 109 110 111 112 113 114 115 116 117 118 119 120 121 122 123 124 125 126 127 128 129 130 131 132 133 134 135 136 137 138 139 140 141 142 143 144 145 146 147 148 149 150 151 152 153 154 155 156 157 158 159 160 161 162 163 164 165 166 167 168 169 170 171 172 173 174 175 176 177 178 179 180 181 182 183 184 185 186 187 188 189 190 191 192 193 194 195 196 197 198 199 200 1 2 3 4 5 6 7 8 9 10 11 12 13 14 15 16 17 18 19 20 21 22 23 24 25 26 27 28 29 30 31 32 33 34 35 36 37 38 39 40 41 42 43 44 45 46 47 48 49 50 51 52 53 54 55 56 57 58 59 60 61 62 63 64 65 66 67 68 69 70 71 72 73 74 75 76 77 78 79 80 81 82 83 84 85 86 87 88 89 90 91 92 93 94 95 96 97 98 99 100 101 102 103 104 105 106 107 108 109 110 111 112 113 114 115 116 117 118 119 120 121 122 123 124 125 126 127 128 129 130 131 132 133 134 135 136 137 138 139 
2 3 4 5 6 7 8 9 10 11 12 13 14 15 16 17 18 19 20 21 22 23 24 25 26 27 28 29 30 31 32 33 34 35 36 37 38 39 40 41 42 43 44 45 46 47 48 49 50 51 52 53 54 55 56 57 58 59 60 61 62 63 64 65 66 67 68 69 70 71 72 73 74 75 76 77 78 79 80 81 82 83 84 85 86 87 88 89 90 91 92 93 94 95 96 97 98 99 100 101 102 103 104 105 106 107 108 109 110 111 112 113 114 115 116 117 118 119 120 121 122 123 124 125 126 127 128 129 130 131 132 133 134 135 136 137 138 139 140 141 142 143 144 145 146 147 148 149 150 151 152 153 154 155 156 157 158 159 160 161 162 163 164 165 166 167 168 169 170 171 172 173 174 175 176 177 178 179 180 181 182 183 184 185 186 187 188 189 190 191 192 193 194 195 196 197 198 199 200 1 2 3 4 5 6 7 8 9 10 11 12 13 14 15 16 17 18 19 20 21 22 23 24 25 26 27 28 29 30 31 32 33 34 35 36 37 38 39 40 41 42 43 44 45 46 47 48 49 50 51 52 53 54 55 56 57 58 59 60 61 62 63 64 65 66 67 68 69 70 71 72 73 74 75 76 77 78 79 80 81 82 83 84 85 86 87 88 89 90 91 92 93 94 95 96 97 98 99 100 101 102 103 104 105 106 107 108 109 110 111 112 113 114 115 116 117 118 119 120 121 122 123 124 125 126 127 128 129 130 131 132 133 134 135 136 137 138 139 140 141 142 143 144 145 146 147 148 149 150 151 152 153 154 155 156 157 158 159 160 161 162 163 164 165 166 167 168 169 170 171 172 173 174 175 176 177 178 179 180 181 182 183 184 185 186 187 188 189 190 191 192 193 194 195 196 197 198 199 200 1 2 3 4 5 6 7 8 9 10 11 12 13 14 15 16 17 18 19 20 21 22 23 24 25 26 27 28 29 30 31 32 33 34 35 36 37 38 39 40 41 42 43 44 45 46 47 48 49 50 51 52 53 54 55 56 57 58 59 60 61 62 63 64 65 66 67 68 69 70 71 72 73 74 75 76 77 78 79 80 81 82 83 84 85 86 87 88 89 90 91 92 93 94 95 96 97 98 99 100 101 102 103 104 105 106 107 108 109 110 111 112 113 114 115 116 117 118 119 120 121 122 123 124 125 126 127 128 129 130 131 132 133 134 135 136 137 138 139 140 141 142 143 144 145 146 147 148 149 150 151 152 153 154 155 156 157 158 159 160 161 162 163 164 165 166 167 168 169 170 171 172 173 174 175 176 177 178 179 180 181 182 183 184 185 186 187 188 189 190 191 192 193 194 195 196 197 198 199 200 1 2 3 4 5 6 7 8 9 10 11 12 13 14 15 16 17 18 19 20 21 22 23 24 25 26 27 28 29 30 31 32 33 34 35 36 37 38 39 40 41 42 43 44 45 46 47 48 49 50 51 52 53 54 55 56 57 58 59 60 61 62 63 64 65 66 67 68 69 70 71 72 73 74 75 76 77 78 79 80 81 82 83 84 85 86 87 88 89 90 91 92 93 94 95 96 97 98 99 100 101 102 103 104 105 106 107 108 109 110 111 112 113 114 115 116 117 118 119 120 121 122 123 124 125 126 127 128 129 130 131 132 133 134 135 136 137 138 139 140 141 142 143 144 145 146 147 148 149 150 151 152 153 154 155 156 157 158 159 160 161 162 163 164 165 166 167 168 169 170 171 172 173 174 175 176 177 178 179 180 181 182 183 184 185 186 187 188 189 190 191 192 193 194 195 196 197 198 199 200 1 2 3 4 5 6 7 8 9 10 11 12 13 14 15 16 17 18 19 20 21 22 23 24 25 26 27 28 29 30 31 32 33 34 35 36 37 38 39 40 41 42 43 44 45 46 47 48 49 50 51 52 53 54 55 56 57 58 59 60 61 62 63 64 65 66 67 68 69 70 71 72 73 74 75 76 77 78 79 80 81 82 83 84 85 86 87 88 89 90 91 92 93 94 95 96 97 98 99 100 101 102 103 104 105 106 107 108 109 110 111 112 113 114 115 116 117 118 119 120 121 122 123 124 125 126 127 128 129 130 131 132 133 134 135 136 137 138 139 140 141 142 143 144 145 146 147 148 149 150 151 152 153 154 155 156 157 158 159 160 161 162 163 164 165 166 167 168 169 170 171 172 173 174 175 176 177 178 179 180 181 182 183 184 185 186 187 188 189 190 191 192 193 194 195 196 197 198 199 200 1 2 3 4 5 6 7 8 9 10 11 12 13 14 15 16 17 18 19 20 21 22 23 24 25 26 27 28 29 30 31 32 33 34 35 36 37 38 39 40 41 42 43 44 45 46 47 48 49 50 51 52 53 54 55 56 57 58 59 60 61 62 63 64 65 66 67 68 69 70 71 72 73 74 75 76 77 78 79 80 81 82 83 84 85 86 87 88 89 90 91 92 93 94 95 96 97 98 99 100 101 102 103 104 105 106 107 108 109 110 111 112 113 114 115 116 117 118 119 120 121 122 123 124 125 126 127 128 129 130 131 132 133 134 135 136 137 138 139 140 141 142 143 144 145 146 147 148 149 150 151 152 153 154 155 156 157 158 159 160 161 162 163 164 165 166 167 168 169 170 171 172 173 174 175 176 177 178 179 180 181 182 183 184 185 186 187 188 189 190 191 192 193 194 195 196 197 198 199 200 1 2 3 4 5 6 7 8 9 10 11 12 13 14 15 16 17 18 19 20 21 22 23 24 25 26 27 28 29 30 31 32 33 34 35 36 37 38 39 40 41 42 43 44 45 46 47 48 49 50 51 52 53 54 55 56 57 58 59 60 61 62 63 64 65 66 67 68 69 70 71 72 73 74 75 76 77 78 79 80 81 82 83 84 85 86 87 88 89 90 91 92 93 94 95 96 97 98 99 100 101 102 103 104 105 106 107 108 109 110 111 112 113 114 115 116 117 118 119 120 121 122 123 124 125 126 127 128 129 130 131 132 133 134 135 136 137 138 139 140 141 142 143 144 145 146 147 148 149 150 151 152 153 154 155 156 157 158 159 160 161 162 163 164 165 166 167 168 169 170 171 172 173 174 175 176 177 178 179 180 181 182 183 184 185 186 187 188 189 190 191 192 193 194 195 196 197 198 199 200 1 2 3 4 5 6 7 8 9 10 11 12 13 14 15 16 17 18 19 20 21 22 23 24 25 26 27 28 29 30 31 32 33 34 35 36 37 38 39 40 41 42 43 44 45 46 47 48 49 50 51 52 53 54 55 56 57 58 59 60 61 62 63 64 65 66 67 68 69 70 71 72 73 74 75 76 77 78 79 80 81 82 83 84 85 86 87 88 89 90 91 92 93 94 95 96 97 98 99 100 101 102 103 104 105 106 107 108 109 110 111 112 113 114 115 116 117 118 119 120 121 122 123 124 125 126 127 128 129 130 131 132 133 134 135 136 137 138 139 140 141 142 143 144 145 146 147 148 149 150 151 152 153 154 155 156 157 158 159 160 161 162 163 164 165 166 167 168 169 170 171 172 173 174 175 176 177 178 179 180 181 182 183 184 185 186 187 188 189 190 191 192 193 194 195 196 197 198 199 200 1 2 3 4 5 6 7 8 9 10 11 12 13 14 15 16 17 18 19 20 21 22 23 24 25 26 27 28 29 30 31 32 33 34 35 36 37 38 39 40 41 42 43 44 45 46 47 48 49 50 51 52 53 54 55 56 57 58 59 60 61 62 63 64 65 66 67 68 69 70 71 72 73 74 75 76 77 78 79 80 81 82 83 84 85 86 87 88 89 90 91 92 93 94 95 96 97 98 99 100 101 102 103 104 105 106 107 108 109 110 111 112 113 114 115 116 117 118 119 120 121 122 123 124 125 126 127 128 129 130 131 132 133 134 135 136 137 138 139 140 141 142 143 144 145 146 147 148 149 150 151 152 153 154 155 156 157 158 159 160 161 162 163 164 165 166 167 168 169 170 171 172 173 174 175 176 177 178 179 180 181 182 183 184 185 186 187 188 189 190 191 192 193 194 195 196 197 198 199 200 1 2 3 4 5 6 7 8 9 10 11 12 13 14 15 16 17 18 19 20 21 22 23 24 25 26 27 28 29 30 31 32 33 34 35 36 37 38 39 40 41 42 43 44 45 46 47 48 49 50 51 52 53 54 55 56 57 58 59 60 61 62 63 64 65 66 67 68 69 70 71 72 73 74 75 76 77 78 79 80 81 82 83 84 85 86 87 88 89 90 91 92 93 94 95 96 97 98 99 100 101 102 103 104 105 106 107 108 109 110 111 112 113 114 115 116 117 118 119 120 121 122 123 124 125 126 127 128 129 130 131 132 133 134 135 136 137 138 139 140 141 142 143 144 145 146 147 148 149 150 151 152 153 154 155 156 157 158 159 160 161 162 163 164 165 166 167 168 169 170 171 172 173 174 175 176 177 178 179 180 181 182 183 184 185 186 187 188 189 190 191 192 193 194 195 196 197 198 199 200 1 2 3 4 5 6 7 8 9 10 11 12 13 14 15 16 17 18 19 20 21 22 23 24 25 26 27 28 29 30 31 32 33 34 35 36 37 38 39 40 41 42 43 44 45 46 47 48 49 50 51 52 53 54 55 56 57 58 59 60 61 62 63 64 65 66 67 68 69 70 71 72 73 74 75 76 77 78 79 80 81 82 83 84 85 86 87 88 89 90 91 92 93 94 95 96 97 98 99 100 101 102 103 104 105 106 107 108 109 110 111 112 113 114 115 116 117 118 119 120 121 122 123 124 125 126 127 128 129 130 131 132 133 134 135 136 137 138 139 140 141 142 143 144 145 146 147 148 149 150 151 152 153 154 155 156 157 158 159 160 161 162 163 164 165 166 167 168 169 170 171 172 173 174 175 176 177 178 179 180 181 182 183 184 185 186 187 188 189 190 191 192 193 194 195 196 197 198 199 200 1 2 3 4 5 6 7 8 9 10 11 12 13 14 15 16 17 18 19 20 21 22 23 24 25 26 27 28 29 30 31 32 33 34 35 36 37 38 39 40 41 42 43 44 45 46 47 48 49 50 51 52 53 54 55 56 57 58 59 60 61 62 63 64 65 66 67 68 69 70 71 72 73 74 75 76 77 78 79 80 81 82 83 84 85 86 87 88 89 90 91 92 93 94 95 96 97 98 99 100 101 102 103 104 105 106 107 108 109 110 111 112 113 114 115 116 117 118 119 120 121 122 123 124 125 126 127 128 129 130 131 132 133 134 135 136 137 138 139 140 141 142 143 144 145 146 147 148 149 150 151 152 153 154 155 156 157 158 159 160 161 162 163 164 165 166 167 168 169 170 171 172 173 174 175 176 177 178 179 180 181 182 183 184 185 186 187 188 189 190 191 192 193 194 195 196 197 198 199 200 1 2 3 4 5 6 7 8 9 10 11 12 13 14 15 16 17 18 19 20 21 22 23 24 25 26 27 28 29 30 31 32 33 34 35 36 37 38 39 40 41 42 43 44 45 46 47 48 49 50 51 52 53 54 55 56 57 58 59 60 61 62 63 64 65 66 67 68 69 70 71 72 73 74 75 76 77 78 79 80 81 82 83 84 85 86 87 88 89 90 91 92 93 94 95 96 97 98 99 100 101 102 103 104 105 106 107 108 109 110 111 112 113 114 115 116 117 118 119 120 121 122 123 124 125 126 127 128 129 130 131 132 133 134 135 136 137 138 139 140 141 142 143 144 145 146 147 148 149 150 151 152 153 154 155 156 157 158 159 160 161 162 163 164 165 166 167 168 169 170 171 172 173 174 175 176 177 178 179 180 181 182 183 184 185 186 187 188 189 190 191 192 193 194 195 196 197 198 199 200 1 2 3 4 5 6 7 8 9 10 11 12 13 14 15 16 17 18 19 20 21 22 23 24 25 26 27 28 29 30 31 32 33 34 35 36 37 38 39 40 41 42 43 44 45 46 47 48 49 50 51 52 53 54 55 56 57 58 59 60 61 62 63 64 65 66 67 68 69 70 71 72 73 74 75 76 77 78 79 80 81 82 83 84 85 86 87 88 89 90 91 92 93 94 95 96 97 98 99 100 101 102 103 104 105 106 107 108 109 110 111 112 113 114 115 116 117 118 119 120 121 122 123 124 125 126 127 128 129 130 131 132 133 134 135 136 137 138 139 140 141 142 143 144 145 146 147 148 149 150 151 152 153 154 155 156 157 158 159 160 161 162 163 164 165 166 167 168 169 170 171 172 173 174 175 176 177 178 179 180 181 182 183 184 185 186 187 188 189 190 191 192 193 194 195 196 197 198 199 200 1 2 3 4 5 6 7 8 9 10 11 12 13 14 15 16 17 18 19 20 21 22 23 24 25 26 27 28 29 30 31 32 33 34 35 36 37 38 39 40 41 42 43 44 45 46 47 48 49 50 51 52 53 54 55 56 57 58 59 60 61 62 63 64 65 66 67 68 69 70 71 72 73 74 75 76 77 78 79 80 81 82 83 84 85 86 87 88 89 90 91 92 93 94 95 96 97 98 99 100 101 102 103 104 105 106 107 108 109 110 111 112 113 114 115 116 117 118 119 120 121 122 123 124 125 126 127 128 129 130 131 132 133 134 135 136 137 138 139 140 141 142 143 144 145 146 147 148 149 150 151 152 153 154 155 156 157 158 159 160 161 162 163 164 165 166 167 168 169 170 171 172 173 174 175 176 177 178 179 180 181 182 183 184 185 186 187 188 189 190 191 192 193 194 195 196 197 198 199 200 1 2 3 4 5 6 7 8 9 10 11 12 13 14 15 16 17 18 19 20 21 22 23 24 25 26 27 28 29 30 31 32 33 34 35 36 37 38 39 40 41 42 43 44 45 46 47 48 49 50 51 52 53 54 55 56 57 58 59 60 61 62 63 64 65 66 67 68 69 70 71 72 73 74 75 76 77 78 79 80 81 82 83 84 85 86 87 88 89 90 91 92 93 94 95 96 97 98 99 100 101 102 103 104 105 106 107 108 109 110 111 112 113 114 115 116 117 118 119 120 121 122 123 124 125 126 127 128 129 130 131 132 133 134 135 136 137 138 139 140 141 142 143 144 145 146 147 148 149 150 151 152 153 154 155 156 157 158 159 160 161 162 163 164 165 166 167 168 169 170 171 172 173 174 175 176 177 178 179 180 181 182 183 184 185 186 187 188 189 190 191 192 193 194 195 196 197 198 199 200 1 2 3 4 5 6 7 8 9 10 11 12 13 14 15 16 17 18 19 20 21 22 23 24 25 26 27 28 29 30 31 32 33 34 35 36 37 38 39 40 41 42 43 44 45 46 47 48 49 50 51 52 53 54 55 56 57 58 59 60 61 62 63 64 65 66 67 68 69 70 71 72 73 74 75 76 77 78 79 80 81 82 83 84 85 86 87 88 89 90 91 92 93 94 95 96 97 98 99 100 101 102 103 104 105 106 107 108 109 110 111 112 113 114 115 116 117 118 119 120 121 122 123 124 125 126 127 128 129 130 131 132 133 134 135 136 137 138 139 140 141 142 143 144 145 146 147 148 149 150 151 152 153 154 155 156 157 158 159 160 161 162 163 164 165 166 167 168 169 170 171 172 173 174 175 176 177 178 179 180 181 182 183 184 185 186 187 188 189 190 191 192 193 194 195 196 197 198 199 200 1 2 3 4 5 6 7 8 9 10 11 12 13 14 15 16 17 18 19 20 21 22 23 24 25 26 27 28 29 30 31 32 33 34 35 36 37 38 39 40 41 42 43 44 45 46 47 48 49 50 51 52 53 54 55 56 57 58 59 60 61 62 63 64 65 66 67 68 69 70 71 72 73 74 75 76 77 78 79 80 81 82 83 84 85 86 87 88 89 90 91 92 93 94 95 96 97 98 99 100 101 102 103 104 105 106 107 108 109 110 111 112 113 114 115 116 117 118 119 120 121 122 123 124 125 126 127 128 129 130 131 132 133 134 135 136 137 138 139 140 141 142 143 144 145 146 147 148 149 150 151 152 153 154 155 156 157 158 159 160 161 162 163 164 165 166 167 168 169 170 171 172 173 174 175 176 177 178 179 180 181 182 183 184 185 186 187 188 189 190 191 192 193 194 195 196 197 198 199 200 1 2 3 4 5 6 7 8 9 10 11 12 13 14 15 16 17 18 19 20 21 22 23 24 25 26 27 28 29 30 31 32 33 34 35 36 37 38 39 40 41 42 43 44 45 46 47 48 49 50 51 52 53 54 55 56 57 58 59 60 61 62 63 64 65 66 67 68 69 70 71 72 73 74 75 76 77 78 79 80 81 82 83 84 85 86 87 88 89 90 91 92 93 94 95 96 97 98 99 100 101 102 103 104 105 106 107 108 109 110 111 112 113 114 115 116 117 118 119 120 121 122 123 124 125 126 127 128 129 130 131 132 133 134 135 136 137 138 139 140 141 142 143 144 145 146 147 148 149 150 151 152 153 154 155 156 157 158 159 160 161 162 163 164 165 166 167 168 169 170 171 172 173 174 175 176 177 178 179 180 181 182 183 184 185 186 187 188 189 190 191 192 193 194 195 196 197 198 199 200 1 2 3 4 5 6 7 8 9 10 11 12 13 14 15 16 17 18 19 20 21 22 23 24 25 26 27 28 29 30 31 32 33 34 35 36 37 38 39 40 41 42 43 44 45 46 47 48 49 50 51 52 53 54 55 56 57 58 59 60 61 62 63 64 65 66 67 68 69 70 71 72 73 74 75 76 77 78 79 80 81 82 83 84 85 86 87 88 89 90 91 92 93 94 95 96 97 98 99 100 101 102 103 104 105 106 107 108 109 110 111 112 113 114 115 116 117 118 119 120 121 122 123 124 125 126 127 128 129 130 131 132 133 134 135 136 137 138 139 140 141 142 143 144 145 146 147 148 149 150 151 152 153 154 155 156 157 158 159 160 161 162 163 164 165 166 167 168 169 170 171 172 173 174 175 176 177 178 179 180 181 182 183 184 185 186 187 188 189 190 191 192 193 194 195 196 197 198 199 200 1 2 3 4 5 6 7 8 9 10 11 12 13 14 15 16 17 18 19 20 21 22 23 24 25 26 27 28 29 30 31 32 33 34 35 36 37 38 39 40 41 42 43 44 45 46 47 48 49 50 51 52 53 54 55 56 57 58 59 60 61 62 63 64 65 66 67 68 69 70 71 72 73 74 75 76 77 78 79 80 81 82 83 84 85 86 87 88 89 90 91 92 93 94 95 96 97 98 99 100 101 102 103 104 105 106 107 108 109 110 111 112 113 114 115 116 117 118 119 120 121 122 123 124 125 126 127 128 129 130 131 132 133 134 135 136 137 138 139 140 141 142 143 144 145 146 147 148 149 150 151 152 153 154 155 156 157 158 159 160 161 162 163 164 165 166 167 168 169 170 171 172 173 174 175 176 177 178 179 180 181 182 183 184 185 186 187 188 189 190 191 192 193 194 195 196 197 198 199 200 1 2 3 4 5 6 7 8 9 10 11 12 13 14 15 16 17 18 19 20 21 22 23 24 25 26 27 28 29 30 31 32 33 34 35 36 37 38 39 40 41 42 43 44 45 46 47 48 49 50 51 52 53 54 55 56 57 58 59 60 61 62 63 64 65 66 67 68 69 70 71 72 73 74 75 76 77 78 79 80 81 82 83 84 85 86 87 88 89 90 91 92 93 94 95 96 97 98 99 100 101 102 103 104 105 106 107 108 109 110 111 112 113 114 115 116 117 118 119 120 121 122 123 124 125 126 127 128 129 130 131 132 133 134 135 136 137 138 139 140 141 142 143 144 145 146 147 148 149 150 151 152 153 154 155 156 157 158 159 160 161 162 163 164 165 166 167 168 169 170 171 172 173 174 175 176 177 178 179 180 181 182 183 184 185 186 187 188 189 190 191 192 193 194 195 196 197 198 199 200 1 2 3 4 5 6 7 8 9 10 11 12 13 14 15 16 17 18 19 20 21 22 23 24 25 26 27 28 29 30 31 32 33 34 35 36 37 38 39 40 41 42 43 44 45 46 47 48 49 50 51 52 53 54 55 56 57 58 59 60 61 62 63 64 65 66 67 68 69 70 71 72 73 74 75 76 77 78 79 80 81 82 83 84 85 86 87 88 89 90 91 92 93 94 95 96 97 98 99 100 101 102 103 104 105 106 107 108 109 110 111 112 113 114 115 116 117 118 119 120 121 122 123 124 125 126 127 128 129 130 131 132 133 134 135 136 137 138 139 140 141 142 143 144 145 146 147 148 149 150 151 152 153 154 155 156 157 158 159 160 161 162 163 164 165 166 167 168 169 170 171 172 173 174 175 176 177 178 179 180 181 182 183 184 185 186 187 188 189 190 191 192 193 194 195 196 197 198 199 200 1 2 3 4 5 6 7 8 9 10 11 12 13 14 15 16 17 18 19 20 21 22 23 24 25 26 27 28 29 30 31 32 33 34 35 36 37 38 39 40 41 42 43 44 45 46 47 48 49 50 51 52 53 54 55 56 57 58 59 60 61 62 63 64 65 66 67 68 69 70 71 72 73 74 75 76 77 78 79 80 81 82 83 84 85 86 87 88 89 90 91 92 93 94 95 96 97 98 99 100 101 102 103 104 105 106 107 108 109 110 111 112 113 114 115 116 117 118 119 120 121 122 123 124 125 126 127 128 129 130 131 132 133 134 135 136 137 138 139 140 141 142 143 144 145 146 147 148 149 150 151 152 153 154 155 156 157 158 159 160 161 162 163 164 165 166 167 168 169 170 171 172 173 174 175 176 177 178 179 180 181 182 183 184 185 186 187 188 189 190 191 192 193 194 195 196 197 198 199 200 1 2 3 4 5 6 7 8 9 10 11 12 13 14 15 16 17 18 19 20 21 22 23 24 25 26 27 28 29 30 31 32 33 34 35 36 37 38 39 40 41 42 43 44 45 46 47 48 49 50 51 52 53 54 55 56 57 58 59 60 61 62 63 64 65 66 67 68 69 70 71 72 73 74 75 76 77 78 79 80 81 82 83 84 85 86 87 88 89 90 91 92 93 94 95 96 97 98 99 100 101 102 103 104 105 106 107 108 109 110 111 112 113 114 115 116 117 118 119 120 121 122 123 124 125 126 127 128 129 130 131 132 133 134 135 136 137 138 139 140 141 142 143 144 145 146 147 148 149 150 151 152 153 154 155 156 157 158 159 160 161 162 163 164 165 166 167 168 169 170 171 172 173 174 175 176 177 178 179 180 181 182 183 184 185 186 187 188 189 190 191 192 193 194 195 196 197 198 199 200 1 2 3 4 5 6 7 8 9 10 11 12 13 14 15 16 17 18 19 20 21 22 23 24 25 26 27 28 29 30 31 32 33 34 35 36 37 38 39 40 41 42 43 44 45 46 47 48 49 50 51 52 53 54 55 56 57 58 59 60 61 62 63 64 65 66 67 68 69 70 71 72 73 74 75 76 77 78 79 80 81 82 83 84 85 86 87 88 89 90 91 92 93 94 95 96 97 98 99 100 101 102 103 104 105 106 107 108 109 110 111 112 113 114 115 116 117 118 119 120 121 122 123 124 125 126 127 128 129 130 131 132 133 134 135 136 137 138 139 140 141 142 143 144 145 146 147 148 149 150 151 152 153 154 155 156 157 158 159 160 161 162 163 164 165 166 167 168 169 170 171 172 173 174 175 176 177 178 179 180 181 182 183 184 185 186 187 188 189 190 191 192 193 194 195 196 197 198 199 200 1 2 3 4 5 6 7 8 9 10 11 12 13 14 15 16 17 18 19 20 21 22 23 24 25 26 27 28 29 30 31 32 33 34 35 36 37 38 39 40 41 42 43 44 45 46 47 48 49 50 51 52 53 54 55 56 57 58 59 60 61 62 63 64 65 66 67 68 69 70 71 72 73 74 75 76 77 78 79 80 81 82 83 84 85 86 87 88 89 90 91 92 93 94 95 96 97 98 99 100 101 102 103 104 105 106 107 108 109 110 111 112 113 114 115 116 117 118 119 120 121 122 123 124 125 126 127 128 129 130 131 132 133 134 135 136 137 138 139 140 141 142 143 144 145 146 147 148 149 150 151 152 153 154 155 156 157 158 159 160 161 162 163 164 165 166 167 168 169 170 171 172 173 174 175 176 177 178 179 180 181 182 183 184 185 186 187 188 189 190 191 192 193 194 195 196 197 198 199 200 1 2 3 4 5 6 7 8 9 10 11 12 13 14 15 16 17 18 19 20 21 22 23 24 25 26 27 28 29 30 31 32 33 34 35 36 37 38 39 40 41 42 43 44 45 46 47 48 49 50 51 52 53 54 55 56 57 58 59 60 61 62 63 64 65 66 67 68 69 70 71 72 73 74 75 76 77 78 79 80 81 82 83 84 85 86 87 88 89 90 91 92 93 94 95 96 97 98 99 100 101 102 103 104 105 106 107 108 109 110 111 112 113 114 115 116 117 118 119 120 121 122 123 124 125 126 127 128 129 130 131 132 133 134 135 136 137 138 139 140 141 142 143 144 145 146 147 148 149 150 151 152 153 154 155 156 157 158 159 160 161 162 163 164 165 166 167 168 169 170 171 172 173 174 175 176 177 178 179 180 181 182 183 184 185 186 187 188 189 190 191 192 193 194 195 196 197 198 199 200 1 2 3 4 5 6 7 8 9 10 11 12 13 14 15 16 17 18 19 20 21 22 23 24 25 26 27 28 29 30 31 32 33 34 35 36 37 38 39 40 41 42 43 44 45 46 47 48 49 50 51 52 53 54 55 56 57 58 59 60 61 62 63 64 65 66 67 68 69 70 71 72 73 74 75 76 77 78 79 80 81 82 83 84 85 86 87 88 89 90 91 92 93 94 95 96 97 98 99 100 101 102 103 104 105 106 107 108 109 110 111 112 113 114 115 116 117 118 119 120 121 122 123 124 125 126 127 128 129 130 131 132 133 134 135 136 137 138 139 140 141 142 143 144 145 146 147 148 149 150 151 152 153 154 155 156 157 158 159 160 161 162 163 164 165 166 167 168 169 170 171 172 173 174 175 176 177 178 179 180 181 182 183 184 185 186 187 188 189 190 191 192 193 194 195 196 197 198 199 200 1 2 3 4 5 6 7 8 9 10 11 12 13 14 15 16 17 18 19 20 21 22 23 24 25 26 27 28 29 30 31 32 33 34 35 36 37 38 39 40 41 42 43 44 45 46 47 48 49 50 51 52 53 54 55 56 57 58 59 60 61 62 63 64 65 66 67 68 69 70 71 72 73 74 75 76 77 78 79 80 81 82 83 84 85 86 87 88 89 90 91 92 93 94 95 96 97 98 99 100 101 102 103 104 105 106 107 108 109 110 111 112 113 114 115 116 117 118 119 120 121 122 123 124 125 126 127 128 129 130 131 132 133 134 135 136 137 138 139 140 141 142 143 144 145 146 147 148 149 150 151 152 153 154 155 156 157 158 159 160 161 162 163 164 165 166 167 168 169 170 171 172 173 174 175 176 177 178 179 180 181 182 183 184 185 186 187 188 189 190 191 192 193 194 195 196 197 198 199 200 1 2 3 4 5 6 7 8 9 10 11 12 13 14 15 16 17 18 19 20 21 22 23 24 25 26 27 28 29 30 31 32 33 34 35 36 37 38 39 40 41 42 43 44 45 46 47 48 49 50 51 52 53 54 55 56 57 58 59 60 61 62 63 64 65 66 67 68 69 70 71 72 73 74 75 76 77 78 79 80 81 82 83 84 85 86 87 88 89 90 91 92 93 94 95 96 97 98 99 100 101 102 103 104 105 106 107 108 109 110 111 112 113 114 115 116 117 118 119 120 121 122 123 124 125 126 127 128 129 130 131 132 133 134 135 136 137 138 139 140 141 142 143 144 145 146 147 148 149 150 151 152 153 154 155 156 157 158 159 160 161 162 163 164 165 166 167 168 169 170 171 172 173 174 175 176 177 178 179 180 181 182 183 184 185 186 187 188 189 190 191 192 193 194 195 196 197 198 199 200 1 2 3 4 5 6 7 8 9 10 11 12 13 14 15 16 17 18 19 20 21 22 23 24 25 26 27 28 29 30 31 32 33 34 35 36 37 38 39 40 41 42 43 44 45 46 47 48 49 50 51 52 53 54 55 56 57 58 59 60 61 62 63 64 65 66 67 68 69 70 71 72 73 74 75 76 77 78 79 80 81 82 83 84 85 86 87 88 89 90 91 92 93 94 95 96 97 98 99 100 101 102 103 104 105 106 107 108 109 110 111 112 113 114 115 116 117 118 119 120 121 122 123 124 125 126 127 128 129 130 131 132 133 134 135 136 137 138 139 140 141 142 143 144 145 146 147 148 149 150 151 152 153 154 155 156 157 158 159 160 161 162 163 164 165 166 167 168 169 170 171 172 173 174 175 176 177 178 179 180 181 182 183 184 185 186 187 188 189 190 191 192 193 194 195 196 197 198 199 200 1 2 3 4 5 6 7 8 9 10 11 12 13 14 15 16 17 18 19 20 21 22 23 24 25 26 27 28 29 30 31 32 33 34 35 36 37 38 39 40 41 42 43 44 45 46 47 48 49 50 51 52 53 54 55 56 57 58 59 60 61 62 63 64 65 66 67 68 69 70 71 72 73 74 75 76 77 78 79 80 81 82 83 84 85 86 87 88 89 90 91 92 93 94 95 96 97 98 99 100 101 102 103 104 105 106 107 108 109 110 111 112 113 114 115 116 117 118 119 120 121 122 123 124 125 126 127 128 129 130 131 132 133 134 135 136 137 138 139 140 141 142 143 144 145 146 147 148 149 150 151 152 153 154 155 156 157 158 159 160 161 162 163 164 165 166 167 168 169 170 171 172 173 174 175 176 177 178 179 180 181 182 183 184 185 186 187 188 189 190 191 192 193 194 195 196 197 198 199 200 1 2 3 4 5 6 7 8 9 10 11 12 13 14 15 16 17 18 19 20 21 22 23 24 25 26 27 28 29 30 31 32 33 34 35 36 37 38 39 40 41 42 43 44 45 46 47 48 49 50 51 52 53 54 55 56 57 58 59 60 61 62 63 64 65 66 67 68 69 70 71 72 73 74 75 76 77 78 79 80 81 82 83 84 85 86 87 88 89 90 91 92 93 94 95 96 97 98 99 100 101 102 103 104 105 106 107 108 109 110 111 112 113 114 115 116 117 118 119 120 121 122 123 124 125 126 127 128 129 130 131 132 133 134 135 136 137 138 139 140 141 142 143 144 145 146 147 148 149 150 151 152 153 154 155 156 157 158 159 160 161 162 163 164 165 166 167 168 169 170 171 172 173 174 175 176 177 178 179 180 181 182 183 184 185 186 187 188 189 190 191 192 193 194 195 196 197 198 199 200 1 2 3 4 5 6 7 8 9 10 11 12 13 14 15 16 17 18 19 20 21 22 23 24 25 26 27 28 29 30 31 32 33 34 35 36 37 38 39 40 41 42 43 44 45 46 47 48 49 50 51 52 53 54 55 56 57 58 59 60 61 62 63 64 65 66 67 68 69 70 71 72 73 74 75 76 77 78 79 80 81 82 83 84 85 86 87 88 89 90 91 92 93 94 95 96 97 98 99 100 101 102 103 104 105 106 107 108 109 110 111 112 113 114 115 116 117 118 119 120 121 122 123 124 125 126 127 128 129 130 131 132 133 134 135 136 137 138 139 140 141 142 143 144 145 146 147 148 149 150 151 152 153 154 155 156 157 158 159 160 161 162 163 164 165 166 167 168 169 170 171 172 173 174 175 176 177 178 179 180 181 182 183 184 185 186 187 188 189 190 191 192 193 194 195 196 197 198 199 200 1 2 3 4 5 6 7 8 9 10 11 12 13 14 15 16 17 18 19 20 21 22 23 24 25 26 27 28 29 30 31 32 33 34 35 36 37 38 39 40 41 42 43 44 45 46 47 48 49 50 51 52 53 54 55 56 57 58 59 60 61 62 63 64 65 66 67 68 69 70 71 72 73 74 75 76 77 78 79 80 81 82 83 84 85 86 87 88 89 90 91 92 93 94 95 96 97 98 99 100 101 102 103 104 105 106 107 108 109 110 111 112 113 114 115 116 117 118 119 120 121 122 123 124 125 126 127 128 129 130 131 132 133 134 135 136 137 138 139 140 141 142 143 144 145 146 147 148 149 150 151 152 153 154 155 156 157 158 159 160 161 162 163 164 165 166 167 168 169 170 171 172 173 174 175 176 177 178 179 180 181 182 183 184 185 186 187 188 189 190 191 192 193 194 195 196 197 198 199 200 1 2 3 4 5 6 7 8 9 10 11 12 13 14 15 16 17 18 19 20 21 22 23 24 25 26 27 28 29 30 31 32 33 34 35 36 37 38 39 40 41 42 43 44 45 46 47 48 49 50 51 52 53 54 55 56 57 58 59 60 61 62 63 64 65 66 67 68 69 70 71 72 73 74 75 76 77 78 79 80 81 82 83 84 85 86 87 88 89 90 91 92 93 94 95 96 97 98 99 100 101 102 103 104 105 106 107 108 109 110 111 112 113 114 115 116 117 118 119 120 121 122 123 124 125 126 127 128 129 130 131 132 133 134 135 136 137 138 139 140 141 142 143 144 145 146 147 148 149 150 151 152 153 154 155 156 157 158 159 160 161 162 163 164 165 166 167 168 169 170 171 172 173 174 175 176 177 178 179 180 181 182 183 184 185 186 187 188 189 190 191 192 193 194 195 196 197 198 199 200 1 2 3 4 5 6 7 8 9 10 11 12 13 14 15 16 17 18 19 20 21 22 23 24 25 26 27 28 29 30 31 32 33 34 35 36 37 38 39 40 41 42 43 44 45 46 47 48 49 50 51 52 53 54 55 56 57 58 59 60 61 62 63 64 65 66 67 68 69 70 71 72 73 74 75 76 77 78 79 80 81 82 83 84 85 86 87 88 89 90 91 92 93 94 95 96 97 98 99 100 101 102 103 104 105 106 107 108 109 110 111 112 113 114 115 116 117 118 119 120 121 122 123 124 125 126 127 128 129 130 131 132 133 134 135 136 137 138 139 140 141 142 143 144 145 146 147 148 149 150 151 152 153 154 155 156 157 158 159 160 161 162 163 164 165 166 167 168 169 170 171 172 173 174 175 176 177 178 179 180 181 182 183 184 185 186 187 188 189 190 191 192 193 194 195 196 197 198 199 200 1 2 3 4 5 6 7 8 9 10 11 12 13 14 15 16 17 18 19 20 21 22 23 24 25 26 27 28 29 30 31 32 33 34 35 36 37 38 39 40 41 42 43 44 45 46 47 48 49 50 51 52 53 54 55 56 57 58 59 60 61 62 63 64 65 66 67 68 69 70 71 72 73 74 75 76 77 78 79 80 81 82 83 84 85 86 87 88 89 90 91 92 93 94 95 96 97 98 99 100 101 102 103 104 105 106 107 108 109 110 111 112 113 114 115 116 117 118 119 120 121 122 123 124 125 126 127 128 129 130 131 132 133 134 135 136 137 138 139 140 141 142 143 144 145 146 147 148 149 150 151 152 153 154 155 156 157 158 159 160 161 162 163 164 165 166 167 168 169 170 171 172 173 174 175 176 177 178 179 180 181 182 183 184 185 186 187 188 189 190 191 192 193 194 195 196 197 198 199 200 1 2 3 4 5 6 7 8 9 10 11 12 13 14 15 16 17 18 19 20 21 22 23 24 25 26 27 28 29 30 31 32 33 34 35 36 37 38 39 40 41 42 43 44 45 46 47 48 49 50 51 52 53 54 55 56 57 58 59 60 61 62 63 64 65 66 67 68 69 70 71 72 73 74 75 76 77 78 79 80 81 82 83 84 85 86 87 88 89 90 91 92 93 94 95 96 97 98 99 100 101 102 103 104 105 106 107 108 109 110 111 112 113 114 115 116 117 118 119 120 121 122 123 124 125 126 127 128 129 130 131 132 133 134 135 136 137 138 139 140 141 142 143 144 145 146 147 148 149 150 151 152 153 154 155 156 157 158 159 160 161 162 163 164 165 166 167 168 169 170 171 172 173 174 175 176 177 178 179 180 181 182 183 184 185 186 187 188 189 190 191 192 193 194 195 196 197 198 199 200 1 2 3 4 5 6 7 8 9 10 11 12 13 14 15 16 17 18 19 20 21 22 23 24 25 26 27 28 29 30 31 32 33 34 35 36 37 38 39 40 41 42 43 44 45 46 47 48 49 50 51 52 53 54 55 56 57 58 59 60 61 62 63 64 65 66 67 68 69 70 71 72 73 74 75 76 77 78 79 80 81 82 83 84 85 86 87 88 89 90 91 92 93 94 95 96 97 98 99 100 101 102 103 104 105 106 107 108 109 110 111 112 113 114 115 116 117 118 119 120 121 122 123 124 125 126 127 128 129 130 131 132 133 134 135 136 137 138 139 140 141 142 143 144 145 146 147 148 149 150 151 152 153 154 155 156 157 158 159 160 161 162 163 164 165 166 167 168 169 170 171 172 173 174 175 176 177 178 179 180 181 182 183 184 185 186 187 188 189 190 191 192 193 194 195 196 197 198 199 200 1 2 3 4 5 6 7 8 9 10 11 12 13 14 15 16 17 18 19 20 21 22 23 24 25 26 27 28 29 30 31 32 33 34 35 36 37 38 39 40 41 42 43 44 45 46 47 48 49 50 51 52 53 54 55 56 57 58 59 60 61 62 63 64 65 66 67 68 69 70 71 72 73 74 75 76 77 78 79 80 81 82 83 84 85 86 87 88 89 90 91 92 93 94 95 96 97 98 99 100 101 102 103 104 105 106 107 108 109 110 111 112 113 114 115 116 117 118 119 120 121 122 123 124 125 126 127 128 129 130 131 132 133 134 135 136 137 138 139 140 141 142 143 144 145 146 147 148 149 150 151 152 153 154 155 156 157 158 159 160 161 162 163 164 165 166 167 168 169 170 171 172 173 174 175 176 177 178 179 180 181 182 183 184 185 186 187 188 189 190 191 192 193 194 195 196 197 198 199 200 1 2 3 4 5 6 7 8 9 10 11 12 13 14 15 16 17 18 19 20 21 22 23 24 25 26 27 28 29 30 31 32 33 34 35 36 37 38 39 40 41 42 43 44 45 46 47 48 49 50 51 52 53 54 55 56 57 58 59 60 61 62 63 64 65 66 67 68 69 70 71 72 73 74 75 76 77 78 79 80 81 82 83 84 85 86 87 88 89 90 91 92 93 94 95 96 97 98 99 100 101 102 103 104 105 106 107 108 109 110 111 112 113 114 115 116 117 118 119 120 121 122 123 124 125 126 127 128 129 130 131 132 133 134 135 136 137 138 139 140 141 142 143 144 145 146 147 148 149 150 151 152 153 154 155 156 157 158 159 160 161 162 163 164 165 166 167 168 169 170 171 172 173 174 175 176 177 178 179 180 181 182 183 184 185 186 187 188 189 190 191 192 193 194 195 196 197 198 199 200 1 2 3 4 5 6 7 8 9 10 11 12 13 14 15 16 17 18 19 20 21 22 23 24 25 26 27 28 29 30 31 32 33 34 35 36 37 38 39 40 41 42 43 44 45 46 47 48 49 50 51 52 53 54 55 56 57 58 59 60 61 62 63 64 65 66 67 68 69 70 71 72 73 74 75 76 77 78 79 80 81 82 83 84 85 86 87 88 89 90 91 92 93 94 95 96 97 98 99 100 101 102 103 104 105 106 107 108 109 110 111 112 113 114 115 116 117 118 119 120 121 122 123 124 125 126 127 128 129 130 131 132 133 134 135 136 137 138 139 140 141 142 143 144 145 146 147 148 149 150 151 152 153 154 155 156 157 158 159 160 161 162 163 164 165 166 167 168 169 170 171 172 173 174 175 176 177 178 179 180 181 182 183 184 185 186 187 188 189 190 191 192 193 194 195 196 197 198 199 200 1 2 3 4 5 6 7 8 9 10 11 12 13 14 15 16 17 18 19 20 21 22 23 24 25 26 27 28 29 30 31 32 33 34 35 36 37 38 39 40 41 42 43 44 45 46 47 48 49 50 51 52 53 54 55 56 57 58 59 60 61 62 63 64 65 66 67 68 69 70 71 72 73 74 75 76 77 78 79 80 81 82 83 84 85 86 87 88 89 90 91 92 93 94 95 96 97 98 99 100 101 102 103 104 105 106 107 108 109 110 111 112 113 114 115 116 117 118 119 120 121 122 123 124 125 126 127 128 129 130 131 132 133 134 135 136 137 138 139 140 141 142 143 144 145 146 147 148 149 150 151 152 153 154 155 156 157 158 159 160 161 162 163 164 165 166 167 168 169 170 171 172 173 174 175 176 177 178 179 180 181 182 183 184 185 186 187 188 189 190 191 192 193 194 195 196 197 198 199 200 1 2 3 4 5 6 7 8 9 10 11 12 13 14 15 16 17 18 19 20 21 22 23 24 25 26 27 28 29 30 31 32 33 34 35 36 37 38 39 40 41 42 43 44 45 46 47 48 49 50 51 52 53 54 55 56 57 58 59 60 61 62 63 64 65 66 67 68 69 70 71 72 73 74 75 76 77 78 79 80 81 82 83 84 85 86 87 88 89 90 91 92 93 94 95 96 97 98 99 100 101 102 103 104 105 106 107 108 109 110 111 112 113 114 115 116 117 118 119 120 121 122 123 124 125 126 127 128 129 130 131 132 133 134 135 136 137 138 139 140 141 142 143 144 145 146 147 148 149 150 151 152 153 154 155 156 157 158 159 160 161 162 163 164 165 166 167 168 169 170 171 172 173 174 175 176 177 178 179 180 181 182 183 184 185 186 187 188 189 190 191 192 193 194 195 196 197 198 199 200 1 2 3 4 5 6 7 8 9 10 11 12 13 14 15 16 17 18 19 20 21 22 23 24 25 26 27 28 29 30 31 32 33 34 35 36 37 38 39 40 41 42 43 44 45 46 47 48 49 50 51 52 53 54 55 56 57 58 59 60 61 62 63 64 65 66 67 68 69 70 71 72 73 74 75 76 77 78 79 80 81 82 83 84 85 86 87 88 89 90 91 92 93 94 95 96 97 98 99 100 101 102 103 104 105 106 107 108 109 110 111 112 113 114 115 116 117 118 119 120 121 122 123 124 125 126 127 128 129 130 131 132 133 134 135 136 137 138 139 140 141 142 143 144 145 146 147 148 149 150 151 152 153 154 155 156 157 158 159 160 161 162 163 164 165 166 167 168 169 170 171 172 173 174 175 176 177 178 179 180 181 182 183 184 185 186 187 188 189 190 191 192 193 194 195 196 197 198 199 200 1 2 3 4 5 6 7 8 9 10 11 12 13 14 15 16 17 18 19 20 21 22 23 24 25 26 27 28 29 30 31 32 33 34 35 36 37 38 39 40 41 42 43 44 45 46 47 48 49 50 51 52 53 54 55 56 57 58 59 60 61 62 63 64 65 66 67 68 69 70 71 72 73 74 75 76 77 78 79 80 81 82 83 84 85 86 87 88 89 90 91 92 93 94 95 96 97 98 99 100 101 102 103 104 105 106 107 108 109 110 111 112 113 114 115 116 117 118 119 120 121 122 123 124 125 126 127 128 129 130 131 132 133 134 135 136 137 138 139 140 141 142 143 144 145 146 147 148 149 150 151 152 153 154 155 156 157 158 159 160 161 162 163 164 165 166 167 168 169 170 171 172 173 174 175 176 177 178 179 180 181 182 183 184 185 186 187 188 189 190 191 192 193 194 195 196 197 198 199 200 1 2 3 4 5 6 7 8 9 10 11 12 13 14 15 16 17 18 19 20 21 22 23 24 25 26 27 28 29 30 31 32 33 34 35 36 37 38 39 40 41 42 43 44 45 46 47 48 49 50 51 52 53 54 55 56 57 58 59 60 61 62 63 64 65 66 67 68 69 70 71 72 73 74 75 76 77 78 79 80 81 82 83 84 85 86 87 88 89 90 91 92 93 94 95 96 97 98 99 100 101 102 103 104 105 106 107 108 109 110 111 112 113 114 115 116 117 118 119 120 121 122 123 124 125 126 127 128 129 130 131 132 133 134 135 136 137 138 139 140 141 142 143 144 145 146 147 148 149 150 151 152 153 154 155 156 157 158 159 160 161 162 163 164 165 166 167 168 169 170 171 172 173 174 175 176 177 178 179 180 181 182 183 184 185 186 187 188 189 190 191 192 193 194 195 196 197 198 199 200 1 2 3 4 5 6 7 8 9 10 11 12 13 14 15 16 17 18 19 20 21 22 23 24 25 26 27 28 29 30 31 32 33 34 35 36 37 38 39 40 41 42 43 44 45 46 47 48 49 50 51 52 53 54 55 56 57 58 59 60 61 62 63 64 65 66 67 68 69 70 71 72 73 74 75 76 77 78 79 80 81 82 83 84 85 86 87 88 89 90 91 92 93 94 95 96 97 98 99 100 101 102 103 104 105 106 107 108 109 110 111 112 113 114 115 116 117 118 119 120 121 122 123 124 125 126 127 128 129 130 131 132 133 134 135 136 137 138 139 140 141 142 143 144 145 146 147 148 149 150 151 152 153 154 155 156 157 158 159 160 161 162 163 164 165 166 167 168 169 170 171 172 173 174 175 176 177 178 179 180 181 182 183 184 185 186 187 188 189 190 191 192 193 194 195 196 197 198 199 200 1 2 3 4 5 6 7 8 9 10 11 12 13 14 15 16 17 18 19 20 21 22 23 24 25 26 27 28 29 30 31 32 33 34 35 36 37 38 39 40 41 42 43 44 45 46 47 48 49 50 51 52 53 54 55 56 57 58 59 60 61 62 63 64 65 66 67 68 69 70 71 72 73 74 75 76 77 78 79 80 81 82 83 84 85 86 87 88 89 90 91 92 93 94 95 96 97 98 99 100 101 102 103 104 105 106 107 108 109 110 111 112 113 114 115 116 117 118 119 120 121 122 123 124 125 126 127 128 129 130 131 132 133 134 135 136 137 138 139 140 141 142 143 144 145 146 147 148 149 150 151 152 153 154 155 156 157 158 159 160 161 162 163 164 165 166 167 168 169 170 171 172 173 174 175 176 177 178 179 180 181 182 183 184 185 186 187 188 189 190 191 192 193 194 195 196 197 198 199 200 1 2 3 4 5 6 7 8 9 10 11 12 13 14 15 16 17 18 19 20 21 22 23 24 25 26 27 28 29 30 31 32 33 34 35 36 37 38 39 40 41 42 43 44 45 46 47 48 49 50 51 52 53 54 55 56 57 58 59 60 61 62 63 64 65 66 67 68 69 70 71 72 73 74 75 76 77 78 79 80 81 82 83 84 85 86 87 88 89 90 91 92 93 94 95 96 97 98 99 100 101 102 103 104 105 106 107 108 109 110 111 112 113 114 115 116 117 118 119 120 121 122 123 124 125 126 127 128 129 130 131 132 133 134 135 136 137 138 139 140 141 142 143 144 145 146 147 148 149 150 151 152 153 154 155 156 157 158 159 160 161 162 163 164 165 166 167 168 169 170 171 172 173 174 175 176 177 178 179 180 181 182 183 184 185 186 187 188 189 190 191 192 193 194 195 196 197 198 199 200 1 2 3 4 5 6 7 8 9 10 11 12 13 14 15 16 17 18 19 20 21 22 23 24 25 26 27 28 29 30 31 32 33 34 35 36 37 38 39 40 41 42 43 44 45 46 47 48 49 50 51 52 53 54 55 56 57 58 59 60 61 62 63 64 65 66 67 68 69 70 71 72 73 74 75 76 77 78 79 80 81 82 83 84 85 86 87 88 89 90 91 92 93 94 95 96 97 98 99 100 101 102 103 104 105 106 107 108 109 110 111 112 113 114 115 116 117 118 119 120 121 122 123 124 125 126 127 128 129 130 131 132 133 134 135 136 137 138 139 140 141 142 143 144 145 146 147 148 149 150 151 152 153 154 155 156 157 158 159 160 161 162 163 164 165 166 167 168 169 170 171 172 173 174 175 176 177 178 179 180 181 182 183 184 185 186 187 188 189 190 191 192 193 194 195 196 197 198 199 200 1 2 3 4 5 6 7 8 9 10 11 12 13 14 15 16 17 18 19 20 21 22 23 24 25 26 27 28 29 30 31 32 33 34 35 36 37 38 39 40 41 42 43 44 45 46 47 48 49 50 51 52 53 54 55 56 57 58 59 60 61 62 63 64 65 66 67 68 69 70 71 72 73 74 75 76 77 78 79 80 81 82 83 84 85 86 87 88 89 90 91 92 93 94 95 96 97 98 99 100 101 102 103 104 105 106 107 108 109 110 111 112 113 114 115 116 117 118 119 120 121 122 123 124 125 126 127 128 129 130 131 132 133 134 135 136 137 138 139 140 141 142 143 144 145 146 147 148 149 150 151 152 153 154 155 156 157 158 159 160 161 162 163 164 165 166 167 168 169 170 171 172 173 174 175 176 177 178 179 180 181 182 183 184 185 186 187 188 189 190 191 192 193 194 195 196 197 198 199 200 1 2 3 4 5 6 7 8 9 10 11 12 13 14 15 16 17 18 19 20 21 22 23 24 25 26 27 28 29 30 31 32 33 34 35 36 37 38 39 40 41 42 43 44 45 46 47 48 49 50 51 52 53 54 55 56 57 58 59 60 61 62 63 64 65 66 67 68 69 70 71 72 73 74 75 76 77 78 79 80 81 82 83 84 85 86 87 88 89 90 91 92 93 94 95 96 97 98 99 100 101 102 103 104 105 106 107 108 109 110 111 112 113 114 115 116 117 118 119 120 121 122 123 124 125 126 127 128 129 130 131 132 133 134 135 136 137 138 139 140 141 142 143 144 145 146 147 148 149 150 151 152 153 154 155 156 157 158 159 160 161 162 163 164 165 166 167 168 169 170 171 172 173 174 175 176 177 178 179 180 181 182 183 184 185 186 187 188 189 190 191 192 193 194 195 196 197 198 199 200 1 2 3 4 5 6 7 8 9 10 11 12 13 14 15 16 17 18 19 20 21 22 23 24 25 26 27 28 29 30 31 32 33 34 35 36 37 38 39 40 41 42 43 44 45 46 47 48 49 50 51 52 53 54 55 56 57 58 59 60 61 62 63 64 65 66 67 68 69 70 71 72 73 74 75 76 77 78 79 80 81 82 83 84 85 86 87 88 89 90 91 92 93 94 95 96 97 98 99 100 101 102 103 104 105 106 107 108 109 110 111 112 113 114 115 116 117 118 119 120 121 122 123 124 125 126 127 128 129 130 131 132 133 134 135 136 137 138 139 140 141 142 143 144 145 146 147 148 149 150 151 152 153 154 155 156 157 158 159 160 161 162 163 164 165 166 167 168 169 170 171 172 173 174 175 176 177 178 179 180 181 182 183 184 185 186 187 188 189 190 191 192 193 194 195 196 197 198 199 200 1 2 3 4 5 6 7 8 9 10 11 12 13 14 15 16 17 18 19 20 21 22 23 24 25 26 27 28 29 30 31 32 33 34 35 36 37 38 39 40 41 42 43 44 45 46 47 48 49 50 51 52 53 54 55 56 57 58 59 60 61 62 63 64 65 66 67 68 69 70 71 72 73 74 75 76 77 78 79 80 81 82 83 84 85 86 87 88 89 90 91 92 93 94 95 96 97 98 99 100 101 102 103 104 105 106 107 108 109 110 111 112 113 114 115 116 117 118 119 120 121 122 123 124 125 126 127 128 129 130 131 132 133 134 135 136 137 138 139 140 141 142 143 144 145 146 147 148 149 150 151 152 153 154 155 156 157 158 159 160 161 162 163 164 165 166 167 168 169 170 171 172 173 174 175 176 177 178 179 180 181 182 183 184 185 186 187 188 189 190 191 192 193 194 195 196 197 198 199 200 1 2 3 4 5 6 7 8 9 10 11 12 13 14 15 16 17 18 19 20 21 22 23 24 25 26 27 28 29 30 31 32 33 34 35 36 37 38 39 40 41 42 43 44 45 46 47 48 49 50 51 52 53 54 55 56 57 58 59 60 61 62 63 64 65 66 67 68 69 70 71 72 73 74 75 76 77 78 79 80 81 82 83 84 85 86 87 88 89 90 91 92 93 94 95 96 97 98 99 100 101 102 103 104 105 106 107 108 109 110 111 112 113 114 115 116 117 118 119 120 121 122 123 124 125 126 127 128 129 130 131 132 133 134 135 136 137 138 139 140 141 142 143 144 145 146 147 148 149 150 151 152 153 154 155 156 157 158 159 160 161 162 163 164 165 166 167 168 169 170 171 172 173 174 175 176 177 178 179 180 181 182 183 184 185 186 187 188 189 190 191 192 193 194 195 196 197 198 199 200 1 2 3 4 5 6 7 8 9 10 11 12 13 14 15 16 17 18 19 20 21 22 23 24 25 26 27 28 29 30 31 32 33 34 35 36 37 38 39 40 41 42 43 44 45 46 47 48 49 50 51 52 53 54 55 56 57 58 59 60 61 62 63 64 65 66 67 68 69 70 71 72 73 74 75 76 77 78 79 80 81 82 83 84 85 86 87 88 89 90 91 92 93 94 95 96 97 98 99 100 101 102 103 104 105 106 107 108 109 110 111 112 113 114 115 116 117 118 119 120 121 122 123 124 125 126 127 128 129 130 131 132 133 134 135 136 137 138 139 140 141 142 143 144 145 146 147 148 149 150 151 152 153 154 155 156 157 158 159 160 161 162 163 164 165 166 167 168 169 170 171 172 173 174 175 176 177 178 179 180 181 182 183 184 185 186 187 188 189 190 191 192 193 194 195 196 197 198 199 200 1 2 3 4 5 6 7 8 9 10 11 12 13 14 15 16 17 18 19 20 21 22 23 24 25 26 27 28 29 30 31 32 33 34 35 36 37 38 39 40 41 42 43 44 45 46 47 48 49 50 51 52 53 54 55 56 57 58 59 60 61 62 63 64 65 66 67 68 69 70 71 72 73 74 75 76 77 78 79 80 81 82 83 84 85 86 87 88 89 90 91 92 93 94 95 96 97 98 99 100 101 102 103 104 105 106 107 108 109 110 111 112 113 114 115 116 117 118 119 120 121 122 123 124 125 126 127 128 129 130 131 132 133 134 135 136 137 138 139 140 141 142 143 144 145 146 147 148 149 150 151 152 153 154 155 156 157 158 159 160 161 162 163 164 165 166 167 168 169 170 171 172 173 174 175 176 177 178 179 180 181 182 183 184 185 186 187 188 189 190 191 192 193 194 195 196 197 198 199 200 1 2 3 4 5 6 7 8 9 10 11 12 13 14 15 16 17 18 19 20 21 22 23 24 25 26 27 28 29 30 31 32 33 34 35 36 37 38 39 40 41 42 43 44 45 46 47 48 49 50 51 52 53 54 55 56 57 58 59 60 61 62 63 64 65 66 67 68 69 70 71 72 73 74 75 76 77 78 79 80 81 82 83 84 85 86 87 88 89 90 91 92 93 94 95 96 97 98 99 100 101 102 103 104 105 106 107 108 109 110 111 112 113 114 115 116 117 118 119 120 121 122 123 124 125 126 127 128 129 130 131 132 133 134 135 136 137 138 139 140 141 142 143 144 145 146 147 148 149 150 151 152 153 154 155 156 157 158 159 160 161 162 163 164 165 166 167 168 169 170 171 172 173 174 175 176 177 178 179 180 181 182 183 184 185 186 187 188 189 190 191 192 193 194 195 196 197 198 199 200 1 2 3 4 5 6 7 8 9 10 11 12 13 14 15 16 17 18 19 20 21 22 23 24 25 26 27 28 29 30 31 32 33 34 35 36 37 38 39 40 41 42 43 44 45 46 47 48 49 50 51 52 53 54 55 56 57 58 59 60 61 62 63 64 65 66 67 68 69 70 71 72 73 74 75 76 77 78 79 80 81 82 83 84 85 86 87 88 89 90 91 92 93 94 95 96 97 98 99 100 101 102 103 104 105 106 107 108 109 110 111 112 113 114 115 116 117 118 119 120 121 122 123 124 125 126 127 128 129 130 131 132 133 134 135 136 137 138 139 140 141 142 143 144 145 146 147 148 149 150 151 152 153 154 155 156 157 158 159 160 161 162 163 164 165 166 167 168 169 170 171 172 173 174 175 176 177 178 179 180 181 182 183 184 185 186 187 188 189 190 191 192 193 194 195 196 197 198 199 200 1 2 3 4 5 6 7 8 9 10 11 12 13 14 15 16 17 18 19 20 21 22 23 24 25 26 27 28 29 30 31 32 33 34 35 36 37 38 39 40 41 42 43 44 45 46 47 48 49 50 51 52 53 54 55 56 57 58 59 60 61 62 63 64 65 66 67 68 69 70 71 72 73 74 75 76 77 78 79 80 81 82 83 84 85 86 87 88 89 90 91 92 93 94 95 96 97 98 99 100 101 102 103 104 105 106 107 108 109 110 111 112 113 114 115 116 117 118 119 120 121 122 123 124 125 126 127 128 129 130 131 132 133 134 135 136 137 138 139 140 141 142 143 144 145 146 147 148 149 150 151 152 153 154 155 156 157 158 159 160 161 162 163 164 165 166 167 168 169 170 171 172 173 174 175 176 177 178 179 180 181 182 183 184 185 186 187 188 189 190 191 192 193 194 195 196 197 198 199 200 1 2 3 4 5 6 7 8 9 10 11 12 13 14 15 16 17 18 19 20 21 22 23 24 25 26 27 28 29 30 31 32 33 34 35 36 37 38 39 40 41 42 43 44 45 46 47 48 49 50 51 52 53 54 55 56 57 58 59 60 61 62 63 64 65 66 67 68 69 70 71 72 73 74 75 76 77 78 79 80 81 82 83 84 85 86 87 88 89 90 91 92 93 94 95 96 97 98 99 100 101 102 103 104 105 106 107 108 109 110 111 112 113 114 115 116 117 118 119 120 121 122 123 124 125 126 127 128 129 130 131 132 133 134 135 136 137 138 139 140 141 142 143 144 145 146 147 148 149 150 151 152 153 154 155 156 157 158 159 160 161 162 163 164 165 166 167 168 169 170 171 172 173 174 175 176 177 178 179 180 181 182 183 184 185 186 187 188 189 190 191 192 193 194 195 196 197 198 199 200 1 2 3 4 5 6 7 8 9 10 11 12 13 14 15 16 17 18 19 20 21 22 23 24 25 26 27 28 29 30 31 32 33 34 35 36 37 38 39 40 41 42 43 44 45 46 47 48 49 50 51 52 53 54 55 56 57 58 59 60 61 62 63 64 65 66 67 68 69 70 71 72 73 74 75 76 77 78 79 80 81 82 83 84 85 86 87 88 89 90 91 92 93 94 95 96 97 98 99 100 101 102 103 104 105 106 107 108 109 110 111 112 113 114 115 116 117 118 119 120 121 122 123 124 125 126 127 128 129 130 131 132 133 134 135 136 137 138 139 140 141 142 143 144 145 146 147 148 149 150 151 152 153 154 155 156 157 158 159 160 161 162 163 164 165 166 167 168 169 170 171 172 173 174 175 176 177 178 179 180 181 182 183 184 185 186 187 188 189 190 191 192 193 194 195 196 197 198 199 200 1 2 3 4 5 6 7 8 9 10 11 12 13 14 15 16 17 18 19 20 21 22 23 24 25 26 27 28 29 30 31 32 33 34 35 36 37 38 39 40 41 42 43 44 45 46 47 48 49 50 51 52 53 54 55 56 57 58 59 60 61 62 63 64 65 66 67 68 69 70 71 72 73 74 75 76 77 78 79 80 81 82 83 84 85 86 87 88 89 90 91 92 93 94 95 96 97 98 99 100 101 102 103 104 105 106 107 108 109 110 111 112 113 114 115 116 117 118 119 120 121 122 123 124 125 126 127 128 129 130 131 132 133 134 135 136 137 138 139 140 141 142 143 144 145 146 147 148 149 150 151 152 153 154 155 156 157 158 159 160 161 162 163 164 165 166 167 168 169 170 171 172 173 174 175 176 177 178 179 180 181 182 183 184 185 186 187 188 189 190 191 192 193 194 195 196 197 198 199 200 1 2 3 4 5 6 7 8 9 10 11 12 13 14 15 16 17 18 19 20 21 22 23 24 25 26 27 28 29 30 31 32 33 34 35 36 37 38 39 40 41 42 43 44 45 46 47 48 49 50 51 52 53 54 55 56 57 58 59 60 61 62 63 64 65 66 67 68 69 70 71 72 73 74 75 76 77 78 79 80 81 82 83 84 85 86 87 88 89 90 91 92 93 94 95 96 97 98 99 100 101 102 103 104 105 106 107 108 109 110 111 112 113 114 115 116 117 118 119 120 121 122 123 124 125 126 127 128 129 130 131 132 133 134 135 136 137 138 139 140 141 142 143 144 145 146 147 148 149 150 151 152 153 154 155 156 157 158 159 160 161 162 163 164 165 166 167 168 169 170 171 172 173 174 175 176 177 178 179 180 181 182 183 184 185 186 187 188 189 190 191 192 193 194 195 196 197 198 199 200 1 2 3 4 5 6 7 8 9 10 11 12 13 14 15 16 17 18 19 20 21 22 23 24 25 26 27 28 29 30 31 32 33 34 35 36 37 38 39 40 41 42 43 44 45 46 47 48 49 50 51 52 53 54 55 56 57 58 59 60 61 62 63 64 65 66 67 68 69 70 71 72 73 74 75 76 77 78 79 80 81 82 83 84 85 86 87 88 89 90 91 92 93 94 95 96 97 98 99 100 101 102 103 104 105 106 107 108 109 110 111 112 113 114 115 116 117 118 119 120 121 122 123 124 125 126 127 128 129 130 131 132 133 134 135 136 137 138 139 140 141 142 143 144 145 146 147 148 149 150 151 152 153 154 155 156 157 158 159 160 161 162 163 164 165 166 167 168 169 170 171 172 173 174 175 176 177 178 179 180 181 182 183 184 185 186 187 188 189 190 191 192 193 194 195 196 197 198 199 200 1 2 3 4 5 6 7 8 9 10 11 12 13 14 15 16 17 18 19 20 21 22 23 24 25 26 27 28 29 30 31 32 33 34 35 36 37 38 39 40 41 42 43 44 45 46 47 48 49 50 51 52 53 54 55 56 57 58 59 60 61 62 63 64 65 66 67 68 69 70 71 72 73 74 75 76 77 78 79 80 81 82 83 84 85 86 87 88 89 90 91 92 93 94 95 96 97 98 99 100 101 102 103 104 105 106 107 108 109 110 111 112 113 114 115 116 117 118 119 120 121 122 123 124 125 126 127 128 129 130 131 132 133 134 135 136 137 138 139 140 141 142 143 144 145 146 147 148 149 150 151 152 153 154 155 156 157 158 159 160 161 162 163 164 165 166 167 168 169 170 171 172 173 174 175 176 177 178 179 180 181 182 183 184 185 186 187 188 189 190 191 192 193 194 195 196 197 198 199 200 1 2 3 4 5 6 7 8 9 10 11 12 13 14 15 16 17 18 19 20 21 22 23 24 25 26 27 28 29 30 31 32 33 34 35 36 37 38 39 40 41 42 43 44 45 46 47 48 49 50 51 52 53 54 55 56 57 58 59 60 61 62 63 64 65 66 67 68 69 70 71 72 73 74 75 76 77 78 79 80 81 82 83 84 85 86 87 88 89 90 91 92 93 94 95 96 97 98 99 100 101 102 103 104 105 106 107 108 109 110 111 112 113 114 115 116 117 118 119 120 121 122 123 124 125 126 127 128 129 130 131 132 133 134 135 136 137 138 139 140 141 142 143 144 145 146 147 148 149 150 151 152 153 154 155 156 157 158 159 160 161 162 163 164 165 166 167 168 169 170 171 172 173 174 175 176 177 178 179 180 181 182 183 184 185 186 187 188 189 190 191 192 193 194 195 196 197 198 199 200 1 2 3 4 5 6 7 8 9 10 11 12 13 14 15 16 17 18 19 20 21 22 23 24 25 26 27 28 29 30 31 32 33 34 35 36 37 38 39 40 41 42 43 44 45 46 47 48 49 50 51 52 53 54 55 56 57 58 59 60 61 62 63 64 65 66 67 68 69 70 71 72 73 74 75 76 77 78 79 80 81 82 83 84 85 86 87 88 89 90 91 92 93 94 95 96 97 98 99 100 101 102 103 104 105 106 107 108 109 110 111 112 113 114 115 116 117 118 119 120 121 122 123 124 125 126 127 128 129 130 131 132 133 134 135 136 137 138 139 140 141 142 143 144 145 146 147 148 149 150 151 152 153 154 155 156 157 158 159 160 161 162 163 164 165 166 167 168 169 170 171 172 173 174 175 176 177 178 179 180 181 182 183 184 185 186 187 188 189 190 191 192 193 194 195 196 197 198 199 200 1 2 3 4 5 6 7 8 9 10 11 12 13 14 15 16 17 18 19 20 21 22 23 24 25 26 27 28 29 30 31 32 33 34 35 36 37 38 39 40 41 42 43 44 45 46 47 48 49 50 51 52 53 54 55 56 57 58 59 60 61 62 63 64 65 66 67 68 69 70 71 72 73 74 75 76 77 78 79 80 81 82 83 84 85 86 87 88 89 90 91 92 93 94 95 96 97 98 99 100 101 102 103 104 105 106 107 108 109 110 111 112 113 114 115 116 117 118 119 120 121 122 123 124 125 126 127 128 129 130 131 132 133 134 135 136 137 138 139 140 141 142 143 144 145 146 147 148 149 150 151 152 153 154 155 156 157 158 159 160 161 162 163 164 165 166 167 168 169 170 171 172 173 174 175 176 177 178 179 180 181 182 183 184 185 186 187 188 189 190 191 192 193 194 195 196 197 198 199 200 1 2 3 4 5 6 7 8 9 10 11 12 13 14 15 16 17 18 19 20 21 22 23 24 25 26 27 28 29 30 31 32 33 34 35 36 37 38 39 40 41 42 43 44 45 46 47 48 49 50 51 52 53 54 55 56 57 58 59 60 61 62 63 64 65 66 67 68 69 70 71 72 73 74 75 76 77 78 79 80 81 82 83 84 85 86 87 88 89 90 91 92 93 94 95 96 97 98 99 100 101 102 103 104 105 106 107 108 109 110 111 112 113 114 115 116 117 118 119 120 121 122 123 124 125 126 127 128 129 130 131 132 133 134 135 136 137 138 139 140 141 142 143 144 145 146 147 148 149 150 151 152 153 154 155 156 157 158 159 160 161 162 163 164 165 166 167 168 169 170 171 172 173 174 175 176 177 178 179 180 181 182 183 184 185 186 187 188 189 190 191 192 193 194 195 196 197 198 199 200 1 2 3 4 5 6 7 8 9 10 11 12 13 14 15 16 17 18 19 20 21 22 23 24 25 26 27 28 29 30 31 32 33 34 35 36 37 38 39 40 41 42 43 44 45 46 47 48 49 50 51 52 53 54 55 56 57 58 59 60 61 62 63 64 65 66 67 68 69 70 71 72 73 74 75 76 77 78 79 80 81 82 83 84 85 86 87 88 89 90 91 92 93 94 95 96 97 98 99 100 101 102 103 104 105 106 107 108 109 110 111 112 113 114 115 116 117 118 119 120 121 122 123 124 125 126 127 128 129 130 131 132 133 134 135 136 137 138 139 140 141 142 143 144 145 146 147 148 149 150 151 152 153 154 155 156 157 158 159 160 161 162 163 164 165 166 167 168 169 170 171 172 173 174 175 176 177 178 179 180 181 182 183 184 185 186 187 188 189 190 191 192 193 194 195 196 197 198 199 200 1 2 3 4 5 6 7 8 9 10 11 12 13 14 15 16 17 18 19 20 21 22 23 24 25 26 27 28 29 30 31 32 33 34 35 36 37 38 39 40 41 42 43 44 45 46 47 48 49 50 51 52 53 54 55 56 57 58 59 60 61 62 63 64 65 66 67 68 69 70 71 72 73 74 75 76 77 78 79 80 81 82 83 84 85 86 87 88 89 90 91 92 93 94 95 96 97 98 99 100 101 102 103 104 105 106 107 108 109 110 111 112 113 114 115 116 117 118 119 120 121 122 123 124 125 126 127 128 129 130 131 132 133 134 135 136 137 138 139 140 141 142 143 144 145 146 147 148 149 150 151 152 153 154 155 156 157 158 159 160 161 162 163 164 165 166 167 168 169 170 171 172 173 174 175 176 177 178 179 180 181 182 183 184 185 186 187 188 189 190 191 192 193 194 195 196 197 198 199 200 1 2 3 4 5 6 7 8 9 10 11 12 13 14 15 16 17 18 19 20 21 22 23 24 25 26 27 28 29 30 31 32 33 34 35 36 37 38 39 40 41 42 43 44 45 46 47 48 49 50 51 52 53 54 55 56 57 58 59 60 61 62 63 64 65 66 67 68 69 70 71 72 73 74 75 76 77 78 79 80 81 82 83 84 85 86 87 88 89 90 91 92 93 94 95 96 97 98 99 100 101 102 103 104 105 106 107 108 109 110 111 112 113 114 115 116 117 118 119 120 121 122 123 124 125 126 127 128 129 130 131 132 133 134 135 136 137 138 139 140 141 142 143 144 145 146 147 148 149 150 151 152 153 154 155 156 157 158 159 160 161 162 163 164 165 166 167 168 169 170 171 172 173 174 175 176 177 178 179 180 181 182 183 184 185 186 187 188 189 190 191 192 193 194 195 196 197 198 199 200 1 2 3 4 5 6 7 8 9 10 11 12 13 14 15 16 17 18 19 20 21 22 23 24 25 26 27 28 29 30 31 32 33 34 35 36 37 38 39 40 41 42 43 44 45 46 47 48 49 50 51 52 53 54 55 56 57 58 59 60 61 62 63 64 65 66 67 68 69 70 71 72 73 74 75 76 77 78 79 80 81 82 83 84 85 86 87 88 89 90 91 92 93 94 95 96 97 98 99 100 101 102 103 104 105 106 107 108 109 110 111 112 113 114 115 116 117 118 119 120 121 122 123 124 125 126 127 128 129 130 131 132 133 134 135 136 137 138 139 140 141 142 143 144 145 146 147 148 149 150 151 152 153 154 155 156 157 158 159 160 161 162 163 164 165 166 167 168 169 170 171 172 173 174 175 176 177 178 179 180 181 182 183 184 185 186 187 188 189 190 191 192 193 194 195 196 197 198 199 200 1 2 3 4 5 6 7 8 9 10 11 12 13 14 15 16 17 18 19 20 21 22 23 24 25 26 27 28 29 30 31 32 33 34 35 36 37 38 39 40 41 42 43 44 45 46 47 48 49 50 51 52 53 54 55 56 57 58 59 60 61 62 63 64 65 66 67 68 69 70 71 72 73 74 75 76 77 78 79 80 81 82 83 84 85 86 87 88 89 90 91 92 93 94 95 96 97 98 99 100 101 102 103 104 105 106 107 108 109 110 111 112 113 114 115 116 117 118 119 120 121 122 123 124 125 126 127 128 129 130 131 132 133 134 135 136 137 138 139 140 141 142 143 144 145 146 147 148 149 150 151 152 153 154 155 156 157 158 159 160 161 162 163 164 165 166 167 168 169 170 171 172 173 174 175 176 177 178 179 180 181 182 183 184 185 186 187 188 189 190 191 192 193 194 195 196 197 198 199 200 1 2 3 4 5 6 7 8 9 10 11 12 13 14 15 16 17 18 19 20 21 22 23 24 25 26 27 28 29 30 31 32 33 34 35 36 37 38 39 40 41 42 43 44 45 46 47 48 49 50 51 52 53 54 55 56 57 58 59 60 61 62 63 64 65 66 67 68 69 70 71 72 73 74 75 76 77 78 79 80 81 82 83 84 85 86 87 88 89 90 91 92 93 94 95 96 97 98 99 100 101 102 103 104 105 106 107 108 109 110 111 112 113 114 115 116 117 118 119 120 121 122 123 124 125 126 127 128 129 130 131 132 133 134 135 136 137 138 139 140 141 142 143 144 145 146 147 148 149 150 151 152 153 154 155 156 157 158 159 160 161 162 163 164 165 166 167 168 169 170 171 172 173 174 175 176 177 178 179 180 181 182 183 184 185 186 187 188 189 190 191 192 193 194 195 196 197 198 199 200 1 2 3 4 5 6 7 8 9 10 11 12 13 14 15 16 17 18 19 20 21 22 23 24 25 26 27 28 29 30 31 32 33 34 35 36 37 38 39 40 41 42 43 44 45 46 47 48 49 50 51 52 53 54 55 56 57 58 59 60 61 62 63 64 65 66 67 68 69 70 71 72 73 74 75 76 77 78 79 80 81 82 83 84 85 86 87 88 89 90 91 92 93 94 95 96 97 98 99 100 101 102 103 104 105 106 107 108 109 110 111 112 113 114 115 116 117 118 119 120 121 122 123 124 125 126 127 128 129 130 131 132 133 134 135 136 137 138 139 140 141 142 143 144 145 146 147 148 149 150 151 152 153 154 155 156 157 158 159 160 161 162 163 164 165 166 167 168 169 170 171 172 173 174 175 176 177 178 179 180 181 182 183 184 185 186 187 188 189 190 191 192 193 194 195 196 197 198 199 200 1 2 3 4 5 6 7 8 9 10 11 12 13 14 15 16 17 18 19 20 21 22 23 24 25 26 27 28 29 30 31 32 33 34 35 36 37 38 39 40 41 42 43 44 45 46 47 48 49 50 51 52 53 54 55 56 57 58 59 60 61 62 63 64 65 66 67 68 69 70 71 72 73 74 75 76 77 78 79 80 81 82 83 84 85 86 87 88 89 90 91 92 93 94 95 96 97 98 99 100 101 102 103 104 105 106 107 108 109 110 111 112 113 114 115 116 117 118 119 120 121 122 123 124 125 126 127 128 129 130 131 132 133 134 135 136 137 138 139 140 141 142 143 144 145 146 147 148 149 150 151 152 153 154 155 156 157 158 159 160 161 162 163 164 165 166 167 168 169 170 171 172 173 174 175 176 177 178 179 180 181 182 183 184 185 186 187 188 189 190 191 192 193 194 195 196 197 198 199 200 1 2 3 4 5 6 7 8 9 10 11 12 13 14 15 16 17 18 19 20 21 22 23 24 25 26 27 28 29 30 31 32 33 34 35 36 37 38 39 40 41 42 43 44 45 46 47 48 49 50 51 52 53 54 55 56 57 58 59 60 61 62 63 64 65 66 67 68 69 70 71 72 73 74 75 76 77 78 79 80 81 82 83 84 85 86 87 88 89 90 91 92 93 94 95 96 97 98 99 100 101 102 103 104 105 106 107 108 109 110 111 112 113 114 115 116 117 118 119 120 121 122 123 124 125 126 127 128 129 130 131 132 133 134 135 136 137 138 139 140 141 142 143 144 145 146 147 148 149 150 151 152 153 154 155 156 157 158 159 160 161 162 163 164 165 166 167 168 169 170 171 172 173 174 175 176 177 178 179 180 181 182 183 184 185 186 187 188 189 190 191 192 193 194 195 196 197 198 199 200 1 2 3 4 5 6 7 8 9 10 11 12 13 14 15 16 17 18 19 20 21 22 23 24 25 26 27 28 29 30 31 32 33 34 35 36 37 38 39 40 41 42 43 44 45 46 47 48 49 50 51 52 53 54 55 56 57 58 59 60 61 62 63 64 65 66 67 68 69 70 71 72 73 74 75 76 77 78 79 80 81 82 83 84 85 86 87 88 89 90 91 92 93 94 95 96 97 98 99 100 101 102 103 104 105 106 107 108 109 110 111 112 113 114 115 116 117 118 119 120 121 122 123 124 125 126 127 128 129 130 131 132 133 134 135 136 137 138 139 140 141 142 143 144 145 146 147 148 149 150 151 152 153 154 155 156 157 158 159 160 161 162 163 164 165 166 167 168 169 170 171 172 173 174 175 176 177 178 179 180 181 182 183 184 185 186 187 188 189 190 191 192 193 194 195 196 197 198 199 200 1 2 3 4 5 6 7 8 9 10 11 12 13 14 15 16 17 18 19 20 21 22 23 24 25 26 27 28 29 30 31 32 33 34 35 36 37 38 39 40 41 42 43 44 45 46 47 48 49 50 51 52 53 54 55 56 57 58 59 60 61 62 63 64 65 66 67 68 69 70 71 72 73 74 75 76 77 78 79 80 81 82 83 84 85 86 87 88 89 90 91 92 93 94 95 96 97 98 99 100 101 102 103 104 105 106 107 108 109 110 111 112 113 114 115 116 117 118 119 120 121 122 123 124 125 126 127 128 129 130 131 132 133 134 135 136 137 138 139 140 141 142 143 144 145 146 147 148 149 150 151 152 153 154 155 156 157 158 159 160 161 162 163 164 165 166 167 168 169 170 171 172 173 174 175 176 177 178 179 180 181 182 183 184 185 186 187 188 189 190 191 192 193 194 195 196 197 198 199 200 1 2 3 4 5 6 7 8 9 10 11 12 13 14 15 16 17 18 19 20 21 22 23 24 25 26 27 28 29 30 31 32 33 34 35 36 37 38 39 40 41 42 43 44 45 46 47 48 49 50 51 52 53 54 55 56 57 58 59 60 61 62 63 64 65 66 67 68 69 70 71 72 73 74 75 76 77 78 79 80 81 82 83 84 85 86 87 88 89 90 91 92 93 94 95 96 97 98 99 100 101 102 103 104 105 106 107 108 109 110 111 112 113 114 115 116 117 118 119 120 121 122 123 124 125 126 127 128 129 130 131 132 133 134 135 136 137 138 139 140 141 142 143 144 145 146 147 148 149 150 151 152 153 154 155 156 157 158 159 160 161 162 163 164 165 166 167 168 169 170 171 172 173 174 175 176 177 178 179 180 181 182 183 184 185 186 187 188 189 190 191 192 193 194 195 196 197 198 199 200 1 2 3 4 5 6 7 8 9 10 11 12 13 14 15 16 17 18 19 20 21 22 23 24 25 26 27 28 29 30 31 32 33 34 35 36 37 38 39 40 41 42 43 44 45 46 47 48 49 50 51 52 53 54 55 56 57 58 59 60 61 62 63 64 65 66 67 68 69 70 71 72 73 74 75 76 77 78 79 80 81 82 83 84 85 86 87 88 89 90 91 92 93 94 95 96 97 98 99 100 101 102 103 104 105 106 107 108 109 110 111 112 113 114 115 116 117 118 119 120 121 122 123 124 125 126 127 128 129 130 131 132 133 134 135 136 137 138 139 140 141 142 143 144 145 146 147 148 149 150 151 152 153 154 155 156 157 158 159 160 161 162 163 164 165 166 167 168 169 170 171 172 173 174 175 176 177 178 179 180 181 182 183 184 185 186 187 188 189 190 191 192 193 194 195 196 197 198 199 200 1 2 3 4 5 6 7 8 9 10 11 12 13 14 15 16 17 18 19 20 21 22 23 24 25 26 27 28 29 30 31 32 33 34 35 36 37 38 39 40 41 42 43 44 45 46 47 48 49 50 51 52 53 54 55 56 57 58 59 60 61 62 63 64 65 66 67 68 69 70 71 72 73 74 75 76 77 78 79 80 81 82 83 84 85 86 87 88 89 90 91 92 93 94 95 96 97 98 99 100 101 102 103 104 105 106 107 108 109 110 111 112 113 114 115 116 117 118 119 120 121 122 123 124 125 126 127 128 129 130 131 132 133 134 135 136 137 138 139 140 141 142 143 144 145 146 147 148 149 150 151 152 153 154 155 156 157 158 159 160 161 162 163 164 165 166 167 168 169 170 171 172 173 174 175 176 177 178 179 180 181 182 183 184 185 186 187 188 189 190 191 192 193 194 195 196 197 198 199 200 1 2 3 4 5 6 7 8 9 10 11 12 13 14 15 16 17 18 19 20 21 22 23 24 25 26 27 28 29 30 31 32 33 34 35 36 37 38 39 40 41 42 43 44 45 46 47 48 49 50 51 52 53 54 55 56 57 58 59 60 61 62 63 64 65 66 67 68 69 70 71 72 73 74 75 76 77 78 79 80 81 82 83 84 85 86 87 88 89 90 91 92 93 94 95 96 97 98 99 100 101 102 103 104 105 106 107 108 109 110 111 112 113 114 115 116 117 118 119 120 121 122 123 124 125 126 127 128 129 130 131 132 133 134 135 136 137 138 139 140 141 142 143 144 145 146 147 148 149 150 151 152 153 154 155 156 157 158 159 160 161 162 163 164 165 166 167 168 169 170 171 172 173 174 175 176 177 178 179 180 181 182 183 184 185 186 187 188 189 190 191 192 193 194 195 196 197 198 199 200 1 2 3 4 5 6 7 8 9 10 11 12 13 14 15 16 17 18 19 20 21 22 23 24 25 26 27 28 29 30 31 32 33 34 35 36 37 38 39 40 41 42 43 44 45 46 47 48 49 50 51 52 53 54 55 56 57 58 59 60 61 62 63 64 65 66 67 68 69 70 71 72 73 74 75 76 77 78 79 80 81 82 83 84 85 86 87 88 89 90 91 92 93 94 95 96 97 98 99 100 101 102 103 104 105 106 107 108 109 110 111 112 113 114 115 116 117 118 119 120 121 122 123 124 125 126 127 128 129 130 131 132 133 134 135 136 137 138 139 140 141 142 143 144 145 146 147 148 149 150 151 152 153 154 155 156 157 158 159 160 161 162 163 164 165 166 167 168 169 170 171 172 173 174 175 176 177 178 179 180 181 182 183 184 185 186 187 188 189 190 191 192 193 194 195 196 197 198 199 200 1 2 3 4 5 6 7 8 9 10 11 12 13 14 15 16 17 18 19 20 21 22 23 24 25 26 27 28 29 30 31 32 33 34 35 36 37 38 39 40 41 42 43 44 45 46 47 48 49 50 51 52 53 54 55 56 57 58 59 60 61 62 63 64 65 66 67 68 69 70 71 72 73 74 75 76 77 78 79 80 81 82 83 84 85 86 87 88 89 90 91 92 93 94 95 96 97 98 99 100 101 102 103 104 105 106 107 108 109 110 111 112 113 114 115 116 117 118 119 120 121 122 123 124 125 126 127 128 129 130 131 132 133 134 135 136 137 138 139 140 141 142 143 144 145 146 147 148 149 150 151 152 153 154 155 156 157 158 159 160 161 162 163 164 165 166 167 168 169 170 171 172 173 174 175 176 177 178 179 180 181 182 183 184 185 186 187 188 189 190 191 192 193 194 195 196 197 198 199 200 1 2 3 4 5 6 7 8 9 10 11 12 13 14 15 16 17 18 19 20 21 22 23 24 25 26 27 28 29 30 31 32 33 34 35 36 37 38 39 40 41 42 43 44 45 46 47 48 49 50 51 52 53 54 55 56 57 58 59 60 61 62 63 64 65 66 67 68 69 70 71 72 73 74 75 76 77 78 79 80 81 82 83 84 85 86 87 88 89 90 91 92 93 94 95 96 97 98 99 100 101 102 103 104 105 106 107 108 109 110 111 112 113 114 115 116 117 118 119 120 121 122 123 124 125 126 127 128 129 130 131 132 133 134 135 136 137 138 139 140 141 142 143 144 145 146 147 148 149 150 151 152 153 154 155 156 157 158 159 160 161 162 163 164 165 166 167 168 169 170 171 172 173 174 175 176 177 178 179 180 181 182 183 184 185 186 187 188 189 190 191 192 193 194 195 196 197 198 199 200 1 2 3 4 5 6 7 8 9 10 11 12 13 14 15 16 17 18 19 20 21 22 23 24 25 26 27 28 29 30 31 32 33 34 35 36 37 38 39 40 41 42 43 44 45 46 47 48 49 50 51 52 53 54 55 56 57 58 59 60 61 62 63 64 65 66 67 68 69 70 71 72 73 74 75 76 77 78 79 80 81 82 83 84 85 86 87 88 89 90 91 92 93 94 95 96 97 98 99 100 101 102 103 104 105 106 107 108 109 110 111 112 113 114 115 116 117 118 119 120 121 122 123 124 125 126 127 128 129 130 131 132 133 134 135 136 137 138 139 140 141 142 143 144 145 146 147 148 149 150 151 152 153 154 155 156 157 158 159 160 161 162 163 164 165 166 167 168 169 170 171 172 173 174 175 176 177 178 179 180 181 182 183 184 185 186 187 188 189 190 191 192 193 194 195 196 197 198 199 200 1 2 3 4 5 6 7 8 9 10 11 12 13 14 15 16 17 18 19 20 21 22 23 24 25 26 27 28 29 30 31 32 33 34 35 36 37 38 39 40 41 42 43 44 45 46 47 48 49 50 51 52 53 54 55 56 57 58 59 60 61 62 63 64 65 66 67 68 69 70 71 72 73 74 75 76 77 78 79 80 81 82 83 84 85 86 87 88 89 90 91 92 93 94 95 96 97 98 99 100 101 102 103 104 105 106 107 108 109 110 111 112 113 114 115 116 117 118 119 120 121 122 123 124 125 126 127 128 129 130 131 132 133 134 135 136 137 138 139 140 141 142 143 144 145 146 147 148 149 150 151 152 153 154 155 156 157 158 159 160 161 162 163 164 165 166 167 168 169 170 171 172 173 174 175 176 177 178 179 180 181 182 183 184 185 186 187 188 189 190 191 192 193 194 195 196 197 198 199 200 1 2 3 4 5 6 7 8 9 10 11 12 13 14 15 16 17 18 19 20 21 22 23 24 25 26 27 28 29 30 31 32 33 34 35 36 37 38 39 40 41 42 43 44 45 46 47 48 49 50 51 52 53 54 55 56 57 58 59 60 61 62 63 64 65 66 67 68 69 70 71 72 73 74 75 76 77 78 79 80 81 82 83 84 85 86 87 88 89 90 91 92 93 94 95 96 97 98 99 100 101 102 103 104 105 106 107 108 109 110 111 112 113 114 115 116 117 118 119 120 121 122 123 124 125 126 127 128 129 130 131 132 133 134 135 136 137 138 139 140 141 142 143 144 145 146 147 148 149 150 151 152 153 154 155 156 157 158 159 160 161 162 163 164 165 166 167 168 169 170 171 172 173 174 175 176 177 178 179 180 181 182 183 184 185 186 187 188 189 190 191 192 193 194 195 196 197 198 199 200 1 2 3 4 5 6 7 8 9 10 11 12 13 14 15 16 17 18 19 20 21 22 23 24 25 26 27 28 29 30 31 32 33 34 35 36 37 38 39 40 41 42 43 44 45 46 47 48 49 50 51 52 53 54 55 56 57 58 59 60 61 62 63 64 65 66 67 68 69 70 71 72 73 74 75 76 77 78 79 80 81 82 83 84 85 86 87 88 89 90 91 92 93 94 95 96 97 98 99 100 101 102 103 104 105 106 107 108 109 110 111 112 113 114 115 116 117 118 119 120 121 122 123 124 125 126 127 128 129 130 131 132 133 134 135 136 137 138 139 140 141 142 143 144 145 146 147 148 149 150 151 152 153 154 155 156 157 158 159 160 161 162 163 164 165 166 167 168 169 170 171 172 173 174 175 176 177 178 179 180 181 182 183 184 185 186 187 188 189 190 191 192 193 194 195 196 197 198 199 200 1 2 3 4 5 6 7 8 9 10 11 12 13 14 15 16 17 18 19 20 21 22 23 24 25 26 27 28 29 30 31 32 33 34 35 36 37 38 39 40 41 42 43 44 45 46 47 48 49 50 51 52 53 54 55 56 57 58 59 60 61 62 63 64 65 66 67 68 69 70 71 72 73 74 75 76 77 78 79 80 81 82 83 84 85 86 87 88 89 90 91 92 93 94 95 96 97 98 99 100 101 102 103 104 105 106 107 108 109 110 111 112 113 114 115 116 117 118 119 120 121 122 123 124 125 126 127 128 129 130 131 132 133 134 135 136 137 138 139 140 141 142 143 144 145 146 147 148 149 150 151 152 153 154 155 156 157 158 159 160 161 162 163 164 165 166 167 168 169 170 171 172 173 174 175 176 177 178 179 180 181 182 183 184 185 186 187 188 189 190 191 192 193 194 195 196 197 198 199 200 1 2 3 4 5 6 7 8 9 10 11 12 13 14 15 16 17 18 19 20 21 22 23 24 25 26 27 28 29 30 31 32 33 34 35 36 37 38 39 40 41 42 43 44 45 46 47 48 49 50 51 52 53 54 55 56 57 58 59 60 61 62 63 64 65 66 67 68 69 70 71 72 73 74 75 76 77 78 79 80 81 82 83 84 85 86 87 88 89 90 91 92 93 94 95 96 97 98 99 100 101 102 103 104 105 106 107 108 109 110 111 112 113 114 115 116 117 118 119 120 121 122 123 124 125 126 127 128 129 130 131 132 133 134 135 136 137 138 139 140 141 142 143 144 145 146 147 148 149 150 151 152 153 154 155 156 157 158 159 160 161 162 163 164 165 166 167 168 169 170 171 172 173 174 175 176 177 178 179 180 181 182 183 184 185 186 187 188 189 190 191 192 193 194 195 196 197 198 199 200 1 2 3 4 5 6 7 8 9 10 11 12 13 14 15 16 17 18 19 20 21 22 23 24 25 26 27 28 29 30 31 32 33 34 35 36 37 38 39 40 41 42 43 44 45 46 47 48 49 50 51 52 53 54 55 56 57 58 59 60 61 62 63 64 65 66 67 68 69 70 71 72 73 74 75 76 77 78 79 80 81 82 83 84 85 86 87 88 89 90 91 92 93 94 95 96 97 98 99 100 101 102 103 104 105 106 107 108 109 110 111 112 113 114 115 116 117 118 119 120 121 122 123 124 125 126 127 128 129 130 131 132 133 134 135 136 137 138 139 140 141 142 143 144 145 146 147 148 149 150 151 152 153 154 155 156 157 158 159 160 161 162 163 164 165 166 167 168 169 170 171 172 173 174 175 176 177 178 179 180 181 182 183 184 185 186 187 188 189 190 191 192 193 194 195 196 197 198 199 200 1 2 3 4 5 6 7 8 9 10 11 12 13 14 15 16 17 18 19 20 21 22 23 24 25 26 27 28 29 30 31 32 33 34 35 36 37 38 39 40 41 42 43 44 45 46 47 48 49 50 51 52 53 54 55 56 57 58 59 60 61 62 63 64 65 66 67 68 69 70 71 72 73 74 75 76 77 78 79 80 81 82 83 84 85 86 87 88 89 90 91 92 93 94 95 96 97 98 99 100 101 102 103 104 105 106 107 108 109 110 111 112 113 114 115 116 117 118 119 120 121 122 123 124 125 126 127 128 129 130 131 132 133 134 135 136 137 138 139 140 141 142 143 144 145 146 147 148 149 150 151 152 153 154 155 156 157 158 159 160 161 162 163 164 165 166 167 168 169 170 171 172 173 174 175 176 177 178 179 180 181 182 183 184 185 186 187 188 189 190 191 192 193 194 195 196 197 198 199 200 1 2 3 4 5 6 7 8 9 10 11 12 13 14 15 16 17 18 19 20 21 22 23 24 25 26 27 28 29 30 31 32 33 34 35 36 37 38 39 40 41 42 43 44 45 46 47 48 49 50 51 52 53 54 55 56 57 58 59 60 61 62 63 64 65 66 67 68 69 70 71 72 73 74 75 76 77 78 79 80 81 82 83 84 85 86 87 88 89 90 91 92 93 94 95 96 97 98 99 100 101 102 103 104 105 106 107 108 109 110 111 112 113 114 115 116 117 118 119 120 121 122 123 124 125 126 127 128 129 130 131 132 133 134 135 136 137 138 139 140 141 142 143 144 145 146 147 148 149 150 151 152 153 154 155 156 157 158 159 160 161 162 163 164 165 166 167 168 169 170 171 172 173 174 175 176 177 178 179 180 181 182 183 184 185 186 187 188 189 190 191 192 193 194 195 196 197 198 199 200 1 2 3 4 5 6 7 8 9 10 11 12 13 14 15 16 17 18 19 20 21 22 23 24 25 26 27 28 29 30 31 32 33 34 35 36 37 38 39 40 41 42 43 44 45 46 47 48 49 50 51 52 53 54 55 56 57 58 59 60 61 62 63 64 65 66 67 68 69 70 71 72 73 74 75 76 77 78 79 80 81 82 83 84 85 86 87 88 89 90 91 92 93 94 95 96 97 98 99 100 101 102 103 104 105 106 107 108 109 110 111 112 113 114 115 116 117 118 119 120 121 122 123 124 125 126 127 128 129 130 131 132 133 134 135 136 137 138 139 140 141 142 143 144 145 146 147 148 149 150 151 152 153 154 155 156 157 158 159 160 161 162 163 164 165 166 167 168 169 170 171 172 173 174 175 176 177 178 179 180 181 182 183 184 185 186 187 188 189 190 191 192 193 194 195 196 197 198 199 200 1 2 3 4 5 6 7 8 9 10 11 12 13 14 15 16 17 18 19 20 21 22 23 24 25 26 27 28 29 30 31 32 33 34 35 36 37 38 39 40 41 42 43 44 45 46 47 48 49 50 51 52 53 54 55 56 57 58 59 60 61 62 63 64 65 66 67 68 69 70 71 72 73 74 75 76 77 78 79 80 81 82 83 84 85 86 87 88 89 90 91 92 93 94 95 96 97 98 99 100 101 102 103 104 105 106 107 108 109 110 111 112 113 114 115 116 117 118 119 120 121 122 123 124 125 126 127 128 129 130 131 132 133 134 135 136 137 138 139 140 141 142 143 144 145 146 147 148 149 150 151 152 153 154 155 156 157 158 159 160 161 162 163 164 165 166 167 168 169 170 171 172 173 174 175 176 177 178 179 180 181 182 183 184 185 186 187 188 189 190 191 192 193 194 195 196 197 198 199 200 1 2 3 4 5 6 7 8 9 10 11 12 13 14 15 16 17 18 19 20 21 22 23 24 25 26 27 28 29 30 31 32 33 34 35 36 37 38 39 40 41 42 43 44 45 46 47 48 49 50 51 52 53 54 55 56 57 58 59 60 61 62 63 64 65 66 67 68 69 70 71 72 73 74 75 76 77 78 79 80 81 82 83 84 85 86 87 88 89 90 91 92 93 94 95 96 97 98 99 100 101 102 103 104 105 106 107 108 109 110 111 112 113 114 115 116 117 118 119 120 121 122 123 124 125 126 127 128 129 130 131 132 133 134 135 136 137 138 139 140 141 142 143 144 145 146 147 148 149 150 151 152 153 154 155 156 157 158 159 160 161 162 163 164 165 166 167 168 169 170 171 172 173 174 175 176 177 178 179 180 181 182 183 184 185 186 187 188 189 190 191 192 193 194 195 196 197 198 199 200 1 2 3 4 5 6 7 8 9 10 11 12 13 14 15 16 17 18 19 20 21 22 23 24 25 26 27 28 29 30 31 32 33 34 35 36 37 38 39 40 41 42 43 44 45 46 47 48 49 50 51 52 53 54 55 56 57 58 59 60 61 62 63 64 65 66 67 68 69 70 71 72 73 74 75 76 77 78 79 80 81 82 83 84 85 86 87 88 89 90 91 92 93 94 95 96 97 98 99 100 101 102 103 104 105 106 107 108 109 110 111 112 113 114 115 116 117 118 119 120 121 122 123 124 125 126 127 128 129 130 131 132 133 134 135 136 137 138 139 140 141 142 143 144 145 146 147 148 149 150 151 152 153 154 155 156 157 158 159 160 161 162 163 164 165 166 167 168 169 170 171 172 173 174 175 176 177 178 179 180 181 182 183 184 185 186 187 188 189 190 191 192 193 194 195 196 197 198 199 200 1 2 3 4 5 6 7 8 9 10 11 12 13 14 15 16 17 18 19 20 21 22 23 24 25 26 27 28 29 30 31 32 33 34 35 36 37 38 39 40 41 42 43 44 45 46 47 48 49 50 51 52 53 54 55 56 57 58 59 60 61 62 63 64 65 66 67 68 69 70 71 72 73 74 75 76 77 78 79 80 81 82 83 84 85 86 87 88 89 90 91 92 93 94 95 96 97 98 99 100 101 102 103 104 105 106 107 108 109 110 111 112 113 114 115 116 117 118 119 120 121 122 123 124 125 126 127 128 129 130 131 132 133 134 135 136 137 138 139 140 141 142 143 144 145 146 147 148 149 150 151 152 153 154 155 156 157 158 159 160 161 162 163 164 165 166 167 168 169 170 171 172 173 174 175 176 177 178 179 180 181 182 183 184 185 186 187 188 189 190 191 192 193 194 195 196 197 198 199 200 1 2 3 4 5 6 7 8 9 10 11 12 13 14 15 16 17 18 19 20 21 22 23 24 25 26 27 28 29 30 31 32 33 34 35 36 37 38 39 40 41 42 43 44 45 46 47 48 49 50 51 52 53 54 55 56 57 58 59 60 61 62 63 64 65 66 67 68 69 70 71 72 73 74 75 76 77 78 79 80 81 82 83 84 85 86 87 88 89 90 91 92 93 94 95 96 97 98 99 100 101 102 103 104 105 106 107 108 109 110 111 112 113 114 115 116 117 118 119 120 121 122 123 124 125 126 127 128 129 130 131 132 133 134 135 136 137 138 139 140 141 142 143 144 145 146 147 148 149 150 151 152 153 154 155 156 157 158 159 160 161 162 163 164 165 166 167 168 169 170 171 172 173 174 175 176 177 178 179 180 181 182 183 184 185 186 187 188 189 190 191 192 193 194 195 196 197 198 199 200 1 2 3 4 5 6 7 8 9 10 11 12 13 14 15 16 17 18 19 20 21 22 23 24 25 26 27 28 29 30 31 32 33 34 35 36 37 38 39 40 41 42 43 44 45 46 47 48 49 50 51 52 53 54 55 56 57 58 59 60 61 62 63 64 65 66 67 68 69 70 71 72 73 74 75 76 77 78 79 80 81 82 83 84 85 86 87 88 89 90 91 92 93 94 95 96 97 98 99 100 101 102 103 104 105 106 107 108 109 110 111 112 113 114 115 116 117 118 119 120 121 122 123 124 125 126 127 128 129 130 131 132 133 134 135 136 137 138 139 140 141 142 143 144 145 146 147 148 149 150 151 152 153 154 155 156 157 158 159 160 161 162 163 164 165 166 167 168 169 170 171 172 173 174 175 176 177 178 179 180 181 182 183 184 185 186 187 188 189 190 191 192 193 194 195 196 197 198 199 200 1 2 3 4 5 6 7 8 9 10 11 12 13 14 15 16 17 18 19 20 21 22 23 24 25 26 27 28 29 30 31 32 33 34 35 36 37 38 39 40 41 42 43 44 45 46 47 48 49 50 51 52 53 54 55 56 57 58 59 60 61 62 63 64 65 66 67 68 69 70 71 72 73 74 75 76 77 78 79 80 81 82 83 84 85 86 87 88 89 90 91 92 93 94 95 96 97 98 99 100 101 102 103 104 105 106 107 108 109 110 111 112 113 114 115 116 117 118 119 120 121 122 123 124 125 126 127 128 129 130 131 132 133 134 135 136 137 138 139 140 141 142 143 144 145 146 147 148 149 150 151 152 153 154 155 156 157 158 159 160 161 162 163 164 165 166 167 168 169 170 171 172 173 174 175 176 177 178 179 180 181 182 183 184 185 186 187 188 189 190 191 192 193 194 195 196 197 198 199 200 1 2 3 4 5 6 7 8 9 10 11 12 13 14 15 16 17 18 19 20 21 22 23 24 25 26 27 28 29 30 31 32 33 34 35 36 37 38 39 40 41 42 43 44 45 46 47 48 49 50 51 52 53 54 55 56 57 58 59 60 61 62 63 64 65 66 67 68 69 70 71 72 73 74 75 76 77 78 79 80 81 82 83 84 85 86 87 88 89 90 91 92 93 94 95 96 97 98 99 100 101 102 103 104 105 106 107 108 109 110 111 112 113 114 115 116 117 118 119 120 121 122 123 124 125 126 127 128 129 130 131 132 133 134 135 136 137 138 139 140 141 142 143 144 145 146 147 148 149 150 151 152 153 154 155 156 157 158 159 160 161 162 163 164 165 166 167 168 169 170 171 172 173 174 175 176 177 178 179 180 181 182 183 184 185 186 187 188 189 190 191 192 193 194 195 196 197 198 199 200 1 2 3 4 5 6 7 8 9 10 11 12 13 14 15 16 17 18 19 20 21 22 23 24 25 26 27 28 29 30 31 32 33 34 35 36 37 38 39 40 41 42 43 44 45 46 47 48 49 50 51 52 53 54 55 56 57 58 59 60 61 62 63 64 65 66 67 68 69 70 71 72 73 74 75 76 77 78 79 80 81 82 83 84 85 86 87 88 89 90 91 92 93 94 95 96 97 98 99 100 101 102 103 104 105 106 107 108 109 110 111 112 113 114 115 116 117 118 119 120 121 122 123 124 125 126 127 128 129 130 131 132 133 134 135 136 137 138 139 140 141 142 143 144 145 146 147 148 149 150 151 152 153 154 155 156 157 158 159 160 161 162 163 164 165 166 167 168 169 170 171 172 173 174 175 176 177 178 179 180 181 182 183 184 185 186 187 188 189 190 191 192 193 194 195 196 197 198 199 200 1 2 3 4 5 6 7 8 9 10 11 12 13 14 15 16 17 18 19 20 21 22 23 24 25 26 27 28 29 30 31 32 33 34 35 36 37 38 39 40 41 42 43 44 45 46 47 48 49 50 51 52 53 54 55 56 57 58 59 60 61 62 63 64 65 66 67 68 69 70 71 72 73 74 75 76 77 78 79 80 81 82 83 84 85 86 87 88 89 90 91 92 93 94 95 96 97 98 99 100 101 102 103 104 105 106 107 108 109 110 111 112 113 114 115 116 117 118 119 120 121 122 123 124 125 126 127 128 129 130 131 132 133 134 135 136 137 138 139 140 141 142 143 144 145 146 147 148 149 150 151 152 153 154 155 156 157 158 159 160 161 162 163 164 165 166 167 168 169 170 171 172 173 174 175 176 177 178 179 180 181 182 183 184 185 186 187 188 189 190 191 192 193 194 195 196 197 198 199 200 1 2 3 4 5 6 7 8 9 10 11 12 13 14 15 16 17 18 19 20 21 22 23 24 25 26 27 28 29 30 31 32 33 34 35 36 37 38 39 40 41 42 43 44 45 46 47 48 49 50 51 52 53 54 55 56 57 58 59 60 61 62 63 64 65 66 67 68 69 70 71 72 73 74 75 76 77 78 79 80 81 82 83 84 85 86 87 88 89 90 91 92 93 94 95 96 97 98 99 100 101 102 103 104 105 106 107 108 109 110 111 112 113 114 115 116 117 118 119 120 121 122 123 124 125 126 127 128 129 130 131 132 133 134 135 136 137 138 139 140 141 142 143 144 145 146 147 148 149 150 151 152 153 154 155 156 157 158 159 160 161 162 163 164 165 166 167 168 169 170 171 172 173 174 175 176 177 178 179 180 181 182 183 184 185 186 187 188 189 190 191 192 193 194 195 196 197 198 199 200 1 2 3 4 5 6 7 8 9 10 11 12 13 14 15 16 17 18 19 20 21 22 23 24 25 26 27 28 29 30 31 32 33 34 35 36 37 38 39 40 41 42 43 44 45 46 47 48 49 50 51 52 53 54 55 56 57 58 59 60 61 62 63 64 65 66 67 68 69 70 71 72 73 74 75 76 77 78 79 80 81 82 83 84 85 86 87 88 89 90 91 92 93 94 95 96 97 98 99 100 101 102 103 104 105 106 107 108 109 110 111 112 113 114 115 116 117 118 119 120 121 122 123 124 125 126 127 128 129 130 131 132 133 134 135 136 137 138 139 140 141 142 143 144 145 146 147 148 149 150 151 152 153 154 155 156 157 158 159 160 161 162 163 164 165 166 167 168 169 170 171 172 173 174 175 176 177 178 179 180 181 182 183 184 185 186 187 188 189 190 191 192 193 194 195 196 197 198 199 200 1 2 3 4 5 6 7 8 9 10 11 12 13 14 15 16 17 18 19 20 21 22 23 24 25 26 27 28 29 30 31 32 33 34 35 36 37 38 39 40 41 42 43 44 45 46 47 48 49 50 51 52 53 54 55 56 57 58 59 60 61 62 63 64 65 66 67 68 69 70 71 72 73 74 75 76 77 78 79 80 81 82 83 84 85 86 87 88 89 90 91 92 93 94 95 96 97 98 99 100 101 102 103 104 105 106 107 108 109 110 111 112 113 114 115 116 117 118 119 120 121 122 123 124 125 126 127 128 129 130 131 132 133 134 135 136 137 138 139 140 141 142 143 144 145 146 147 148 149 150 151 152 153 154 155 156 157 158 159 160 161 162 163 164 165 166 167 168 169 170 171 172 173 174 175 176 177 178 179 180 181 182 183 184 185 186 187 188 189 190 191 192 193 194 195 196 197 198 199 200 1 2 3 4 5 6 7 8 9 10 11 12 13 14 15 16 17 18 19 20 21 22 23 24 25 26 27 28 29 30 31 32 33 34 35 36 37 38 39 40 41 42 43 44 45 46 47 48 49 50 51 52 53 54 55 56 57 58 59 60 61 62 63 64 65 66 67 68 69 70 71 72 73 74 75 76 77 78 79 80 81 82 83 84 85 86 87 88 89 90 91 92 93 94 95 96 97 98 99 100 101 102 103 104 105 106 107 108 109 110 111 112 113 114 115 116 117 118 119 120 121 122 123 124 125 126 127 128 129 130 131 132 133 134 135 136 137 138 139 140 141 142 143 144 145 146 147 148 149 150 151 152 153 154 155 156 157 158 159 160 161 162 163 164 165 166 167 168 169 170 171 172 173 174 175 176 177 178 179 180 181 182 183 184 185 186 187 188 189 190 191 192 193 194 195 196 197 198 199 200 1 2 3 4 5 6 7 8 9 10 11 12 13 14 15 16 17 18 19 20 21 22 23 24 25 26 27 28 29 30 31 32 33 34 35 36 37 38 39 40 41 42 43 44 45 46 47 48 49 50 51 52 53 54 55 56 57 58 59 60 61 62 63 64 65 66 67 68 69 70 71 72 73 74 75 76 77 78 79 80 81 82 83 84 85 86 87 88 89 90 91 92 93 94 95 96 97 98 99 100 101 102 103 104 105 106 107 108 109 110 111 112 113 114 115 116 117 118 119 120 121 122 123 124 125 126 127 128 129 130 131 132 133 134 135 136 137 138 139 140 141 142 143 144 145 146 147 148 149 150 151 152 153 154 155 156 157 158 159 160 161 162 163 164 165 166 167 168 169 170 171 172 173 174 175 176 177 178 179 180 181 182 183 184 185 186 187 188 189 190 191 192 193 194 195 196 197 198 199 200 1 2 3 4 5 6 7 8 9 10 11 12 13 14 15 16 17 18 19 20 21 22 23 24 25 26 27 28 29 30 31 32 33 34 35 36 37 38 39 40 41 42 43 44 45 46 47 48 49 50 51 52 53 54 55 56 57 58 59 60 61 62 63 64 65 66 67 68 69 70 71 72 73 74 75 76 77 78 79 80 81 82 83 84 85 86 87 88 89 90 91 92 93 94 95 96 97 98 99 100 101 102 103 104 105 106 107 108 109 110 111 112 113 114 115 116 117 118 119 120 121 122 123 124 125 126 127 128 129 130 131 132 133 134 135 136 137 138 139 140 141 142 143 144 145 146 147 148 149 150 151 152 153 154 155 156 157 158 159 160 161 162 163 164 165 166 167 168 169 170 171 172 173 174 175 176 177 178 179 180 181 182 183 184 185 186 187 188 189 190 191 192 193 194 195 196 197 198 199 200 1 2 3 4 5 6 7 8 9 10 11 12 13 14 15 16 17 18 19 20 21 22 23 24 25 26 27 28 29 30 31 32 33 34 35 36 37 38 39 40 41 42 43 44 45 46 47 48 49 50 51 52 53 54 55 56 57 58 59 60 61 62 63 64 65 66 67 68 69 70 71 72 73 74 75 76 77 78 79 80 81 82 83 84 85 86 87 88 89 90 91 92 93 94 95 96 97 98 99 100 101 102 103 104 105 106 107 108 109 110 111 112 113 114 115 116 117 118 119 120 121 122 123 124 125 126 127 128 129 130 131 132 133 134 135 136 137 138 139 140 141 142 143 144 145 146 147 148 149 150 151 152 153 154 155 156 157 158 159 160 161 162 163 164 165 166 167 168 169 170 171 172 173 174 175 176 177 178 179 180 181 182 183 184 185 186 187 188 189 190 191 192 193 194 195 196 197 198 199 200 1 2 3 4 5 6 7 8 9 10 11 12 13 14 15 16 17 18 19 20 21 22 23 24 25 26 27 28 29 30 31 32 33 34 35 36 37 38 39 40 41 42 43 44 45 46 47 48 49 50 51 52 53 54 55 56 57 58 59 60 61 62 63 64 65 66 67 68 69 70 71 72 73 74 75 76 77 78 79 80 81 82 83 84 85 86 87 88 89 90 91 92 93 94 95 96 97 98 99 100 101 102 103 104 105 106 107 108 109 110 111 112 113 114 115 116 117 118 119 120 121 122 123 124 125 126 127 128 129 130 131 132 133 134 135 136 137 138 139 140 141 142 143 144 145 146 147 148 149 150 151 152 153 154 155 156 157 158 159 160 161 162 163 164 165 166 167 168 169 170 171 172 173 174 175 176 177 178 179 180 181 182 183 184 185 186 187 188 189 190 191 192 193 194 195 196 197 198 199 200 1 2 3 4 5 6 7 8 9 10 11 12 13 14 15 16 17 18 19 20 21 22 23 24 25 26 27 28 29 30 31 32 33 34 35 36 37 38 39 40 41 42 43 44 45 46 47 48 49 50 51 52 53 54 55 56 57 58 59 60 61 62 63 64 65 66 67 68 69 70 71 72 73 74 75 76 77 78 79 80 81 82 83 84 85 86 87 88 89 90 91 92 93 94 95 96 97 98 99 100 101 102 103 104 105 106 107 108 109 110 111 112 113 114 115 116 117 118 119 120 121 122 123 124 125 126 127 128 129 130 131 132 133 134 135 136 137 138 139 140 141 142 143 144 145 146 147 148 149 150 151 152 153 154 155 156 157 158 159 160 161 162 163 164 165 166 167 168 169 170 171 172 173 174 175 176 177 178 179 180 181 182 183 184 185 186 187 188 189 190 191 192 193 194 195 196 197 198 199 200 1 2 3 4 5 6 7 8 9 10 11 12 13 14 15 16 17 18 19 20 21 22 23 24 25 26 27 28 29 30 31 32 33 34 35 36 37 38 39 40 41 42 43 44 45 46 47 48 49 50 51 52 53 54 55 56 57 58 59 60 61 62 63 64 65 66 67 68 69 70 71 72 73 74 75 76 77 78 79 80 81 82 83 84 85 86 87 88 89 90 91 92 93 94 95 96 97 98 99 100 101 102 103 104 105 106 107 108 109 110 111 112 113 114 115 116 117 118 119 120 121 122 123 124 125 126 127 128 129 130 131 132 133 134 135 136 137 138 139 140 141 142 143 144 145 146 147 148 149 150 151 152 153 154 155 156 157 158 159 160 161 162 163 164 165 166 167 168 169 170 171 172 173 174 175 176 177 178 179 180 181 182 183 184 185 186 187 188 189 190 191 192 193 194 195 196 197 198 199 200 1 2 3 4 5 6 7 8 9 10 11 12 13 14 15 16 17 18 19 20 21 22 23 24 25 26 27 28 29 30 31 32 33 34 35 36 37 38 39 40 41 42 43 44 45 46 47 48 49 50 51 52 53 54 55 56 57 58 59 60 61 62 63 64 65 66 67 68 69 70 71 72 73 74 75 76 77 78 79 80 81 82 83 84 85 86 87 88 89 90 91 92 93 94 95 96 97 98 99 100 101 102 103 104 105 106 107 108 109 110 111 112 113 114 115 116 117 118 119 120 121 122 123 124 125 126 127 128 129 130 131 132 133 134 135 136 137 138 139 140 141 142 143 144 145 146 147 148 149 150 151 152 153 154 155 156 157 158 159 160 161 162 163 164 165 166 167 168 169 170 171 172 173 174 175 176 177 178 179 180 181 182 183 184 185 186 187 188 189 190 191 192 193 194 195 196 197 198 199 200 1 2 3 4 5 6 7 8 9 10 11 12 13 14 15 16 17 18 19 20 21 22 23 24 25 26 27 28 29 30 31 32 33 34 35 36 37 38 39 40 41 42 43 44 45 46 47 48 49 50 51 52 53 54 55 56 57 58 59 60 61 62 63 64 65 66 67 68 69 70 71 72 73 74 75 76 77 78 79 80 81 82 83 84 85 86 87 88 89 90 91 92 93 94 95 96 97 98 99 100 101 102 103 104 105 106 107 108 109 110 111 112 113 114 115 116 117 118 119 120 121 122 123 124 125 126 127 128 129 130 131 132 133 134 135 136 137 138 139 140 141 142 143 144 145 146 147 148 149 150 151 152 153 154 155 156 157 158 159 160 161 162 163 164 165 166 167 168 169 170 171 172 173 174 175 176 177 178 179 180 181 182 183 184 185 186 187 188 189 190 191 192 193 194 195 196 197 198 199 200 1 2 3 4 5 6 7 8 9 10 11 12 13 14 15 16 17 18 19 20 21 22 23 24 25 26 27 28 29 30 31 32 33 34 35 36 37 38 39 40 41 42 43 44 45 46 47 48 49 50 51 52 53 54 55 56 57 58 59 60 61 62 63 64 65 66 67 68 69 70 71 72 73 74 75 76 77 78 79 80 81 82 83 84 85 86 87 88 89 90 91 92 93 94 95 96 97 98 99 100 101 102 103 104 105 106 107 108 109 110 111 112 113 114 115 116 117 118 119 120 121 122 123 124 125 126 127 128 129 130 131 132 133 134 135 136 137 138 139 140 141 142 143 144 145 146 147 148 149 150 151 152 153 154 155 156 157 158 159 160 161 162 163 164 165 166 167 168 169 170 171 172 173 174 175 176 177 178 179 180 181 182 183 184 185 186 187 188 189 190 191 192 193 194 195 196 197 198 199 200 1 2 3 4 5 6 7 8 9 10 11 12 13 14 15 16 17 18 19 20 21 22 23 24 25 26 27 28 29 30 31 32 33 34 35 36 37 38 39 40 41 42 43 44 45 46 47 48 49 50 51 52 53 54 55 56 57 58 59 60 61 62 63 64 65 66 67 68 69 70 71 72 73 74 75 76 77 78 79 80 81 82 83 84 85 86 87 88 89 90 91 92 93 94 95 96 97 98 99 100 101 102 103 104 105 106 107 108 109 110 111 112 113 114 115 116 117 118 119 120 121 122 123 124 125 126 127 128 129 130 131 132 133 134 135 136 137 138 139 140 141 142 143 144 145 146 147 148 149 150 151 152 153 154 155 156 157 158 159 160 161 162 163 164 165 166 167 168 169 170 171 172 173 174 175 176 177 178 179 180 181 182 183 184 185 186 187 188 189 190 191 192 193 194 195 196 197 198 199 200 1 2 3 4 5 6 7 8 9 10 11 12 13 14 15 16 17 18 19 20 21 22 23 24 25 26 27 28 29 30 31 32 33 34 35 36 37 38 39 40 41 42 43 44 45 46 47 48 49 50 51 52 53 54 55 56 57 58 59 60 61 62 63 64 65 66 67 68 69 70 71 72 73 74 75 76 77 78 79 80 81 82 83 84 85 86 87 88 89 90 91 92 93 94 95 96 97 98 99 100 101 102 103 104 105 106 107 108 109 110 111 112 113 114 115 116 117 118 119 120 121 122 123 124 125 126 127 128 129 130 131 132 133 134 135 136 137 138 139 140 141 142 143 144 145 146 147 148 149 150 151 152 153 154 155 156 157 158 159 160 161 162 163 164 165 166 167 168 169 170 171 172 173 174 175 176 177 178 179 180 181 182 183 184 185 186 187 188 189 190 191 192 193 194 195 196 197 198 199 200 1 2 3 4 5 6 7 8 9 10 11 12 13 14 15 16 17 18 19 20 21 22 23 24 25 26 27 28 29 30 31 32 33 34 35 36 37 38 39 40 41 42 43 44 45 46 47 48 49 50 51 52 53 54 55 56 57 58 59 60 61 62 63 64 65 66 67 68 69 70 71 72 73 74 75 76 77 78 79 80 81 82 83 84 85 86 87 88 89 90 91 92 93 94 95 96 97 98 99 100 101 102 103 104 105 106 107 108 109 110 111 112 113 114 115 116 117 118 119 120 121 122 123 124 125 126 127 128 129 130 131 132 133 134 135 136 137 138 139 140 141 142 143 144 145 146 147 148 149 150 151 152 153 154 155 156 157 158 159 160 161 162 163 164 165 166 167 168 169 170 171 172 173 174 175 176 177 178 179 180 181 182 183 184 185 186 187 188 189 190 191 192 193 194 195 196 197 198 199 200 1 2 3 4 5 6 7 8 9 10 11 12 13 14 15 16 17 18 19 20 21 22 23 24 25 26 27 28 29 30 31 32 33 34 35 36 37 38 39 40 41 42 43 44 45 46 47 48 49 50 51 52 53 54 55 56 57 58 59 60 61 62 63 64 65 66 67 68 69 70 71 72 73 74 75 76 77 78 79 80 81 82 83 84 85 86 87 88 89 90 91 92 93 94 95 96 97 98 99 100 101 102 103 104 105 106 107 108 109 110 111 112 113 114 115 116 117 118 119 120 121 122 123 124 125 126 127 128 129 130 131 132 133 134 135 136 137 138 139 140 141 142 143 144 145 146 147 148 149 150 151 152 153 154 155 156 157 158 159 160 161 162 163 164 165 166 167 168 169 170 171 172 173 174 175 176 177 178 179 180 181 182 183 184 185 186 187 188 189 190 191 192 193 194 195 196 197 198 199 200 1 2 3 4 5 6 7 8 9 10 11 12 13 14 15 16 17 18 19 20 21 22 23 24 25 26 27 28 29 30 31 32 33 34 35 36 37 38 39 40 41 42 43 44 45 46 47 48 49 50 51 52 53 54 55 56 57 58 59 60 61 62 63 64 65 66 67 68 69 70 71 72 73 74 75 76 77 78 79 80 81 82 83 84 85 86 87 88 89 90 91 92 93 94 95 96 97 98 99 100 101 102 103 104 105 106 107 108 109 110 111 112 113 114 115 116 117 118 119 120 121 122 123 124 125 126 127 128 129 130 131 132 133 134 135 136 137 138 139 140 141 142 143 144 145 146 147 148 149 150 151 152 153 154 155 156 157 158 159 160 161 162 163 164 165 166 167 168 169 170 171 172 173 174 175 176 177 178 179 180 181 182 183 184 185 186 187 188 189 190 191 192 193 194 195 196 197 198 199 200 1 2 3 4 5 6 7 8 9 10 11 12 13 14 15 16 17 18 19 20 21 22 23 24 25 26 27 28 29 30 31 32 33 34 35 36 37 38 39 40 41 42 43 44 45 46 47 48 49 50 51 52 53 54 55 56 57 58 59 60 61 62 63 64 65 66 67 68 69 70 71 72 73 74 75 76 77 78 79 80 81 82 83 84 85 86 87 88 89 90 91 92 93 94 95 96 97 98 99 100 101 102 103 104 105 106 107 108 109 110 111 112 113 114 115 116 117 118 119 120 121 122 123 124 125 126 127 128 129 130 131 132 133 134 135 136 137 138 139 140 141 142 143 144 145 146 147 148 149 150 151 152 153 154 155 156 157 158 159 160 161 162 163 164 165 166 167 168 169 170 171 172 173 174 175 176 177 178 179 180 181 182 183 184 185 186 187 188 189 190 191 192 193 194 195 196 197 198 199 200 1 2 3 4 5 6 7 8 9 10 11 12 13 14 15 16 17 18 19 20 21 22 23 24 25 26 27 28 29 30 31 32 33 34 35 36 37 38 39 40 41 42 43 44 45 46 47 48 49 50 51 52 53 54 55 56 57 58 59 60 61 62 63 64 65 66 67 68 69 70 71 72 73 74 75 76 77 78 79 80 81 82 83 84 85 86 87 88 89 90 91 92 93 94 95 96 97 98 99 100 101 102 103 104 105 106 107 108 109 110 111 112 113 114 115 116 117 118 119 120 121 122 123 124 125 126 127 128 129 130 131 132 133 134 135 136 137 138 139 140 141 142 143 144 145 146 147 148 149 150 151 152 153 154 155 156 157 158 159 160 161 162 163 164 165 166 167 168 169 170 171 172 173 174 175 176 177 178 179 180 181 182 183 184 185 186 187 188 189 190 191 192 193 194 195 196 197 198 199 200 1 2 3 4 5 6 7 8 9 10 11 12 13 14 15 16 17 18 19 20 21 22 23 24 25 26 27 28 29 30 31 32 33 34 35 36 37 38 39 40 41 42 43 44 45 46 47 48 49 50 51 52 53 54 55 56 57 58 59 60 61 62 63 64 65 66 67 68 69 70 71 72 73 74 75 76 77 78 79 80 81 82 83 84 85 86 87 88 89 90 91 92 93 94 95 96 97 98 99 100 101 102 103 104 105 106 107 108 109 110 111 112 113 114 115 116 117 118 119 120 121 122 123 124 125 126 127 128 129 130 131 132 133 134 135 136 137 138 139 140 141 142 143 144 145 146 147 148 149 150 151 152 153 154 155 156 157 158 159 160 161 162 163 164 165 166 167 168 169 170 171 172 173 174 175 176 177 178 179 180 181 182 183 184 185 186 187 188 189 190 191 192 193 194 195 196 197 198 199 200 1 2 3 4 5 6 7 8 9 10 11 12 13 14 15 16 17 18 19 20 21 22 23 24 25 26 27 28 29 30 31 32 33 34 35 36 37 38 39 40 41 42 43 44 45 46 47 48 49 50 51 52 53 54 55 56 57 58 59 60 61 62 63 64 65 66 67 68 69 70 71 72 73 74 75 76 77 78 79 80 81 82 83 84 85 86 87 88 89 90 91 92 93 94 95 96 97 98 99 100 101 102 103 104 105 106 107 108 109 110 111 112 113 114 115 116 117 118 119 120 121 122 123 124 125 126 127 128 129 130 131 132 133 134 135 136 137 138 139 140 141 142 143 144 145 146 147 148 149 150 151 152 153 154 155 156 157 158 159 160 161 162 163 164 165 166 167 168 169 170 171 172 173 174 175 176 177 178 179 180 181 182 183 184 185 186 187 188 189 190 191 192 193 194 195 196 197 198 199 200 1 2 3 4 5 6 7 8 9 10 11 12 13 14 15 16 17 18 19 20 21 22 23 24 25 26 27 28 29 30 31 32 33 34 35 36 37 38 39 40 41 42 43 44 45 46 47 48 49 50 51 52 53 54 55 56 57 58 59 60 61 62 63 64 65 66 67 68 69 70 71 72 73 74 75 76 77 78 79 80 81 82 83 84 85 86 87 88 89 90 91 92 93 94 95 96 97 98 99 100 101 102 103 104 105 106 107 108 109 110 111 112 113 114 115 116 117 118 119 120 121 122 123 124 125 126 127 128 129 130 131 132 133 134 135 136 137 138 139 140 141 142 143 144 145 146 147 148 149 150 151 152 153 154 155 156 157 158 159 160 161 162 163 164 165 166 167 168 169 170 171 172 173 174 175 176 177 178 179 180 181 182 183 184 185 186 187 188 189 190 191 192 193 194 195 196 197 198 199 200 1 2 3 4 5 6 7 8 9 10 11 12 13 14 15 16 17 18 19 20 21 22 23 24 25 26 27 28 29 30 31 32 33 34 35 36 37 38 39 40 41 42 43 44 45 46 47 48 49 50 51 52 53 54 55 56 57 58 59 60 61 62 63 64 65 66 67 68 69 70 71 72 73 74 75 76 77 78 79 80 81 82 83 84 85 86 87 88 89 90 91 92 93 94 95 96 97 98 99 100 101 102 103 104 105 106 107 108 109 110 111 112 113 114 115 116 117 118 119 120 121 122 123 124 125 126 127 128 129 130 131 132 133 134 135 136 137 138 139 140 141 142 143 144 145 146 147 148 149 150 151 152 153 154 155 156 157 158 159 160 161 162 163 164 165 166 167 168 169 170 171 172 173 174 175 176 177 178 179 180 181 182 183 184 185 186 187 188 189 190 191 192 193 194 195 196 197 198 199 200 1 2 3 4 5 6 7 8 9 10 11 12 13 14 15 16 17 18 19 20 21 22 23 24 25 26 27 28 29 30 31 32 33 34 35 36 37 38 39 40 41 42 43 44 45 46 47 48 49 50 51 52 53 54 55 56 57 58 59 60 61 62 63 64 65 66 67 68 69 70 71 72 73 74 75 76 77 78 79 80 81 82 83 84 85 86 87 88 89 90 91 92 93 94 95 96 97 98 99 100 101 102 103 104 105 106 107 108 109 110 111 112 113 114 115 116 117 118 119 120 121 122 123 124 125 126 127 128 129 130 131 132 133 134 135 136 137 138 139 140 141 142 143 144 145 146 147 148 149 150 151 152 153 154 155 156 157 158 159 160 161 162 163 164 165 166 167 168 169 170 171 172 173 174 175 176 177 178 179 180 181 182 183 184 185 186 187 188 189 190 191 192 193 194 195 196 197 198 199 200 1 2 3 4 5 6 7 8 9 10 11 12 13 14 15 16 17 18 19 20 21 22 23 24 25 26 27 28 29 30 31 32 33 34 35 36 37 38 39 40 41 42 43 44 45 46 47 48 49 50 51 52 53 54 55 56 57 58 59 60 61 62 63 64 65 66 67 68 69 70 71 72 73 74 75 76 77 78 79 80 81 82 83 84 85 86 87 88 89 90 91 92 93 94 95 96 97 98 99 100 101 102 103 104 105 106 107 108 109 110 111 112 113 114 115 116 117 118 119 120 121 122 123 124 125 126 127 128 129 130 131 132 133 134 135 136 137 138 139 140 141 142 143 144 145 146 147 148 149 150 151 152 153 154 155 156 157 158 159 160 161 162 163 164 165 166 167 168 169 170 171 172 173 174 175 176 177 178 179 180 181 182 183 184 185 186 187 188 189 190 191 192 193 194 195 196 197 198 199 200 1 2 3 4 5 6 7 8 9 10 11 12 13 14 15 16 17 18 19 20 21 22 23 24 25 26 27 28 29 30 31 32 33 34 35 36 37 38 39 40 41 42 43 44 45 46 47 48 49 50 51 52 53 54 55 56 57 58 59 60 61 62 63 64 65 66 67 68 69 70 71 72 73 74 75 76 77 78 79 80 81 82 83 84 85 86 87 88 89 90 91 92 93 94 95 96 97 98 99 100 101 102 103 104 105 106 107 108 109 110 111 112 113 114 115 116 117 118 119 120 121 122 123 124 125 126 127 128 129 130 131 132 133 134 135 136 137 138 139 140 141 142 143 144 145 146 147 148 149 150 151 152 153 154 155 156 157 158 159 160 161 162 163 164 165 166 167 168 169 170 171 172 173 174 175 176 177 178 179 180 181 182 183 184 185 186 187 188 189 190 191 192 193 194 195 196 197 198 199 200 1 2 3 4 5 6 7 8 9 10 11 12 13 14 15 16 17 18 19 20 21 22 23 24 25 26 27 28 29 30 31 32 33 34 35 36 37 38 39 40 41 42 43 44 45 46 47 48 49 50 51 52 53 54 55 56 57 58 59 60 61 62 63 64 65 66 67 68 69 70 71 72 73 74 75 76 77 78 79 80 81 82 83 84 85 86 87 88 89 90 91 92 93 94 95 96 97 98 99 100 101 102 103 104 105 106 107 108 109 110 111 112 113 114 115 116 117 118 119 120 121 122 123 124 125 126 127 128 129 130 131 132 133 134 135 136 137 138 139 140 141 142 143 144 145 146 147 148 149 150 151 152 153 154 155 156 157 158 159 160 161 162 163 164 165 166 167 168 169 170 171 172 173 174 175 176 177 178 179 180 181 182 183 184 185 186 187 188 189 190 191 192 193 194 195 196 197 198 199 200 1 2 3 4 5 6 7 8 9 10 11 12 13 14 15 16 17 18 19 20 21 22 23 24 25 26 27 28 29 30 31 32 33 34 35 36 37 38 39 40 41 42 43 44 45 46 47 48 49 50 51 52 53 54 55 56 57 58 59 60 61 62 63 64 65 66 67 68 69 70 71 72 73 74 75 76 77 78 79 80 81 82 83 84 85 86 87 88 89 90 91 92 93 94 95 96 97 98 99 100 101 102 103 104 105 106 107 108 109 110 111 112 113 114 115 116 117 118 119 120 121 122 123 124 125 126 127 128 129 130 131 132 133 134 135 136 137 138 139 140 141 142 143 144 145 146 147 148 149 150 151 152 153 154 155 156 157 158 159 160 161 162 163 164 165 166 167 168 169 170 171 172 173 174 175 176 177 178 179 180 181 182 183 184 185 186 187 188 189 190 191 192 193 194 195 196 197 198 199 200 1 2 3 4 5 6 7 8 9 10 11 12 13 14 15 16 17 18 19 20 21 22 23 24 25 26 27 28 29 30 31 32 33 34 35 36 37 38 39 40 41 42 43 44 45 46 47 48 49 50 51 52 53 54 55 56 57 58 59 60 61 62 63 64 65 66 67 68 69 70 71 72 73 74 75 76 77 78 79 80 81 82 83 84 85 86 87 88 89 90 91 92 93 94 95 96 97 98 99 100 101 102 103 104 105 106 107 108 109 110 111 112 113 114 115 116 117 118 119 120 121 122 123 124 125 126 127 128 129 130 131 132 133 134 135 136 137 138 139 140 141 142 143 144 145 146 147 148 149 150 151 152 153 154 155 156 157 158 159 160 161 162 163 164 165 166 167 168 169 170 171 172 173 174 175 176 177 178 179 180 181 182 183 184 185 186 187 188 189 190 191 192 193 194 195 196 197 198 199 200 1 2 3 4 5 6 7 8 9 10 11 12 13 14 15 16 17 18 19 20 21 22 23 24 25 26 27 28 29 30 31 32 33 34 35 36 37 38 39 40 41 42 43 44 45 46 47 48 49 50 51 52 53 54 55 56 57 58 59 60 61 62 63 64 65 66 67 68 69 70 71 72 73 74 75 76 77 78 79 80 81 82 83 84 85 86 87 88 89 90 91 92 93 94 95 96 97 98 99 100 101 102 103 104 105 106 107 108 109 110 111 112 113 114 115 116 117 118 119 120 121 122 123 124 125 126 127 128 129 130 131 132 133 134 135 136 137 138 139 140 141 142 143 144 145 146 147 148 149 150 151 152 153 154 155 156 157 158 159 160 161 162 163 164 165 166 167 168 169 170 171 172 173 174 175 176 177 178 179 180 181 182 183 184 185 186 187 188 189 190 191 192 193 194 195 196 197 198 199 200 1 2 3 4 5 6 7 8 9 10 11 12 13 14 15 16 17 18 19 20 21 22 23 24 25 26 27 28 29 30 31 32 33 34 35 36 37 38 39 40 41 42 43 44 45 46 47 48 49 50 51 52 53 54 55 56 57 58 59 60 61 62 63 64 65 66 67 68 69 70 71 72 73 74 75 76 77 78 79 80 81 82 83 84 85 86 87 88 89 90 91 92 93 94 95 96 97 98 99 100 101 102 103 104 105 106 107 108 109 110 111 112 113 114 115 116 117 118 119 120 121 122 123 124 125 126 127 128 129 130 131 132 133 134 135 136 137 138 139 140 141 142 143 144 145 146 147 148 149 150 151 152 153 154 155 156 157 158 159 160 161 162 163 164 165 166 167 168 169 170 171 172 173 174 175 176 177 178 179 180 181 182 183 184 185 186 187 188 189 190 191 192 193 194 195 196 197 198 199 200 1 2 3 4 5 6 7 8 9 10 11 12 13 14 15 16 17 18 19 20 21 22 23 24 25 26 27 28 29 30 31 32 33 34 35 36 37 38 39 40 41 42 43 44 45 46 47 48 49 50 51 52 53 54 55 56 57 58 59 60 61 62 63 64 65 66 67 68 69 70 71 72 73 74 75 76 77 78 79 80 81 82 83 84 85 86 87 88 89 90 91 92 93 94 95 96 97 98 99 100 101 102 103 104 105 106 107 108 109 110 111 112 113 114 115 116 117 118 119 120 121 122 123 124 125 126 127 128 129 130 131 132 133 134 135 136 137 138 139 140 141 142 143 144 145 146 147 148 149 150 151 152 153 154 155 156 157 158 159 160 161 162 163 164 165 166 167 168 169 170 171 172 173 174 175 176 177 178 179 180 181 182 183 184 185 186 187 188 189 190 191 192 193 194 195 196 197 198 199 200 1 2 3 4 5 6 7 8 9 10 11 12 13 14 15 16 17 18 19 20 21 22 23 24 25 26 27 28 29 30 31 32 33 34 35 36 37 38 39 40 41 42 43 44 45 46 47 48 49 50 51 52 53 54 55 56 57 58 59 60 61 62 63 64 65 66 67 68 69 70 71 72 73 74 75 76 77 78 79 80 81 82 83 84 85 86 87 88 89 90 91 92 93 94 95 96 97 98 99 100 101 102 103 104 105 106 107 108 109 110 111 112 113 114 115 116 117 118 119 120 121 122 123 124 125 126 127 128 129 130 131 132 133 134 135 136 137 138 139 140 141 142 143 144 145 146 147 148 149 150 151 152 153 154 155 156 157 158 159 160 161 162 163 164 
