274 20628 32655 1500
1 1
1 2
1 4
1 136
1 137
1 138
1 139
1 140
1 141
1 142
1 10871
1 10872
1 10873
1 10874
1 10876
1 10877
1 10878
1 10879
1 10930
1 10931
1 10932
1 10979
2 2
2 3
2 4
2 5
2 6
2 7
2 8
2 9
2 10
2 11
2 12
2 13
2 14
2 15
2 16
2 17
2 18
2 19
2 20
2 21
2 22
2 23
2 24
2 25
2 26
2 27
2 28
2 29
2 30
2 31
2 32
2 33
2 34
2 35
2 36
2 37
2 38
2 39
2 40
2 41
2 42
2 43
2 44
2 45
2 46
2 47
2 48
2 49
2 50
2 51
2 52
2 53
2 54
2 55
2 56
2 57
2 58
2 59
2 60
2 61
2 62
2 63
2 64
2 65
2 66
2 67
2 68
2 69
2 70
2 71
2 72
2 73
2 74
2 75
2 76
2 77
2 78
2 79
2 80
2 81
2 82
2 83
2 84
2 85
2 86
2 87
2 88
2 89
2 90
2 91
2 92
2 93
2 94
2 95
2 96
2 97
2 98
2 99
2 100
2 101
2 102
2 103
2 104
2 105
2 106
2 107
2 108
2 109
2 110
2 111
2 112
2 113
2 114
2 115
2 116
2 117
2 118
2 119
2 120
2 121
2 122
2 123
2 124
2 125
2 126
2 127
2 128
2 129
2 130
2 131
2 132
2 134
2 142
2 143
2 144
2 147
2 148
2 149
2 150
2 151
2 152
2 153
2 154
2 155
2 156
2 157
2 158
2 159
2 160
2 161
2 162
2 163
2 165
2 166
2 167
2 168
2 169
2 175
2 178
2 179
2 180
2 181
2 182
2 184
2 185
2 186
2 187
2 239
2 317
2 319
2 320
2 321
2 328
2 453
2 454
2 473
2 491
2 492
2 493
2 494
2 495
2 515
2 624
2 655
2 656
2 657
2 658
2 723
2 724
2 725
2 732
2 733
2 801
2 802
2 803
2 810
2 811
2 812
2 813
2 814
2 816
2 819
2 824
2 825
2 826
2 827
2 828
2 829
2 830
2 831
2 832
2 835
2 957
2 967
2 968
2 969
2 970
2 971
2 974
2 994
2 995
2 996
2 1010
2 1039
2 1146
2 1161
2 1162
2 1163
2 1164
2 1166
2 1167
2 1170
2 1171
2 1172
2 1175
2 1176
2 1177
2 1178
2 1191
2 1208
2 1209
2 1250
2 1251
2 1252
2 1255
2 1258
2 1265
2 1290
2 1292
2 1293
2 1294
2 1296
2 1305
2 1306
2 1307
2 1308
2 1309
2 1310
2 1312
2 1317
2 1331
2 1332
2 1333
2 1337
2 1338
2 1361
2 1368
2 1371
2 1385
2 1386
2 1387
2 1388
2 1392
2 1396
2 1410
2 1412
2 1416
2 1417
2 1418
2 1419
2 1420
2 1432
2 1433
2 1434
2 1438
2 1439
2 1440
2 1441
2 1442
2 1458
2 1459
2 1460
2 1461
2 1462
2 1483
2 1484
2 1485
2 1494
2 1495
2 1576
2 1577
2 1578
2 1579
2 1588
2 1589
2 1590
2 1591
2 1592
2 1593
2 1594
2 1595
2 1596
2 1597
2 1612
2 1614
2 1615
2 1618
2 1620
2 1621
2 1680
2 1810
2 2099
2 2115
2 2155
2 2173
2 3143
2 3144
2 3145
2 3146
2 3147
2 3292
2 3293
2 3294
2 3298
2 3302
2 3303
2 3304
2 3305
2 3311
2 3312
2 3313
2 3314
2 3315
2 3316
2 3317
2 3318
2 3319
2 3320
2 3321
2 3322
2 3323
2 3324
2 3325
2 3326
2 3327
2 3328
2 3330
2 3331
2 3332
2 3333
2 3334
2 3335
2 3336
2 3337
2 3338
2 3339
2 3340
2 3341
2 3342
2 3343
2 3344
2 3345
2 3346
2 3347
2 3348
2 3349
2 3350
2 3351
2 3352
2 3354
2 3356
2 3387
2 3388
2 3389
2 3390
2 3391
2 3392
2 3393
2 3394
2 3395
2 3396
2 3397
2 3398
2 3399
2 3400
2 3401
2 3402
2 3403
2 3404
2 3405
2 3406
2 3407
2 3408
2 3409
2 3410
2 3411
2 3412
2 3413
2 3414
2 3415
2 3416
2 3417
2 3418
2 3419
2 3420
2 3421
2 3422
2 3423
2 3424
2 3425
2 3426
2 3427
2 3428
2 3429
2 3430
2 3431
2 3432
2 3433
2 3434
2 3435
2 3475
2 3476
2 3477
2 3478
2 3479
2 3480
2 3481
2 3482
2 3483
2 3484
2 3485
2 3486
2 3487
2 3488
2 3489
2 3490
2 3491
2 3492
2 3493
2 3494
2 3495
2 3610
2 3613
2 3614
2 3616
2 3617
2 3618
2 3619
2 3621
2 3622
2 3623
2 3624
2 3625
2 3626
2 3627
2 3628
2 3629
2 3630
2 3631
2 3632
2 3633
2 3634
2 3635
2 3636
2 3720
2 3845
2 3846
2 3847
2 3848
2 3849
2 3850
2 3851
2 3852
2 3853
2 3854
2 3855
2 3856
2 3857
2 3858
2 3859
2 3860
2 3861
2 3862
2 3863
2 3864
2 3865
2 3866
2 3867
2 3868
2 3869
2 3870
2 3871
2 3872
2 3873
2 3874
2 3875
2 3876
2 3877
2 3878
2 3879
2 3880
2 4744
2 4745
2 4746
2 4747
2 4748
2 4749
2 4750
2 4751
2 4752
2 4753
2 4754
2 4755
2 4756
2 4757
2 4758
2 4759
2 4760
2 4761
2 4762
2 4763
2 4764
2 4765
2 4766
2 4767
2 4768
2 4769
2 4770
2 4771
2 4772
2 4773
2 4774
2 4775
2 4776
2 4777
2 4778
2 4779
2 4780
2 4781
2 4782
2 4783
2 4784
2 4785
2 4786
2 4787
2 4788
2 4789
2 4790
2 4791
2 4792
2 4793
2 4794
2 4795
2 4796
2 4797
2 4798
2 4799
2 4800
2 4801
2 4805
2 4806
2 4807
2 4808
2 4809
2 4911
2 4912
2 4913
2 4914
2 4915
2 4944
2 4945
2 4946
2 4947
2 4948
2 4949
2 4950
2 4951
2 4952
2 4953
2 4954
2 4955
2 4956
2 4957
2 4958
2 4959
2 4960
2 4961
2 4962
2 4963
2 4964
2 4965
2 4966
2 4967
2 5014
2 5015
2 5016
2 5017
2 5019
2 5020
2 5026
2 5042
2 5043
2 5053
2 5055
2 5067
2 5076
2 5088
2 5100
2 5114
2 5117
2 5128
2 5141
2 5151
2 5162
2 5182
2 5200
2 5213
2 5219
2 5226
2 5239
2 5251
2 5261
2 5271
2 5282
2 5295
2 5307
2 5314
2 5331
2 5350
2 5358
2 5375
2 5388
2 5402
2 5403
2 5411
2 5417
2 5422
2 5425
2 5437
2 5439
2 5447
2 5448
2 5462
2 5471
2 5482
2 5483
2 5484
2 5485
2 5486
2 5487
2 5488
2 5489
2 5490
2 5491
2 5492
2 5493
2 5494
2 5495
2 5496
2 5497
2 5498
2 5499
2 5500
2 5501
2 5502
2 5503
2 5504
2 5505
2 5506
2 5507
2 5508
2 5509
2 5510
2 5511
2 5512
2 5513
2 5514
2 5515
2 5516
2 5517
2 5518
2 5519
2 5520
2 5521
2 5522
2 5523
2 5524
2 5525
2 5526
2 5527
2 5528
2 5529
2 5530
2 5531
2 5532
2 5533
2 5534
2 5535
2 5536
2 5537
2 5538
2 5539
2 5540
2 5541
2 5542
2 5543
2 5544
2 5545
2 5547
2 5548
2 5549
2 5550
2 5551
2 5552
2 5553
2 5554
2 5555
2 5556
2 5557
2 5558
2 5559
2 5560
2 5561
2 5562
2 5563
2 5564
2 5565
2 5566
2 5567
2 5568
2 5569
2 5570
2 5571
2 5572
2 5573
2 5574
2 5575
2 5576
2 5577
2 5578
2 5579
2 5580
2 6096
2 6123
2 9346
2 10171
2 10189
2 10190
2 10191
2 10192
2 10193
2 10194
2 10195
2 10196
2 10197
2 10198
2 10199
2 10200
2 10201
2 10202
2 10203
2 10204
2 10205
2 10206
2 10207
2 10208
2 10209
2 10210
2 10211
2 10212
2 10213
2 10214
2 10215
2 10216
2 10217
2 10218
2 10219
2 10220
2 10221
2 10222
2 10223
2 10224
2 10225
2 10226
2 10227
2 10228
2 10229
2 10230
2 10231
2 10232
2 10233
2 10234
2 10235
2 10236
2 10237
2 10238
2 10239
2 10240
2 10241
2 10242
2 10730
2 10731
2 10732
2 10733
2 10734
2 10735
2 10736
2 10737
2 10738
2 10739
2 10740
2 10741
2 10742
2 10743
2 10744
2 10745
2 10746
2 10747
2 10748
2 10749
2 10750
2 10751
2 10752
2 10753
2 10754
2 10755
2 10756
2 10757
2 10758
2 10759
2 10760
2 10761
2 10762
2 10763
2 10764
2 10765
2 10766
2 10767
2 10768
2 10769
2 10770
2 10771
2 10772
2 10773
2 10774
2 10775
2 10776
2 10777
2 10778
2 10779
2 10780
2 10781
2 10782
2 10783
2 10784
2 10785
2 10786
2 10787
2 10788
2 10789
2 10790
2 10791
2 10792
2 10793
2 10794
2 10795
2 10796
2 10797
2 10798
2 10799
2 10800
2 10801
2 10802
2 10803
2 10804
2 10805
2 10806
2 10807
2 10808
2 10809
2 10810
2 10811
2 10812
2 10813
2 10814
2 10815
2 10816
2 10817
2 10818
2 10819
2 10820
2 10821
2 10822
2 10823
2 10824
2 10825
2 10826
2 10827
2 10828
2 10829
2 10830
2 10831
2 10832
2 10833
2 10834
2 10835
2 10836
2 10837
2 10838
2 10839
2 10871
2 10872
2 10873
2 10874
2 10876
2 10877
2 10878
2 10879
2 10919
2 10920
2 10930
2 10931
2 10932
3 2
3 10
3 76
3 83
3 110
3 111
3 193
3 194
3 196
3 197
3 198
3 199
3 208
3 209
3 210
3 211
3 212
3 213
3 214
3 215
3 216
3 217
3 218
3 219
3 221
3 223
3 226
3 228
3 229
3 234
3 239
3 255
3 263
3 267
3 271
3 285
3 288
3 292
3 293
3 294
3 295
3 296
3 297
3 298
3 303
3 305
3 306
3 307
3 310
3 311
3 312
3 313
3 314
3 315
3 316
3 322
3 324
3 325
3 329
3 330
3 331
3 336
3 337
4 2
4 32
4 48
4 61
4 70
4 72
4 83
4 111
4 114
4 115
4 116
4 118
4 119
4 124
4 128
4 143
4 144
4 147
4 148
4 149
4 150
4 151
4 152
4 156
4 157
4 158
4 159
4 161
4 162
4 163
4 168
4 171
4 176
4 183
4 191
4 192
4 193
4 194
4 195
4 196
4 205
4 206
4 222
4 224
4 226
4 262
4 263
4 264
4 265
4 266
4 267
4 268
4 269
4 270
4 271
4 272
4 277
4 278
4 280
4 285
4 286
4 287
4 288
4 289
4 290
4 292
4 303
4 305
4 306
4 307
4 308
4 310
4 311
4 312
4 313
4 314
4 315
4 316
4 317
4 319
4 320
4 321
4 322
4 326
4 327
4 328
4 332
4 333
4 334
4 335
4 336
4 338
4 339
4 340
4 341
4 342
4 343
4 344
4 345
4 347
4 348
4 351
4 352
4 353
4 354
4 355
4 356
4 357
4 358
4 359
4 361
4 362
4 363
4 364
4 365
4 367
4 478
4 479
4 480
4 481
4 482
4 483
4 484
4 485
4 486
4 487
4 510
4 511
4 512
4 513
4 1688
4 1692
4 7489
5 2
5 4
5 5
5 6
5 10
5 21
5 22
5 24
5 25
5 26
5 27
5 28
5 29
5 30
5 31
5 32
5 33
5 34
5 35
5 36
5 37
5 38
5 39
5 40
5 41
5 42
5 43
5 44
5 48
5 49
5 50
5 51
5 52
5 53
5 54
5 55
5 56
5 57
5 58
5 59
5 60
5 61
5 62
5 63
5 64
5 65
5 66
5 67
5 70
5 72
5 73
5 75
5 76
5 83
5 84
5 85
5 86
5 110
5 111
5 114
5 115
5 119
5 120
5 121
5 125
5 126
5 127
5 128
5 138
5 139
5 140
5 141
5 142
5 150
5 151
5 153
5 160
5 163
5 165
5 166
5 167
5 168
5 175
5 177
5 178
5 179
5 180
5 181
5 182
5 184
5 185
5 186
5 187
5 191
5 193
5 194
5 195
5 196
5 198
5 204
5 208
5 209
5 210
5 211
5 212
5 213
5 214
5 215
5 216
5 217
5 218
5 219
5 220
5 221
5 223
5 228
5 236
5 239
5 242
5 243
5 244
5 246
5 253
5 254
5 255
5 260
5 261
5 267
5 268
5 269
5 270
5 271
5 272
5 289
5 290
5 303
5 305
5 306
5 308
5 309
5 313
5 314
5 315
5 316
5 317
5 319
5 320
5 321
5 327
5 328
5 333
5 334
5 335
5 338
5 339
5 340
5 342
5 343
5 344
5 347
5 348
5 349
5 350
5 359
5 364
5 365
5 366
5 371
5 375
5 379
5 389
5 390
5 409
5 456
5 457
5 472
5 473
5 491
5 492
5 496
5 501
5 504
5 505
5 506
5 507
5 508
5 509
5 524
5 565
5 566
5 567
5 568
5 569
5 570
5 571
5 572
5 573
5 574
5 575
5 576
5 577
5 578
5 579
5 580
5 581
5 582
5 583
5 584
5 585
5 586
5 587
5 588
5 589
5 590
5 592
5 593
5 594
5 595
5 596
5 597
5 598
5 599
5 600
5 601
5 602
5 603
5 604
5 605
5 606
5 607
5 608
5 609
5 610
5 611
5 612
5 613
5 614
5 615
5 616
5 617
5 618
5 619
5 620
5 621
5 622
5 623
5 624
5 625
5 626
5 627
5 628
5 629
5 630
5 631
5 632
5 633
5 634
5 635
5 636
5 637
5 638
5 639
5 640
5 641
5 642
5 643
5 644
5 645
5 646
5 647
5 648
5 649
5 650
5 651
5 652
5 653
5 654
5 660
5 661
5 662
5 663
5 664
5 665
5 666
5 667
5 668
5 669
5 670
5 679
5 686
5 687
5 688
5 689
5 690
5 691
5 692
5 695
5 698
5 699
5 705
5 706
5 707
5 710
5 711
5 714
5 718
5 719
5 720
5 721
5 742
5 743
5 744
5 749
5 750
5 751
5 752
5 753
5 754
5 760
5 763
5 764
5 765
5 766
5 767
5 770
5 775
5 776
5 777
5 778
5 779
5 780
5 781
5 782
5 783
5 784
5 785
5 788
5 790
5 791
5 793
5 799
5 801
5 815
5 821
5 822
5 823
5 826
5 827
5 833
5 834
5 835
5 841
5 851
5 852
5 855
5 856
5 857
5 859
5 860
5 861
5 862
5 863
5 864
5 865
5 866
5 867
5 868
5 869
5 870
5 871
5 872
5 873
5 874
5 875
5 876
5 877
5 878
5 879
5 880
5 881
5 882
5 883
5 884
5 885
5 886
5 887
5 888
5 889
5 890
5 891
5 892
5 893
5 894
5 895
5 896
5 897
5 898
5 899
5 900
5 901
5 902
5 903
5 904
5 905
5 906
5 907
5 908
5 909
5 910
5 911
5 912
5 913
5 914
5 915
5 916
5 917
5 918
5 919
5 920
5 921
5 922
5 923
5 924
5 925
5 926
5 927
5 928
5 929
5 930
5 931
5 932
5 933
5 934
5 935
5 936
5 937
5 938
5 939
5 940
5 941
5 942
5 943
5 944
5 945
5 946
5 947
5 948
5 949
5 950
5 951
5 952
5 953
5 954
5 955
5 956
5 957
5 958
5 959
5 960
5 961
5 962
5 963
5 964
5 965
5 966
5 967
5 968
5 969
5 970
5 971
5 972
5 974
5 978
5 979
5 986
5 999
5 1001
5 1002
5 1003
5 1004
5 1006
5 1008
5 1009
5 1011
5 1012
5 1013
5 1015
5 1016
5 1017
5 1018
5 1019
5 1020
5 1021
5 1022
5 1023
5 1024
5 1025
5 1026
5 1027
5 1028
5 1029
5 1030
5 1031
5 1032
5 1033
5 1034
5 1035
5 1036
5 1037
5 1038
5 1039
5 1042
5 1043
5 1044
5 1045
5 1046
5 1047
5 1048
5 1049
5 1050
5 1051
5 1052
5 1053
5 1054
5 1055
5 1056
5 1057
5 1058
5 1059
5 1060
5 1061
5 1062
5 1063
5 1064
5 1065
5 1066
5 1067
5 1068
5 1069
5 1070
5 1071
5 1072
5 1073
5 1074
5 1075
5 1076
5 1077
5 1078
5 1079
5 1080
5 1081
5 1082
5 1083
5 1084
5 1085
5 1086
5 1087
5 1088
5 1089
5 1090
5 1091
5 1092
5 1093
5 1094
5 1095
5 1096
5 1097
5 1098
5 1099
5 1100
5 1101
5 1102
5 1103
5 1104
5 1105
5 1106
5 1107
5 1108
5 1109
5 1110
5 1111
5 1112
5 1113
5 1114
5 1115
5 1116
5 1117
5 1118
5 1119
5 1120
5 1121
5 1122
5 1123
5 1124
5 1125
5 1126
5 1127
5 1128
5 1129
5 1130
5 1131
5 1132
5 1133
5 1135
5 1136
5 1138
5 1143
5 1144
5 1145
5 1146
5 1159
5 1160
5 1161
5 1162
5 1163
5 1164
5 1165
5 1166
5 1167
5 1168
5 1169
5 1170
5 1171
5 1173
5 1174
5 1175
5 1176
5 1177
5 1178
5 1179
5 1182
5 1185
5 1191
5 1192
5 1193
5 1195
5 1196
5 1198
5 1199
5 1207
5 1208
5 1209
5 1235
5 1236
5 1237
5 1238
5 1239
5 1240
5 1241
5 1242
5 1243
5 1244
5 1245
5 1246
5 1247
5 1248
5 1250
5 1251
5 1252
5 1253
5 1254
5 1255
5 1256
5 1257
5 1258
5 1259
5 1260
5 1261
5 1262
5 1263
5 1264
5 1265
5 1266
5 1267
5 1268
5 1269
5 1270
5 1271
5 1272
5 1273
5 1274
5 1275
5 1276
5 1277
5 1278
5 1279
5 1280
5 1281
5 1282
5 1283
5 1284
5 1285
5 1286
5 1287
5 1288
5 1289
5 1290
5 1292
5 1293
5 1294
5 1295
5 1296
5 1297
5 1298
5 1299
5 1300
5 1301
5 1302
5 1303
5 1304
5 1305
5 1306
5 1307
5 1308
5 1309
5 1310
5 1311
5 1312
5 1313
5 1314
5 1315
5 1316
5 1317
5 1318
5 1319
5 1320
5 1321
5 1322
5 1323
5 1324
5 1325
5 1326
5 1327
5 1328
5 1329
5 1330
5 1331
5 1332
5 1333
5 1337
5 1338
5 1339
5 1340
5 1341
5 1342
5 1343
5 1344
5 1345
5 1346
5 1347
5 1348
5 1349
5 1352
5 1353
5 1354
5 1355
5 1356
5 1357
5 1358
5 1359
5 1360
5 1361
5 1362
5 1363
5 1364
5 1365
5 1366
5 1367
5 1368
5 1369
5 1370
5 1371
5 1372
5 1374
5 1375
5 1376
5 1377
5 1378
5 1379
5 1380
5 1381
5 1382
5 1383
5 1384
5 1385
5 1386
5 1387
5 1388
5 1389
5 1390
5 1391
5 1393
5 1394
5 1395
5 1397
5 1398
5 1399
5 1400
5 1401
5 1402
5 1403
5 1404
5 1405
5 1406
5 1407
5 1408
5 1409
5 1410
5 1411
5 1412
5 1413
5 1414
5 1415
5 1421
5 1422
5 1423
5 1424
5 1425
5 1426
5 1427
5 1428
5 1429
5 1430
5 1431
5 1438
5 1439
5 1440
5 1441
5 1442
5 1446
5 1452
5 1453
5 1454
5 1458
5 1459
5 1460
5 1461
5 1462
5 1463
5 1464
5 1465
5 1467
5 1475
5 1483
5 1484
5 1485
5 1494
5 1495
5 1513
5 1523
5 1555
5 1560
5 1561
5 1562
5 1563
5 1564
5 1565
5 1566
5 1567
5 1568
5 1569
5 1570
5 1571
5 1572
5 1573
5 1574
5 1575
5 1576
5 1577
5 1578
5 1579
5 1580
5 1582
5 1583
5 1584
5 1585
5 1586
5 1587
5 1588
5 1589
5 1590
5 1591
5 1592
5 1593
5 1594
5 1595
5 1596
5 1597
5 1598
5 1599
5 1602
5 1603
5 1605
5 1607
5 1617
5 1647
5 1649
5 1650
5 1651
5 1652
5 1653
5 1654
5 1655
5 1656
5 1657
5 1658
5 1659
5 1660
5 1661
5 1662
5 1663
5 1664
5 1665
5 1667
5 1669
5 1670
5 1671
5 1672
5 1674
5 1676
5 1680
5 1684
5 1686
5 1687
5 1692
5 1717
5 1718
5 1721
5 1729
5 1730
5 1731
5 1732
5 1733
5 1734
5 1735
5 1736
5 1737
5 1738
5 1740
5 1741
5 1742
5 1743
5 1744
5 1745
5 1746
5 1747
5 1748
5 1749
5 1750
5 1751
5 1752
5 1753
5 1754
5 1755
5 1756
5 1757
5 1758
5 1759
5 1760
5 1761
5 1762
5 1763
5 1764
5 1765
5 1766
5 1767
5 1768
5 1769
5 1770
5 1771
5 1772
5 1773
5 1774
5 1775
5 1776
5 1777
5 1778
5 1779
5 1780
5 1781
5 1782
5 1783
5 1784
5 1785
5 1786
5 1787
5 1788
5 1789
5 1790
5 1791
5 1792
5 1793
5 1794
5 1795
5 1796
5 1797
5 1798
5 1799
5 1800
5 1801
5 1802
5 1803
5 1804
5 1805
5 1806
5 1807
5 1808
5 1809
5 1810
5 1811
5 1812
5 1813
5 1814
5 1815
5 1816
5 1817
5 1818
5 1819
5 1820
5 1821
5 1822
5 1823
5 1824
5 1825
5 1826
5 1827
5 1828
5 1829
5 1830
5 1831
5 1832
5 1833
5 1834
5 1836
5 1837
5 1842
5 1843
5 1845
5 1854
5 1857
5 1858
5 1859
5 1860
5 1861
5 1862
5 1863
5 1864
5 1865
5 1866
5 1867
5 1868
5 1869
5 1870
5 1871
5 1872
5 1873
5 1874
5 1875
5 1876
5 1877
5 1878
5 1879
5 1880
5 1881
5 1882
5 1883
5 1884
5 1885
5 1886
5 1887
5 1888
5 1889
5 1890
5 1891
5 1892
5 1903
5 1904
5 1915
5 1916
5 1930
5 1931
5 1952
5 1953
5 1954
5 1973
5 1974
5 1975
5 1993
5 1994
5 2011
5 2012
5 2028
5 2029
5 2043
5 2046
5 2065
5 2074
5 2084
5 2085
5 2096
5 2097
5 2098
5 2099
5 2100
5 2101
5 2102
5 2103
5 2104
5 2105
5 2106
5 2107
5 2108
5 2109
5 2110
5 2111
5 2112
5 2113
5 2114
5 2115
5 2116
5 2117
5 2118
5 2119
5 2120
5 2121
5 2122
5 2123
5 2124
5 2125
5 2126
5 2127
5 2128
5 2130
5 2131
5 2132
5 2133
5 2134
5 2135
5 2136
5 2137
5 2138
5 2139
5 2140
5 2141
5 2142
5 2143
5 2144
5 2145
5 2146
5 2147
5 2148
5 2149
5 2150
5 2151
5 2152
5 2153
5 2154
5 2155
5 2156
5 2157
5 2158
5 2159
5 2160
5 2161
5 2162
5 2163
5 2164
5 2165
5 2166
5 2167
5 2168
5 2169
5 2170
5 2171
5 2172
5 2173
5 2174
5 2175
5 2176
5 2177
5 2178
5 2179
5 2180
5 2181
5 2182
5 2183
5 2184
5 2185
5 2186
5 2187
5 2188
5 2189
5 2190
5 2191
5 2192
5 2193
5 2194
5 2195
5 2196
5 2197
5 2198
5 2199
5 2200
5 2201
5 2202
5 2203
5 2204
5 2205
5 2206
5 2207
5 2208
5 2209
5 2210
5 2212
5 2213
5 2214
5 2215
5 2216
5 2217
5 2218
5 2219
5 2220
5 2221
5 2222
5 2223
5 2224
5 2225
5 2226
5 2227
5 2228
5 2229
5 2230
5 2231
5 2232
5 2233
5 2234
5 2235
5 2236
5 2237
5 2238
5 2239
5 2240
5 2241
5 2242
5 2243
5 2244
5 2245
5 2246
5 2247
5 2248
5 2249
5 2250
5 2251
5 2305
5 2306
5 2308
5 2309
5 2311
5 2363
5 2364
5 2365
5 2366
5 2367
5 2368
5 2369
5 2370
5 2371
5 2372
5 2373
5 2374
5 2375
5 2376
5 2377
5 2378
5 2379
5 2380
5 2381
5 2382
5 2383
5 2384
5 2385
5 2386
5 2387
5 2388
5 2389
5 2390
5 2391
5 2428
5 2429
5 2430
5 2431
5 2432
5 2433
5 2434
5 2435
5 2436
5 2437
5 2438
5 2439
5 2440
5 2441
5 2442
5 2443
5 2444
5 2445
5 2446
5 2447
5 2448
5 2449
5 2450
5 2451
5 2452
5 2453
5 2454
5 2455
5 2456
5 2457
5 2458
5 2459
5 2460
5 2461
5 2462
5 2463
5 2464
5 2465
5 2466
5 2467
5 2468
5 2469
5 2470
5 2471
5 2472
5 2473
5 2474
5 2475
5 2476
5 2477
5 2478
5 2479
5 2481
5 2482
5 2483
5 2484
5 2485
5 2486
5 2487
5 2488
5 2489
5 2490
5 2491
5 2492
5 2493
5 2494
5 2495
5 2496
5 2497
5 2498
5 2499
5 2500
5 2501
5 2502
5 2503
5 2504
5 2505
5 2506
5 2507
5 2508
5 2509
5 2510
5 2511
5 2512
5 2513
5 2514
5 2515
5 2516
5 2517
5 2518
5 2519
5 2520
5 2521
5 2522
5 2523
5 2524
5 2525
5 2526
5 2527
5 2528
5 2529
5 2530
5 2531
5 2532
5 2533
5 2534
5 2535
5 2536
5 2537
5 2538
5 2539
5 2540
5 2541
5 2542
5 2543
5 2544
5 2545
5 2546
5 2547
5 2548
5 2549
5 2550
5 2551
5 2552
5 2553
5 2554
5 2555
5 2556
5 2557
5 2558
5 2559
5 2560
5 2561
5 2562
5 2563
5 2564
5 2565
5 2566
5 2567
5 2568
5 2569
5 2570
5 2571
5 2572
5 2573
5 2574
5 2575
5 2576
5 2577
5 2578
5 2579
5 2580
5 2581
5 2582
5 2583
5 2584
5 2585
5 2586
5 2587
5 2588
5 2589
5 2590
5 2591
5 2592
5 2593
5 2594
5 2595
5 2596
5 2597
5 2598
5 2599
5 2600
5 2601
5 2602
5 2603
5 2604
5 2605
5 2606
5 2607
5 2608
5 2609
5 2610
5 2611
5 2612
5 2613
5 2614
5 2615
5 2617
5 2618
5 2619
5 2620
5 2621
5 2622
5 2623
5 2624
5 2625
5 2626
5 2627
5 2628
5 2629
5 2630
5 2631
5 2632
5 2633
5 2634
5 2635
5 2636
5 2637
5 2638
5 2639
5 2640
5 2641
5 2642
5 2643
5 2644
5 2645
5 2646
5 2647
5 2648
5 2649
5 2650
5 2651
5 2652
5 2653
5 2654
5 2655
5 2656
5 2657
5 2658
5 2659
5 2660
5 2661
5 2662
5 2663
5 2664
5 2665
5 2666
5 2667
5 2668
5 2669
5 2670
5 2671
5 2672
5 2673
5 2674
5 2675
5 2676
5 2677
5 2678
5 2679
5 2680
5 2681
5 2682
5 2683
5 2684
5 2685
5 2686
5 2687
5 2688
5 2689
5 2690
5 2691
5 2705
5 2706
5 2709
5 2720
5 2721
5 2735
5 2749
5 2761
5 2780
5 2782
5 2784
5 2802
5 2812
5 2824
5 2835
5 2838
5 2839
5 2840
5 2841
5 2842
5 2843
5 2844
5 2845
5 2846
5 2847
5 2848
5 2849
5 2850
5 2851
5 2852
5 2853
5 2854
5 2855
5 2856
5 2857
5 2858
5 2859
5 2860
5 2861
5 2862
5 2863
5 2864
5 2865
5 2866
5 2867
5 2868
5 2869
5 2870
5 2871
5 2872
5 2873
5 2874
5 2875
5 2876
5 2877
5 2878
5 2879
5 2880
5 2881
5 2882
5 2883
5 2884
5 2885
5 2886
5 2887
5 2888
5 2889
5 2890
5 2891
5 2892
5 2893
5 2894
5 2895
5 2896
5 2897
5 2898
5 2899
5 2900
5 2901
5 2902
5 2903
5 2904
5 2905
5 2906
5 2907
5 2908
5 2909
5 2910
5 2911
5 2912
5 2913
5 2914
5 2915
5 2916
5 2917
5 2918
5 2919
5 2920
5 2921
5 2922
5 2923
5 2924
5 2925
5 2926
5 2927
5 2928
5 2929
5 2930
5 2931
5 2932
5 2933
5 2934
5 2935
5 2936
5 2937
5 2938
5 2939
5 2940
5 2941
5 2942
5 2943
5 2944
5 2945
5 2946
5 2947
5 2948
5 2949
5 2950
5 2951
5 2952
5 2953
5 2954
5 2955
5 2956
5 2957
5 2958
5 2959
5 2960
5 2961
5 2962
5 2963
5 2964
5 2965
5 2966
5 2967
5 2968
5 2969
5 2970
5 2971
5 2972
5 2973
5 2974
5 2975
5 2976
5 2977
5 2978
5 2979
5 2980
5 2988
5 3014
5 3015
5 3042
5 3043
5 3052
5 3068
5 3072
5 3075
5 3076
5 3077
5 3078
5 3079
5 3080
5 3081
5 3082
5 3083
5 3084
5 3085
5 3086
5 3087
5 3088
5 3089
5 3090
5 3091
5 3092
5 3093
5 3094
5 3095
5 3096
5 3097
5 3098
5 3099
5 3100
5 3101
5 3102
5 3103
5 3104
5 3105
5 3106
5 3107
5 3108
5 3109
5 3110
5 3111
5 3112
5 3113
5 3114
5 3115
5 3116
5 3117
5 3118
5 3119
5 3120
5 3121
5 3122
5 3123
5 3124
5 3125
5 3126
5 3127
5 3128
5 3129
5 3130
5 3131
5 3132
5 3133
5 3134
5 3135
5 3136
5 3137
5 3138
5 3140
5 3141
5 3148
5 3149
5 3150
5 3151
5 3152
5 3153
5 3154
5 3155
5 3156
5 3157
5 3158
5 3159
5 3160
5 3161
5 3162
5 3163
5 3164
5 3165
5 3166
5 3167
5 3168
5 3169
5 3170
5 3171
5 3172
5 3173
5 3174
5 3175
5 3176
5 3177
5 3178
5 3179
5 3180
5 3181
5 3182
5 3183
5 3184
5 3185
5 3186
5 3187
5 3188
5 3189
5 3190
5 3191
5 3192
5 3193
5 3194
5 3195
5 3196
5 3197
5 3198
5 3199
5 3200
5 3201
5 3202
5 3203
5 3204
5 3205
5 3206
5 3207
5 3208
5 3209
5 3210
5 3211
5 3212
5 3213
5 3214
5 3215
5 3216
5 3217
5 3218
5 3219
5 3220
5 3221
5 3222
5 3223
5 3224
5 3225
5 3226
5 3227
5 3228
5 3229
5 3230
5 3231
5 3232
5 3233
5 3234
5 3235
5 3236
5 3237
5 3238
5 3239
5 3240
5 3241
5 3242
5 3243
5 3244
5 3245
5 3246
5 3247
5 3248
5 3249
5 3250
5 3251
5 3252
5 3253
5 3254
5 3255
5 3256
5 3257
5 3258
5 3259
5 3260
5 3261
5 3262
5 3263
5 3264
5 3265
5 3266
5 3267
5 3268
5 3269
5 3270
5 3271
5 3272
5 3273
5 3274
5 3275
5 3276
5 3277
5 3278
5 3279
5 3280
5 3281
5 3282
5 3283
5 3284
5 3285
5 3286
5 3287
5 3288
5 3289
5 3290
5 3291
5 3295
5 3296
5 3297
5 3304
5 3306
5 3307
5 3308
5 3310
5 3312
5 3314
5 3315
5 3316
5 3317
5 3318
5 3319
5 3320
5 3321
5 3322
5 3323
5 3324
5 3325
5 3326
5 3327
5 3328
5 3329
5 3330
5 3331
5 3332
5 3333
5 3334
5 3335
5 3336
5 3337
5 3339
5 3340
5 3341
5 3342
5 3343
5 3344
5 3345
5 3346
5 3347
5 3348
5 3349
5 3350
5 3351
5 3352
5 3353
5 3355
5 3357
5 3358
5 3359
5 3361
5 3362
5 3363
5 3364
5 3365
5 3366
5 3367
5 3368
5 3369
5 3370
5 3371
5 3372
5 3374
5 3375
5 3376
5 3377
5 3378
5 3379
5 3380
5 3381
5 3382
5 3383
5 3384
5 3385
5 3386
5 3387
5 3388
5 3389
5 3390
5 3391
5 3392
5 3393
5 3394
5 3395
5 3396
5 3397
5 3398
5 3399
5 3400
5 3401
5 3402
5 3403
5 3404
5 3405
5 3406
5 3407
5 3408
5 3409
5 3410
5 3411
5 3412
5 3413
5 3414
5 3415
5 3416
5 3417
5 3418
5 3419
5 3420
5 3421
5 3422
5 3423
5 3424
5 3425
5 3426
5 3427
5 3428
5 3429
5 3430
5 3431
5 3432
5 3433
5 3434
5 3435
5 3436
5 3437
5 3438
5 3439
5 3440
5 3441
5 3442
5 3443
5 3444
5 3445
5 3446
5 3447
5 3448
5 3449
5 3451
5 3452
5 3453
5 3454
5 3455
5 3456
5 3457
5 3458
5 3459
5 3461
5 3462
5 3463
5 3464
5 3465
5 3466
5 3467
5 3468
5 3469
5 3470
5 3471
5 3472
5 3473
5 3475
5 3476
5 3477
5 3478
5 3479
5 3480
5 3481
5 3482
5 3483
5 3484
5 3485
5 3486
5 3487
5 3488
5 3489
5 3490
5 3491
5 3492
5 3493
5 3494
5 3496
5 3497
5 3498
5 3499
5 3500
5 3501
5 3502
5 3527
5 3544
5 3553
5 3554
5 3555
5 3556
5 3557
5 3558
5 3561
5 3569
5 3573
5 3578
5 3589
5 3611
5 3612
5 3613
5 3614
5 3615
5 3616
5 3617
5 3618
5 3620
5 3621
5 3622
5 3624
5 3625
5 3626
5 3627
5 3628
5 3629
5 3630
5 3631
5 3632
5 3633
5 3634
5 3635
5 3636
5 3637
5 3638
5 3639
5 3640
5 3641
5 3642
5 3643
5 3644
5 3645
5 3646
5 3647
5 3648
5 3649
5 3650
5 3651
5 3652
5 3653
5 3654
5 3655
5 3656
5 3657
5 3658
5 3659
5 3660
5 3661
5 3662
5 3663
5 3664
5 3665
5 3666
5 3667
5 3668
5 3669
5 3670
5 3671
5 3672
5 3673
5 3674
5 3675
5 3676
5 3677
5 3678
5 3679
5 3680
5 3681
5 3682
5 3683
5 3684
5 3685
5 3686
5 3687
5 3688
5 3689
5 3690
5 3691
5 3692
5 3693
5 3694
5 3695
5 3696
5 3697
5 3698
5 3699
5 3700
5 3701
5 3702
5 3703
5 3704
5 3705
5 3706
5 3707
5 3708
5 3709
5 3710
5 3711
5 3712
5 3713
5 3714
5 3715
5 3716
5 3717
5 3718
5 3719
5 3720
5 3721
5 3722
5 3723
5 3724
5 3725
5 3726
5 3727
5 3728
5 3729
5 3730
5 3731
5 3732
5 3733
5 3734
5 3735
5 3736
5 3737
5 3738
5 3739
5 3740
5 3741
5 3742
5 3743
5 3744
5 3745
5 3746
5 3747
5 3748
5 3749
5 3750
5 3751
5 3752
5 3753
5 3754
5 3755
5 3756
5 3757
5 3758
5 3759
5 3760
5 3761
5 3762
5 3763
5 3764
5 3765
5 3766
5 3767
5 3768
5 3769
5 3770
5 3771
5 3772
5 3773
5 3774
5 3775
5 3776
5 3777
5 3778
5 3779
5 3780
5 3781
5 3782
5 3783
5 3784
5 3785
5 3786
5 3787
5 3788
5 3789
5 3790
5 3791
5 3792
5 3793
5 3794
5 3795
5 3796
5 3797
5 3798
5 3799
5 3800
5 3801
5 3802
5 3803
5 3804
5 3805
5 3806
5 3807
5 3808
5 3809
5 3810
5 3811
5 3812
5 3813
5 3814
5 3815
5 3816
5 3817
5 3818
5 3819
5 3820
5 3821
5 3822
5 3823
5 3824
5 3825
5 3826
5 3827
5 3828
5 3829
5 3830
5 3831
5 3832
5 3833
5 3834
5 3835
5 3836
5 3837
5 3838
5 3839
5 3840
5 3841
5 3842
5 3843
5 3845
5 3847
5 3848
5 3849
5 3850
5 3851
5 3852
5 3853
5 3854
5 3855
5 3881
5 3882
5 3883
5 3884
5 3885
5 3886
5 3887
5 3888
5 3889
5 3890
5 3891
5 3892
5 3893
5 3894
5 3895
5 3896
5 3897
5 3898
5 3899
5 3900
5 3901
5 3902
5 3903
5 3904
5 3905
5 3906
5 3907
5 3908
5 3909
5 3910
5 3911
5 3912
5 3913
5 3914
5 3915
5 3916
5 3917
5 3918
5 3919
5 3920
5 3921
5 3922
5 3923
5 3924
5 3925
5 3926
5 3927
5 3928
5 3929
5 3930
5 3931
5 3932
5 3933
5 3934
5 3935
5 3936
5 3937
5 3938
5 3939
5 3940
5 3941
5 3942
5 3943
5 3944
5 3945
5 3946
5 3947
5 3948
5 3949
5 3950
5 3951
5 3952
5 3953
5 3954
5 3955
5 3956
5 3957
5 3958
5 3959
5 3960
5 3961
5 3962
5 3963
5 3964
5 3965
5 3966
5 3967
5 3968
5 3969
5 3970
5 3971
5 3972
5 3973
5 3974
5 3975
5 3976
5 3977
5 3978
5 3979
5 3980
5 3981
5 3982
5 3983
5 3984
5 3985
5 3986
5 3987
5 3988
5 3989
5 3990
5 3991
5 3992
5 3993
5 3994
5 3995
5 3996
5 3997
5 4009
5 4011
5 4012
5 4013
5 4014
5 4015
5 4016
5 4017
5 4018
5 4019
5 4045
5 4046
5 4047
5 4048
5 4049
5 4050
5 4051
5 4052
5 4053
5 4067
5 4073
5 4084
5 4148
5 4149
5 4150
5 4240
5 4247
5 4248
5 4321
5 4322
5 4323
5 4324
5 4325
5 4326
5 4327
5 4328
5 4329
5 4330
5 4331
5 4332
5 4333
5 4334
5 4335
5 4336
5 4337
5 4338
5 4339
5 4340
5 4341
5 4342
5 4343
5 4344
5 4345
5 4346
5 4347
5 4348
5 4349
5 4354
5 4357
5 4358
5 4359
5 4360
5 4361
5 4362
5 4363
5 4364
5 4365
5 4366
5 4367
5 4368
5 4369
5 4370
5 4371
5 4372
5 4373
5 4374
5 4375
5 4376
5 4377
5 4378
5 4379
5 4380
5 4381
5 4382
5 4383
5 4384
5 4385
5 4387
5 4388
5 4389
5 4390
5 4391
5 4392
5 4393
5 4394
5 4395
5 4396
5 4397
5 4398
5 4399
5 4400
5 4401
5 4402
5 4403
5 4404
5 4405
5 4406
5 4407
5 4408
5 4409
5 4410
5 4411
5 4412
5 4413
5 4414
5 4415
5 4416
5 4417
5 4418
5 4419
5 4420
5 4421
5 4422
5 4423
5 4424
5 4425
5 4426
5 4427
5 4428
5 4429
5 4430
5 4431
5 4432
5 4433
5 4434
5 4435
5 4436
5 4437
5 4438
5 4439
5 4440
5 4441
5 4442
5 4443
5 4444
5 4445
5 4446
5 4447
5 4448
5 4449
5 4450
5 4451
5 4452
5 4453
5 4454
5 4455
5 4456
5 4457
5 4458
5 4459
5 4460
5 4461
5 4462
5 4463
5 4464
5 4465
5 4466
5 4467
5 4468
5 4469
5 4470
5 4471
5 4472
5 4473
5 4474
5 4475
5 4476
5 4477
5 4478
5 4479
5 4480
5 4481
5 4482
5 4483
5 4484
5 4485
5 4486
5 4487
5 4488
5 4489
5 4490
5 4491
5 4492
5 4493
5 4494
5 4495
5 4496
5 4497
5 4498
5 4499
5 4500
5 4501
5 4502
5 4503
5 4504
5 4505
5 4506
5 4507
5 4508
5 4509
5 4510
5 4511
5 4512
5 4513
5 4514
5 4515
5 4516
5 4517
5 4518
5 4519
5 4520
5 4521
5 4522
5 4523
5 4524
5 4525
5 4526
5 4527
5 4528
5 4529
5 4530
5 4531
5 4532
5 4533
5 4534
5 4535
5 4536
5 4537
5 4538
5 4539
5 4540
5 4541
5 4542
5 4543
5 4544
5 4545
5 4546
5 4547
5 4548
5 4549
5 4550
5 4551
5 4552
5 4553
5 4554
5 4555
5 4556
5 4557
5 4558
5 4559
5 4560
5 4561
5 4562
5 4563
5 4564
5 4565
5 4566
5 4567
5 4568
5 4569
5 4570
5 4571
5 4572
5 4573
5 4574
5 4575
5 4576
5 4577
5 4578
5 4579
5 4580
5 4581
5 4582
5 4583
5 4584
5 4585
5 4586
5 4587
5 4588
5 4589
5 4590
5 4591
5 4592
5 4593
5 4594
5 4595
5 4596
5 4597
5 4598
5 4599
5 4600
5 4601
5 4602
5 4603
5 4604
5 4605
5 4606
5 4607
5 4608
5 4609
5 4610
5 4611
5 4612
5 4613
5 4614
5 4615
5 4616
5 4617
5 4618
5 4619
5 4620
5 4621
5 4622
5 4623
5 4624
5 4625
5 4626
5 4627
5 4628
5 4629
5 4630
5 4631
5 4632
5 4633
5 4634
5 4635
5 4636
5 4637
5 4638
5 4639
5 4640
5 4641
5 4642
5 4643
5 4644
5 4645
5 4646
5 4647
5 4648
5 4649
5 4650
5 4651
5 4652
5 4653
5 4654
5 4655
5 4656
5 4657
5 4658
5 4659
5 4663
5 4664
5 4666
5 4675
5 4676
5 4677
5 4678
5 4679
5 4680
5 4681
5 4682
5 4683
5 4684
5 4685
5 4686
5 4687
5 4688
5 4689
5 4690
5 4691
5 4692
5 4693
5 4694
5 4695
5 4696
5 4697
5 4698
5 4699
5 4700
5 4701
5 4702
5 4703
5 4704
5 4705
5 4706
5 4708
5 4709
5 4710
5 4711
5 4712
5 4713
5 4714
5 4715
5 4716
5 4717
5 4718
5 4719
5 4720
5 4721
5 4722
5 4723
5 4725
5 4726
5 4727
5 4728
5 4729
5 4730
5 4731
5 4732
5 4733
5 4734
5 4735
5 4736
5 4737
5 4738
5 4744
5 4745
5 4746
5 4747
5 4748
5 4749
5 4750
5 4751
5 4752
5 4753
5 4754
5 4755
5 4756
5 4757
5 4758
5 4759
5 4760
5 4761
5 4762
5 4763
5 4764
5 4765
5 4766
5 4767
5 4768
5 4769
5 4770
5 4771
5 4772
5 4773
5 4774
5 4775
5 4776
5 4777
5 4778
5 4779
5 4780
5 4781
5 4782
5 4783
5 4784
5 4785
5 4786
5 4787
5 4788
5 4789
5 4790
5 4791
5 4792
5 4793
5 4794
5 4795
5 4796
5 4797
5 4798
5 4799
5 4800
5 4801
5 4806
5 4944
5 4967
5 5017
5 5219
5 5587
5 5588
5 5589
5 5590
5 5596
5 5597
5 5598
5 5599
5 5600
5 5601
5 5602
5 5603
5 5604
5 5605
5 5606
5 5607
5 5608
5 5609
5 5610
5 5611
5 5612
5 5613
5 5614
5 5615
5 5616
5 5617
5 5618
5 5619
5 5620
5 5621
5 5622
5 5623
5 5624
5 5625
5 5626
5 5627
5 5628
5 5629
5 5630
5 5631
5 5632
5 5633
5 5634
5 5635
5 5636
5 5637
5 5649
5 5650
5 5651
5 5657
5 5665
5 5672
5 5681
5 5742
5 5768
5 5822
5 5823
5 5824
5 5825
5 5838
5 5839
5 5848
5 5852
5 5856
5 5859
5 6095
5 6096
5 6097
5 6098
5 6100
5 6101
5 6102
5 6103
5 6106
5 6135
5 6149
5 6150
5 6151
5 6152
5 6153
5 6154
5 6170
5 6173
5 6179
5 6188
5 6191
5 6194
5 6209
5 6228
5 6247
5 6291
5 6309
5 6310
5 6311
5 6312
5 6313
5 6314
5 6315
5 6316
5 6317
5 6318
5 6319
5 6326
5 6330
5 6381
5 6401
5 6418
5 6425
5 6485
5 6518
5 6525
5 6530
5 6534
5 6538
5 6544
5 6551
5 6554
5 6558
5 6562
5 6566
5 6569
5 6589
5 6591
5 6592
5 6593
5 6594
5 6595
5 6596
5 6597
5 6598
5 6599
5 6600
5 6601
5 6602
5 6603
5 6604
5 6605
5 6606
5 6607
5 6608
5 6629
5 6631
5 6632
5 6633
5 6634
5 6635
5 6636
5 6637
5 6638
5 6639
5 6640
5 6641
5 6642
5 6643
5 6645
5 6646
5 6647
5 6648
5 6649
5 6650
5 6651
5 6652
5 6653
5 6654
5 6655
5 6656
5 6657
5 6659
5 6660
5 6661
5 6675
5 6676
5 6683
5 6715
5 6724
5 6728
5 6743
5 6759
5 6761
5 6786
5 6788
5 6789
5 6790
5 6791
5 6795
5 6796
5 6797
5 6798
5 6799
5 6800
5 6801
5 6802
5 6803
5 6804
5 6805
5 6806
5 6807
5 6808
5 6809
5 6810
5 6811
5 6812
5 6813
5 6814
5 6815
5 6816
5 6817
5 6818
5 6819
5 6820
5 6821
5 6822
5 6823
5 6824
5 6825
5 6826
5 6827
5 6828
5 6829
5 6830
5 6831
5 6832
5 6833
5 6834
5 6835
5 6836
5 6837
5 6838
5 6839
5 6840
5 6841
5 6842
5 6843
5 6844
5 6845
5 6846
5 6847
5 6848
5 6849
5 6850
5 6851
5 6852
5 6853
5 6854
5 6855
5 6856
5 6857
5 6858
5 6859
5 6860
5 6861
5 6862
5 6863
5 6864
5 6865
5 6866
5 6867
5 6868
5 6869
5 6870
5 6871
5 6872
5 6873
5 6874
5 6875
5 6876
5 6877
5 6878
5 6879
5 6880
5 6881
5 6882
5 6883
5 6884
5 6885
5 6886
5 6887
5 6888
5 6889
5 6890
5 6891
5 6892
5 6906
5 6907
5 6908
5 6909
5 6924
5 6925
5 6926
5 6927
5 6928
5 6929
5 6930
5 6931
5 6932
5 6933
5 6934
5 6935
5 6936
5 6937
5 6938
5 6939
5 6940
5 6941
5 6942
5 6943
5 6944
5 6945
5 6946
5 6947
5 6948
5 6949
5 6950
5 6951
5 6952
5 6953
5 6954
5 6955
5 6956
5 6957
5 6958
5 6959
5 6960
5 6961
5 6962
5 6963
5 6964
5 6965
5 6966
5 6967
5 6968
5 6970
5 6971
5 6972
5 6973
5 6974
5 6977
5 7091
5 7092
5 7093
5 7103
5 7109
5 7115
5 7188
5 7191
5 7195
5 7201
5 7245
5 7316
5 7425
5 7481
5 7482
5 7483
5 7485
5 7489
5 7490
5 7494
5 7500
5 7501
5 7502
5 7503
5 7504
5 7509
5 7510
5 7511
5 7512
5 7513
5 7514
5 7515
5 7516
5 7517
5 7518
5 7519
5 7520
5 7521
5 7522
5 7523
5 7524
5 7525
5 7526
5 7571
5 7660
5 7662
5 7747
5 8049
5 8102
5 8103
5 8104
5 8105
5 8106
5 8107
5 8108
5 8109
5 8110
5 8111
5 8112
5 8113
5 8114
5 8115
5 8116
5 8117
5 8118
5 8119
5 8120
5 8121
5 8122
5 8127
5 8128
5 8129
5 8130
5 8131
5 8138
5 8169
5 8170
5 8231
5 8359
5 8385
5 8531
5 8573
5 8578
5 8580
5 8598
5 8624
5 8708
5 8709
5 8825
5 8826
5 8827
5 8828
5 8829
5 8830
5 8831
5 8843
5 8844
5 8845
5 8851
5 8853
5 8862
5 8874
5 8876
5 8880
5 8933
5 9039
5 9040
5 9041
5 9042
5 9043
5 9059
5 9060
5 9061
5 9062
5 9063
5 9064
5 9065
5 9066
5 9067
5 9068
5 9069
5 9070
5 9071
5 9072
5 9073
5 9074
5 9075
5 9076
5 9077
5 9078
5 9079
5 9080
5 9081
5 9082
5 9083
5 9084
5 9085
5 9086
5 9087
5 9088
5 9089
5 9090
5 9091
5 9092
5 9093
5 9094
5 9095
5 9096
5 9097
5 9098
5 9099
5 9100
5 9101
5 9102
5 9103
5 9104
5 9105
5 9106
5 9107
5 9108
5 9109
5 9110
5 9111
5 9112
5 9113
5 9115
5 9116
5 9117
5 9118
5 9119
5 9120
5 9121
5 9122
5 9123
5 9124
5 9125
5 9126
5 9127
5 9128
5 9129
5 9130
5 9131
5 9132
5 9133
5 9134
5 9135
5 9136
5 9137
5 9138
5 9139
5 9140
5 9141
5 9142
5 9143
5 9144
5 9145
5 9146
5 9147
5 9148
5 9149
5 9150
5 9151
5 9152
5 9153
5 9154
5 9155
5 9156
5 9157
5 9158
5 9159
5 9160
5 9161
5 9162
5 9163
5 9292
5 9293
5 9294
5 9296
5 9297
5 9298
5 9299
5 9300
5 9301
5 9302
5 9303
5 9304
5 9305
5 9306
5 9307
5 9308
5 9309
5 9310
5 9311
5 9312
5 9313
5 9314
5 9315
5 9316
5 9317
5 9318
5 9319
5 9320
5 9321
5 9322
5 9323
5 9324
5 9325
5 9326
5 9327
5 9328
5 9329
5 9330
5 9331
5 9332
5 9333
5 9334
5 9335
5 9336
5 9337
5 9338
5 9339
5 9340
5 9345
5 9346
5 9347
5 9349
5 9351
5 9493
5 9556
5 9557
5 9558
5 9891
5 9904
5 9907
5 9910
5 9935
5 9949
5 9958
5 10002
5 10006
5 10010
5 10016
5 10017
5 10023
5 10031
5 10036
5 10043
5 10050
5 10056
5 10071
5 10078
5 10084
5 10090
5 10096
5 10101
5 10107
5 10112
5 10119
5 10126
5 10131
5 10190
5 10191
5 10198
5 10243
5 10244
5 10245
5 10246
5 10247
5 10248
5 10249
5 10271
5 10272
5 10274
5 10302
5 10319
5 10329
5 10330
5 10331
5 10332
5 10333
5 10334
5 10335
5 10336
5 10337
5 10338
5 10339
5 10340
5 10341
5 10353
5 10359
5 10365
5 10370
5 10377
5 10441
5 10442
5 10443
5 10450
5 10451
5 10452
5 10453
5 10454
5 10455
5 10456
5 10457
5 10458
5 10459
5 10460
5 10461
5 10462
5 10463
5 10464
5 10465
5 10466
5 10467
5 10468
5 10469
5 10470
5 10471
5 10472
5 10473
5 10474
5 10475
5 10476
5 10477
5 10478
5 10479
5 10480
5 10481
5 10482
5 10483
5 10484
5 10485
5 10486
5 10487
5 10488
5 10489
5 10490
5 10491
5 10492
5 10493
5 10494
5 10495
5 10496
5 10497
5 10498
5 10500
5 10501
5 10514
5 10515
5 10528
5 10529
5 10543
5 10572
5 10579
5 10603
5 10615
5 10622
5 10637
5 10639
5 10641
5 10643
5 10645
5 10653
5 10654
5 10664
5 10667
5 10669
5 10670
5 10678
5 10681
5 10682
5 10683
5 10684
5 10685
5 10686
5 10687
5 10688
5 10689
5 10690
5 10691
5 10692
5 10693
5 10694
5 10695
5 10696
5 10697
5 10698
5 10699
5 10700
5 10701
5 10702
5 10703
5 10704
5 10705
5 10706
5 10707
5 10708
5 10709
5 10710
5 10711
5 10712
5 10713
5 10714
5 10715
5 10716
5 10717
5 10718
5 10719
5 10720
5 10721
5 10722
5 10723
5 10724
5 10725
5 10726
5 10727
5 10728
5 10729
5 10832
5 10841
5 10842
5 10843
5 10844
5 10845
5 10846
5 10847
5 10848
5 10849
5 10850
5 10851
5 10852
5 10853
5 10854
5 10855
5 10856
5 10857
5 10858
5 10859
5 10869
5 10870
5 10871
5 10872
5 10873
5 10874
5 10875
5 10876
5 10877
5 10878
5 10879
5 10883
5 10884
5 10885
5 10886
5 10892
5 10918
5 10922
5 10923
5 10924
5 10927
5 10930
5 10931
5 10932
5 10933
5 10934
5 10935
5 10936
5 10937
5 10938
5 10939
5 10940
5 10952
5 10965
5 10968
5 10969
5 10970
5 10971
5 10972
5 10973
5 10974
5 10975
5 10976
5 10977
5 10978
5 10979
5 10980
5 10981
5 10982
5 10983
5 10984
5 10985
5 10986
5 10987
5 10988
5 10989
5 10990
5 11061
5 11062
5 11063
5 11064
5 11065
5 11066
5 11067
5 11068
5 11069
5 11070
5 11071
5 11072
5 11073
5 11074
5 11075
5 11076
5 11077
5 11078
5 11079
5 11080
5 11095
5 11097
5 11099
5 11126
5 11130
5 11138
5 11142
5 11147
5 11151
5 11155
5 11159
5 11163
5 11167
5 11172
5 11176
5 11178
5 11182
5 11186
5 11190
5 11193
5 11197
5 11201
5 11205
5 11213
5 11215
5 11216
5 11219
5 11236
5 11243
5 11246
5 11250
5 11253
5 11258
5 11262
5 11267
5 11272
5 11277
5 11282
5 11290
5 11293
5 11297
5 11310
5 11313
5 11314
5 11315
5 11318
5 11323
5 11327
5 11331
5 11336
5 11339
5 11343
5 11347
5 11362
5 11366
5 11372
5 11377
5 11380
5 11381
5 11382
5 11383
5 11384
5 11385
5 11386
5 11387
5 11388
5 11389
5 11390
5 11391
5 11392
5 11393
5 11394
5 11395
5 11396
5 11397
5 11398
5 11399
5 11400
5 11401
5 11402
5 11403
5 11404
5 11405
5 11406
5 11407
5 11408
5 11409
5 11410
5 11411
5 11424
5 11451
5 11455
5 11462
5 11470
5 11474
5 11480
5 11485
5 11489
5 11493
5 11498
5 11890
5 11891
5 11892
5 11893
5 11894
5 11900
5 12346
5 12347
5 12348
5 12349
5 12350
5 12351
5 12352
5 12353
5 12354
5 12355
5 12388
5 12389
5 12390
5 12391
5 12392
5 12427
5 12448
5 12449
5 12450
5 12486
5 12526
5 12534
5 12539
5 12541
5 12545
5 12546
5 12547
5 12548
5 12549
5 12550
5 12551
5 12552
5 12553
5 12554
5 12555
5 12556
5 12557
5 12558
5 12559
5 12560
5 12561
5 12562
5 12563
5 12564
5 12565
5 12566
5 12567
5 12581
5 12589
5 12592
5 12593
5 12594
5 12595
5 12596
5 12597
5 12598
5 12599
5 12600
5 12601
5 12602
5 12603
5 12604
5 12605
5 12606
5 12607
5 12608
5 12609
5 12610
5 12611
5 12612
5 12613
5 12614
5 12615
5 12616
5 12618
5 12619
5 12620
5 12621
5 12622
5 12623
5 12624
5 12625
5 12626
5 12627
5 12628
5 12629
5 12630
5 12631
5 12632
5 12633
5 12634
5 12635
5 12636
5 12637
5 12638
5 12639
5 12640
5 12641
5 12642
5 12643
5 12644
5 12645
5 12646
5 12653
5 12654
5 12658
5 12659
5 12660
5 12661
5 12662
5 12663
5 12664
5 12665
5 12666
5 12667
5 12668
5 12669
5 12670
5 12681
5 12682
5 12683
5 12684
5 12685
5 12686
5 12687
5 12688
5 12689
5 12690
5 12691
5 12692
5 12693
5 12694
5 12695
5 12717
5 12729
5 12768
5 12789
5 12790
5 12826
5 12842
5 12872
5 12896
5 12897
5 12898
5 12899
5 12900
5 12901
5 12902
5 12903
5 12904
5 12905
5 12906
5 12907
5 12908
5 12909
5 12910
5 12911
5 12912
5 12913
5 12914
5 12915
5 12916
5 12917
5 12918
5 12919
5 12920
5 12921
5 12922
5 12923
5 12924
5 12925
5 12926
5 12927
5 12928
5 12929
5 12930
5 12931
5 12932
5 12933
5 12934
5 12935
5 12936
5 12937
5 12938
5 12939
5 12940
5 12941
5 12942
5 12943
5 12944
5 12945
5 12946
5 12947
5 12948
5 12949
5 12950
5 12951
5 12952
5 12953
5 12954
5 12955
5 12956
5 12957
5 12958
5 12959
5 12960
5 12961
5 12962
5 12965
5 12966
5 12978
5 13020
5 13088
5 13473
5 13474
5 13475
5 13476
5 13477
5 13478
5 13479
5 13480
5 13481
5 13482
5 13938
5 13974
5 14061
5 14090
5 14101
5 14105
5 14109
5 14112
5 14114
5 14116
5 14235
5 14236
5 14286
5 14287
5 14288
5 14289
5 14290
5 14291
5 14292
5 14336
5 14390
5 14393
5 14397
5 14400
5 14403
5 14408
5 14412
5 14416
5 14420
5 14423
5 14426
5 14559
5 14560
5 14561
5 14562
5 14563
5 14564
5 14565
5 14566
5 14567
5 14568
5 14569
5 14570
5 14571
5 14572
5 14573
5 14574
5 14575
5 14576
5 14577
5 14578
5 14579
5 14580
5 14581
5 14582
5 14583
5 14584
5 14585
5 14586
5 14587
5 14588
5 14589
5 14590
5 14591
5 14592
5 14593
5 14594
5 14595
5 14596
5 14597
5 14598
5 14599
5 14600
5 14601
5 14602
5 14603
5 14604
5 14605
5 14608
5 14621
5 14625
5 14646
5 14653
5 14661
5 14671
5 14672
5 14696
5 14702
5 14719
5 14721
5 14752
5 14753
5 14837
5 14838
5 14875
5 14876
5 15261
5 15263
5 15269
5 15295
5 15296
5 15314
5 15333
5 15334
5 15335
5 15347
5 15359
5 15360
5 15361
5 15362
5 15363
5 15367
5 15368
5 15379
5 15397
5 15403
5 15404
5 15405
5 15406
5 15407
5 15408
5 15409
5 15410
5 15411
5 15412
5 15413
5 15414
5 15415
5 15416
5 15417
5 15418
5 15419
5 15420
5 15421
5 15422
5 15423
5 15424
5 15425
5 15426
5 15427
5 15428
5 15429
5 15430
5 15431
5 15432
5 15433
5 15434
5 15435
5 15436
5 15437
5 15438
5 15439
5 15440
5 15441
5 15442
5 15443
5 15444
5 15445
5 15446
5 15447
5 15448
5 15449
5 15450
5 15451
5 15452
5 15453
5 15454
5 15455
5 15456
5 15457
5 15458
5 15459
5 15460
5 15461
5 15462
5 15463
5 15464
5 15465
5 15466
5 15467
5 15468
5 15469
5 15470
5 15471
5 15472
5 15473
5 15474
5 15475
5 15476
5 15477
5 15478
5 15479
5 15480
5 15481
5 15482
5 15516
5 15517
5 15518
5 15519
5 15520
5 15521
5 15522
5 15523
5 15524
5 15525
5 15526
5 15527
5 15528
5 15529
5 15530
5 15531
5 15532
5 15533
5 15534
5 15535
5 15536
5 15537
5 15538
5 15539
5 15540
5 15541
5 15542
5 15543
5 15544
5 15545
5 15546
5 15547
5 15548
5 15549
5 15550
5 15551
5 15552
5 15553
5 15554
5 15555
5 15556
5 15557
5 15558
5 15559
5 15560
5 15561
5 15562
5 15563
5 15564
5 15565
5 15566
5 15567
5 15568
5 15569
5 15570
5 15571
5 15572
5 15573
5 15574
5 15575
5 15576
5 15577
5 15578
5 15579
5 15580
5 15581
5 15582
5 15583
5 15584
5 15585
5 15586
5 15587
5 15588
5 15589
5 15590
5 15591
5 15592
5 15593
5 15594
5 15595
5 15596
5 15597
5 15598
5 15599
5 15600
5 15601
5 15602
5 15603
5 15604
5 15605
5 15606
5 15613
5 15614
5 15615
5 15616
5 15617
5 15618
5 15619
5 15620
5 15621
5 15622
5 15623
5 15624
5 15625
5 15626
5 15627
5 15628
5 15629
5 15630
5 15631
5 15632
5 15633
5 15634
5 15635
5 15636
5 15696
5 15697
5 15769
5 15770
5 15771
5 15772
5 15773
5 15774
5 15775
5 15776
5 15777
5 15778
5 15779
5 15780
5 15781
5 15782
5 15783
5 15784
5 15785
5 15786
5 15787
5 15788
5 15789
5 15790
5 15791
5 15792
5 15793
5 15794
5 15795
5 15796
5 15797
5 15798
5 15799
5 15800
5 15801
5 15802
5 15803
5 15804
5 15805
5 15806
5 15807
5 15808
5 15809
5 15810
5 15811
5 15812
5 15813
5 15814
5 15815
5 15816
5 15817
5 15818
5 15819
5 15820
5 15821
5 15822
5 15823
5 15824
5 15825
5 15826
5 15827
5 15828
5 15829
5 15830
5 15831
5 15832
5 15833
5 15834
5 15835
5 15836
5 15837
5 15838
5 15839
5 15840
5 15841
5 15842
5 15843
5 15844
5 15845
5 15846
5 15847
5 15848
5 15849
5 15850
5 15851
5 15852
5 15853
5 15854
5 15855
5 15856
5 15857
5 15858
5 15859
5 15860
5 15861
5 15862
5 15863
5 15864
5 15865
5 15866
5 15867
5 15868
5 15869
5 15870
5 15871
5 15872
5 15873
5 15874
5 15875
5 15876
5 15877
5 15878
5 15879
5 15880
5 15881
5 15882
5 15883
5 15884
5 15885
5 15886
5 15887
5 15888
5 15889
5 15890
5 15891
5 15892
5 15893
5 15894
5 15895
5 15896
5 15897
5 15898
5 15899
5 15949
5 15956
5 15964
5 15991
5 15997
5 16002
5 16011
5 16064
5 16126
5 16132
5 16181
5 16182
5 16183
5 16184
5 16185
5 16186
5 16187
5 16188
5 16189
5 16190
5 16191
5 16192
5 16193
5 16194
5 16195
5 16196
5 16197
5 16198
5 16199
5 16200
5 16201
5 16202
5 16203
5 16204
5 16205
5 16206
5 16207
5 16208
5 16209
5 16210
5 16211
5 16212
5 16475
5 16785
5 16799
5 16808
5 16819
5 16831
5 16833
5 16834
5 16846
5 16853
5 16861
5 16872
5 16873
5 16874
5 16875
5 16876
5 16877
5 16878
5 16879
5 16889
5 16900
5 16906
5 16915
5 16929
5 16939
5 16990
5 16991
5 16992
5 16993
5 16994
5 16995
5 16996
5 17235
5 17239
5 17240
5 17241
5 17242
5 17243
5 17244
5 17245
5 17246
5 17247
5 17248
5 17249
5 17250
5 17251
5 17252
5 17253
5 17254
5 17255
5 17256
5 17257
5 17258
5 17259
5 17260
5 17261
5 17262
5 17263
5 17264
5 17265
5 17266
5 17267
5 17268
5 17269
5 17270
5 17271
5 17272
5 17273
5 17336
5 17337
5 17398
5 17430
5 17431
5 17432
5 17433
5 17434
5 17435
5 17436
5 17437
5 17438
5 17439
5 17440
5 17441
5 17443
5 17444
5 17445
5 17446
5 17447
5 17448
5 17449
5 17450
5 17451
5 17452
5 17453
5 17454
5 17455
5 17456
5 17457
5 17458
5 17459
5 17460
5 17461
5 17462
5 17463
5 17464
5 17465
5 17466
5 17467
5 17468
5 17469
5 17470
5 17471
5 17472
5 17473
5 17474
5 17475
5 17476
5 17477
5 17478
5 17479
5 17480
5 17481
5 17482
5 17483
5 17484
5 17485
5 17486
5 17487
5 17488
5 17489
5 17490
5 17491
5 17492
5 17493
5 17494
5 17495
5 17496
5 17497
5 17498
5 17499
5 17500
5 17501
5 17502
5 17503
5 17504
5 17505
5 17506
5 17507
5 17508
5 17509
5 17510
5 17511
5 17512
5 17513
5 17514
5 17515
5 17516
5 17517
5 17518
5 17519
5 17520
5 17521
5 17522
5 17523
5 17524
5 17525
5 17526
5 17527
5 17528
5 17529
5 17530
5 17531
5 17532
5 17533
5 17534
5 17535
5 17536
5 17537
5 17574
5 17575
5 17576
5 17586
5 17588
5 17589
5 17595
5 17606
5 17607
5 17625
5 17640
5 17658
5 17661
5 17672
5 17673
5 17674
5 17684
5 17685
5 17686
5 17687
5 17688
5 17689
5 17690
5 17691
5 17705
5 17718
5 17749
5 17753
5 17760
5 17761
5 17762
5 17773
5 17774
5 17791
5 17797
5 17799
5 17800
5 17828
5 17843
5 17862
5 17869
5 17871
5 17901
5 17915
5 17923
5 17935
5 17936
5 17937
5 17938
5 17939
5 17940
5 17942
5 17958
5 17973
5 17983
5 17991
5 18004
5 18029
5 18052
5 18056
5 18057
5 18063
5 18068
5 18073
5 18092
5 18096
5 18111
5 18113
5 18125
5 18136
5 18155
5 18162
5 18181
5 18185
5 18188
5 18192
5 18197
5 18234
5 18248
5 18249
5 18250
5 18252
5 18253
5 18255
5 18259
5 18261
5 18262
5 18271
5 18276
5 18283
5 18289
5 18484
5 18488
5 18496
5 18497
5 18498
5 18499
5 18500
5 18501
5 18502
5 18503
5 18507
5 18508
5 18509
5 18510
5 18511
5 18512
5 18516
5 18521
5 18523
5 18530
5 18536
5 18537
5 18538
5 18539
5 18540
5 18541
5 18542
5 18543
5 18544
5 18545
5 18546
5 18547
5 18548
5 18549
5 18550
5 18551
5 18552
5 18553
5 18554
5 18555
5 18556
5 18557
5 18558
5 18559
5 18560
5 18561
5 18562
5 18563
5 18564
5 18565
5 18566
5 18567
5 18568
5 18569
5 18570
5 18571
5 18572
5 18573
5 18574
5 18575
5 18576
5 18577
5 18578
5 18579
5 18580
5 18581
5 18582
5 18583
5 18584
5 18587
5 18588
5 18607
5 18615
5 18922
5 18923
5 19156
5 19157
5 19158
5 19159
5 19160
5 19161
5 19194
5 19195
5 19230
5 19231
5 19232
5 19262
5 19263
5 19264
5 19265
5 19266
5 19267
5 19268
5 19348
5 19349
5 19350
5 19387
5 19388
5 19389
5 19425
5 19426
5 19427
5 19428
5 19429
5 19454
5 19455
5 19456
5 19480
5 19481
5 19609
5 19610
5 19611
5 19643
5 19644
5 19645
5 19646
5 19647
5 19648
5 19649
5 19650
5 19651
5 19682
5 19683
5 19684
5 19685
5 19715
5 19716
5 19717
5 19718
5 19719
5 19809
5 19810
5 19811
5 19812
5 20145
5 20264
5 20265
5 20266
5 20267
5 20268
5 20269
5 20271
5 20279
5 20617
5 20618
6 2
6 975
7 2
7 14
7 733
7 1516
7 1530
7 1531
8 2
8 10
8 44
8 77
8 83
8 194
8 303
8 339
8 358
8 457
8 458
8 496
8 515
8 691
8 692
8 695
8 698
8 699
8 705
8 706
8 707
8 711
8 718
8 719
8 720
8 721
8 1463
8 1465
8 1704
8 1706
8 1707
8 1708
8 1709
8 1710
8 1711
8 1712
8 1713
8 1714
8 1715
8 1716
8 1717
8 1718
8 1719
8 1720
8 2172
8 2687
8 3289
8 3290
8 3291
8 3295
8 4004
8 4006
8 13506
9 2
10 2
10 59
10 83
10 114
10 220
10 254
10 421
10 755
10 756
10 1037
10 1513
10 1523
10 1604
10 1686
10 2308
10 3498
10 4804
10 4967
10 8136
10 8137
10 9908
10 10869
10 10870
10 10871
10 11059
10 11060
11 2
11 833
11 987
11 988
11 2251
11 2252
11 2312
11 2429
11 2430
11 2431
11 2432
11 2436
11 2437
11 2438
11 3502
11 3503
11 3504
11 3505
11 3506
11 3507
11 3508
11 3611
11 3612
11 4350
11 4351
11 4352
11 4353
11 4354
11 4355
11 4356
11 10989
11 11077
11 11078
11 11079
11 11080
11 11081
11 11082
11 11083
11 11084
11 11371
11 11859
11 12585
12 2
12 58
12 624
12 748
12 1513
12 1558
12 1837
12 1838
12 1839
12 1840
12 1841
12 1843
12 1845
12 1846
12 1847
12 1848
12 1849
12 1850
12 1851
12 1852
12 1853
12 1854
12 1855
12 1856
12 1857
12 1859
12 1877
12 1878
12 1879
12 1880
12 1881
12 1882
12 1883
12 1884
12 1885
12 1886
12 1887
12 1888
12 1889
12 1890
12 1891
12 1892
12 1893
12 1894
12 1895
12 1896
12 1897
12 1898
12 1899
12 1900
12 1901
12 1902
12 1903
12 1905
12 1906
12 1907
12 1908
12 1909
12 1910
12 1911
12 1912
12 1913
12 1914
12 1915
12 1916
12 1917
12 1918
12 1919
12 1920
12 1921
12 1922
12 1923
12 1924
12 1925
12 1926
12 1927
12 1928
12 1929
12 1930
12 1931
12 1932
12 1933
12 1934
12 1935
12 1936
12 1937
12 1938
12 1939
12 1940
12 1941
12 1942
12 1943
12 1944
12 1945
12 1946
12 1947
12 1948
12 1949
12 1950
12 1951
12 1952
12 1953
12 1955
12 1956
12 1957
12 1958
12 1959
12 1960
12 1961
12 1962
12 1963
12 1964
12 1965
12 1966
12 1967
12 1968
12 1969
12 1970
12 1971
12 1972
12 1973
12 1976
12 1977
12 1978
12 1979
12 1980
12 1981
12 1982
12 1983
12 1984
12 1985
12 1986
12 1987
12 1988
12 1989
12 1990
12 1991
12 1992
12 1993
12 1994
12 1995
12 1996
12 1997
12 1998
12 1999
12 2000
12 2001
12 2002
12 2003
12 2004
12 2005
12 2006
12 2007
12 2008
12 2009
12 2010
12 2011
12 2013
12 2014
12 2015
12 2016
12 2017
12 2018
12 2019
12 2020
12 2021
12 2022
12 2023
12 2024
12 2025
12 2026
12 2027
12 2028
12 2030
12 2031
12 2032
12 2033
12 2034
12 2035
12 2036
12 2037
12 2038
12 2039
12 2040
12 2041
12 2042
12 2043
12 2044
12 2045
12 2046
12 2047
12 2048
12 2049
12 2050
12 2051
12 2052
12 2053
12 2054
12 2055
12 2056
12 2057
12 2058
12 2059
12 2060
12 2061
12 2062
12 2063
12 2064
12 2065
12 2066
12 2067
12 2068
12 2069
12 2070
12 2071
12 2072
12 2073
12 2075
12 2076
12 2077
12 2078
12 2079
12 2080
12 2081
12 2082
12 2083
12 2084
12 2085
12 2086
12 2087
12 2088
12 2089
12 2090
12 2091
12 2092
12 2093
12 2094
12 2095
12 2096
12 2173
12 2251
12 2252
12 2253
12 2254
12 2255
12 2256
12 2257
12 2258
12 2259
12 2260
12 2261
12 2262
12 2263
12 2264
12 2265
12 2266
12 2267
12 2268
12 2269
12 2270
12 2271
12 2272
12 2273
12 2274
12 2275
12 2276
12 2277
12 2278
12 2279
12 2280
12 2281
12 2282
12 2283
12 2284
12 2285
12 2286
12 2287
12 2288
12 2289
12 2290
12 2291
12 2292
12 2293
12 2294
12 2295
12 2296
12 2297
12 2298
12 2299
12 2300
12 2301
12 2302
12 2303
12 2304
12 2305
12 2311
12 2312
12 2313
12 2314
12 2315
12 2316
12 2317
12 2318
12 2319
12 2320
12 2321
12 2322
12 2323
12 2324
12 2325
12 2326
12 2327
12 2328
12 2329
12 2330
12 2331
12 2332
12 2333
12 2334
12 2335
12 2336
12 2337
12 2338
12 2339
12 2340
12 2341
12 2342
12 2343
12 2344
12 2345
12 2346
12 2347
12 2348
12 2349
12 2350
12 2351
12 2352
12 2353
12 2354
12 2355
12 2356
12 2357
12 2358
12 2359
12 2360
12 2361
12 2362
12 2364
12 2391
12 2392
12 2393
12 2394
12 2395
12 2396
12 2397
12 2398
12 2399
12 2400
12 2401
12 2402
12 2403
12 2404
12 2405
12 2406
12 2407
12 2408
12 2409
12 2410
12 2411
12 2412
12 2413
12 2414
12 2415
12 2416
12 2417
12 2418
12 2419
12 2420
12 2421
12 2422
12 2423
12 2424
12 2425
12 2426
12 2427
12 2428
12 2691
12 2692
12 2693
12 2694
12 2695
12 2696
12 2697
12 2698
12 2699
12 2700
12 2701
12 2702
12 2703
12 2704
12 2705
12 2706
12 2707
12 2708
12 2710
12 2711
12 2712
12 2713
12 2714
12 2715
12 2716
12 2717
12 2718
12 2719
12 2720
12 2721
12 2722
12 2723
12 2724
12 2725
12 2726
12 2727
12 2728
12 2729
12 2730
12 2731
12 2732
12 2733
12 2734
12 2735
12 2736
12 2737
12 2738
12 2739
12 2740
12 2741
12 2742
12 2743
12 2744
12 2745
12 2746
12 2747
12 2748
12 2749
12 2750
12 2751
12 2752
12 2753
12 2754
12 2755
12 2756
12 2757
12 2758
12 2759
12 2760
12 2761
12 2762
12 2763
12 2764
12 2765
12 2766
12 2767
12 2768
12 2769
12 2770
12 2771
12 2772
12 2773
12 2774
12 2775
12 2776
12 2777
12 2778
12 2779
12 2780
12 2781
12 2783
12 2785
12 2786
12 2787
12 2788
12 2789
12 2790
12 2791
12 2792
12 2793
12 2794
12 2795
12 2796
12 2797
12 2798
12 2799
12 2800
12 2801
12 2802
12 2803
12 2804
12 2805
12 2806
12 2807
12 2808
12 2809
12 2810
12 2811
12 2812
12 2813
12 2814
12 2815
12 2816
12 2817
12 2818
12 2819
12 2820
12 2821
12 2822
12 2823
12 2824
12 2825
12 2826
12 2827
12 2828
12 2829
12 2830
12 2831
12 2832
12 2833
12 2834
12 2836
12 2837
12 2838
12 2980
12 2981
12 2982
12 2983
12 2984
12 2985
12 2986
12 2987
12 2989
12 2990
12 2991
12 2992
12 2993
12 2994
12 2995
12 2996
12 2997
12 2998
12 2999
12 3000
12 3001
12 3002
12 3003
12 3004
12 3005
12 3006
12 3007
12 3008
12 3009
12 3010
12 3011
12 3012
12 3013
12 3014
12 3015
12 3016
12 3017
12 3018
12 3019
12 3020
12 3021
12 3022
12 3023
12 3024
12 3025
12 3026
12 3027
12 3028
12 3029
12 3030
12 3031
12 3032
12 3033
12 3034
12 3035
12 3036
12 3037
12 3038
12 3039
12 3040
12 3041
12 3042
12 3044
12 3045
12 3046
12 3047
12 3048
12 3049
12 3050
12 3051
12 3053
12 3054
12 3055
12 3056
12 3057
12 3058
12 3059
12 3060
12 3061
12 3062
12 3063
12 3064
12 3065
12 3066
12 3067
12 3068
12 3069
12 3070
12 3071
12 3072
12 3073
12 3074
12 3075
12 3076
12 3353
12 3355
12 3357
12 3358
12 3359
12 3360
12 3361
12 3363
12 3364
12 3365
12 3366
12 3367
12 3368
12 3369
12 3370
12 3371
12 3372
12 3373
12 3375
12 3376
12 3377
12 3378
12 3379
12 3380
12 3381
12 3382
12 3383
12 3384
12 3385
12 3386
12 3436
12 3437
12 3438
12 3439
12 3440
12 3441
12 3442
12 3443
12 3444
12 3445
12 3446
12 3447
12 3448
12 3449
12 3450
12 3451
12 3452
12 3453
12 3454
12 3455
12 3456
12 3457
12 3458
12 3459
12 3460
12 3461
12 3462
12 3463
12 3464
12 3465
12 3466
12 3467
12 3468
12 3469
12 3470
12 3471
12 3472
12 3473
12 3474
12 3614
12 3616
12 3624
12 3625
12 3626
12 3627
12 3629
12 3630
12 3631
12 3632
12 3635
12 3636
12 3637
12 3638
12 3639
12 3640
12 3641
12 3642
12 3643
12 3644
12 3645
12 3648
12 3649
12 3650
12 3651
12 3652
12 3653
12 3654
12 3655
12 3656
12 3657
12 3658
12 3659
12 3660
12 3661
12 3662
12 3663
12 3664
12 3665
12 3666
12 3667
12 3668
12 3669
12 3670
12 3671
12 3672
12 3673
12 3674
12 3675
12 3676
12 3677
12 3678
12 3679
12 3680
12 3681
12 3682
12 3683
12 3684
12 3685
12 3686
12 3687
12 3688
12 3689
12 3690
12 3691
12 3692
12 3693
12 3694
12 3695
12 3696
12 3697
12 3698
12 3699
12 3700
12 3701
12 3702
12 3703
12 3704
12 3705
12 3706
12 3707
12 3708
12 3709
12 3710
12 3711
12 3712
12 3713
12 3714
12 3715
12 3716
12 3717
12 3718
12 3719
12 3721
12 3722
12 3723
12 3724
12 3725
12 3726
12 3727
12 3728
12 3729
12 3730
12 3731
12 3732
12 3733
12 3734
12 3735
12 3736
12 3737
12 3738
12 3739
12 3740
12 3741
12 3742
12 3743
12 3744
12 3745
12 3746
12 3747
12 3748
12 3750
12 3751
12 3752
12 3753
12 3754
12 3755
12 3756
12 3757
12 3758
12 3759
12 3760
12 3761
12 3762
12 3763
12 3764
12 3765
12 3766
12 3767
12 3768
12 3769
12 3770
12 3771
12 3772
12 3773
12 3774
12 3775
12 3776
12 3777
12 3778
12 3779
12 3780
12 3781
12 3782
12 3783
12 3784
12 3785
12 3786
12 3787
12 3788
12 3789
12 3792
12 3793
12 3794
12 3795
12 3796
12 3797
12 3798
12 3799
12 3800
12 3801
12 3802
12 3803
12 3804
12 3805
12 3806
12 3807
12 3808
12 3809
12 3810
12 3811
12 3812
12 3813
12 3814
12 3815
12 3816
12 3817
12 3818
12 3819
12 3820
12 3821
12 3822
12 3823
12 3824
12 3825
12 3826
12 3827
12 3828
12 3829
12 3830
12 3831
12 3832
12 3833
12 3834
12 3835
12 3836
12 3837
12 3838
12 3839
12 3840
12 3841
12 3842
12 3843
12 3844
12 3847
12 3848
12 3849
12 3850
12 3851
12 3852
12 3853
12 3854
12 3855
12 3859
12 4016
12 4017
12 4018
12 4019
12 4020
12 4021
12 4022
12 4023
12 4024
12 4025
12 4026
12 4027
12 4028
12 4029
12 4030
12 4031
12 4032
12 4033
12 4034
12 4035
12 4036
12 4037
12 4038
12 4039
12 4040
12 4041
12 4042
12 4043
12 4044
12 4045
12 4047
12 4048
12 4049
12 4050
12 4051
12 4052
12 4053
12 4054
12 4055
12 4056
12 4057
12 4058
12 4059
12 4060
12 4061
12 4062
12 4063
12 4064
12 4065
12 4066
12 4068
12 4069
12 4070
12 4071
12 4072
12 4074
12 4075
12 4076
12 4077
12 4078
12 4079
12 4080
12 4081
12 4082
12 4083
12 4084
12 4085
12 4086
12 4087
12 4088
12 4089
12 4090
12 4091
12 4092
12 4093
12 4094
12 4095
12 4096
12 4097
12 4098
12 4099
12 4100
12 4101
12 4102
12 4103
12 4104
12 4105
12 4106
12 4107
12 4108
12 4109
12 4110
12 4111
12 4112
12 4113
12 4114
12 4115
12 4116
12 4117
12 4118
12 4119
12 4120
12 4121
12 4122
12 4123
12 4124
12 4125
12 4126
12 4127
12 4128
12 4129
12 4130
12 4131
12 4132
12 4133
12 4134
12 4135
12 4136
12 4137
12 4138
12 4139
12 4140
12 4141
12 4142
12 4143
12 4144
12 4145
12 4146
12 4147
12 4148
12 4150
12 4151
12 4152
12 4153
12 4154
12 4155
12 4156
12 4157
12 4158
12 4159
12 4160
12 4161
12 4162
12 4163
12 4164
12 4165
12 4166
12 4167
12 4168
12 4169
12 4170
12 4171
12 4172
12 4173
12 4174
12 4175
12 4176
12 4177
12 4178
12 4179
12 4180
12 4181
12 4182
12 4183
12 4184
12 4185
12 4186
12 4187
12 4188
12 4189
12 4190
12 4191
12 4192
12 4193
12 4194
12 4195
12 4196
12 4197
12 4198
12 4199
12 4200
12 4201
12 4202
12 4203
12 4204
12 4205
12 4206
12 4207
12 4208
12 4209
12 4210
12 4211
12 4212
12 4213
12 4214
12 4215
12 4216
12 4217
12 4218
12 4219
12 4220
12 4221
12 4222
12 4223
12 4224
12 4225
12 4226
12 4227
12 4228
12 4229
12 4230
12 4231
12 4232
12 4233
12 4234
12 4235
12 4236
12 4237
12 4238
12 4239
12 4240
12 4241
12 4242
12 4243
12 4244
12 4245
12 4246
12 4247
12 4248
12 4249
12 4250
12 4251
12 4252
12 4253
12 4254
12 4255
12 4256
12 4257
12 4258
12 4259
12 4260
12 4261
12 4262
12 4263
12 4264
12 4265
12 4266
12 4267
12 4268
12 4269
12 4270
12 4271
12 4272
12 4273
12 4274
12 4275
12 4276
12 4277
12 4278
12 4279
12 4280
12 4281
12 4282
12 4283
12 4284
12 4285
12 4286
12 4287
12 4288
12 4289
12 4290
12 4291
12 4292
12 4293
12 4294
12 4295
12 4296
12 4297
12 4298
12 4299
12 4300
12 4301
12 4302
12 4303
12 4304
12 4305
12 4306
12 4307
12 4308
12 4309
12 4310
12 4311
12 4312
12 4313
12 4314
12 4315
12 4316
12 4317
12 4318
12 4319
12 4320
12 4336
12 4656
12 4657
12 4658
12 4659
12 4660
12 4661
12 4662
12 4663
12 4664
12 4667
12 4668
12 4669
12 4670
12 4671
12 4672
12 4673
12 4674
12 4710
12 4711
12 4712
12 4713
12 4714
12 4715
12 4716
12 4717
12 4718
12 4719
12 4720
12 4721
12 4722
12 4723
12 4724
12 4725
12 4726
12 4727
12 4728
12 4729
12 4730
12 4731
12 4732
12 4733
12 4734
12 4735
12 4736
12 4737
12 4738
12 4762
12 4810
12 4811
12 4812
12 4813
12 4814
12 4815
12 4816
12 4817
12 4818
12 4819
12 4820
12 4821
12 4822
12 4823
12 4824
12 4825
12 4826
12 4827
12 4828
12 4829
12 4830
12 4831
12 4832
12 4833
12 4834
12 4835
12 4836
12 4837
12 4838
12 4839
12 4840
12 4841
12 4842
12 4843
12 4844
12 4845
12 4846
12 4847
12 4848
12 4849
12 4850
12 4851
12 4852
12 4853
12 4854
12 4855
12 4856
12 4857
12 4858
12 4859
12 4860
12 4861
12 4862
12 4863
12 4864
12 4865
12 4866
12 4867
12 4868
12 4869
12 4870
12 4871
12 4872
12 4873
12 4874
12 4875
12 4876
12 4877
12 4878
12 4879
12 4880
12 4881
12 4882
12 4883
12 4884
12 4885
12 4886
12 4887
12 4888
12 4889
12 4890
12 4891
12 4892
12 4893
12 4894
12 4895
12 4896
12 4897
12 4898
12 4899
12 4900
12 4901
12 4902
12 4903
12 4904
12 4905
12 4906
12 4907
12 4908
12 4909
12 4910
12 4911
12 4912
12 4913
12 4914
12 4915
12 4916
12 4917
12 4918
12 4919
12 4920
12 4921
12 4922
12 4923
12 4924
12 4925
12 4926
12 4927
12 4928
12 4929
12 4930
12 4931
12 4932
12 4933
12 4934
12 4935
12 4936
12 4937
12 4938
12 4939
12 4940
12 4941
12 4942
12 4943
12 4968
12 4969
12 4970
12 5018
12 5019
12 5020
12 5021
12 5022
12 5023
12 5024
12 5025
12 5026
12 5027
12 5028
12 5029
12 5030
12 5031
12 5032
12 5033
12 5034
12 5035
12 5036
12 5037
12 5038
12 5039
12 5040
12 5041
12 5042
12 5043
12 5044
12 5045
12 5046
12 5047
12 5048
12 5049
12 5050
12 5051
12 5052
12 5053
12 5054
12 5055
12 5056
12 5057
12 5058
12 5059
12 5060
12 5061
12 5062
12 5063
12 5064
12 5065
12 5066
12 5067
12 5068
12 5069
12 5070
12 5071
12 5072
12 5073
12 5074
12 5075
12 5076
12 5077
12 5078
12 5079
12 5080
12 5081
12 5082
12 5083
12 5084
12 5085
12 5086
12 5087
12 5088
12 5089
12 5090
12 5091
12 5092
12 5093
12 5094
12 5095
12 5096
12 5097
12 5098
12 5099
12 5100
12 5101
12 5102
12 5103
12 5104
12 5105
12 5106
12 5107
12 5108
12 5109
12 5110
12 5111
12 5112
12 5113
12 5115
12 5116
12 5117
12 5118
12 5119
12 5120
12 5121
12 5122
12 5123
12 5124
12 5125
12 5126
12 5127
12 5128
12 5129
12 5130
12 5131
12 5132
12 5133
12 5134
12 5135
12 5136
12 5137
12 5138
12 5139
12 5140
12 5141
12 5142
12 5143
12 5144
12 5145
12 5146
12 5147
12 5148
12 5149
12 5150
12 5151
12 5152
12 5153
12 5154
12 5155
12 5156
12 5157
12 5158
12 5159
12 5160
12 5161
12 5162
12 5163
12 5164
12 5165
12 5166
12 5167
12 5168
12 5169
12 5170
12 5171
12 5172
12 5173
12 5174
12 5175
12 5176
12 5177
12 5178
12 5179
12 5180
12 5181
12 5182
12 5183
12 5184
12 5185
12 5186
12 5187
12 5188
12 5189
12 5190
12 5191
12 5192
12 5193
12 5194
12 5195
12 5196
12 5197
12 5198
12 5199
12 5200
12 5201
12 5202
12 5203
12 5204
12 5205
12 5206
12 5207
12 5208
12 5209
12 5210
12 5211
12 5212
12 5213
12 5214
12 5215
12 5216
12 5217
12 5218
12 5220
12 5221
12 5222
12 5223
12 5224
12 5225
12 5226
12 5227
12 5228
12 5229
12 5230
12 5231
12 5232
12 5233
12 5234
12 5235
12 5236
12 5237
12 5238
12 5239
12 5240
12 5241
12 5242
12 5243
12 5244
12 5245
12 5246
12 5247
12 5248
12 5249
12 5250
12 5251
12 5252
12 5253
12 5254
12 5255
12 5256
12 5257
12 5258
12 5259
12 5260
12 5262
12 5263
12 5264
12 5265
12 5266
12 5267
12 5268
12 5269
12 5270
12 5271
12 5272
12 5273
12 5274
12 5275
12 5276
12 5277
12 5278
12 5279
12 5280
12 5281
12 5282
12 5283
12 5284
12 5285
12 5286
12 5287
12 5288
12 5289
12 5290
12 5291
12 5292
12 5293
12 5294
12 5295
12 5296
12 5297
12 5298
12 5299
12 5300
12 5301
12 5302
12 5303
12 5304
12 5305
12 5306
12 5307
12 5308
12 5309
12 5310
12 5311
12 5312
12 5313
12 5314
12 5315
12 5316
12 5317
12 5318
12 5319
12 5320
12 5321
12 5322
12 5323
12 5324
12 5325
12 5326
12 5327
12 5328
12 5329
12 5330
12 5331
12 5332
12 5333
12 5334
12 5335
12 5336
12 5337
12 5338
12 5339
12 5340
12 5341
12 5342
12 5343
12 5344
12 5345
12 5346
12 5347
12 5348
12 5349
12 5350
12 5351
12 5352
12 5353
12 5354
12 5355
12 5356
12 5357
12 5358
12 5359
12 5360
12 5361
12 5362
12 5363
12 5364
12 5365
12 5366
12 5367
12 5368
12 5369
12 5370
12 5371
12 5372
12 5373
12 5374
12 5375
12 5376
12 5377
12 5378
12 5379
12 5380
12 5381
12 5382
12 5383
12 5384
12 5385
12 5386
12 5387
12 5388
12 5389
12 5390
12 5391
12 5392
12 5393
12 5394
12 5395
12 5396
12 5397
12 5398
12 5399
12 5400
12 5401
12 5403
12 5404
12 5405
12 5406
12 5407
12 5408
12 5409
12 5410
12 5412
12 5413
12 5414
12 5415
12 5416
12 5418
12 5419
12 5420
12 5421
12 5422
12 5423
12 5424
12 5426
12 5427
12 5428
12 5429
12 5430
12 5431
12 5432
12 5433
12 5434
12 5435
12 5436
12 5437
12 5438
12 5440
12 5441
12 5442
12 5443
12 5444
12 5445
12 5446
12 5448
12 5449
12 5450
12 5451
12 5452
12 5453
12 5454
12 5455
12 5456
12 5457
12 5458
12 5459
12 5460
12 5461
12 5462
12 5463
12 5464
12 5465
12 5466
12 5467
12 5468
12 5469
12 5470
12 5471
12 5472
12 5473
12 5474
12 5475
12 5476
12 5477
12 5478
12 5479
12 5480
12 5481
12 5482
12 5483
12 5484
12 5485
12 5486
12 5487
12 5488
12 5489
12 5490
12 5491
12 5492
12 5493
12 5494
12 5495
12 5496
12 5497
12 5498
12 5499
12 5500
12 5501
12 5502
12 5503
12 5504
12 5505
12 5506
12 5507
12 5508
12 5509
12 5510
12 5511
12 5512
12 5513
12 5514
12 5515
12 5516
12 5517
12 5518
12 5519
12 5520
12 5521
12 5522
12 5523
12 5524
12 5525
12 5526
12 5527
12 5528
12 5529
12 5530
12 5531
12 5532
12 5533
12 5534
12 5535
12 5536
12 5537
12 5538
12 5539
12 5540
12 5541
12 5542
12 5543
12 5544
12 5545
12 5547
12 5548
12 5550
12 5552
12 5556
12 5558
12 5560
12 5562
12 5564
12 5566
12 5567
12 5568
12 5570
12 5572
12 5574
12 5591
12 5592
12 5593
12 5594
12 5595
12 5596
12 5638
12 5639
12 5640
12 5641
12 5642
12 5643
12 5644
12 5645
12 5646
12 5647
12 5648
12 5652
12 5653
12 5654
12 5655
12 5656
12 5658
12 5659
12 5660
12 5661
12 5662
12 5663
12 5664
12 5666
12 5667
12 5668
12 5669
12 5670
12 5671
12 5673
12 5674
12 5675
12 5676
12 5677
12 5678
12 5679
12 5680
12 5681
12 5682
12 5683
12 5684
12 5685
12 5686
12 5687
12 5688
12 5689
12 5690
12 5691
12 5692
12 5693
12 5694
12 5695
12 5696
12 5697
12 5698
12 5699
12 5700
12 5701
12 5702
12 5703
12 5704
12 5705
12 5706
12 5707
12 5708
12 5709
12 5710
12 5711
12 5712
12 5713
12 5714
12 5715
12 5716
12 5717
12 5718
12 5719
12 5720
12 5721
12 5722
12 5723
12 5724
12 5725
12 5726
12 5727
12 5728
12 5729
12 5730
12 5731
12 5732
12 5733
12 5734
12 5735
12 5736
12 5737
12 5738
12 5739
12 5740
12 5741
12 5742
12 5743
12 5744
12 5745
12 5746
12 5747
12 5748
12 5749
12 5750
12 5751
12 5752
12 5753
12 5754
12 5755
12 5756
12 5757
12 5758
12 5759
12 5760
12 5761
12 5762
12 5763
12 5764
12 5765
12 5766
12 5767
12 5769
12 5770
12 5771
12 5772
12 5773
12 5774
12 5775
12 5776
12 5777
12 5778
12 5779
12 5780
12 5781
12 5782
12 5783
12 5784
12 5785
12 5786
12 5787
12 5788
12 5789
12 5790
12 5791
12 5792
12 5793
12 5794
12 5795
12 5796
12 5797
12 5798
12 5799
12 5800
12 5801
12 5802
12 5803
12 5804
12 5805
12 5806
12 5807
12 5808
12 5809
12 5810
12 5811
12 5812
12 5813
12 5814
12 5815
12 5816
12 5817
12 5818
12 5819
12 5820
12 5821
12 5822
12 5823
12 5824
12 5825
12 5826
12 5827
12 5828
12 5829
12 5830
12 5831
12 5832
12 5833
12 5834
12 5835
12 5836
12 5837
12 5838
12 5840
12 5841
12 5842
12 5843
12 5844
12 5845
12 5846
12 5847
12 5849
12 5850
12 5851
12 5853
12 5854
12 5855
12 5857
12 5858
12 5860
12 5861
12 5862
12 5863
12 5864
12 5865
12 5866
12 5867
12 5868
12 5869
12 5870
12 5871
12 5872
12 5873
12 5874
12 5875
12 5876
12 5877
12 5878
12 5879
12 5880
12 5881
12 5882
12 5883
12 5884
12 5885
12 5886
12 5887
12 5888
12 5889
12 5890
12 5891
12 5892
12 5893
12 5894
12 5895
12 5896
12 5897
12 5898
12 5899
12 5900
12 5901
12 5902
12 5903
12 5904
12 5905
12 5906
12 5907
12 5908
12 5909
12 5910
12 5911
12 5912
12 5913
12 5914
12 5915
12 5916
12 5917
12 5918
12 5919
12 5920
12 5921
12 5922
12 5923
12 5924
12 5925
12 5926
12 5927
12 5928
12 5929
12 5930
12 5931
12 5932
12 5933
12 5934
12 5935
12 5936
12 5937
12 5938
12 5939
12 5940
12 5941
12 5942
12 5943
12 5944
12 5945
12 5946
12 5947
12 5948
12 5949
12 5950
12 5951
12 5952
12 5953
12 5954
12 5955
12 5956
12 5957
12 5958
12 5959
12 5960
12 5961
12 5962
12 5963
12 5964
12 5965
12 5966
12 5967
12 5968
12 5969
12 5970
12 5971
12 5972
12 5973
12 5974
12 5975
12 5976
12 5977
12 5978
12 5979
12 5980
12 5981
12 5982
12 5983
12 5984
12 5985
12 5986
12 5987
12 5988
12 5989
12 5990
12 5991
12 5992
12 5993
12 5994
12 5995
12 5996
12 5997
12 5998
12 5999
12 6000
12 6001
12 6002
12 6003
12 6004
12 6005
12 6006
12 6007
12 6008
12 6009
12 6010
12 6011
12 6012
12 6013
12 6014
12 6015
12 6016
12 6017
12 6018
12 6019
12 6020
12 6021
12 6022
12 6023
12 6024
12 6025
12 6026
12 6027
12 6028
12 6029
12 6030
12 6031
12 6032
12 6033
12 6034
12 6035
12 6036
12 6037
12 6038
12 6039
12 6040
12 6041
12 6042
12 6043
12 6044
12 6045
12 6046
12 6047
12 6048
12 6049
12 6050
12 6051
12 6052
12 6053
12 6054
12 6055
12 6056
12 6057
12 6058
12 6059
12 6060
12 6061
12 6062
12 6063
12 6064
12 6065
12 6066
12 6067
12 6068
12 6069
12 6070
12 6071
12 6072
12 6073
12 6074
12 6075
12 6076
12 6077
12 6078
12 6079
12 6080
12 6081
12 6082
12 6083
12 6084
12 6085
12 6086
12 6087
12 6088
12 6089
12 6090
12 6091
12 6092
12 6093
12 6094
12 6099
12 6104
12 6105
12 6107
12 6108
12 6109
12 6110
12 6111
12 6112
12 6113
12 6114
12 6115
12 6116
12 6117
12 6118
12 6119
12 6120
12 6121
12 6122
12 6124
12 6125
12 6126
12 6127
12 6128
12 6129
12 6130
12 6131
12 6132
12 6133
12 6134
12 6135
12 6136
12 6137
12 6138
12 6139
12 6155
12 6156
12 6157
12 6158
12 6159
12 6160
12 6161
12 6162
12 6163
12 6164
12 6165
12 6166
12 6167
12 6168
12 6169
12 6171
12 6172
12 6173
12 6174
12 6175
12 6176
12 6177
12 6178
12 6180
12 6181
12 6182
12 6183
12 6184
12 6185
12 6186
12 6187
12 6189
12 6190
12 6192
12 6193
12 6195
12 6196
12 6197
12 6198
12 6199
12 6200
12 6201
12 6202
12 6203
12 6204
12 6205
12 6206
12 6207
12 6208
12 6209
12 6210
12 6211
12 6212
12 6213
12 6214
12 6215
12 6216
12 6217
12 6218
12 6219
12 6220
12 6221
12 6222
12 6223
12 6224
12 6225
12 6226
12 6227
12 6229
12 6230
12 6231
12 6232
12 6233
12 6234
12 6235
12 6236
12 6237
12 6238
12 6239
12 6240
12 6241
12 6242
12 6243
12 6244
12 6245
12 6246
12 6247
12 6248
12 6249
12 6250
12 6251
12 6252
12 6253
12 6254
12 6255
12 6256
12 6257
12 6258
12 6259
12 6260
12 6261
12 6262
12 6263
12 6264
12 6265
12 6266
12 6267
12 6268
12 6269
12 6270
12 6271
12 6272
12 6273
12 6274
12 6275
12 6276
12 6277
12 6278
12 6279
12 6280
12 6281
12 6282
12 6283
12 6284
12 6285
12 6286
12 6287
12 6288
12 6289
12 6290
12 6292
12 6293
12 6294
12 6295
12 6296
12 6297
12 6298
12 6299
12 6300
12 6301
12 6302
12 6303
12 6304
12 6305
12 6306
12 6307
12 6308
12 6311
12 6325
12 6326
12 6327
12 6328
12 6329
12 6330
12 6331
12 6332
12 6333
12 6334
12 6335
12 6336
12 6337
12 6338
12 6339
12 6340
12 6341
12 6342
12 6343
12 6344
12 6345
12 6346
12 6347
12 6348
12 6349
12 6350
12 6351
12 6352
12 6353
12 6354
12 6355
12 6356
12 6357
12 6358
12 6359
12 6360
12 6361
12 6362
12 6363
12 6364
12 6365
12 6366
12 6367
12 6368
12 6369
12 6370
12 6371
12 6372
12 6373
12 6374
12 6375
12 6376
12 6377
12 6378
12 6379
12 6380
12 6382
12 6383
12 6384
12 6385
12 6386
12 6387
12 6388
12 6389
12 6390
12 6391
12 6392
12 6393
12 6394
12 6395
12 6396
12 6397
12 6398
12 6399
12 6400
12 6401
12 6402
12 6403
12 6404
12 6405
12 6406
12 6407
12 6408
12 6409
12 6410
12 6411
12 6412
12 6413
12 6414
12 6415
12 6416
12 6417
12 6419
12 6420
12 6421
12 6422
12 6423
12 6424
12 6425
12 6426
12 6427
12 6428
12 6429
12 6430
12 6431
12 6432
12 6433
12 6434
12 6435
12 6436
12 6437
12 6438
12 6439
12 6440
12 6441
12 6442
12 6443
12 6444
12 6445
12 6446
12 6447
12 6448
12 6449
12 6450
12 6451
12 6452
12 6453
12 6454
12 6455
12 6456
12 6457
12 6458
12 6459
12 6460
12 6461
12 6462
12 6463
12 6464
12 6465
12 6466
12 6467
12 6468
12 6469
12 6470
12 6471
12 6472
12 6473
12 6474
12 6475
12 6476
12 6477
12 6478
12 6479
12 6480
12 6481
12 6482
12 6483
12 6484
12 6486
12 6487
12 6488
12 6489
12 6490
12 6491
12 6492
12 6493
12 6494
12 6495
12 6496
12 6497
12 6498
12 6499
12 6500
12 6501
12 6502
12 6503
12 6504
12 6505
12 6506
12 6507
12 6508
12 6509
12 6510
12 6511
12 6512
12 6513
12 6514
12 6515
12 6516
12 6517
12 6519
12 6520
12 6521
12 6522
12 6523
12 6524
12 6526
12 6527
12 6528
12 6529
12 6531
12 6532
12 6533
12 6535
12 6536
12 6537
12 6539
12 6540
12 6541
12 6542
12 6543
12 6545
12 6546
12 6547
12 6548
12 6549
12 6550
12 6552
12 6553
12 6555
12 6556
12 6557
12 6559
12 6560
12 6561
12 6563
12 6564
12 6565
12 6567
12 6568
12 6570
12 6571
12 6572
12 6573
12 6574
12 6575
12 6576
12 6577
12 6578
12 6579
12 6580
12 6581
12 6582
12 6583
12 6584
12 6585
12 6586
12 6587
12 6588
12 6590
12 6657
12 6658
12 6659
12 6660
12 6661
12 6662
12 6663
12 6664
12 6665
12 6666
12 6667
12 6668
12 6669
12 6670
12 6671
12 6672
12 6673
12 6674
12 6675
12 6676
12 6677
12 6678
12 6679
12 6680
12 6681
12 6682
12 6683
12 6684
12 6685
12 6686
12 6687
12 6688
12 6689
12 6690
12 6691
12 6692
12 6693
12 6694
12 6695
12 6696
12 6697
12 6698
12 6699
12 6700
12 6701
12 6702
12 6703
12 6704
12 6705
12 6706
12 6707
12 6708
12 6709
12 6710
12 6711
12 6712
12 6713
12 6714
12 6715
12 6716
12 6717
12 6718
12 6719
12 6720
12 6721
12 6722
12 6723
12 6724
12 6725
12 6726
12 6727
12 6728
12 6729
12 6730
12 6731
12 6732
12 6733
12 6734
12 6735
12 6736
12 6737
12 6738
12 6739
12 6740
12 6741
12 6742
12 6743
12 6744
12 6745
12 6746
12 6747
12 6748
12 6749
12 6750
12 6751
12 6752
12 6753
12 6754
12 6755
12 6756
12 6757
12 6758
12 6759
12 6760
12 6761
12 6762
12 6763
12 6764
12 6765
12 6766
12 6767
12 6768
12 6769
12 6770
12 6771
12 6772
12 6773
12 6774
12 6775
12 6776
12 6777
12 6778
12 6779
12 6780
12 6781
12 6782
12 6783
12 6784
12 6785
12 6790
12 6792
12 6793
12 6893
12 6901
12 6911
12 6913
12 6975
12 6976
12 6978
12 6979
12 6980
12 6981
12 6982
12 6983
12 6984
12 6985
12 6986
12 6987
12 6988
12 6989
12 6990
12 6991
12 6992
12 6993
12 6994
12 6995
12 6996
12 6997
12 6998
12 6999
12 7000
12 7001
12 7002
12 7003
12 7004
12 7005
12 7006
12 7007
12 7008
12 7009
12 7010
12 7011
12 7012
12 7013
12 7014
12 7015
12 7016
12 7017
12 7018
12 7019
12 7020
12 7021
12 7022
12 7023
12 7024
12 7025
12 7026
12 7027
12 7028
12 7029
12 7030
12 7031
12 7032
12 7033
12 7034
12 7035
12 7036
12 7037
12 7038
12 7039
12 7040
12 7041
12 7042
12 7043
12 7044
12 7045
12 7046
12 7047
12 7048
12 7049
12 7050
12 7051
12 7052
12 7053
12 7054
12 7055
12 7056
12 7057
12 7058
12 7059
12 7060
12 7061
12 7062
12 7063
12 7064
12 7065
12 7066
12 7068
12 7069
12 7070
12 7071
12 7072
12 7073
12 7074
12 7075
12 7076
12 7077
12 7078
12 7079
12 7080
12 7094
12 7095
12 7096
12 7097
12 7098
12 7099
12 7100
12 7101
12 7102
12 7104
12 7105
12 7106
12 7107
12 7108
12 7110
12 7111
12 7112
12 7113
12 7114
12 7116
12 7117
12 7118
12 7119
12 7120
12 7121
12 7122
12 7123
12 7124
12 7125
12 7126
12 7127
12 7128
12 7129
12 7130
12 7131
12 7132
12 7133
12 7134
12 7135
12 7136
12 7137
12 7138
12 7139
12 7140
12 7141
12 7142
12 7143
12 7144
12 7145
12 7146
12 7147
12 7148
12 7149
12 7150
12 7151
12 7152
12 7153
12 7154
12 7155
12 7156
12 7157
12 7158
12 7159
12 7160
12 7161
12 7162
12 7163
12 7164
12 7165
12 7166
12 7167
12 7168
12 7169
12 7170
12 7171
12 7172
12 7173
12 7174
12 7175
12 7176
12 7177
12 7178
12 7179
12 7180
12 7181
12 7182
12 7183
12 7184
12 7185
12 7186
12 7187
12 7189
12 7190
12 7192
12 7193
12 7194
12 7196
12 7197
12 7198
12 7199
12 7200
12 7201
12 7202
12 7203
12 7204
12 7205
12 7206
12 7207
12 7208
12 7209
12 7210
12 7211
12 7212
12 7213
12 7214
12 7215
12 7216
12 7217
12 7218
12 7219
12 7220
12 7221
12 7222
12 7223
12 7224
12 7225
12 7226
12 7227
12 7228
12 7229
12 7230
12 7231
12 7232
12 7233
12 7234
12 7235
12 7236
12 7237
12 7238
12 7239
12 7240
12 7241
12 7242
12 7243
12 7244
12 7246
12 7247
12 7248
12 7249
12 7250
12 7251
12 7252
12 7253
12 7254
12 7255
12 7256
12 7257
12 7258
12 7259
12 7260
12 7261
12 7262
12 7263
12 7264
12 7265
12 7266
12 7267
12 7268
12 7269
12 7270
12 7271
12 7272
12 7273
12 7274
12 7275
12 7276
12 7277
12 7278
12 7279
12 7280
12 7281
12 7282
12 7283
12 7284
12 7285
12 7286
12 7287
12 7288
12 7289
12 7290
12 7291
12 7292
12 7293
12 7294
12 7295
12 7296
12 7297
12 7298
12 7299
12 7300
12 7301
12 7302
12 7303
12 7304
12 7305
12 7306
12 7307
12 7308
12 7309
12 7310
12 7311
12 7312
12 7313
12 7314
12 7315
12 7317
12 7318
12 7319
12 7320
12 7321
12 7322
12 7323
12 7324
12 7325
12 7326
12 7327
12 7328
12 7329
12 7330
12 7331
12 7332
12 7333
12 7334
12 7335
12 7336
12 7337
12 7338
12 7339
12 7340
12 7341
12 7342
12 7343
12 7344
12 7345
12 7346
12 7347
12 7348
12 7349
12 7350
12 7351
12 7352
12 7353
12 7354
12 7355
12 7356
12 7357
12 7358
12 7359
12 7360
12 7361
12 7362
12 7363
12 7364
12 7365
12 7366
12 7367
12 7368
12 7369
12 7370
12 7371
12 7372
12 7373
12 7374
12 7375
12 7376
12 7377
12 7378
12 7379
12 7380
12 7381
12 7382
12 7383
12 7384
12 7385
12 7386
12 7387
12 7388
12 7389
12 7390
12 7391
12 7392
12 7393
12 7394
12 7395
12 7396
12 7397
12 7398
12 7399
12 7400
12 7401
12 7402
12 7403
12 7404
12 7405
12 7406
12 7407
12 7408
12 7409
12 7410
12 7411
12 7412
12 7413
12 7414
12 7415
12 7416
12 7417
12 7418
12 7419
12 7420
12 7421
12 7422
12 7423
12 7424
12 7426
12 7427
12 7428
12 7429
12 7430
12 7431
12 7432
12 7433
12 7434
12 7435
12 7436
12 7437
12 7438
12 7439
12 7440
12 7441
12 7442
12 7443
12 7444
12 7445
12 7446
12 7447
12 7448
12 7449
12 7450
12 7451
12 7452
12 7453
12 7454
12 7455
12 7456
12 7457
12 7458
12 7459
12 7460
12 7461
12 7462
12 7463
12 7464
12 7465
12 7466
12 7467
12 7468
12 7469
12 7470
12 7471
12 7472
12 7473
12 7474
12 7475
12 7476
12 7477
12 7478
12 7479
12 7480
12 7484
12 7486
12 7487
12 7488
12 7491
12 7495
12 7498
12 7499
12 7508
12 7522
12 7523
12 7527
12 7528
12 7529
12 7530
12 7531
12 7532
12 7533
12 7534
12 7535
12 7536
12 7537
12 7538
12 7539
12 7540
12 7541
12 7542
12 7543
12 7544
12 7545
12 7546
12 7547
12 7548
12 7549
12 7550
12 7551
12 7552
12 7553
12 7554
12 7555
12 7556
12 7557
12 7558
12 7559
12 7560
12 7561
12 7562
12 7563
12 7564
12 7565
12 7566
12 7567
12 7568
12 7569
12 7570
12 7571
12 7572
12 7573
12 7574
12 7575
12 7576
12 7577
12 7578
12 7579
12 7580
12 7581
12 7582
12 7583
12 7584
12 7585
12 7586
12 7587
12 7588
12 7589
12 7590
12 7591
12 7592
12 7593
12 7594
12 7595
12 7596
12 7597
12 7598
12 7599
12 7600
12 7601
12 7602
12 7603
12 7604
12 7605
12 7606
12 7607
12 7608
12 7609
12 7610
12 7611
12 7612
12 7613
12 7614
12 7615
12 7616
12 7617
12 7618
12 7619
12 7620
12 7621
12 7622
12 7623
12 7624
12 7625
12 7626
12 7627
12 7628
12 7629
12 7630
12 7631
12 7632
12 7633
12 7634
12 7635
12 7636
12 7637
12 7638
12 7639
12 7640
12 7641
12 7642
12 7643
12 7644
12 7645
12 7646
12 7647
12 7648
12 7649
12 7650
12 7651
12 7652
12 7653
12 7654
12 7655
12 7656
12 7657
12 7658
12 7659
12 7660
12 7661
12 7662
12 7663
12 7664
12 7665
12 7666
12 7667
12 7668
12 7669
12 7670
12 7671
12 7672
12 7673
12 7674
12 7675
12 7676
12 7677
12 7678
12 7679
12 7680
12 7681
12 7682
12 7683
12 7684
12 7685
12 7686
12 7687
12 7688
12 7689
12 7690
12 7691
12 7692
12 7693
12 7694
12 7695
12 7696
12 7697
12 7698
12 7699
12 7700
12 7701
12 7702
12 7703
12 7704
12 7705
12 7706
12 7707
12 7708
12 7709
12 7710
12 7711
12 7712
12 7713
12 7714
12 7715
12 7716
12 7717
12 7718
12 7719
12 7720
12 7721
12 7722
12 7723
12 7724
12 7725
12 7726
12 7727
12 7728
12 7729
12 7730
12 7731
12 7732
12 7733
12 7734
12 7735
12 7736
12 7737
12 7738
12 7739
12 7740
12 7741
12 7742
12 7743
12 7744
12 7745
12 7746
12 7747
12 7748
12 7749
12 7750
12 7751
12 7752
12 7753
12 7754
12 7755
12 7756
12 7757
12 7758
12 7759
12 7760
12 7761
12 7762
12 7763
12 7764
12 7765
12 7766
12 7767
12 7768
12 7769
12 7770
12 7771
12 7772
12 7773
12 7774
12 7775
12 7776
12 7777
12 7778
12 7779
12 7780
12 7781
12 7782
12 7783
12 7784
12 7785
12 7786
12 7787
12 7788
12 7789
12 7790
12 7791
12 7792
12 7793
12 7794
12 7795
12 7796
12 7797
12 7798
12 7799
12 7800
12 7801
12 7802
12 7803
12 7804
12 7805
12 7806
12 7807
12 7808
12 7809
12 7810
12 7811
12 7812
12 7813
12 7814
12 7815
12 7816
12 7817
12 7818
12 7819
12 7820
12 7821
12 7822
12 7823
12 7824
12 7825
12 7826
12 7827
12 7828
12 7829
12 7830
12 7831
12 7832
12 7833
12 7834
12 7835
12 7836
12 7837
12 7838
12 7839
12 7840
12 7841
12 7842
12 7843
12 7844
12 7845
12 7846
12 7847
12 7848
12 7849
12 7850
12 7851
12 7852
12 7853
12 7854
12 7855
12 7856
12 7857
12 7858
12 7859
12 7860
12 7861
12 7862
12 7863
12 7864
12 7865
12 7866
12 7867
12 7868
12 7869
12 7870
12 7871
12 7872
12 7873
12 7874
12 7875
12 7876
12 7877
12 7878
12 7879
12 7880
12 7881
12 7882
12 7883
12 7884
12 7885
12 7886
12 7887
12 7888
12 7889
12 7890
12 7891
12 7892
12 7893
12 7894
12 7895
12 7896
12 7897
12 7898
12 7899
12 7900
12 7901
12 7902
12 7903
12 7904
12 7905
12 7906
12 7907
12 7908
12 7909
12 7910
12 7911
12 7912
12 7913
12 7914
12 7915
12 7916
12 7917
12 7918
12 7919
12 7920
12 7921
12 7922
12 7923
12 7924
12 7925
12 7926
12 7927
12 7928
12 7929
12 7930
12 7931
12 7932
12 7933
12 7934
12 7935
12 7936
12 7937
12 7938
12 7939
12 7940
12 7941
12 7942
12 7943
12 7944
12 7945
12 7946
12 7947
12 7948
12 7949
12 7950
12 7951
12 7952
12 7953
12 7954
12 7955
12 7956
12 7957
12 7958
12 7959
12 7960
12 7961
12 7962
12 7963
12 7964
12 7965
12 7966
12 7967
12 7968
12 7969
12 7970
12 7971
12 7972
12 7973
12 7974
12 7975
12 7976
12 7977
12 7978
12 7979
12 7980
12 7981
12 7982
12 7983
12 7984
12 7985
12 7986
12 7987
12 7988
12 7989
12 7990
12 7991
12 7992
12 7993
12 7994
12 7995
12 7996
12 7997
12 7998
12 7999
12 8000
12 8001
12 8002
12 8003
12 8004
12 8005
12 8006
12 8007
12 8008
12 8009
12 8010
12 8011
12 8012
12 8013
12 8014
12 8015
12 8016
12 8017
12 8018
12 8019
12 8020
12 8021
12 8022
12 8023
12 8024
12 8025
12 8026
12 8027
12 8028
12 8029
12 8030
12 8031
12 8032
12 8033
12 8034
12 8035
12 8036
12 8037
12 8038
12 8039
12 8040
12 8041
12 8042
12 8043
12 8044
12 8045
12 8046
12 8047
12 8048
12 8050
12 8051
12 8052
12 8053
12 8054
12 8055
12 8056
12 8057
12 8058
12 8059
12 8060
12 8061
12 8062
12 8063
12 8064
12 8065
12 8066
12 8067
12 8068
12 8069
12 8070
12 8071
12 8072
12 8073
12 8074
12 8075
12 8076
12 8077
12 8078
12 8079
12 8080
12 8081
12 8082
12 8083
12 8084
12 8085
12 8086
12 8087
12 8088
12 8089
12 8090
12 8091
12 8092
12 8093
12 8094
12 8095
12 8096
12 8097
12 8098
12 8099
12 8100
12 8101
12 8102
12 8140
12 8141
12 8142
12 8143
12 8144
12 8145
12 8146
12 8147
12 8148
12 8149
12 8150
12 8151
12 8152
12 8153
12 8154
12 8155
12 8156
12 8157
12 8158
12 8159
12 8160
12 8161
12 8162
12 8163
12 8164
12 8165
12 8166
12 8167
12 8168
12 8169
12 8170
12 8171
12 8172
12 8173
12 8174
12 8175
12 8176
12 8177
12 8178
12 8179
12 8180
12 8181
12 8182
12 8183
12 8184
12 8185
12 8186
12 8187
12 8188
12 8189
12 8190
12 8191
12 8192
12 8193
12 8194
12 8195
12 8196
12 8197
12 8198
12 8199
12 8200
12 8201
12 8202
12 8203
12 8204
12 8205
12 8206
12 8207
12 8208
12 8209
12 8210
12 8211
12 8212
12 8213
12 8214
12 8215
12 8216
12 8217
12 8218
12 8219
12 8220
12 8221
12 8222
12 8223
12 8224
12 8225
12 8226
12 8227
12 8228
12 8229
12 8230
12 8232
12 8233
12 8234
12 8235
12 8236
12 8237
12 8238
12 8239
12 8240
12 8241
12 8242
12 8243
12 8244
12 8245
12 8246
12 8247
12 8248
12 8249
12 8250
12 8251
12 8252
12 8253
12 8254
12 8255
12 8256
12 8257
12 8258
12 8259
12 8260
12 8261
12 8262
12 8263
12 8264
12 8265
12 8266
12 8267
12 8268
12 8269
12 8270
12 8271
12 8272
12 8273
12 8274
12 8275
12 8276
12 8277
12 8278
12 8279
12 8280
12 8281
12 8282
12 8283
12 8284
12 8285
12 8286
12 8287
12 8288
12 8289
12 8290
12 8291
12 8292
12 8293
12 8294
12 8295
12 8296
12 8297
12 8298
12 8299
12 8300
12 8301
12 8302
12 8303
12 8304
12 8305
12 8306
12 8307
12 8308
12 8309
12 8310
12 8311
12 8312
12 8313
12 8314
12 8315
12 8316
12 8317
12 8318
12 8319
12 8320
12 8321
12 8322
12 8323
12 8324
12 8325
12 8326
12 8327
12 8328
12 8329
12 8330
12 8331
12 8332
12 8333
12 8334
12 8335
12 8336
12 8337
12 8338
12 8339
12 8340
12 8341
12 8342
12 8343
12 8344
12 8345
12 8346
12 8347
12 8348
12 8349
12 8350
12 8351
12 8352
12 8353
12 8354
12 8355
12 8356
12 8357
12 8358
12 8360
12 8361
12 8362
12 8363
12 8364
12 8365
12 8366
12 8367
12 8368
12 8369
12 8370
12 8371
12 8372
12 8373
12 8374
12 8375
12 8376
12 8377
12 8378
12 8379
12 8380
12 8381
12 8382
12 8383
12 8384
12 8386
12 8387
12 8388
12 8389
12 8390
12 8391
12 8392
12 8393
12 8394
12 8395
12 8396
12 8397
12 8398
12 8399
12 8400
12 8401
12 8402
12 8403
12 8404
12 8405
12 8406
12 8407
12 8408
12 8409
12 8410
12 8411
12 8412
12 8413
12 8414
12 8415
12 8416
12 8417
12 8418
12 8419
12 8420
12 8421
12 8422
12 8423
12 8424
12 8425
12 8426
12 8427
12 8428
12 8429
12 8430
12 8431
12 8432
12 8433
12 8434
12 8435
12 8436
12 8437
12 8438
12 8439
12 8440
12 8441
12 8442
12 8443
12 8444
12 8445
12 8446
12 8447
12 8448
12 8449
12 8450
12 8451
12 8452
12 8453
12 8454
12 8455
12 8456
12 8457
12 8458
12 8459
12 8460
12 8461
12 8462
12 8463
12 8464
12 8465
12 8466
12 8467
12 8468
12 8469
12 8470
12 8471
12 8472
12 8473
12 8474
12 8475
12 8476
12 8477
12 8478
12 8479
12 8480
12 8481
12 8482
12 8483
12 8484
12 8485
12 8486
12 8487
12 8488
12 8489
12 8490
12 8491
12 8492
12 8493
12 8494
12 8495
12 8496
12 8497
12 8498
12 8499
12 8500
12 8501
12 8502
12 8503
12 8504
12 8505
12 8506
12 8507
12 8508
12 8509
12 8510
12 8511
12 8512
12 8513
12 8514
12 8515
12 8516
12 8517
12 8518
12 8519
12 8520
12 8521
12 8522
12 8523
12 8524
12 8525
12 8526
12 8527
12 8528
12 8529
12 8530
12 8532
12 8533
12 8534
12 8535
12 8536
12 8537
12 8538
12 8539
12 8540
12 8541
12 8542
12 8543
12 8544
12 8545
12 8546
12 8547
12 8548
12 8549
12 8550
12 8551
12 8552
12 8553
12 8554
12 8555
12 8556
12 8557
12 8558
12 8559
12 8560
12 8561
12 8562
12 8563
12 8564
12 8565
12 8566
12 8567
12 8568
12 8569
12 8570
12 8571
12 8572
12 8574
12 8575
12 8576
12 8577
12 8579
12 8581
12 8582
12 8583
12 8584
12 8585
12 8586
12 8587
12 8588
12 8589
12 8590
12 8591
12 8592
12 8593
12 8594
12 8595
12 8596
12 8597
12 8599
12 8600
12 8601
12 8602
12 8603
12 8604
12 8605
12 8606
12 8607
12 8608
12 8609
12 8610
12 8611
12 8612
12 8613
12 8614
12 8615
12 8616
12 8617
12 8618
12 8619
12 8620
12 8621
12 8622
12 8623
12 8625
12 8626
12 8627
12 8628
12 8629
12 8630
12 8631
12 8632
12 8633
12 8634
12 8637
12 8638
12 8639
12 8640
12 8641
12 8642
12 8643
12 8644
12 8645
12 8646
12 8647
12 8648
12 8649
12 8650
12 8651
12 8652
12 8653
12 8654
12 8655
12 8656
12 8658
12 8659
12 8660
12 8661
12 8662
12 8663
12 8664
12 8665
12 8666
12 8668
12 8669
12 8670
12 8671
12 8672
12 8673
12 8674
12 8675
12 8676
12 8677
12 8678
12 8679
12 8680
12 8681
12 8682
12 8683
12 8684
12 8687
12 8688
12 8690
12 8691
12 8692
12 8693
12 8694
12 8695
12 8696
12 8697
12 8698
12 8699
12 8700
12 8701
12 8702
12 8703
12 8704
12 8705
12 8710
12 8711
12 8712
12 8713
12 8714
12 8715
12 8716
12 8717
12 8718
12 8719
12 8720
12 8721
12 8722
12 8723
12 8724
12 8725
12 8726
12 8727
12 8728
12 8729
12 8730
12 8731
12 8732
12 8733
12 8734
12 8735
12 8736
12 8737
12 8738
12 8739
12 8740
12 8741
12 8742
12 8743
12 8744
12 8745
12 8746
12 8747
12 8748
12 8749
12 8750
12 8751
12 8752
12 8753
12 8754
12 8755
12 8756
12 8757
12 8758
12 8759
12 8760
12 8761
12 8762
12 8763
12 8764
12 8765
12 8766
12 8767
12 8768
12 8769
12 8770
12 8771
12 8772
12 8773
12 8774
12 8775
12 8776
12 8777
12 8778
12 8779
12 8780
12 8781
12 8782
12 8783
12 8784
12 8785
12 8786
12 8787
12 8788
12 8789
12 8790
12 8791
12 8792
12 8793
12 8794
12 8795
12 8796
12 8797
12 8798
12 8799
12 8800
12 8801
12 8802
12 8803
12 8804
12 8805
12 8806
12 8807
12 8808
12 8809
12 8810
12 8811
12 8812
12 8813
12 8814
12 8815
12 8816
12 8817
12 8818
12 8819
12 8820
12 8821
12 8822
12 8823
12 8824
12 8825
12 9044
12 9045
12 9046
12 9047
12 9048
12 9049
12 9050
12 9051
12 9052
12 9053
12 9054
12 9055
12 9056
12 9057
12 9058
12 9164
12 9165
12 9166
12 9167
12 9168
12 9169
12 9170
12 9171
12 9172
12 9173
12 9174
12 9175
12 9176
12 9177
12 9178
12 9179
12 9180
12 9181
12 9182
12 9183
12 9184
12 9185
12 9186
12 9187
12 9188
12 9189
12 9190
12 9191
12 9192
12 9193
12 9194
12 9195
12 9196
12 9197
12 9198
12 9199
12 9200
12 9201
12 9202
12 9203
12 9204
12 9205
12 9206
12 9207
12 9208
12 9209
12 9210
12 9211
12 9212
12 9213
12 9214
12 9215
12 9216
12 9217
12 9218
12 9219
12 9220
12 9221
12 9222
12 9223
12 9224
12 9225
12 9226
12 9227
12 9228
12 9229
12 9230
12 9231
12 9232
12 9233
12 9234
12 9235
12 9236
12 9237
12 9238
12 9239
12 9240
12 9241
12 9242
12 9243
12 9244
12 9245
12 9246
12 9247
12 9248
12 9249
12 9250
12 9251
12 9252
12 9253
12 9254
12 9255
12 9256
12 9257
12 9258
12 9259
12 9260
12 9261
12 9262
12 9263
12 9264
12 9265
12 9266
12 9267
12 9268
12 9269
12 9270
12 9271
12 9272
12 9273
12 9274
12 9275
12 9276
12 9277
12 9278
12 9279
12 9280
12 9281
12 9282
12 9283
12 9284
12 9285
12 9286
12 9287
12 9288
12 9289
12 9290
12 9291
12 9348
12 9350
12 9352
12 9353
12 9354
12 9355
12 9356
12 9357
12 9358
12 9359
12 9360
12 9361
12 9362
12 9363
12 9364
12 9365
12 9366
12 9367
12 9368
12 9369
12 9370
12 9371
12 9372
12 9373
12 9374
12 9375
12 9376
12 9377
12 9378
12 9379
12 9380
12 9381
12 9382
12 9383
12 9384
12 9385
12 9386
12 9387
12 9388
12 9389
12 9390
12 9391
12 9392
12 9393
12 9394
12 9395
12 9396
12 9397
12 9398
12 9399
12 9400
12 9401
12 9402
12 9403
12 9404
12 9405
12 9406
12 9407
12 9408
12 9409
12 9410
12 9411
12 9412
12 9413
12 9414
12 9415
12 9416
12 9417
12 9418
12 9419
12 9420
12 9421
12 9422
12 9423
12 9424
12 9425
12 9426
12 9427
12 9428
12 9429
12 9430
12 9431
12 9432
12 9433
12 9434
12 9435
12 9436
12 9437
12 9438
12 9439
12 9440
12 9441
12 9442
12 9443
12 9444
12 9445
12 9446
12 9447
12 9448
12 9449
12 9450
12 9451
12 9452
12 9453
12 9454
12 9455
12 9456
12 9457
12 9458
12 9459
12 9460
12 9461
12 9462
12 9463
12 9464
12 9465
12 9466
12 9467
12 9468
12 9469
12 9470
12 9471
12 9472
12 9473
12 9474
12 9475
12 9476
12 9477
12 9478
12 9479
12 9480
12 9481
12 9482
12 9483
12 9484
12 9485
12 9486
12 9487
12 9488
12 9489
12 9490
12 9491
12 9492
12 9493
12 9494
12 9495
12 9496
12 9497
12 9498
12 9499
12 9500
12 9501
12 9502
12 9503
12 9504
12 9505
12 9506
12 9507
12 9508
12 9509
12 9510
12 9511
12 9512
12 9513
12 9514
12 9515
12 9516
12 9517
12 9518
12 9519
12 9520
12 9521
12 9522
12 9523
12 9524
12 9525
12 9526
12 9527
12 9528
12 9529
12 9530
12 9531
12 9532
12 9533
12 9534
12 9535
12 9536
12 9537
12 9538
12 9539
12 9540
12 9541
12 9542
12 9543
12 9544
12 9545
12 9546
12 9547
12 9548
12 9549
12 9550
12 9551
12 9552
12 9553
12 9554
12 9555
12 9558
12 9559
12 9560
12 9561
12 9562
12 9563
12 9564
12 9565
12 9566
12 9567
12 9568
12 9569
12 9570
12 9571
12 9572
12 9573
12 9574
12 9575
12 9576
12 9577
12 9578
12 9579
12 9580
12 9581
12 9582
12 9583
12 9584
12 9585
12 9586
12 9587
12 9588
12 9589
12 9590
12 9591
12 9592
12 9593
12 9594
12 9595
12 9596
12 9597
12 9598
12 9599
12 9600
12 9601
12 9602
12 9603
12 9604
12 9605
12 9606
12 9607
12 9608
12 9609
12 9610
12 9611
12 9612
12 9613
12 9614
12 9615
12 9616
12 9617
12 9618
12 9619
12 9620
12 9621
12 9622
12 9623
12 9624
12 9625
12 9626
12 9627
12 9628
12 9629
12 9630
12 9631
12 9632
12 9633
12 9634
12 9635
12 9636
12 9637
12 9638
12 9639
12 9640
12 9641
12 9642
12 9643
12 9644
12 9645
12 9646
12 9647
12 9648
12 9649
12 9650
12 9651
12 9652
12 9653
12 9654
12 9655
12 9656
12 9657
12 9658
12 9659
12 9660
12 9661
12 9662
12 9663
12 9664
12 9665
12 9666
12 9667
12 9668
12 9669
12 9670
12 9671
12 9672
12 9673
12 9674
12 9675
12 9676
12 9677
12 9678
12 9679
12 9680
12 9681
12 9682
12 9683
12 9684
12 9685
12 9686
12 9687
12 9688
12 9689
12 9690
12 9691
12 9692
12 9693
12 9694
12 9695
12 9696
12 9697
12 9698
12 9699
12 9700
12 9701
12 9702
12 9703
12 9704
12 9705
12 9706
12 9707
12 9708
12 9709
12 9710
12 9711
12 9712
12 9713
12 9714
12 9715
12 9716
12 9717
12 9718
12 9719
12 9720
12 9721
12 9722
12 9723
12 9724
12 9725
12 9726
12 9727
12 9728
12 9729
12 9730
12 9731
12 9732
12 9733
12 9734
12 9735
12 9736
12 9737
12 9738
12 9739
12 9740
12 9741
12 9742
12 9743
12 9744
12 9745
12 9746
12 9747
12 9748
12 9749
12 9750
12 9751
12 9752
12 9753
12 9754
12 9755
12 9756
12 9757
12 9758
12 9759
12 9760
12 9761
12 9762
12 9763
12 9764
12 9765
12 9766
12 9767
12 9768
12 9769
12 9770
12 9771
12 9772
12 9773
12 9774
12 9775
12 9776
12 9777
12 9778
12 9779
12 9780
12 9781
12 9782
12 9783
12 9784
12 9785
12 9786
12 9787
12 9788
12 9789
12 9790
12 9791
12 9792
12 9793
12 9794
12 9795
12 9796
12 9797
12 9798
12 9799
12 9800
12 9801
12 9802
12 9803
12 9804
12 9805
12 9806
12 9807
12 9808
12 9809
12 9810
12 9811
12 9812
12 9813
12 9814
12 9815
12 9816
12 9817
12 9818
12 9819
12 9820
12 9821
12 9822
12 9823
12 9824
12 9825
12 9826
12 9827
12 9828
12 9829
12 9830
12 9831
12 9832
12 9833
12 9834
12 9835
12 9836
12 9837
12 9838
12 9839
12 9840
12 9841
12 9842
12 9843
12 9844
12 9845
12 9846
12 9847
12 9848
12 9849
12 9850
12 9851
12 9852
12 9853
12 9854
12 9855
12 9856
12 9857
12 9858
12 9859
12 9860
12 9861
12 9862
12 9863
12 9864
12 9865
12 9866
12 9867
12 9868
12 9869
12 9870
12 9871
12 9872
12 9873
12 9874
12 9875
12 9876
12 9877
12 9878
12 9879
12 9880
12 9911
12 9912
12 9913
12 9914
12 9915
12 9916
12 9917
12 9918
12 9919
12 9920
12 9921
12 9922
12 9923
12 9924
12 9925
12 9926
12 9927
12 9928
12 9929
12 9930
12 9931
12 9932
12 9933
12 9934
12 9936
12 9937
12 9938
12 9939
12 9940
12 9941
12 9942
12 9943
12 9944
12 9945
12 9946
12 9947
12 9948
12 9949
12 9950
12 9951
12 9952
12 9953
12 9954
12 9955
12 9956
12 9957
12 9959
12 9960
12 9961
12 9962
12 9963
12 9964
12 9965
12 9966
12 9967
12 9968
12 9969
12 9970
12 9971
12 9972
12 9973
12 9974
12 9975
12 9976
12 9977
12 9978
12 9979
12 9980
12 9981
12 9982
12 9983
12 9984
12 9985
12 9986
12 9987
12 9988
12 9989
12 9990
12 9991
12 9992
12 9993
12 9994
12 9995
12 9996
12 9997
12 9998
12 9999
12 10000
12 10001
12 10003
12 10004
12 10005
12 10006
12 10007
12 10008
12 10009
12 10011
12 10012
12 10013
12 10014
12 10015
12 10016
12 10018
12 10019
12 10020
12 10021
12 10022
12 10024
12 10025
12 10026
12 10027
12 10028
12 10029
12 10030
12 10032
12 10033
12 10034
12 10035
12 10037
12 10038
12 10039
12 10040
12 10041
12 10042
12 10044
12 10045
12 10046
12 10047
12 10048
12 10049
12 10051
12 10052
12 10053
12 10054
12 10055
12 10057
12 10058
12 10059
12 10060
12 10061
12 10062
12 10063
12 10064
12 10065
12 10066
12 10067
12 10068
12 10069
12 10070
12 10072
12 10073
12 10074
12 10075
12 10076
12 10077
12 10079
12 10080
12 10081
12 10082
12 10083
12 10085
12 10086
12 10087
12 10088
12 10089
12 10091
12 10092
12 10093
12 10094
12 10095
12 10097
12 10098
12 10099
12 10100
12 10102
12 10103
12 10104
12 10105
12 10106
12 10108
12 10109
12 10110
12 10111
12 10113
12 10114
12 10115
12 10116
12 10117
12 10118
12 10120
12 10121
12 10122
12 10123
12 10124
12 10125
12 10127
12 10128
12 10129
12 10130
12 10132
12 10133
12 10134
12 10135
12 10136
12 10137
12 10138
12 10139
12 10140
12 10141
12 10142
12 10143
12 10144
12 10145
12 10146
12 10147
12 10148
12 10149
12 10150
12 10151
12 10152
12 10153
12 10154
12 10155
12 10156
12 10157
12 10158
12 10159
12 10160
12 10161
12 10162
12 10163
12 10164
12 10165
12 10166
12 10167
12 10168
12 10169
12 10189
12 10192
12 10193
12 10195
12 10199
12 10200
12 10201
12 10203
12 10204
12 10205
12 10206
12 10207
12 10208
12 10209
12 10210
12 10211
12 10212
12 10213
12 10214
12 10215
12 10216
12 10219
12 10220
12 10221
12 10222
12 10223
12 10224
12 10226
12 10227
12 10228
12 10229
12 10230
12 10231
12 10232
12 10233
12 10234
12 10236
12 10237
12 10238
12 10239
12 10240
12 10241
12 10249
12 10250
12 10251
12 10252
12 10253
12 10254
12 10255
12 10256
12 10257
12 10258
12 10259
12 10260
12 10261
12 10262
12 10263
12 10264
12 10265
12 10266
12 10267
12 10268
12 10269
12 10270
12 10271
12 10272
12 10273
12 10274
12 10275
12 10276
12 10277
12 10278
12 10279
12 10280
12 10281
12 10282
12 10283
12 10284
12 10285
12 10286
12 10287
12 10288
12 10289
12 10290
12 10291
12 10292
12 10293
12 10294
12 10295
12 10296
12 10297
12 10298
12 10299
12 10300
12 10301
12 10302
12 10303
12 10304
12 10305
12 10306
12 10307
12 10308
12 10309
12 10310
12 10311
12 10312
12 10313
12 10314
12 10315
12 10316
12 10317
12 10318
12 10319
12 10320
12 10321
12 10322
12 10323
12 10324
12 10325
12 10326
12 10327
12 10328
12 10342
12 10343
12 10344
12 10345
12 10346
12 10347
12 10348
12 10349
12 10350
12 10351
12 10352
12 10354
12 10355
12 10356
12 10357
12 10358
12 10360
12 10361
12 10362
12 10363
12 10364
12 10366
12 10367
12 10368
12 10369
12 10371
12 10372
12 10373
12 10374
12 10375
12 10376
12 10378
12 10379
12 10380
12 10381
12 10382
12 10383
12 10384
12 10385
12 10386
12 10387
12 10388
12 10389
12 10390
12 10391
12 10392
12 10393
12 10394
12 10395
12 10396
12 10397
12 10398
12 10399
12 10400
12 10401
12 10402
12 10403
12 10404
12 10405
12 10406
12 10407
12 10408
12 10409
12 10410
12 10411
12 10412
12 10413
12 10414
12 10415
12 10416
12 10417
12 10418
12 10419
12 10420
12 10421
12 10422
12 10423
12 10424
12 10425
12 10426
12 10427
12 10428
12 10429
12 10430
12 10431
12 10432
12 10433
12 10434
12 10435
12 10436
12 10437
12 10438
12 10439
12 10440
12 10444
12 10445
12 10446
12 10447
12 10448
12 10449
12 10499
12 10502
12 10503
12 10504
12 10505
12 10506
12 10507
12 10508
12 10509
12 10510
12 10511
12 10512
12 10513
12 10515
12 10516
12 10517
12 10518
12 10519
12 10520
12 10521
12 10522
12 10523
12 10524
12 10525
12 10526
12 10527
12 10528
12 10529
12 10530
12 10531
12 10532
12 10533
12 10534
12 10535
12 10536
12 10537
12 10538
12 10539
12 10540
12 10541
12 10542
12 10543
12 10544
12 10545
12 10546
12 10547
12 10548
12 10549
12 10550
12 10551
12 10552
12 10553
12 10554
12 10555
12 10556
12 10557
12 10558
12 10559
12 10560
12 10561
12 10562
12 10563
12 10564
12 10565
12 10566
12 10567
12 10568
12 10569
12 10570
12 10571
12 10572
12 10573
12 10574
12 10575
12 10576
12 10577
12 10578
12 10579
12 10580
12 10581
12 10582
12 10583
12 10584
12 10585
12 10586
12 10587
12 10588
12 10589
12 10590
12 10591
12 10592
12 10593
12 10594
12 10595
12 10596
12 10597
12 10598
12 10599
12 10600
12 10601
12 10602
12 10604
12 10605
12 10606
12 10607
12 10608
12 10609
12 10610
12 10611
12 10612
12 10613
12 10614
12 10615
12 10616
12 10617
12 10618
12 10619
12 10620
12 10621
12 10622
12 10623
12 10624
12 10625
12 10626
12 10627
12 10628
12 10629
12 10630
12 10631
12 10632
12 10633
12 10634
12 10635
12 10636
12 10637
12 10638
12 10639
12 10640
12 10641
12 10642
12 10643
12 10644
12 10645
12 10646
12 10647
12 10648
12 10649
12 10650
12 10651
12 10652
12 10653
12 10654
12 10655
12 10656
12 10657
12 10658
12 10659
12 10660
12 10661
12 10662
12 10663
12 10665
12 10666
12 10667
12 10668
12 10670
12 10671
12 10672
12 10673
12 10674
12 10675
12 10676
12 10677
12 10678
12 10679
12 10680
12 10682
12 10683
12 10684
12 10685
12 10687
12 10688
12 10689
12 10730
12 10731
12 10732
12 10733
12 10734
12 10735
12 10736
12 10737
12 10738
12 10739
12 10740
12 10741
12 10742
12 10743
12 10744
12 10745
12 10746
12 10747
12 10748
12 10749
12 10750
12 10751
12 10752
12 10753
12 10754
12 10755
12 10756
12 10757
12 10758
12 10759
12 10760
12 10761
12 10766
12 10767
12 10768
12 10769
12 10770
12 10771
12 10772
12 10773
12 10774
12 10775
12 10776
12 10777
12 10778
12 10779
12 10780
12 10781
12 10782
12 10783
12 10784
12 10785
12 10786
12 10787
12 10788
12 10789
12 10790
12 10791
12 10792
12 10793
12 10794
12 10795
12 10796
12 10797
12 10798
12 10799
12 10800
12 10801
12 10802
12 10803
12 10804
12 10805
12 10806
12 10807
12 10808
12 10809
12 10810
12 10811
12 10812
12 10813
12 10814
12 10815
12 10816
12 10817
12 10818
12 10819
12 10820
12 10821
12 10822
12 10823
12 10824
12 10825
12 10826
12 10827
12 10828
12 10829
12 10830
12 10831
12 10832
12 10833
12 10834
12 10835
12 10838
12 10840
12 10859
12 10860
12 10869
12 10871
12 10872
12 10873
12 10874
12 10876
12 10877
12 10878
12 10879
12 10919
12 10920
12 10921
12 10925
12 10926
12 10928
12 10929
12 10930
12 10931
12 10932
12 10941
12 10942
12 10943
12 10944
12 10945
12 10946
12 10947
12 10948
12 10949
12 10950
12 10951
12 10952
12 10953
12 10954
12 10955
12 10956
12 10957
12 10958
12 10959
12 10960
12 10961
12 10962
12 10963
12 10964
12 10965
12 11081
12 11082
12 11083
12 11084
12 11085
12 11086
12 11087
12 11088
12 11089
12 11090
12 11091
12 11092
12 11093
12 11094
12 11096
12 11098
12 11100
12 11101
12 11102
12 11103
12 11104
12 11105
12 11106
12 11107
12 11108
12 11109
12 11110
12 11111
12 11112
12 11113
12 11114
12 11115
12 11116
12 11117
12 11118
12 11119
12 11120
12 11121
12 11122
12 11123
12 11124
12 11125
12 11127
12 11128
12 11129
12 11131
12 11132
12 11133
12 11134
12 11135
12 11136
12 11137
12 11139
12 11140
12 11141
12 11143
12 11144
12 11145
12 11146
12 11148
12 11149
12 11150
12 11152
12 11153
12 11154
12 11156
12 11157
12 11158
12 11160
12 11161
12 11162
12 11164
12 11165
12 11166
12 11168
12 11169
12 11170
12 11171
12 11173
12 11174
12 11175
12 11177
12 11178
12 11179
12 11180
12 11181
12 11183
12 11184
12 11185
12 11187
12 11188
12 11189
12 11191
12 11192
12 11194
12 11195
12 11196
12 11198
12 11199
12 11200
12 11202
12 11203
12 11204
12 11206
12 11207
12 11208
12 11209
12 11210
12 11211
12 11212
12 11214
12 11215
12 11216
12 11217
12 11218
12 11220
12 11221
12 11222
12 11223
12 11224
12 11225
12 11226
12 11227
12 11228
12 11229
12 11230
12 11231
12 11232
12 11233
12 11234
12 11235
12 11237
12 11238
12 11239
12 11240
12 11241
12 11242
12 11244
12 11245
12 11247
12 11248
12 11249
12 11251
12 11252
12 11254
12 11255
12 11256
12 11257
12 11259
12 11260
12 11261
12 11263
12 11264
12 11265
12 11266
12 11268
12 11269
12 11270
12 11271
12 11273
12 11274
12 11275
12 11276
12 11278
12 11279
12 11280
12 11281
12 11283
12 11284
12 11285
12 11286
12 11287
12 11288
12 11289
12 11291
12 11292
12 11294
12 11295
12 11296
12 11298
12 11299
12 11300
12 11301
12 11302
12 11303
12 11304
12 11305
12 11306
12 11307
12 11308
12 11309
12 11311
12 11312
12 11313
12 11315
12 11316
12 11317
12 11319
12 11320
12 11321
12 11322
12 11324
12 11325
12 11326
12 11328
12 11329
12 11330
12 11332
12 11333
12 11334
12 11335
12 11337
12 11338
12 11340
12 11341
12 11342
12 11344
12 11345
12 11346
12 11348
12 11349
12 11350
12 11351
12 11352
12 11353
12 11354
12 11355
12 11356
12 11357
12 11358
12 11359
12 11360
12 11361
12 11363
12 11364
12 11365
12 11367
12 11368
12 11369
12 11370
12 11371
12 11373
12 11374
12 11375
12 11376
12 11378
12 11379
12 11412
12 11413
12 11414
12 11415
12 11416
12 11417
12 11418
12 11419
12 11420
12 11421
12 11422
12 11423
12 11424
12 11425
12 11426
12 11427
12 11428
12 11429
12 11430
12 11431
12 11432
12 11433
12 11434
12 11435
12 11436
12 11437
12 11438
12 11439
12 11440
12 11441
12 11442
12 11443
12 11444
12 11445
12 11446
12 11447
12 11448
12 11449
12 11450
12 11452
12 11453
12 11454
12 11456
12 11457
12 11458
12 11459
12 11460
12 11461
12 11463
12 11464
12 11465
12 11466
12 11467
12 11468
12 11469
12 11471
12 11472
12 11473
12 11475
12 11476
12 11477
12 11478
12 11479
12 11481
12 11482
12 11483
12 11484
12 11486
12 11487
12 11488
12 11490
12 11491
12 11492
12 11494
12 11495
12 11496
12 11497
12 11499
12 11500
12 11501
12 11502
12 11503
12 11504
12 11505
12 11506
12 11507
12 11508
12 11509
12 11510
12 11511
12 11512
12 11513
12 11514
12 11515
12 11516
12 11517
12 11518
12 11519
12 11520
12 11521
12 11522
12 11523
12 11524
12 11525
12 11526
12 11527
12 11528
12 11529
12 11530
12 11531
12 11532
12 11533
12 11534
12 11535
12 11536
12 11537
12 11538
12 11539
12 11540
12 11541
12 11542
12 11543
12 11544
12 11545
12 11546
12 11547
12 11548
12 11549
12 11550
12 11551
12 11552
12 11553
12 11554
12 11555
12 11556
12 11557
12 11558
12 11559
12 11560
12 11561
12 11562
12 11563
12 11564
12 11565
12 11566
12 11567
12 11568
12 11569
12 11570
12 11571
12 11572
12 11573
12 11574
12 11575
12 11576
12 11577
12 11578
12 11579
12 11580
12 11581
12 11582
12 11583
12 11584
12 11585
12 11586
12 11587
12 11588
12 11589
12 11590
12 11591
12 11592
12 11593
12 11594
12 11595
12 11596
12 11597
12 11598
12 11599
12 11600
12 11601
12 11602
12 11603
12 11604
12 11605
12 11606
12 11607
12 11608
12 11609
12 11610
12 11611
12 11612
12 11613
12 11614
12 11615
12 11616
12 11617
12 11618
12 11619
12 11620
12 11621
12 11622
12 11623
12 11624
12 11625
12 11626
12 11627
12 11628
12 11629
12 11630
12 11631
12 11632
12 11633
12 11634
12 11635
12 11636
12 11637
12 11638
12 11639
12 11640
12 11641
12 11642
12 11643
12 11644
12 11645
12 11646
12 11647
12 11648
12 11649
12 11650
12 11651
12 11652
12 11653
12 11654
12 11655
12 11656
12 11657
12 11658
12 11659
12 11660
12 11661
12 11662
12 11663
12 11664
12 11665
12 11666
12 11667
12 11668
12 11669
12 11670
12 11671
12 11672
12 11673
12 11674
12 11675
12 11676
12 11677
12 11678
12 11679
12 11680
12 11681
12 11682
12 11683
12 11684
12 11685
12 11686
12 11687
12 11688
12 11689
12 11690
12 11691
12 11692
12 11693
12 11694
12 11695
12 11696
12 11697
12 11698
12 11699
12 11700
12 11701
12 11702
12 11703
12 11704
12 11705
12 11706
12 11707
12 11708
12 11709
12 11710
12 11711
12 11712
12 11713
12 11714
12 11715
12 11716
12 11717
12 11718
12 11719
12 11720
12 11721
12 11722
12 11723
12 11724
12 11725
12 11726
12 11727
12 11728
12 11729
12 11730
12 11731
12 11732
12 11733
12 11734
12 11735
12 11736
12 11737
12 11738
12 11739
12 11740
12 11741
12 11742
12 11743
12 11744
12 11745
12 11746
12 11747
12 11748
12 11749
12 11750
12 11751
12 11752
12 11753
12 11754
12 11755
12 11756
12 11757
12 11758
12 11759
12 11760
12 11761
12 11762
12 11763
12 11764
12 11765
12 11766
12 11767
12 11768
12 11769
12 11770
12 11771
12 11772
12 11773
12 11774
12 11775
12 11776
12 11777
12 11778
12 11779
12 11780
12 11781
12 11782
12 11783
12 11784
12 11785
12 11786
12 11787
12 11788
12 11789
12 11790
12 11791
12 11792
12 11793
12 11794
12 11795
12 11796
12 11797
12 11798
12 11799
12 11800
12 11801
12 11802
12 11803
12 11804
12 11805
12 11806
12 11807
12 11808
12 11809
12 11810
12 11811
12 11812
12 11813
12 11814
12 11815
12 11816
12 11817
12 11818
12 11819
12 11820
12 11821
12 11822
12 11823
12 11824
12 11825
12 11826
12 11827
12 11828
12 11829
12 11830
12 11831
12 11832
12 11833
12 11834
12 11835
12 11836
12 11837
12 11838
12 11839
12 11840
12 11841
12 11842
12 11843
12 11844
12 11845
12 11846
12 11847
12 11848
12 11849
12 11850
12 11851
12 11852
12 11853
12 11854
12 11855
12 11856
12 11857
12 11858
12 11860
12 11861
12 11862
12 11863
12 11864
12 11865
12 11866
12 11867
12 11868
12 11869
12 11870
12 11871
12 11872
12 11873
12 11874
12 11875
12 11876
12 11877
12 11878
12 11879
12 11880
12 11881
12 11882
12 11883
12 11884
12 11885
12 11886
12 11887
12 11888
12 11889
12 11895
12 11896
12 11897
12 11898
12 11899
12 11901
12 11902
12 11903
12 11904
12 11905
12 11906
12 11907
12 11908
12 11909
12 11910
12 11911
12 11912
12 11913
12 11914
12 11915
12 11916
12 11917
12 11918
12 11919
12 11920
12 11921
12 11922
12 11923
12 11924
12 11925
12 11926
12 11927
12 11928
12 11929
12 11930
12 11931
12 11932
12 11933
12 11934
12 11935
12 11936
12 11937
12 11938
12 11939
12 11940
12 11941
12 11942
12 11943
12 11944
12 11945
12 11946
12 11947
12 11948
12 11949
12 11950
12 11951
12 11952
12 11953
12 11954
12 11955
12 11956
12 11957
12 11958
12 11959
12 11960
12 11961
12 11962
12 11963
12 11964
12 11965
12 11966
12 11967
12 11968
12 11969
12 11970
12 11971
12 11972
12 11973
12 11974
12 11975
12 11976
12 11977
12 11978
12 11979
12 11980
12 11981
12 11982
12 11983
12 11984
12 11985
12 11986
12 11987
12 11988
12 11989
12 11990
12 11991
12 11992
12 11993
12 11994
12 11995
12 11996
12 11997
12 11998
12 11999
12 12000
12 12001
12 12002
12 12003
12 12004
12 12005
12 12006
12 12007
12 12008
12 12009
12 12010
12 12011
12 12012
12 12013
12 12014
12 12015
12 12016
12 12017
12 12018
12 12019
12 12020
12 12021
12 12022
12 12023
12 12024
12 12025
12 12026
12 12027
12 12028
12 12029
12 12030
12 12031
12 12032
12 12033
12 12034
12 12035
12 12036
12 12037
12 12038
12 12039
12 12040
12 12041
12 12042
12 12043
12 12044
12 12045
12 12046
12 12047
12 12048
12 12049
12 12050
12 12051
12 12052
12 12053
12 12054
12 12055
12 12056
12 12057
12 12058
12 12059
12 12060
12 12061
12 12062
12 12063
12 12064
12 12065
12 12066
12 12067
12 12068
12 12069
12 12070
12 12071
12 12072
12 12073
12 12074
12 12075
12 12076
12 12077
12 12078
12 12079
12 12080
12 12081
12 12082
12 12083
12 12084
12 12085
12 12086
12 12087
12 12088
12 12089
12 12090
12 12091
12 12092
12 12093
12 12094
12 12095
12 12096
12 12097
12 12098
12 12099
12 12100
12 12101
12 12102
12 12103
12 12104
12 12105
12 12106
12 12107
12 12108
12 12109
12 12110
12 12111
12 12112
12 12113
12 12114
12 12115
12 12116
12 12117
12 12118
12 12119
12 12120
12 12121
12 12122
12 12123
12 12124
12 12125
12 12126
12 12127
12 12128
12 12129
12 12130
12 12131
12 12132
12 12133
12 12134
12 12135
12 12136
12 12137
12 12138
12 12139
12 12140
12 12141
12 12142
12 12143
12 12144
12 12145
12 12146
12 12147
12 12148
12 12149
12 12150
12 12151
12 12152
12 12153
12 12154
12 12155
12 12156
12 12157
12 12158
12 12159
12 12160
12 12161
12 12162
12 12163
12 12164
12 12165
12 12166
12 12167
12 12168
12 12169
12 12170
12 12171
12 12172
12 12173
12 12174
12 12175
12 12176
12 12177
12 12178
12 12179
12 12180
12 12181
12 12182
12 12183
12 12184
12 12185
12 12186
12 12187
12 12188
12 12189
12 12190
12 12191
12 12192
12 12193
12 12194
12 12195
12 12196
12 12197
12 12198
12 12199
12 12200
12 12201
12 12202
12 12203
12 12204
12 12205
12 12206
12 12207
12 12208
12 12209
12 12210
12 12211
12 12212
12 12213
12 12214
12 12215
12 12216
12 12217
12 12218
12 12219
12 12220
12 12221
12 12222
12 12223
12 12224
12 12225
12 12226
12 12227
12 12228
12 12229
12 12230
12 12231
12 12232
12 12233
12 12234
12 12235
12 12236
12 12237
12 12238
12 12239
12 12240
12 12241
12 12242
12 12243
12 12244
12 12245
12 12246
12 12247
12 12248
12 12249
12 12250
12 12251
12 12252
12 12253
12 12254
12 12255
12 12256
12 12257
12 12258
12 12259
12 12260
12 12261
12 12262
12 12263
12 12264
12 12265
12 12266
12 12267
12 12268
12 12269
12 12270
12 12271
12 12272
12 12273
12 12274
12 12275
12 12276
12 12277
12 12278
12 12279
12 12280
12 12281
12 12282
12 12283
12 12284
12 12285
12 12286
12 12287
12 12288
12 12289
12 12290
12 12291
12 12292
12 12293
12 12294
12 12295
12 12296
12 12297
12 12298
12 12299
12 12300
12 12301
12 12302
12 12303
12 12304
12 12305
12 12306
12 12307
12 12308
12 12309
12 12310
12 12311
12 12312
12 12313
12 12314
12 12315
12 12316
12 12317
12 12318
12 12319
12 12320
12 12321
12 12322
12 12323
12 12324
12 12325
12 12326
12 12327
12 12328
12 12329
12 12330
12 12331
12 12332
12 12333
12 12334
12 12335
12 12336
12 12337
12 12338
12 12339
12 12340
12 12341
12 12342
12 12343
12 12344
12 12345
12 12351
12 12356
12 12357
12 12358
12 12359
12 12360
12 12361
12 12362
12 12363
12 12364
12 12365
12 12366
12 12367
12 12368
12 12369
12 12370
12 12371
12 12372
12 12373
12 12374
12 12375
12 12376
12 12377
12 12378
12 12379
12 12380
12 12381
12 12382
12 12383
12 12384
12 12393
12 12394
12 12395
12 12396
12 12397
12 12398
12 12399
12 12400
12 12401
12 12402
12 12403
12 12404
12 12405
12 12406
12 12407
12 12408
12 12409
12 12410
12 12411
12 12412
12 12413
12 12414
12 12415
12 12416
12 12417
12 12418
12 12419
12 12420
12 12421
12 12422
12 12423
12 12424
12 12425
12 12426
12 12428
12 12429
12 12430
12 12431
12 12432
12 12433
12 12434
12 12435
12 12436
12 12437
12 12438
12 12439
12 12440
12 12441
12 12442
12 12443
12 12444
12 12445
12 12446
12 12447
12 12451
12 12452
12 12453
12 12454
12 12455
12 12456
12 12457
12 12458
12 12459
12 12460
12 12461
12 12462
12 12463
12 12464
12 12465
12 12466
12 12467
12 12468
12 12469
12 12470
12 12471
12 12472
12 12473
12 12474
12 12475
12 12476
12 12477
12 12478
12 12479
12 12480
12 12481
12 12482
12 12483
12 12484
12 12485
12 12487
12 12488
12 12489
12 12490
12 12491
12 12492
12 12493
12 12494
12 12495
12 12496
12 12497
12 12498
12 12499
12 12500
12 12501
12 12502
12 12503
12 12504
12 12505
12 12506
12 12507
12 12508
12 12509
12 12510
12 12511
12 12512
12 12513
12 12514
12 12515
12 12516
12 12517
12 12518
12 12519
12 12520
12 12521
12 12522
12 12523
12 12524
12 12525
12 12527
12 12528
12 12529
12 12530
12 12531
12 12532
12 12533
12 12535
12 12536
12 12537
12 12538
12 12540
12 12541
12 12542
12 12543
12 12544
12 12593
12 12594
12 12595
12 12596
12 12597
12 12598
12 12599
12 12600
12 12601
12 12602
12 12603
12 12604
12 12605
12 12606
12 12607
12 12608
12 12609
12 12610
12 12611
12 12612
12 12613
12 12614
12 12615
12 12616
12 12617
12 12618
12 12619
12 12620
12 12621
12 12622
12 12623
12 12624
12 12625
12 12626
12 12627
12 12628
12 12629
12 12630
12 12631
12 12632
12 12633
12 12634
12 12635
12 12636
12 12637
12 12638
12 12639
12 12640
12 12641
12 12642
12 12643
12 12644
12 12645
12 12646
12 12647
12 12648
12 12649
12 12650
12 12651
12 12652
12 12653
12 12654
12 12655
12 12656
12 12657
12 12791
12 12792
12 12793
12 12794
12 12795
12 12796
12 12797
12 12798
12 12800
12 12807
12 12811
12 12812
12 12813
12 12827
12 12828
12 12829
12 12830
12 12831
12 12839
12 12843
12 12844
12 12881
12 12899
12 12900
12 12901
12 12903
12 12907
12 12908
12 12909
12 12910
12 12911
12 12912
12 12913
12 12914
12 12915
12 12916
12 12917
12 12918
12 12920
12 12923
12 12924
12 12925
12 12930
12 12931
12 12933
12 12936
12 12937
12 12963
12 12964
12 12967
12 12968
12 12969
12 12970
12 12971
12 12972
12 12973
12 12974
12 12975
12 12976
12 12977
12 12978
12 12979
12 12980
12 12981
12 12982
12 12983
12 12984
12 12985
12 12986
12 12987
12 12988
12 12989
12 12990
12 12991
12 12992
12 12993
12 12994
12 12995
12 12996
12 12997
12 12998
12 12999
12 13000
12 13001
12 13002
12 13003
12 13004
12 13005
12 13006
12 13007
12 13008
12 13009
12 13010
12 13011
12 13012
12 13013
12 13014
12 13015
12 13016
12 13017
12 13018
12 13019
12 13021
12 13022
12 13023
12 13024
12 13025
12 13026
12 13027
12 13028
12 13029
12 13030
12 13031
12 13032
12 13033
12 13034
12 13035
12 13036
12 13037
12 13038
12 13039
12 13040
12 13041
12 13042
12 13043
12 13044
12 13045
12 13046
12 13047
12 13048
12 13049
12 13050
12 13051
12 13052
12 13053
12 13054
12 13055
12 13056
12 13057
12 13058
12 13059
12 13060
12 13061
12 13062
12 13063
12 13064
12 13065
12 13066
12 13067
12 13068
12 13069
12 13070
12 13071
12 13072
12 13073
12 13074
12 13075
12 13076
12 13077
12 13078
12 13079
12 13080
12 13081
12 13082
12 13083
12 13084
12 13085
12 13086
12 13087
12 13089
12 13090
12 13091
12 13092
12 13093
12 13094
12 13095
12 13096
12 13097
12 13098
12 13099
12 13100
12 13101
12 13102
12 13103
12 13104
12 13105
12 13106
12 13107
12 13108
12 13109
12 13110
12 13111
12 13112
12 13113
12 13114
12 13115
12 13116
12 13117
12 13118
12 13119
12 13120
12 13121
12 13122
12 13123
12 13124
12 13125
12 13126
12 13127
12 13128
12 13129
12 13130
12 13131
12 13132
12 13133
12 13134
12 13135
12 13136
12 13137
12 13138
12 13139
12 13140
12 13141
12 13142
12 13143
12 13144
12 13145
12 13146
12 13147
12 13148
12 13149
12 13150
12 13151
12 13152
12 13153
12 13154
12 13155
12 13156
12 13157
12 13158
12 13159
12 13160
12 13161
12 13162
12 13163
12 13164
12 13165
12 13166
12 13167
12 13168
12 13169
12 13170
12 13171
12 13172
12 13173
12 13174
12 13175
12 13176
12 13177
12 13178
12 13179
12 13180
12 13181
12 13182
12 13183
12 13184
12 13185
12 13186
12 13187
12 13188
12 13189
12 13190
12 13191
12 13192
12 13193
12 13194
12 13195
12 13196
12 13197
12 13198
12 13199
12 13200
12 13201
12 13202
12 13203
12 13204
12 13205
12 13206
12 13207
12 13208
12 13209
12 13210
12 13211
12 13212
12 13213
12 13214
12 13215
12 13216
12 13217
12 13218
12 13219
12 13220
12 13221
12 13222
12 13223
12 13224
12 13225
12 13226
12 13227
12 13228
12 13229
12 13230
12 13231
12 13232
12 13233
12 13234
12 13235
12 13236
12 13237
12 13238
12 13239
12 13240
12 13241
12 13242
12 13243
12 13244
12 13245
12 13246
12 13247
12 13248
12 13249
12 13250
12 13251
12 13252
12 13253
12 13254
12 13255
12 13256
12 13257
12 13258
12 13259
12 13260
12 13261
12 13262
12 13263
12 13264
12 13265
12 13266
12 13267
12 13268
12 13269
12 13270
12 13271
12 13272
12 13273
12 13274
12 13275
12 13276
12 13277
12 13278
12 13279
12 13280
12 13281
12 13282
12 13283
12 13284
12 13285
12 13286
12 13287
12 13288
12 13289
12 13290
12 13291
12 13292
12 13293
12 13294
12 13295
12 13296
12 13297
12 13298
12 13299
12 13300
12 13301
12 13302
12 13303
12 13304
12 13305
12 13306
12 13307
12 13308
12 13309
12 13310
12 13311
12 13312
12 13313
12 13314
12 13315
12 13316
12 13317
12 13318
12 13319
12 13320
12 13321
12 13322
12 13323
12 13324
12 13325
12 13326
12 13327
12 13328
12 13329
12 13330
12 13331
12 13332
12 13333
12 13334
12 13335
12 13336
12 13337
12 13338
12 13339
12 13340
12 13341
12 13342
12 13343
12 13344
12 13345
12 13346
12 13347
12 13348
12 13349
12 13350
12 13351
12 13352
12 13353
12 13354
12 13355
12 13356
12 13357
12 13358
12 13359
12 13360
12 13361
12 13362
12 13363
12 13364
12 13365
12 13366
12 13367
12 13368
12 13369
12 13370
12 13371
12 13372
12 13373
12 13374
12 13375
12 13376
12 13377
12 13378
12 13379
12 13380
12 13381
12 13382
12 13383
12 13384
12 13385
12 13386
12 13387
12 13388
12 13389
12 13390
12 13391
12 13392
12 13393
12 13394
12 13395
12 13396
12 13397
12 13398
12 13399
12 13400
12 13401
12 13402
12 13403
12 13404
12 13405
12 13406
12 13407
12 13408
12 13409
12 13410
12 13411
12 13412
12 13413
12 13414
12 13415
12 13416
12 13417
12 13418
12 13419
12 13420
12 13421
12 13422
12 13423
12 13424
12 13425
12 13426
12 13427
12 13428
12 13429
12 13430
12 13431
12 13432
12 13433
12 13434
12 13435
12 13436
12 13437
12 13438
12 13439
12 13440
12 13441
12 13442
12 13443
12 13444
12 13445
12 13446
12 13447
12 13448
12 13449
12 13450
12 13451
12 13452
12 13453
12 13454
12 13455
12 13456
12 13457
12 13458
12 13459
12 13460
12 13461
12 13462
12 13463
12 13464
12 13465
12 13466
12 13467
12 13468
12 13469
12 13470
12 13471
12 13472
12 13484
12 13485
12 13486
12 13487
12 13488
12 13489
12 13490
12 13491
12 13492
12 13493
12 13494
12 13495
12 13496
12 13497
12 13498
12 13499
12 13500
12 13501
12 13502
12 13503
12 13504
12 13505
12 13507
12 13508
12 13509
12 13510
12 13511
12 13512
12 13513
12 13514
12 13515
12 13516
12 13517
12 13518
12 13519
12 13520
12 13521
12 13522
12 13523
12 13524
12 13525
12 13526
12 13527
12 13528
12 13529
12 13530
12 13531
12 13532
12 13533
12 13534
12 13535
12 13536
12 13537
12 13538
12 13539
12 13540
12 13541
12 13542
12 13543
12 13544
12 13545
12 13546
12 13547
12 13548
12 13549
12 13550
12 13551
12 13552
12 13553
12 13554
12 13555
12 13556
12 13557
12 13558
12 13559
12 13560
12 13561
12 13562
12 13563
12 13564
12 13565
12 13566
12 13567
12 13568
12 13569
12 13570
12 13571
12 13572
12 13573
12 13574
12 13575
12 13576
12 13577
12 13578
12 13579
12 13580
12 13581
12 13582
12 13583
12 13584
12 13585
12 13586
12 13587
12 13588
12 13589
12 13590
12 13591
12 13592
12 13593
12 13594
12 13595
12 13596
12 13597
12 13598
12 13599
12 13600
12 13601
12 13602
12 13603
12 13604
12 13605
12 13606
12 13607
12 13608
12 13609
12 13610
12 13611
12 13612
12 13613
12 13614
12 13615
12 13616
12 13617
12 13618
12 13619
12 13620
12 13621
12 13622
12 13623
12 13624
12 13625
12 13626
12 13627
12 13628
12 13629
12 13630
12 13631
12 13632
12 13633
12 13634
12 13635
12 13636
12 13637
12 13638
12 13639
12 13640
12 13641
12 13642
12 13643
12 13644
12 13645
12 13646
12 13647
12 13648
12 13649
12 13650
12 13651
12 13652
12 13653
12 13654
12 13655
12 13656
12 13657
12 13658
12 13659
12 13660
12 13661
12 13662
12 13663
12 13664
12 13665
12 13666
12 13667
12 13668
12 13669
12 13670
12 13671
12 13672
12 13673
12 13674
12 13675
12 13676
12 13677
12 13678
12 13679
12 13680
12 13681
12 13682
12 13683
12 13684
12 13685
12 13686
12 13687
12 13688
12 13689
12 13690
12 13691
12 13692
12 13693
12 13694
12 13695
12 13696
12 13697
12 13698
12 13699
12 13700
12 13701
12 13702
12 13703
12 13704
12 13705
12 13706
12 13707
12 13708
12 13709
12 13710
12 13711
12 13712
12 13713
12 13714
12 13715
12 13716
12 13717
12 13718
12 13719
12 13720
12 13721
12 13722
12 13723
12 13724
12 13725
12 13726
12 13727
12 13728
12 13729
12 13730
12 13731
12 13732
12 13733
12 13734
12 13735
12 13736
12 13737
12 13738
12 13739
12 13740
12 13741
12 13742
12 13743
12 13744
12 13745
12 13746
12 13747
12 13748
12 13749
12 13750
12 13751
12 13752
12 13753
12 13754
12 13755
12 13756
12 13757
12 13758
12 13759
12 13760
12 13761
12 13762
12 13763
12 13764
12 13765
12 13766
12 13767
12 13768
12 13769
12 13770
12 13771
12 13772
12 13773
12 13774
12 13775
12 13776
12 13777
12 13778
12 13779
12 13780
12 13781
12 13782
12 13783
12 13784
12 13785
12 13786
12 13787
12 13788
12 13789
12 13790
12 13791
12 13792
12 13793
12 13794
12 13795
12 13796
12 13797
12 13798
12 13799
12 13800
12 13801
12 13802
12 13803
12 13804
12 13805
12 13806
12 13807
12 13808
12 13809
12 13810
12 13811
12 13812
12 13813
12 13814
12 13815
12 13816
12 13817
12 13818
12 13819
12 13820
12 13821
12 13822
12 13823
12 13824
12 13825
12 13826
12 13827
12 13828
12 13829
12 13830
12 13831
12 13832
12 13833
12 13834
12 13835
12 13836
12 13837
12 13838
12 13839
12 13840
12 13841
12 13842
12 13843
12 13844
12 13845
12 13846
12 13847
12 13848
12 13849
12 13850
12 13851
12 13852
12 13853
12 13854
12 13855
12 13856
12 13857
12 13858
12 13859
12 13860
12 13861
12 13862
12 13863
12 13864
12 13865
12 13866
12 13867
12 13868
12 13869
12 13870
12 13871
12 13872
12 13873
12 13874
12 13875
12 13876
12 13877
12 13878
12 13879
12 13880
12 13881
12 13882
12 13883
12 13884
12 13885
12 13886
12 13887
12 13888
12 13889
12 13890
12 13891
12 13892
12 13893
12 13894
12 13895
12 13896
12 13897
12 13898
12 13899
12 13900
12 13901
12 13902
12 13903
12 13904
12 13905
12 13906
12 13907
12 13908
12 13909
12 13910
12 13911
12 13912
12 13913
12 13914
12 13915
12 13916
12 13917
12 13918
12 13919
12 13920
12 13921
12 13922
12 13923
12 13924
12 13925
12 13927
12 13928
12 13929
12 13930
12 13931
12 13932
12 13933
12 13934
12 13935
12 13936
12 13937
12 13938
12 13939
12 13940
12 13941
12 13942
12 13943
12 13944
12 13945
12 13946
12 13947
12 13948
12 13949
12 13950
12 13951
12 13952
12 13953
12 13954
12 13955
12 13956
12 13957
12 13958
12 13959
12 13960
12 13961
12 13962
12 13963
12 13964
12 13965
12 13966
12 13967
12 13968
12 13969
12 13970
12 13971
12 13972
12 13973
12 13974
12 13975
12 13976
12 13977
12 13978
12 13979
12 13980
12 13981
12 13982
12 13983
12 13984
12 13985
12 13986
12 13987
12 13988
12 13989
12 13990
12 13991
12 13992
12 13993
12 13994
12 13995
12 13996
12 13997
12 13998
12 13999
12 14000
12 14001
12 14002
12 14003
12 14004
12 14005
12 14006
12 14007
12 14008
12 14009
12 14010
12 14011
12 14012
12 14013
12 14014
12 14015
12 14016
12 14017
12 14018
12 14019
12 14020
12 14021
12 14022
12 14023
12 14024
12 14025
12 14026
12 14027
12 14028
12 14029
12 14030
12 14031
12 14032
12 14033
12 14034
12 14035
12 14036
12 14037
12 14038
12 14039
12 14040
12 14041
12 14042
12 14043
12 14044
12 14045
12 14046
12 14047
12 14048
12 14049
12 14050
12 14051
12 14052
12 14053
12 14054
12 14055
12 14056
12 14057
12 14058
12 14059
12 14060
12 14061
12 14062
12 14063
12 14064
12 14065
12 14066
12 14067
12 14068
12 14069
12 14070
12 14071
12 14072
12 14073
12 14074
12 14075
12 14076
12 14077
12 14078
12 14079
12 14080
12 14081
12 14082
12 14083
12 14084
12 14085
12 14086
12 14087
12 14088
12 14089
12 14090
12 14091
12 14092
12 14093
12 14094
12 14095
12 14096
12 14097
12 14098
12 14099
12 14100
12 14101
12 14102
12 14103
12 14104
12 14105
12 14106
12 14107
12 14108
12 14109
12 14110
12 14111
12 14112
12 14113
12 14114
12 14115
12 14116
12 14117
12 14118
12 14119
12 14120
12 14121
12 14122
12 14123
12 14124
12 14125
12 14126
12 14127
12 14128
12 14129
12 14130
12 14131
12 14132
12 14133
12 14134
12 14135
12 14136
12 14137
12 14138
12 14139
12 14140
12 14141
12 14142
12 14143
12 14144
12 14145
12 14146
12 14147
12 14148
12 14149
12 14150
12 14151
12 14152
12 14153
12 14154
12 14155
12 14156
12 14157
12 14158
12 14159
12 14160
12 14161
12 14162
12 14163
12 14164
12 14165
12 14166
12 14167
12 14168
12 14169
12 14170
12 14171
12 14172
12 14173
12 14174
12 14175
12 14176
12 14177
12 14178
12 14179
12 14180
12 14181
12 14182
12 14183
12 14184
12 14185
12 14186
12 14187
12 14188
12 14189
12 14190
12 14191
12 14192
12 14193
12 14194
12 14195
12 14196
12 14197
12 14198
12 14199
12 14200
12 14201
12 14202
12 14203
12 14204
12 14205
12 14206
12 14207
12 14208
12 14209
12 14210
12 14211
12 14212
12 14213
12 14214
12 14215
12 14216
12 14217
12 14218
12 14219
12 14220
12 14221
12 14222
12 14223
12 14224
12 14225
12 14226
12 14227
12 14228
12 14229
12 14230
12 14231
12 14232
12 14233
12 14234
12 14235
12 14236
12 14237
12 14238
12 14239
12 14240
12 14241
12 14242
12 14243
12 14244
12 14245
12 14246
12 14247
12 14248
12 14249
12 14250
12 14251
12 14252
12 14253
12 14254
12 14255
12 14256
12 14257
12 14258
12 14259
12 14260
12 14261
12 14262
12 14263
12 14264
12 14265
12 14266
12 14267
12 14268
12 14269
12 14270
12 14271
12 14272
12 14273
12 14274
12 14275
12 14276
12 14277
12 14278
12 14279
12 14280
12 14281
12 14282
12 14283
12 14284
12 14285
12 14286
12 14287
12 14288
12 14289
12 14290
12 14291
12 14292
12 14293
12 14294
12 14295
12 14296
12 14297
12 14298
12 14299
12 14300
12 14301
12 14302
12 14303
12 14304
12 14305
12 14306
12 14307
12 14308
12 14309
12 14310
12 14311
12 14312
12 14313
12 14314
12 14315
12 14316
12 14317
12 14318
12 14319
12 14320
12 14321
12 14322
12 14323
12 14324
12 14325
12 14326
12 14327
12 14328
12 14329
12 14330
12 14331
12 14332
12 14333
12 14334
12 14335
12 14336
12 14337
12 14338
12 14339
12 14340
12 14341
12 14342
12 14343
12 14344
12 14345
12 14346
12 14347
12 14348
12 14349
12 14350
12 14351
12 14352
12 14353
12 14354
12 14355
12 14356
12 14357
12 14358
12 14359
12 14360
12 14361
12 14362
12 14363
12 14364
12 14365
12 14366
12 14367
12 14368
12 14369
12 14370
12 14371
12 14372
12 14373
12 14374
12 14375
12 14376
12 14377
12 14378
12 14379
12 14380
12 14381
12 14382
12 14383
12 14384
12 14385
12 14386
12 14387
12 14388
12 14389
12 14390
12 14391
12 14392
12 14393
12 14394
12 14395
12 14396
12 14397
12 14398
12 14399
12 14400
12 14401
12 14402
12 14403
12 14404
12 14405
12 14406
12 14407
12 14408
12 14409
12 14410
12 14411
12 14412
12 14413
12 14414
12 14415
12 14416
12 14417
12 14418
12 14419
12 14420
12 14421
12 14422
12 14423
12 14424
12 14425
12 14426
12 14427
12 14428
12 14429
12 14430
12 14431
12 14432
12 14433
12 14434
12 14435
12 14436
12 14437
12 14438
12 14439
12 14440
12 14441
12 14442
12 14443
12 14444
12 14445
12 14446
12 14447
12 14448
12 14449
12 14450
12 14451
12 14452
12 14453
12 14454
12 14455
12 14456
12 14457
12 14458
12 14459
12 14460
12 14461
12 14462
12 14463
12 14464
12 14465
12 14466
12 14467
12 14468
12 14469
12 14470
12 14471
12 14472
12 14473
12 14474
12 14475
12 14476
12 14477
12 14478
12 14479
12 14480
12 14481
12 14482
12 14483
12 14484
12 14485
12 14486
12 14487
12 14488
12 14489
12 14490
12 14491
12 14492
12 14493
12 14494
12 14495
12 14496
12 14497
12 14498
12 14499
12 14500
12 14501
12 14502
12 14503
12 14504
12 14505
12 14506
12 14507
12 14508
12 14509
12 14510
12 14511
12 14512
12 14513
12 14514
12 14515
12 14516
12 14517
12 14518
12 14519
12 14520
12 14521
12 14522
12 14523
12 14524
12 14525
12 14526
12 14527
12 14528
12 14529
12 14530
12 14531
12 14532
12 14533
12 14534
12 14535
12 14536
12 14537
12 14538
12 14539
12 14540
12 14541
12 14542
12 14543
12 14544
12 14545
12 14546
12 14547
12 14548
12 14549
12 14550
12 14551
12 14552
12 14553
12 14554
12 14555
12 14556
12 14557
12 14558
12 14724
12 14725
12 14726
12 14727
12 14728
12 14729
12 14730
12 14731
12 14732
12 14733
12 14734
12 14735
12 14736
12 14737
12 14738
12 14739
12 14740
12 14741
12 14742
12 14743
12 14744
12 14745
12 14746
12 14747
12 14748
12 14749
12 14750
12 14751
12 14752
12 14753
12 14754
12 14755
12 14756
12 14757
12 14758
12 14759
12 14760
12 14761
12 14762
12 14763
12 14764
12 14765
12 14766
12 14767
12 14768
12 14769
12 14770
12 14771
12 14772
12 14773
12 14774
12 14775
12 14776
12 14777
12 14778
12 14779
12 14780
12 14781
12 14782
12 14783
12 14784
12 14785
12 14786
12 14787
12 14788
12 14789
12 14790
12 14791
12 14792
12 14793
12 14794
12 14795
12 14796
12 14797
12 14798
12 14799
12 14800
12 14801
12 14802
12 14803
12 14804
12 14805
12 14806
12 14807
12 14808
12 14809
12 14810
12 14811
12 14812
12 14813
12 14814
12 14815
12 14816
12 14817
12 14818
12 14819
12 14820
12 14821
12 14822
12 14823
12 14824
12 14825
12 14826
12 14827
12 14828
12 14829
12 14830
12 14831
12 14832
12 14833
12 14834
12 14835
12 14836
12 14837
12 14838
12 14839
12 14840
12 14841
12 14842
12 14843
12 14844
12 14845
12 14846
12 14847
12 14848
12 14849
12 14850
12 14851
12 14852
12 14853
12 14854
12 14855
12 14856
12 14857
12 14858
12 14859
12 14860
12 14861
12 14862
12 14863
12 14864
12 14865
12 14866
12 14867
12 14868
12 14869
12 14870
12 14871
12 14872
12 14873
12 14874
12 14875
12 14876
12 14877
12 14878
12 14879
12 14880
12 14881
12 14882
12 14883
12 14884
12 14885
12 14886
12 14887
12 14888
12 14889
12 14890
12 14891
12 14892
12 14893
12 14894
12 14895
12 14896
12 14897
12 14898
12 14899
12 14900
12 14901
12 14902
12 14903
12 14904
12 14905
12 14906
12 14907
12 14908
12 14909
12 14910
12 14911
12 14912
12 14913
12 14914
12 14915
12 14916
12 14917
12 14918
12 14919
12 14920
12 14921
12 14922
12 14923
12 14924
12 14925
12 14926
12 14927
12 14928
12 14929
12 14930
12 14931
12 14932
12 14933
12 14934
12 14935
12 14936
12 14937
12 14938
12 14939
12 14940
12 14941
12 14942
12 14943
12 14944
12 14945
12 14946
12 14947
12 14948
12 14949
12 14950
12 14951
12 14952
12 14953
12 14954
12 14955
12 14956
12 14957
12 14958
12 14959
12 14960
12 14961
12 14962
12 14963
12 14964
12 14965
12 14966
12 14967
12 14968
12 14969
12 14970
12 14971
12 14972
12 14973
12 14974
12 14975
12 14976
12 14977
12 14978
12 14979
12 14980
12 14981
12 14982
12 14983
12 14984
12 14985
12 14986
12 14987
12 14988
12 14989
12 14990
12 14991
12 14992
12 14993
12 14994
12 14995
12 14996
12 14997
12 14998
12 14999
12 15000
12 15001
12 15002
12 15003
12 15004
12 15005
12 15006
12 15007
12 15008
12 15009
12 15010
12 15011
12 15012
12 15013
12 15014
12 15015
12 15016
12 15017
12 15018
12 15019
12 15020
12 15021
12 15022
12 15023
12 15024
12 15025
12 15026
12 15027
12 15028
12 15029
12 15030
12 15031
12 15032
12 15033
12 15034
12 15035
12 15036
12 15037
12 15038
12 15039
12 15040
12 15041
12 15042
12 15043
12 15044
12 15045
12 15046
12 15047
12 15048
12 15049
12 15050
12 15051
12 15052
12 15053
12 15054
12 15055
12 15056
12 15057
12 15058
12 15059
12 15060
12 15061
12 15062
12 15063
12 15064
12 15065
12 15066
12 15067
12 15068
12 15069
12 15070
12 15071
12 15072
12 15073
12 15074
12 15075
12 15076
12 15077
12 15078
12 15079
12 15080
12 15081
12 15082
12 15083
12 15084
12 15085
12 15086
12 15087
12 15088
12 15089
12 15090
12 15091
12 15092
12 15093
12 15094
12 15095
12 15096
12 15097
12 15098
12 15099
12 15100
12 15101
12 15102
12 15103
12 15104
12 15105
12 15106
12 15107
12 15108
12 15109
12 15110
12 15111
12 15112
12 15113
12 15114
12 15115
12 15116
12 15117
12 15118
12 15119
12 15120
12 15121
12 15122
12 15123
12 15124
12 15125
12 15126
12 15127
12 15128
12 15129
12 15130
12 15131
12 15132
12 15133
12 15134
12 15135
12 15136
12 15137
12 15138
12 15139
12 15140
12 15141
12 15142
12 15143
12 15144
12 15145
12 15146
12 15147
12 15148
12 15149
12 15150
12 15151
12 15152
12 15153
12 15154
12 15155
12 15156
12 15157
12 15158
12 15159
12 15160
12 15161
12 15162
12 15163
12 15164
12 15165
12 15166
12 15167
12 15168
12 15169
12 15170
12 15171
12 15172
12 15173
12 15174
12 15175
12 15176
12 15177
12 15178
12 15179
12 15180
12 15181
12 15182
12 15183
12 15184
12 15185
12 15186
12 15187
12 15188
12 15189
12 15190
12 15191
12 15192
12 15193
12 15194
12 15195
12 15196
12 15197
12 15198
12 15199
12 15200
12 15201
12 15202
12 15203
12 15204
12 15205
12 15206
12 15207
12 15208
12 15209
12 15210
12 15211
12 15212
12 15213
12 15214
12 15215
12 15216
12 15217
12 15218
12 15219
12 15220
12 15221
12 15222
12 15223
12 15224
12 15225
12 15226
12 15227
12 15228
12 15229
12 15230
12 15231
12 15232
12 15233
12 15234
12 15235
12 15236
12 15237
12 15238
12 15239
12 15244
12 15245
12 15246
12 15247
12 15248
12 15249
12 15250
12 15251
12 15252
12 15253
12 15254
12 15255
12 15256
12 15257
12 15258
12 15259
12 15260
12 15261
12 15262
12 15270
12 15296
12 15315
12 15348
12 15349
12 15350
12 15351
12 15352
12 15353
12 15354
12 15355
12 15356
12 15357
12 15358
12 15359
12 15360
12 15361
12 15362
12 15369
12 15370
12 15371
12 15372
12 15373
12 15374
12 15375
12 15376
12 15377
12 15378
12 15379
12 15380
12 15381
12 15382
12 15383
12 15384
12 15385
12 15386
12 15387
12 15388
12 15389
12 15390
12 15391
12 15392
12 15393
12 15394
12 15395
12 15396
12 15397
12 15398
12 15399
12 15400
12 15401
12 15402
12 15481
12 15482
12 15483
12 15484
12 15485
12 15486
12 15487
12 15488
12 15489
12 15490
12 15491
12 15492
12 15493
12 15494
12 15495
12 15496
12 15497
12 15498
12 15499
12 15500
12 15501
12 15502
12 15503
12 15504
12 15505
12 15506
12 15507
12 15508
12 15509
12 15510
12 15511
12 15512
12 15513
12 15514
12 15515
12 15607
12 15608
12 15609
12 15610
12 15611
12 15612
12 15637
12 15638
12 15639
12 15640
12 15641
12 15642
12 15643
12 15644
12 15645
12 15646
12 15647
12 15648
12 15649
12 15650
12 15651
12 15652
12 15653
12 15654
12 15655
12 15656
12 15657
12 15658
12 15659
12 15660
12 15661
12 15662
12 15663
12 15664
12 15665
12 15666
12 15667
12 15668
12 15669
12 15670
12 15671
12 15672
12 15673
12 15674
12 15675
12 15676
12 15677
12 15678
12 15679
12 15680
12 15681
12 15682
12 15683
12 15684
12 15685
12 15686
12 15687
12 15688
12 15689
12 15690
12 15691
12 15692
12 15693
12 15694
12 15695
12 15698
12 15699
12 15700
12 15701
12 15702
12 15703
12 15704
12 15705
12 15706
12 15707
12 15708
12 15709
12 15710
12 15711
12 15712
12 15713
12 15714
12 15715
12 15716
12 15717
12 15718
12 15719
12 15720
12 15721
12 15722
12 15723
12 15724
12 15725
12 15726
12 15727
12 15728
12 15729
12 15730
12 15731
12 15732
12 15733
12 15734
12 15735
12 15736
12 15737
12 15738
12 15739
12 15740
12 15741
12 15742
12 15743
12 15744
12 15745
12 15746
12 15747
12 15748
12 15749
12 15750
12 15751
12 15752
12 15753
12 15754
12 15755
12 15756
12 15757
12 15758
12 15759
12 15760
12 15761
12 15762
12 15763
12 15764
12 15765
12 15766
12 15767
12 15768
12 16212
12 16213
12 16214
12 16215
12 16216
12 16217
12 16218
12 16219
12 16220
12 16221
12 16222
12 16223
12 16224
12 16225
12 16226
12 16227
12 16228
12 16229
12 16230
12 16231
12 16232
12 16233
12 16234
12 16235
12 16236
12 16237
12 16238
12 16239
12 16240
12 16241
12 16242
12 16243
12 16244
12 16245
12 16246
12 16247
12 16248
12 16249
12 16250
12 16251
12 16252
12 16253
12 16254
12 16255
12 16256
12 16257
12 16258
12 16259
12 16260
12 16261
12 16262
12 16263
12 16264
12 16265
12 16266
12 16267
12 16268
12 16269
12 16270
12 16271
12 16272
12 16273
12 16274
12 16275
12 16276
12 16277
12 16278
12 16279
12 16280
12 16281
12 16282
12 16283
12 16284
12 16285
12 16286
12 16287
12 16288
12 16289
12 16290
12 16291
12 16292
12 16293
12 16294
12 16295
12 16296
12 16297
12 16298
12 16299
12 16300
12 16301
12 16302
12 16303
12 16304
12 16305
12 16306
12 16307
12 16308
12 16309
12 16310
12 16311
12 16312
12 16313
12 16314
12 16315
12 16316
12 16317
12 16318
12 16319
12 16320
12 16321
12 16322
12 16323
12 16324
12 16325
12 16326
12 16327
12 16328
12 16329
12 16330
12 16331
12 16332
12 16333
12 16334
12 16335
12 16336
12 16337
12 16338
12 16339
12 16340
12 16341
12 16342
12 16343
12 16344
12 16345
12 16346
12 16347
12 16348
12 16349
12 16350
12 16351
12 16352
12 16353
12 16354
12 16355
12 16356
12 16357
12 16358
12 16359
12 16360
12 16361
12 16362
12 16363
12 16364
12 16365
12 16366
12 16367
12 16368
12 16369
12 16370
12 16371
12 16372
12 16373
12 16374
12 16375
12 16376
12 16377
12 16378
12 16379
12 16380
12 16381
12 16382
12 16383
12 16384
12 16385
12 16386
12 16387
12 16388
12 16389
12 16390
12 16391
12 16392
12 16393
12 16394
12 16395
12 16396
12 16397
12 16398
12 16399
12 16400
12 16401
12 16402
12 16403
12 16404
12 16405
12 16406
12 16407
12 16408
12 16409
12 16410
12 16411
12 16412
12 16413
12 16414
12 16415
12 16416
12 16417
12 16418
12 16419
12 16420
12 16421
12 16422
12 16423
12 16424
12 16425
12 16426
12 16427
12 16428
12 16429
12 16430
12 16431
12 16432
12 16433
12 16434
12 16435
12 16436
12 16437
12 16438
12 16439
12 16440
12 16441
12 16442
12 16443
12 16444
12 16445
12 16446
12 16447
12 16448
12 16449
12 16450
12 16451
12 16452
12 16453
12 16454
12 16455
12 16456
12 16457
12 16458
12 16459
12 16460
12 16461
12 16462
12 16463
12 16464
12 16465
12 16466
12 16467
12 16468
12 16469
12 16470
12 16471
12 16472
12 16473
12 16474
12 16475
12 16476
12 16477
12 16478
12 16479
12 16480
12 16481
12 16482
12 16483
12 16484
12 16485
12 16486
12 16487
12 16488
12 16489
12 16490
12 16491
12 16492
12 16493
12 16494
12 16495
12 16496
12 16497
12 16498
12 16499
12 16500
12 16501
12 16502
12 16503
12 16504
12 16505
12 16506
12 16507
12 16508
12 16509
12 16510
12 16511
12 16512
12 16513
12 16514
12 16515
12 16516
12 16517
12 16518
12 16519
12 16520
12 16521
12 16522
12 16523
12 16524
12 16525
12 16526
12 16527
12 16528
12 16530
12 16531
12 16532
12 16533
12 16534
12 16536
12 16537
12 16538
12 16539
12 16540
12 16541
12 16542
12 16543
12 16544
12 16545
12 16546
12 16547
12 16548
12 16549
12 16550
12 16551
12 16552
12 16553
12 16554
12 16555
12 16556
12 16557
12 16558
12 16559
12 16560
12 16561
12 16562
12 16563
12 16564
12 16565
12 16566
12 16567
12 16568
12 16569
12 16570
12 16571
12 16572
12 16573
12 16574
12 16575
12 16576
12 16577
12 16578
12 16579
12 16580
12 16581
12 16582
12 16583
12 16584
12 16585
12 16586
12 16587
12 16588
12 16589
12 16590
12 16591
12 16592
12 16593
12 16594
12 16595
12 16596
12 16597
12 16598
12 16599
12 16600
12 16601
12 16602
12 16603
12 16604
12 16605
12 16606
12 16607
12 16608
12 16609
12 16610
12 16611
12 16612
12 16613
12 16614
12 16615
12 16616
12 16617
12 16618
12 16619
12 16620
12 16621
12 16622
12 16623
12 16624
12 16625
12 16626
12 16627
12 16628
12 16629
12 16630
12 16631
12 16632
12 16633
12 16634
12 16635
12 16636
12 16637
12 16638
12 16639
12 16640
12 16641
12 16642
12 16643
12 16644
12 16645
12 16646
12 16647
12 16648
12 16649
12 16650
12 16651
12 16652
12 16653
12 16654
12 16655
12 16656
12 16657
12 16658
12 16659
12 16660
12 16661
12 16662
12 16663
12 16664
12 16665
12 16666
12 16667
12 16668
12 16669
12 16670
12 16671
12 16672
12 16673
12 16674
12 16675
12 16676
12 16677
12 16678
12 16679
12 16680
12 16681
12 16682
12 16683
12 16684
12 16685
12 16686
12 16687
12 16688
12 16689
12 16690
12 16691
12 16692
12 16693
12 16694
12 16695
12 16696
12 16697
12 16698
12 16699
12 16700
12 16701
12 16702
12 16703
12 16704
12 16705
12 16706
12 16707
12 16708
12 16709
12 16710
12 16711
12 16712
12 16713
12 16714
12 16715
12 16716
12 16717
12 16718
12 16719
12 16720
12 16721
12 16722
12 16723
12 16724
12 16725
12 16726
12 16727
12 16728
12 16729
12 16730
12 16731
12 16732
12 16733
12 16734
12 16735
12 16736
12 16737
12 16738
12 16739
12 16740
12 16741
12 16742
12 16743
12 16744
12 16745
12 16746
12 16747
12 16748
12 16749
12 16750
12 16751
12 16752
12 16753
12 16754
12 16755
12 16756
12 16757
12 16758
12 16759
12 16760
12 16761
12 16762
12 16763
12 16764
12 16765
12 16766
12 16767
12 16768
12 16769
12 16770
12 16771
12 16772
12 16773
12 16774
12 16775
12 16776
12 16777
12 16778
12 16779
12 16780
12 16781
12 16782
12 16783
12 16784
12 16785
12 16786
12 16787
12 16788
12 16789
12 16790
12 16791
12 16792
12 16793
12 16794
12 16795
12 16796
12 16797
12 16798
12 16799
12 16800
12 16801
12 16802
12 16803
12 16804
12 16805
12 16806
12 16807
12 16808
12 16809
12 16810
12 16811
12 16812
12 16813
12 16814
12 16815
12 16816
12 16817
12 16818
12 16819
12 16820
12 16821
12 16822
12 16823
12 16824
12 16825
12 16826
12 16827
12 16828
12 16829
12 16830
12 16831
12 16832
12 16833
12 16834
12 16835
12 16836
12 16837
12 16838
12 16839
12 16840
12 16841
12 16842
12 16843
12 16844
12 16845
12 16846
12 16847
12 16848
12 16849
12 16850
12 16851
12 16852
12 16853
12 16854
12 16855
12 16856
12 16857
12 16858
12 16859
12 16860
12 16861
12 16862
12 16863
12 16864
12 16865
12 16866
12 16867
12 16868
12 16869
12 16870
12 16871
12 16872
12 16873
12 16874
12 16875
12 16876
12 16877
12 16878
12 16879
12 16880
12 16881
12 16882
12 16883
12 16884
12 16885
12 16886
12 16887
12 16888
12 16889
12 16890
12 16891
12 16892
12 16893
12 16894
12 16895
12 16896
12 16897
12 16898
12 16899
12 16900
12 16901
12 16902
12 16903
12 16904
12 16905
12 16906
12 16907
12 16908
12 16909
12 16910
12 16911
12 16912
12 16913
12 16914
12 16915
12 16916
12 16917
12 16918
12 16919
12 16920
12 16921
12 16922
12 16923
12 16924
12 16925
12 16926
12 16927
12 16928
12 16929
12 16930
12 16931
12 16932
12 16933
12 16934
12 16935
12 16936
12 16937
12 16938
12 16939
12 16940
12 16941
12 16942
12 16943
12 16944
12 16945
12 16946
12 16947
12 16948
12 16949
12 16950
12 16951
12 16952
12 16953
12 16954
12 16955
12 16956
12 16957
12 16958
12 16959
12 16960
12 16961
12 16962
12 16963
12 16964
12 16965
12 16966
12 16967
12 16968
12 16969
12 16970
12 16971
12 16972
12 16973
12 16974
12 16975
12 16976
12 16977
12 16978
12 16979
12 16980
12 16981
12 16982
12 16983
12 16984
12 16985
12 16986
12 16987
12 16988
12 16989
12 16990
12 16991
12 16992
12 16993
12 16994
12 16995
12 16996
12 16997
12 16998
12 16999
12 17000
12 17001
12 17002
12 17003
12 17004
12 17005
12 17006
12 17007
12 17008
12 17009
12 17010
12 17011
12 17012
12 17013
12 17014
12 17015
12 17016
12 17017
12 17018
12 17019
12 17020
12 17021
12 17022
12 17023
12 17024
12 17025
12 17026
12 17027
12 17028
12 17029
12 17030
12 17031
12 17032
12 17033
12 17034
12 17035
12 17036
12 17037
12 17038
12 17039
12 17040
12 17041
12 17042
12 17043
12 17044
12 17045
12 17046
12 17047
12 17048
12 17049
12 17050
12 17051
12 17052
12 17053
12 17054
12 17055
12 17056
12 17057
12 17058
12 17059
12 17060
12 17061
12 17062
12 17063
12 17064
12 17065
12 17066
12 17067
12 17068
12 17069
12 17070
12 17071
12 17072
12 17073
12 17074
12 17075
12 17076
12 17077
12 17078
12 17079
12 17080
12 17081
12 17082
12 17083
12 17084
12 17085
12 17086
12 17087
12 17088
12 17089
12 17090
12 17091
12 17092
12 17093
12 17094
12 17095
12 17096
12 17097
12 17098
12 17099
12 17100
12 17101
12 17102
12 17103
12 17104
12 17105
12 17106
12 17107
12 17108
12 17109
12 17110
12 17111
12 17112
12 17113
12 17114
12 17115
12 17116
12 17117
12 17118
12 17119
12 17120
12 17121
12 17122
12 17123
12 17124
12 17125
12 17126
12 17127
12 17128
12 17129
12 17130
12 17131
12 17132
12 17133
12 17134
12 17135
12 17136
12 17137
12 17138
12 17139
12 17140
12 17141
12 17142
12 17143
12 17144
12 17145
12 17146
12 17147
12 17148
12 17149
12 17150
12 17151
12 17152
12 17153
12 17154
12 17155
12 17156
12 17157
12 17158
12 17159
12 17160
12 17161
12 17162
12 17163
12 17164
12 17165
12 17166
12 17167
12 17168
12 17169
12 17170
12 17171
12 17172
12 17173
12 17174
12 17175
12 17176
12 17177
12 17178
12 17179
12 17180
12 17181
12 17182
12 17183
12 17184
12 17185
12 17186
12 17187
12 17188
12 17189
12 17190
12 17191
12 17192
12 17193
12 17194
12 17195
12 17196
12 17197
12 17198
12 17199
12 17200
12 17201
12 17202
12 17203
12 17204
12 17205
12 17206
12 17207
12 17208
12 17209
12 17210
12 17211
12 17212
12 17213
12 17214
12 17215
12 17216
12 17217
12 17218
12 17219
12 17220
12 17221
12 17222
12 17223
12 17224
12 17225
12 17226
12 17227
12 17228
12 17229
12 17230
12 17231
12 17232
12 17233
12 17274
12 17275
12 17276
12 17277
12 17278
12 17279
12 17280
12 17281
12 17282
12 17283
12 17284
12 17285
12 17286
12 17287
12 17288
12 17289
12 17290
12 17291
12 17292
12 17293
12 17294
12 17295
12 17296
12 17297
12 17298
12 17299
12 17300
12 17301
12 17302
12 17303
12 17304
12 17305
12 17306
12 17307
12 17308
12 17309
12 17310
12 17311
12 17312
12 17313
12 17314
12 17315
12 17316
12 17317
12 17318
12 17319
12 17320
12 17321
12 17322
12 17323
12 17324
12 17325
12 17326
12 17327
12 17328
12 17329
12 17330
12 17331
12 17332
12 17333
12 17334
12 17335
12 17336
12 17337
12 17338
12 17339
12 17340
12 17341
12 17342
12 17343
12 17344
12 17345
12 17346
12 17347
12 17348
12 17349
12 17350
12 17351
12 17352
12 17353
12 17354
12 17355
12 17356
12 17357
12 17358
12 17359
12 17360
12 17361
12 17362
12 17363
12 17364
12 17365
12 17366
12 17367
12 17368
12 17369
12 17370
12 17371
12 17372
12 17373
12 17374
12 17375
12 17376
12 17377
12 17378
12 17379
12 17380
12 17381
12 17382
12 17383
12 17384
12 17385
12 17386
12 17387
12 17388
12 17389
12 17390
12 17391
12 17392
12 17393
12 17394
12 17395
12 17396
12 17397
12 17398
12 17399
12 17400
12 17401
12 17402
12 17403
12 17404
12 17405
12 17406
12 17407
12 17408
12 17409
12 17410
12 17411
12 17412
12 17413
12 17414
12 17415
12 17416
12 17417
12 17418
12 17419
12 17420
12 17421
12 17422
12 17423
12 17424
12 17425
12 17426
12 17427
12 17428
12 17429
12 17431
12 17442
12 17538
12 17539
12 17540
12 17541
12 17542
12 17543
12 17544
12 17545
12 17546
12 17547
12 17548
12 17549
12 17550
12 17551
12 17552
12 17553
12 17554
12 17555
12 17556
12 17557
12 17558
12 17559
12 17560
12 17561
12 17562
12 17563
12 17564
12 17565
12 17566
12 17567
12 17568
12 17569
12 17570
12 17571
12 17572
12 17573
12 17577
12 17578
12 17579
12 17580
12 17581
12 17582
12 17583
12 17584
12 17585
12 17586
12 17587
12 17588
12 17589
12 17590
12 17591
12 17592
12 17593
12 17594
12 17595
12 17596
12 17597
12 17598
12 17599
12 17600
12 17601
12 17602
12 17603
12 17604
12 17605
12 17608
12 17609
12 17610
12 17611
12 17612
12 17613
12 17614
12 17615
12 17616
12 17617
12 17618
12 17619
12 17620
12 17621
12 17622
12 17623
12 17624
12 17625
12 17626
12 17627
12 17628
12 17629
12 17630
12 17631
12 17632
12 17633
12 17634
12 17635
12 17636
12 17637
12 17638
12 17639
12 17640
12 17641
12 17642
12 17643
12 17644
12 17645
12 17646
12 17647
12 17648
12 17649
12 17650
12 17651
12 17652
12 17653
12 17654
12 17655
12 17656
12 17659
12 17660
12 17661
12 17662
12 17663
12 17664
12 17665
12 17666
12 17667
12 17668
12 17669
12 17670
12 17671
12 17672
12 17674
12 17675
12 17676
12 17677
12 17678
12 17679
12 17680
12 17681
12 17682
12 17683
12 17692
12 17693
12 17694
12 17695
12 17696
12 17697
12 17698
12 17699
12 17700
12 17701
12 17702
12 17703
12 17704
12 17705
12 17706
12 17707
12 17708
12 17709
12 17710
12 17711
12 17712
12 17713
12 17714
12 17715
12 17716
12 17717
12 17718
12 17719
12 17720
12 17721
12 17722
12 17723
12 17724
12 17725
12 17726
12 17727
12 17728
12 17729
12 17730
12 17731
12 17732
12 17733
12 17734
12 17735
12 17736
12 17737
12 17738
12 17739
12 17740
12 17741
12 17742
12 17743
12 17744
12 17745
12 17746
12 17747
12 17748
12 17749
12 17750
12 17751
12 17752
12 17753
12 17754
12 17755
12 17756
12 17757
12 17758
12 17763
12 17764
12 17765
12 17766
12 17767
12 17768
12 17769
12 17770
12 17771
12 17772
12 17775
12 17776
12 17777
12 17778
12 17779
12 17780
12 17781
12 17782
12 17783
12 17784
12 17785
12 17786
12 17787
12 17788
12 17789
12 17790
12 17791
12 17792
12 17793
12 17794
12 17795
12 17798
12 17802
12 17804
12 17805
12 17806
12 17807
12 17808
12 17809
12 17810
12 17811
12 17812
12 17813
12 17814
12 17815
12 17816
12 17817
12 17818
12 17819
12 17820
12 17821
12 17822
12 17823
12 17824
12 17825
12 17826
12 17827
12 17828
12 17829
12 17830
12 17831
12 17832
12 17833
12 17834
12 17835
12 17836
12 17837
12 17838
12 17839
12 17840
12 17841
12 17842
12 17843
12 17844
12 17845
12 17846
12 17847
12 17848
12 17849
12 17850
12 17851
12 17852
12 17853
12 17854
12 17855
12 17856
12 17857
12 17858
12 17859
12 17860
12 17861
12 17862
12 17863
12 17864
12 17865
12 17866
12 17867
12 17868
12 17869
12 17870
12 17871
12 17872
12 17873
12 17874
12 17875
12 17876
12 17877
12 17878
12 17879
12 17880
12 17881
12 17882
12 17883
12 17884
12 17885
12 17886
12 17887
12 17888
12 17889
12 17890
12 17891
12 17892
12 17893
12 17894
12 17895
12 17896
12 17897
12 17898
12 17899
12 17900
12 17901
12 17902
12 17903
12 17904
12 17905
12 17906
12 17907
12 17908
12 17909
12 17910
12 17911
12 17912
12 17913
12 17914
12 17915
12 17916
12 17917
12 17918
12 17919
12 17920
12 17921
12 17922
12 17923
12 17924
12 17925
12 17926
12 17927
12 17928
12 17929
12 17930
12 17931
12 17932
12 17933
12 17934
12 17941
12 17942
12 17943
12 17944
12 17945
12 17946
12 17947
12 17948
12 17949
12 17950
12 17951
12 17952
12 17953
12 17954
12 17955
12 17956
12 17957
12 17958
12 17959
12 17960
12 17961
12 17962
12 17963
12 17964
12 17965
12 17966
12 17967
12 17968
12 17969
12 17970
12 17971
12 17972
12 17973
12 17974
12 17975
12 17976
12 17977
12 17978
12 17979
12 17980
12 17981
12 17982
12 17983
12 17984
12 17985
12 17986
12 17987
12 17988
12 17989
12 17990
12 17991
12 17992
12 17993
12 17994
12 17995
12 17996
12 17997
12 17998
12 17999
12 18000
12 18001
12 18002
12 18003
12 18004
12 18005
12 18006
12 18007
12 18008
12 18009
12 18010
12 18011
12 18012
12 18013
12 18014
12 18015
12 18016
12 18017
12 18018
12 18019
12 18020
12 18021
12 18022
12 18023
12 18024
12 18025
12 18026
12 18027
12 18028
12 18029
12 18030
12 18031
12 18032
12 18033
12 18034
12 18035
12 18036
12 18037
12 18038
12 18039
12 18040
12 18041
12 18042
12 18043
12 18044
12 18045
12 18046
12 18047
12 18048
12 18049
12 18050
12 18051
12 18052
12 18053
12 18054
12 18055
12 18056
12 18057
12 18058
12 18059
12 18060
12 18061
12 18062
12 18063
12 18064
12 18065
12 18066
12 18067
12 18068
12 18069
12 18070
12 18071
12 18072
12 18073
12 18074
12 18075
12 18076
12 18077
12 18078
12 18079
12 18080
12 18081
12 18082
12 18083
12 18084
12 18085
12 18086
12 18087
12 18088
12 18089
12 18090
12 18091
12 18092
12 18093
12 18094
12 18095
12 18096
12 18097
12 18098
12 18099
12 18100
12 18101
12 18102
12 18103
12 18104
12 18105
12 18106
12 18107
12 18108
12 18109
12 18110
12 18111
12 18112
12 18113
12 18114
12 18115
12 18116
12 18117
12 18118
12 18119
12 18120
12 18121
12 18122
12 18123
12 18124
12 18125
12 18126
12 18127
12 18128
12 18129
12 18130
12 18131
12 18132
12 18133
12 18134
12 18135
12 18136
12 18137
12 18138
12 18139
12 18140
12 18141
12 18142
12 18143
12 18144
12 18145
12 18146
12 18147
12 18148
12 18149
12 18150
12 18151
12 18152
12 18153
12 18154
12 18155
12 18156
12 18157
12 18158
12 18159
12 18160
12 18161
12 18162
12 18163
12 18164
12 18165
12 18166
12 18167
12 18168
12 18169
12 18170
12 18171
12 18172
12 18173
12 18174
12 18175
12 18176
12 18177
12 18178
12 18179
12 18180
12 18181
12 18182
12 18183
12 18184
12 18185
12 18186
12 18187
12 18188
12 18189
12 18190
12 18191
12 18192
12 18193
12 18194
12 18195
12 18196
12 18197
12 18198
12 18199
12 18200
12 18201
12 18202
12 18203
12 18204
12 18205
12 18206
12 18207
12 18208
12 18209
12 18210
12 18211
12 18212
12 18213
12 18214
12 18215
12 18216
12 18217
12 18218
12 18219
12 18220
12 18221
12 18222
12 18223
12 18224
12 18225
12 18226
12 18227
12 18228
12 18229
12 18230
12 18231
12 18232
12 18233
12 18234
12 18235
12 18236
12 18237
12 18238
12 18239
12 18240
12 18241
12 18242
12 18243
12 18244
12 18245
12 18246
12 18247
12 18248
12 18249
12 18250
12 18251
12 18252
12 18253
12 18254
12 18255
12 18256
12 18257
12 18258
12 18259
12 18260
12 18261
12 18262
12 18263
12 18264
12 18265
12 18266
12 18267
12 18268
12 18269
12 18270
12 18271
12 18272
12 18273
12 18274
12 18275
12 18276
12 18277
12 18278
12 18279
12 18280
12 18281
12 18282
12 18283
12 18284
12 18285
12 18286
12 18287
12 18288
12 18289
12 18290
12 18291
12 18292
12 18293
12 18294
12 18295
12 18296
12 18297
12 18298
12 18299
12 18300
12 18301
12 18302
12 18303
12 18304
12 18305
12 18306
12 18307
12 18308
12 18309
12 18310
12 18311
12 18312
12 18313
12 18314
12 18315
12 18316
12 18317
12 18318
12 18319
12 18320
12 18321
12 18322
12 18323
12 18324
12 18325
12 18326
12 18327
12 18328
12 18329
12 18330
12 18331
12 18332
12 18333
12 18334
12 18335
12 18336
12 18337
12 18338
12 18339
12 18340
12 18341
12 18342
12 18343
12 18344
12 18345
12 18346
12 18347
12 18348
12 18349
12 18350
12 18351
12 18352
12 18353
12 18354
12 18355
12 18356
12 18357
12 18358
12 18359
12 18360
12 18361
12 18362
12 18363
12 18364
12 18365
12 18366
12 18367
12 18368
12 18369
12 18370
12 18371
12 18372
12 18373
12 18374
12 18375
12 18376
12 18377
12 18378
12 18379
12 18380
12 18381
12 18382
12 18383
12 18384
12 18385
12 18386
12 18387
12 18388
12 18389
12 18390
12 18391
12 18392
12 18393
12 18394
12 18395
12 18396
12 18397
12 18398
12 18399
12 18400
12 18401
12 18402
12 18403
12 18404
12 18405
12 18406
12 18407
12 18408
12 18409
12 18410
12 18411
12 18412
12 18413
12 18414
12 18415
12 18416
12 18417
12 18418
12 18419
12 18420
12 18421
12 18422
12 18423
12 18424
12 18425
12 18426
12 18427
12 18428
12 18429
12 18430
12 18431
12 18432
12 18433
12 18434
12 18435
12 18436
12 18437
12 18438
12 18439
12 18440
12 18441
12 18442
12 18443
12 18444
12 18445
12 18446
12 18447
12 18448
12 18449
12 18450
12 18451
12 18452
12 18453
12 18454
12 18455
12 18456
12 18457
12 18458
12 18459
12 18460
12 18461
12 18462
12 18463
12 18464
12 18465
12 18466
12 18467
12 18468
12 18469
12 18470
12 18471
12 18472
12 18473
12 18474
12 18475
12 18476
12 18477
12 18478
12 18479
12 18480
12 18481
12 18482
12 18483
12 18485
12 18486
12 18487
12 18488
12 18489
12 18490
12 18491
12 18492
12 18493
12 18494
12 18495
12 18504
12 18505
12 18506
12 18507
12 18508
12 18509
12 18513
12 18514
12 18515
12 18516
12 18517
12 18518
12 18519
12 18520
12 18521
12 18522
12 18523
12 18524
12 18525
12 18526
12 18527
12 18528
12 18529
12 18530
12 18531
12 18532
12 18533
12 18534
12 18535
12 18589
12 18590
12 18591
12 18592
12 18593
12 18594
12 18595
12 18596
12 18597
12 18598
12 18599
12 18600
12 18601
12 18602
12 18603
12 18604
12 18605
12 18606
12 18607
12 18608
12 18609
12 18610
12 18611
12 18612
12 18613
12 18614
12 18615
12 18616
12 18617
12 18618
12 18619
12 18620
12 18621
12 18622
12 18623
12 18624
12 18625
12 18626
12 18627
12 18628
12 18629
12 18630
12 18631
12 18632
12 18633
12 18634
12 18635
12 18636
12 18637
12 18638
12 18639
12 18640
12 18641
12 18642
12 18643
12 18644
12 18645
12 18646
12 18647
12 18648
12 18649
12 18650
12 18651
12 18652
12 18653
12 18654
12 18655
12 18656
12 18657
12 18658
12 18659
12 18660
12 18661
12 18662
12 18663
12 18664
12 18665
12 18666
12 18667
12 18668
12 18669
12 18670
12 18671
12 18672
12 18673
12 18674
12 18675
12 18676
12 18677
12 18678
12 18679
12 18680
12 18681
12 18682
12 18683
12 18684
12 18685
12 18686
12 18687
12 18688
12 18689
12 18690
12 18691
12 18692
12 18693
12 18694
12 18695
12 18696
12 18697
12 18698
12 18699
12 18700
12 18701
12 18702
12 18703
12 18704
12 18705
12 18706
12 18707
12 18708
12 18709
12 18710
12 18711
12 18712
12 18713
12 18714
12 18715
12 18716
12 18717
12 18718
12 18719
12 18720
12 18721
12 18722
12 18723
12 18724
12 18725
12 18726
12 18727
12 18728
12 18729
12 18730
12 18731
12 18732
12 18733
12 18734
12 18735
12 18736
12 18737
12 18738
12 18739
12 18740
12 18741
12 18742
12 18743
12 18744
12 18745
12 18746
12 18747
12 18748
12 18749
12 18750
12 18751
12 18752
12 18753
12 18754
12 18755
12 18756
12 18757
12 18758
12 18759
12 18760
12 18761
12 18762
12 18763
12 18764
12 18765
12 18766
12 18767
12 18768
12 18769
12 18770
12 18771
12 18772
12 18773
12 18774
12 18775
12 18776
12 18777
12 18778
12 18779
12 18780
12 18781
12 18782
12 18783
12 18784
12 18785
12 18786
12 18789
12 18790
12 18791
12 18792
12 18793
12 18794
12 18795
12 18796
12 18797
12 18798
12 18799
12 18800
12 18801
12 18802
12 18803
12 18804
12 18805
12 18806
12 18807
12 18808
12 18809
12 18810
12 18811
12 18812
12 18813
12 18814
12 18815
12 18816
12 18817
12 18818
12 18819
12 18820
12 18821
12 18822
12 18823
12 18824
12 18825
12 18826
12 18827
12 18828
12 18829
12 18830
12 18831
12 18832
12 18833
12 18834
12 18835
12 18836
12 18837
12 18838
12 18839
12 18840
12 18841
12 18842
12 18843
12 18844
12 18845
12 18846
12 18847
12 18848
12 18849
12 18850
12 18851
12 18852
12 18853
12 18854
12 18855
12 18856
12 18857
12 18858
12 18859
12 18860
12 18861
12 18862
12 18863
12 18864
12 18865
12 18866
12 18867
12 18868
12 18869
12 18870
12 18871
12 18872
12 18873
12 18874
12 18875
12 18876
12 18877
12 18878
12 18879
12 18880
12 18881
12 18882
12 18883
12 18884
12 18885
12 18886
12 18887
12 18888
12 18889
12 18890
12 18891
12 18892
12 18893
12 18894
12 18895
12 18896
12 18897
12 18898
12 18899
12 18900
12 18901
12 18902
12 18903
12 18904
12 18906
12 18907
12 18908
12 18909
12 18910
12 18911
12 18912
12 18913
12 18914
12 18915
12 18916
12 18917
12 18918
12 18919
12 18920
12 18921
12 18922
12 18923
12 18924
12 18925
12 18926
12 18927
12 18928
12 18929
12 18930
12 18931
12 18932
12 18933
12 18934
12 18935
12 18936
12 18937
12 18938
12 18939
12 18940
12 18941
12 18942
12 18943
12 18944
12 18945
12 18946
12 18947
12 18948
12 18949
12 18950
12 18951
12 18952
12 18953
12 18954
12 18955
12 18956
12 18957
12 18958
12 18959
12 18960
12 18961
12 18962
12 18963
12 18964
12 18965
12 18966
12 18967
12 18968
12 18969
12 18970
12 18971
12 18972
12 18973
12 18974
12 18975
12 18976
12 18977
12 18978
12 18979
12 18980
12 18981
12 18982
12 18983
12 18984
12 18985
12 18986
12 18987
12 18988
12 18989
12 18990
12 18991
12 18992
12 18993
12 18994
12 18995
12 18996
12 18997
12 18998
12 18999
12 19000
12 19001
12 19002
12 19003
12 19004
12 19005
12 19006
12 19007
12 19008
12 19009
12 19010
12 19011
12 19012
12 19013
12 19014
12 19015
12 19016
12 19017
12 19018
12 19019
12 19020
12 19021
12 19022
12 19023
12 19024
12 19025
12 19026
12 19027
12 19028
12 19029
12 19030
12 19031
12 19032
12 19033
12 19034
12 19035
12 19036
12 19037
12 19038
12 19039
12 19040
12 19041
12 19042
12 19043
12 19044
12 19045
12 19046
12 19047
12 19048
12 19049
12 19050
12 19051
12 19052
12 19053
12 19054
12 19055
12 19056
12 19057
12 19058
12 19059
12 19060
12 19061
12 19062
12 19063
12 19064
12 19065
12 19066
12 19067
12 19068
12 19069
12 19070
12 19071
12 19072
12 19073
12 19074
12 19075
12 19076
12 19077
12 19078
12 19079
12 19080
12 19081
12 19082
12 19083
12 19084
12 19085
12 19086
12 19087
12 19088
12 19089
12 19090
12 19091
12 19092
12 19093
12 19094
12 19095
12 19096
12 19097
12 19098
12 19099
12 19100
12 19101
12 19102
12 19103
12 19104
12 19105
12 19106
12 19107
12 19108
12 19109
12 19110
12 19111
12 19112
12 19113
12 19114
12 19115
12 19116
12 19117
12 19118
12 19119
12 19120
12 19121
12 19122
12 19123
12 19124
12 19125
12 19126
12 19127
12 19128
12 19129
12 19130
12 19131
12 19132
12 19133
12 19134
12 19135
12 19136
12 19137
12 19138
12 19139
12 19140
12 19141
12 19142
12 19143
12 19144
12 19145
12 19146
12 19147
12 19148
12 19149
12 19150
12 19151
12 19152
12 19153
12 19154
12 19155
12 19156
12 19157
12 19162
12 19163
12 19164
12 19165
12 19166
12 19167
12 19168
12 19169
12 19170
12 19171
12 19172
12 19173
12 19174
12 19175
12 19176
12 19177
12 19178
12 19179
12 19180
12 19181
12 19182
12 19183
12 19184
12 19185
12 19186
12 19187
12 19188
12 19189
12 19190
12 19191
12 19192
12 19193
12 19196
12 19197
12 19198
12 19199
12 19200
12 19201
12 19202
12 19203
12 19204
12 19205
12 19206
12 19207
12 19208
12 19209
12 19210
12 19211
12 19212
12 19213
12 19214
12 19215
12 19216
12 19217
12 19218
12 19219
12 19220
12 19221
12 19222
12 19223
12 19224
12 19225
12 19226
12 19227
12 19228
12 19229
12 19233
12 19234
12 19235
12 19236
12 19237
12 19238
12 19239
12 19240
12 19241
12 19242
12 19243
12 19244
12 19245
12 19246
12 19247
12 19248
12 19249
12 19250
12 19251
12 19252
12 19253
12 19254
12 19255
12 19256
12 19257
12 19258
12 19259
12 19260
12 19261
12 19269
12 19270
12 19271
12 19272
12 19273
12 19274
12 19275
12 19276
12 19277
12 19278
12 19279
12 19280
12 19281
12 19282
12 19283
12 19284
12 19285
12 19286
12 19287
12 19288
12 19289
12 19290
12 19291
12 19292
12 19293
12 19294
12 19295
12 19296
12 19297
12 19298
12 19299
12 19300
12 19301
12 19302
12 19303
12 19304
12 19305
12 19306
12 19307
12 19308
12 19309
12 19310
12 19311
12 19312
12 19313
12 19314
12 19315
12 19316
12 19317
12 19318
12 19319
12 19320
12 19321
12 19322
12 19323
12 19324
12 19325
12 19326
12 19327
12 19328
12 19329
12 19330
12 19331
12 19332
12 19333
12 19334
12 19335
12 19336
12 19337
12 19338
12 19339
12 19340
12 19341
12 19342
12 19343
12 19344
12 19345
12 19346
12 19347
12 19351
12 19352
12 19353
12 19354
12 19355
12 19356
12 19357
12 19358
12 19359
12 19360
12 19361
12 19362
12 19363
12 19364
12 19365
12 19366
12 19367
12 19368
12 19369
12 19370
12 19371
12 19372
12 19373
12 19374
12 19375
12 19376
12 19377
12 19378
12 19379
12 19380
12 19381
12 19382
12 19383
12 19384
12 19385
12 19386
12 19390
12 19391
12 19392
12 19393
12 19394
12 19395
12 19396
12 19397
12 19398
12 19399
12 19400
12 19401
12 19402
12 19403
12 19404
12 19405
12 19406
12 19407
12 19408
12 19409
12 19410
12 19411
12 19412
12 19413
12 19414
12 19415
12 19416
12 19417
12 19418
12 19419
12 19420
12 19421
12 19422
12 19423
12 19424
12 19430
12 19431
12 19432
12 19433
12 19434
12 19435
12 19436
12 19437
12 19438
12 19439
12 19440
12 19441
12 19442
12 19443
12 19444
12 19445
12 19446
12 19447
12 19448
12 19449
12 19450
12 19451
12 19452
12 19453
12 19457
12 19458
12 19459
12 19460
12 19461
12 19462
12 19463
12 19464
12 19465
12 19466
12 19467
12 19468
12 19469
12 19470
12 19471
12 19472
12 19473
12 19474
12 19475
12 19476
12 19477
12 19478
12 19479
12 19482
12 19483
12 19484
12 19485
12 19486
12 19487
12 19488
12 19489
12 19490
12 19491
12 19492
12 19493
12 19494
12 19495
12 19496
12 19497
12 19498
12 19499
12 19500
12 19501
12 19502
12 19503
12 19504
12 19505
12 19506
12 19507
12 19508
12 19509
12 19510
12 19511
12 19512
12 19513
12 19514
12 19515
12 19516
12 19517
12 19518
12 19519
12 19520
12 19521
12 19522
12 19523
12 19524
12 19525
12 19526
12 19527
12 19528
12 19529
12 19530
12 19531
12 19532
12 19533
12 19534
12 19535
12 19536
12 19537
12 19538
12 19539
12 19540
12 19541
12 19542
12 19543
12 19544
12 19545
12 19546
12 19547
12 19548
12 19549
12 19550
12 19551
12 19552
12 19553
12 19554
12 19555
12 19556
12 19557
12 19558
12 19559
12 19560
12 19561
12 19562
12 19563
12 19564
12 19565
12 19566
12 19567
12 19568
12 19569
12 19570
12 19571
12 19572
12 19573
12 19574
12 19575
12 19576
12 19577
12 19578
12 19579
12 19580
12 19581
12 19582
12 19583
12 19584
12 19585
12 19586
12 19587
12 19588
12 19589
12 19590
12 19591
12 19592
12 19593
12 19594
12 19595
12 19596
12 19597
12 19598
12 19599
12 19600
12 19601
12 19602
12 19603
12 19604
12 19605
12 19606
12 19607
12 19608
12 19612
12 19613
12 19614
12 19615
12 19616
12 19617
12 19618
12 19619
12 19620
12 19621
12 19622
12 19623
12 19624
12 19625
12 19626
12 19627
12 19628
12 19629
12 19630
12 19631
12 19632
12 19633
12 19634
12 19635
12 19636
12 19637
12 19638
12 19639
12 19640
12 19641
12 19642
12 19652
12 19653
12 19654
12 19655
12 19656
12 19657
12 19658
12 19659
12 19660
12 19661
12 19662
12 19663
12 19664
12 19665
12 19666
12 19667
12 19668
12 19669
12 19670
12 19671
12 19672
12 19673
12 19674
12 19675
12 19676
12 19677
12 19678
12 19679
12 19680
12 19681
12 19686
12 19687
12 19688
12 19689
12 19690
12 19691
12 19692
12 19693
12 19694
12 19695
12 19696
12 19697
12 19698
12 19699
12 19700
12 19701
12 19702
12 19703
12 19704
12 19705
12 19706
12 19707
12 19708
12 19709
12 19710
12 19711
12 19712
12 19713
12 19714
12 19720
12 19721
12 19722
12 19723
12 19724
12 19725
12 19726
12 19727
12 19728
12 19729
12 19730
12 19731
12 19732
12 19733
12 19734
12 19735
12 19736
12 19737
12 19738
12 19739
12 19740
12 19741
12 19742
12 19743
12 19744
12 19745
12 19746
12 19747
12 19748
12 19749
12 19750
12 19751
12 19752
12 19753
12 19754
12 19755
12 19756
12 19757
12 19758
12 19759
12 19760
12 19761
12 19762
12 19763
12 19764
12 19765
12 19766
12 19767
12 19768
12 19769
12 19770
12 19771
12 19772
12 19773
12 19774
12 19775
12 19776
12 19777
12 19778
12 19779
12 19780
12 19781
12 19782
12 19783
12 19784
12 19785
12 19786
12 19787
12 19788
12 19789
12 19790
12 19791
12 19792
12 19793
12 19794
12 19795
12 19796
12 19797
12 19798
12 19799
12 19800
12 19801
12 19802
12 19803
12 19804
12 19805
12 19806
12 19807
12 19808
12 19813
12 19814
12 19815
12 19816
12 19817
12 19818
12 19819
12 19820
12 19821
12 19822
12 19823
12 19824
12 19825
12 19826
12 19827
12 19828
12 19829
12 19830
12 19831
12 19832
12 19833
12 19834
12 19835
12 19836
12 19837
12 19838
12 19839
12 19840
12 19841
12 19842
12 19843
12 19844
12 19845
12 19846
12 19847
12 19848
12 19849
12 19850
12 19851
12 19852
12 19853
12 19854
12 19855
12 19856
12 19857
12 19858
12 19859
12 19860
12 19861
12 19862
12 19863
12 19864
12 19865
12 19866
12 19867
12 19868
12 19869
12 19870
12 19871
12 19872
12 19873
12 19874
12 19875
12 19876
12 19877
12 19878
12 19879
12 19880
12 19881
12 19882
12 19883
12 19884
12 19885
12 19886
12 19887
12 19888
12 19889
12 19890
12 19891
12 19892
12 19893
12 19894
12 19895
12 19896
12 19897
12 19898
12 19899
12 19900
12 19901
12 19902
12 19903
12 19904
12 19905
12 19906
12 19907
12 19908
12 19909
12 19910
12 19911
12 19912
12 19913
12 19914
12 19915
12 19916
12 19917
12 19918
12 19919
12 19920
12 19921
12 19922
12 19923
12 19924
12 19925
12 19926
12 19927
12 19928
12 19929
12 19930
12 19931
12 19932
12 19933
12 19934
12 19935
12 19936
12 19937
12 19938
12 19939
12 19940
12 19941
12 19942
12 19943
12 19944
12 19945
12 19946
12 19947
12 19948
12 19949
12 19950
12 19951
12 19952
12 19953
12 19954
12 19955
12 19956
12 19957
12 19958
12 19959
12 19960
12 19961
12 19962
12 19963
12 19964
12 19965
12 19966
12 19967
12 19968
12 19969
12 19970
12 19971
12 19972
12 19973
12 19974
12 19975
12 19976
12 19977
12 19978
12 19979
12 19980
12 19981
12 19982
12 19983
12 19984
12 19985
12 19986
12 19987
12 19988
12 19989
12 19990
12 19991
12 19992
12 19993
12 19994
12 19995
12 19996
12 19997
12 19998
12 19999
12 20000
12 20001
12 20002
12 20003
12 20004
12 20005
12 20006
12 20007
12 20008
12 20009
12 20010
12 20011
12 20012
12 20013
12 20014
12 20015
12 20016
12 20017
12 20018
12 20019
12 20020
12 20021
12 20022
12 20023
12 20024
12 20025
12 20026
12 20027
12 20028
12 20029
12 20030
12 20031
12 20032
12 20033
12 20034
12 20035
12 20036
12 20037
12 20038
12 20039
12 20040
12 20041
12 20042
12 20043
12 20044
12 20045
12 20046
12 20047
12 20048
12 20049
12 20050
12 20051
12 20052
12 20053
12 20054
12 20055
12 20056
12 20057
12 20058
12 20059
12 20060
12 20061
12 20062
12 20063
12 20064
12 20065
12 20066
12 20067
12 20068
12 20069
12 20070
12 20071
12 20072
12 20073
12 20074
12 20075
12 20076
12 20077
12 20078
12 20079
12 20080
12 20081
12 20082
12 20083
12 20084
12 20085
12 20086
12 20087
12 20088
12 20089
12 20090
12 20091
12 20092
12 20093
12 20094
12 20095
12 20096
12 20097
12 20098
12 20099
12 20100
12 20101
12 20102
12 20103
12 20104
12 20105
12 20106
12 20107
12 20108
12 20109
12 20110
12 20111
12 20112
12 20113
12 20114
12 20115
12 20116
12 20117
12 20118
12 20119
12 20120
12 20121
12 20122
12 20123
12 20124
12 20125
12 20126
12 20127
12 20128
12 20129
12 20130
12 20131
12 20132
12 20133
12 20134
12 20135
12 20136
12 20137
12 20138
12 20139
12 20140
12 20141
12 20142
12 20143
12 20144
12 20145
12 20146
12 20147
12 20148
12 20149
12 20150
12 20151
12 20152
12 20153
12 20154
12 20155
12 20156
12 20157
12 20158
12 20159
12 20160
12 20161
12 20162
12 20163
12 20164
12 20165
12 20166
12 20167
12 20168
12 20169
12 20170
12 20171
12 20172
12 20173
12 20174
12 20175
12 20176
12 20177
12 20178
12 20179
12 20180
12 20181
12 20182
12 20183
12 20184
12 20185
12 20186
12 20187
12 20188
12 20189
12 20190
12 20191
12 20192
12 20193
12 20194
12 20195
12 20196
12 20197
12 20198
12 20199
12 20200
12 20201
12 20202
12 20203
12 20204
12 20205
12 20206
12 20207
12 20208
12 20209
12 20210
12 20211
12 20212
12 20213
12 20214
12 20215
12 20216
12 20217
12 20218
12 20219
12 20220
12 20221
12 20222
12 20223
12 20224
12 20225
12 20226
12 20227
12 20228
12 20229
12 20230
12 20231
12 20232
12 20233
12 20234
12 20235
12 20236
12 20237
12 20238
12 20239
12 20240
12 20241
12 20242
12 20243
12 20244
12 20245
12 20246
12 20247
12 20248
12 20249
12 20250
12 20251
12 20252
12 20253
12 20254
12 20255
12 20256
12 20257
12 20258
12 20259
12 20260
12 20261
12 20262
12 20263
12 20264
12 20265
12 20266
12 20267
12 20268
12 20269
12 20270
12 20271
12 20272
12 20273
12 20274
12 20275
12 20276
12 20277
12 20278
12 20280
12 20281
12 20282
12 20283
12 20284
12 20285
12 20286
12 20287
12 20288
12 20289
12 20290
12 20291
12 20292
12 20293
12 20294
12 20295
12 20296
12 20297
12 20298
12 20299
12 20300
12 20301
12 20302
12 20303
12 20304
12 20305
12 20306
12 20307
12 20308
12 20309
12 20310
12 20311
12 20312
12 20313
12 20314
12 20315
12 20316
12 20317
12 20318
12 20319
12 20320
12 20321
12 20322
12 20323
12 20324
12 20325
12 20326
12 20327
12 20328
12 20329
12 20330
12 20331
12 20332
12 20333
12 20334
12 20335
12 20336
12 20337
12 20338
12 20339
12 20340
12 20341
12 20342
12 20343
12 20344
12 20345
12 20346
12 20347
12 20348
12 20349
12 20350
12 20351
12 20352
12 20353
12 20354
12 20355
12 20356
12 20357
12 20358
12 20359
12 20360
12 20361
12 20362
12 20363
12 20364
12 20365
12 20366
12 20367
12 20368
12 20369
12 20370
12 20371
12 20372
12 20373
12 20374
12 20375
12 20376
12 20377
12 20378
12 20379
12 20380
12 20381
12 20382
12 20383
12 20384
12 20385
12 20386
12 20387
12 20388
12 20389
12 20390
12 20391
12 20392
12 20393
12 20394
12 20395
12 20396
12 20397
12 20398
12 20399
12 20400
12 20401
12 20402
12 20403
12 20404
12 20405
12 20406
12 20407
12 20408
12 20409
12 20410
12 20411
12 20412
12 20413
12 20414
12 20415
12 20416
12 20417
12 20418
12 20419
12 20420
12 20421
12 20422
12 20423
12 20424
12 20425
12 20426
12 20427
12 20428
12 20429
12 20430
12 20431
12 20432
12 20433
12 20434
12 20435
12 20436
12 20437
12 20438
12 20439
12 20440
12 20441
12 20442
12 20443
12 20444
12 20445
12 20446
12 20447
12 20448
12 20449
12 20450
12 20451
12 20452
12 20453
12 20454
12 20455
12 20456
12 20457
12 20458
12 20459
12 20460
12 20461
12 20462
12 20463
12 20464
12 20465
12 20466
12 20467
12 20468
12 20469
12 20470
12 20471
12 20472
12 20473
12 20474
12 20475
12 20476
12 20477
12 20478
12 20479
12 20480
12 20481
12 20482
12 20483
12 20484
12 20485
12 20486
12 20487
12 20488
12 20489
12 20490
12 20491
12 20492
12 20493
12 20494
12 20495
12 20496
12 20497
12 20498
12 20499
12 20500
12 20501
12 20502
12 20503
12 20504
12 20505
12 20506
12 20507
12 20508
12 20509
12 20510
12 20511
12 20512
12 20513
12 20514
12 20515
12 20516
12 20517
12 20518
12 20519
12 20520
12 20521
12 20522
12 20523
12 20524
12 20525
12 20526
12 20527
12 20528
12 20529
12 20530
12 20531
12 20532
12 20533
12 20534
12 20535
12 20536
12 20537
12 20538
12 20539
12 20540
12 20541
12 20542
12 20543
12 20544
12 20545
12 20546
12 20547
12 20548
12 20549
12 20550
12 20551
12 20552
12 20553
12 20554
12 20555
12 20556
12 20557
12 20558
12 20559
12 20560
12 20561
12 20562
12 20563
12 20564
12 20565
12 20566
12 20567
12 20568
12 20569
12 20570
12 20571
12 20572
12 20573
12 20574
12 20575
12 20576
12 20577
12 20578
12 20579
12 20580
12 20581
12 20582
12 20583
12 20584
12 20585
12 20586
12 20587
12 20588
12 20589
12 20590
12 20591
12 20592
12 20593
12 20594
12 20595
12 20596
12 20597
12 20598
12 20599
12 20600
12 20601
12 20602
12 20603
12 20604
12 20605
12 20606
12 20607
12 20608
12 20609
12 20610
13 4
13 299
13 300
13 301
14 4
15 5
15 10
15 43
15 68
15 175
15 265
15 266
15 267
15 288
15 292
15 316
15 355
15 364
15 504
15 689
15 705
15 707
15 718
15 737
15 738
15 740
15 741
15 742
15 743
15 744
15 745
15 746
15 747
15 748
15 749
15 750
15 751
15 752
15 753
15 754
15 755
15 756
15 757
15 759
15 760
15 761
15 762
15 763
15 764
15 765
15 766
15 767
15 788
15 835
15 996
15 1554
15 1555
15 1557
15 1558
15 1560
15 1561
15 1562
15 1563
15 1564
15 1565
15 1566
15 1567
15 1568
15 1569
15 1570
15 1571
15 1572
15 1573
15 1574
15 1575
15 1728
15 4007
15 4008
15 4010
15 6794
15 6894
15 6895
15 6896
15 6897
15 6898
15 6899
15 6900
15 6902
15 6903
15 6904
15 6905
15 6914
15 6915
15 6916
15 6917
15 6918
15 6919
15 6920
15 6921
15 6922
15 6923
15 6969
15 7067
15 7081
15 7082
15 7083
15 7084
15 7085
15 7086
15 7087
15 7088
15 7089
15 7090
16 5
16 44
16 83
17 6
18 6
18 22
18 44
18 83
18 85
18 86
18 129
18 165
18 166
18 238
18 492
18 786
18 787
18 788
18 789
18 790
18 791
18 792
18 793
18 794
18 795
18 796
18 797
18 798
18 799
18 815
18 1213
18 1214
19 6
19 10
19 23
19 43
19 58
19 189
19 197
19 204
19 538
19 624
19 682
19 695
19 746
19 748
19 749
19 759
19 788
19 790
19 795
19 956
19 968
19 971
19 986
19 987
19 988
19 989
19 990
19 991
19 992
19 994
19 996
19 997
19 998
19 999
19 1000
19 1001
19 1002
19 1003
19 1004
19 1005
19 1006
19 1007
19 1008
19 1009
19 1010
19 1011
19 1012
19 1013
19 1015
19 1016
19 1017
19 1018
19 1019
19 1020
19 1021
19 1022
19 1023
19 1024
19 1025
19 1026
19 1027
19 1028
19 1029
19 1030
19 1031
19 1032
19 1033
19 1034
19 1035
19 1036
19 1037
19 1038
19 1039
19 1040
19 1041
19 1042
19 1043
19 1044
19 1045
19 1046
19 1047
19 1048
19 1049
19 1050
19 1051
19 1052
19 1053
19 1054
19 1055
19 1056
19 1057
19 1058
19 1059
19 1060
19 1061
19 1062
19 1063
19 1064
19 1065
19 1066
19 1067
19 1068
19 1069
19 1070
19 1071
19 1072
19 1073
19 1074
19 1075
19 1076
19 1077
19 1078
19 1079
19 1080
19 1081
19 1082
19 1083
19 1084
19 1085
19 1086
19 1087
19 1088
19 1089
19 1090
19 1091
19 1092
19 1093
19 1094
19 1095
19 1096
19 1097
19 1098
19 1099
19 1100
19 1101
19 1102
19 1103
19 1104
19 1105
19 1106
19 1107
19 1108
19 1109
19 1110
19 1111
19 1112
19 1113
19 1114
19 1115
19 1116
19 1117
19 1118
19 1119
19 1120
19 1121
19 1122
19 1123
19 1124
19 1125
19 1126
19 1127
19 1128
19 1129
19 1130
19 1131
19 1132
19 1133
19 1134
19 1135
19 1136
19 1137
19 1138
19 1139
19 1140
19 1141
19 1142
19 1147
19 1148
19 1149
19 1150
19 1151
19 1152
19 1153
19 1154
19 1155
19 1156
19 1157
19 1158
19 1179
19 1180
19 1181
19 1182
19 1183
19 1184
19 1185
19 1186
19 1187
19 1188
19 1189
19 1348
19 1354
19 1494
19 1495
20 6
20 5586
21 6
21 10869
21 10870
21 10871
21 10872
21 10873
21 10874
21 10875
21 10876
21 10877
21 10878
21 10879
21 10930
21 10931
21 10932
22 10
22 360
23 10
24 10
24 1014
25 10
25 3304
25 5546
26 10
26 76
26 117
26 138
26 175
26 321
26 835
26 1350
26 1674
26 1675
26 1678
26 1679
26 1691
26 1693
26 1694
26 1844
26 2307
26 2310
26 2483
26 6612
26 6614
26 6615
26 9884
26 13926
26 20612
26 20613
26 20614
26 20615
26 20616
26 20617
26 20619
27 10
27 1215
28 10
28 22
28 971
28 1164
28 3999
28 4000
29 10
29 3998
29 3999
30 10
31 10
32 10
33 10
33 169
33 300
33 3362
33 9909
33 10989
33 10993
33 10994
33 10995
33 10996
33 10997
33 10998
33 10999
33 11000
33 11001
33 11002
33 11003
33 11004
33 11005
33 11006
33 11007
33 11008
33 11009
33 11010
33 11011
33 11012
33 11013
33 11014
33 11015
33 11016
33 11017
33 11018
34 10
35 10
35 12589
35 12590
35 12591
35 12592
36 12
36 1334
36 1336
36 1445
36 1448
36 1449
36 1486
36 1487
36 1528
36 1581
36 11058
37 12
37 733
37 1624
38 12
39 22
40 23
40 68
40 77
40 110
40 111
40 119
40 120
40 273
40 275
40 276
40 278
40 281
40 282
40 284
40 302
40 351
40 359
40 367
40 454
40 455
40 480
40 483
40 484
40 485
40 487
40 828
40 829
40 830
40 971
40 1164
40 1189
40 1216
40 1218
40 1516
40 1531
40 1580
40 1620
40 1681
40 1684
40 1686
40 1687
40 1689
40 2551
40 3501
40 4149
40 4321
40 4689
40 5114
40 5219
40 5261
40 5402
40 5411
40 5417
40 5425
40 5439
40 5447
40 5547
40 5548
40 5549
40 5550
40 5551
40 5552
40 5553
40 5554
40 5555
40 5556
40 5557
40 5558
40 5559
40 5560
40 5561
40 5562
40 5563
40 5564
40 5565
40 5566
40 5567
40 5568
40 5569
40 5570
40 5571
40 5572
40 5573
40 5574
40 5575
40 5576
40 5577
40 5578
40 5579
40 5580
40 5589
40 5768
40 5838
40 5839
40 6095
40 6097
40 6098
40 6100
40 6101
40 6102
40 6103
40 6104
40 6105
40 6106
40 6107
40 6108
40 6109
40 6110
40 6111
40 6112
40 6113
40 6114
40 6115
40 6116
40 6117
40 6118
40 6119
40 6120
40 6121
40 6122
40 6124
40 6125
40 6126
40 6127
40 6128
40 6129
40 6130
40 6131
40 6132
40 6133
40 6134
40 6135
40 6136
40 6137
40 6138
40 6139
40 6629
40 6632
40 6642
40 6643
40 7489
40 8573
41 32
41 59
41 142
41 234
41 274
41 275
41 276
41 279
41 281
41 282
41 283
41 284
41 322
41 351
41 367
41 455
41 656
41 747
41 752
41 757
41 811
41 1141
41 1172
41 1188
41 1515
41 1560
41 1630
41 1631
41 1632
41 1633
41 1634
41 1635
41 1636
41 1637
41 1638
41 1639
41 1640
41 1641
41 1642
41 1643
41 1647
41 1667
41 1692
41 1717
41 1721
41 2155
41 2491
41 2673
41 3306
41 3307
41 3308
41 3309
41 3310
41 4971
41 4972
41 4973
41 4974
41 4975
41 4976
41 4977
41 4978
41 4979
41 4980
41 4981
41 4982
41 4983
41 4984
41 4985
41 4986
41 4987
41 4988
41 4989
41 4990
41 4991
41 4992
41 4993
41 4994
41 4995
41 4996
41 4997
41 4998
41 4999
41 5000
41 5001
41 5002
41 5003
41 5004
41 5005
41 5006
41 5007
41 5008
41 5009
41 5010
41 5011
41 5012
41 5013
41 10872
41 10878
42 43
42 58
42 188
42 189
42 190
42 254
42 260
42 261
42 749
43 43
44 48
44 142
44 497
45 48
45 565
45 568
45 569
45 570
45 571
45 572
45 573
45 574
45 575
45 576
45 577
45 578
45 579
45 580
45 581
45 582
45 583
45 584
45 585
45 586
45 587
45 588
45 589
45 590
45 592
45 593
45 594
45 595
45 596
45 597
45 598
45 599
45 600
45 601
45 602
45 603
45 604
45 605
45 606
45 607
45 608
45 609
45 610
45 611
45 612
45 613
45 614
45 615
45 616
45 617
45 618
45 619
45 620
45 621
45 622
45 625
45 626
45 627
45 628
45 629
45 630
45 631
45 632
45 633
45 634
45 635
45 636
45 637
45 638
45 639
45 640
45 641
45 642
45 643
45 644
45 645
45 646
45 647
45 648
45 649
45 650
45 651
45 652
45 653
45 654
46 54
47 58
47 985
48 58
48 624
48 956
49 77
49 79
50 77
51 77
51 286
51 553
51 554
52 77
52 129
52 980
52 981
52 982
52 1233
52 1234
52 1684
52 1687
53 77
53 79
53 273
53 274
53 275
53 276
53 277
53 278
53 279
53 280
53 281
53 282
53 283
53 284
53 351
53 367
53 455
53 479
53 480
53 483
53 484
53 485
53 486
53 487
53 700
53 701
53 830
53 1189
53 1217
53 1218
54 77
54 79
54 273
54 274
54 275
54 276
54 277
54 278
54 279
54 280
54 281
54 282
54 283
54 284
54 351
54 367
54 455
54 479
54 480
54 483
54 484
54 485
54 486
54 487
55 77
55 299
55 300
55 830
55 1507
55 1518
55 1519
56 77
56 830
57 82
57 235
58 111
58 119
58 120
58 121
58 150
58 151
58 153
58 160
58 161
58 163
58 167
58 168
58 209
58 210
58 211
58 212
58 213
58 214
58 215
58 216
58 217
58 218
58 219
58 221
58 223
58 236
58 242
58 244
58 246
58 253
58 255
58 349
58 679
58 1560
58 1598
58 1599
58 1649
58 1650
58 1651
58 1652
58 1653
58 1654
58 1656
58 1657
58 1658
58 1659
58 1660
58 1661
58 1662
58 1663
58 1664
58 1665
58 1669
58 1670
58 1671
58 1672
58 1692
58 1836
58 1837
58 1838
58 1839
58 1840
58 1841
58 1842
58 1845
58 1846
58 1847
58 1848
58 1849
58 1850
58 1851
58 1852
58 1853
58 1854
58 1855
58 1856
58 1857
58 1877
58 1878
58 1879
58 1880
58 1881
58 1882
58 1883
58 1884
58 1885
58 1886
58 1887
58 1888
58 1889
58 1890
58 1891
58 1892
58 1893
58 1894
58 1895
58 1896
58 1897
58 1898
58 1899
58 1900
58 1901
58 1902
58 1903
58 1904
58 1905
58 1906
58 1907
58 1908
58 1909
58 1910
58 1911
58 1912
58 1913
58 1914
58 1915
58 1916
58 1917
58 1918
58 1919
58 1920
58 1921
58 1922
58 1923
58 1924
58 1925
58 1926
58 1927
58 1928
58 1929
58 1930
58 1931
58 1932
58 1933
58 1934
58 1935
58 1936
58 1937
58 1938
58 1939
58 1940
58 1941
58 1942
58 1943
58 1944
58 1945
58 1946
58 1947
58 1948
58 1949
58 1950
58 1951
58 1952
58 1953
58 1954
58 1955
58 1956
58 1957
58 1958
58 1959
58 1960
58 1961
58 1962
58 1963
58 1964
58 1965
58 1966
58 1967
58 1968
58 1969
58 1970
58 1971
58 1972
58 1973
58 1975
58 1976
58 1977
58 1978
58 1979
58 1980
58 1981
58 1982
58 1983
58 1984
58 1985
58 1986
58 1987
58 1988
58 1989
58 1990
58 1991
58 1992
58 1993
58 1994
58 1995
58 1996
58 1997
58 1998
58 1999
58 2000
58 2001
58 2002
58 2003
58 2004
58 2005
58 2006
58 2007
58 2008
58 2009
58 2010
58 2011
58 2012
58 2013
58 2014
58 2015
58 2016
58 2017
58 2018
58 2019
58 2020
58 2021
58 2022
58 2023
58 2024
58 2025
58 2026
58 2027
58 2028
58 2029
58 2030
58 2031
58 2032
58 2033
58 2034
58 2035
58 2036
58 2037
58 2038
58 2039
58 2040
58 2041
58 2042
58 2043
58 2044
58 2045
58 2046
58 2047
58 2048
58 2049
58 2050
58 2051
58 2052
58 2053
58 2054
58 2055
58 2056
58 2057
58 2058
58 2059
58 2060
58 2061
58 2062
58 2063
58 2064
58 2065
58 2066
58 2067
58 2068
58 2069
58 2070
58 2071
58 2072
58 2073
58 2074
58 2075
58 2076
58 2077
58 2078
58 2079
58 2080
58 2081
58 2082
58 2083
58 2084
58 2085
58 2086
58 2087
58 2088
58 2089
58 2090
58 2091
58 2092
58 2093
58 2094
58 2095
58 2096
58 2216
58 2251
58 2252
58 2253
58 2254
58 2255
58 2256
58 2257
58 2258
58 2259
58 2260
58 2261
58 2262
58 2263
58 2264
58 2265
58 2266
58 2267
58 2268
58 2269
58 2270
58 2271
58 2272
58 2273
58 2274
58 2275
58 2276
58 2277
58 2278
58 2279
58 2280
58 2281
58 2282
58 2283
58 2284
58 2285
58 2286
58 2287
58 2288
58 2289
58 2290
58 2291
58 2292
58 2293
58 2294
58 2295
58 2296
58 2297
58 2298
58 2299
58 2300
58 2301
58 2302
58 2303
58 2304
58 2305
58 2309
58 2311
58 2312
58 2313
58 2314
58 2315
58 2316
58 2317
58 2318
58 2319
58 2320
58 2321
58 2322
58 2323
58 2324
58 2325
58 2326
58 2327
58 2328
58 2329
58 2330
58 2331
58 2332
58 2333
58 2334
58 2335
58 2336
58 2337
58 2338
58 2339
58 2340
58 2341
58 2342
58 2343
58 2344
58 2345
58 2346
58 2347
58 2348
58 2349
58 2350
58 2351
58 2352
58 2353
58 2354
58 2355
58 2356
58 2357
58 2358
58 2359
58 2360
58 2361
58 2362
58 2363
58 2364
58 2391
58 2392
58 2393
58 2394
58 2395
58 2396
58 2397
58 2398
58 2399
58 2400
58 2401
58 2402
58 2403
58 2404
58 2405
58 2406
58 2407
58 2408
58 2409
58 2410
58 2411
58 2412
58 2413
58 2414
58 2415
58 2416
58 2417
58 2418
58 2419
58 2420
58 2421
58 2422
58 2423
58 2424
58 2425
58 2426
58 2427
58 2428
58 2491
58 2492
58 2493
58 2494
58 2495
58 2496
58 2497
58 2498
58 2499
58 2500
58 2501
58 2502
58 2503
58 2504
58 2505
58 2506
58 2507
58 2508
58 2509
58 2510
58 2511
58 2512
58 2513
58 2514
58 2515
58 2516
58 2517
58 2518
58 2519
58 2520
58 2521
58 2522
58 2523
58 2524
58 2525
58 2526
58 2527
58 2528
58 2529
58 2530
58 2531
58 2532
58 2533
58 2534
58 2535
58 2536
58 2537
58 2538
58 2539
58 2540
58 2541
58 2542
58 2543
58 2544
58 2545
58 2546
58 2627
58 2628
58 2629
58 2630
58 2631
58 2632
58 2633
58 2634
58 2635
58 2636
58 2637
58 2638
58 2639
58 2640
58 2641
58 2644
58 2645
58 2646
58 2647
58 2648
58 2650
58 2651
58 2652
58 2653
58 2654
58 2656
58 2657
58 2658
58 2660
58 2661
58 2662
58 2664
58 2665
58 2666
58 2667
58 2668
58 2670
58 2671
58 2672
58 2674
58 2675
58 2676
58 2677
58 2679
58 2680
58 2681
58 2683
58 2691
58 2692
58 2693
58 2694
58 2695
58 2696
58 2697
58 2698
58 2699
58 2700
58 2701
58 2702
58 2703
58 2704
58 2705
58 2706
58 2707
58 2708
58 2710
58 2711
58 2712
58 2713
58 2714
58 2715
58 2716
58 2717
58 2718
58 2719
58 2720
58 2721
58 2722
58 2723
58 2724
58 2725
58 2726
58 2727
58 2728
58 2729
58 2730
58 2731
58 2732
58 2733
58 2734
58 2735
58 2736
58 2737
58 2738
58 2739
58 2740
58 2741
58 2742
58 2743
58 2744
58 2745
58 2746
58 2747
58 2748
58 2749
58 2750
58 2751
58 2752
58 2753
58 2754
58 2755
58 2756
58 2757
58 2758
58 2759
58 2760
58 2761
58 2762
58 2763
58 2764
58 2765
58 2766
58 2767
58 2768
58 2769
58 2770
58 2771
58 2772
58 2773
58 2774
58 2775
58 2776
58 2777
58 2778
58 2779
58 2780
58 2781
58 2783
58 2785
58 2786
58 2787
58 2788
58 2789
58 2790
58 2791
58 2792
58 2793
58 2794
58 2795
58 2796
58 2797
58 2798
58 2799
58 2800
58 2801
58 2802
58 2803
58 2804
58 2805
58 2806
58 2807
58 2808
58 2809
58 2810
58 2811
58 2812
58 2813
58 2814
58 2815
58 2816
58 2817
58 2818
58 2819
58 2820
58 2821
58 2822
58 2823
58 2824
58 2825
58 2826
58 2827
58 2828
58 2829
58 2830
58 2831
58 2832
58 2833
58 2834
58 2836
58 2837
58 2838
58 2895
58 2896
58 2897
58 2898
58 2899
58 2900
58 2901
58 2902
58 2904
58 2905
58 2906
58 2944
58 2945
58 2946
58 2947
58 2948
58 2949
58 2950
58 2951
58 2952
58 2953
58 2954
58 2955
58 2956
58 2957
58 2958
58 2980
58 2981
58 2982
58 2983
58 2984
58 2985
58 2986
58 2987
58 2989
58 2990
58 2991
58 2992
58 2993
58 2994
58 2995
58 2996
58 2997
58 2998
58 2999
58 3000
58 3001
58 3002
58 3003
58 3004
58 3005
58 3006
58 3007
58 3008
58 3009
58 3010
58 3011
58 3012
58 3013
58 3014
58 3015
58 3016
58 3017
58 3018
58 3019
58 3020
58 3021
58 3022
58 3023
58 3024
58 3025
58 3026
58 3027
58 3028
58 3029
58 3030
58 3031
58 3032
58 3033
58 3034
58 3035
58 3036
58 3037
58 3038
58 3039
58 3040
58 3041
58 3042
58 3044
58 3045
58 3046
58 3047
58 3048
58 3049
58 3050
58 3051
58 3053
58 3054
58 3055
58 3056
58 3057
58 3058
58 3059
58 3060
58 3061
58 3062
58 3063
58 3064
58 3065
58 3066
58 3067
58 3068
58 3069
58 3070
58 3071
58 3072
58 3073
58 3074
58 3075
58 3076
58 3306
58 3502
58 3503
58 3504
58 3505
58 3506
58 3507
58 3508
58 3509
58 3510
58 3511
58 3512
58 3513
58 3514
58 3515
58 3516
58 3517
58 3518
58 3519
58 3520
58 3521
58 3522
58 3523
58 3524
58 3525
58 3526
58 3527
58 3528
58 3529
58 3530
58 3531
58 3532
58 3533
58 3534
58 3535
58 3536
58 3537
58 3538
58 3539
58 3540
58 3541
58 3542
58 3543
58 3545
58 3546
58 3547
58 3548
58 3549
58 3550
58 3551
58 3552
58 3553
58 3554
58 3555
58 3556
58 3557
58 3558
58 3559
58 3560
58 3562
58 3563
58 3564
58 3565
58 3566
58 3567
58 3568
58 3570
58 3571
58 3572
58 3574
58 3575
58 3576
58 3577
58 3579
58 3580
58 3581
58 3582
58 3583
58 3584
58 3585
58 3586
58 3587
58 3588
58 3590
58 3591
58 3592
58 3593
58 3594
58 3595
58 3596
58 3597
58 3598
58 3599
58 3600
58 3601
58 3602
58 3603
58 3604
58 3605
58 3606
58 3607
58 3608
58 3609
58 3881
58 3882
58 3883
58 3884
58 3885
58 3886
58 3887
58 3888
58 3889
58 3890
58 3891
58 3892
58 3893
58 3894
58 3895
58 3896
58 3897
58 3898
58 3899
58 3900
58 3901
58 3902
58 3903
58 3904
58 3905
58 3906
58 3907
58 3908
58 3909
58 3910
58 3911
58 3912
58 3913
58 3914
58 3916
58 3919
58 3920
58 3921
58 3922
58 3923
58 3924
58 3926
58 3927
58 3930
58 3931
58 3933
58 3935
58 3936
58 3938
58 3940
58 3941
58 3943
58 3944
58 4012
58 4013
58 4014
58 4015
58 4016
58 4017
58 4018
58 4019
58 4020
58 4021
58 4022
58 4023
58 4024
58 4025
58 4026
58 4027
58 4028
58 4029
58 4030
58 4031
58 4032
58 4033
58 4034
58 4035
58 4036
58 4037
58 4038
58 4039
58 4040
58 4041
58 4042
58 4043
58 4044
58 4045
58 4046
58 4047
58 4048
58 4049
58 4050
58 4051
58 4052
58 4053
58 4054
58 4055
58 4056
58 4057
58 4058
58 4059
58 4060
58 4061
58 4062
58 4063
58 4064
58 4065
58 4066
58 4068
58 4069
58 4070
58 4071
58 4072
58 4074
58 4075
58 4076
58 4077
58 4078
58 4079
58 4080
58 4081
58 4082
58 4083
58 4084
58 4085
58 4086
58 4087
58 4088
58 4089
58 4090
58 4091
58 4092
58 4093
58 4094
58 4095
58 4096
58 4097
58 4098
58 4099
58 4100
58 4101
58 4102
58 4103
58 4104
58 4105
58 4106
58 4107
58 4108
58 4109
58 4110
58 4111
58 4112
58 4113
58 4114
58 4115
58 4116
58 4117
58 4118
58 4119
58 4120
58 4121
58 4122
58 4123
58 4124
58 4125
58 4126
58 4127
58 4128
58 4129
58 4130
58 4131
58 4132
58 4133
58 4134
58 4135
58 4136
58 4137
58 4138
58 4139
58 4140
58 4141
58 4142
58 4143
58 4144
58 4145
58 4146
58 4147
58 4148
58 4150
58 4151
58 4152
58 4153
58 4154
58 4155
58 4156
58 4157
58 4158
58 4159
58 4160
58 4161
58 4162
58 4163
58 4164
58 4165
58 4166
58 4167
58 4168
58 4169
58 4170
58 4171
58 4172
58 4173
58 4174
58 4175
58 4176
58 4177
58 4178
58 4179
58 4180
58 4181
58 4182
58 4183
58 4184
58 4185
58 4186
58 4187
58 4188
58 4189
58 4190
58 4191
58 4192
58 4193
58 4194
58 4195
58 4196
58 4197
58 4198
58 4199
58 4200
58 4201
58 4202
58 4203
58 4204
58 4205
58 4206
58 4207
58 4208
58 4209
58 4210
58 4211
58 4212
58 4213
58 4214
58 4215
58 4216
58 4217
58 4218
58 4219
58 4220
58 4221
58 4222
58 4223
58 4224
58 4225
58 4226
58 4227
58 4228
58 4229
58 4230
58 4231
58 4232
58 4233
58 4234
58 4235
58 4236
58 4237
58 4238
58 4239
58 4241
58 4242
58 4243
58 4244
58 4245
58 4246
58 4247
58 4248
58 4249
58 4250
58 4251
58 4252
58 4253
58 4254
58 4255
58 4256
58 4257
58 4258
58 4259
58 4260
58 4261
58 4262
58 4263
58 4264
58 4265
58 4266
58 4267
58 4268
58 4269
58 4270
58 4271
58 4272
58 4273
58 4274
58 4275
58 4276
58 4277
58 4278
58 4279
58 4280
58 4281
58 4282
58 4283
58 4284
58 4285
58 4286
58 4287
58 4288
58 4289
58 4290
58 4291
58 4292
58 4293
58 4294
58 4295
58 4296
58 4297
58 4298
58 4299
58 4300
58 4301
58 4302
58 4303
58 4304
58 4305
58 4306
58 4307
58 4308
58 4309
58 4310
58 4311
58 4312
58 4313
58 4314
58 4315
58 4316
58 4317
58 4318
58 4319
58 4320
58 4675
58 4676
58 4677
58 4678
58 4679
58 4680
58 4681
58 4682
58 4683
58 4684
58 4685
58 4686
58 4687
58 4688
58 4691
58 4692
58 4693
58 4694
58 4695
58 4696
58 4697
58 4698
58 4699
58 4700
58 4702
58 4703
58 4704
58 4705
58 4706
58 4707
58 5587
58 5591
58 5592
58 5593
58 5594
58 5595
58 5596
58 5597
58 5598
58 5599
58 5600
58 5601
58 5602
58 5603
58 5604
58 5605
58 5606
58 5607
58 5608
58 5609
58 5610
58 5611
58 5612
58 5613
58 5614
58 5615
58 5616
58 5617
58 5618
58 5619
58 5621
58 5622
58 5623
58 5624
58 5625
58 5626
58 5627
58 5628
58 5629
58 5630
58 5631
58 5632
58 5633
58 5634
58 5635
58 5636
58 5637
58 5638
58 5639
58 5640
58 5641
58 5642
58 5643
58 5644
58 5645
58 5646
58 5647
58 5648
58 5652
58 5653
58 5654
58 5655
58 5656
58 5658
58 5659
58 5660
58 5661
58 5662
58 5663
58 5664
58 5666
58 5667
58 5668
58 5669
58 5670
58 5671
58 5673
58 5674
58 5675
58 5676
58 5677
58 5678
58 5679
58 5680
58 5681
58 5682
58 5683
58 5684
58 5685
58 5686
58 5687
58 5688
58 5689
58 5690
58 5691
58 5692
58 5693
58 5694
58 5695
58 5696
58 5697
58 5698
58 5699
58 5700
58 5701
58 5702
58 5703
58 5704
58 5705
58 5706
58 5707
58 5708
58 5709
58 5710
58 5711
58 5712
58 5713
58 5714
58 5715
58 5716
58 5717
58 5718
58 5719
58 5720
58 5721
58 5722
58 5723
58 5724
58 5725
58 5726
58 5727
58 5728
58 5729
58 5730
58 5731
58 5732
58 5733
58 5734
58 5735
58 5736
58 5737
58 5738
58 5739
58 5740
58 5741
58 5742
58 5743
58 5744
58 5745
58 5746
58 5747
58 5748
58 5749
58 5750
58 5751
58 5752
58 5753
58 5754
58 5755
58 5756
58 5757
58 5758
58 5759
58 5760
58 5761
58 5762
58 5763
58 5764
58 5765
58 5766
58 5767
58 5769
58 5770
58 5771
58 5772
58 5773
58 5774
58 5775
58 5776
58 5777
58 5778
58 5779
58 5780
58 5781
58 5782
58 5783
58 5784
58 5785
58 5786
58 5787
58 5788
58 5789
58 5790
58 5791
58 5792
58 5793
58 5794
58 5795
58 5796
58 5797
58 5798
58 5799
58 5800
58 5801
58 5802
58 5803
58 5804
58 5805
58 5806
58 5807
58 5808
58 5809
58 5810
58 5811
58 5812
58 5813
58 5814
58 5815
58 5816
58 5817
58 5818
58 5819
58 5820
58 5821
58 5822
58 5823
58 5824
58 5825
58 5826
58 5827
58 5828
58 5829
58 5830
58 5831
58 5832
58 5833
58 5834
58 5835
58 5836
58 5837
58 5840
58 5841
58 5842
58 5843
58 5844
58 5845
58 5846
58 5847
58 5849
58 5850
58 5851
58 5853
58 5854
58 5855
58 5857
58 5858
58 5860
58 5861
58 5862
58 5863
58 5864
58 5865
58 5866
58 5867
58 5868
58 5869
58 5870
58 5871
58 5872
58 5873
58 5874
58 5875
58 5876
58 5877
58 5878
58 5879
58 5880
58 5881
58 5882
58 5883
58 5884
58 5885
58 5886
58 5887
58 5888
58 5889
58 5890
58 5891
58 5892
58 5893
58 5894
58 5895
58 5896
58 5897
58 5898
58 5899
58 5900
58 5901
58 5902
58 5903
58 5904
58 5905
58 5906
58 5907
58 5908
58 5909
58 5910
58 5911
58 5912
58 5913
58 5914
58 5915
58 5916
58 5917
58 5918
58 5919
58 5920
58 5921
58 5922
58 5923
58 5924
58 5925
58 5926
58 5927
58 5928
58 5929
58 5930
58 5931
58 5932
58 5933
58 5934
58 5935
58 5936
58 5937
58 5938
58 5939
58 5940
58 5941
58 5942
58 5943
58 5944
58 5945
58 5946
58 5947
58 5948
58 5949
58 5950
58 5951
58 5952
58 5953
58 5954
58 5955
58 5956
58 5957
58 5958
58 5959
58 5960
58 5961
58 5962
58 5963
58 5964
58 5965
58 5966
58 5967
58 5968
58 5969
58 5970
58 5971
58 5972
58 5973
58 5974
58 5975
58 5976
58 5977
58 5978
58 5979
58 5980
58 5981
58 5982
58 5983
58 5984
58 5985
58 5986
58 5987
58 5988
58 5989
58 5990
58 5991
58 5992
58 5993
58 5994
58 5995
58 5996
58 5997
58 5998
58 5999
58 6000
58 6001
58 6002
58 6003
58 6004
58 6005
58 6006
58 6007
58 6008
58 6009
58 6010
58 6011
58 6012
58 6013
58 6014
58 6015
58 6016
58 6017
58 6018
58 6019
58 6020
58 6021
58 6022
58 6023
58 6024
58 6025
58 6026
58 6027
58 6028
58 6029
58 6030
58 6031
58 6032
58 6033
58 6034
58 6035
58 6036
58 6037
58 6038
58 6039
58 6040
58 6041
58 6042
58 6043
58 6044
58 6045
58 6046
58 6047
58 6048
58 6049
58 6050
58 6051
58 6052
58 6053
58 6054
58 6055
58 6056
58 6057
58 6058
58 6059
58 6060
58 6061
58 6062
58 6063
58 6064
58 6065
58 6066
58 6067
58 6068
58 6069
58 6070
58 6071
58 6072
58 6073
58 6074
58 6075
58 6076
58 6077
58 6078
58 6079
58 6080
58 6081
58 6082
58 6083
58 6084
58 6085
58 6086
58 6087
58 6088
58 6089
58 6090
58 6091
58 6092
58 6093
58 6094
58 6150
58 6151
58 6152
58 6153
58 6154
58 6155
58 6156
58 6157
58 6158
58 6159
58 6160
58 6161
58 6162
58 6163
58 6164
58 6165
58 6166
58 6167
58 6168
58 6169
58 6170
58 6171
58 6172
58 6173
58 6174
58 6175
58 6176
58 6177
58 6178
58 6180
58 6181
58 6182
58 6183
58 6184
58 6185
58 6186
58 6187
58 6189
58 6190
58 6192
58 6193
58 6195
58 6196
58 6197
58 6198
58 6199
58 6200
58 6201
58 6202
58 6203
58 6204
58 6205
58 6206
58 6207
58 6208
58 6209
58 6210
58 6211
58 6212
58 6213
58 6214
58 6215
58 6216
58 6217
58 6218
58 6219
58 6220
58 6221
58 6222
58 6223
58 6224
58 6225
58 6226
58 6227
58 6228
58 6229
58 6230
58 6231
58 6232
58 6233
58 6234
58 6235
58 6236
58 6237
58 6238
58 6239
58 6240
58 6241
58 6242
58 6243
58 6244
58 6245
58 6246
58 6247
58 6248
58 6249
58 6250
58 6251
58 6252
58 6253
58 6254
58 6255
58 6256
58 6257
58 6258
58 6259
58 6260
58 6261
58 6262
58 6263
58 6264
58 6265
58 6266
58 6267
58 6268
58 6269
58 6270
58 6271
58 6272
58 6273
58 6274
58 6275
58 6276
58 6277
58 6278
58 6279
58 6280
58 6281
58 6282
58 6283
58 6284
58 6285
58 6286
58 6287
58 6288
58 6289
58 6290
58 6291
58 6292
58 6293
58 6294
58 6295
58 6296
58 6297
58 6298
58 6299
58 6300
58 6301
58 6302
58 6303
58 6304
58 6305
58 6306
58 6307
58 6308
58 6309
58 6310
58 6325
58 6326
58 6327
58 6328
58 6329
58 6330
58 6331
58 6332
58 6333
58 6334
58 6335
58 6336
58 6337
58 6338
58 6339
58 6340
58 6341
58 6342
58 6343
58 6344
58 6345
58 6346
58 6347
58 6348
58 6349
58 6350
58 6351
58 6352
58 6353
58 6354
58 6355
58 6356
58 6357
58 6358
58 6359
58 6360
58 6361
58 6362
58 6363
58 6364
58 6365
58 6366
58 6367
58 6368
58 6369
58 6370
58 6371
58 6372
58 6373
58 6374
58 6375
58 6376
58 6377
58 6378
58 6379
58 6380
58 6381
58 6382
58 6383
58 6384
58 6385
58 6386
58 6387
58 6388
58 6389
58 6390
58 6391
58 6392
58 6393
58 6394
58 6395
58 6396
58 6397
58 6398
58 6399
58 6400
58 6401
58 6402
58 6403
58 6404
58 6405
58 6406
58 6407
58 6408
58 6409
58 6410
58 6411
58 6412
58 6413
58 6414
58 6415
58 6416
58 6417
58 6419
58 6420
58 6421
58 6422
58 6423
58 6424
58 6425
58 6426
58 6427
58 6428
58 6429
58 6430
58 6431
58 6432
58 6433
58 6434
58 6435
58 6436
58 6437
58 6438
58 6439
58 6440
58 6441
58 6442
58 6443
58 6444
58 6445
58 6446
58 6447
58 6448
58 6449
58 6450
58 6451
58 6452
58 6453
58 6454
58 6455
58 6456
58 6457
58 6458
58 6459
58 6460
58 6461
58 6462
58 6463
58 6464
58 6465
58 6466
58 6467
58 6468
58 6469
58 6470
58 6471
58 6472
58 6473
58 6474
58 6475
58 6476
58 6477
58 6478
58 6479
58 6480
58 6481
58 6482
58 6483
58 6484
58 6486
58 6487
58 6488
58 6489
58 6490
58 6491
58 6492
58 6493
58 6494
58 6495
58 6496
58 6497
58 6498
58 6499
58 6500
58 6501
58 6502
58 6503
58 6504
58 6505
58 6506
58 6507
58 6508
58 6509
58 6510
58 6511
58 6512
58 6513
58 6514
58 6515
58 6516
58 6517
58 6519
58 6520
58 6521
58 6522
58 6523
58 6524
58 6526
58 6527
58 6528
58 6529
58 6531
58 6532
58 6533
58 6535
58 6536
58 6537
58 6539
58 6540
58 6541
58 6542
58 6543
58 6545
58 6546
58 6547
58 6548
58 6549
58 6550
58 6552
58 6553
58 6555
58 6556
58 6557
58 6559
58 6560
58 6561
58 6563
58 6564
58 6565
58 6567
58 6568
58 6570
58 6571
58 6572
58 6573
58 6574
58 6575
58 6576
58 6577
58 6578
58 6579
58 6580
58 6581
58 6582
58 6583
58 6584
58 6585
58 6586
58 6587
58 6588
58 6589
58 6590
58 6653
58 6654
58 6655
58 6656
58 6657
58 6658
58 6659
58 6660
58 6661
58 6662
58 6663
58 6664
58 6665
58 6666
58 6667
58 6668
58 6669
58 6670
58 6671
58 6672
58 6673
58 6674
58 6675
58 6676
58 6677
58 6678
58 6679
58 6680
58 6681
58 6682
58 6683
58 6684
58 6685
58 6686
58 6687
58 6688
58 6689
58 6690
58 6691
58 6692
58 6693
58 6694
58 6695
58 6696
58 6697
58 6698
58 6699
58 6700
58 6701
58 6702
58 6703
58 6704
58 6705
58 6706
58 6707
58 6708
58 6709
58 6710
58 6711
58 6712
58 6713
58 6714
58 6715
58 6716
58 6717
58 6718
58 6719
58 6720
58 6721
58 6722
58 6723
58 6724
58 6725
58 6726
58 6727
58 6728
58 6729
58 6730
58 6731
58 6732
58 6733
58 6734
58 6735
58 6736
58 6737
58 6738
58 6739
58 6740
58 6741
58 6742
58 6743
58 6744
58 6745
58 6746
58 6747
58 6748
58 6749
58 6750
58 6751
58 6752
58 6753
58 6754
58 6755
58 6756
58 6757
58 6758
58 6759
58 6760
58 6761
58 6762
58 6763
58 6764
58 6765
58 6766
58 6767
58 6768
58 6769
58 6770
58 6771
58 6772
58 6773
58 6774
58 6775
58 6776
58 6777
58 6778
58 6779
58 6780
58 6781
58 6782
58 6783
58 6784
58 6785
58 6786
58 6787
58 6795
58 6796
58 6797
58 6798
58 6799
58 6800
58 6801
58 6802
58 6803
58 6804
58 6805
58 6806
58 6807
58 6808
58 6809
58 6810
58 6811
58 6812
58 6813
58 6814
58 6815
58 6816
58 6817
58 6820
58 6821
58 6822
58 6823
58 6824
58 6825
58 6826
58 6827
58 6828
58 6829
58 6830
58 6831
58 6832
58 6833
58 6834
58 6835
58 6836
58 6837
58 6838
58 6839
58 6840
58 6841
58 6842
58 6843
58 6844
58 6845
58 6846
58 6847
58 6848
58 6849
58 6850
58 6851
58 6852
58 6853
58 6854
58 6855
58 6856
58 6857
58 6858
58 6859
58 6860
58 6861
58 6862
58 6863
58 6864
58 6865
58 6866
58 6867
58 6868
58 6869
58 6870
58 6871
58 6872
58 6873
58 6874
58 6875
58 6876
58 6877
58 6878
58 6879
58 6880
58 6881
58 6882
58 6883
58 6884
58 6885
58 6886
58 6887
58 6888
58 6889
58 6890
58 6891
58 6906
58 6907
58 6908
58 6909
58 6924
58 6925
58 6926
58 6927
58 6928
58 6929
58 6930
58 6931
58 6932
58 6933
58 6934
58 6935
58 6936
58 6937
58 6938
58 6939
58 6940
58 6941
58 6942
58 6943
58 6944
58 6945
58 6946
58 6947
58 6948
58 6949
58 6950
58 6951
58 6952
58 6953
58 6954
58 6955
58 6956
58 6957
58 6958
58 6959
58 6960
58 6961
58 6962
58 6963
58 6964
58 6965
58 6966
58 6967
58 6968
58 6970
58 6971
58 6972
58 6973
58 6975
58 6976
58 6978
58 6979
58 6980
58 6981
58 6982
58 6983
58 6984
58 6985
58 6986
58 6987
58 6988
58 6989
58 6990
58 6991
58 6992
58 6993
58 6994
58 6995
58 6996
58 6997
58 6998
58 6999
58 7000
58 7001
58 7002
58 7003
58 7004
58 7005
58 7006
58 7007
58 7008
58 7009
58 7010
58 7011
58 7012
58 7013
58 7014
58 7015
58 7016
58 7017
58 7018
58 7019
58 7020
58 7021
58 7022
58 7023
58 7024
58 7025
58 7026
58 7027
58 7028
58 7029
58 7030
58 7031
58 7032
58 7033
58 7034
58 7035
58 7036
58 7037
58 7038
58 7039
58 7040
58 7041
58 7042
58 7043
58 7044
58 7045
58 7046
58 7047
58 7048
58 7049
58 7050
58 7051
58 7052
58 7053
58 7054
58 7055
58 7056
58 7057
58 7058
58 7059
58 7060
58 7061
58 7062
58 7063
58 7064
58 7065
58 7066
58 7068
58 7069
58 7070
58 7071
58 7072
58 7073
58 7074
58 7075
58 7076
58 7077
58 7078
58 7079
58 7080
58 7091
58 7092
58 7093
58 7094
58 7095
58 7096
58 7097
58 7098
58 7099
58 7100
58 7101
58 7102
58 7103
58 7104
58 7105
58 7106
58 7107
58 7108
58 7109
58 7110
58 7111
58 7112
58 7113
58 7114
58 7115
58 7116
58 7117
58 7118
58 7119
58 7120
58 7121
58 7122
58 7123
58 7124
58 7125
58 7126
58 7127
58 7128
58 7129
58 7130
58 7131
58 7132
58 7133
58 7134
58 7135
58 7136
58 7137
58 7138
58 7139
58 7140
58 7141
58 7142
58 7143
58 7144
58 7145
58 7146
58 7147
58 7148
58 7149
58 7150
58 7151
58 7152
58 7153
58 7154
58 7155
58 7156
58 7157
58 7158
58 7159
58 7160
58 7161
58 7162
58 7163
58 7164
58 7165
58 7166
58 7167
58 7168
58 7169
58 7170
58 7171
58 7172
58 7173
58 7174
58 7175
58 7176
58 7177
58 7178
58 7179
58 7180
58 7181
58 7182
58 7183
58 7184
58 7185
58 7186
58 7187
58 7189
58 7190
58 7192
58 7193
58 7194
58 7196
58 7197
58 7198
58 7199
58 7200
58 7202
58 7203
58 7204
58 7205
58 7206
58 7207
58 7208
58 7209
58 7210
58 7211
58 7212
58 7213
58 7214
58 7215
58 7216
58 7217
58 7218
58 7219
58 7220
58 7221
58 7222
58 7223
58 7224
58 7225
58 7226
58 7227
58 7228
58 7229
58 7230
58 7231
58 7232
58 7233
58 7234
58 7235
58 7236
58 7237
58 7238
58 7239
58 7240
58 7241
58 7242
58 7243
58 7244
58 7246
58 7247
58 7248
58 7249
58 7250
58 7251
58 7252
58 7253
58 7254
58 7255
58 7256
58 7257
58 7258
58 7259
58 7260
58 7261
58 7262
58 7263
58 7264
58 7265
58 7266
58 7267
58 7268
58 7269
58 7270
58 7271
58 7272
58 7273
58 7274
58 7275
58 7276
58 7277
58 7278
58 7279
58 7280
58 7281
58 7282
58 7283
58 7284
58 7285
58 7286
58 7287
58 7288
58 7289
58 7290
58 7291
58 7292
58 7293
58 7294
58 7295
58 7296
58 7297
58 7298
58 7299
58 7300
58 7301
58 7302
58 7303
58 7304
58 7305
58 7306
58 7307
58 7308
58 7309
58 7310
58 7311
58 7312
58 7313
58 7314
58 7315
58 7317
58 7318
58 7319
58 7320
58 7321
58 7322
58 7323
58 7324
58 7325
58 7326
58 7327
58 7328
58 7329
58 7330
58 7331
58 7332
58 7333
58 7334
58 7335
58 7336
58 7337
58 7338
58 7339
58 7340
58 7341
58 7342
58 7343
58 7344
58 7345
58 7346
58 7347
58 7348
58 7349
58 7350
58 7351
58 7352
58 7353
58 7354
58 7355
58 7356
58 7357
58 7358
58 7359
58 7360
58 7361
58 7362
58 7363
58 7364
58 7365
58 7366
58 7367
58 7368
58 7369
58 7370
58 7371
58 7372
58 7373
58 7374
58 7375
58 7376
58 7377
58 7378
58 7379
58 7380
58 7381
58 7382
58 7383
58 7384
58 7385
58 7386
58 7387
58 7388
58 7389
58 7390
58 7391
58 7392
58 7393
58 7394
58 7395
58 7396
58 7397
58 7398
58 7399
58 7400
58 7401
58 7402
58 7403
58 7404
58 7405
58 7406
58 7407
58 7408
58 7409
58 7410
58 7411
58 7412
58 7413
58 7414
58 7415
58 7416
58 7417
58 7418
58 7419
58 7420
58 7421
58 7422
58 7423
58 7424
58 7426
58 7427
58 7428
58 7429
58 7430
58 7431
58 7432
58 7433
58 7434
58 7435
58 7436
58 7437
58 7438
58 7439
58 7440
58 7441
58 7442
58 7443
58 7444
58 7445
58 7446
58 7447
58 7448
58 7449
58 7450
58 7451
58 7452
58 7453
58 7454
58 7455
58 7456
58 7457
58 7458
58 7459
58 7460
58 7461
58 7462
58 7463
58 7464
58 7465
58 7466
58 7467
58 7468
58 7469
58 7470
58 7471
58 7472
58 7473
58 7474
58 7475
58 7476
58 7477
58 7478
58 7479
58 7480
58 7522
58 7523
58 7524
58 7525
58 7526
58 7527
58 7528
58 7529
58 7530
58 7531
58 7532
58 7533
58 7534
58 7535
58 7536
58 7537
58 7538
58 7539
58 7540
58 7541
58 7542
58 7543
58 7544
58 7545
58 7546
58 7547
58 7548
58 7549
58 7550
58 7551
58 7552
58 7553
58 7554
58 7555
58 7556
58 7557
58 7558
58 7559
58 7560
58 7561
58 7562
58 7563
58 7564
58 7565
58 7566
58 7567
58 7568
58 7569
58 7570
58 7571
58 7572
58 7573
58 7574
58 7575
58 7576
58 7577
58 7578
58 7579
58 7580
58 7581
58 7582
58 7583
58 7584
58 7585
58 7586
58 7587
58 7588
58 7589
58 7590
58 7591
58 7592
58 7593
58 7594
58 7595
58 7596
58 7597
58 7598
58 7599
58 7600
58 7601
58 7602
58 7603
58 7604
58 7605
58 7606
58 7607
58 7608
58 7609
58 7610
58 7611
58 7612
58 7613
58 7614
58 7615
58 7616
58 7617
58 7618
58 7619
58 7620
58 7621
58 7622
58 7623
58 7624
58 7625
58 7626
58 7627
58 7628
58 7629
58 7630
58 7631
58 7632
58 7633
58 7634
58 7635
58 7636
58 7637
58 7638
58 7639
58 7640
58 7641
58 7642
58 7643
58 7644
58 7645
58 7646
58 7647
58 7648
58 7649
58 7650
58 7651
58 7652
58 7653
58 7654
58 7655
58 7656
58 7657
58 7658
58 7659
58 7660
58 7661
58 7662
58 7663
58 7664
58 7665
58 7666
58 7667
58 7668
58 7669
58 7670
58 7671
58 7672
58 7673
58 7674
58 7675
58 7676
58 7677
58 7678
58 7679
58 7680
58 7681
58 7682
58 7683
58 7684
58 7685
58 7686
58 7687
58 7688
58 7689
58 7690
58 7691
58 7692
58 7693
58 7694
58 7695
58 7696
58 7697
58 7698
58 7699
58 7700
58 7701
58 7702
58 7703
58 7704
58 7705
58 7706
58 7707
58 7708
58 7709
58 7710
58 7711
58 7712
58 7713
58 7714
58 7715
58 7716
58 7717
58 7718
58 7719
58 7720
58 7721
58 7722
58 7723
58 7724
58 7725
58 7726
58 7727
58 7728
58 7729
58 7730
58 7731
58 7732
58 7733
58 7734
58 7735
58 7736
58 7737
58 7738
58 7739
58 7740
58 7741
58 7742
58 7743
58 7744
58 7745
58 7746
58 7747
58 7748
58 7749
58 7750
58 7751
58 7752
58 7753
58 7754
58 7755
58 7756
58 7757
58 7758
58 7759
58 7760
58 7761
58 7762
58 7763
58 7764
58 7765
58 7766
58 7767
58 7768
58 7769
58 7770
58 7771
58 7772
58 7773
58 7774
58 7775
58 7776
58 7777
58 7778
58 7779
58 7780
58 7781
58 7782
58 7783
58 7784
58 7785
58 7786
58 7787
58 7788
58 7789
58 7790
58 7791
58 7792
58 7793
58 7794
58 7795
58 7796
58 7797
58 7798
58 7799
58 7800
58 7801
58 7802
58 7803
58 7804
58 7805
58 7806
58 7807
58 7808
58 7809
58 7810
58 7811
58 7812
58 7813
58 7814
58 7815
58 7816
58 7817
58 7818
58 7819
58 7820
58 7821
58 7822
58 7823
58 7824
58 7825
58 7826
58 7827
58 7828
58 7829
58 7830
58 7831
58 7832
58 7833
58 7834
58 7835
58 7836
58 7837
58 7838
58 7839
58 7840
58 7841
58 7842
58 7843
58 7844
58 7845
58 7846
58 7847
58 7848
58 7849
58 7850
58 7851
58 7852
58 7853
58 7854
58 7855
58 7856
58 7857
58 7858
58 7859
58 7860
58 7861
58 7862
58 7863
58 7864
58 7865
58 7866
58 7867
58 7868
58 7869
58 7870
58 7871
58 7872
58 7873
58 7874
58 7875
58 7876
58 7877
58 7878
58 7879
58 7880
58 7881
58 7882
58 7883
58 7884
58 7885
58 7886
58 7887
58 7888
58 7889
58 7890
58 7891
58 7892
58 7893
58 7894
58 7895
58 7896
58 7897
58 7898
58 7899
58 7900
58 7901
58 7902
58 7903
58 7904
58 7905
58 7906
58 7907
58 7908
58 7909
58 7910
58 7911
58 7912
58 7913
58 7914
58 7915
58 7916
58 7917
58 7918
58 7919
58 7920
58 7921
58 7922
58 7923
58 7924
58 7925
58 7926
58 7927
58 7928
58 7929
58 7930
58 7931
58 7932
58 7933
58 7934
58 7935
58 7936
58 7937
58 7938
58 7939
58 7940
58 7941
58 7942
58 7943
58 7944
58 7945
58 7946
58 7947
58 7948
58 7949
58 7950
58 7951
58 7952
58 7953
58 7954
58 7955
58 7956
58 7957
58 7958
58 7959
58 7960
58 7961
58 7962
58 7963
58 7964
58 7965
58 7966
58 7967
58 7968
58 7969
58 7970
58 7971
58 7972
58 7973
58 7974
58 7975
58 7976
58 7977
58 7978
58 7979
58 7980
58 7981
58 7982
58 7983
58 7984
58 7985
58 7986
58 7987
58 7988
58 7989
58 7990
58 7991
58 7992
58 7993
58 7994
58 7995
58 7996
58 7997
58 7998
58 7999
58 8000
58 8001
58 8002
58 8003
58 8004
58 8005
58 8006
58 8007
58 8008
58 8009
58 8010
58 8011
58 8012
58 8013
58 8014
58 8015
58 8016
58 8017
58 8018
58 8019
58 8020
58 8021
58 8022
58 8023
58 8024
58 8025
58 8026
58 8027
58 8028
58 8029
58 8030
58 8031
58 8032
58 8033
58 8034
58 8035
58 8036
58 8037
58 8038
58 8039
58 8040
58 8041
58 8042
58 8043
58 8044
58 8045
58 8046
58 8047
58 8048
58 8050
58 8051
58 8052
58 8053
58 8054
58 8055
58 8056
58 8057
58 8058
58 8059
58 8060
58 8061
58 8062
58 8063
58 8064
58 8065
58 8066
58 8067
58 8068
58 8069
58 8070
58 8071
58 8072
58 8073
58 8074
58 8075
58 8076
58 8077
58 8078
58 8079
58 8080
58 8081
58 8082
58 8083
58 8084
58 8085
58 8086
58 8087
58 8088
58 8089
58 8090
58 8091
58 8092
58 8093
58 8094
58 8095
58 8096
58 8097
58 8098
58 8099
58 8100
58 8101
58 8138
58 8139
58 8140
58 8141
58 8142
58 8143
58 8144
58 8145
58 8146
58 8147
58 8148
58 8149
58 8150
58 8151
58 8152
58 8153
58 8154
58 8155
58 8156
58 8157
58 8158
58 8159
58 8160
58 8161
58 8162
58 8163
58 8164
58 8165
58 8166
58 8167
58 8168
58 8169
58 8170
58 8171
58 8172
58 8173
58 8174
58 8175
58 8176
58 8177
58 8178
58 8179
58 8180
58 8181
58 8182
58 8183
58 8184
58 8185
58 8186
58 8187
58 8188
58 8189
58 8190
58 8191
58 8192
58 8193
58 8194
58 8195
58 8196
58 8197
58 8198
58 8199
58 8200
58 8201
58 8202
58 8203
58 8204
58 8205
58 8206
58 8207
58 8208
58 8209
58 8210
58 8211
58 8212
58 8213
58 8214
58 8215
58 8216
58 8217
58 8218
58 8219
58 8220
58 8221
58 8222
58 8223
58 8224
58 8225
58 8226
58 8227
58 8228
58 8229
58 8230
58 8232
58 8233
58 8234
58 8235
58 8236
58 8237
58 8238
58 8239
58 8240
58 8241
58 8242
58 8243
58 8244
58 8245
58 8246
58 8247
58 8248
58 8249
58 8250
58 8251
58 8252
58 8253
58 8254
58 8255
58 8256
58 8257
58 8258
58 8259
58 8260
58 8261
58 8262
58 8263
58 8264
58 8265
58 8266
58 8267
58 8268
58 8269
58 8270
58 8271
58 8272
58 8273
58 8274
58 8275
58 8276
58 8277
58 8278
58 8279
58 8280
58 8281
58 8282
58 8283
58 8284
58 8285
58 8286
58 8287
58 8288
58 8289
58 8290
58 8291
58 8292
58 8293
58 8294
58 8295
58 8296
58 8297
58 8298
58 8299
58 8300
58 8301
58 8302
58 8303
58 8304
58 8305
58 8306
58 8307
58 8308
58 8309
58 8310
58 8311
58 8312
58 8313
58 8314
58 8315
58 8316
58 8317
58 8318
58 8319
58 8320
58 8321
58 8322
58 8323
58 8324
58 8325
58 8326
58 8327
58 8328
58 8329
58 8330
58 8331
58 8332
58 8333
58 8334
58 8335
58 8336
58 8337
58 8338
58 8339
58 8340
58 8341
58 8342
58 8343
58 8344
58 8345
58 8346
58 8347
58 8348
58 8349
58 8350
58 8351
58 8352
58 8353
58 8354
58 8355
58 8356
58 8357
58 8358
58 8360
58 8361
58 8362
58 8363
58 8364
58 8365
58 8366
58 8367
58 8368
58 8369
58 8370
58 8371
58 8372
58 8373
58 8374
58 8375
58 8376
58 8377
58 8378
58 8379
58 8380
58 8381
58 8382
58 8383
58 8384
58 8386
58 8387
58 8388
58 8389
58 8390
58 8391
58 8392
58 8393
58 8394
58 8395
58 8396
58 8397
58 8398
58 8399
58 8400
58 8401
58 8402
58 8403
58 8404
58 8405
58 8406
58 8407
58 8408
58 8409
58 8410
58 8411
58 8412
58 8413
58 8414
58 8415
58 8416
58 8417
58 8418
58 8419
58 8420
58 8421
58 8422
58 8423
58 8424
58 8425
58 8426
58 8427
58 8428
58 8429
58 8430
58 8431
58 8432
58 8433
58 8434
58 8435
58 8436
58 8437
58 8438
58 8439
58 8440
58 8441
58 8442
58 8443
58 8444
58 8445
58 8446
58 8447
58 8448
58 8449
58 8450
58 8451
58 8452
58 8453
58 8454
58 8455
58 8456
58 8457
58 8458
58 8459
58 8460
58 8461
58 8462
58 8463
58 8464
58 8465
58 8466
58 8467
58 8468
58 8469
58 8470
58 8471
58 8472
58 8473
58 8474
58 8475
58 8476
58 8477
58 8478
58 8479
58 8480
58 8481
58 8482
58 8483
58 8484
58 8485
58 8486
58 8487
58 8488
58 8489
58 8490
58 8491
58 8492
58 8493
58 8494
58 8495
58 8496
58 8497
58 8498
58 8499
58 8500
58 8501
58 8502
58 8503
58 8504
58 8505
58 8506
58 8507
58 8508
58 8509
58 8510
58 8511
58 8512
58 8513
58 8514
58 8515
58 8516
58 8517
58 8518
58 8519
58 8520
58 8521
58 8522
58 8523
58 8524
58 8525
58 8526
58 8527
58 8528
58 8529
58 8530
58 8532
58 8533
58 8534
58 8535
58 8536
58 8537
58 8538
58 8539
58 8540
58 8541
58 8542
58 8543
58 8544
58 8545
58 8546
58 8547
58 8548
58 8549
58 8550
58 8551
58 8552
58 8553
58 8554
58 8555
58 8556
58 8557
58 8558
58 8559
58 8560
58 8561
58 8562
58 8563
58 8564
58 8565
58 8566
58 8567
58 8568
58 8569
58 8570
58 8571
58 8572
58 8574
58 8575
58 8576
58 8577
58 8579
58 8581
58 8582
58 8583
58 8584
58 8585
58 8586
58 8587
58 8588
58 8589
58 8590
58 8591
58 8592
58 8593
58 8594
58 8595
58 8596
58 8597
58 8599
58 8600
58 8601
58 8602
58 8603
58 8604
58 8605
58 8606
58 8607
58 8608
58 8609
58 8610
58 8611
58 8612
58 8613
58 8614
58 8615
58 8616
58 8617
58 8618
58 8619
58 8620
58 8621
58 8622
58 8623
58 8708
58 8709
58 8710
58 8711
58 8712
58 8713
58 8714
58 8715
58 8716
58 8717
58 8718
58 8719
58 8720
58 8721
58 8722
58 8723
58 8724
58 8725
58 8726
58 8727
58 8728
58 8729
58 8730
58 8731
58 8732
58 8733
58 8734
58 8735
58 8736
58 8737
58 8738
58 8739
58 8740
58 8741
58 8742
58 8743
58 8744
58 8745
58 8746
58 8747
58 8748
58 8749
58 8750
58 8751
58 8752
58 8753
58 8754
58 8755
58 8756
58 8757
58 8758
58 8759
58 8760
58 8761
58 8762
58 8763
58 8764
58 8765
58 8766
58 8767
58 8768
58 8769
58 8770
58 8771
58 8772
58 8773
58 8774
58 8775
58 8776
58 8777
58 8778
58 8779
58 8780
58 8781
58 8782
58 8783
58 8784
58 8785
58 8786
58 8787
58 8788
58 8789
58 8790
58 8791
58 8792
58 8793
58 8794
58 8795
58 8796
58 8797
58 8798
58 8799
58 8800
58 8801
58 8802
58 8803
58 8804
58 8805
58 8806
58 8807
58 8808
58 8809
58 8810
58 8811
58 8812
58 8813
58 8814
58 8815
58 8816
58 8817
58 8818
58 8819
58 8820
58 8821
58 8822
58 8823
58 8824
58 8831
58 8832
58 8833
58 8834
58 8835
58 8836
58 8837
58 8838
58 8839
58 8840
58 8841
58 8842
58 8843
58 8844
58 8845
58 8846
58 8847
58 8848
58 8849
58 8850
58 8851
58 8852
58 8854
58 8855
58 8856
58 8857
58 8858
58 8859
58 8860
58 8861
58 8862
58 8863
58 8864
58 8865
58 8866
58 8867
58 8868
58 8869
58 8870
58 8871
58 8872
58 8873
58 8874
58 8875
58 8876
58 8877
58 8878
58 8879
58 8880
58 8881
58 8882
58 8883
58 8884
58 8885
58 8886
58 8887
58 8888
58 8889
58 8890
58 8891
58 8892
58 8893
58 8894
58 8895
58 8896
58 8897
58 8898
58 8899
58 8900
58 8901
58 8902
58 8903
58 8904
58 8905
58 8906
58 8907
58 8908
58 8909
58 8910
58 8911
58 8912
58 8913
58 8914
58 8915
58 8916
58 8917
58 8918
58 8919
58 8920
58 8921
58 8922
58 8923
58 8924
58 8925
58 8926
58 8927
58 8928
58 8929
58 8930
58 8931
58 8932
58 8933
58 8934
58 8935
58 8936
58 8937
58 8938
58 8939
58 8940
58 8941
58 8942
58 8943
58 8944
58 8945
58 8946
58 8947
58 8948
58 8949
58 8950
58 8951
58 8952
58 8953
58 8954
58 8955
58 8956
58 8957
58 8958
58 8959
58 8960
58 8961
58 8962
58 8963
58 8964
58 8965
58 8966
58 8967
58 8968
58 8969
58 8970
58 8971
58 8972
58 8973
58 8974
58 8975
58 8976
58 8977
58 8978
58 8979
58 8980
58 8981
58 8982
58 8983
58 8984
58 8985
58 8986
58 8987
58 8988
58 8989
58 8990
58 8991
58 8992
58 8993
58 8994
58 8995
58 8996
58 8997
58 8998
58 8999
58 9000
58 9001
58 9002
58 9003
58 9004
58 9005
58 9006
58 9007
58 9008
58 9009
58 9010
58 9011
58 9012
58 9013
58 9014
58 9015
58 9016
58 9017
58 9018
58 9019
58 9020
58 9021
58 9022
58 9023
58 9024
58 9025
58 9026
58 9027
58 9028
58 9029
58 9030
58 9031
58 9032
58 9033
58 9034
58 9035
58 9036
58 9037
58 9038
58 9061
58 9062
58 9063
58 9064
58 9065
58 9066
58 9067
58 9068
58 9069
58 9070
58 9071
58 9072
58 9073
58 9074
58 9075
58 9076
58 9077
58 9078
58 9079
58 9080
58 9081
58 9082
58 9084
58 9085
58 9086
58 9087
58 9088
58 9089
58 9090
58 9091
58 9092
58 9093
58 9094
58 9095
58 9096
58 9097
58 9099
58 9100
58 9102
58 9103
58 9104
58 9105
58 9106
58 9107
58 9108
58 9109
58 9110
58 9111
58 9112
58 9113
58 9115
58 9116
58 9117
58 9118
58 9119
58 9126
58 9127
58 9128
58 9129
58 9130
58 9131
58 9132
58 9133
58 9135
58 9136
58 9137
58 9138
58 9139
58 9140
58 9141
58 9142
58 9143
58 9144
58 9145
58 9146
58 9147
58 9149
58 9150
58 9151
58 9152
58 9153
58 9155
58 9156
58 9157
58 9158
58 9159
58 9160
58 9161
58 9162
58 9163
58 9164
58 9165
58 9166
58 9167
58 9168
58 9169
58 9170
58 9171
58 9172
58 9173
58 9174
58 9175
58 9176
58 9177
58 9178
58 9179
58 9180
58 9181
58 9182
58 9183
58 9184
58 9185
58 9186
58 9187
58 9188
58 9189
58 9190
58 9191
58 9192
58 9193
58 9194
58 9195
58 9196
58 9197
58 9198
58 9199
58 9200
58 9201
58 9202
58 9203
58 9204
58 9205
58 9206
58 9207
58 9208
58 9209
58 9210
58 9211
58 9212
58 9213
58 9214
58 9215
58 9216
58 9217
58 9218
58 9219
58 9220
58 9221
58 9222
58 9223
58 9224
58 9225
58 9226
58 9227
58 9228
58 9229
58 9230
58 9231
58 9232
58 9233
58 9234
58 9235
58 9236
58 9237
58 9238
58 9239
58 9240
58 9241
58 9242
58 9243
58 9244
58 9245
58 9246
58 9247
58 9248
58 9249
58 9250
58 9251
58 9252
58 9253
58 9254
58 9255
58 9256
58 9257
58 9258
58 9259
58 9260
58 9261
58 9262
58 9263
58 9264
58 9265
58 9266
58 9267
58 9268
58 9269
58 9270
58 9271
58 9272
58 9273
58 9274
58 9275
58 9276
58 9277
58 9278
58 9279
58 9280
58 9281
58 9282
58 9283
58 9284
58 9285
58 9286
58 9287
58 9288
58 9289
58 9290
58 9291
58 9296
58 9297
58 9298
58 9299
58 9300
58 9301
58 9302
58 9303
58 9304
58 9305
58 9306
58 9307
58 9308
58 9310
58 9311
58 9312
58 9313
58 9314
58 9315
58 9316
58 9317
58 9318
58 9319
58 9320
58 9321
58 9322
58 9323
58 9324
58 9325
58 9326
58 9327
58 9328
58 9329
58 9330
58 9331
58 9332
58 9333
58 9334
58 9335
58 9336
58 9337
58 9338
58 9339
58 9348
58 9349
58 9350
58 9352
58 9353
58 9354
58 9355
58 9356
58 9357
58 9358
58 9359
58 9360
58 9361
58 9362
58 9363
58 9364
58 9365
58 9366
58 9367
58 9368
58 9369
58 9370
58 9371
58 9372
58 9373
58 9374
58 9375
58 9376
58 9377
58 9378
58 9379
58 9380
58 9381
58 9382
58 9383
58 9384
58 9385
58 9386
58 9387
58 9388
58 9389
58 9390
58 9391
58 9392
58 9393
58 9394
58 9395
58 9396
58 9397
58 9398
58 9399
58 9400
58 9401
58 9402
58 9403
58 9404
58 9405
58 9406
58 9407
58 9408
58 9409
58 9410
58 9411
58 9412
58 9413
58 9414
58 9415
58 9416
58 9417
58 9418
58 9419
58 9420
58 9421
58 9422
58 9423
58 9424
58 9425
58 9426
58 9427
58 9428
58 9429
58 9430
58 9431
58 9432
58 9433
58 9434
58 9435
58 9436
58 9437
58 9438
58 9439
58 9440
58 9441
58 9442
58 9443
58 9444
58 9445
58 9446
58 9447
58 9448
58 9449
58 9450
58 9451
58 9452
58 9453
58 9454
58 9455
58 9456
58 9457
58 9458
58 9459
58 9460
58 9461
58 9462
58 9463
58 9464
58 9465
58 9466
58 9467
58 9468
58 9469
58 9470
58 9471
58 9472
58 9473
58 9474
58 9475
58 9476
58 9477
58 9478
58 9479
58 9480
58 9481
58 9482
58 9483
58 9484
58 9485
58 9486
58 9487
58 9488
58 9489
58 9490
58 9491
58 9492
58 9493
58 9494
58 9495
58 9496
58 9497
58 9498
58 9499
58 9500
58 9501
58 9502
58 9503
58 9504
58 9505
58 9506
58 9507
58 9508
58 9509
58 9510
58 9511
58 9512
58 9513
58 9514
58 9515
58 9516
58 9517
58 9518
58 9519
58 9520
58 9521
58 9522
58 9523
58 9524
58 9525
58 9526
58 9527
58 9528
58 9529
58 9530
58 9531
58 9532
58 9533
58 9534
58 9535
58 9536
58 9537
58 9538
58 9539
58 9540
58 9541
58 9542
58 9543
58 9544
58 9545
58 9546
58 9547
58 9548
58 9549
58 9550
58 9551
58 9552
58 9553
58 9554
58 9555
58 9556
58 9557
58 9558
58 9559
58 9560
58 9561
58 9562
58 9563
58 9564
58 9565
58 9566
58 9567
58 9568
58 9569
58 9570
58 9571
58 9572
58 9573
58 9574
58 9575
58 9576
58 9577
58 9578
58 9579
58 9580
58 9581
58 9582
58 9583
58 9584
58 9585
58 9586
58 9587
58 9588
58 9589
58 9590
58 9591
58 9592
58 9593
58 9594
58 9595
58 9596
58 9597
58 9598
58 9599
58 9600
58 9601
58 9602
58 9603
58 9604
58 9605
58 9606
58 9607
58 9608
58 9609
58 9610
58 9611
58 9612
58 9613
58 9614
58 9615
58 9616
58 9617
58 9618
58 9619
58 9620
58 9621
58 9622
58 9623
58 9624
58 9625
58 9626
58 9627
58 9628
58 9629
58 9630
58 9631
58 9632
58 9633
58 9634
58 9635
58 9636
58 9637
58 9638
58 9639
58 9640
58 9641
58 9642
58 9643
58 9644
58 9645
58 9646
58 9647
58 9648
58 9649
58 9650
58 9651
58 9652
58 9653
58 9654
58 9655
58 9656
58 9657
58 9658
58 9659
58 9660
58 9661
58 9662
58 9663
58 9664
58 9665
58 9666
58 9667
58 9668
58 9669
58 9670
58 9671
58 9672
58 9673
58 9674
58 9675
58 9676
58 9677
58 9678
58 9679
58 9680
58 9681
58 9682
58 9683
58 9684
58 9685
58 9686
58 9687
58 9688
58 9689
58 9690
58 9691
58 9692
58 9693
58 9694
58 9695
58 9696
58 9697
58 9698
58 9699
58 9700
58 9701
58 9702
58 9703
58 9704
58 9705
58 9706
58 9707
58 9708
58 9709
58 9710
58 9711
58 9712
58 9713
58 9714
58 9715
58 9716
58 9717
58 9718
58 9719
58 9720
58 9721
58 9722
58 9723
58 9724
58 9725
58 9726
58 9727
58 9728
58 9729
58 9730
58 9731
58 9732
58 9733
58 9734
58 9735
58 9736
58 9737
58 9738
58 9739
58 9740
58 9741
58 9742
58 9743
58 9744
58 9745
58 9746
58 9747
58 9748
58 9749
58 9750
58 9751
58 9752
58 9753
58 9754
58 9755
58 9756
58 9757
58 9758
58 9759
58 9760
58 9761
58 9762
58 9763
58 9764
58 9765
58 9766
58 9767
58 9768
58 9769
58 9770
58 9771
58 9772
58 9773
58 9774
58 9775
58 9776
58 9777
58 9778
58 9779
58 9780
58 9781
58 9782
58 9783
58 9784
58 9785
58 9786
58 9787
58 9788
58 9789
58 9790
58 9791
58 9792
58 9793
58 9794
58 9795
58 9796
58 9797
58 9798
58 9799
58 9800
58 9801
58 9802
58 9803
58 9804
58 9805
58 9806
58 9807
58 9808
58 9809
58 9810
58 9811
58 9812
58 9813
58 9814
58 9815
58 9816
58 9817
58 9818
58 9819
58 9820
58 9821
58 9822
58 9823
58 9824
58 9825
58 9826
58 9827
58 9828
58 9829
58 9830
58 9831
58 9832
58 9833
58 9834
58 9835
58 9836
58 9837
58 9838
58 9839
58 9840
58 9841
58 9842
58 9843
58 9844
58 9845
58 9846
58 9847
58 9848
58 9849
58 9850
58 9851
58 9852
58 9853
58 9854
58 9855
58 9856
58 9857
58 9858
58 9859
58 9860
58 9861
58 9862
58 9863
58 9864
58 9865
58 9866
58 9867
58 9868
58 9869
58 9870
58 9871
58 9872
58 9873
58 9874
58 9875
58 9876
58 9877
58 9878
58 9879
58 9880
58 9911
58 9912
58 9913
58 9914
58 9915
58 9916
58 9917
58 9918
58 9919
58 9920
58 9921
58 9922
58 9923
58 9924
58 9925
58 9926
58 9927
58 9928
58 9929
58 9930
58 9931
58 9932
58 9933
58 9934
58 9935
58 9936
58 9937
58 9938
58 9939
58 9940
58 9941
58 9942
58 9943
58 9944
58 9945
58 9946
58 9947
58 9948
58 9949
58 9950
58 9951
58 9952
58 9953
58 9954
58 9955
58 9956
58 9957
58 9959
58 9960
58 9961
58 9962
58 9963
58 9964
58 9965
58 9966
58 9967
58 9968
58 9969
58 9970
58 9971
58 9972
58 9973
58 9974
58 9975
58 9976
58 9977
58 9978
58 9979
58 9980
58 9981
58 9982
58 9983
58 9984
58 9985
58 9986
58 9987
58 9988
58 9989
58 9990
58 9991
58 9992
58 9993
58 9994
58 9995
58 9996
58 9997
58 9998
58 9999
58 10000
58 10001
58 10003
58 10004
58 10005
58 10006
58 10007
58 10008
58 10009
58 10010
58 10011
58 10012
58 10013
58 10014
58 10015
58 10016
58 10018
58 10019
58 10020
58 10021
58 10022
58 10024
58 10025
58 10026
58 10027
58 10028
58 10029
58 10030
58 10032
58 10033
58 10034
58 10035
58 10037
58 10038
58 10039
58 10040
58 10041
58 10042
58 10044
58 10045
58 10046
58 10047
58 10048
58 10049
58 10051
58 10052
58 10053
58 10054
58 10055
58 10057
58 10058
58 10059
58 10060
58 10061
58 10062
58 10063
58 10064
58 10065
58 10066
58 10067
58 10068
58 10069
58 10070
58 10072
58 10073
58 10074
58 10075
58 10076
58 10077
58 10079
58 10080
58 10081
58 10082
58 10083
58 10085
58 10086
58 10087
58 10088
58 10089
58 10091
58 10092
58 10093
58 10094
58 10095
58 10097
58 10098
58 10099
58 10100
58 10102
58 10103
58 10104
58 10105
58 10106
58 10108
58 10109
58 10110
58 10111
58 10113
58 10114
58 10115
58 10116
58 10117
58 10118
58 10120
58 10121
58 10122
58 10123
58 10124
58 10125
58 10127
58 10128
58 10129
58 10130
58 10132
58 10133
58 10134
58 10135
58 10136
58 10137
58 10138
58 10139
58 10140
58 10141
58 10142
58 10143
58 10144
58 10145
58 10146
58 10147
58 10148
58 10149
58 10150
58 10151
58 10152
58 10153
58 10154
58 10155
58 10156
58 10157
58 10158
58 10159
58 10160
58 10161
58 10162
58 10163
58 10164
58 10165
58 10166
58 10167
58 10168
58 10169
58 10245
58 10246
58 10247
58 10248
58 10249
58 10250
58 10251
58 10252
58 10253
58 10254
58 10255
58 10256
58 10257
58 10258
58 10259
58 10260
58 10261
58 10262
58 10263
58 10264
58 10265
58 10266
58 10267
58 10268
58 10269
58 10270
58 10271
58 10272
58 10273
58 10274
58 10275
58 10276
58 10277
58 10278
58 10279
58 10280
58 10281
58 10282
58 10283
58 10284
58 10285
58 10286
58 10287
58 10288
58 10289
58 10290
58 10291
58 10292
58 10293
58 10294
58 10295
58 10296
58 10297
58 10298
58 10299
58 10300
58 10301
58 10302
58 10303
58 10304
58 10305
58 10306
58 10307
58 10308
58 10309
58 10310
58 10311
58 10312
58 10313
58 10314
58 10315
58 10316
58 10317
58 10318
58 10319
58 10320
58 10321
58 10322
58 10323
58 10324
58 10325
58 10326
58 10327
58 10328
58 10329
58 10330
58 10338
58 10339
58 10340
58 10341
58 10342
58 10343
58 10344
58 10345
58 10346
58 10347
58 10348
58 10349
58 10350
58 10351
58 10352
58 10354
58 10355
58 10356
58 10357
58 10358
58 10360
58 10361
58 10362
58 10363
58 10364
58 10366
58 10367
58 10368
58 10369
58 10371
58 10372
58 10373
58 10374
58 10375
58 10376
58 10378
58 10379
58 10380
58 10381
58 10382
58 10383
58 10384
58 10385
58 10386
58 10387
58 10388
58 10389
58 10390
58 10391
58 10392
58 10393
58 10394
58 10395
58 10396
58 10397
58 10398
58 10399
58 10400
58 10401
58 10402
58 10403
58 10404
58 10405
58 10406
58 10407
58 10408
58 10409
58 10410
58 10411
58 10412
58 10413
58 10414
58 10415
58 10416
58 10417
58 10418
58 10419
58 10420
58 10421
58 10422
58 10423
58 10424
58 10425
58 10426
58 10427
58 10428
58 10429
58 10430
58 10431
58 10432
58 10433
58 10434
58 10435
58 10436
58 10437
58 10438
58 10439
58 10440
58 10441
58 10442
58 10444
58 10445
58 10446
58 10447
58 10448
58 10449
58 10499
58 10500
58 10501
58 10502
58 10503
58 10504
58 10505
58 10506
58 10507
58 10508
58 10509
58 10510
58 10511
58 10512
58 10513
58 10514
58 10515
58 10516
58 10517
58 10518
58 10519
58 10520
58 10521
58 10522
58 10523
58 10524
58 10525
58 10526
58 10527
58 10528
58 10529
58 10530
58 10531
58 10532
58 10533
58 10534
58 10535
58 10536
58 10537
58 10538
58 10539
58 10540
58 10541
58 10542
58 10543
58 10544
58 10545
58 10546
58 10547
58 10548
58 10549
58 10550
58 10551
58 10552
58 10553
58 10554
58 10555
58 10556
58 10557
58 10558
58 10559
58 10560
58 10561
58 10562
58 10563
58 10564
58 10565
58 10566
58 10567
58 10568
58 10569
58 10570
58 10571
58 10572
58 10573
58 10574
58 10575
58 10576
58 10577
58 10578
58 10579
58 10580
58 10581
58 10582
58 10583
58 10584
58 10585
58 10586
58 10587
58 10588
58 10589
58 10590
58 10591
58 10592
58 10593
58 10594
58 10595
58 10596
58 10597
58 10598
58 10599
58 10600
58 10601
58 10602
58 10604
58 10605
58 10606
58 10607
58 10608
58 10609
58 10610
58 10611
58 10612
58 10613
58 10614
58 10615
58 10616
58 10617
58 10618
58 10619
58 10620
58 10621
58 10622
58 10623
58 10624
58 10625
58 10626
58 10627
58 10628
58 10629
58 10630
58 10631
58 10632
58 10633
58 10634
58 10635
58 10636
58 10637
58 10638
58 10639
58 10640
58 10641
58 10642
58 10643
58 10644
58 10645
58 10646
58 10647
58 10648
58 10649
58 10650
58 10651
58 10652
58 10653
58 10654
58 10655
58 10656
58 10657
58 10658
58 10659
58 10660
58 10661
58 10662
58 10663
58 10665
58 10666
58 10667
58 10668
58 10669
58 10670
58 10671
58 10672
58 10673
58 10674
58 10675
58 10676
58 10677
58 10678
58 10679
58 10680
58 10682
58 10683
58 10684
58 10685
58 10687
58 10688
58 10689
58 10691
58 10692
58 10841
58 10842
58 10843
58 10844
58 10845
58 10846
58 10847
58 10848
58 10849
58 10850
58 10851
58 10852
58 10853
58 10854
58 10856
58 10857
58 10870
58 10875
58 10886
58 10887
58 10888
58 10889
58 10890
58 10891
58 10893
58 10894
58 10895
58 10896
58 10897
58 10898
58 10899
58 10900
58 10901
58 10902
58 10903
58 10904
58 10905
58 10906
58 10907
58 10908
58 10909
58 10910
58 10911
58 10912
58 10913
58 10914
58 10915
58 10916
58 10917
58 10941
58 10942
58 10943
58 10944
58 10945
58 10946
58 10947
58 10948
58 10949
58 10950
58 10951
58 10952
58 10953
58 10954
58 10955
58 10956
58 10957
58 10958
58 10959
58 10960
58 10961
58 10962
58 10963
58 10964
58 10968
58 10969
58 10970
58 10971
58 10972
58 10973
58 10974
58 10975
58 10976
58 10977
58 10978
58 10979
58 10980
58 10981
58 10982
58 10983
58 10984
58 10985
58 10986
58 10987
58 10988
58 11077
58 11078
58 11079
58 11080
58 11081
58 11082
58 11083
58 11084
58 11085
58 11086
58 11087
58 11088
58 11089
58 11090
58 11091
58 11092
58 11093
58 11094
58 11096
58 11098
58 11100
58 11101
58 11102
58 11103
58 11104
58 11105
58 11106
58 11107
58 11108
58 11109
58 11110
58 11111
58 11112
58 11113
58 11114
58 11115
58 11116
58 11117
58 11118
58 11119
58 11120
58 11121
58 11122
58 11123
58 11124
58 11125
58 11127
58 11128
58 11129
58 11131
58 11132
58 11133
58 11134
58 11135
58 11136
58 11137
58 11139
58 11140
58 11141
58 11143
58 11144
58 11145
58 11146
58 11148
58 11149
58 11150
58 11152
58 11153
58 11154
58 11156
58 11157
58 11158
58 11160
58 11161
58 11162
58 11164
58 11165
58 11166
58 11168
58 11169
58 11170
58 11171
58 11173
58 11174
58 11175
58 11177
58 11178
58 11179
58 11180
58 11181
58 11183
58 11184
58 11185
58 11187
58 11188
58 11189
58 11191
58 11192
58 11194
58 11195
58 11196
58 11198
58 11199
58 11200
58 11202
58 11203
58 11204
58 11206
58 11207
58 11208
58 11209
58 11210
58 11211
58 11212
58 11214
58 11215
58 11216
58 11217
58 11218
58 11220
58 11221
58 11222
58 11223
58 11224
58 11225
58 11226
58 11227
58 11228
58 11229
58 11230
58 11231
58 11232
58 11233
58 11234
58 11235
58 11237
58 11238
58 11239
58 11240
58 11241
58 11242
58 11244
58 11245
58 11247
58 11248
58 11249
58 11251
58 11252
58 11254
58 11255
58 11256
58 11257
58 11259
58 11260
58 11261
58 11263
58 11264
58 11265
58 11266
58 11268
58 11269
58 11270
58 11271
58 11273
58 11274
58 11275
58 11276
58 11278
58 11279
58 11280
58 11281
58 11283
58 11284
58 11285
58 11286
58 11287
58 11288
58 11289
58 11291
58 11292
58 11294
58 11295
58 11296
58 11298
58 11299
58 11300
58 11301
58 11302
58 11303
58 11304
58 11305
58 11306
58 11307
58 11308
58 11309
58 11311
58 11312
58 11313
58 11315
58 11316
58 11317
58 11319
58 11320
58 11321
58 11322
58 11324
58 11325
58 11326
58 11328
58 11329
58 11330
58 11332
58 11333
58 11334
58 11335
58 11337
58 11338
58 11340
58 11341
58 11342
58 11344
58 11345
58 11346
58 11348
58 11349
58 11350
58 11351
58 11352
58 11353
58 11354
58 11355
58 11356
58 11357
58 11358
58 11359
58 11360
58 11361
58 11363
58 11364
58 11365
58 11367
58 11368
58 11369
58 11370
58 11371
58 11373
58 11374
58 11375
58 11376
58 11378
58 11379
58 11408
58 11409
58 11410
58 11411
58 11412
58 11413
58 11414
58 11415
58 11416
58 11417
58 11418
58 11419
58 11420
58 11421
58 11422
58 11423
58 11425
58 11426
58 11427
58 11428
58 11429
58 11430
58 11431
58 11432
58 11433
58 11434
58 11435
58 11436
58 11437
58 11438
58 11439
58 11440
58 11441
58 11442
58 11443
58 11444
58 11445
58 11446
58 11447
58 11448
58 11449
58 11450
58 11452
58 11453
58 11454
58 11456
58 11457
58 11458
58 11459
58 11460
58 11461
58 11463
58 11464
58 11465
58 11466
58 11467
58 11468
58 11469
58 11471
58 11472
58 11473
58 11475
58 11476
58 11477
58 11478
58 11479
58 11481
58 11482
58 11483
58 11484
58 11486
58 11487
58 11488
58 11490
58 11491
58 11492
58 11494
58 11495
58 11496
58 11497
58 11499
58 11500
58 11501
58 11502
58 11503
58 11504
58 11505
58 11506
58 11507
58 11508
58 11509
58 11510
58 11511
58 11512
58 11513
58 11514
58 11515
58 11516
58 11517
58 11518
58 11519
58 11520
58 11521
58 11522
58 11523
58 11524
58 11525
58 11526
58 11527
58 11528
58 11529
58 11530
58 11531
58 11532
58 11533
58 11534
58 11535
58 11536
58 11537
58 11538
58 11539
58 11540
58 11541
58 11542
58 11543
58 11544
58 11545
58 11546
58 11547
58 11548
58 11549
58 11550
58 11551
58 11552
58 11553
58 11554
58 11555
58 11556
58 11557
58 11558
58 11559
58 11560
58 11561
58 11562
58 11563
58 11564
58 11565
58 11566
58 11567
58 11568
58 11569
58 11570
58 11571
58 11572
58 11573
58 11574
58 11575
58 11576
58 11577
58 11578
58 11579
58 11580
58 11581
58 11582
58 11583
58 11584
58 11585
58 11586
58 11587
58 11588
58 11589
58 11590
58 11591
58 11592
58 11593
58 11594
58 11595
58 11596
58 11597
58 11598
58 11599
58 11600
58 11601
58 11602
58 11603
58 11604
58 11605
58 11606
58 11607
58 11608
58 11609
58 11610
58 11611
58 11612
58 11613
58 11614
58 11615
58 11616
58 11617
58 11618
58 11619
58 11620
58 11621
58 11622
58 11623
58 11624
58 11625
58 11626
58 11627
58 11628
58 11629
58 11630
58 11631
58 11632
58 11633
58 11634
58 11635
58 11636
58 11637
58 11638
58 11639
58 11640
58 11641
58 11642
58 11643
58 11644
58 11645
58 11646
58 11647
58 11648
58 11649
58 11650
58 11651
58 11652
58 11653
58 11654
58 11655
58 11656
58 11657
58 11658
58 11659
58 11660
58 11661
58 11662
58 11663
58 11664
58 11665
58 11666
58 11667
58 11668
58 11669
58 11670
58 11671
58 11672
58 11673
58 11674
58 11675
58 11676
58 11677
58 11678
58 11679
58 11680
58 11681
58 11682
58 11683
58 11684
58 11685
58 11686
58 11687
58 11688
58 11689
58 11690
58 11691
58 11692
58 11693
58 11694
58 11695
58 11696
58 11697
58 11698
58 11699
58 11700
58 11701
58 11702
58 11703
58 11704
58 11705
58 11706
58 11707
58 11708
58 11709
58 11710
58 11711
58 11712
58 11713
58 11714
58 11715
58 11716
58 11717
58 11718
58 11719
58 11720
58 11721
58 11722
58 11723
58 11724
58 11725
58 11726
58 11727
58 11728
58 11729
58 11730
58 11731
58 11732
58 11733
58 11734
58 11735
58 11736
58 11737
58 11738
58 11739
58 11740
58 11741
58 11742
58 11743
58 11744
58 11745
58 11746
58 11747
58 11748
58 11749
58 11750
58 11751
58 11752
58 11753
58 11754
58 11755
58 11756
58 11757
58 11758
58 11759
58 11760
58 11761
58 11762
58 11763
58 11764
58 11765
58 11766
58 11767
58 11768
58 11769
58 11770
58 11771
58 11772
58 11773
58 11774
58 11775
58 11776
58 11777
58 11778
58 11779
58 11780
58 11781
58 11782
58 11783
58 11784
58 11785
58 11786
58 11787
58 11788
58 11789
58 11790
58 11791
58 11792
58 11793
58 11794
58 11795
58 11796
58 11797
58 11798
58 11799
58 11800
58 11801
58 11802
58 11803
58 11804
58 11805
58 11806
58 11807
58 11808
58 11809
58 11810
58 11811
58 11812
58 11813
58 11814
58 11815
58 11816
58 11817
58 11818
58 11819
58 11820
58 11821
58 11822
58 11823
58 11824
58 11825
58 11826
58 11827
58 11828
58 11829
58 11830
58 11831
58 11832
58 11833
58 11834
58 11835
58 11836
58 11837
58 11838
58 11839
58 11840
58 11841
58 11842
58 11843
58 11844
58 11845
58 11846
58 11847
58 11848
58 11849
58 11850
58 11851
58 11852
58 11853
58 11854
58 11855
58 11856
58 11857
58 11858
58 11859
58 11891
58 11892
58 11893
58 11894
58 11895
58 11896
58 11897
58 11898
58 11899
58 11901
58 11902
58 11903
58 11904
58 11905
58 11906
58 11907
58 11908
58 11909
58 11910
58 11911
58 11912
58 11913
58 11914
58 11915
58 11916
58 11917
58 11918
58 11919
58 11920
58 11921
58 11922
58 11923
58 11924
58 11925
58 11926
58 11927
58 11928
58 11929
58 11930
58 11931
58 11932
58 11933
58 11934
58 11935
58 11936
58 11937
58 11938
58 11939
58 11940
58 11941
58 11942
58 11943
58 11944
58 11945
58 11946
58 11947
58 11948
58 11949
58 11950
58 11951
58 11952
58 11953
58 11954
58 11955
58 11956
58 11957
58 11958
58 11959
58 11960
58 11961
58 11962
58 11963
58 11964
58 11965
58 11966
58 11967
58 11968
58 11969
58 11970
58 11971
58 11972
58 11973
58 11974
58 11975
58 11976
58 11977
58 11978
58 11979
58 11980
58 11981
58 11982
58 11983
58 11984
58 11985
58 11986
58 11987
58 11988
58 11989
58 11990
58 11991
58 11992
58 11993
58 11994
58 11995
58 11996
58 11997
58 11998
58 11999
58 12000
58 12001
58 12002
58 12003
58 12004
58 12005
58 12006
58 12007
58 12008
58 12009
58 12010
58 12011
58 12012
58 12013
58 12014
58 12015
58 12016
58 12017
58 12018
58 12019
58 12020
58 12021
58 12022
58 12023
58 12024
58 12025
58 12026
58 12027
58 12028
58 12029
58 12030
58 12031
58 12032
58 12033
58 12034
58 12035
58 12036
58 12037
58 12038
58 12039
58 12040
58 12041
58 12042
58 12043
58 12044
58 12045
58 12046
58 12047
58 12048
58 12049
58 12050
58 12051
58 12052
58 12053
58 12054
58 12055
58 12056
58 12057
58 12058
58 12059
58 12060
58 12061
58 12062
58 12063
58 12064
58 12065
58 12066
58 12067
58 12068
58 12069
58 12070
58 12071
58 12072
58 12073
58 12074
58 12075
58 12076
58 12077
58 12078
58 12079
58 12080
58 12081
58 12082
58 12083
58 12084
58 12085
58 12086
58 12087
58 12088
58 12089
58 12090
58 12091
58 12092
58 12093
58 12094
58 12095
58 12096
58 12097
58 12098
58 12099
58 12100
58 12101
58 12102
58 12103
58 12104
58 12105
58 12106
58 12107
58 12108
58 12109
58 12110
58 12111
58 12112
58 12113
58 12114
58 12115
58 12116
58 12117
58 12118
58 12119
58 12120
58 12121
58 12122
58 12123
58 12124
58 12125
58 12126
58 12127
58 12128
58 12129
58 12130
58 12131
58 12132
58 12133
58 12134
58 12135
58 12136
58 12137
58 12138
58 12139
58 12140
58 12141
58 12142
58 12143
58 12144
58 12145
58 12146
58 12147
58 12148
58 12149
58 12150
58 12151
58 12152
58 12153
58 12154
58 12155
58 12156
58 12157
58 12158
58 12159
58 12160
58 12161
58 12162
58 12163
58 12164
58 12165
58 12166
58 12167
58 12168
58 12169
58 12170
58 12171
58 12172
58 12173
58 12174
58 12175
58 12176
58 12177
58 12178
58 12179
58 12180
58 12181
58 12182
58 12183
58 12184
58 12185
58 12186
58 12187
58 12188
58 12189
58 12190
58 12191
58 12192
58 12193
58 12194
58 12195
58 12196
58 12197
58 12198
58 12199
58 12200
58 12201
58 12202
58 12203
58 12204
58 12205
58 12206
58 12207
58 12208
58 12209
58 12210
58 12211
58 12212
58 12213
58 12214
58 12215
58 12216
58 12217
58 12218
58 12219
58 12220
58 12221
58 12222
58 12223
58 12224
58 12225
58 12226
58 12227
58 12228
58 12229
58 12230
58 12231
58 12232
58 12233
58 12234
58 12235
58 12236
58 12237
58 12238
58 12239
58 12240
58 12241
58 12242
58 12243
58 12244
58 12245
58 12246
58 12247
58 12248
58 12249
58 12250
58 12251
58 12252
58 12253
58 12254
58 12255
58 12256
58 12257
58 12258
58 12259
58 12260
58 12261
58 12262
58 12263
58 12264
58 12265
58 12266
58 12267
58 12268
58 12269
58 12270
58 12271
58 12272
58 12273
58 12274
58 12275
58 12276
58 12277
58 12278
58 12279
58 12280
58 12281
58 12282
58 12283
58 12284
58 12285
58 12286
58 12287
58 12288
58 12289
58 12290
58 12291
58 12292
58 12293
58 12294
58 12295
58 12296
58 12297
58 12298
58 12299
58 12300
58 12301
58 12302
58 12303
58 12304
58 12305
58 12306
58 12307
58 12308
58 12309
58 12310
58 12311
58 12312
58 12313
58 12314
58 12315
58 12316
58 12317
58 12318
58 12319
58 12320
58 12321
58 12322
58 12323
58 12324
58 12325
58 12326
58 12327
58 12328
58 12329
58 12330
58 12331
58 12332
58 12333
58 12334
58 12335
58 12336
58 12337
58 12338
58 12339
58 12340
58 12341
58 12342
58 12343
58 12344
58 12345
58 12388
58 12389
58 12390
58 12391
58 12392
58 12393
58 12394
58 12395
58 12396
58 12397
58 12398
58 12399
58 12400
58 12401
58 12402
58 12403
58 12404
58 12405
58 12406
58 12407
58 12408
58 12409
58 12410
58 12411
58 12412
58 12413
58 12414
58 12415
58 12416
58 12417
58 12418
58 12419
58 12420
58 12421
58 12422
58 12423
58 12424
58 12425
58 12426
58 12427
58 12428
58 12429
58 12430
58 12431
58 12432
58 12433
58 12434
58 12435
58 12436
58 12437
58 12438
58 12439
58 12440
58 12441
58 12442
58 12443
58 12444
58 12445
58 12446
58 12447
58 12448
58 12449
58 12451
58 12452
58 12453
58 12454
58 12455
58 12456
58 12457
58 12458
58 12459
58 12460
58 12461
58 12462
58 12463
58 12464
58 12465
58 12466
58 12467
58 12468
58 12469
58 12470
58 12471
58 12472
58 12473
58 12474
58 12475
58 12476
58 12477
58 12478
58 12479
58 12480
58 12481
58 12482
58 12483
58 12484
58 12485
58 12487
58 12488
58 12489
58 12490
58 12491
58 12492
58 12493
58 12494
58 12495
58 12496
58 12497
58 12498
58 12499
58 12500
58 12501
58 12502
58 12503
58 12504
58 12505
58 12506
58 12507
58 12508
58 12509
58 12510
58 12511
58 12512
58 12513
58 12514
58 12515
58 12516
58 12517
58 12518
58 12519
58 12520
58 12521
58 12522
58 12523
58 12524
58 12525
58 12527
58 12528
58 12529
58 12530
58 12531
58 12532
58 12533
58 12535
58 12536
58 12537
58 12538
58 12540
58 12541
58 12542
58 12543
58 12544
58 12545
58 12547
58 12594
58 12595
58 12596
58 12597
58 12598
58 12599
58 12600
58 12601
58 12602
58 12603
58 12604
58 12605
58 12606
58 12607
58 12608
58 12609
58 12610
58 12611
58 12612
58 12613
58 12614
58 12615
58 12616
58 12619
58 12620
58 12621
58 12623
58 12624
58 12625
58 12626
58 12627
58 12628
58 12630
58 12631
58 12632
58 12633
58 12634
58 12635
58 12636
58 12637
58 12641
58 12643
58 12653
58 12654
58 12659
58 12660
58 12661
58 12662
58 12663
58 12664
58 12665
58 12666
58 12667
58 12668
58 12669
58 12671
58 12672
58 12673
58 12674
58 12675
58 12676
58 12677
58 12678
58 12679
58 12680
58 12681
58 12682
58 12683
58 12684
58 12685
58 12686
58 12687
58 12688
58 12689
58 12690
58 12691
58 12692
58 12693
58 12694
58 12695
58 12696
58 12697
58 12698
58 12699
58 12700
58 12701
58 12702
58 12703
58 12704
58 12705
58 12706
58 12707
58 12708
58 12709
58 12710
58 12711
58 12712
58 12713
58 12714
58 12715
58 12716
58 12717
58 12718
58 12719
58 12720
58 12721
58 12722
58 12723
58 12724
58 12725
58 12726
58 12727
58 12728
58 12729
58 12730
58 12731
58 12732
58 12733
58 12734
58 12735
58 12736
58 12737
58 12738
58 12739
58 12740
58 12741
58 12742
58 12743
58 12744
58 12745
58 12746
58 12747
58 12748
58 12749
58 12750
58 12751
58 12752
58 12753
58 12754
58 12755
58 12756
58 12757
58 12758
58 12759
58 12760
58 12761
58 12762
58 12763
58 12764
58 12765
58 12766
58 12767
58 12768
58 12769
58 12770
58 12771
58 12772
58 12773
58 12774
58 12775
58 12776
58 12777
58 12778
58 12779
58 12780
58 12781
58 12782
58 12783
58 12784
58 12785
58 12786
58 12787
58 12788
58 12799
58 12801
58 12802
58 12803
58 12804
58 12805
58 12806
58 12808
58 12809
58 12810
58 12814
58 12815
58 12816
58 12817
58 12818
58 12819
58 12820
58 12821
58 12822
58 12823
58 12824
58 12825
58 12826
58 12832
58 12833
58 12834
58 12835
58 12836
58 12837
58 12838
58 12840
58 12841
58 12842
58 12845
58 12846
58 12847
58 12848
58 12849
58 12850
58 12851
58 12852
58 12853
58 12854
58 12855
58 12856
58 12857
58 12858
58 12859
58 12860
58 12861
58 12862
58 12863
58 12864
58 12865
58 12866
58 12867
58 12868
58 12869
58 12870
58 12871
58 12872
58 12873
58 12874
58 12875
58 12876
58 12877
58 12878
58 12879
58 12880
58 12882
58 12883
58 12884
58 12885
58 12886
58 12887
58 12888
58 12889
58 12890
58 12891
58 12892
58 12893
58 12894
58 12895
58 12897
58 12898
58 12899
58 12900
58 12901
58 12902
58 12903
58 12904
58 12905
58 12906
58 12907
58 12908
58 12909
58 12910
58 12911
58 12912
58 12913
58 12914
58 12915
58 12916
58 12917
58 12918
58 12919
58 12920
58 12921
58 12922
58 12923
58 12924
58 12925
58 12926
58 12927
58 12928
58 12929
58 12930
58 12931
58 12932
58 12933
58 12934
58 12935
58 12936
58 12937
58 12938
58 12939
58 12940
58 12941
58 12942
58 12943
58 12944
58 12945
58 12946
58 12947
58 12948
58 12949
58 12963
58 12964
58 12965
58 12966
58 12967
58 12968
58 12969
58 12970
58 12971
58 12972
58 12973
58 12974
58 12975
58 12976
58 12977
58 12979
58 12980
58 12981
58 12982
58 12983
58 12984
58 12985
58 12986
58 12987
58 12988
58 12989
58 12990
58 12991
58 12992
58 12993
58 12994
58 12995
58 12996
58 12997
58 12998
58 12999
58 13000
58 13001
58 13002
58 13003
58 13004
58 13005
58 13006
58 13007
58 13008
58 13009
58 13010
58 13011
58 13012
58 13013
58 13014
58 13015
58 13016
58 13017
58 13018
58 13019
58 13021
58 13022
58 13023
58 13024
58 13025
58 13026
58 13027
58 13028
58 13029
58 13030
58 13031
58 13032
58 13033
58 13034
58 13035
58 13036
58 13037
58 13038
58 13039
58 13040
58 13041
58 13042
58 13043
58 13044
58 13045
58 13046
58 13047
58 13048
58 13049
58 13050
58 13051
58 13052
58 13053
58 13054
58 13055
58 13056
58 13057
58 13058
58 13059
58 13060
58 13061
58 13062
58 13063
58 13064
58 13065
58 13066
58 13067
58 13068
58 13069
58 13070
58 13071
58 13072
58 13073
58 13074
58 13075
58 13076
58 13077
58 13078
58 13079
58 13080
58 13081
58 13082
58 13083
58 13084
58 13085
58 13086
58 13087
58 13089
58 13090
58 13091
58 13092
58 13093
58 13094
58 13095
58 13096
58 13097
58 13098
58 13099
58 13100
58 13101
58 13102
58 13103
58 13104
58 13105
58 13106
58 13107
58 13108
58 13109
58 13110
58 13111
58 13112
58 13113
58 13114
58 13115
58 13116
58 13117
58 13118
58 13119
58 13120
58 13121
58 13122
58 13123
58 13124
58 13125
58 13126
58 13127
58 13128
58 13129
58 13130
58 13131
58 13132
58 13133
58 13134
58 13135
58 13136
58 13137
58 13138
58 13139
58 13140
58 13141
58 13142
58 13143
58 13144
58 13145
58 13146
58 13147
58 13148
58 13149
58 13150
58 13151
58 13152
58 13153
58 13154
58 13155
58 13156
58 13157
58 13158
58 13159
58 13160
58 13161
58 13162
58 13163
58 13164
58 13165
58 13166
58 13167
58 13168
58 13169
58 13170
58 13171
58 13172
58 13173
58 13174
58 13175
58 13176
58 13177
58 13178
58 13179
58 13180
58 13181
58 13182
58 13183
58 13184
58 13185
58 13186
58 13187
58 13188
58 13189
58 13190
58 13191
58 13192
58 13193
58 13194
58 13195
58 13196
58 13197
58 13198
58 13199
58 13200
58 13201
58 13202
58 13203
58 13204
58 13205
58 13206
58 13207
58 13208
58 13209
58 13210
58 13211
58 13212
58 13213
58 13214
58 13215
58 13216
58 13217
58 13218
58 13219
58 13220
58 13221
58 13222
58 13223
58 13224
58 13225
58 13226
58 13227
58 13228
58 13229
58 13230
58 13231
58 13232
58 13233
58 13234
58 13235
58 13236
58 13237
58 13238
58 13239
58 13240
58 13241
58 13242
58 13243
58 13244
58 13245
58 13246
58 13247
58 13248
58 13249
58 13250
58 13251
58 13252
58 13253
58 13254
58 13255
58 13256
58 13257
58 13258
58 13259
58 13260
58 13261
58 13262
58 13263
58 13264
58 13265
58 13266
58 13267
58 13268
58 13269
58 13270
58 13271
58 13272
58 13273
58 13274
58 13275
58 13276
58 13277
58 13278
58 13279
58 13280
58 13281
58 13282
58 13283
58 13284
58 13285
58 13286
58 13287
58 13288
58 13289
58 13290
58 13291
58 13292
58 13293
58 13294
58 13295
58 13296
58 13297
58 13298
58 13299
58 13300
58 13301
58 13302
58 13303
58 13304
58 13305
58 13306
58 13307
58 13308
58 13309
58 13310
58 13311
58 13312
58 13313
58 13314
58 13315
58 13316
58 13317
58 13318
58 13319
58 13320
58 13321
58 13322
58 13323
58 13324
58 13325
58 13326
58 13327
58 13328
58 13329
58 13330
58 13331
58 13332
58 13333
58 13334
58 13335
58 13336
58 13337
58 13338
58 13339
58 13340
58 13341
58 13342
58 13343
58 13344
58 13345
58 13346
58 13347
58 13348
58 13349
58 13350
58 13351
58 13352
58 13353
58 13354
58 13355
58 13356
58 13357
58 13358
58 13359
58 13360
58 13361
58 13362
58 13363
58 13364
58 13365
58 13366
58 13367
58 13368
58 13369
58 13370
58 13371
58 13372
58 13373
58 13374
58 13375
58 13376
58 13377
58 13378
58 13379
58 13380
58 13381
58 13382
58 13383
58 13384
58 13385
58 13386
58 13387
58 13388
58 13389
58 13390
58 13391
58 13392
58 13393
58 13394
58 13395
58 13396
58 13397
58 13398
58 13399
58 13400
58 13401
58 13402
58 13403
58 13404
58 13405
58 13406
58 13407
58 13408
58 13409
58 13410
58 13411
58 13412
58 13413
58 13414
58 13415
58 13416
58 13417
58 13418
58 13419
58 13420
58 13421
58 13422
58 13423
58 13424
58 13425
58 13426
58 13427
58 13428
58 13429
58 13430
58 13431
58 13432
58 13433
58 13434
58 13435
58 13436
58 13437
58 13438
58 13439
58 13440
58 13441
58 13442
58 13443
58 13444
58 13445
58 13446
58 13447
58 13448
58 13449
58 13450
58 13451
58 13452
58 13453
58 13454
58 13455
58 13456
58 13457
58 13458
58 13459
58 13460
58 13461
58 13462
58 13463
58 13464
58 13465
58 13466
58 13467
58 13468
58 13469
58 13470
58 13471
58 13472
58 14559
58 14560
58 14561
58 14562
58 14563
58 14564
58 14565
58 14566
58 14567
58 14568
58 14569
58 14570
58 14571
58 14572
58 14573
58 14574
58 14575
58 14576
58 14577
58 14578
58 14579
58 14580
58 14581
58 14582
58 14583
58 14584
58 14585
58 14586
58 14587
58 14588
58 14589
58 14590
58 14591
58 14592
58 14593
58 14594
58 14595
58 14596
58 14597
58 14598
58 14599
58 14600
58 14601
58 14602
58 14603
58 14604
58 14606
58 14607
58 14608
58 14609
58 14610
58 14611
58 14612
58 14613
58 14614
58 14615
58 14616
58 14617
58 14618
58 14619
58 14620
58 14621
58 14622
58 14623
58 14624
58 14625
58 14626
58 14627
58 14628
58 14629
58 14630
58 14631
58 14632
58 14633
58 14634
58 14635
58 14636
58 14637
58 14638
58 14639
58 14640
58 14641
58 14642
58 14643
58 14644
58 14645
58 14646
58 14647
58 14648
58 14649
58 14650
58 14651
58 14652
58 14653
58 14654
58 14655
58 14656
58 14657
58 14658
58 14659
58 14660
58 14661
58 14662
58 14663
58 14664
58 14665
58 14666
58 14667
58 14668
58 14669
58 14670
58 14671
58 14673
58 14674
58 14675
58 14676
58 14677
58 14678
58 14679
58 14680
58 14681
58 14682
58 14683
58 14684
58 14685
58 14686
58 14687
58 14688
58 14689
58 14690
58 14691
58 14692
58 14693
58 14694
58 14695
58 14696
58 14697
58 14698
58 14699
58 14700
58 14701
58 14702
58 14703
58 14704
58 14705
58 14706
58 14707
58 14708
58 14709
58 14710
58 14711
58 14712
58 14713
58 14714
58 14715
58 14716
58 14717
58 14718
58 14720
58 14721
58 14722
58 14723
58 15240
58 15241
58 15242
58 15243
58 15263
58 15264
58 15265
58 15266
58 15267
58 15268
58 15269
58 15271
58 15272
58 15273
58 15274
58 15275
58 15276
58 15277
58 15278
58 15279
58 15280
58 15281
58 15282
58 15283
58 15284
58 15285
58 15286
58 15287
58 15288
58 15289
58 15290
58 15291
58 15292
58 15293
58 15294
58 15295
58 15297
58 15298
58 15299
58 15300
58 15301
58 15302
58 15303
58 15304
58 15305
58 15306
58 15307
58 15308
58 15309
58 15310
58 15311
58 15312
58 15313
58 15314
58 15316
58 15317
58 15318
58 15319
58 15320
58 15321
58 15322
58 15323
58 15324
58 15325
58 15326
58 15327
58 15328
58 15329
58 15330
58 15331
58 15332
58 15333
58 15336
58 15337
58 15338
58 15339
58 15340
58 15341
58 15342
58 15343
58 15344
58 15345
58 15346
58 15347
58 15364
58 15365
58 15366
58 15367
58 15404
58 15405
58 15406
58 15407
58 15408
58 15409
58 15410
58 15411
58 15412
58 15413
58 15414
58 15415
58 15416
58 15417
58 15418
58 15419
58 15420
58 15421
58 15422
58 15423
58 15424
58 15425
58 15426
58 15427
58 15428
58 15429
58 15430
58 15431
58 15432
58 15433
58 15434
58 15435
58 15436
58 15437
58 15438
58 15439
58 15440
58 15441
58 15442
58 15443
58 15444
58 15445
58 15446
58 15447
58 15448
58 15449
58 15450
58 15451
58 15452
58 15453
58 15454
58 15455
58 15456
58 15457
58 15458
58 15459
58 15460
58 15461
58 15462
58 15463
58 15464
58 15465
58 15466
58 15467
58 15468
58 15469
58 15470
58 15471
58 15472
58 15473
58 15474
58 15475
58 15476
58 15477
58 15478
58 15479
58 15480
58 15524
58 15525
58 15526
58 15527
58 15528
58 15529
58 15530
58 15531
58 15532
58 15533
58 15534
58 15535
58 15536
58 15537
58 15538
58 15539
58 15540
58 15541
58 15542
58 15543
58 15544
58 15545
58 15546
58 15547
58 15548
58 15549
58 15550
58 15551
58 15552
58 15553
58 15554
58 15555
58 15556
58 15557
58 15558
58 15559
58 15560
58 15561
58 15562
58 15563
58 15564
58 15565
58 15566
58 15567
58 15568
58 15569
58 15570
58 15571
58 15572
58 15573
58 15574
58 15575
58 15576
58 15577
58 15578
58 15579
58 15580
58 15581
58 15582
58 15583
58 15584
58 15585
58 15586
58 15587
58 15588
58 15589
58 15590
58 15591
58 15592
58 15593
58 15594
58 15595
58 15596
58 15597
58 15598
58 15599
58 15769
58 15770
58 15771
58 15772
58 15773
58 15774
58 15775
58 15776
58 15777
58 15780
58 15781
58 15782
58 15783
58 15784
58 15785
58 15786
58 15787
58 15788
58 15789
58 15790
58 15791
58 15792
58 15793
58 15794
58 15795
58 15796
58 15798
58 15800
58 15801
58 15803
58 15804
58 15805
58 15806
58 15808
58 15810
58 15812
58 15814
58 15815
58 15816
58 15817
58 15818
58 15820
58 15822
58 15825
58 15827
58 15829
58 15830
58 15831
58 15834
58 15838
58 15840
58 15841
58 15843
58 15845
58 15848
58 15849
58 15850
58 15851
58 15852
58 15853
58 15854
58 15855
58 15856
58 15857
58 15858
58 15859
58 15860
58 15861
58 15862
58 15863
58 15864
58 15865
58 15866
58 15867
58 15868
58 15869
58 15870
58 15871
58 15872
58 15873
58 15874
58 15875
58 15876
58 15877
58 15878
58 15879
58 15880
58 15881
58 15883
58 15884
58 15885
58 15886
58 15887
58 15888
58 15889
58 15890
58 15891
58 15892
58 15893
58 15894
58 15895
58 15896
58 15897
58 15898
58 15899
58 15900
58 15901
58 15902
58 15903
58 15904
58 15905
58 15906
58 15907
58 15908
58 15909
58 15910
58 15911
58 15912
58 15913
58 15914
58 15915
58 15916
58 15917
58 15918
58 15919
58 15920
58 15921
58 15922
58 15923
58 15924
58 15925
58 15926
58 15927
58 15928
58 15929
58 15930
58 15931
58 15932
58 15933
58 15934
58 15935
58 15936
58 15937
58 15938
58 15939
58 15940
58 15941
58 15942
58 15943
58 15944
58 15945
58 15946
58 15947
58 15948
58 15950
58 15951
58 15952
58 15953
58 15954
58 15955
58 15957
58 15958
58 15959
58 15960
58 15961
58 15962
58 15963
58 15965
58 15966
58 15967
58 15968
58 15969
58 15970
58 15971
58 15972
58 15973
58 15974
58 15975
58 15976
58 15977
58 15978
58 15979
58 15980
58 15981
58 15982
58 15983
58 15984
58 15985
58 15986
58 15987
58 15988
58 15989
58 15990
58 15992
58 15993
58 15994
58 15995
58 15996
58 15998
58 15999
58 16000
58 16001
58 16003
58 16004
58 16005
58 16006
58 16007
58 16008
58 16009
58 16010
58 16012
58 16013
58 16014
58 16015
58 16016
58 16017
58 16018
58 16019
58 16020
58 16021
58 16022
58 16023
58 16024
58 16025
58 16026
58 16027
58 16028
58 16029
58 16030
58 16031
58 16032
58 16033
58 16034
58 16035
58 16036
58 16037
58 16038
58 16039
58 16040
58 16041
58 16042
58 16043
58 16044
58 16045
58 16046
58 16047
58 16048
58 16049
58 16050
58 16051
58 16052
58 16053
58 16054
58 16055
58 16056
58 16057
58 16058
58 16059
58 16060
58 16061
58 16062
58 16063
58 16065
58 16066
58 16067
58 16068
58 16069
58 16070
58 16071
58 16072
58 16073
58 16074
58 16075
58 16076
58 16077
58 16078
58 16079
58 16080
58 16081
58 16082
58 16083
58 16084
58 16085
58 16086
58 16087
58 16088
58 16089
58 16090
58 16091
58 16092
58 16093
58 16094
58 16095
58 16096
58 16097
58 16098
58 16099
58 16100
58 16101
58 16102
58 16103
58 16104
58 16105
58 16106
58 16107
58 16108
58 16109
58 16110
58 16111
58 16112
58 16113
58 16114
58 16115
58 16116
58 16117
58 16118
58 16119
58 16120
58 16121
58 16122
58 16123
58 16124
58 16125
58 16127
58 16128
58 16129
58 16130
58 16131
58 16133
58 16134
58 16135
58 16136
58 16137
58 16138
58 16139
58 16140
58 16141
58 16142
58 16143
58 16144
58 16145
58 16146
58 16147
58 16148
58 16149
58 16150
58 16151
58 16152
58 16153
58 16154
58 16155
58 16156
58 16157
58 16158
58 16159
58 16160
58 16161
58 16162
58 16163
58 16164
58 16165
58 16166
58 16167
58 16168
58 16169
58 16170
58 16171
58 16172
58 16173
58 16174
58 16175
58 16176
58 16177
58 16178
58 16179
58 16180
58 16181
58 16182
58 16183
58 16184
58 16185
58 16186
58 16187
58 16188
58 16189
58 16190
58 16191
58 16192
58 16193
58 16194
58 16195
58 16196
58 16197
58 16198
58 16199
58 16200
58 16201
58 16202
58 16204
58 16205
58 16206
58 16207
58 17239
58 17240
58 17241
58 17242
58 17243
58 17244
58 17245
58 17246
58 17247
58 17248
58 17249
58 17250
58 17251
58 17252
58 17253
58 17255
58 17256
58 17257
58 17258
58 17259
58 17261
58 17262
58 17263
58 17264
58 17265
58 17266
58 17267
58 17268
58 17269
58 17270
58 17271
58 17272
58 17273
58 17274
58 17275
58 17276
58 17277
58 17278
58 17279
58 17280
58 17281
58 17282
58 17283
58 17284
58 17285
58 17286
58 17287
58 17288
58 17289
58 17290
58 17291
58 17292
58 17293
58 17294
58 17295
58 17296
58 17297
58 17298
58 17299
58 17300
58 17301
58 17302
58 17303
58 17304
58 17305
58 17306
58 17307
58 17308
58 17309
58 17310
58 17311
58 17312
58 17313
58 17314
58 17315
58 17316
58 17317
58 17318
58 17319
58 17320
58 17321
58 17322
58 17323
58 17324
58 17325
58 17326
58 17327
58 17328
58 17329
58 17330
58 17331
58 17332
58 17333
58 17334
58 17335
58 17336
58 17337
58 17338
58 17339
58 17340
58 17341
58 17342
58 17343
58 17344
58 17345
58 17346
58 17347
58 17348
58 17349
58 17350
58 17351
58 17352
58 17353
58 17354
58 17355
58 17356
58 17357
58 17358
58 17359
58 17360
58 17361
58 17362
58 17363
58 17364
58 17365
58 17366
58 17367
58 17368
58 17369
58 17370
58 17371
58 17372
58 17373
58 17374
58 17375
58 17376
58 17377
58 17378
58 17379
58 17380
58 17381
58 17382
58 17383
58 17384
58 17385
58 17386
58 17387
58 17388
58 17389
58 17390
58 17391
58 17392
58 17393
58 17394
58 17395
58 17396
58 17397
58 17399
58 17400
58 17401
58 17402
58 17403
58 17404
58 17405
58 17406
58 17407
58 17408
58 17409
58 17410
58 17411
58 17412
58 17413
58 17414
58 17415
58 17416
58 17417
58 17418
58 17419
58 17420
58 17421
58 17422
58 17423
58 17424
58 17425
58 17426
58 17427
58 17428
58 17429
58 17449
58 17450
58 17451
58 17452
58 17453
58 17454
58 17455
58 17456
58 17457
58 17458
58 17459
58 17460
58 17461
58 17462
58 17463
58 17464
58 17465
58 17466
58 17467
58 17468
58 17469
58 17470
58 17471
58 17472
58 17473
58 17474
58 17475
58 17476
58 17477
58 17478
58 17479
58 17480
58 17481
58 17482
58 17483
58 17484
58 17485
58 17486
58 17487
58 17488
58 17489
58 17490
58 17491
58 17492
58 17493
58 17494
58 17495
58 17496
58 17497
58 17498
58 17499
58 17500
58 17501
58 17502
58 17503
58 17505
58 17506
58 17508
58 17509
58 17510
58 17511
58 17512
58 17513
58 17514
58 17515
58 18585
58 18586
58 18587
58 20617
58 20619
58 20620
58 20621
58 20622
58 20623
58 20624
58 20625
58 20626
58 20627
58 20628
59 114
59 443
59 821
59 822
59 823
59 841
59 1475
59 1491
59 1492
59 1493
59 1523
59 1601
59 1602
59 1603
59 1608
59 1609
59 1610
59 1617
59 1646
60 117
60 118
60 119
60 154
60 155
60 160
60 162
60 188
60 192
60 204
60 224
60 269
60 272
60 307
60 338
60 345
60 347
60 350
60 357
60 379
60 419
60 422
60 423
60 452
60 459
60 460
60 471
60 488
60 560
60 685
60 688
60 690
60 739
60 747
60 752
60 818
60 856
60 1235
60 1372
60 1373
61 117
61 118
61 119
61 120
61 121
61 4803
61 4804
61 10871
61 10872
61 10873
61 10874
61 10876
61 10877
61 10879
62 118
63 120
64 120
64 158
64 175
64 222
64 224
64 237
64 260
64 262
64 263
64 264
64 265
64 266
64 267
64 268
64 269
64 270
64 288
64 289
64 290
64 291
64 318
64 338
64 339
64 345
64 346
64 361
64 362
64 363
64 364
64 365
64 366
64 368
64 369
64 370
64 371
64 372
64 373
64 374
64 375
64 376
64 378
64 379
64 380
64 381
64 382
64 383
64 384
64 385
64 386
64 387
64 388
64 389
64 390
64 394
64 399
64 400
64 401
64 402
64 403
64 405
64 406
64 407
64 408
64 409
64 410
64 411
64 413
64 414
64 415
64 416
64 417
64 418
64 419
64 420
64 421
64 422
64 423
64 424
64 427
65 132
65 10171
66 133
67 133
67 233
67 377
67 521
67 525
67 529
67 533
67 535
67 536
67 537
67 540
67 541
67 550
67 551
67 555
67 673
67 674
67 676
67 677
67 694
67 702
67 703
67 704
67 708
67 709
67 712
67 713
67 768
67 769
67 771
67 772
67 773
67 774
67 836
67 837
67 838
67 840
67 842
67 843
67 844
67 845
67 846
67 847
67 848
67 849
67 850
67 853
67 854
67 983
67 1200
67 1201
67 1202
67 1203
67 1204
67 1205
67 1206
67 1210
67 1211
67 1220
67 1221
67 1225
67 1226
67 1227
67 1228
67 1229
67 1230
67 1231
67 1291
67 1335
67 1447
67 1450
67 1451
67 1466
67 1468
67 1469
67 1474
67 1476
67 1477
67 1478
67 1479
67 1480
67 1481
67 1502
67 1503
67 1504
67 1505
67 1506
67 1511
67 1521
67 1522
67 1524
67 1526
67 1537
67 1538
67 1539
67 1540
67 1541
67 1545
67 1546
67 1547
67 1549
67 1550
67 1551
67 1552
67 1616
67 1645
67 1696
67 1697
67 1698
67 1699
67 1700
67 1701
67 1703
67 1705
67 1724
67 1725
67 1726
67 1727
67 1739
67 2129
67 3139
67 3142
67 3299
67 3301
67 4001
67 4002
67 4003
67 5581
67 5582
67 5583
67 6146
67 6147
67 6320
67 6321
67 6611
67 6613
67 6616
67 6617
67 6621
67 6622
67 6625
67 6626
67 6628
67 7492
67 7493
67 7496
67 7497
67 7505
67 7506
67 7507
67 8123
67 8124
67 8125
67 8126
67 8132
67 8133
67 8134
67 8135
67 8635
67 8636
67 9341
67 9342
67 9343
67 9885
67 9886
67 10174
67 10175
67 10176
67 10177
67 10178
67 10179
67 10180
67 10185
67 10186
67 10187
67 10861
67 10862
67 10863
67 10864
67 10865
67 10866
67 10867
67 10868
67 10880
67 10966
67 10967
67 11019
68 134
68 135
68 143
68 144
68 145
68 146
68 147
68 148
68 149
68 150
68 151
68 152
68 153
68 154
68 155
68 156
68 157
68 158
68 159
68 160
68 161
68 162
68 163
68 164
69 167
69 168
70 169
70 453
70 454
70 735
70 847
70 10993
70 10994
70 10995
70 10996
70 10997
70 10998
70 10999
70 11000
70 11001
70 11002
70 11003
70 11004
70 11005
70 11006
70 11007
70 11008
70 11010
70 11011
70 11012
70 11013
70 11014
70 11015
70 11016
70 11017
70 11018
71 170
72 172
72 262
72 271
72 305
72 425
72 426
72 428
72 429
72 430
72 431
72 432
72 433
72 434
72 435
72 436
72 437
72 438
72 439
72 440
72 441
72 442
72 443
72 444
72 445
72 446
72 447
72 451
72 452
72 456
72 457
72 458
72 459
72 460
72 461
72 462
72 463
72 464
72 465
72 466
72 467
72 468
72 469
72 470
72 471
72 474
72 475
72 476
72 477
72 488
72 489
72 490
72 496
72 503
72 514
72 516
72 517
72 518
72 519
72 520
72 522
72 523
72 524
72 539
72 542
72 546
72 552
73 196
74 206
75 207
76 225
77 227
77 230
78 231
79 232
80 236
80 241
80 242
80 243
80 244
80 245
80 246
80 448
80 449
81 238
81 722
82 240
83 247
84 248
85 249
86 256
86 257
86 377
87 258
87 259
88 286
89 299
89 300
89 301
89 302
89 304
89 454
89 2439
89 10179
89 10180
89 10967
89 15624
90 301
90 302
90 304
90 453
90 454
91 323
91 839
92 349
93 350
94 350
94 361
94 1454
94 1455
95 350
96 356
96 357
96 358
97 359
97 443
98 362
98 423
98 468
98 556
98 557
98 558
98 559
98 560
98 561
98 562
98 563
98 564
98 659
98 675
98 686
98 687
98 688
98 689
98 690
98 691
98 692
98 695
98 696
98 697
98 698
98 699
98 705
98 706
98 707
98 710
98 711
98 714
98 715
98 716
98 717
98 718
98 719
98 720
98 721
98 726
98 730
98 731
98 734
98 737
98 738
98 770
98 775
98 800
98 805
98 807
98 808
98 809
98 818
98 820
99 369
99 1222
99 1235
99 1444
99 1446
100 391
101 392
101 393
102 395
103 396
103 10871
104 397
105 398
105 4739
106 404
106 412
107 450
108 498
109 499
109 500
110 501
111 502
112 526
112 527
112 528
112 530
112 531
112 532
112 534
112 543
112 544
112 545
112 547
112 693
113 541
113 1334
113 10173
114 548
114 549
115 591
116 671
116 672
117 678
118 681
118 682
118 683
118 684
118 685
118 1194
119 727
119 728
119 729
120 727
120 12571
121 733
122 733
123 733
124 735
125 736
126 739
126 10871
126 10876
126 13506
127 758
128 768
128 769
129 801
130 804
131 806
132 813
133 815
134 817
135 833
135 989
135 2148
135 8832
135 8833
135 8834
135 8835
135 8836
135 8837
135 8838
135 8839
135 8840
135 8841
135 8842
135 8843
135 8844
135 8845
135 8846
135 8847
135 8848
135 8849
135 8850
135 8851
135 8852
135 8854
135 8855
135 8856
135 8857
135 8858
135 8859
135 8860
135 8861
135 8862
135 8863
135 8864
135 8865
135 8866
135 8867
135 8868
135 8869
135 8870
135 8871
135 8872
135 8873
135 8874
135 8875
135 8876
135 8877
135 8878
135 8879
135 8880
135 8881
135 8882
135 8883
135 8884
135 8885
135 8886
135 8887
135 8888
135 8889
135 8890
135 8891
135 8892
135 8893
135 8894
135 8895
135 8896
135 8897
135 8898
135 8899
135 8900
135 8901
135 8902
135 8903
135 8904
135 8905
135 8906
135 8907
135 8908
135 8909
135 8910
135 8911
135 8912
135 8913
135 8914
135 8915
135 17436
135 17437
135 17438
135 17439
135 17440
135 17441
135 17442
135 17539
135 17540
135 17541
135 17626
135 17651
135 17652
135 17653
135 17654
135 17655
135 17656
135 17657
135 17658
135 17659
135 17660
135 17671
135 17672
135 17785
135 17797
135 17798
135 17799
135 17800
135 17801
135 17802
135 17803
136 851
136 852
136 855
136 856
136 857
136 858
136 859
136 972
137 971
137 1470
138 973
138 1627
139 976
140 977
141 984
142 993
142 1013
142 1053
142 1509
142 2782
142 4505
142 4519
142 5018
142 10864
142 10866
142 10881
142 10882
143 1005
143 1508
143 3307
143 5585
143 10989
144 1190
145 1211
145 1229
145 1496
145 1497
145 1500
145 1501
145 1542
145 1543
145 1544
145 1625
145 1626
146 1212
147 1214
147 1219
148 1223
148 1224
148 1229
148 1232
149 1249
150 1249
151 1437
152 1452
152 1453
153 1456
154 1457
155 1463
155 1464
155 1465
155 1467
155 1475
156 1466
157 1470
157 1471
158 1472
158 1473
159 1477
159 1527
159 1614
159 1619
159 1622
159 1628
159 1629
159 4740
159 4741
159 4742
159 4743
160 1482
161 1488
162 1489
163 1489
163 1525
163 1559
163 1611
163 1623
163 1624
163 1702
163 1722
163 2616
163 6140
163 6141
163 6142
163 6143
163 6322
163 6619
164 1490
165 1491
165 1644
166 1498
166 1499
167 1508
168 1509
168 1513
168 1514
168 1515
168 9907
168 9908
169 1510
170 1512
171 1520
172 1529
173 1529
173 20611
174 1532
174 1533
175 1534
175 1535
175 1536
176 1548
177 1553
177 1598
177 1599
178 1556
179 1604
179 3881
179 10873
179 10874
179 10876
179 10877
179 10878
179 10879
179 10932
179 12572
179 12573
180 1648
181 1648
181 17238
182 1723
183 1727
184 1835
184 1836
185 3300
186 3496
187 3624
187 3625
187 3626
187 3627
187 3628
187 3629
187 3630
187 3631
187 3632
187 3633
187 3634
187 3635
187 3636
187 3637
187 3638
187 3639
187 3640
187 3641
187 3642
187 3643
187 3644
187 3645
187 3646
187 3647
187 3648
187 3649
187 3650
187 3651
187 3652
187 3653
187 3654
187 3655
187 3656
187 3657
187 3658
187 3659
187 3660
187 3661
187 3662
187 3663
187 3664
187 3665
187 3666
187 3667
187 3668
187 3669
187 3670
187 3671
187 3672
187 3673
187 3674
187 3675
187 3676
187 3677
187 3678
187 3679
187 3680
187 3681
187 3682
187 3683
187 3684
187 3685
187 3686
187 3687
187 3688
187 3689
187 3690
187 3691
187 3692
187 3693
187 3694
187 3695
187 3696
187 3697
187 3698
187 3699
187 3700
187 3701
187 3702
187 3703
187 3704
187 3705
187 3706
187 3707
187 3708
187 3709
187 3710
187 3711
187 3712
187 3713
187 3714
187 3715
187 3716
187 3717
187 3718
187 3719
187 3721
187 3722
187 3723
187 3724
187 3725
187 3726
187 3727
187 3728
187 3729
187 3730
187 3731
187 3732
187 3733
187 3734
187 3735
187 3736
187 3737
187 3738
187 3739
187 3740
187 3741
187 3742
187 3743
187 3744
187 3745
187 3746
187 3747
187 3748
187 3749
187 3750
187 3751
187 3752
187 3753
187 3754
187 3755
187 3756
187 3757
187 3758
187 3759
187 3760
187 3761
187 3762
187 3763
187 3764
187 3765
187 3766
187 3767
187 3768
187 3769
187 3770
187 3771
187 3772
187 3773
187 3774
187 3775
187 3776
187 3777
187 3778
187 3779
187 3780
187 3781
187 3782
187 3783
187 3784
187 3785
187 3786
187 3787
187 3788
187 3789
187 3790
187 3791
187 3792
187 3793
187 3794
187 3795
187 3796
187 3797
187 3798
187 3799
187 3800
187 3801
187 3802
187 3803
187 3804
187 3805
187 3806
187 3807
187 3808
187 3809
187 3810
187 3811
187 3812
187 3813
187 3814
187 3815
187 3816
187 3817
187 3818
187 3819
187 3820
187 3821
187 3822
187 3823
187 3824
187 3825
187 3826
187 3827
187 3828
187 3829
187 3830
187 3831
187 3832
187 3833
187 3834
187 3835
187 3836
187 3837
187 3838
187 3839
187 3840
187 3841
187 3842
187 3843
187 3844
187 3845
187 3846
187 3847
187 3848
187 3849
187 3850
187 3851
187 3852
187 3853
187 3854
187 3855
187 4806
187 4807
187 4808
187 4810
187 4811
187 4812
187 4813
187 4814
187 4815
187 4816
187 4817
187 4818
187 4819
187 4820
187 4821
187 4822
187 4823
187 4824
187 4825
187 4826
187 4827
187 4828
187 4829
187 4830
187 4831
187 4832
187 4833
187 4834
187 4835
187 4836
187 4837
187 4838
187 4839
187 4840
187 4841
187 4842
187 4843
187 4844
187 4845
187 4846
187 4847
187 4848
187 4849
187 4850
187 4851
187 4852
187 4853
187 4854
187 4855
187 4856
187 4857
187 4858
187 4859
187 4860
187 4861
187 4862
187 4863
187 4864
187 4865
187 4866
187 4867
187 4868
187 4869
187 4870
187 4871
187 4872
187 4873
187 4874
187 4875
187 4876
187 4877
187 4878
187 4879
187 4880
187 4881
187 4882
187 4883
187 4884
187 4885
187 4886
187 4887
187 4888
187 4889
187 4890
187 4891
187 4892
187 4893
187 4894
187 4895
187 4896
187 4897
187 4898
187 4899
187 4900
187 4901
187 4902
187 4903
187 4904
187 4905
187 4906
187 4907
187 4908
187 4909
187 4910
187 4911
187 4912
187 4913
187 4914
187 4915
187 4916
187 4917
187 4918
187 4919
187 4920
187 4921
187 4922
187 4923
187 4924
187 4925
187 4926
187 4927
187 4928
187 4929
187 4930
187 4931
187 4932
187 4933
187 4934
187 4935
187 4936
187 4937
187 4938
187 4939
187 4940
187 4941
187 4942
187 4943
187 5015
187 5016
187 5017
187 5018
187 5019
187 5020
187 5021
187 5022
187 5023
187 5024
187 5025
187 5026
187 5027
187 5028
187 5029
187 5030
187 5031
187 5032
187 5033
187 5034
187 5035
187 5036
187 5037
187 5038
187 5039
187 5040
187 5041
187 5042
187 5043
187 5044
187 5045
187 5046
187 5047
187 5048
187 5049
187 5050
187 5051
187 5052
187 5053
187 5054
187 5055
187 5056
187 5057
187 5058
187 5059
187 5060
187 5061
187 5062
187 5063
187 5064
187 5065
187 5066
187 5067
187 5068
187 5069
187 5070
187 5071
187 5072
187 5073
187 5074
187 5075
187 5076
187 5077
187 5078
187 5079
187 5080
187 5081
187 5082
187 5083
187 5084
187 5085
187 5086
187 5087
187 5088
187 5089
187 5090
187 5091
187 5092
187 5093
187 5094
187 5095
187 5096
187 5097
187 5098
187 5099
187 5100
187 5101
187 5102
187 5103
187 5104
187 5105
187 5106
187 5107
187 5108
187 5109
187 5110
187 5111
187 5112
187 5113
187 5115
187 5116
187 5117
187 5118
187 5119
187 5120
187 5121
187 5122
187 5123
187 5124
187 5125
187 5126
187 5127
187 5128
187 5129
187 5130
187 5131
187 5132
187 5133
187 5134
187 5135
187 5136
187 5137
187 5138
187 5139
187 5140
187 5141
187 5142
187 5143
187 5144
187 5145
187 5146
187 5147
187 5148
187 5149
187 5150
187 5151
187 5152
187 5153
187 5154
187 5155
187 5156
187 5157
187 5158
187 5159
187 5160
187 5161
187 5162
187 5163
187 5164
187 5165
187 5166
187 5167
187 5168
187 5169
187 5170
187 5171
187 5172
187 5173
187 5174
187 5175
187 5176
187 5177
187 5178
187 5179
187 5180
187 5181
187 5182
187 5183
187 5184
187 5185
187 5186
187 5187
187 5188
187 5189
187 5190
187 5191
187 5192
187 5193
187 5194
187 5195
187 5196
187 5197
187 5198
187 5199
187 5200
187 5201
187 5202
187 5203
187 5204
187 5205
187 5206
187 5207
187 5208
187 5209
187 5210
187 5211
187 5212
187 5213
187 5214
187 5215
187 5216
187 5217
187 5218
187 5220
187 5221
187 5222
187 5223
187 5224
187 5225
187 5226
187 5227
187 5228
187 5229
187 5230
187 5231
187 5232
187 5233
187 5234
187 5235
187 5236
187 5237
187 5238
187 5239
187 5240
187 5241
187 5242
187 5243
187 5244
187 5245
187 5246
187 5247
187 5248
187 5249
187 5250
187 5251
187 5252
187 5253
187 5254
187 5255
187 5256
187 5257
187 5258
187 5259
187 5260
187 5262
187 5263
187 5264
187 5265
187 5266
187 5267
187 5268
187 5269
187 5270
187 5271
187 5272
187 5273
187 5274
187 5275
187 5276
187 5277
187 5278
187 5279
187 5280
187 5281
187 5282
187 5283
187 5284
187 5285
187 5286
187 5287
187 5288
187 5289
187 5290
187 5291
187 5292
187 5293
187 5294
187 5295
187 5296
187 5297
187 5298
187 5299
187 5300
187 5301
187 5302
187 5303
187 5304
187 5305
187 5306
187 5307
187 5308
187 5309
187 5310
187 5311
187 5312
187 5313
187 5314
187 5315
187 5316
187 5317
187 5318
187 5319
187 5320
187 5321
187 5322
187 5323
187 5324
187 5325
187 5326
187 5327
187 5328
187 5329
187 5330
187 5331
187 5332
187 5333
187 5334
187 5335
187 5336
187 5337
187 5338
187 5339
187 5340
187 5341
187 5342
187 5343
187 5344
187 5345
187 5346
187 5347
187 5348
187 5349
187 5350
187 5351
187 5352
187 5353
187 5354
187 5355
187 5356
187 5357
187 5358
187 5359
187 5360
187 5361
187 5362
187 5363
187 5364
187 5365
187 5366
187 5367
187 5368
187 5369
187 5370
187 5371
187 5372
187 5373
187 5374
187 5375
187 5376
187 5377
187 5378
187 5379
187 5380
187 5381
187 5382
187 5383
187 5384
187 5385
187 5386
187 5387
187 5388
187 5389
187 5390
187 5391
187 5392
187 5393
187 5394
187 5395
187 5396
187 5397
187 5398
187 5399
187 5400
187 5401
187 5403
187 5404
187 5405
187 5406
187 5407
187 5408
187 5409
187 5410
187 5412
187 5413
187 5414
187 5415
187 5416
187 5418
187 5419
187 5420
187 5421
187 5422
187 5423
187 5424
187 5426
187 5427
187 5428
187 5429
187 5430
187 5431
187 5432
187 5433
187 5434
187 5435
187 5436
187 5437
187 5438
187 5440
187 5441
187 5442
187 5443
187 5444
187 5445
187 5446
187 5448
187 5449
187 5450
187 5451
187 5452
187 5453
187 5454
187 5455
187 5456
187 5457
187 5458
187 5459
187 5460
187 5461
187 5462
187 5463
187 5464
187 5465
187 5466
187 5467
187 5468
187 5469
187 5470
187 5471
187 5472
187 5473
187 5474
187 5475
187 5476
187 5477
187 5478
187 5479
187 5480
187 5481
187 5482
187 5483
187 5484
187 5485
187 5486
187 5487
187 5488
187 5489
187 5490
187 5491
187 5492
187 5493
187 5494
187 5495
187 5496
187 5497
187 5498
187 5499
187 5500
187 5501
187 5502
187 5503
187 5504
187 5505
187 5506
187 5507
187 5508
187 5509
187 5510
187 5511
187 5512
187 5513
187 5514
187 5515
187 5516
187 5517
187 5518
187 5519
187 5520
187 5521
187 5522
187 5523
187 5524
187 5525
187 5526
187 5527
187 5528
187 5529
187 5530
187 5531
187 5532
187 5533
187 5534
187 5535
187 5536
187 5537
187 5538
187 5539
187 5540
187 5541
187 5542
187 5543
187 5544
187 5545
188 4005
188 4386
189 4006
190 4336
190 4345
190 4346
190 4347
190 4348
190 4349
190 4350
190 4351
190 4352
190 4353
190 4354
190 4355
190 4356
190 4357
190 4358
190 4359
190 4360
190 4361
190 4362
190 4363
190 4364
190 4365
190 4366
190 4367
190 4368
190 4369
190 4370
190 4371
190 4372
190 4373
190 4374
190 4375
190 4376
190 4377
190 4378
190 4379
190 4380
190 4381
190 4382
190 4383
190 4384
190 4385
190 4387
190 4388
190 4389
190 4390
190 4391
190 4392
190 4393
190 4394
190 4395
190 4396
190 4397
190 4398
190 4399
190 4400
190 4401
190 4402
190 4403
190 4404
190 4405
190 4406
190 4407
190 4408
190 4409
190 4410
190 4411
190 4412
190 4413
190 4414
190 4415
190 4416
190 4417
190 4418
190 4419
190 4420
190 4421
190 4422
190 4423
190 4424
190 4425
190 4426
190 4427
190 4428
190 4429
190 4430
190 4431
190 4432
190 4433
190 4434
190 4435
190 4436
190 4437
190 4438
190 4439
190 4440
190 4441
190 4442
190 4443
190 4444
190 4445
190 4446
190 4447
190 4448
190 4449
190 4450
190 4451
190 4452
190 4453
190 4454
190 4455
190 4456
190 4457
190 4458
190 4459
190 4460
190 4461
190 4462
190 4463
190 4464
190 4465
190 4466
190 4467
190 4468
190 4469
190 4470
190 4471
190 4472
190 4473
190 4474
190 4475
190 4476
190 4477
190 4478
190 4479
190 4480
190 4481
190 4482
190 4483
190 4484
190 4485
190 4486
190 4487
190 4488
190 4489
190 4490
190 4491
190 4492
190 4493
190 4494
190 4495
190 4496
190 4497
190 4498
190 4499
190 4500
190 4501
190 4502
190 4503
190 4504
190 4505
190 4506
190 4507
190 4508
190 4509
190 4510
190 4511
190 4512
190 4513
190 4514
190 4515
190 4516
190 4517
190 4518
190 4519
190 4520
190 4521
190 4522
190 4523
190 4524
190 4525
190 4526
190 4527
190 4528
190 4529
190 4530
190 4531
190 4532
190 4533
190 4534
190 4535
190 4536
190 4537
190 4538
190 4539
190 4540
190 4541
190 4542
190 4543
190 4544
190 4545
190 4546
190 4547
190 4548
190 4549
190 4550
190 4551
190 4552
190 4553
190 4554
190 4555
190 4556
190 4557
190 4558
190 4559
190 4560
190 4561
190 4562
190 4563
190 4564
190 4565
190 4566
190 4567
190 4568
190 4569
190 4570
190 4571
190 4572
190 4573
190 4574
190 4575
190 4576
190 4577
190 4578
190 4579
190 4580
190 4581
190 4582
190 4583
190 4584
190 4585
190 4586
190 4587
190 4588
190 4589
190 4590
190 4591
190 4592
190 4593
190 4594
190 4595
190 4596
190 4597
190 4598
190 4599
190 4600
190 4601
190 4602
190 4603
190 4604
190 4605
190 4606
190 4607
190 4608
190 4609
190 4610
190 4611
190 4612
190 4613
190 4614
190 4615
190 4616
190 4617
190 4618
190 4619
190 4620
190 4621
190 4622
190 4623
190 4624
190 4625
190 4626
190 4627
190 4628
190 4629
190 4630
190 4631
190 4632
190 4633
190 4634
190 4635
190 4636
190 4637
190 4638
190 4639
190 4640
190 4641
190 4642
190 4643
190 4644
190 4645
190 4646
190 4647
190 4648
190 4649
190 4650
190 4651
190 4652
190 4653
190 4654
190 4655
191 4665
192 4801
193 4802
194 5584
195 5585
196 6144
196 6145
197 6146
197 18788
198 6148
199 6323
199 6324
200 6609
201 6610
202 6617
202 6620
202 7493
202 12586
202 12587
202 12588
202 17658
202 17759
203 6618
204 6620
205 6621
205 6623
205 6912
206 6624
207 6627
208 6628
209 6630
210 6642
211 6644
211 6910
212 8134
212 8135
213 8134
213 8135
213 10179
213 10180
214 8134
214 8135
214 10181
214 10182
215 8636
215 10185
215 10186
215 10880
215 10966
215 12385
215 12386
215 12584
215 17236
215 17237
216 8657
217 8657
217 8689
217 9887
218 8667
219 8685
220 8686
221 8689
222 8706
223 8707
224 9295
225 9341
225 18787
226 9344
227 9881
227 9882
228 9883
229 9888
230 9889
230 9890
230 9891
230 9892
230 9893
230 9894
230 9895
230 9896
230 9897
230 9898
230 9899
230 9900
230 9903
230 9904
230 9906
231 9901
232 9902
233 9905
234 10170
235 10172
236 10174
236 16535
237 10176
237 10178
238 10184
239 10188
240 10871
241 10871
242 10871
243 10871
244 10871
245 10871
246 10871
247 10871
248 10871
248 10873
249 10871
250 10871
250 10879
251 10871
251 10874
251 10878
251 10879
252 10871
253 10872
254 10873
254 10876
255 10874
256 10876
257 10878
258 10878
259 10879
260 10879
261 10879
262 10879
263 10931
264 10991
265 10992
266 11021
266 11022
266 11023
266 11024
266 11025
266 11026
266 11027
266 11028
266 11029
266 11030
266 11031
266 11032
266 11033
266 11034
266 11035
266 11036
266 11037
266 11038
266 11039
266 11040
266 11041
266 11042
266 11043
266 11044
266 11045
266 11046
266 11047
266 11048
266 11049
266 11050
266 11051
266 11052
266 11053
266 11054
266 11055
266 11056
266 11057
267 12387
267 12574
267 12575
267 12576
267 12577
267 12578
267 12579
267 12580
268 12568
269 12569
270 12570
271 12582
272 12585
272 18905
273 17234
274 17796
2 3 4 5 6 7 8 9 10 11 12 13 14 15 16 17 18 19 20 21 22 23 24 25 26 27 28 29 30 31 32 33 34 35 36 37 38 39 40 41 42 43 44 45 46 47 48 49 50 51 52 53 54 55 56 57 58 59 60 61 62 63 64 65 66 67 68 69 70 71 72 73 74 75 76 77 78 79 80 81 82 83 84 85 86 87 88 89 90 91 92 93 94 95 96 97 98 99 100 101 102 103 104 105 106 107 108 109 110 111 112 113 114 115 116 117 118 119 120 121 122 123 124 125 126 127 128 129 130 131 132 133 134 135 136 137 138 139 140 141 142 143 144 145 146 147 148 149 150 151 152 153 154 155 156 157 158 159 160 161 162 163 164 165 166 167 168 169 170 171 172 173 174 175 176 177 178 179 180 181 182 183 184 185 186 187 188 189 190 191 192 193 194 195 196 197 198 199 200 1 2 3 4 5 6 7 8 9 10 11 12 13 14 15 16 17 18 19 20 21 22 23 24 25 26 27 28 29 30 31 32 33 34 35 36 37 38 39 40 41 42 43 44 45 46 47 48 49 50 51 52 53 54 55 56 57 58 59 60 61 62 63 64 65 66 67 68 69 70 71 72 73 74 75 
2 3 4 5 6 7 8 9 10 11 12 13 14 15 16 17 18 19 20 21 22 23 24 25 26 27 28 29 30 31 32 33 34 35 36 37 38 39 40 41 42 43 44 45 46 47 48 49 50 51 52 53 54 55 56 57 58 59 60 61 62 63 64 65 66 67 68 69 70 71 72 73 74 75 76 77 78 79 80 81 82 83 84 85 86 87 88 89 90 91 92 93 94 95 96 97 98 99 100 101 102 103 104 105 106 107 108 109 110 111 112 113 114 115 116 117 118 119 120 121 122 123 124 125 126 127 128 129 130 131 132 133 134 135 136 137 138 139 140 141 142 143 144 145 146 147 148 149 150 151 152 153 154 155 156 157 158 159 160 161 162 163 164 165 166 167 168 169 170 171 172 173 174 175 176 177 178 179 180 181 182 183 184 185 186 187 188 189 190 191 192 193 194 195 196 197 198 199 200 1 2 3 4 5 6 7 8 9 10 11 12 13 14 15 16 17 18 19 20 21 22 23 24 25 26 27 28 29 30 31 32 33 34 35 36 37 38 39 40 41 42 43 44 45 46 47 48 49 50 51 52 53 54 55 56 57 58 59 60 61 62 63 64 65 66 67 68 69 70 71 72 73 74 75 76 77 78 79 80 81 82 83 84 85 86 87 88 89 90 91 92 93 94 95 96 97 98 99 100 101 102 103 104 105 106 107 108 109 110 111 112 113 114 115 116 117 118 119 120 121 122 123 124 125 126 127 128 129 130 131 132 133 134 135 136 137 138 139 140 141 142 143 144 145 146 147 148 149 150 151 152 153 154 155 156 157 158 159 160 161 162 163 164 165 166 167 168 169 170 171 172 173 174 175 176 177 178 179 180 181 182 183 184 185 186 187 188 189 190 191 192 193 194 195 196 197 198 199 200 1 2 3 4 5 6 7 8 9 10 11 12 13 14 15 16 17 18 19 20 21 22 23 24 25 26 27 28 29 30 31 32 33 34 35 36 37 38 39 40 41 42 43 44 45 46 47 48 49 50 51 52 53 54 55 56 57 58 59 60 61 62 63 64 65 66 67 68 69 70 71 72 73 74 75 76 77 78 79 80 81 82 83 84 85 86 87 88 89 90 91 92 93 94 95 96 97 98 99 100 101 102 103 104 105 106 107 108 109 110 111 112 113 114 115 116 117 118 119 120 121 122 123 124 125 126 127 128 129 130 131 132 133 134 135 136 137 138 139 140 141 142 143 144 145 146 147 148 149 150 151 152 153 154 155 156 157 158 159 160 161 162 163 164 165 166 167 168 169 170 171 172 173 174 175 176 177 178 179 180 181 182 183 184 185 186 187 188 189 190 191 192 193 194 195 196 197 198 199 200 1 2 3 4 5 6 7 8 9 10 11 12 13 14 15 16 17 18 19 20 21 22 23 24 25 26 27 28 29 30 31 32 33 34 35 36 37 38 39 40 41 42 43 44 45 46 47 48 49 50 51 52 53 54 55 56 57 58 59 60 61 62 63 64 65 66 67 68 69 70 71 72 73 74 75 76 77 78 79 80 81 82 83 84 85 86 87 88 89 90 91 92 93 94 95 96 97 98 99 100 101 102 103 104 105 106 107 108 109 110 111 112 113 114 115 116 117 118 119 120 121 122 123 124 125 126 127 128 129 130 131 132 133 134 135 136 137 138 139 140 141 142 143 144 145 146 147 148 149 150 151 152 153 154 155 156 157 158 159 160 161 162 163 164 165 166 167 168 169 170 171 172 173 174 175 176 177 178 179 180 181 182 183 184 185 186 187 188 189 190 191 192 193 194 195 196 197 198 199 200 1 2 3 4 5 6 7 8 9 10 11 12 13 14 15 16 17 18 19 20 21 22 23 24 25 26 27 28 29 30 31 32 33 34 35 36 37 38 39 40 41 42 43 44 45 46 47 48 49 50 51 52 53 54 55 56 57 58 59 60 61 62 63 64 65 66 67 68 69 70 71 72 73 74 75 76 77 78 79 80 81 82 83 84 85 86 87 88 89 90 91 92 93 94 95 96 97 98 99 100 101 102 103 104 105 106 107 108 109 110 111 112 113 114 115 116 117 118 119 120 121 122 123 124 125 126 127 128 129 130 131 132 133 134 135 136 137 138 139 140 141 142 143 144 145 146 147 148 149 150 151 152 153 154 155 156 157 158 159 160 161 162 163 164 165 166 167 168 169 170 171 172 173 174 175 176 177 178 179 180 181 182 183 184 185 186 187 188 189 190 191 192 193 194 195 196 197 198 199 200 1 2 3 4 5 6 7 8 9 10 11 12 13 14 15 16 17 18 19 20 21 22 23 24 25 26 27 28 29 30 31 32 33 34 35 36 37 38 39 40 41 42 43 44 45 46 47 48 49 50 51 52 53 54 55 56 57 58 59 60 61 62 63 64 65 66 67 68 69 70 71 72 73 74 75 76 77 78 79 80 81 82 83 84 85 86 87 88 89 90 91 92 93 94 95 96 97 98 99 100 101 102 103 104 105 106 107 108 109 110 111 112 113 114 115 116 117 118 119 120 121 122 123 124 125 126 127 128 129 130 131 132 133 134 135 136 137 138 139 140 141 142 143 144 145 146 147 148 149 150 151 152 153 154 155 156 157 158 159 160 161 162 163 164 165 166 167 168 169 170 171 172 173 174 175 176 177 178 179 180 181 182 183 184 185 186 187 188 189 190 191 192 193 194 195 196 197 198 199 200 1 2 3 4 5 6 7 8 9 10 11 12 13 14 15 16 17 18 19 20 21 22 23 24 25 26 27 28 29 30 31 32 33 34 35 36 37 38 39 40 41 42 43 44 45 46 47 48 49 50 51 52 53 54 55 56 57 58 59 60 61 62 63 64 65 66 67 68 69 70 71 72 73 74 75 76 77 78 79 80 81 82 83 84 85 86 87 88 89 90 91 92 93 94 95 96 97 98 99 100 101 102 103 104 105 106 107 108 109 110 111 112 113 114 115 116 117 118 119 120 121 122 123 124 125 126 127 128 129 130 131 132 133 134 135 136 137 138 139 140 141 142 143 144 145 146 147 148 149 150 151 152 153 154 155 156 157 158 159 160 161 162 163 164 165 166 167 168 169 170 171 172 173 174 175 176 177 178 179 180 181 182 183 184 185 186 187 188 189 190 191 192 193 194 195 196 197 198 199 200 1 2 3 4 5 6 7 8 9 10 11 12 13 14 15 16 17 18 19 20 21 22 23 24 25 26 27 28 29 30 31 32 33 34 35 36 37 38 39 40 41 42 43 44 45 46 47 48 49 50 51 52 53 54 55 56 57 58 59 60 61 62 63 64 65 66 67 68 69 70 71 72 73 74 75 76 77 78 79 80 81 82 83 84 85 86 87 88 89 90 91 92 93 94 95 96 97 98 99 100 101 102 103 104 105 106 107 108 109 110 111 112 113 114 115 116 117 118 119 120 121 122 123 124 125 126 127 128 129 130 131 132 133 134 135 136 137 138 139 140 141 142 143 144 145 146 147 148 149 150 151 152 153 154 155 156 157 158 159 160 161 162 163 164 165 166 167 168 169 170 171 172 173 174 175 176 177 178 179 180 181 182 183 184 185 186 187 188 189 190 191 192 193 194 195 196 197 198 199 200 1 2 3 4 5 6 7 8 9 10 11 12 13 14 15 16 17 18 19 20 21 22 23 24 25 26 27 28 29 30 31 32 33 34 35 36 37 38 39 40 41 42 43 44 45 46 47 48 49 50 51 52 53 54 55 56 57 58 59 60 61 62 63 64 65 66 67 68 69 70 71 72 73 74 75 76 77 78 79 80 81 82 83 84 85 86 87 88 89 90 91 92 93 94 95 96 97 98 99 100 101 102 103 104 105 106 107 108 109 110 111 112 113 114 115 116 117 118 119 120 121 122 123 124 125 126 127 128 129 130 131 132 133 134 135 136 137 138 139 140 141 142 143 144 145 146 147 148 149 150 151 152 153 154 155 156 157 158 159 160 161 162 163 164 165 166 167 168 169 170 171 172 173 174 175 176 177 178 179 180 181 182 183 184 185 186 187 188 189 190 191 192 193 194 195 196 197 198 199 200 1 2 3 4 5 6 7 8 9 10 11 12 13 14 15 16 17 18 19 20 21 22 23 24 25 26 27 28 29 30 31 32 33 34 35 36 37 38 39 40 41 42 43 44 45 46 47 48 49 50 51 52 53 54 55 56 57 58 59 60 61 62 63 64 65 66 67 68 69 70 71 72 73 74 75 76 77 78 79 80 81 82 83 84 85 86 87 88 89 90 91 92 93 94 95 96 97 98 99 100 101 102 103 104 105 106 107 108 109 110 111 112 113 114 115 116 117 118 119 120 121 122 123 124 125 126 127 128 129 130 131 132 133 134 135 136 137 138 139 140 141 142 143 144 145 146 147 148 149 150 151 152 153 154 155 156 157 158 159 160 161 162 163 164 165 166 167 168 169 170 171 172 173 174 175 176 177 178 179 180 181 182 183 184 185 186 187 188 189 190 191 192 193 194 195 196 197 198 199 200 1 2 3 4 5 6 7 8 9 10 11 12 13 14 15 16 17 18 19 20 21 22 23 24 25 26 27 28 29 30 31 32 33 34 35 36 37 38 39 40 41 42 43 44 45 46 47 48 49 50 51 52 53 54 55 56 57 58 59 60 61 62 63 64 65 66 67 68 69 70 71 72 73 74 75 76 77 78 79 80 81 82 83 84 85 86 87 88 89 90 91 92 93 94 95 96 97 98 99 100 101 102 103 104 105 106 107 108 109 110 111 112 113 114 115 116 117 118 119 120 121 122 123 124 125 126 127 128 129 130 131 132 133 134 135 136 137 138 139 140 141 142 143 144 145 146 147 148 149 150 151 152 153 154 155 156 157 158 159 160 161 162 163 164 165 166 167 168 169 170 171 172 173 174 175 176 177 178 179 180 181 182 183 184 185 186 187 188 189 190 191 192 193 194 195 196 197 198 199 200 1 2 3 4 5 6 7 8 9 10 11 12 13 14 15 16 17 18 19 20 21 22 23 24 25 26 27 28 29 30 31 32 33 34 35 36 37 38 39 40 41 42 43 44 45 46 47 48 49 50 51 52 53 54 55 56 57 58 59 60 61 62 63 64 65 66 67 68 69 70 71 72 73 74 75 76 77 78 79 80 81 82 83 84 85 86 87 88 89 90 91 92 93 94 95 96 97 98 99 100 101 102 103 104 105 106 107 108 109 110 111 112 113 114 115 116 117 118 119 120 121 122 123 124 125 126 127 128 129 130 131 132 133 134 135 136 137 138 139 140 141 142 143 144 145 146 147 148 149 150 151 152 153 154 155 156 157 158 159 160 161 162 163 164 165 166 167 168 169 170 171 172 173 174 175 176 177 178 179 180 181 182 183 184 185 186 187 188 189 190 191 192 193 194 195 196 197 198 199 200 1 2 3 4 5 6 7 8 9 10 11 12 13 14 15 16 17 18 19 20 21 22 23 24 25 26 27 28 29 30 31 32 33 34 35 36 37 38 39 40 41 42 43 44 45 46 47 48 49 50 51 52 53 54 55 56 57 58 59 60 61 62 63 64 65 66 67 68 69 70 71 72 73 74 75 76 77 78 79 80 81 82 83 84 85 86 87 88 89 90 91 92 93 94 95 96 97 98 99 100 101 102 103 104 105 106 107 108 109 110 111 112 113 114 115 116 117 118 119 120 121 122 123 124 125 126 127 128 129 130 131 132 133 134 135 136 137 138 139 140 141 142 143 144 145 146 147 148 149 150 151 152 153 154 155 156 157 158 159 160 161 162 163 164 165 166 167 168 169 170 171 172 173 174 175 176 177 178 179 180 181 182 183 184 185 186 187 188 189 190 191 192 193 194 195 196 197 198 199 200 1 2 3 4 5 6 7 8 9 10 11 12 13 14 15 16 17 18 19 20 21 22 23 24 25 26 27 28 29 30 31 32 33 34 35 36 37 38 39 40 41 42 43 44 45 46 47 48 49 50 51 52 53 54 55 56 57 58 59 60 61 62 63 64 65 66 67 68 69 70 71 72 73 74 75 76 77 78 79 80 81 82 83 84 85 86 87 88 89 90 91 92 93 94 95 96 97 98 99 100 101 102 103 104 105 106 107 108 109 110 111 112 113 114 115 116 117 118 119 120 121 122 123 124 125 126 127 128 129 130 131 132 133 134 135 136 137 138 139 140 141 142 143 144 145 146 147 148 149 150 151 152 153 154 155 156 157 158 159 160 161 162 163 164 165 166 167 168 169 170 171 172 173 174 175 176 177 178 179 180 181 182 183 184 185 186 187 188 189 190 191 192 193 194 195 196 197 198 199 200 1 2 3 4 5 6 7 8 9 10 11 12 13 14 15 16 17 18 19 20 21 22 23 24 25 26 27 28 29 30 31 32 33 34 35 36 37 38 39 40 41 42 43 44 45 46 47 48 49 50 51 52 53 54 55 56 57 58 59 60 61 62 63 64 65 66 67 68 69 70 71 72 73 74 75 76 77 78 79 80 81 82 83 84 85 86 87 88 89 90 91 92 93 94 95 96 97 98 99 100 101 102 103 104 105 106 107 108 109 110 111 112 113 114 115 116 117 118 119 120 121 122 123 124 125 126 127 128 129 130 131 132 133 134 135 136 137 138 139 140 141 142 143 144 145 146 147 148 149 150 151 152 153 154 155 156 157 158 159 160 161 162 163 164 165 166 167 168 169 170 171 172 173 174 175 176 177 178 179 180 181 182 183 184 185 186 187 188 189 190 191 192 193 194 195 196 197 198 199 200 1 2 3 4 5 6 7 8 9 10 11 12 13 14 15 16 17 18 19 20 21 22 23 24 25 26 27 28 29 30 31 32 33 34 35 36 37 38 39 40 41 42 43 44 45 46 47 48 49 50 51 52 53 54 55 56 57 58 59 60 61 62 63 64 65 66 67 68 69 70 71 72 73 74 75 76 77 78 79 80 81 82 83 84 85 86 87 88 89 90 91 92 93 94 95 96 97 98 99 100 101 102 103 104 105 106 107 108 109 110 111 112 113 114 115 116 117 118 119 120 121 122 123 124 125 126 127 128 129 130 131 132 133 134 135 136 137 138 139 140 141 142 143 144 145 146 147 148 149 150 151 152 153 154 155 156 157 158 159 160 161 162 163 164 165 166 167 168 169 170 171 172 173 174 175 176 177 178 179 180 181 182 183 184 185 186 187 188 189 190 191 192 193 194 195 196 197 198 199 200 1 2 3 4 5 6 7 8 9 10 11 12 13 14 15 16 17 18 19 20 21 22 23 24 25 26 27 28 29 30 31 32 33 34 35 36 37 38 39 40 41 42 43 44 45 46 47 48 49 50 51 52 53 54 55 56 57 58 59 60 61 62 63 64 65 66 67 68 69 70 71 72 73 74 75 76 77 78 79 80 81 82 83 84 85 86 87 88 89 90 91 92 93 94 95 96 97 98 99 100 101 102 103 104 105 106 107 108 109 110 111 112 113 114 115 116 117 118 119 120 121 122 123 124 125 126 127 128 129 130 131 132 133 134 135 136 137 138 139 140 141 142 143 144 145 146 147 148 149 150 151 152 153 154 155 156 157 158 159 160 161 162 163 164 165 166 167 168 169 170 171 172 173 174 175 176 177 178 179 180 181 182 183 184 185 186 187 188 189 190 191 192 193 194 195 196 197 198 199 200 1 2 3 4 5 6 7 8 9 10 11 12 13 14 15 16 17 18 19 20 21 22 23 24 25 26 27 28 29 30 31 32 33 34 35 36 37 38 39 40 41 42 43 44 45 46 47 48 49 50 51 52 53 54 55 56 57 58 59 60 61 62 63 64 65 66 67 68 69 70 71 72 73 74 75 76 77 78 79 80 81 82 83 84 85 86 87 88 89 90 91 92 93 94 95 96 97 98 99 100 101 102 103 104 105 106 107 108 109 110 111 112 113 114 115 116 117 118 119 120 121 122 123 124 125 126 127 128 129 130 131 132 133 134 135 136 137 138 139 140 141 142 143 144 145 146 147 148 149 150 151 152 153 154 155 156 157 158 159 160 161 162 163 164 165 166 167 168 169 170 171 172 173 174 175 176 177 178 179 180 181 182 183 184 185 186 187 188 189 190 191 192 193 194 195 196 197 198 199 200 1 2 3 4 5 6 7 8 9 10 11 12 13 14 15 16 17 18 19 20 21 22 23 24 25 26 27 28 29 30 31 32 33 34 35 36 37 38 39 40 41 42 43 44 45 46 47 48 49 50 51 52 53 54 55 56 57 58 59 60 61 62 63 64 65 66 67 68 69 70 71 72 73 74 75 76 77 78 79 80 81 82 83 84 85 86 87 88 89 90 91 92 93 94 95 96 97 98 99 100 101 102 103 104 105 106 107 108 109 110 111 112 113 114 115 116 117 118 119 120 121 122 123 124 125 126 127 128 129 130 131 132 133 134 135 136 137 138 139 140 141 142 143 144 145 146 147 148 149 150 151 152 153 154 155 156 157 158 159 160 161 162 163 164 165 166 167 168 169 170 171 172 173 174 175 176 177 178 179 180 181 182 183 184 185 186 187 188 189 190 191 192 193 194 195 196 197 198 199 200 1 2 3 4 5 6 7 8 9 10 11 12 13 14 15 16 17 18 19 20 21 22 23 24 25 26 27 28 29 30 31 32 33 34 35 36 37 38 39 40 41 42 43 44 45 46 47 48 49 50 51 52 53 54 55 56 57 58 59 60 61 62 63 64 65 66 67 68 69 70 71 72 73 74 75 76 77 78 79 80 81 82 83 84 85 86 87 88 89 90 91 92 93 94 95 96 97 98 99 100 101 102 103 104 105 106 107 108 109 110 111 112 113 114 115 116 117 118 119 120 121 122 123 124 125 126 127 128 129 130 131 132 133 134 135 136 137 138 139 140 141 142 143 144 145 146 147 148 149 150 151 152 153 154 155 156 157 158 159 160 161 162 163 164 165 166 167 168 169 170 171 172 173 174 175 176 177 178 179 180 181 182 183 184 185 186 187 188 189 190 191 192 193 194 195 196 197 198 199 200 1 2 3 4 5 6 7 8 9 10 11 12 13 14 15 16 17 18 19 20 21 22 23 24 25 26 27 28 29 30 31 32 33 34 35 36 37 38 39 40 41 42 43 44 45 46 47 48 49 50 51 52 53 54 55 56 57 58 59 60 61 62 63 64 65 66 67 68 69 70 71 72 73 74 75 76 77 78 79 80 81 82 83 84 85 86 87 88 89 90 91 92 93 94 95 96 97 98 99 100 101 102 103 104 105 106 107 108 109 110 111 112 113 114 115 116 117 118 119 120 121 122 123 124 125 126 127 128 129 130 131 132 133 134 135 136 137 138 139 140 141 142 143 144 145 146 147 148 149 150 151 152 153 154 155 156 157 158 159 160 161 162 163 164 165 166 167 168 169 170 171 172 173 174 175 176 177 178 179 180 181 182 183 184 185 186 187 188 189 190 191 192 193 194 195 196 197 198 199 200 1 2 3 4 5 6 7 8 9 10 11 12 13 14 15 16 17 18 19 20 21 22 23 24 25 26 27 28 29 30 31 32 33 34 35 36 37 38 39 40 41 42 43 44 45 46 47 48 49 50 51 52 53 54 55 56 57 58 59 60 61 62 63 64 65 66 67 68 69 70 71 72 73 74 75 76 77 78 79 80 81 82 83 84 85 86 87 88 89 90 91 92 93 94 95 96 97 98 99 100 101 102 103 104 105 106 107 108 109 110 111 112 113 114 115 116 117 118 119 120 121 122 123 124 125 126 127 128 129 130 131 132 133 134 135 136 137 138 139 140 141 142 143 144 145 146 147 148 149 150 151 152 153 154 155 156 157 158 159 160 161 162 163 164 165 166 167 168 169 170 171 172 173 174 175 176 177 178 179 180 181 182 183 184 185 186 187 188 189 190 191 192 193 194 195 196 197 198 199 200 1 2 3 4 5 6 7 8 9 10 11 12 13 14 15 16 17 18 19 20 21 22 23 24 25 26 27 28 29 30 31 32 33 34 35 36 37 38 39 40 41 42 43 44 45 46 47 48 49 50 51 52 53 54 55 56 57 58 59 60 61 62 63 64 65 66 67 68 69 70 71 72 73 74 75 76 77 78 79 80 81 82 83 84 85 86 87 88 89 90 91 92 93 94 95 96 97 98 99 100 101 102 103 104 105 106 107 108 109 110 111 112 113 114 115 116 117 118 119 120 121 122 123 124 125 126 127 128 129 130 131 132 133 134 135 136 137 138 139 140 141 142 143 144 145 146 147 148 149 150 151 152 153 154 155 156 157 158 159 160 161 162 163 164 165 166 167 168 169 170 171 172 173 174 175 176 177 178 179 180 181 182 183 184 185 186 187 188 189 190 191 192 193 194 195 196 197 198 199 200 1 2 3 4 5 6 7 8 9 10 11 12 13 14 15 16 17 18 19 20 21 22 23 24 25 26 27 28 29 30 31 32 33 34 35 36 37 38 39 40 41 42 43 44 45 46 47 48 49 50 51 52 53 54 55 56 57 58 59 60 61 62 63 64 65 66 67 68 69 70 71 72 73 74 75 76 77 78 79 80 81 82 83 84 85 86 87 88 89 90 91 92 93 94 95 96 97 98 99 100 101 102 103 104 105 106 107 108 109 110 111 112 113 114 115 116 117 118 119 120 121 122 123 124 125 126 127 128 129 130 131 132 133 134 135 136 137 138 139 140 141 142 143 144 145 146 147 148 149 150 151 152 153 154 155 156 157 158 159 160 161 162 163 164 165 166 167 168 169 170 171 172 173 174 175 176 177 178 179 180 181 182 183 184 185 186 187 188 189 190 191 192 193 194 195 196 197 198 199 200 1 2 3 4 5 6 7 8 9 10 11 12 13 14 15 16 17 18 19 20 21 22 23 24 25 26 27 28 29 30 31 32 33 34 35 36 37 38 39 40 41 42 43 44 45 46 47 48 49 50 51 52 53 54 55 56 57 58 59 60 61 62 63 64 65 66 67 68 69 70 71 72 73 74 75 76 77 78 79 80 81 82 83 84 85 86 87 88 89 90 91 92 93 94 95 96 97 98 99 100 101 102 103 104 105 106 107 108 109 110 111 112 113 114 115 116 117 118 119 120 121 122 123 124 125 126 127 128 129 130 131 132 133 134 135 136 137 138 139 140 141 142 143 144 145 146 147 148 149 150 151 152 153 154 155 156 157 158 159 160 161 162 163 164 165 166 167 168 169 170 171 172 173 174 175 176 177 178 179 180 181 182 183 184 185 186 187 188 189 190 191 192 193 194 195 196 197 198 199 200 1 2 3 4 5 6 7 8 9 10 11 12 13 14 15 16 17 18 19 20 21 22 23 24 25 26 27 28 29 30 31 32 33 34 35 36 37 38 39 40 41 42 43 44 45 46 47 48 49 50 51 52 53 54 55 56 57 58 59 60 61 62 63 64 65 66 67 68 69 70 71 72 73 74 75 76 77 78 79 80 81 82 83 84 85 86 87 88 89 90 91 92 93 94 95 96 97 98 99 100 101 102 103 104 105 106 107 108 109 110 111 112 113 114 115 116 117 118 119 120 121 122 123 124 125 126 127 128 129 130 131 132 133 134 135 136 137 138 139 140 141 142 143 144 145 146 147 148 149 150 151 152 153 154 155 156 157 158 159 160 161 162 163 164 165 166 167 168 169 170 171 172 173 174 175 176 177 178 179 180 181 182 183 184 185 186 187 188 189 190 191 192 193 194 195 196 197 198 199 200 1 2 3 4 5 6 7 8 9 10 11 12 13 14 15 16 17 18 19 20 21 22 23 24 25 26 27 28 29 30 31 32 33 34 35 36 37 38 39 40 41 42 43 44 45 46 47 48 49 50 51 52 53 54 55 56 57 58 59 60 61 62 63 64 65 66 67 68 69 70 71 72 73 74 75 76 77 78 79 80 81 82 83 84 85 86 87 88 89 90 91 92 93 94 95 96 97 98 99 100 101 102 103 104 105 106 107 108 109 110 111 112 113 114 115 116 117 118 119 120 121 122 123 124 125 126 127 128 129 130 131 132 133 134 135 136 137 138 139 140 141 142 143 144 145 146 147 148 149 150 151 152 153 154 155 156 157 158 159 160 161 162 163 164 165 166 167 168 169 170 171 172 173 174 175 176 177 178 179 180 181 182 183 184 185 186 187 188 189 190 191 192 193 194 195 196 197 198 199 200 1 2 3 4 5 6 7 8 9 10 11 12 13 14 15 16 17 18 19 20 21 22 23 24 25 26 27 28 29 30 31 32 33 34 35 36 37 38 39 40 41 42 43 44 45 46 47 48 49 50 51 52 53 54 55 56 57 58 59 60 61 62 63 64 65 66 67 68 69 70 71 72 73 74 75 76 77 78 79 80 81 82 83 84 85 86 87 88 89 90 91 92 93 94 95 96 97 98 99 100 101 102 103 104 105 106 107 108 109 110 111 112 113 114 115 116 117 118 119 120 121 122 123 124 125 126 127 128 129 130 131 132 133 134 135 136 137 138 139 140 141 142 143 144 145 146 147 148 149 150 151 152 153 154 155 156 157 158 159 160 161 162 163 164 165 166 167 168 169 170 171 172 173 174 175 176 177 178 179 180 181 182 183 184 185 186 187 188 189 190 191 192 193 194 195 196 197 198 199 200 1 2 3 4 5 6 7 8 9 10 11 12 13 14 15 16 17 18 19 20 21 22 23 24 25 26 27 28 29 30 31 32 33 34 35 36 37 38 39 40 41 42 43 44 45 46 47 48 49 50 51 52 53 54 55 56 57 58 59 60 61 62 63 64 65 66 67 68 69 70 71 72 73 74 75 76 77 78 79 80 81 82 83 84 85 86 87 88 89 90 91 92 93 94 95 96 97 98 99 100 101 102 103 104 105 106 107 108 109 110 111 112 113 114 115 116 117 118 119 120 121 122 123 124 125 126 127 128 129 130 131 132 133 134 135 136 137 138 139 140 141 142 143 144 145 146 147 148 149 150 151 152 153 154 155 156 157 158 159 160 161 162 163 164 165 166 167 168 169 170 171 172 173 174 175 176 177 178 179 180 181 182 183 184 185 186 187 188 189 190 191 192 193 194 195 196 197 198 199 200 1 2 3 4 5 6 7 8 9 10 11 12 13 14 15 16 17 18 19 20 21 22 23 24 25 26 27 28 29 30 31 32 33 34 35 36 37 38 39 40 41 42 43 44 45 46 47 48 49 50 51 52 53 54 55 56 57 58 59 60 61 62 63 64 65 66 67 68 69 70 71 72 73 74 75 76 77 78 79 80 81 82 83 84 85 86 87 88 89 90 91 92 93 94 95 96 97 98 99 100 101 102 103 104 105 106 107 108 109 110 111 112 113 114 115 116 117 118 119 120 121 122 123 124 125 126 127 128 129 130 131 132 133 134 135 136 137 138 139 140 141 142 143 144 145 146 147 148 149 150 151 152 153 154 155 156 157 158 159 160 161 162 163 164 165 166 167 168 169 170 171 172 173 174 175 176 177 178 179 180 181 182 183 184 185 186 187 188 189 190 191 192 193 194 195 196 197 198 199 200 1 2 3 4 5 6 7 8 9 10 11 12 13 14 15 16 17 18 19 20 21 22 23 24 25 26 27 28 29 30 31 32 33 34 35 36 37 38 39 40 41 42 43 44 45 46 47 48 49 50 51 52 53 54 55 56 57 58 59 60 61 62 63 64 65 66 67 68 69 70 71 72 73 74 75 76 77 78 79 80 81 82 83 84 85 86 87 88 89 90 91 92 93 94 95 96 97 98 99 100 101 102 103 104 105 106 107 108 109 110 111 112 113 114 115 116 117 118 119 120 121 122 123 124 125 126 127 128 129 130 131 132 133 134 135 136 137 138 139 140 141 142 143 144 145 146 147 148 149 150 151 152 153 154 155 156 157 158 159 160 161 162 163 164 165 166 167 168 169 170 171 172 173 174 175 176 177 178 179 180 181 182 183 184 185 186 187 188 189 190 191 192 193 194 195 196 197 198 199 200 1 2 3 4 5 6 7 8 9 10 11 12 13 14 15 16 17 18 19 20 21 22 23 24 25 26 27 28 29 30 31 32 33 34 35 36 37 38 39 40 41 42 43 44 45 46 47 48 49 50 51 52 53 54 55 56 57 58 59 60 61 62 63 64 65 66 67 68 69 70 71 72 73 74 75 76 77 78 79 80 81 82 83 84 85 86 87 88 89 90 91 92 93 94 95 96 97 98 99 100 101 102 103 104 105 106 107 108 109 110 111 112 113 114 115 116 117 118 119 120 121 122 123 124 125 126 127 128 129 130 131 132 133 134 135 136 137 138 139 140 141 142 143 144 145 146 147 148 149 150 151 152 153 154 155 156 157 158 159 160 161 162 163 164 165 166 167 168 169 170 171 172 173 174 175 176 177 178 179 180 181 182 183 184 185 186 187 188 189 190 191 192 193 194 195 196 197 198 199 200 1 2 3 4 5 6 7 8 9 10 11 12 13 14 15 16 17 18 19 20 21 22 23 24 25 26 27 28 29 30 31 32 33 34 35 36 37 38 39 40 41 42 43 44 45 46 47 48 49 50 51 52 53 54 55 56 57 58 59 60 61 62 63 64 65 66 67 68 69 70 71 72 73 74 75 76 77 78 79 80 81 82 83 84 85 86 87 88 89 90 91 92 93 94 95 96 97 98 99 100 101 102 103 104 105 106 107 108 109 110 111 112 113 114 115 116 117 118 119 120 121 122 123 124 125 126 127 128 129 130 131 132 133 134 135 136 137 138 139 140 141 142 143 144 145 146 147 148 149 150 151 152 153 154 155 156 157 158 159 160 161 162 163 164 165 166 167 168 169 170 171 172 173 174 175 176 177 178 179 180 181 182 183 184 185 186 187 188 189 190 191 192 193 194 195 196 197 198 199 200 1 2 3 4 5 6 7 8 9 10 11 12 13 14 15 16 17 18 19 20 21 22 23 24 25 26 27 28 29 30 31 32 33 34 35 36 37 38 39 40 41 42 43 44 45 46 47 48 49 50 51 52 53 54 55 56 57 58 59 60 61 62 63 64 65 66 67 68 69 70 71 72 73 74 75 76 77 78 79 80 81 82 83 84 85 86 87 88 89 90 91 92 93 94 95 96 97 98 99 100 101 102 103 104 105 106 107 108 109 110 111 112 113 114 115 116 117 118 119 120 121 122 123 124 125 126 127 128 129 130 131 132 133 134 135 136 137 138 139 140 141 142 143 144 145 146 147 148 149 150 151 152 153 154 155 156 157 158 159 160 161 162 163 164 165 166 167 168 169 170 171 172 173 174 175 176 177 178 179 180 181 182 183 184 185 186 187 188 189 190 191 192 193 194 195 196 197 198 199 200 1 2 3 4 5 6 7 8 9 10 11 12 13 14 15 16 17 18 19 20 21 22 23 24 25 26 27 28 29 30 31 32 33 34 35 36 37 38 39 40 41 42 43 44 45 46 47 48 49 50 51 52 53 54 55 56 57 58 59 60 61 62 63 64 65 66 67 68 69 70 71 72 73 74 75 76 77 78 79 80 81 82 83 84 85 86 87 88 89 90 91 92 93 94 95 96 97 98 99 100 101 102 103 104 105 106 107 108 109 110 111 112 113 114 115 116 117 118 119 120 121 122 123 124 125 126 127 128 129 130 131 132 133 134 135 136 137 138 139 140 141 142 143 144 145 146 147 148 149 150 151 152 153 154 155 156 157 158 159 160 161 162 163 164 165 166 167 168 169 170 171 172 173 174 175 176 177 178 179 180 181 182 183 184 185 186 187 188 189 190 191 192 193 194 195 196 197 198 199 200 1 2 3 4 5 6 7 8 9 10 11 12 13 14 15 16 17 18 19 20 21 22 23 24 25 26 27 28 29 30 31 32 33 34 35 36 37 38 39 40 41 42 43 44 45 46 47 48 49 50 51 52 53 54 55 56 57 58 59 60 61 62 63 64 65 66 67 68 69 70 71 72 73 74 75 76 77 78 79 80 81 82 83 84 85 86 87 88 89 90 91 92 93 94 95 96 97 98 99 100 101 102 103 104 105 106 107 108 109 110 111 112 113 114 115 116 117 118 119 120 121 122 123 124 125 126 127 128 129 130 131 132 133 134 135 136 137 138 139 140 141 142 143 144 145 146 147 148 149 150 151 152 153 154 155 156 157 158 159 160 161 162 163 164 165 166 167 168 169 170 171 172 173 174 175 176 177 178 179 180 181 182 183 184 185 186 187 188 189 190 191 192 193 194 195 196 197 198 199 200 1 2 3 4 5 6 7 8 9 10 11 12 13 14 15 16 17 18 19 20 21 22 23 24 25 26 27 28 29 30 31 32 33 34 35 36 37 38 39 40 41 42 43 44 45 46 47 48 49 50 51 52 53 54 55 56 57 58 59 60 61 62 63 64 65 66 67 68 69 70 71 72 73 74 75 76 77 78 79 80 81 82 83 84 85 86 87 88 89 90 91 92 93 94 95 96 97 98 99 100 101 102 103 104 105 106 107 108 109 110 111 112 113 114 115 116 117 118 119 120 121 122 123 124 125 126 127 128 129 130 131 132 133 134 135 136 137 138 139 140 141 142 143 144 145 146 147 148 149 150 151 152 153 154 155 156 157 158 159 160 161 162 163 164 165 166 167 168 169 170 171 172 173 174 175 176 177 178 179 180 181 182 183 184 185 186 187 188 189 190 191 192 193 194 195 196 197 198 199 200 1 2 3 4 5 6 7 8 9 10 11 12 13 14 15 16 17 18 19 20 21 22 23 24 25 26 27 28 29 30 31 32 33 34 35 36 37 38 39 40 41 42 43 44 45 46 47 48 49 50 51 52 53 54 55 56 57 58 59 60 61 62 63 64 65 66 67 68 69 70 71 72 73 74 75 76 77 78 79 80 81 82 83 84 85 86 87 88 89 90 91 92 93 94 95 96 97 98 99 100 101 102 103 104 105 106 107 108 109 110 111 112 113 114 115 116 117 118 119 120 121 122 123 124 125 126 127 128 129 130 131 132 133 134 135 136 137 138 139 140 141 142 143 144 145 146 147 148 149 150 151 152 153 154 155 156 157 158 159 160 161 162 163 164 165 166 167 168 169 170 171 172 173 174 175 176 177 178 179 180 181 182 183 184 185 186 187 188 189 190 191 192 193 194 195 196 197 198 199 200 1 2 3 4 5 6 7 8 9 10 11 12 13 14 15 16 17 18 19 20 21 22 23 24 25 26 27 28 29 30 31 32 33 34 35 36 37 38 39 40 41 42 43 44 45 46 47 48 49 50 51 52 53 54 55 56 57 58 59 60 61 62 63 64 65 66 67 68 69 70 71 72 73 74 75 76 77 78 79 80 81 82 83 84 85 86 87 88 89 90 91 92 93 94 95 96 97 98 99 100 101 102 103 104 105 106 107 108 109 110 111 112 113 114 115 116 117 118 119 120 121 122 123 124 125 126 127 128 129 130 131 132 133 134 135 136 137 138 139 140 141 142 143 144 145 146 147 148 149 150 151 152 153 154 155 156 157 158 159 160 161 162 163 164 165 166 167 168 169 170 171 172 173 174 175 176 177 178 179 180 181 182 183 184 185 186 187 188 189 190 191 192 193 194 195 196 197 198 199 200 1 2 3 4 5 6 7 8 9 10 11 12 13 14 15 16 17 18 19 20 21 22 23 24 25 26 27 28 29 30 31 32 33 34 35 36 37 38 39 40 41 42 43 44 45 46 47 48 49 50 51 52 53 54 55 56 57 58 59 60 61 62 63 64 65 66 67 68 69 70 71 72 73 74 75 76 77 78 79 80 81 82 83 84 85 86 87 88 89 90 91 92 93 94 95 96 97 98 99 100 101 102 103 104 105 106 107 108 109 110 111 112 113 114 115 116 117 118 119 120 121 122 123 124 125 126 127 128 129 130 131 132 133 134 135 136 137 138 139 140 141 142 143 144 145 146 147 148 149 150 151 152 153 154 155 156 157 158 159 160 161 162 163 164 165 166 167 168 169 170 171 172 173 174 175 176 177 178 179 180 181 182 183 184 185 186 187 188 189 190 191 192 193 194 195 196 197 198 199 200 1 2 3 4 5 6 7 8 9 10 11 12 13 14 15 16 17 18 19 20 21 22 23 24 25 26 27 28 29 30 31 32 33 34 35 36 37 38 39 40 41 42 43 44 45 46 47 48 49 50 51 52 53 54 55 56 57 58 59 60 61 62 63 64 65 66 67 68 69 70 71 72 73 74 75 76 77 78 79 80 81 82 83 84 85 86 87 88 89 90 91 92 93 94 95 96 97 98 99 100 101 102 103 104 105 106 107 108 109 110 111 112 113 114 115 116 117 118 119 120 121 122 123 124 125 126 127 128 129 130 131 132 133 134 135 136 137 138 139 140 141 142 143 144 145 146 147 148 149 150 151 152 153 154 155 156 157 158 159 160 161 162 163 164 165 166 167 168 169 170 171 172 173 174 175 176 177 178 179 180 181 182 183 184 185 186 187 188 189 190 191 192 193 194 195 196 197 198 199 200 1 2 3 4 5 6 7 8 9 10 11 12 13 14 15 16 17 18 19 20 21 22 23 24 25 26 27 28 29 30 31 32 33 34 35 36 37 38 39 40 41 42 43 44 45 46 47 48 49 50 51 52 53 54 55 56 57 58 59 60 61 62 63 64 65 66 67 68 69 70 71 72 73 74 75 76 77 78 79 80 81 82 83 84 85 86 87 88 89 90 91 92 93 94 95 96 97 98 99 100 101 102 103 104 105 106 107 108 109 110 111 112 113 114 115 116 117 118 119 120 121 122 123 124 125 126 127 128 129 130 131 132 133 134 135 136 137 138 139 140 141 142 143 144 145 146 147 148 149 150 151 152 153 154 155 156 157 158 159 160 161 162 163 164 165 166 167 168 169 170 171 172 173 174 175 176 177 178 179 180 181 182 183 184 185 186 187 188 189 190 191 192 193 194 195 196 197 198 199 200 1 2 3 4 5 6 7 8 9 10 11 12 13 14 15 16 17 18 19 20 21 22 23 24 25 26 27 28 29 30 31 32 33 34 35 36 37 38 39 40 41 42 43 44 45 46 47 48 49 50 51 52 53 54 55 56 57 58 59 60 61 62 63 64 65 66 67 68 69 70 71 72 73 74 75 76 77 78 79 80 81 82 83 84 85 86 87 88 89 90 91 92 93 94 95 96 97 98 99 100 101 102 103 104 105 106 107 108 109 110 111 112 113 114 115 116 117 118 119 120 121 122 123 124 125 126 127 128 129 130 131 132 133 134 135 136 137 138 139 140 141 142 143 144 145 146 147 148 149 150 151 152 153 154 155 156 157 158 159 160 161 162 163 164 165 166 167 168 169 170 171 172 173 174 175 176 177 178 179 180 181 182 183 184 185 186 187 188 189 190 191 192 193 194 195 196 197 198 199 200 1 2 3 4 5 6 7 8 9 10 11 12 13 14 15 16 17 18 19 20 21 22 23 24 25 26 27 28 29 30 31 32 33 34 35 36 37 38 39 40 41 42 43 44 45 46 47 48 49 50 51 52 53 54 55 56 57 58 59 60 61 62 63 64 65 66 67 68 69 70 71 72 73 74 75 76 77 78 79 80 81 82 83 84 85 86 87 88 89 90 91 92 93 94 95 96 97 98 99 100 101 102 103 104 105 106 107 108 109 110 111 112 113 114 115 116 117 118 119 120 121 122 123 124 125 126 127 128 129 130 131 132 133 134 135 136 137 138 139 140 141 142 143 144 145 146 147 148 149 150 151 152 153 154 155 156 157 158 159 160 161 162 163 164 165 166 167 168 169 170 171 172 173 174 175 176 177 178 179 180 181 182 183 184 185 186 187 188 189 190 191 192 193 194 195 196 197 198 199 200 1 2 3 4 5 6 7 8 9 10 11 12 13 14 15 16 17 18 19 20 21 22 23 24 25 26 27 28 29 30 31 32 33 34 35 36 37 38 39 40 41 42 43 44 45 46 47 48 49 50 51 52 53 54 55 56 57 58 59 60 61 62 63 64 65 66 67 68 69 70 71 72 73 74 75 76 77 78 79 80 81 82 83 84 85 86 87 88 89 90 91 92 93 94 95 96 97 98 99 100 101 102 103 104 105 106 107 108 109 110 111 112 113 114 115 116 117 118 119 120 121 122 123 124 125 126 127 128 129 130 131 132 133 134 135 136 137 138 139 140 141 142 143 144 145 146 147 148 149 150 151 152 153 154 155 156 157 158 159 160 161 162 163 164 165 166 167 168 169 170 171 172 173 174 175 176 177 178 179 180 181 182 183 184 185 186 187 188 189 190 191 192 193 194 195 196 197 198 199 200 1 2 3 4 5 6 7 8 9 10 11 12 13 14 15 16 17 18 19 20 21 22 23 24 25 26 27 28 29 30 31 32 33 34 35 36 37 38 39 40 41 42 43 44 45 46 47 48 49 50 51 52 53 54 55 56 57 58 59 60 61 62 63 64 65 66 67 68 69 70 71 72 73 74 75 76 77 78 79 80 81 82 83 84 85 86 87 88 89 90 91 92 93 94 95 96 97 98 99 100 101 102 103 104 105 106 107 108 109 110 111 112 113 114 115 116 117 118 119 120 121 122 123 124 125 126 127 128 129 130 131 132 133 134 135 136 137 138 139 140 141 142 143 144 145 146 147 148 149 150 151 152 153 154 155 156 157 158 159 160 161 162 163 164 165 166 167 168 169 170 171 172 173 174 175 176 177 178 179 180 181 182 183 184 185 186 187 188 189 190 191 192 193 194 195 196 197 198 199 200 1 2 3 4 5 6 7 8 9 10 11 12 13 14 15 16 17 18 19 20 21 22 23 24 25 26 27 28 29 30 31 32 33 34 35 36 37 38 39 40 41 42 43 44 45 46 47 48 49 50 51 52 53 54 55 56 57 58 59 60 61 62 63 64 65 66 67 68 69 70 71 72 73 74 75 76 77 78 79 80 81 82 83 84 85 86 87 88 89 90 91 92 93 94 95 96 97 98 99 100 101 102 103 104 105 106 107 108 109 110 111 112 113 114 115 116 117 118 119 120 121 122 123 124 125 126 127 128 129 130 131 132 133 134 135 136 137 138 139 140 141 142 143 144 145 146 147 148 149 150 151 152 153 154 155 156 157 158 159 160 161 162 163 164 165 166 167 168 169 170 171 172 173 174 175 176 177 178 179 180 181 182 183 184 185 186 187 188 189 190 191 192 193 194 195 196 197 198 199 200 1 2 3 4 5 6 7 8 9 10 11 12 13 14 15 16 17 18 19 20 21 22 23 24 25 26 27 28 29 30 31 32 33 34 35 36 37 38 39 40 41 42 43 44 45 46 47 48 49 50 51 52 53 54 55 56 57 58 59 60 61 62 63 64 65 66 67 68 69 70 71 72 73 74 75 76 77 78 79 80 81 82 83 84 85 86 87 88 89 90 91 92 93 94 95 96 97 98 99 100 101 102 103 104 105 106 107 108 109 110 111 112 113 114 115 116 117 118 119 120 121 122 123 124 125 126 127 128 129 130 131 132 133 134 135 136 137 138 139 140 141 142 143 144 145 146 147 148 149 150 151 152 153 154 155 156 157 158 159 160 161 162 163 164 165 166 167 168 169 170 171 172 173 174 175 176 177 178 179 180 181 182 183 184 185 186 187 188 189 190 191 192 193 194 195 196 197 198 199 200 1 2 3 4 5 6 7 8 9 10 11 12 13 14 15 16 17 18 19 20 21 22 23 24 25 26 27 28 29 30 31 32 33 34 35 36 37 38 39 40 41 42 43 44 45 46 47 48 49 50 51 52 53 54 55 56 57 58 59 60 61 62 63 64 65 66 67 68 69 70 71 72 73 74 75 76 77 78 79 80 81 82 83 84 85 86 87 88 89 90 91 92 93 94 95 96 97 98 99 100 101 102 103 104 105 106 107 108 109 110 111 112 113 114 115 116 117 118 119 120 121 122 123 124 125 126 127 128 129 130 131 132 133 134 135 136 137 138 139 140 141 142 143 144 145 146 147 148 149 150 151 152 153 154 155 156 157 158 159 160 161 162 163 164 165 166 167 168 169 170 171 172 173 174 175 176 177 178 179 180 181 182 183 184 185 186 187 188 189 190 191 192 193 194 195 196 197 198 199 200 1 2 3 4 5 6 7 8 9 10 11 12 13 14 15 16 17 18 19 20 21 22 23 24 25 26 27 28 29 30 31 32 33 34 35 36 37 38 39 40 41 42 43 44 45 46 47 48 49 50 51 52 53 54 55 56 57 58 59 60 61 62 63 64 65 66 67 68 69 70 71 72 73 74 75 76 77 78 79 80 81 82 83 84 85 86 87 88 89 90 91 92 93 94 95 96 97 98 99 100 101 102 103 104 105 106 107 108 109 110 111 112 113 114 115 116 117 118 119 120 121 122 123 124 125 126 127 128 129 130 131 132 133 134 135 136 137 138 139 140 141 142 143 144 145 146 147 148 149 150 151 152 153 154 155 156 157 158 159 160 161 162 163 164 165 166 167 168 169 170 171 172 173 174 175 176 177 178 179 180 181 182 183 184 185 186 187 188 189 190 191 192 193 194 195 196 197 198 199 200 1 2 3 4 5 6 7 8 9 10 11 12 13 14 15 16 17 18 19 20 21 22 23 24 25 26 27 28 29 30 31 32 33 34 35 36 37 38 39 40 41 42 43 44 45 46 47 48 49 50 51 52 53 54 55 56 57 58 59 60 61 62 63 64 65 66 67 68 69 70 71 72 73 74 75 76 77 78 79 80 81 82 83 84 85 86 87 88 89 90 91 92 93 94 95 96 97 98 99 100 101 102 103 104 105 106 107 108 109 110 111 112 113 114 115 116 117 118 119 120 121 122 123 124 125 126 127 128 129 130 131 132 133 134 135 136 137 138 139 140 141 142 143 144 145 146 147 148 149 150 151 152 153 154 155 156 157 158 159 160 161 162 163 164 165 166 167 168 169 170 171 172 173 174 175 176 177 178 179 180 181 182 183 184 185 186 187 188 189 190 191 192 193 194 195 196 197 198 199 200 1 2 3 4 5 6 7 8 9 10 11 12 13 14 15 16 17 18 19 20 21 22 23 24 25 26 27 28 29 30 31 32 33 34 35 36 37 38 39 40 41 42 43 44 45 46 47 48 49 50 51 52 53 54 55 56 57 58 59 60 61 62 63 64 65 66 67 68 69 70 71 72 73 74 75 76 77 78 79 80 81 82 83 84 85 86 87 88 89 90 91 92 93 94 95 96 97 98 99 100 101 102 103 104 105 106 107 108 109 110 111 112 113 114 115 116 117 118 119 120 121 122 123 124 125 126 127 128 129 130 131 132 133 134 135 136 137 138 139 140 141 142 143 144 145 146 147 148 149 150 151 152 153 154 155 156 157 158 159 160 161 162 163 164 165 166 167 168 169 170 171 172 173 174 175 176 177 178 179 180 181 182 183 184 185 186 187 188 189 190 191 192 193 194 195 196 197 198 199 200 1 2 3 4 5 6 7 8 9 10 11 12 13 14 15 16 17 18 19 20 21 22 23 24 25 26 27 28 29 30 31 32 33 34 35 36 37 38 39 40 41 42 43 44 45 46 47 48 49 50 51 52 53 54 55 56 57 58 59 60 61 62 63 64 65 66 67 68 69 70 71 72 73 74 75 76 77 78 79 80 81 82 83 84 85 86 87 88 89 90 91 92 93 94 95 96 97 98 99 100 101 102 103 104 105 106 107 108 109 110 111 112 113 114 115 116 117 118 119 120 121 122 123 124 125 126 127 128 129 130 131 132 133 134 135 136 137 138 139 140 141 142 143 144 145 146 147 148 149 150 151 152 153 154 155 156 157 158 159 160 161 162 163 164 165 166 167 168 169 170 171 172 173 174 175 176 177 178 179 180 181 182 183 184 185 186 187 188 189 190 191 192 193 194 195 196 197 198 199 200 1 2 3 4 5 6 7 8 9 10 11 12 13 14 15 16 17 18 19 20 21 22 23 24 25 26 27 28 29 30 31 32 33 34 35 36 37 38 39 40 41 42 43 44 45 46 47 48 49 50 51 52 53 54 55 56 57 58 59 60 61 62 63 64 65 66 67 68 69 70 71 72 73 74 75 76 77 78 79 80 81 82 83 84 85 86 87 88 89 90 91 92 93 94 95 96 97 98 99 100 101 102 103 104 105 106 107 108 109 110 111 112 113 114 115 116 117 118 119 120 121 122 123 124 125 126 127 128 129 130 131 132 133 134 135 136 137 138 139 140 141 142 143 144 145 146 147 148 149 150 151 152 153 154 155 156 157 158 159 160 161 162 163 164 165 166 167 168 169 170 171 172 173 174 175 176 177 178 179 180 181 182 183 184 185 186 187 188 189 190 191 192 193 194 195 196 197 198 199 200 1 2 3 4 5 6 7 8 9 10 11 12 13 14 15 16 17 18 19 20 21 22 23 24 25 26 27 28 29 30 31 32 33 34 35 36 37 38 39 40 41 42 43 44 45 46 47 48 49 50 51 52 53 54 55 56 57 58 59 60 61 62 63 64 65 66 67 68 69 70 71 72 73 74 75 76 77 78 79 80 81 82 83 84 85 86 87 88 89 90 91 92 93 94 95 96 97 98 99 100 101 102 103 104 105 106 107 108 109 110 111 112 113 114 115 116 117 118 119 120 121 122 123 124 125 126 127 128 129 130 131 132 133 134 135 136 137 138 139 140 141 142 143 144 145 146 147 148 149 150 151 152 153 154 155 156 157 158 159 160 161 162 163 164 165 166 167 168 169 170 171 172 173 174 175 176 177 178 179 180 181 182 183 184 185 186 187 188 189 190 191 192 193 194 195 196 197 198 199 200 1 2 3 4 5 6 7 8 9 10 11 12 13 14 15 16 17 18 19 20 21 22 23 24 25 26 27 28 29 30 31 32 33 34 35 36 37 38 39 40 41 42 43 44 45 46 47 48 49 50 51 52 53 54 55 56 57 58 59 60 61 62 63 64 65 66 67 68 69 70 71 72 73 74 75 76 77 78 79 80 81 82 83 84 85 86 87 88 89 90 91 92 93 94 95 96 97 98 99 100 101 102 103 104 105 106 107 108 109 110 111 112 113 114 115 116 117 118 119 120 121 122 123 124 125 126 127 128 129 130 131 132 133 134 135 136 137 138 139 140 141 142 143 144 145 146 147 148 149 150 151 152 153 154 155 156 157 158 159 160 161 162 163 164 165 166 167 168 169 170 171 172 173 174 175 176 177 178 179 180 181 182 183 184 185 186 187 188 189 190 191 192 193 194 195 196 197 198 199 200 1 2 3 4 5 6 7 8 9 10 11 12 13 14 15 16 17 18 19 20 21 22 23 24 25 26 27 28 29 30 31 32 33 34 35 36 37 38 39 40 41 42 43 44 45 46 47 48 49 50 51 52 53 54 55 56 57 58 59 60 61 62 63 64 65 66 67 68 69 70 71 72 73 74 75 76 77 78 79 80 81 82 83 84 85 86 87 88 89 90 91 92 93 94 95 96 97 98 99 100 101 102 103 104 105 106 107 108 109 110 111 112 113 114 115 116 117 118 119 120 121 122 123 124 125 126 127 128 129 130 131 132 133 134 135 136 137 138 139 140 141 142 143 144 145 146 147 148 149 150 151 152 153 154 155 156 157 158 159 160 161 162 163 164 165 166 167 168 169 170 171 172 173 174 175 176 177 178 179 180 181 182 183 184 185 186 187 188 189 190 191 192 193 194 195 196 197 198 199 200 1 2 3 4 5 6 7 8 9 10 11 12 13 14 15 16 17 18 19 20 21 22 23 24 25 26 27 28 29 30 31 32 33 34 35 36 37 38 39 40 41 42 43 44 45 46 47 48 49 50 51 52 53 54 55 56 57 58 59 60 61 62 63 64 65 66 67 68 69 70 71 72 73 74 75 76 77 78 79 80 81 82 83 84 85 86 87 88 89 90 91 92 93 94 95 96 97 98 99 100 101 102 103 104 105 106 107 108 109 110 111 112 113 114 115 116 117 118 119 120 121 122 123 124 125 126 127 128 129 130 131 132 133 134 135 136 137 138 139 140 141 142 143 144 145 146 147 148 149 150 151 152 153 154 155 156 157 158 159 160 161 162 163 164 165 166 167 168 169 170 171 172 173 174 175 176 177 178 179 180 181 182 183 184 185 186 187 188 189 190 191 192 193 194 195 196 197 198 199 200 1 2 3 4 5 6 7 8 9 10 11 12 13 14 15 16 17 18 19 20 21 22 23 24 25 26 27 28 29 30 31 32 33 34 35 36 37 38 39 40 41 42 43 44 45 46 47 48 49 50 51 52 53 54 55 56 57 58 59 60 61 62 63 64 65 66 67 68 69 70 71 72 73 74 75 76 77 78 79 80 81 82 83 84 85 86 87 88 89 90 91 92 93 94 95 96 97 98 99 100 101 102 103 104 105 106 107 108 109 110 111 112 113 114 115 116 117 118 119 120 121 122 123 124 125 126 127 128 129 130 131 132 133 134 135 136 137 138 139 140 141 142 143 144 145 146 147 148 149 150 151 152 153 154 155 156 157 158 159 160 161 162 163 164 165 166 167 168 169 170 171 172 173 174 175 176 177 178 179 180 181 182 183 184 185 186 187 188 189 190 191 192 193 194 195 196 197 198 199 200 1 2 3 4 5 6 7 8 9 10 11 12 13 14 15 16 17 18 19 20 21 22 23 24 25 26 27 28 29 30 31 32 33 34 35 36 37 38 39 40 41 42 43 44 45 46 47 48 49 50 51 52 53 54 55 56 57 58 59 60 61 62 63 64 65 66 67 68 69 70 71 72 73 74 75 76 77 78 79 80 81 82 83 84 85 86 87 88 89 90 91 92 93 94 95 96 97 98 99 100 101 102 103 104 105 106 107 108 109 110 111 112 113 114 115 116 117 118 119 120 121 122 123 124 125 126 127 128 129 130 131 132 133 134 135 136 137 138 139 140 141 142 143 144 145 146 147 148 149 150 151 152 153 154 155 156 157 158 159 160 161 162 163 164 165 166 167 168 169 170 171 172 173 174 175 176 177 178 179 180 181 182 183 184 185 186 187 188 189 190 191 192 193 194 195 196 197 198 199 200 1 2 3 4 5 6 7 8 9 10 11 12 13 14 15 16 17 18 19 20 21 22 23 24 25 26 27 28 29 30 31 32 33 34 35 36 37 38 39 40 41 42 43 44 45 46 47 48 49 50 51 52 53 54 55 56 57 58 59 60 61 62 63 64 65 66 67 68 69 70 71 72 73 74 75 76 77 78 79 80 81 82 83 84 85 86 87 88 89 90 91 92 93 94 95 96 97 98 99 100 101 102 103 104 105 106 107 108 109 110 111 112 113 114 115 116 117 118 119 120 121 122 123 124 125 126 127 128 129 130 131 132 133 134 135 136 137 138 139 140 141 142 143 144 145 146 147 148 149 150 151 152 153 154 155 156 157 158 159 160 161 162 163 164 165 166 167 168 169 170 171 172 173 174 175 176 177 178 179 180 181 182 183 184 185 186 187 188 189 190 191 192 193 194 195 196 197 198 199 200 1 2 3 4 5 6 7 8 9 10 11 12 13 14 15 16 17 18 19 20 21 22 23 24 25 26 27 28 29 30 31 32 33 34 35 36 37 38 39 40 41 42 43 44 45 46 47 48 49 50 51 52 53 54 55 56 57 58 59 60 61 62 63 64 65 66 67 68 69 70 71 72 73 74 75 76 77 78 79 80 81 82 83 84 85 86 87 88 89 90 91 92 93 94 95 96 97 98 99 100 101 102 103 104 105 106 107 108 109 110 111 112 113 114 115 116 117 118 119 120 121 122 123 124 125 126 127 128 129 130 131 132 133 134 135 136 137 138 139 140 141 142 143 144 145 146 147 148 149 150 151 152 153 154 155 156 157 158 159 160 161 162 163 164 165 166 167 168 169 170 171 172 173 174 175 176 177 178 179 180 181 182 183 184 185 186 187 188 189 190 191 192 193 194 195 196 197 198 199 200 1 2 3 4 5 6 7 8 9 10 11 12 13 14 15 16 17 18 19 20 21 22 23 24 25 26 27 28 29 30 31 32 33 34 35 36 37 38 39 40 41 42 43 44 45 46 47 48 49 50 51 52 53 54 55 56 57 58 59 60 61 62 63 64 65 66 67 68 69 70 71 72 73 74 75 76 77 78 79 80 81 82 83 84 85 86 87 88 89 90 91 92 93 94 95 96 97 98 99 100 101 102 103 104 105 106 107 108 109 110 111 112 113 114 115 116 117 118 119 120 121 122 123 124 125 126 127 128 129 130 131 132 133 134 135 136 137 138 139 140 141 142 143 144 145 146 147 148 149 150 151 152 153 154 155 156 157 158 159 160 161 162 163 164 165 166 167 168 169 170 171 172 173 174 175 176 177 178 179 180 181 182 183 184 185 186 187 188 189 190 191 192 193 194 195 196 197 198 199 200 1 2 3 4 5 6 7 8 9 10 11 12 13 14 15 16 17 18 19 20 21 22 23 24 25 26 27 28 29 30 31 32 33 34 35 36 37 38 39 40 41 42 43 44 45 46 47 48 49 50 51 52 53 54 55 56 57 58 59 60 61 62 63 64 65 66 67 68 69 70 71 72 73 74 75 76 77 78 79 80 81 82 83 84 85 86 87 88 89 90 91 92 93 94 95 96 97 98 99 100 101 102 103 104 105 106 107 108 109 110 111 112 113 114 115 116 117 118 119 120 121 122 123 124 125 126 127 128 129 130 131 132 133 134 135 136 137 138 139 140 141 142 143 144 145 146 147 148 149 150 151 152 153 154 155 156 157 158 159 160 161 162 163 164 165 166 167 168 169 170 171 172 173 174 175 176 177 178 179 180 181 182 183 184 185 186 187 188 189 190 191 192 193 194 195 196 197 198 199 200 1 2 3 4 5 6 7 8 9 10 11 12 13 14 15 16 17 18 19 20 21 22 23 24 25 26 27 28 29 30 31 32 33 34 35 36 37 38 39 40 41 42 43 44 45 46 47 48 49 50 51 52 53 54 55 56 57 58 59 60 61 62 63 64 65 66 67 68 69 70 71 72 73 74 75 76 77 78 79 80 81 82 83 84 85 86 87 88 89 90 91 92 93 94 95 96 97 98 99 100 101 102 103 104 105 106 107 108 109 110 111 112 113 114 115 116 117 118 119 120 121 122 123 124 125 126 127 128 129 130 131 132 133 134 135 136 137 138 139 140 141 142 143 144 145 146 147 148 149 150 151 152 153 154 155 156 157 158 159 160 161 162 163 164 165 166 167 168 169 170 171 172 173 174 175 176 177 178 179 180 181 182 183 184 185 186 187 188 189 190 191 192 193 194 195 196 197 198 199 200 1 2 3 4 5 6 7 8 9 10 11 12 13 14 15 16 17 18 19 20 21 22 23 24 25 26 27 28 29 30 31 32 33 34 35 36 37 38 39 40 41 42 43 44 45 46 47 48 49 50 51 52 53 54 55 56 57 58 59 60 61 62 63 64 65 66 67 68 69 70 71 72 73 74 75 76 77 78 79 80 81 82 83 84 85 86 87 88 89 90 91 92 93 94 95 96 97 98 99 100 101 102 103 104 105 106 107 108 109 110 111 112 113 114 115 116 117 118 119 120 121 122 123 124 125 126 127 128 129 130 131 132 133 134 135 136 137 138 139 140 141 142 143 144 145 146 147 148 149 150 151 152 153 154 155 156 157 158 159 160 161 162 163 164 165 166 167 168 169 170 171 172 173 174 175 176 177 178 179 180 181 182 183 184 185 186 187 188 189 190 191 192 193 194 195 196 197 198 199 200 1 2 3 4 5 6 7 8 9 10 11 12 13 14 15 16 17 18 19 20 21 22 23 24 25 26 27 28 29 30 31 32 33 34 35 36 37 38 39 40 41 42 43 44 45 46 47 48 49 50 51 52 53 54 55 56 57 58 59 60 61 62 63 64 65 66 67 68 69 70 71 72 73 74 75 76 77 78 79 80 81 82 83 84 85 86 87 88 89 90 91 92 93 94 95 96 97 98 99 100 101 102 103 104 105 106 107 108 109 110 111 112 113 114 115 116 117 118 119 120 121 122 123 124 125 126 127 128 129 130 131 132 133 134 135 136 137 138 139 140 141 142 143 144 145 146 147 148 149 150 151 152 153 154 155 156 157 158 159 160 161 162 163 164 165 166 167 168 169 170 171 172 173 174 175 176 177 178 179 180 181 182 183 184 185 186 187 188 189 190 191 192 193 194 195 196 197 198 199 200 1 2 3 4 5 6 7 8 9 10 11 12 13 14 15 16 17 18 19 20 21 22 23 24 25 26 27 28 29 30 31 32 33 34 35 36 37 38 39 40 41 42 43 44 45 46 47 48 49 50 51 52 53 54 55 56 57 58 59 60 61 62 63 64 65 66 67 68 69 70 71 72 73 74 75 76 77 78 79 80 81 82 83 84 85 86 87 88 89 90 91 92 93 94 95 96 97 98 99 100 101 102 103 104 105 106 107 108 109 110 111 112 113 114 115 116 117 118 119 120 121 122 123 124 125 126 127 128 129 130 131 132 133 134 135 136 137 138 139 140 141 142 143 144 145 146 147 148 149 150 151 152 153 154 155 156 157 158 159 160 161 162 163 164 165 166 167 168 169 170 171 172 173 174 175 176 177 178 179 180 181 182 183 184 185 186 187 188 189 190 191 192 193 194 195 196 197 198 199 200 1 2 3 4 5 6 7 8 9 10 11 12 13 14 15 16 17 18 19 20 21 22 23 24 25 26 27 28 29 30 31 32 33 34 35 36 37 38 39 40 41 42 43 44 45 46 47 48 49 50 51 52 53 54 55 56 57 58 59 60 61 62 63 64 65 66 67 68 69 70 71 72 73 74 75 76 77 78 79 80 81 82 83 84 85 86 87 88 89 90 91 92 93 94 95 96 97 98 99 100 101 102 103 104 105 106 107 108 109 110 111 112 113 114 115 116 117 118 119 120 121 122 123 124 125 126 127 128 129 130 131 132 133 134 135 136 137 138 139 140 141 142 143 144 145 146 147 148 149 150 151 152 153 154 155 156 157 158 159 160 161 162 163 164 165 166 167 168 169 170 171 172 173 174 175 176 177 178 179 180 181 182 183 184 185 186 187 188 189 190 191 192 193 194 195 196 197 198 199 200 1 2 3 4 5 6 7 8 9 10 11 12 13 14 15 16 17 18 19 20 21 22 23 24 25 26 27 28 29 30 31 32 33 34 35 36 37 38 39 40 41 42 43 44 45 46 47 48 49 50 51 52 53 54 55 56 57 58 59 60 61 62 63 64 65 66 67 68 69 70 71 72 73 74 75 76 77 78 79 80 81 82 83 84 85 86 87 88 89 90 91 92 93 94 95 96 97 98 99 100 101 102 103 104 105 106 107 108 109 110 111 112 113 114 115 116 117 118 119 120 121 122 123 124 125 126 127 128 129 130 131 132 133 134 135 136 137 138 139 140 141 142 143 144 145 146 147 148 149 150 151 152 153 154 155 156 157 158 159 160 161 162 163 164 165 166 167 168 169 170 171 172 173 174 175 176 177 178 179 180 181 182 183 184 185 186 187 188 189 190 191 192 193 194 195 196 197 198 199 200 1 2 3 4 5 6 7 8 9 10 11 12 13 14 15 16 17 18 19 20 21 22 23 24 25 26 27 28 29 30 31 32 33 34 35 36 37 38 39 40 41 42 43 44 45 46 47 48 49 50 51 52 53 54 55 56 57 58 59 60 61 62 63 64 65 66 67 68 69 70 71 72 73 74 75 76 77 78 79 80 81 82 83 84 85 86 87 88 89 90 91 92 93 94 95 96 97 98 99 100 101 102 103 104 105 106 107 108 109 110 111 112 113 114 115 116 117 118 119 120 121 122 123 124 125 126 127 128 129 130 131 132 133 134 135 136 137 138 139 140 141 142 143 144 145 146 147 148 149 150 151 152 153 154 155 156 157 158 159 160 161 162 163 164 165 166 167 168 169 170 171 172 173 174 175 176 177 178 179 180 181 182 183 184 185 186 187 188 189 190 191 192 193 194 195 196 197 198 199 200 1 2 3 4 5 6 7 8 9 10 11 12 13 14 15 16 17 18 19 20 21 22 23 24 25 26 27 28 29 30 31 32 33 34 35 36 37 38 39 40 41 42 43 44 45 46 47 48 49 50 51 52 53 54 55 56 57 58 59 60 61 62 63 64 65 66 67 68 69 70 71 72 73 74 75 76 77 78 79 80 81 82 83 84 85 86 87 88 89 90 91 92 93 94 95 96 97 98 99 100 101 102 103 104 105 106 107 108 109 110 111 112 113 114 115 116 117 118 119 120 121 122 123 124 125 126 127 128 129 130 131 132 133 134 135 136 137 138 139 140 141 142 143 144 145 146 147 148 149 150 151 152 153 154 155 156 157 158 159 160 161 162 163 164 165 166 167 168 169 170 171 172 173 174 175 176 177 178 179 180 181 182 183 184 185 186 187 188 189 190 191 192 193 194 195 196 197 198 199 200 1 2 3 4 5 6 7 8 9 10 11 12 13 14 15 16 17 18 19 20 21 22 23 24 25 26 27 28 29 30 31 32 33 34 35 36 37 38 39 40 41 42 43 44 45 46 47 48 49 50 51 52 53 54 55 56 57 58 59 60 61 62 63 64 65 66 67 68 69 70 71 72 73 74 75 76 77 78 79 80 81 82 83 84 85 86 87 88 89 90 91 92 93 94 95 96 97 98 99 100 101 102 103 104 105 106 107 108 109 110 111 112 113 114 115 116 117 118 119 120 121 122 123 124 125 126 127 128 129 130 131 132 133 134 135 136 137 138 139 140 141 142 143 144 145 146 147 148 149 150 151 152 153 154 155 156 157 158 159 160 161 162 163 164 165 166 167 168 169 170 171 172 173 174 175 176 177 178 179 180 181 182 183 184 185 186 187 188 189 190 191 192 193 194 195 196 197 198 199 200 1 2 3 4 5 6 7 8 9 10 11 12 13 14 15 16 17 18 19 20 21 22 23 24 25 26 27 28 29 30 31 32 33 34 35 36 37 38 39 40 41 42 43 44 45 46 47 48 49 50 51 52 53 54 55 56 57 58 59 60 61 62 63 64 65 66 67 68 69 70 71 72 73 74 75 76 77 78 79 80 81 82 83 84 85 86 87 88 89 90 91 92 93 94 95 96 97 98 99 100 101 102 103 104 105 106 107 108 109 110 111 112 113 114 115 116 117 118 119 120 121 122 123 124 125 126 127 128 129 130 131 132 133 134 135 136 137 138 139 140 141 142 143 144 145 146 147 148 149 150 151 152 153 154 155 156 157 158 159 160 161 162 163 164 165 166 167 168 169 170 171 172 173 174 175 176 177 178 179 180 181 182 183 184 185 186 187 188 189 190 191 192 193 194 195 196 197 198 199 200 1 2 3 4 5 6 7 8 9 10 11 12 13 14 15 16 17 18 19 20 21 22 23 24 25 26 27 28 29 30 31 32 33 34 35 36 37 38 39 40 41 42 43 44 45 46 47 48 49 50 51 52 53 54 55 56 57 58 59 60 61 62 63 64 65 66 67 68 69 70 71 72 73 74 75 76 77 78 79 80 81 82 83 84 85 86 87 88 89 90 91 92 93 94 95 96 97 98 99 100 101 102 103 104 105 106 107 108 109 110 111 112 113 114 115 116 117 118 119 120 121 122 123 124 125 126 127 128 129 130 131 132 133 134 135 136 137 138 139 140 141 142 143 144 145 146 147 148 149 150 151 152 153 154 155 156 157 158 159 160 161 162 163 164 165 166 167 168 169 170 171 172 173 174 175 176 177 178 179 180 181 182 183 184 185 186 187 188 189 190 191 192 193 194 195 196 197 198 199 200 1 2 3 4 5 6 7 8 9 10 11 12 13 14 15 16 17 18 19 20 21 22 23 24 25 26 27 28 29 30 31 32 33 34 35 36 37 38 39 40 41 42 43 44 45 46 47 48 49 50 51 52 53 54 55 56 57 58 59 60 61 62 63 64 65 66 67 68 69 70 71 72 73 74 75 76 77 78 79 80 81 82 83 84 85 86 87 88 89 90 91 92 93 94 95 96 97 98 99 100 101 102 103 104 105 106 107 108 109 110 111 112 113 114 115 116 117 118 119 120 121 122 123 124 125 126 127 128 129 130 131 132 133 134 135 136 137 138 139 140 141 142 143 144 145 146 147 148 149 150 151 152 153 154 155 156 157 158 159 160 161 162 163 164 165 166 167 168 169 170 171 172 173 174 175 176 177 178 179 180 181 182 183 184 185 186 187 188 189 190 191 192 193 194 195 196 197 198 199 200 1 2 3 4 5 6 7 8 9 10 11 12 13 14 15 16 17 18 19 20 21 22 23 24 25 26 27 28 29 30 31 32 33 34 35 36 37 38 39 40 41 42 43 44 45 46 47 48 49 50 51 52 53 54 55 56 57 58 59 60 61 62 63 64 65 66 67 68 69 70 71 72 73 74 75 76 77 78 79 80 81 82 83 84 85 86 87 88 89 90 91 92 93 94 95 96 97 98 99 100 101 102 103 104 105 106 107 108 109 110 111 112 113 114 115 116 117 118 119 120 121 122 123 124 125 126 127 128 129 130 131 132 133 134 135 136 137 138 139 140 141 142 143 144 145 146 147 148 149 150 151 152 153 154 155 156 157 158 159 160 161 162 163 164 165 166 167 168 169 170 171 172 173 174 175 176 177 178 179 180 181 182 183 184 185 186 187 188 189 190 191 192 193 194 195 196 197 198 199 200 1 2 3 4 5 6 7 8 9 10 11 12 13 14 15 16 17 18 19 20 21 22 23 24 25 26 27 28 29 30 31 32 33 34 35 36 37 38 39 40 41 42 43 44 45 46 47 48 49 50 51 52 53 54 55 56 57 58 59 60 61 62 63 64 65 66 67 68 69 70 71 72 73 74 75 76 77 78 79 80 81 82 83 84 85 86 87 88 89 90 91 92 93 94 95 96 97 98 99 100 101 102 103 104 105 106 107 108 109 110 111 112 113 114 115 116 117 118 119 120 121 122 123 124 125 126 127 128 129 130 131 132 133 134 135 136 137 138 139 140 141 142 143 144 145 146 147 148 149 150 151 152 153 154 155 156 157 158 159 160 161 162 163 164 165 166 167 168 169 170 171 172 173 174 175 176 177 178 179 180 181 182 183 184 185 186 187 188 189 190 191 192 193 194 195 196 197 198 199 200 1 2 3 4 5 6 7 8 9 10 11 12 13 14 15 16 17 18 19 20 21 22 23 24 25 26 27 28 29 30 31 32 33 34 35 36 37 38 39 40 41 42 43 44 45 46 47 48 49 50 51 52 53 54 55 56 57 58 59 60 61 62 63 64 65 66 67 68 69 70 71 72 73 74 75 76 77 78 79 80 81 82 83 84 85 86 87 88 89 90 91 92 93 94 95 96 97 98 99 100 101 102 103 104 105 106 107 108 109 110 111 112 113 114 115 116 117 118 119 120 121 122 123 124 125 126 127 128 129 130 131 132 133 134 135 136 137 138 139 140 141 142 143 144 145 146 147 148 149 150 151 152 153 154 155 156 157 158 159 160 161 162 163 164 165 166 167 168 169 170 171 172 173 174 175 176 177 178 179 180 181 182 183 184 185 186 187 188 189 190 191 192 193 194 195 196 197 198 199 200 1 2 3 4 5 6 7 8 9 10 11 12 13 14 15 16 17 18 19 20 21 22 23 24 25 26 27 28 29 30 31 32 33 34 35 36 37 38 39 40 41 42 43 44 45 46 47 48 49 50 51 52 53 54 55 56 57 58 59 60 61 62 63 64 65 66 67 68 69 70 71 72 73 74 75 76 77 78 79 80 81 82 83 84 85 86 87 88 89 90 91 92 93 94 95 96 97 98 99 100 101 102 103 104 105 106 107 108 109 110 111 112 113 114 115 116 117 118 119 120 121 122 123 124 125 126 127 128 129 130 131 132 133 134 135 136 137 138 139 140 141 142 143 144 145 146 147 148 149 150 151 152 153 154 155 156 157 158 159 160 161 162 163 164 165 166 167 168 169 170 171 172 173 174 175 176 177 178 179 180 181 182 183 184 185 186 187 188 189 190 191 192 193 194 195 196 197 198 199 200 1 2 3 4 5 6 7 8 9 10 11 12 13 14 15 16 17 18 19 20 21 22 23 24 25 26 27 28 29 30 31 32 33 34 35 36 37 38 39 40 41 42 43 44 45 46 47 48 49 50 51 52 53 54 55 56 57 58 59 60 61 62 63 64 65 66 67 68 69 70 71 72 73 74 75 76 77 78 79 80 81 82 83 84 85 86 87 88 89 90 91 92 93 94 95 96 97 98 99 100 101 102 103 104 105 106 107 108 109 110 111 112 113 114 115 116 117 118 119 120 121 122 123 124 125 126 127 128 129 130 131 132 133 134 135 136 137 138 139 140 141 142 143 144 145 146 147 148 149 150 151 152 153 154 155 156 157 158 159 160 161 162 163 164 165 166 167 168 169 170 171 172 173 174 175 176 177 178 179 180 181 182 183 184 185 186 187 188 189 190 191 192 193 194 195 196 197 198 199 200 1 2 3 4 5 6 7 8 9 10 11 12 13 14 15 16 17 18 19 20 21 22 23 24 25 26 27 28 29 30 31 32 33 34 35 36 37 38 39 40 41 42 43 44 45 46 47 48 49 50 51 52 53 54 55 56 57 58 59 60 61 62 63 64 65 66 67 68 69 70 71 72 73 74 75 76 77 78 79 80 81 82 83 84 85 86 87 88 89 90 91 92 93 94 95 96 97 98 99 100 101 102 103 104 105 106 107 108 109 110 111 112 113 114 115 116 117 118 119 120 121 122 123 124 125 126 127 128 129 130 131 132 133 134 135 136 137 138 139 140 141 142 143 144 145 146 147 148 149 150 151 152 153 154 155 156 157 158 159 160 161 162 163 164 165 166 167 168 169 170 171 172 173 174 175 176 177 178 179 180 181 182 183 184 185 186 187 188 189 190 191 192 193 194 195 196 197 198 199 200 1 2 3 4 5 6 7 8 9 10 11 12 13 14 15 16 17 18 19 20 21 22 23 24 25 26 27 28 29 30 31 32 33 34 35 36 37 38 39 40 41 42 43 44 45 46 47 48 49 50 51 52 53 54 55 56 57 58 59 60 61 62 63 64 65 66 67 68 69 70 71 72 73 74 75 76 77 78 79 80 81 82 83 84 85 86 87 88 89 90 91 92 93 94 95 96 97 98 99 100 101 102 103 104 105 106 107 108 109 110 111 112 113 114 115 116 117 118 119 120 121 122 123 124 125 126 127 128 129 130 131 132 133 134 135 136 137 138 139 140 141 142 143 144 145 146 147 148 149 150 151 152 153 154 155 156 157 158 159 160 161 162 163 164 165 166 167 168 169 170 171 172 173 174 175 176 177 178 179 180 181 182 183 184 185 186 187 188 189 190 191 192 193 194 195 196 197 198 199 200 1 2 3 4 5 6 7 8 9 10 11 12 13 14 15 16 17 18 19 20 21 22 23 24 25 26 27 28 29 30 31 32 33 34 35 36 37 38 39 40 41 42 43 44 45 46 47 48 49 50 51 52 53 54 55 56 57 58 59 60 61 62 63 64 65 66 67 68 69 70 71 72 73 74 75 76 77 78 79 80 81 82 83 84 85 86 87 88 89 90 91 92 93 94 95 96 97 98 99 100 101 102 103 104 105 106 107 108 109 110 111 112 113 114 115 116 117 118 119 120 121 122 123 124 125 126 127 128 129 130 131 132 133 134 135 136 137 138 139 140 141 142 143 144 145 146 147 148 149 150 151 152 153 154 155 156 157 158 159 160 161 162 163 164 165 166 167 168 169 170 171 172 173 174 175 176 177 178 179 180 181 182 183 184 185 186 187 188 189 190 191 192 193 194 195 196 197 198 199 200 1 2 3 4 5 6 7 8 9 10 11 12 13 14 15 16 17 18 19 20 21 22 23 24 25 26 27 28 29 30 31 32 33 34 35 36 37 38 39 40 41 42 43 44 45 46 47 48 49 50 51 52 53 54 55 56 57 58 59 60 61 62 63 64 65 66 67 68 69 70 71 72 73 74 75 76 77 78 79 80 81 82 83 84 85 86 87 88 89 90 91 92 93 94 95 96 97 98 99 100 101 102 103 104 105 106 107 108 109 110 111 112 113 114 115 116 117 118 119 120 121 122 123 124 125 126 127 128 129 130 131 132 133 134 135 136 137 138 139 140 141 142 143 144 145 146 147 148 149 150 151 152 153 154 155 156 157 158 159 160 161 162 163 164 165 166 167 168 169 170 171 172 173 174 175 176 177 178 179 180 181 182 183 184 185 186 187 188 189 190 191 192 193 194 195 196 197 198 199 200 1 2 3 4 5 6 7 8 9 10 11 12 13 14 15 16 17 18 19 20 21 22 23 24 25 26 27 28 29 30 31 32 33 34 35 36 37 38 39 40 41 42 43 44 45 46 47 48 49 50 51 52 53 54 55 56 57 58 59 60 61 62 63 64 65 66 67 68 69 70 71 72 73 74 75 76 77 78 79 80 81 82 83 84 85 86 87 88 89 90 91 92 93 94 95 96 97 98 99 100 101 102 103 104 105 106 107 108 109 110 111 112 113 114 115 116 117 118 119 120 121 122 123 124 125 126 127 128 129 130 131 132 133 134 135 136 137 138 139 140 141 142 143 144 145 146 147 148 149 150 151 152 153 154 155 156 157 158 159 160 161 162 163 164 165 166 167 168 169 170 171 172 173 174 175 176 177 178 179 180 181 182 183 184 185 186 187 188 189 190 191 192 193 194 195 196 197 198 199 200 1 2 3 4 5 6 7 8 9 10 11 12 13 14 15 16 17 18 19 20 21 22 23 24 25 26 27 28 29 30 31 32 33 34 35 36 37 38 39 40 41 42 43 44 45 46 47 48 49 50 51 52 53 54 55 56 57 58 59 60 61 62 63 64 65 66 67 68 69 70 71 72 73 74 75 76 77 78 79 80 81 82 83 84 85 86 87 88 89 90 91 92 93 94 95 96 97 98 99 100 101 102 103 104 105 106 107 108 109 110 111 112 113 114 115 116 117 118 119 120 121 122 123 124 125 126 127 128 129 130 131 132 133 134 135 136 137 138 139 140 141 142 143 144 145 146 147 148 149 150 151 152 153 154 155 156 157 158 159 160 161 162 163 164 165 166 167 168 169 170 171 172 173 174 175 176 177 178 179 180 181 182 183 184 185 186 187 188 189 190 191 192 193 194 195 196 197 198 199 200 1 2 3 4 5 6 7 8 9 10 11 12 13 14 15 16 17 18 19 20 21 22 23 24 25 26 27 28 29 30 31 32 33 34 35 36 37 38 39 40 41 42 43 44 45 46 47 48 49 50 51 52 53 54 55 56 57 58 59 60 61 62 63 64 65 66 67 68 69 70 71 72 73 74 75 76 77 78 79 80 81 82 83 84 85 86 87 88 89 90 91 92 93 94 95 96 97 98 99 100 101 102 103 104 105 106 107 108 109 110 111 112 113 114 115 116 117 118 119 120 121 122 123 124 125 126 127 128 129 130 131 132 133 134 135 136 137 138 139 140 141 142 143 144 145 146 147 148 149 150 151 152 153 154 155 156 157 158 159 160 161 162 163 164 165 166 167 168 169 170 171 172 173 174 175 176 177 178 179 180 181 182 183 184 185 186 187 188 189 190 191 192 193 194 195 196 197 198 199 200 1 2 3 4 5 6 7 8 9 10 11 12 13 14 15 16 17 18 19 20 21 22 23 24 25 26 27 28 29 30 31 32 33 34 35 36 37 38 39 40 41 42 43 44 45 46 47 48 49 50 51 52 53 54 55 56 57 58 59 60 61 62 63 64 65 66 67 68 69 70 71 72 73 74 75 76 77 78 79 80 81 82 83 84 85 86 87 88 89 90 91 92 93 94 95 96 97 98 99 100 101 102 103 104 105 106 107 108 109 110 111 112 113 114 115 116 117 118 119 120 121 122 123 124 125 126 127 128 129 130 131 132 133 134 135 136 137 138 139 140 141 142 143 144 145 146 147 148 149 150 151 152 153 154 155 156 157 158 159 160 161 162 163 164 165 166 167 168 169 170 171 172 173 174 175 176 177 178 179 180 181 182 183 184 185 186 187 188 189 190 191 192 193 194 195 196 197 198 199 200 1 2 3 4 5 6 7 8 9 10 11 12 13 14 15 16 17 18 19 20 21 22 23 24 25 26 27 28 29 30 31 32 33 34 35 36 37 38 39 40 41 42 43 44 45 46 47 48 49 50 51 52 53 54 55 56 57 58 59 60 61 62 63 64 65 66 67 68 69 70 71 72 73 74 75 76 77 78 79 80 81 82 83 84 85 86 87 88 89 90 91 92 93 94 95 96 97 98 99 100 101 102 103 104 105 106 107 108 109 110 111 112 113 114 115 116 117 118 119 120 121 122 123 124 125 126 127 128 129 130 131 132 133 134 135 136 137 138 139 140 141 142 143 144 145 146 147 148 149 150 151 152 153 154 155 156 157 158 159 160 161 162 163 164 165 166 167 168 169 170 171 172 173 174 175 176 177 178 179 180 181 182 183 184 185 186 187 188 189 190 191 192 193 194 195 196 197 198 199 200 1 2 3 4 5 6 7 8 9 10 11 12 13 14 15 16 17 18 19 20 21 22 23 24 25 26 27 28 29 30 31 32 33 34 35 36 37 38 39 40 41 42 43 44 45 46 47 48 49 50 51 52 53 54 55 56 57 58 59 60 61 62 63 64 65 66 67 68 69 70 71 72 73 74 75 76 77 78 79 80 81 82 83 84 85 86 87 88 89 90 91 92 93 94 95 96 97 98 99 100 101 102 103 104 105 106 107 108 109 110 111 112 113 114 115 116 117 118 119 120 121 122 123 124 125 126 127 128 129 130 131 132 133 134 135 136 137 138 139 140 141 142 143 144 145 146 147 148 149 150 151 152 153 154 155 156 157 158 159 160 161 162 163 164 165 166 167 168 169 170 171 172 173 174 175 176 177 178 179 180 181 182 183 184 185 186 187 188 189 190 191 192 193 194 195 196 197 198 199 200 1 2 3 4 5 6 7 8 9 10 11 12 13 14 15 16 17 18 19 20 21 22 23 24 25 26 27 28 29 30 31 32 33 34 35 36 37 38 39 40 41 42 43 44 45 46 47 48 49 50 51 52 53 54 55 56 57 58 59 60 61 62 63 64 65 66 67 68 69 70 71 72 73 74 75 76 77 78 79 80 81 82 83 84 85 86 87 88 89 90 91 92 93 94 95 96 97 98 99 100 101 102 103 104 105 106 107 108 109 110 111 112 113 114 115 116 117 118 119 120 121 122 123 124 125 126 127 128 129 130 131 132 133 134 135 136 137 138 139 140 141 142 143 144 145 146 147 148 149 150 151 152 153 154 155 156 157 158 159 160 161 162 163 164 165 166 167 168 169 170 171 172 173 174 175 176 177 178 179 180 181 182 183 184 185 186 187 188 189 190 191 192 193 194 195 196 197 198 199 200 1 2 3 4 5 6 7 8 9 10 11 12 13 14 15 16 17 18 19 20 21 22 23 24 25 26 27 28 29 30 31 32 33 34 35 36 37 38 39 40 41 42 43 44 45 46 47 48 49 50 51 52 53 54 55 56 57 58 59 60 61 62 63 64 65 66 67 68 69 70 71 72 73 74 75 76 77 78 79 80 81 82 83 84 85 86 87 88 89 90 91 92 93 94 95 96 97 98 99 100 101 102 103 104 105 106 107 108 109 110 111 112 113 114 115 116 117 118 119 120 121 122 123 124 125 126 127 128 129 130 131 132 133 134 135 136 137 138 139 140 141 142 143 144 145 146 147 148 149 150 151 152 153 154 155 156 157 158 159 160 161 162 163 164 165 166 167 168 169 170 171 172 173 174 175 176 177 178 179 180 181 182 183 184 185 186 187 188 189 190 191 192 193 194 195 196 197 198 199 200 1 2 3 4 5 6 7 8 9 10 11 12 13 14 15 16 17 18 19 20 21 22 23 24 25 26 27 28 29 30 31 32 33 34 35 36 37 38 39 40 41 42 43 44 45 46 47 48 49 50 51 52 53 54 55 56 57 58 59 60 61 62 63 64 65 66 67 68 69 70 71 72 73 74 75 76 77 78 79 80 81 82 83 84 85 86 87 88 89 90 91 92 93 94 95 96 97 98 99 100 101 102 103 104 105 106 107 108 109 110 111 112 113 114 115 116 117 118 119 120 121 122 123 124 125 126 127 128 129 130 131 132 133 134 135 136 137 138 139 140 141 142 143 144 145 146 147 148 149 150 151 152 153 154 155 156 157 158 159 160 161 162 163 164 165 166 167 168 169 170 171 172 173 174 175 176 177 178 179 180 181 182 183 184 185 186 187 188 189 190 191 192 193 194 195 196 197 198 199 200 1 2 3 4 5 6 7 8 9 10 11 12 13 14 15 16 17 18 19 20 21 22 23 24 25 26 27 28 29 30 31 32 33 34 35 36 37 38 39 40 41 42 43 44 45 46 47 48 49 50 51 52 53 54 55 56 57 58 59 60 61 62 63 64 65 66 67 68 69 70 71 72 73 74 75 76 77 78 79 80 81 82 83 84 85 86 87 88 89 90 91 92 93 94 95 96 97 98 99 100 101 102 103 104 105 106 107 108 109 110 111 112 113 114 115 116 117 118 119 120 121 122 123 124 125 126 127 128 129 130 131 132 133 134 135 136 137 138 139 140 141 142 143 144 145 146 147 148 149 150 151 152 153 154 155 156 157 158 159 160 161 162 163 164 165 166 167 168 169 170 171 172 173 174 175 176 177 178 179 180 181 182 183 184 185 186 187 188 189 190 191 192 193 194 195 196 197 198 199 200 1 2 3 4 5 6 7 8 9 10 11 12 13 14 15 16 17 18 19 20 21 22 23 24 25 26 27 28 29 30 31 32 33 34 35 36 37 38 39 40 41 42 43 44 45 46 47 48 49 50 51 52 53 54 55 56 57 58 59 60 61 62 63 64 65 66 67 68 69 70 71 72 73 74 75 76 77 78 79 80 81 82 83 84 85 86 87 88 89 90 91 92 93 94 95 96 97 98 99 100 101 102 103 104 105 106 107 108 109 110 111 112 113 114 115 116 117 118 119 120 121 122 123 124 125 126 127 128 129 130 131 132 133 134 135 136 137 138 139 140 141 142 143 144 145 146 147 148 149 150 151 152 153 154 155 156 157 158 159 160 161 162 163 164 165 166 167 168 169 170 171 172 173 174 175 176 177 178 179 180 181 182 183 184 185 186 187 188 189 190 191 192 193 194 195 196 197 198 199 200 1 2 3 4 5 6 7 8 9 10 11 12 13 14 15 16 17 18 19 20 21 22 23 24 25 26 27 28 29 30 31 32 33 34 35 36 37 38 39 40 41 42 43 44 45 46 47 48 49 50 51 52 53 54 55 56 57 58 59 60 61 62 63 64 65 66 67 68 69 70 71 72 73 74 75 76 77 78 79 80 81 82 83 84 85 86 87 88 89 90 91 92 93 94 95 96 97 98 99 100 101 102 103 104 105 106 107 108 109 110 111 112 113 114 115 116 117 118 119 120 121 122 123 124 125 126 127 128 129 130 131 132 133 134 135 136 137 138 139 140 141 142 143 144 145 146 147 148 149 150 151 152 153 154 155 156 157 158 159 160 161 162 163 164 165 166 167 168 169 170 171 172 173 174 175 176 177 178 179 180 181 182 183 184 185 186 187 188 189 190 191 192 193 194 195 196 197 198 199 200 1 2 3 4 5 6 7 8 9 10 11 12 13 14 15 16 17 18 19 20 21 22 23 24 25 26 27 28 29 30 31 32 33 34 35 36 37 38 39 40 41 42 43 44 45 46 47 48 49 50 51 52 53 54 55 56 57 58 59 60 61 62 63 64 65 66 67 68 69 70 71 72 73 74 75 76 77 78 79 80 81 82 83 84 85 86 87 88 89 90 91 92 93 94 95 96 97 98 99 100 101 102 103 104 105 106 107 108 109 110 111 112 113 114 115 116 117 118 119 120 121 122 123 124 125 126 127 128 129 130 131 132 133 134 135 136 137 138 139 140 141 142 143 144 145 146 147 148 149 150 151 152 153 154 155 156 157 158 159 160 161 162 163 164 165 166 167 168 169 170 171 172 173 174 175 176 177 178 179 180 181 182 183 184 185 186 187 188 189 190 191 192 193 194 195 196 197 198 199 200 1 2 3 4 5 6 7 8 9 10 11 12 13 14 15 16 17 18 19 20 21 22 23 24 25 26 27 28 29 30 31 32 33 34 35 36 37 38 39 40 41 42 43 44 45 46 47 48 49 50 51 52 53 54 55 56 57 58 59 60 61 62 63 64 65 66 67 68 69 70 71 72 73 74 75 76 77 78 79 80 81 82 83 84 85 86 87 88 89 90 91 92 93 94 95 96 97 98 99 100 101 102 103 104 105 106 107 108 109 110 111 112 113 114 115 116 117 118 119 120 121 122 123 124 125 126 127 128 129 130 131 132 133 134 135 136 137 138 139 140 141 142 143 144 145 146 147 148 149 150 151 152 153 154 155 156 157 158 159 160 161 162 163 164 165 166 167 168 169 170 171 172 173 174 175 176 177 178 179 180 181 182 183 184 185 186 187 188 189 190 191 192 193 194 195 196 197 198 199 200 1 2 3 4 5 6 7 8 9 10 11 12 13 14 15 16 17 18 19 20 21 22 23 24 25 26 27 28 29 30 31 32 33 34 35 36 37 38 39 40 41 42 43 44 45 46 47 48 49 50 51 52 53 54 55 56 57 58 59 60 61 62 63 64 65 66 67 68 69 70 71 72 73 74 75 76 77 78 79 80 81 82 83 84 85 86 87 88 89 90 91 92 93 94 95 96 97 98 99 100 101 102 103 104 105 106 107 108 109 110 111 112 113 114 115 116 117 118 119 120 121 122 123 124 125 126 127 128 129 130 131 132 133 134 135 136 137 138 139 140 141 142 143 144 145 146 147 148 149 150 151 152 153 154 155 156 157 158 159 160 161 162 163 164 165 166 167 168 169 170 171 172 173 174 175 176 177 178 179 180 181 182 183 184 185 186 187 188 189 190 191 192 193 194 195 196 197 198 199 200 1 2 3 4 5 6 7 8 9 10 11 12 13 14 15 16 17 18 19 20 21 22 23 24 25 26 27 28 29 30 31 32 33 34 35 36 37 38 39 40 41 42 43 44 45 46 47 48 49 50 51 52 53 54 55 56 57 58 59 60 61 62 63 64 65 66 67 68 69 70 71 72 73 74 75 76 77 78 79 80 81 82 83 84 85 86 87 88 89 90 91 92 93 94 95 96 97 98 99 100 101 102 103 104 105 106 107 108 109 110 111 112 113 114 115 116 117 118 119 120 121 122 123 124 125 126 127 128 129 130 131 132 133 134 135 136 137 138 139 140 141 142 143 144 145 146 147 148 149 150 151 152 153 154 155 156 157 158 159 160 161 162 163 164 165 166 167 168 169 170 171 172 173 174 175 176 177 178 179 180 181 182 183 184 185 186 187 188 189 190 191 192 193 194 195 196 197 198 199 200 1 2 3 4 5 6 7 8 9 10 11 12 13 14 15 16 17 18 19 20 21 22 23 24 25 26 27 28 29 30 31 32 33 34 35 36 37 38 39 40 41 42 43 44 45 46 47 48 49 50 51 52 53 54 55 56 57 58 59 60 61 62 63 64 65 66 67 68 69 70 71 72 73 74 75 76 77 78 79 80 81 82 83 84 85 86 87 88 89 90 91 92 93 94 95 96 97 98 99 100 101 102 103 104 105 106 107 108 109 110 111 112 113 114 115 116 117 118 119 120 121 122 123 124 125 126 127 128 129 130 131 132 133 134 135 136 137 138 139 140 141 142 143 144 145 146 147 148 149 150 151 152 153 154 155 156 157 158 159 160 161 162 163 164 165 166 167 168 169 170 171 172 173 174 175 176 177 178 179 180 181 182 183 184 185 186 187 188 189 190 191 192 193 194 195 196 197 198 199 200 1 2 3 4 5 6 7 8 9 10 11 12 13 14 15 16 17 18 19 20 21 22 23 24 25 26 27 28 29 30 31 32 33 34 35 36 37 38 39 40 41 42 43 44 45 46 47 48 49 50 51 52 53 54 55 56 57 58 59 60 61 62 63 64 65 66 67 68 69 70 71 72 73 74 75 76 77 78 79 80 81 82 83 84 85 86 87 88 89 90 91 92 93 94 95 96 97 98 99 100 101 102 103 104 105 106 107 108 109 110 111 112 113 114 115 116 117 118 119 120 121 122 123 124 125 126 127 128 129 130 131 132 133 134 135 136 137 138 139 140 141 142 143 144 145 146 147 148 149 150 151 152 153 154 155 156 157 158 159 160 161 162 163 164 165 166 167 168 169 170 171 172 173 174 175 176 177 178 179 180 181 182 183 184 185 186 187 188 189 190 191 192 193 194 195 196 197 198 199 200 1 2 3 4 5 6 7 8 9 10 11 12 13 14 15 16 17 18 19 20 21 22 23 24 25 26 27 28 29 
