353 9432 17558 1500
1 1
2 1
3 2
3 4
3 5
3 6
3 7
3 8
3 9
3 10
3 11
3 12
3 13
3 14
3 15
3 16
3 17
3 18
3 19
3 20
3 21
3 22
3 23
3 24
3 25
3 26
3 27
3 28
3 29
3 30
3 31
3 32
3 33
3 34
3 35
3 36
3 37
3 38
3 39
3 40
3 41
3 42
3 43
3 44
3 45
3 46
3 47
3 48
3 49
3 50
3 51
3 52
3 53
3 54
3 55
3 56
3 57
3 58
3 59
3 60
3 61
3 62
3 63
3 64
3 65
3 66
3 67
3 68
3 69
3 70
3 71
3 72
3 73
3 74
3 75
3 76
3 77
3 78
3 79
3 80
3 81
3 82
3 83
3 84
3 85
3 86
3 87
3 88
3 91
3 92
3 93
3 94
3 95
3 96
3 97
3 98
3 99
3 100
3 101
3 102
3 103
3 104
3 105
3 106
3 107
3 108
3 109
3 110
3 111
3 112
3 113
3 114
3 115
3 116
3 117
3 118
3 119
3 120
3 121
3 122
3 123
3 124
3 125
3 126
3 127
3 128
3 129
3 130
3 131
3 132
3 133
3 134
3 135
3 136
3 137
3 138
3 139
3 140
3 141
3 142
3 143
3 144
3 145
3 146
3 147
3 148
3 149
3 150
3 151
3 152
3 153
3 154
3 155
3 156
3 157
3 158
3 159
3 160
3 161
3 162
3 163
3 164
3 165
3 166
3 167
3 168
3 169
3 170
3 171
3 172
3 173
3 174
3 175
3 176
3 177
3 178
3 179
3 180
3 181
3 182
3 183
3 184
3 185
3 186
3 187
3 188
3 189
3 190
3 191
3 192
3 193
3 194
3 195
3 196
3 197
3 198
3 199
3 200
3 201
3 202
3 203
3 204
3 205
3 206
3 207
3 208
3 209
3 210
3 211
3 212
3 213
3 214
3 215
3 216
3 217
3 218
3 219
3 220
3 221
3 222
3 223
3 224
3 225
3 226
3 227
3 228
3 229
3 230
3 231
3 232
3 233
3 234
3 235
3 236
3 237
3 238
3 239
3 240
3 241
3 242
3 243
3 244
3 245
3 246
3 247
3 248
3 249
3 250
3 251
3 252
3 253
3 254
3 255
3 256
3 257
3 258
3 259
3 260
3 261
3 262
3 263
3 264
3 265
3 266
3 267
3 268
3 269
3 270
3 271
3 272
3 273
3 274
3 275
3 276
3 277
3 278
3 279
3 280
3 281
3 282
3 283
3 284
3 285
3 286
3 287
3 288
3 289
3 290
3 291
3 292
3 293
3 294
3 295
3 296
3 297
3 298
3 299
3 300
3 301
3 302
3 303
3 304
3 305
3 306
3 307
3 308
3 309
3 310
3 311
3 312
3 313
3 314
3 315
3 316
3 317
3 318
3 319
3 320
3 321
3 322
3 323
3 324
3 325
3 326
3 327
3 328
3 329
3 330
3 331
3 332
3 333
3 334
3 335
3 336
3 337
3 338
3 339
3 340
3 341
3 342
3 343
3 344
3 345
3 346
3 347
3 348
3 349
3 350
3 351
3 352
3 353
3 354
3 355
3 356
3 357
3 358
3 359
3 360
3 361
3 362
3 363
3 364
3 365
3 366
3 367
3 368
3 369
3 370
3 371
3 372
3 373
3 374
3 375
3 376
3 377
3 378
3 379
3 380
3 381
3 382
3 383
3 384
3 385
3 386
3 387
3 388
3 389
3 390
3 391
3 392
3 393
3 394
3 395
3 396
3 397
3 398
3 399
3 400
3 401
3 402
3 403
3 404
3 405
3 406
3 407
3 408
3 409
3 410
3 411
3 412
3 413
3 414
3 415
3 416
3 417
3 418
3 419
3 420
3 421
3 422
3 423
3 424
3 425
3 426
3 427
3 428
3 429
3 430
3 431
3 432
3 433
3 434
3 435
3 436
3 437
3 438
3 439
3 440
3 441
3 442
3 443
3 444
3 445
3 446
3 447
3 448
3 449
3 450
3 451
3 452
3 453
3 454
3 455
3 456
3 457
3 458
3 459
3 460
3 461
3 462
3 463
3 464
3 465
3 466
3 467
3 468
3 469
3 470
3 471
3 472
3 473
3 474
3 475
3 476
3 477
3 478
3 479
3 480
3 481
3 482
3 483
3 484
3 485
3 486
3 487
3 488
3 489
3 490
3 491
3 492
3 493
3 494
3 495
3 496
3 497
3 498
3 499
3 500
3 501
3 502
3 503
3 504
3 505
3 506
3 507
3 508
3 509
3 510
3 511
3 512
3 513
3 514
3 515
3 516
3 517
3 518
3 519
3 520
3 521
3 522
3 523
3 524
3 525
3 526
3 527
3 528
3 529
3 530
3 531
3 532
3 533
3 534
3 535
3 536
3 537
3 538
3 539
3 540
3 541
3 542
3 543
3 544
3 545
3 546
3 547
3 548
3 549
3 550
3 551
3 552
3 553
3 554
3 555
3 556
3 557
3 558
3 559
3 560
3 561
3 562
3 563
3 564
3 565
3 566
3 567
3 568
3 569
3 570
3 571
3 572
3 573
3 574
3 575
3 576
3 577
3 578
3 579
3 580
3 581
3 582
3 583
3 584
3 585
3 586
3 587
3 588
3 589
3 590
3 591
3 592
3 593
3 594
3 595
3 596
3 597
3 598
3 599
3 600
3 601
3 602
3 603
3 604
3 605
3 606
3 607
3 608
3 609
3 610
3 611
3 612
3 613
3 614
3 615
3 616
3 617
3 618
3 619
3 620
3 621
3 622
3 623
3 624
3 625
3 626
3 627
3 628
3 629
3 630
3 631
3 632
3 633
3 634
3 635
3 636
3 637
3 638
3 639
3 640
3 641
3 642
3 643
3 644
3 645
3 646
3 647
3 648
3 649
3 650
3 651
3 652
3 653
3 654
3 655
3 656
3 657
3 658
3 659
3 660
3 661
3 662
3 663
3 664
3 665
3 666
3 667
3 668
3 669
3 670
3 671
3 672
3 673
3 674
3 675
3 676
3 677
3 678
3 679
3 680
3 681
3 682
3 683
3 684
3 685
3 686
3 687
3 688
3 689
3 690
3 691
3 692
3 693
3 694
3 695
3 696
3 697
3 698
3 699
3 700
3 701
3 702
3 703
3 704
3 705
3 706
3 707
3 708
3 709
3 710
3 711
3 712
3 713
3 714
3 715
3 716
3 717
3 718
3 719
3 720
3 721
3 722
3 723
3 724
3 725
3 726
3 727
3 728
3 729
3 730
3 731
3 732
3 733
3 734
3 735
3 736
3 737
3 738
3 739
3 740
3 741
3 742
3 743
3 744
3 745
3 746
3 747
3 748
3 749
3 750
3 751
3 752
3 753
3 754
3 755
3 756
3 757
3 758
3 759
3 760
3 761
3 762
3 763
3 764
3 765
3 766
3 767
3 768
3 769
3 770
3 771
3 772
3 773
3 774
3 775
3 776
3 777
3 778
3 779
3 780
3 781
3 782
3 783
3 784
3 785
3 786
3 787
3 788
3 789
3 790
3 791
3 792
3 793
3 794
3 795
3 796
3 797
3 798
3 799
3 800
3 801
3 802
3 803
3 804
3 805
3 806
3 807
3 808
3 809
3 810
3 811
3 812
3 813
3 814
3 815
3 816
3 817
3 818
3 819
3 820
3 821
3 822
3 823
3 824
3 825
3 826
3 828
3 856
3 938
3 1105
4 3
5 4
5 5
5 6
5 7
5 8
5 9
5 10
5 11
5 12
5 13
5 14
5 15
5 16
5 17
5 18
5 19
5 20
5 21
5 22
5 23
5 24
5 25
5 26
5 27
5 28
5 29
5 30
5 31
5 32
5 33
5 34
5 35
5 36
5 37
5 38
5 39
5 40
5 41
5 42
5 43
5 44
5 45
5 46
5 47
5 48
5 49
5 50
5 51
5 52
5 53
5 54
5 55
5 56
5 57
5 58
5 59
5 60
5 61
5 62
5 63
5 64
5 65
5 66
5 67
5 68
5 69
5 70
5 71
5 72
5 73
5 74
5 75
5 76
5 77
5 78
5 79
5 80
5 81
5 82
5 83
5 84
5 85
5 86
5 87
5 88
5 91
5 92
5 93
5 94
5 95
5 96
5 97
5 98
5 99
5 100
5 101
5 102
5 103
5 104
5 105
5 106
5 107
5 108
5 109
5 110
5 111
5 112
5 113
5 114
5 115
5 116
5 117
5 118
5 119
5 120
5 121
5 122
5 123
5 124
5 125
5 126
5 127
5 128
5 129
5 130
5 131
5 132
5 133
5 134
5 135
5 136
5 137
5 138
5 139
5 140
5 141
5 142
5 143
5 144
5 145
5 146
5 147
5 148
5 149
5 150
5 151
5 152
5 153
5 154
5 155
5 156
5 157
5 158
5 159
5 160
5 161
5 162
5 163
5 164
5 165
5 166
5 167
5 168
5 169
5 170
5 171
5 172
5 173
5 174
5 175
5 176
5 177
5 178
5 179
5 180
5 181
5 182
5 183
5 184
5 185
5 186
5 187
5 188
5 189
5 190
5 191
5 192
5 193
5 194
5 195
5 196
5 197
5 198
5 199
5 200
5 201
5 202
5 203
5 204
5 205
5 206
5 207
5 208
5 209
5 210
5 211
5 212
5 213
5 214
5 215
5 216
5 217
5 218
5 219
5 220
5 221
5 222
5 223
5 224
5 225
5 226
5 227
5 228
5 229
5 230
5 231
5 232
5 233
5 234
5 235
5 236
5 237
5 238
5 239
5 240
5 241
5 242
5 243
5 244
5 245
5 246
5 249
5 250
5 251
5 252
5 253
5 254
5 255
5 256
5 260
5 262
5 263
5 264
5 265
5 266
5 268
5 269
5 270
5 271
5 272
5 273
5 274
5 275
5 276
5 278
5 279
5 280
5 281
5 283
5 285
5 286
5 287
5 288
5 289
5 290
5 292
5 293
5 294
5 295
5 296
5 297
5 298
5 299
5 300
5 301
5 303
5 304
5 306
5 307
5 308
5 309
5 310
5 312
5 313
5 314
5 315
5 316
5 317
5 318
5 319
5 320
5 321
5 322
5 323
5 324
5 325
5 326
5 327
5 328
5 329
5 330
5 331
5 332
5 333
5 334
5 335
5 336
5 337
5 339
5 340
5 341
5 342
5 343
5 344
5 345
5 346
5 348
5 349
5 350
5 351
5 352
5 353
5 355
5 356
5 357
5 358
5 360
5 361
5 362
5 363
5 364
5 366
5 367
5 369
5 370
5 371
5 372
5 373
5 374
5 375
5 376
5 377
5 378
5 379
5 380
5 381
5 382
5 384
5 385
5 386
5 387
5 388
5 390
5 392
5 393
5 394
5 395
5 396
5 397
5 398
5 399
5 400
5 402
5 403
5 404
5 405
5 407
5 408
5 409
5 410
5 411
5 412
5 413
5 414
5 415
5 416
5 418
5 419
5 420
5 421
5 423
5 425
5 426
5 427
5 429
5 430
5 432
5 433
5 434
5 435
5 437
5 438
5 439
5 440
5 441
5 442
5 443
5 444
5 445
5 446
5 447
5 448
5 449
5 450
5 451
5 452
5 454
5 455
5 456
5 457
5 458
5 459
5 460
5 461
5 462
5 463
5 464
5 465
5 466
5 467
5 468
5 469
5 470
5 471
5 472
5 473
5 474
5 475
5 477
5 478
5 479
5 480
5 481
5 482
5 483
5 484
5 485
5 486
5 487
5 488
5 489
5 490
5 492
5 493
5 494
5 496
5 500
5 505
5 507
5 509
5 510
5 511
5 512
5 514
5 515
5 516
5 517
5 519
5 520
5 521
5 522
5 523
5 524
5 525
5 526
5 527
5 530
5 531
5 532
5 533
5 534
5 535
5 536
5 537
5 538
5 539
5 540
5 541
5 542
5 544
5 545
5 546
5 547
5 549
5 550
5 551
5 552
5 553
5 554
5 555
5 556
5 557
5 559
5 560
5 562
5 563
5 564
5 566
5 567
5 570
5 571
5 573
5 574
5 575
5 576
5 578
5 579
5 586
5 588
5 593
5 594
5 595
5 598
5 599
5 600
5 601
5 603
5 604
5 605
5 606
5 607
5 608
5 609
5 610
5 611
5 612
5 614
5 615
5 616
5 617
5 618
5 619
5 621
5 626
5 627
5 628
5 629
5 630
5 631
5 632
5 633
5 634
5 635
5 636
5 638
5 639
5 640
5 641
5 642
5 643
5 644
5 645
5 646
5 647
5 648
5 649
5 652
5 656
5 657
5 658
5 661
5 662
5 663
5 664
5 665
5 666
5 667
5 668
5 669
5 670
5 671
5 672
5 673
5 678
5 679
5 686
5 688
5 697
5 698
5 699
5 700
5 704
5 707
5 712
5 713
5 714
5 715
5 716
5 717
5 718
5 719
5 720
5 721
5 722
5 723
5 727
5 734
5 735
5 737
5 738
5 739
5 742
5 745
5 746
5 748
5 749
5 751
5 752
5 753
5 754
5 755
5 756
5 757
5 758
5 759
5 760
5 761
5 763
5 765
5 767
5 768
5 770
5 771
5 773
5 774
5 783
5 792
5 793
5 800
5 810
5 813
5 814
5 815
5 818
5 819
5 821
5 822
5 823
5 828
5 831
5 832
5 833
5 834
5 835
5 836
5 837
5 838
5 847
5 848
5 849
5 850
5 851
5 852
5 853
5 854
5 855
5 856
5 857
5 859
5 860
5 861
5 862
5 863
5 864
5 865
5 870
5 871
5 872
5 873
5 874
5 875
5 876
5 879
5 882
5 883
5 884
5 885
5 886
5 887
5 888
5 889
5 890
5 891
5 892
5 893
5 894
5 903
5 904
5 905
5 906
5 907
5 908
5 909
5 910
5 911
5 912
5 913
5 914
5 917
5 919
5 921
5 925
5 937
5 938
5 939
5 940
5 941
5 942
5 943
5 944
5 945
5 946
5 947
5 948
5 949
5 950
5 951
5 952
5 953
5 954
5 955
5 956
5 957
5 958
5 959
5 960
5 961
5 962
5 963
5 964
5 965
5 966
5 967
5 968
5 969
5 970
5 971
5 972
5 973
5 974
5 975
5 976
5 977
5 978
5 979
5 980
5 981
5 982
5 983
5 984
5 985
5 986
5 987
5 988
5 989
5 990
5 991
5 992
5 993
5 994
5 995
5 996
5 997
5 1000
5 1001
5 1002
5 1003
5 1004
5 1005
5 1006
5 1007
5 1008
5 1009
5 1010
5 1011
5 1012
5 1013
5 1014
5 1015
5 1016
5 1017
5 1018
5 1019
5 1020
5 1021
5 1022
5 1023
5 1024
5 1025
5 1026
5 1027
5 1028
5 1029
5 1030
5 1031
5 1032
5 1033
5 1034
5 1035
5 1036
5 1037
5 1038
5 1039
5 1040
5 1041
5 1042
5 1043
5 1044
5 1045
5 1046
5 1047
5 1048
5 1049
5 1050
5 1051
5 1052
5 1053
5 1054
5 1055
5 1057
5 1058
5 1059
5 1060
5 1061
5 1062
5 1063
5 1064
5 1065
5 1066
5 1067
5 1068
5 1069
5 1070
5 1071
5 1072
5 1073
5 1074
5 1083
5 1084
5 1085
5 1086
5 1113
5 1114
5 1115
5 1121
5 1128
5 1129
5 1130
5 1152
5 1171
5 1178
5 1183
5 1184
5 1186
5 1187
5 1193
5 1201
5 1203
5 1204
5 1205
5 1206
5 1207
5 1208
5 1209
5 1213
5 1215
5 1218
5 1219
5 1220
5 1221
5 1222
5 1223
5 1224
5 1225
5 1226
5 1229
5 1230
5 1231
5 1232
5 1233
5 1234
5 1235
5 1236
5 1237
5 1238
5 1239
5 1240
5 1241
5 1242
5 1243
5 1244
5 1245
5 1246
5 1247
5 1248
5 1249
5 1250
5 1251
5 1252
5 1253
5 1254
5 1255
5 1256
5 1257
5 1258
5 1259
5 1260
5 1261
5 1262
5 1263
5 1264
5 1265
5 1266
5 1267
5 1268
5 1269
5 1270
5 1271
5 1272
5 1273
5 1274
5 1275
5 1276
5 1277
5 1278
5 1279
5 1280
5 1281
5 1282
5 1283
5 1284
5 1285
5 1286
5 1287
5 1288
5 1289
5 1290
5 1291
5 1292
5 1293
5 1294
5 1295
5 1296
5 1297
5 1298
5 1299
5 1300
5 1301
5 1302
5 1303
5 1304
5 1305
5 1306
5 1307
5 1308
5 1309
5 1310
5 1311
5 1312
5 1313
5 1314
5 1315
5 1316
5 1317
5 1318
5 1340
5 1341
5 1342
5 1343
5 1344
5 1345
5 1346
5 1347
5 1348
5 1349
5 1350
5 1351
5 1352
5 1353
5 1354
5 1355
5 1356
5 1357
5 1358
5 1359
5 1360
5 1361
5 1362
5 1363
5 1364
5 1365
5 1366
5 1367
5 1368
5 1369
5 1370
5 1371
5 1372
5 1373
5 1374
5 1375
5 1376
5 1377
5 1378
5 1379
5 1380
5 1381
5 1382
5 1383
5 1384
5 1385
5 1386
5 1387
5 1388
5 1389
5 1390
5 1391
5 1392
5 1393
5 1394
5 1395
5 1396
5 1397
5 1398
5 1570
5 1634
5 1635
5 1674
5 1695
5 1704
5 1845
5 1904
5 1905
5 1906
5 1907
5 1908
5 1909
5 1910
5 1911
5 1912
5 1913
5 1914
5 1915
5 1916
5 1917
5 1918
5 1919
5 1920
5 1921
5 1922
5 1923
5 1924
5 1925
5 1926
5 1927
5 1928
5 1929
5 1930
5 1931
5 1932
5 1933
5 1934
5 1935
5 1936
5 1937
5 1938
5 1995
5 1996
5 1997
5 1998
5 1999
5 2081
5 3130
5 3131
5 3132
5 3133
5 3134
5 3135
5 3136
5 3137
5 3138
5 3139
5 3140
5 3141
5 3142
5 3143
5 3144
5 3145
5 3146
5 3147
5 3148
5 3149
5 3150
5 3151
5 3152
5 3153
5 3154
5 3155
5 3156
5 3157
5 3158
5 3159
5 3160
5 3161
5 3162
5 3163
5 3164
5 3165
5 3166
5 3167
5 3168
5 3169
5 3170
5 3171
5 3172
5 3173
5 3174
5 3175
5 3176
5 3177
5 3178
5 3179
5 3180
5 3181
5 3182
5 3183
5 3184
5 3185
5 3186
5 3187
5 3188
5 3189
5 3190
5 3191
5 3192
5 3193
5 3194
5 3195
5 3196
5 3197
5 3198
5 3199
5 3200
5 3201
5 3202
5 3203
5 3204
5 3205
5 3206
5 3207
5 3208
5 3209
5 3210
5 3211
5 3212
5 3213
5 3214
5 3215
5 3216
5 3217
5 3218
5 3219
5 3220
5 3221
5 3222
5 3223
5 3224
5 3251
5 3252
5 3253
5 3254
5 3255
5 3256
5 3257
5 3258
5 3259
5 3260
5 3261
5 3262
5 3263
5 3264
5 3265
5 3266
5 3267
5 3268
5 3269
5 3270
5 3271
5 3272
5 3273
5 3274
5 3275
5 3276
5 3277
5 3278
5 3279
5 3280
5 3281
5 3282
5 3283
5 3284
5 3285
5 3286
5 3287
5 3288
5 3289
5 3290
5 3291
5 3292
5 3293
5 3294
5 3295
5 3296
5 3297
5 3298
5 3299
5 3300
5 3301
5 3302
5 3303
5 3304
5 3305
5 3306
5 3307
5 3308
5 3309
5 3310
5 3311
5 3312
5 3313
5 3314
5 3315
5 3316
5 3317
5 3318
5 3319
5 3320
5 3321
5 3322
5 3323
5 3324
5 3325
5 3326
5 3327
5 3328
5 3329
5 3330
5 3331
5 3332
5 3333
5 3334
5 3335
5 3336
5 3337
5 3338
5 3339
5 3340
5 3341
5 3342
5 3343
5 3344
5 3345
5 3346
5 3347
5 3348
5 3349
5 3350
5 3351
5 3352
5 3353
5 3354
5 3355
5 3356
5 3357
5 3358
5 3359
5 3360
5 3361
5 3362
5 3363
5 3364
5 3365
5 3366
5 3367
5 3368
5 3369
5 3370
5 3454
5 3455
5 3459
5 3693
5 3754
5 3755
5 5119
5 5120
5 5345
5 5346
5 5347
5 5348
5 5349
5 5350
5 5351
5 5352
5 5353
5 5354
5 5355
5 5356
5 5357
5 5358
5 5359
5 5360
5 5361
5 5362
5 5363
5 5364
5 5365
5 5366
5 5367
5 5368
5 5369
5 5370
5 5371
5 5372
5 5373
5 5374
5 5375
5 5376
5 5377
5 5378
5 5379
5 5380
5 5398
5 5399
5 5400
5 5401
5 5402
5 5403
5 5404
5 5405
5 5406
5 5407
5 5408
5 5409
5 5410
5 5420
5 5421
5 5422
5 5423
5 5424
5 5425
5 5426
5 5427
5 5428
5 5429
5 5430
5 5431
5 5432
5 5433
5 5434
5 5435
5 5436
5 5437
5 5438
5 5439
5 5440
5 5441
5 5442
5 5443
5 5444
5 5445
5 5446
5 5447
5 5448
5 5449
5 5450
5 5451
5 5452
5 5453
5 5454
5 5455
5 5456
5 5457
5 5458
5 5459
5 5460
5 5461
5 5462
5 5463
5 5464
5 5465
5 5466
5 5467
5 5468
5 5469
5 5470
5 5471
5 5472
5 5473
5 5474
5 5475
5 5476
5 5477
5 5478
5 5479
5 5480
5 5481
5 5482
5 5483
5 5484
5 5485
5 5486
5 5487
5 5488
5 5489
5 5490
5 5491
5 5492
5 5493
5 5494
5 5495
5 5496
5 5497
5 5498
5 5499
5 5500
5 5501
5 5502
5 5503
5 5504
5 5505
5 5506
5 5507
5 5508
5 5509
5 5510
5 5511
5 5512
5 5513
5 5514
5 5515
5 5516
5 5517
5 5518
5 5519
5 5520
5 5521
5 5522
5 5523
5 5524
5 5525
5 5526
5 5527
5 5528
5 5529
5 5530
5 5531
5 5532
5 5533
5 5534
5 5535
5 5536
5 5537
5 5538
5 5539
5 5540
5 5541
5 5542
5 5543
5 5544
5 5545
5 5546
5 5547
5 5548
5 5549
5 5550
5 5551
5 5552
5 5553
5 5554
5 5555
5 5556
5 5557
5 5558
5 5559
5 5560
5 5561
5 5562
5 5563
5 5564
5 5565
5 5566
5 5567
5 5568
5 5569
5 5570
5 5571
5 5572
5 5573
5 5574
5 5575
5 5576
5 5577
5 5578
5 5579
5 5580
5 5581
5 5582
5 5583
5 5584
5 5585
5 5586
5 5587
5 5588
5 5589
5 5590
5 5591
5 5592
5 5593
5 5594
5 5595
5 5596
5 5597
5 5598
5 5599
5 5600
5 5601
5 5602
5 5603
5 5604
5 5605
5 5606
5 5607
5 5608
5 5609
5 5610
5 5611
5 5612
5 5613
5 5614
5 5615
5 5616
5 5617
5 5618
5 5619
5 5620
5 5621
5 5622
5 5623
5 5624
5 5625
5 5626
5 5627
5 5628
5 5629
5 5630
5 5631
5 5632
5 5633
5 5634
5 5635
5 5636
5 5637
5 5638
5 5639
5 5640
5 5641
5 5642
5 5643
5 5644
5 5645
5 5646
5 5647
5 5648
5 5649
5 5650
5 5651
5 5652
5 5653
5 5654
5 5655
5 5656
5 5657
5 5658
5 5659
5 5660
5 5661
5 5662
5 5663
5 5664
5 5665
5 5666
5 5667
5 5668
5 5669
5 5670
5 5671
5 5672
5 5673
5 5674
5 5675
5 5676
5 5677
5 5678
5 5679
5 5680
5 5681
5 5682
5 5683
5 5684
5 5685
5 5686
5 5687
5 5688
5 5689
5 5690
5 5691
5 5692
5 5693
5 5694
5 5695
5 5696
5 5697
5 5698
5 5699
5 5700
5 5701
5 5702
5 5703
5 5704
5 5705
5 5706
5 5707
5 5708
5 5709
5 5710
5 5711
5 5712
5 5713
5 5714
5 5715
5 5716
5 5717
5 5718
5 5719
5 5720
5 5721
5 5722
5 5723
5 5724
5 5725
5 5726
5 5727
5 5728
5 5729
5 5730
5 5731
5 5732
5 5733
5 5734
5 5735
5 5736
5 5737
5 5738
5 5739
5 5740
5 5741
5 5742
5 5743
5 5744
5 5745
5 5746
5 5747
5 5748
5 5749
5 5750
5 5751
5 5752
5 5753
5 5754
5 5755
5 5756
5 5757
5 5758
5 5759
5 5760
5 5761
5 5762
5 5763
5 5764
5 5765
5 5766
5 5767
5 5768
5 5769
5 5770
5 5771
5 5772
5 5773
5 5774
5 5775
5 5776
5 5777
5 5778
5 5779
5 5780
5 5781
5 5782
5 5783
5 5784
5 5785
5 5786
5 5787
5 5788
5 5789
5 5790
5 5791
5 5792
5 5793
5 5794
5 5795
5 5796
5 5797
5 5798
5 5799
5 5800
5 5801
5 5802
5 5803
5 5804
5 5805
5 5806
5 5807
5 5808
5 5809
5 5810
5 5811
5 5812
5 5813
5 5814
5 5815
5 5816
5 5817
5 5818
5 5819
5 5820
5 5821
5 5822
5 5823
5 5824
5 5825
5 5826
5 5827
5 5828
5 5829
5 5830
5 5831
5 5832
5 5833
5 5834
5 5835
5 5836
5 5837
5 5838
5 5839
5 5840
5 5841
5 5842
5 5843
5 5844
5 5845
5 5846
5 5847
5 5848
5 5849
5 5850
5 5851
5 5852
5 5853
5 5854
5 5855
5 5856
5 5857
5 5858
5 5859
5 5860
5 5861
5 5862
5 5863
5 5864
5 5865
5 5866
5 5867
5 5868
5 5869
5 5870
5 5871
5 5872
5 5873
5 5874
5 5875
5 5876
5 5877
5 5878
5 5879
5 5880
5 5881
5 5882
5 5883
5 5884
5 5885
5 5886
5 5887
5 5888
5 5889
5 5890
5 5891
5 5892
5 5893
5 5894
5 5895
5 5896
5 5897
5 5898
5 5899
5 5900
5 5901
5 5902
5 5903
5 5904
5 5905
5 5906
5 5907
5 5908
5 5909
5 5910
5 5911
5 5912
5 5913
5 5914
5 5915
5 5916
5 5917
5 5918
5 5919
5 5920
5 5921
5 5922
5 5923
5 5924
5 5925
5 5926
5 5927
5 5928
5 5929
5 5930
5 5931
5 5932
5 5933
5 5934
5 5935
5 5936
5 5937
5 5938
5 5939
5 5940
5 5941
5 5942
5 5943
5 5944
5 5945
5 5946
5 5947
5 5948
5 5949
5 5950
5 5951
5 5952
5 5953
5 5954
5 5955
5 5956
5 5957
5 5958
5 5959
5 5960
5 5961
5 5962
5 5963
5 5964
5 5965
5 5966
5 5967
5 5968
5 5969
5 5970
5 5971
5 5972
5 5973
5 5974
5 5975
5 5976
5 5977
5 5978
5 5979
5 5980
5 5981
5 5982
5 5983
5 5984
5 5985
5 5986
5 5987
5 5988
5 5989
5 5990
5 5991
5 5992
5 5993
5 5994
5 5995
5 5996
5 5997
5 5998
5 5999
5 6000
5 6001
5 6002
5 6003
5 6004
5 6005
5 6006
5 6007
5 6008
5 6009
5 6010
5 6011
5 6012
5 6013
5 6014
5 6015
5 6016
5 6017
5 6018
5 6019
5 6020
5 6021
5 6022
5 6023
5 6024
5 6025
5 6026
5 6027
5 6028
5 6029
5 6030
5 6031
5 6032
5 6033
5 6034
5 6035
5 6036
5 6037
5 6038
5 6039
5 6040
5 6041
5 6042
5 6043
5 6044
5 6045
5 6046
5 6047
5 6048
5 6049
5 6050
5 6051
5 6052
5 6053
5 6054
5 6055
5 6056
5 6057
5 6058
5 6059
5 6060
5 6061
5 6062
5 6063
5 6064
5 6065
5 6066
5 6067
5 6068
5 6069
5 6070
5 6071
5 6072
5 6073
5 6074
5 6075
5 6076
5 6077
5 6078
5 6079
5 6080
5 6081
5 6082
5 6083
5 6084
5 6085
5 6086
5 6087
5 6088
5 6089
5 6090
5 6091
5 6092
5 6093
5 6094
5 6095
5 6096
5 6097
5 6098
5 6099
5 6100
5 6101
5 6102
5 6103
5 6104
5 6105
5 6106
5 6107
5 6108
5 6109
5 6110
5 6111
5 6112
5 6113
5 6114
5 6115
5 6116
5 6117
5 6118
5 6119
5 6120
5 6121
5 6122
5 6123
5 6124
5 6125
5 6126
5 6127
5 6128
5 6129
5 6130
5 6131
5 6132
5 6133
5 6134
5 6135
5 6136
5 6137
5 6138
5 6139
5 6140
5 6141
5 6142
5 6143
5 6144
5 6145
5 6146
5 6147
5 6148
5 6149
5 6150
5 6151
5 6152
5 6153
5 6154
5 6155
5 6156
5 6157
5 6158
5 6159
5 6160
5 6161
5 6162
5 6163
5 6164
5 6165
5 6166
5 6167
5 6168
5 6169
5 6170
5 6171
5 6172
5 6173
5 6174
5 6175
5 6176
5 6177
5 6178
5 6179
5 6180
5 6181
5 6182
5 6183
5 6184
5 6185
5 6186
5 6187
5 6188
5 6189
5 6190
5 6191
5 6192
5 6193
5 6194
5 6195
5 6196
5 6197
5 6198
5 6199
5 6200
5 6201
5 6202
5 6203
5 6204
5 6205
5 6206
5 6207
5 6208
5 6209
5 6210
5 6211
5 6212
5 6213
5 6214
5 6215
5 6216
5 6217
5 6218
5 6219
5 6220
5 6221
5 6222
5 6223
5 6224
5 6225
5 6226
5 6227
5 6228
5 6229
5 6230
5 6231
5 6232
5 6233
5 6234
5 6235
5 6236
5 6237
5 6238
5 6239
5 6240
5 6241
5 6242
5 6243
5 6244
5 6245
5 6246
5 6247
5 6248
5 6249
5 6250
5 6251
5 6252
5 6253
5 6254
5 6255
5 6256
5 6257
5 6258
5 6259
5 6260
5 6261
5 6262
5 6263
5 6264
5 6265
5 6266
5 6267
5 6268
5 6269
5 6270
5 6271
5 6272
5 6273
5 6274
5 6275
5 6276
5 6277
5 6278
5 6279
5 6280
5 6281
5 6282
5 6283
5 6284
5 6285
5 6286
5 6287
5 6288
5 6289
5 6290
5 6291
5 6292
5 6293
5 6294
5 6295
5 6296
5 6297
5 6298
5 6299
5 6300
5 6301
5 6302
5 6303
5 6304
5 6305
5 6306
5 6307
5 6308
5 6309
5 6310
5 6311
5 6312
5 6313
5 6314
5 6315
5 6316
5 6317
5 6318
5 6319
5 6320
5 6321
5 6322
5 6323
5 6324
5 6325
5 6326
5 6327
5 6328
5 6329
5 6330
5 6331
5 6332
5 6333
5 6334
5 6335
5 6336
5 6337
5 6338
5 6339
5 6340
5 6341
5 6342
5 6343
5 6344
5 6345
5 6346
5 6347
5 6348
5 6349
5 6350
5 6351
5 6352
5 6353
5 6354
5 6355
5 6356
5 6357
5 6358
5 6359
5 6360
5 6361
5 6362
5 6363
5 6364
5 6365
5 6366
5 6367
5 6368
5 6369
5 6370
5 6371
5 6372
5 6373
5 6374
5 6375
5 6376
5 6377
5 6378
5 6379
5 6380
5 6381
5 6382
5 6383
5 6384
5 6385
5 6386
5 6387
5 6388
5 6389
5 6390
5 6391
5 6392
5 6393
5 6394
5 6395
5 6396
5 6397
5 6398
5 6399
5 6400
5 6401
5 6402
5 6403
5 6404
5 6405
5 6406
5 6407
5 6408
5 6409
5 6410
5 6411
5 6412
5 6413
5 6414
5 6415
5 6416
5 6417
5 6418
5 6419
5 6420
5 6421
5 6422
5 6423
5 6424
5 6425
5 6426
5 6427
5 6428
5 6429
5 6430
5 6431
5 6432
5 6433
5 6434
5 6435
5 6436
5 6437
5 6438
5 6439
5 6440
5 6441
5 6442
5 6443
5 6444
5 6445
5 6446
5 6447
5 6448
5 6449
5 6450
5 6451
5 6452
5 6453
5 6454
5 6455
5 6456
5 6457
5 6458
5 6459
5 6460
5 6461
5 6462
5 6463
5 6464
5 6465
5 6466
5 6467
5 6468
5 6469
5 6470
5 6471
5 6472
5 6473
5 6474
5 6475
5 6476
5 6477
5 6478
5 6479
5 6480
5 6481
5 6482
5 6483
5 6484
5 6485
5 6486
5 6487
5 6488
5 6489
5 6490
5 6491
5 6492
5 6493
5 6494
5 6495
5 6496
5 6497
5 6498
5 6499
5 6500
5 6501
5 6502
5 6503
5 6504
5 6505
5 6506
5 6507
5 6508
5 6509
5 6510
5 6511
5 6512
5 6513
5 6514
5 6515
5 6516
5 6517
5 6518
5 6519
5 6520
5 6521
5 6522
5 6523
5 6524
5 6525
5 6526
5 6527
5 6528
5 6529
5 6530
5 6531
5 6532
5 6533
5 6534
5 6535
5 6536
5 6537
5 6538
5 6539
5 6540
5 6541
5 6542
5 6543
5 6544
5 6545
5 6546
5 6547
5 6548
5 6549
5 6550
5 6551
5 6552
5 6553
5 6554
5 6555
5 6556
5 6557
5 6558
5 6559
5 6560
5 6561
5 6562
5 6563
5 6564
5 6565
5 6566
5 6567
5 6568
5 6569
5 6570
5 6571
5 6572
5 6573
5 6574
5 6575
5 6576
5 6577
5 6578
5 6579
5 6580
5 6581
5 6582
5 6583
5 6584
5 6585
5 6586
5 6587
5 6588
5 6589
5 6590
5 6591
5 6592
5 6593
5 6594
5 6595
5 6596
5 6597
5 6598
5 6599
5 6600
5 6601
5 6602
5 6603
5 6604
5 6605
5 6606
5 6607
5 6608
5 6609
5 6610
5 6611
5 6612
5 6613
5 6614
5 6615
5 6616
5 6617
5 6618
5 6619
5 6620
5 6621
5 6622
5 6623
5 6624
5 6625
5 6626
5 6627
5 6628
5 6629
5 6630
5 6631
5 6632
5 6633
5 6634
5 6635
5 6636
5 6637
5 6638
5 6639
5 6640
5 6641
5 6642
5 6643
5 6644
5 6645
5 6646
5 6647
5 6648
5 6649
5 6650
5 6651
5 6652
5 6653
5 6654
5 6655
5 6656
5 6657
5 6658
5 6659
5 6660
5 6661
5 6662
5 6663
5 6664
5 6665
5 6666
5 6667
5 6668
5 6669
5 6670
5 6671
5 6672
5 6673
5 6674
5 6675
5 6676
5 6677
5 6678
5 6679
5 6680
5 6681
5 6682
5 6683
5 6684
5 6685
5 6686
5 6687
5 6688
5 6689
5 6690
5 6691
5 6692
5 6693
5 6694
5 6695
5 6696
5 6697
5 6698
5 6699
5 6700
5 6701
5 6702
5 6703
5 6704
5 6705
5 6706
5 6707
5 6708
5 6709
5 6710
5 6711
5 6712
5 6713
5 6714
5 6715
5 6716
5 6717
5 6718
5 6719
5 6720
5 6721
5 6722
5 6723
5 6724
5 6725
5 6726
5 6727
5 6728
5 6729
5 6730
5 6731
5 6732
5 6733
5 6734
5 6735
5 6736
5 6737
5 6738
5 6739
5 6740
5 6741
5 6742
5 6743
5 6744
5 6745
5 6746
5 6747
5 6748
5 6749
5 6750
5 6751
5 6752
5 6753
5 6754
5 6755
5 6756
5 6757
5 6758
5 6759
5 6760
5 6761
5 6762
5 6763
5 6764
5 6765
5 6766
5 6767
5 6768
5 6769
5 6770
5 6771
5 6772
5 6773
5 6774
5 6775
5 6776
5 6777
5 6778
5 6779
5 6780
5 6781
5 6782
5 6783
5 6784
5 6785
5 6786
5 6787
5 6788
5 6789
5 6790
5 6791
5 6792
5 6793
5 6794
5 6795
5 6796
5 6797
5 6798
5 6799
5 6800
5 6801
5 6802
5 6803
5 6804
5 6805
5 6806
5 6807
5 6808
5 6809
5 6810
5 6811
5 6812
5 6813
5 6814
5 6815
5 6816
5 6817
5 6818
5 6819
5 6820
5 6821
5 6822
5 6823
5 6824
5 6825
5 6826
5 6827
5 6828
5 6829
5 6830
5 6831
5 6832
5 6833
5 6834
5 6835
5 6836
5 6837
5 6838
5 6839
5 6840
5 6841
5 6842
5 6843
5 6844
5 6845
5 6846
5 6847
5 6848
5 6849
5 6850
5 6851
5 6852
5 6853
5 6854
5 6855
5 6856
5 6857
5 6858
5 6859
5 6860
5 6861
5 6862
5 6863
5 6864
5 6865
5 6866
5 6867
5 6868
5 6869
5 6870
5 6871
5 6872
5 6873
5 6874
5 6875
5 6876
5 6877
5 6878
5 6879
5 6880
5 6881
5 6882
5 6883
5 6884
5 6885
5 6886
5 6887
5 6888
5 6889
5 6890
5 6891
5 6892
5 6893
5 6894
5 6895
5 6896
5 6897
5 6898
5 6899
5 6900
5 6901
5 6902
5 6903
5 6904
5 6905
5 6906
5 6907
5 6908
5 6909
5 6910
5 6911
5 6912
5 6913
5 6914
5 6915
5 6916
5 6917
5 6918
5 6919
5 6920
5 6921
5 6922
5 6923
5 6924
5 6925
5 6926
5 6927
5 6928
5 6929
5 6930
5 6931
5 6932
5 6933
5 6934
5 6935
5 6936
5 6937
5 6938
5 6939
5 6940
5 6941
5 6942
5 6943
5 6944
5 6945
5 6946
5 6947
5 6948
5 6949
5 6950
5 6951
5 6952
5 6953
5 6954
5 6955
5 6956
5 6957
5 6958
5 6959
5 6960
5 6961
5 6962
5 6963
5 6964
5 6965
5 6966
5 6967
5 6968
5 6969
5 6970
5 6971
5 6972
5 6973
5 6974
5 6975
5 6976
5 6977
5 6978
5 6979
5 6980
5 6981
5 6982
5 6983
5 6984
5 6985
5 6986
5 6987
5 6988
5 6989
5 6990
5 6991
5 6992
5 6993
5 6994
5 6995
5 6996
5 6997
5 6998
5 6999
5 7000
5 7001
5 7002
5 7003
5 7004
5 7005
5 7006
5 7007
5 7008
5 7009
5 7010
5 7011
5 7012
5 7013
5 7014
5 7015
5 7016
5 7017
5 7018
5 7019
5 7020
5 7021
5 7022
5 7023
5 7024
5 7025
5 7026
5 7027
5 7028
5 7029
5 7030
5 7031
5 7032
5 7033
5 7034
5 7035
5 7036
5 7037
5 7038
5 7039
5 7040
5 7041
5 7042
5 7043
5 7044
5 7045
5 7046
5 7047
5 7048
5 7049
5 7050
5 7051
5 7052
5 7053
5 7054
5 7055
5 7056
5 7057
5 7058
5 7059
5 7060
5 7061
5 7062
5 7063
5 7064
5 7065
5 7066
5 7067
5 7068
5 7069
5 7070
5 7071
5 7072
5 7073
5 7074
5 7075
5 7076
5 7077
5 7078
5 7079
5 7080
5 7081
5 7082
5 7083
5 7084
5 7085
5 7086
5 7087
5 7088
5 7089
5 7090
5 7091
5 7092
5 7093
5 7094
5 7095
5 7096
5 7097
5 7098
5 7099
5 7100
5 7101
5 7102
5 7103
5 7104
5 7105
5 7106
5 7107
5 7108
5 7109
5 7110
5 7111
5 7112
5 7113
5 7114
5 7115
5 7116
5 7117
5 7118
5 7119
5 7120
5 7121
5 7122
5 7123
5 7124
5 7125
5 7126
5 7127
5 7128
5 7129
5 7130
5 7131
5 7132
5 7133
5 7134
5 7135
5 7136
5 7137
5 7138
5 7139
5 7140
5 7141
5 7142
5 7143
5 7144
5 7145
5 7146
5 7147
5 7148
5 7149
5 7150
5 7151
5 7152
5 7153
5 7154
5 7155
5 7156
5 7157
5 7158
5 7159
5 7160
5 7161
5 7162
5 7163
5 7164
5 7165
5 7166
5 7167
5 7168
5 7169
5 7170
5 7171
5 7172
5 7173
5 7174
5 7175
5 7176
5 7177
5 7178
5 7179
5 7180
5 7181
5 7182
5 7183
5 7184
5 7185
5 7186
5 7187
5 7188
5 7189
5 7190
5 7191
5 7192
5 7193
5 7194
5 7195
5 7196
5 7197
5 7198
5 7199
5 7200
5 7201
5 7202
5 7203
5 7204
5 7205
5 7206
5 7207
5 7208
5 7209
5 7210
5 7211
5 7212
5 7213
5 7214
5 7215
5 7216
5 7217
5 7218
5 7219
5 7220
5 7221
5 7222
5 7223
5 7224
5 7225
5 7226
5 7227
5 7228
5 7229
5 7230
5 7231
5 7232
5 7233
5 7234
5 7235
5 7236
5 7237
5 7238
5 7239
5 7240
5 7241
5 7242
5 7243
5 7244
5 7245
5 7246
5 7247
5 7248
5 7249
5 7250
5 7251
5 7252
5 7253
5 7254
5 7255
5 7256
5 7257
5 7258
5 7259
5 7260
5 7261
5 7262
5 7263
5 7264
5 7265
5 7266
5 7267
5 7268
5 7269
5 7270
5 7271
5 7272
5 7273
5 7274
5 7275
5 7276
5 7277
5 7278
5 7279
5 7280
5 7281
5 7282
5 7283
5 7284
5 7285
5 7286
5 7287
5 7288
5 7289
5 7290
5 7291
5 7292
5 7293
5 7294
5 7295
5 7296
5 7297
5 7298
5 7299
5 7300
5 7301
5 7302
5 7303
5 7304
5 7305
5 7306
5 7307
5 7308
5 7309
5 7310
5 7311
5 7312
5 7313
5 7314
5 7315
5 7316
5 7317
5 7318
5 7319
5 7320
5 7321
5 7322
5 7323
5 7324
5 7325
5 7326
5 7327
5 7328
5 7329
5 7330
5 7331
5 7332
5 7333
5 7334
5 7335
5 7336
5 7337
5 7338
5 7339
5 7340
5 7341
5 7342
5 7343
5 7344
5 7345
5 7346
5 7347
5 7348
5 7349
5 7350
5 7351
5 7352
5 7353
5 7354
5 7355
5 7356
5 7357
5 7358
5 7359
5 7360
5 7361
5 7362
5 7363
5 7364
5 7365
5 7366
5 7367
5 7368
5 7369
5 7370
5 7371
5 7372
5 7373
5 7374
5 7375
5 7376
5 7377
5 7378
5 7379
5 7380
5 7381
5 7382
5 7383
5 7384
5 7385
5 7386
5 7387
5 7388
5 7389
5 7390
5 7391
5 7392
5 7393
5 7394
5 7395
5 7396
5 7397
5 7398
5 7399
5 7400
5 7401
5 7402
5 7403
5 7404
5 7405
5 7406
5 7407
5 7408
5 7409
5 7410
5 7411
5 7412
5 7413
5 7414
5 7415
5 7416
5 7417
5 7418
5 7419
5 7420
5 7421
5 7422
5 7423
5 7424
5 7425
5 7426
5 7427
5 7428
5 7429
5 7430
5 7431
5 7432
5 7433
5 7434
5 7435
5 7436
5 7437
5 7438
5 7439
5 7440
5 7441
5 7442
5 7443
5 7444
5 7445
5 7446
5 7447
5 7448
5 7449
5 7450
5 7451
5 7452
5 7453
5 7454
5 7455
5 7456
5 7457
5 7458
5 7459
5 7460
5 7461
5 7462
5 7463
5 7464
5 7465
5 7466
5 7467
5 7468
5 7469
5 7470
5 7471
5 7472
5 7473
5 7474
5 7475
5 7476
5 7477
5 7478
5 7479
5 7480
5 7481
5 7482
5 7483
5 7484
5 7485
5 7486
5 7487
5 7488
5 7489
5 7490
5 7491
5 7492
5 7493
5 7494
5 7495
5 7496
5 7497
5 7498
5 7499
5 7500
5 7501
5 7502
5 7503
5 7504
5 7505
5 7506
5 7507
5 7508
5 7509
5 7510
5 7511
5 7512
5 7513
5 7514
5 7515
5 7516
5 7517
5 7518
5 7519
5 7520
5 7521
5 7522
5 7523
5 7524
5 7525
5 7526
5 7527
5 7528
5 7529
5 7530
5 7531
5 7532
5 7533
5 7534
5 7535
5 7536
5 7537
5 7538
5 7539
5 7540
5 7541
5 7542
5 7543
5 7544
5 7545
5 7546
5 7547
5 7548
5 7549
5 7550
5 7551
5 7552
5 7553
5 7554
5 7555
5 7556
5 7557
5 7558
5 7559
5 7560
5 7561
5 7562
5 7563
5 7564
5 7565
5 7566
5 7567
5 7568
5 7569
5 7570
5 7571
5 7572
5 7573
5 7574
5 7575
5 7576
5 7577
5 7578
5 7579
5 7580
5 7581
5 7582
5 7583
5 7584
5 7585
5 7586
5 7587
5 7588
5 7589
5 7590
5 7591
5 7592
5 7593
5 7594
5 7595
5 7596
5 7597
5 7598
5 7599
5 7600
5 7601
5 7602
5 7603
5 7604
5 7605
5 7606
5 7607
5 7608
5 7609
5 7610
5 7611
5 7612
5 7613
5 7614
5 7615
5 7616
5 7617
5 7618
5 7619
5 7620
5 7621
5 7622
5 7623
5 7624
5 7625
5 7626
5 7627
5 7628
5 7629
5 7630
5 7631
5 7632
5 7633
5 7634
5 7635
5 7636
5 7637
5 7638
5 7639
5 7640
5 7641
5 7642
5 7643
5 7644
5 7645
5 7646
5 7647
5 7648
5 7649
5 7650
5 7651
5 7652
5 7653
5 7654
5 7655
5 7656
5 7657
5 7658
5 7659
5 7660
5 7661
5 7662
5 7663
5 7664
5 7665
5 7666
5 7667
5 7668
5 7669
5 7670
5 7671
5 7672
5 7673
5 7674
5 7675
5 7676
5 7677
5 7678
5 7679
5 7680
5 7681
5 7682
5 7683
5 7684
5 7685
5 7686
5 7687
5 7688
5 7689
5 7690
5 7691
5 7692
5 7693
5 7694
5 7695
5 7696
5 7697
5 7698
5 7699
5 7700
5 7701
5 7702
5 7703
5 7704
5 7705
5 7706
5 7707
5 7708
5 7709
5 7710
5 7711
5 7712
5 7713
5 7714
5 7715
5 7716
5 7717
5 7718
5 7719
5 7720
5 7721
5 7722
5 7723
5 7724
5 7725
5 7726
5 7727
5 7728
5 7729
5 7730
5 7731
5 7732
5 7733
5 7734
5 7735
5 7736
5 7737
5 7738
5 7739
5 7740
5 7741
5 7742
5 7743
5 7744
5 7745
5 7746
5 7747
5 7748
5 7749
5 7750
5 7751
5 7752
5 7753
5 7754
5 7755
5 7756
5 7757
5 7758
5 7759
5 7760
5 7761
5 7762
5 7763
5 7764
5 7765
5 7766
5 7767
5 7768
5 7769
5 7770
5 7771
5 7772
5 7773
5 7774
5 7775
5 7776
5 7777
5 7778
5 7779
5 7780
5 7781
5 7782
5 7783
5 7784
5 7785
5 7786
5 7787
5 7788
5 7789
5 7790
5 7791
5 7792
5 7793
5 7794
5 7795
5 7796
5 7797
5 7798
5 7799
5 7800
5 7801
5 7802
5 7803
5 7804
5 7805
5 7806
5 7807
5 7808
5 7809
5 7810
5 7811
5 7812
5 7813
5 7814
5 7815
5 7816
5 7817
5 7818
5 7819
5 7820
5 7821
5 7822
5 7823
5 7824
5 7825
5 7826
5 7827
5 7828
5 7829
5 7830
5 7831
5 7832
5 7833
5 7834
5 7835
5 7836
5 7837
5 7838
5 7839
5 7840
5 7841
5 7842
5 7843
5 7844
5 7845
5 7846
5 7847
5 7848
5 7849
5 7850
5 7851
5 7852
5 7853
5 7854
5 7855
5 7856
5 7857
5 7858
5 7859
5 7860
5 7861
5 7862
5 7863
5 7864
5 7865
5 7866
5 7867
5 7868
5 7869
5 7870
5 7871
5 7872
5 7873
5 7874
5 7875
5 7876
5 7877
5 7878
5 7879
5 7880
5 7881
5 7882
5 7883
5 7884
5 7885
5 7886
5 7887
5 7888
5 7889
5 7890
5 7891
5 7892
5 7893
5 7894
5 7895
5 7896
5 7897
5 7898
5 7899
5 7900
5 7901
5 7902
5 7903
5 7904
5 7905
5 7906
5 7907
5 7908
5 7909
5 7910
5 7911
5 7912
5 7913
5 7914
5 7915
5 7916
5 7917
5 7918
5 7919
5 7920
5 7921
5 7922
5 7923
5 7924
5 7925
5 7926
5 7927
5 7928
5 7929
5 7930
5 7931
5 7932
5 7933
5 7934
5 7935
5 7936
5 7937
5 7938
5 7939
5 7940
5 7941
5 7942
5 7943
5 7944
5 7945
5 7946
5 7947
5 7948
5 7949
5 7950
5 7951
5 7952
5 7953
5 7954
5 7955
5 7956
5 7957
5 7958
5 7959
5 7960
5 7961
5 7962
5 7963
5 7964
5 7965
5 7966
5 7967
5 7968
5 7969
5 7970
5 7971
5 7972
5 7973
5 7974
5 7975
5 7976
5 7977
5 7978
5 7979
5 7980
5 7981
5 7982
5 7983
5 7984
5 7985
5 7986
5 7987
5 7988
5 7989
5 7990
5 7991
5 7992
5 7993
5 7994
5 7995
5 7996
5 7997
5 7998
5 7999
5 8000
5 8001
5 8002
5 8003
5 8004
5 8005
5 8006
5 8007
5 8008
5 8009
5 8010
5 8011
5 8012
5 8013
5 8014
5 8015
5 8016
5 8017
5 8018
5 8019
5 8020
5 8021
5 8022
5 8023
5 8024
5 8025
5 8026
5 8027
5 8028
5 8029
5 8030
5 8031
5 8032
5 8033
5 8034
5 8035
5 8036
5 8037
5 8038
5 8039
5 8040
5 8041
5 8042
5 8043
5 8044
5 8045
5 8046
5 8047
5 8048
5 8049
5 8050
5 8051
5 8052
5 8053
5 8054
5 8055
5 8056
5 8057
5 8058
5 8059
5 8060
5 8061
5 8062
5 8063
5 8064
5 8065
5 8066
5 8067
5 8068
5 8069
5 8070
5 8071
5 8072
5 8073
5 8074
5 8075
5 8076
5 8077
5 8078
5 8079
5 8080
5 8081
5 8082
5 8083
5 8084
5 8085
5 8086
5 8087
5 8088
5 8089
5 8090
5 8091
5 8092
5 8093
5 8094
5 8095
5 8096
5 8097
5 8098
5 8099
5 8100
5 8101
5 8102
5 8103
5 8104
5 8105
5 8106
5 8107
5 8108
5 8109
5 8110
5 8111
5 8112
5 8113
5 8114
5 8115
5 8116
5 8117
5 8118
5 8119
5 8120
5 8121
5 8122
5 8123
5 8124
5 8125
5 8126
5 8127
5 8128
5 8129
5 8130
5 8131
5 8132
5 8133
5 8134
5 8135
5 8136
5 8137
5 8138
5 8139
5 8140
5 8141
5 8142
5 8143
5 8144
5 8145
5 8146
5 8147
5 8148
5 8149
5 8150
5 8151
5 8152
5 8153
5 8154
5 8155
5 8156
5 8157
5 8158
5 8159
5 8160
5 8161
5 8162
5 8163
5 8164
5 8165
5 8166
5 8167
5 8168
5 8169
5 8170
5 8171
5 8172
5 8173
5 8174
5 8175
5 8176
5 8177
5 8178
5 8179
5 8180
5 8181
5 8182
5 8183
5 8184
5 8185
5 8186
5 8187
5 8188
5 8189
5 8190
5 8191
5 8192
5 8193
5 8194
5 8195
5 8196
5 8197
5 8198
5 8199
5 8200
5 8201
5 8202
5 8203
5 8204
5 8205
5 8206
5 8207
5 8208
5 8209
5 8210
5 8211
5 8212
5 8213
5 8214
5 8215
5 8216
5 8217
5 8218
5 8219
5 8220
5 8221
5 8222
5 8223
5 8224
5 8225
5 8226
5 8227
5 8228
5 8229
5 8230
5 8231
5 8232
5 8233
5 8234
5 8235
5 8236
5 8237
5 8238
5 8239
5 8240
5 8241
5 8242
5 8243
5 8244
5 8245
5 8246
5 8247
5 8248
5 8249
5 8250
5 8251
5 8252
5 8253
5 8254
5 8255
5 8256
5 8257
5 8258
5 8259
5 8260
5 8261
5 8262
5 8263
5 8264
5 8265
5 8266
5 8267
5 8268
5 8269
5 8270
5 8271
5 8272
5 8273
5 8274
5 8275
5 8276
5 8277
5 8278
5 8279
5 8280
5 8281
5 8282
5 8283
5 8284
5 8285
5 8286
5 8287
5 8288
5 8289
5 8290
5 8291
5 8292
5 8293
5 8294
5 8295
5 8296
5 8297
5 8298
5 8299
5 8300
5 8301
5 8302
5 8303
5 8304
5 8305
5 8306
5 8307
5 8308
5 8309
5 8310
5 8311
5 8312
5 8313
5 8314
5 8315
5 8316
5 8317
5 8318
5 8319
5 8320
5 8321
5 8322
5 8323
5 8324
5 8325
5 8326
5 8327
5 8328
5 8329
5 8330
5 8331
5 8332
5 8333
5 8334
5 8335
5 8336
5 8337
5 8338
5 8339
5 8340
5 8341
5 8342
5 8343
5 8344
5 8345
5 8346
5 8347
5 8348
5 8349
5 8350
5 8351
5 8352
5 8353
5 8354
5 8355
5 8356
5 8357
5 8358
5 8359
5 8360
5 8361
5 8362
5 8363
5 8364
5 8365
5 8366
5 8367
5 8368
5 8369
5 8370
5 8371
5 8372
5 8373
5 8374
5 8375
5 8376
5 8377
5 8378
5 8379
5 8380
5 8381
5 8382
5 8383
5 8384
5 8385
5 8386
5 8387
5 8388
5 8389
5 8390
5 8391
5 8392
5 8393
5 8394
5 8395
5 8396
5 8397
5 8398
5 8399
5 8400
5 8401
5 8402
5 8403
5 8404
5 8405
5 8406
5 8407
5 8408
5 8409
5 8410
5 8411
5 8412
5 8413
5 8414
5 8415
5 8416
5 8417
5 8418
5 8419
5 8420
5 8421
5 8422
5 8423
5 8424
5 8425
5 8426
5 8427
5 8428
5 8429
5 8430
5 8431
5 8432
5 8433
5 8434
5 8435
5 8436
5 8437
5 8438
5 8439
5 8440
5 8441
5 8442
5 8443
5 8444
5 8445
5 8446
5 8447
5 8448
5 8449
5 8450
5 8451
5 8452
5 8453
5 8454
5 8455
5 8456
5 8457
5 8458
5 8459
5 8460
5 8461
5 8462
5 8463
5 8464
5 8465
5 8466
5 8467
5 8468
5 8469
5 8470
5 8471
5 8472
5 8473
5 8474
5 8475
5 8476
5 8477
5 8478
5 8479
5 8480
5 8481
5 8482
5 8483
5 8484
5 8485
5 8486
5 8487
5 8488
5 8489
5 8490
5 8491
5 8492
5 8493
5 8494
5 8495
5 8496
5 8497
5 8498
5 8499
5 8500
5 8501
5 8502
5 8503
5 8504
5 8505
5 8506
5 8507
5 8508
5 8509
5 8510
5 8511
5 8512
5 8513
5 8514
5 8515
5 8516
5 8517
5 8518
5 8519
5 8520
5 8521
5 8522
5 8523
5 8524
5 8525
5 8526
5 8527
5 8528
5 8529
5 8530
5 8531
5 8532
5 8533
5 8534
5 8535
5 8536
5 8537
5 8538
5 8539
5 8540
5 8541
5 8542
5 8543
5 8544
5 8545
5 8546
5 8547
5 8548
5 8549
5 8550
5 8551
5 8552
5 8553
5 8554
5 8555
5 8556
5 8557
5 8558
5 8559
5 8560
5 8561
5 8562
5 8563
5 8564
5 8565
5 8566
5 8567
5 8568
5 8569
5 8570
5 8571
5 8572
5 8573
5 8574
5 8575
5 8576
5 8577
5 8578
5 8579
5 8580
5 8581
5 8582
5 8583
5 8584
5 8585
5 8586
5 8587
5 8588
5 8589
5 8590
5 8591
5 8592
5 8593
5 8594
5 8595
5 8596
5 8597
5 8598
5 8599
5 8600
5 8601
5 8602
5 8603
5 8604
5 8605
5 8606
5 8607
5 8608
5 8609
5 8610
5 8611
5 8612
5 8613
5 8614
5 8615
5 8616
5 8617
5 8618
5 8619
5 8620
5 8621
5 8622
5 8623
5 8624
5 8625
5 8626
5 8627
5 8628
5 8629
5 8630
5 8631
5 8632
5 8633
5 8634
5 8635
5 8636
5 8637
5 8638
5 8639
5 8640
5 8641
5 8642
5 8643
5 8644
5 8645
5 8646
5 8647
5 8648
5 8649
5 8650
5 8651
5 8652
5 8653
5 8654
5 8655
5 8656
5 8657
5 8658
5 8659
5 8660
5 8661
5 8662
5 8663
5 8664
5 8665
5 8666
5 8667
5 8668
5 8669
5 8670
5 8671
5 8672
5 8673
5 8674
5 8675
5 8676
5 8677
5 8678
5 8679
5 8680
5 8681
5 8682
5 8683
5 8684
5 8685
5 8686
5 8687
5 8688
5 8689
5 8690
5 8691
5 8692
5 8693
5 8694
5 8695
5 8696
5 8697
5 8698
5 8699
5 8700
5 8701
5 8702
5 8703
5 8704
5 8705
5 8706
5 8707
5 8708
5 8709
5 8710
5 8711
5 8712
5 8713
5 8714
5 8715
5 8716
5 8717
5 8718
5 8719
5 8720
5 8721
5 8722
5 8723
5 8724
5 8725
5 8726
5 8727
5 8728
5 8729
5 8730
5 8731
5 8732
5 8733
5 8734
5 8735
5 8736
5 8737
5 8738
5 8739
5 8740
5 8741
5 8742
5 8743
5 8744
5 8745
5 8746
5 8747
5 8748
5 8749
5 8750
5 8751
5 8752
5 8753
5 8754
5 8755
5 8756
5 8757
5 8758
5 8759
5 8760
5 8761
5 8762
5 8763
5 8764
5 8765
5 8766
5 8767
5 8768
5 8769
5 8770
5 8771
5 8772
5 8773
5 8774
5 8775
5 8776
5 8777
5 8778
5 8779
5 8780
5 8781
5 8782
5 8783
5 8784
5 8785
5 8786
5 8787
5 8788
5 8789
5 8790
5 8791
5 8792
5 8793
5 8794
5 8795
5 8796
5 8797
5 8798
5 8799
5 8800
5 8801
5 8802
5 8803
5 8804
5 8805
5 8806
5 8807
5 8808
5 8809
5 8810
5 8811
5 8812
5 8813
5 8814
5 8815
5 8816
5 8817
5 8818
5 8819
5 8820
5 8821
5 8822
5 8823
5 8824
5 8825
5 8826
5 8827
5 8828
5 8829
5 8830
5 8831
5 8832
5 8833
5 8834
5 8835
5 8836
5 8837
5 8838
5 8839
5 8840
5 8841
5 8842
5 8843
5 8844
5 8845
5 8846
5 8847
5 8848
5 8849
5 8850
5 8851
5 8852
5 8853
5 8854
5 8855
5 8856
5 8857
5 8858
5 8859
5 8860
5 8861
5 8862
5 8863
5 8864
5 8865
5 8866
5 8867
5 8868
5 8869
5 8870
5 8871
5 8872
5 8873
5 8874
5 8875
5 8876
5 8877
5 8878
5 8879
5 8880
5 8881
5 8882
5 8883
5 8884
5 8885
5 8886
5 8887
5 8888
5 8889
5 8890
5 8891
5 8892
5 8893
5 8894
5 8895
5 8896
5 8897
5 8898
5 8899
5 8900
5 8901
5 8902
5 8903
5 8904
5 8905
5 8906
5 8907
5 8908
5 8909
5 8910
5 8911
5 8912
5 8913
5 8914
5 8915
5 8916
5 8917
5 8918
5 8919
5 8920
5 8921
5 8922
5 8923
5 8924
5 8925
5 8926
5 8927
5 8928
5 8929
5 8930
5 8931
5 8932
5 8933
5 8934
5 8935
5 8936
5 8937
5 8938
5 8939
5 8940
5 8941
5 8942
5 8943
5 8944
5 8945
5 8946
5 8947
5 8948
5 8949
5 8950
5 8951
5 8952
5 8953
5 8954
5 8955
5 8956
5 8957
5 8958
5 8959
5 8960
5 8961
5 8962
5 8963
5 8964
5 8965
5 8966
5 8967
5 8968
5 8969
5 8970
5 8971
5 8972
5 8973
5 8974
5 8975
5 8976
5 8977
5 8978
5 8979
5 8980
5 8981
5 8982
5 8983
5 8984
5 8985
5 8986
5 8987
5 8988
5 8989
5 8990
5 8991
5 8992
5 8993
5 8994
5 8995
5 8996
5 8997
5 8998
5 8999
5 9000
5 9001
5 9002
5 9003
5 9004
5 9005
5 9006
5 9007
5 9008
5 9009
5 9010
5 9011
5 9012
5 9013
5 9014
5 9015
5 9016
5 9017
5 9018
5 9019
5 9020
5 9021
5 9022
5 9023
5 9024
5 9025
5 9026
5 9027
5 9028
5 9029
5 9030
5 9031
5 9032
5 9033
5 9034
5 9035
5 9036
5 9037
5 9038
5 9039
5 9040
5 9041
5 9042
5 9043
5 9044
5 9045
5 9046
5 9047
5 9048
5 9049
5 9050
5 9051
5 9052
5 9053
5 9054
5 9055
5 9056
5 9057
5 9058
5 9059
5 9060
5 9061
5 9062
5 9063
5 9064
5 9065
5 9066
5 9067
5 9068
5 9069
5 9070
5 9071
5 9072
5 9073
5 9074
5 9075
5 9076
5 9077
5 9078
5 9079
5 9080
5 9081
5 9082
5 9083
5 9084
5 9085
5 9086
5 9087
5 9088
5 9089
5 9090
5 9091
5 9092
5 9093
5 9094
5 9095
5 9096
5 9097
5 9098
5 9099
5 9100
5 9101
5 9102
5 9103
5 9104
5 9105
5 9106
5 9107
5 9108
5 9109
5 9110
5 9111
5 9112
5 9113
5 9114
5 9115
5 9116
5 9117
5 9118
5 9119
5 9120
5 9121
5 9122
5 9123
5 9124
5 9125
5 9126
5 9127
5 9128
5 9129
5 9130
5 9131
5 9132
5 9133
5 9134
5 9135
5 9136
5 9137
5 9138
5 9139
5 9140
5 9141
5 9142
5 9143
5 9144
5 9145
5 9146
5 9147
5 9148
5 9149
5 9150
5 9151
5 9152
5 9153
5 9154
5 9155
5 9156
5 9157
5 9158
5 9159
5 9160
5 9161
5 9162
5 9163
5 9164
5 9165
5 9166
5 9167
5 9168
5 9169
5 9170
5 9171
5 9172
5 9173
5 9174
5 9175
5 9176
5 9177
5 9178
5 9179
5 9180
5 9181
5 9182
5 9183
5 9184
5 9185
5 9186
5 9187
5 9188
5 9189
5 9190
5 9191
5 9192
5 9193
5 9194
5 9195
5 9196
5 9197
5 9198
5 9199
5 9200
5 9201
5 9202
5 9203
5 9204
5 9205
5 9206
5 9207
5 9208
5 9209
5 9210
5 9211
5 9212
5 9213
5 9214
5 9215
5 9216
5 9217
5 9218
5 9219
5 9220
5 9221
5 9222
5 9223
5 9224
5 9225
5 9226
5 9227
5 9228
5 9229
5 9230
5 9231
5 9232
5 9233
5 9234
5 9235
5 9236
5 9237
5 9238
5 9239
5 9240
5 9241
5 9242
5 9243
5 9244
5 9245
5 9246
5 9247
5 9248
5 9249
5 9250
5 9251
5 9252
5 9253
5 9254
5 9255
5 9256
5 9257
5 9258
5 9259
5 9260
5 9261
5 9262
6 4
6 5
6 6
6 7
6 8
6 9
6 10
6 11
6 12
6 13
6 14
6 15
6 16
6 17
6 18
6 19
6 20
6 21
6 22
6 23
6 24
6 25
6 26
6 27
6 28
6 29
6 30
6 31
6 32
6 33
6 34
6 35
6 36
6 37
6 38
6 39
6 40
6 41
6 42
6 43
6 44
6 45
6 46
6 47
6 48
6 49
6 50
6 51
6 52
6 53
6 54
6 55
6 56
6 57
6 58
6 59
6 60
6 61
6 62
6 63
6 64
6 65
6 66
6 67
6 68
6 69
6 70
6 71
6 72
6 73
6 74
6 75
6 76
6 77
6 78
6 79
6 80
6 81
6 82
6 83
6 84
6 85
6 86
6 87
6 88
6 91
6 92
6 93
6 94
6 95
6 96
6 97
6 98
6 99
6 100
6 101
6 102
6 103
6 104
6 105
6 106
6 107
6 108
6 109
6 110
6 111
6 112
6 113
6 114
6 115
6 116
6 117
6 118
6 119
6 120
6 121
6 122
6 123
6 124
6 125
6 126
6 127
6 128
6 129
6 130
6 131
6 132
6 133
6 134
6 135
6 136
6 137
6 138
6 139
6 140
6 141
6 142
6 143
6 144
6 145
6 146
6 147
6 148
6 149
6 150
6 151
6 152
6 153
6 154
6 155
6 156
6 157
6 158
6 159
6 160
6 161
6 162
6 163
6 164
6 165
6 166
6 167
6 168
6 169
6 170
6 171
6 172
6 173
6 174
6 175
6 176
6 177
6 178
6 179
6 180
6 181
6 182
6 183
6 184
6 185
6 186
6 187
6 188
6 189
6 190
6 191
6 192
6 193
6 194
6 195
6 196
6 197
6 198
6 199
6 200
6 201
6 202
6 203
6 204
6 205
6 206
6 207
6 208
6 209
6 210
6 211
6 212
6 213
6 214
6 215
6 216
6 217
6 218
6 219
6 220
6 221
6 222
6 223
6 224
6 225
6 226
6 227
6 228
6 229
6 230
6 231
6 232
6 233
6 234
6 235
6 236
6 237
6 238
6 239
6 240
6 241
6 242
6 243
6 244
6 245
6 246
6 248
6 249
6 250
6 252
6 253
6 254
6 255
6 256
6 257
6 258
6 259
6 260
6 261
6 262
6 263
6 264
6 265
6 266
6 267
6 268
6 269
6 270
6 272
6 273
6 275
6 276
6 277
6 278
6 279
6 280
6 281
6 282
6 283
6 284
6 285
6 286
6 287
6 288
6 289
6 290
6 291
6 292
6 295
6 296
6 297
6 298
6 299
6 300
6 301
6 302
6 303
6 304
6 305
6 306
6 308
6 309
6 310
6 311
6 312
6 313
6 314
6 315
6 316
6 317
6 318
6 319
6 321
6 323
6 324
6 325
6 326
6 327
6 328
6 329
6 330
6 332
6 333
6 334
6 336
6 337
6 338
6 340
6 341
6 342
6 343
6 344
6 345
6 346
6 347
6 349
6 350
6 351
6 352
6 354
6 355
6 356
6 358
6 359
6 360
6 361
6 362
6 363
6 364
6 365
6 366
6 367
6 369
6 370
6 371
6 372
6 373
6 374
6 375
6 376
6 377
6 378
6 379
6 380
6 381
6 382
6 383
6 387
6 388
6 389
6 390
6 393
6 394
6 395
6 396
6 397
6 399
6 400
6 401
6 402
6 403
6 404
6 405
6 406
6 407
6 408
6 409
6 410
6 411
6 413
6 414
6 415
6 416
6 417
6 418
6 419
6 420
6 422
6 423
6 424
6 425
6 426
6 427
6 428
6 429
6 430
6 431
6 432
6 433
6 434
6 435
6 436
6 437
6 438
6 439
6 440
6 441
6 442
6 443
6 444
6 445
6 446
6 447
6 448
6 449
6 457
6 458
6 459
6 460
6 461
6 462
6 464
6 465
6 466
6 467
6 468
6 469
6 470
6 471
6 473
6 474
6 475
6 476
6 477
6 478
6 479
6 480
6 481
6 482
6 483
6 484
6 485
6 486
6 487
6 488
6 489
6 490
6 491
6 493
6 494
6 495
6 496
6 507
6 509
6 510
6 511
6 512
6 514
6 516
6 517
6 518
6 519
6 520
6 521
6 523
6 524
6 525
6 526
6 527
6 529
6 530
6 531
6 532
6 533
6 534
6 535
6 536
6 537
6 538
6 539
6 540
6 541
6 542
6 544
6 547
6 548
6 549
6 550
6 551
6 552
6 554
6 555
6 556
6 557
6 558
6 559
6 560
6 561
6 563
6 564
6 565
6 567
6 568
6 569
6 570
6 571
6 572
6 573
6 575
6 576
6 577
6 578
6 579
6 580
6 581
6 582
6 583
6 584
6 585
6 593
6 598
6 613
6 614
6 620
6 621
6 624
6 638
6 651
6 652
6 671
6 727
6 741
6 742
6 743
6 744
6 745
6 746
6 747
6 748
6 749
6 750
6 752
6 753
6 754
6 756
6 770
6 771
6 774
6 780
6 781
6 782
6 783
6 784
6 785
6 786
6 787
6 788
6 789
6 793
6 796
6 799
6 800
6 805
6 817
6 832
6 833
6 834
6 835
6 837
6 838
6 849
6 852
6 886
6 890
6 894
6 905
6 907
6 911
6 912
6 914
6 917
6 926
6 927
6 935
6 936
6 939
6 940
6 947
6 949
6 951
6 962
6 965
6 974
6 977
6 980
6 986
6 999
6 1000
6 1020
6 1028
6 1032
6 1036
6 1046
6 1047
6 1049
6 1053
6 1058
6 1059
6 1061
6 1063
6 1067
6 1068
6 1069
6 1071
6 1074
6 1085
6 1088
6 1114
6 1115
6 1119
6 1120
6 1147
6 1171
6 1186
6 1188
6 1189
6 1190
6 1207
6 1209
6 1234
6 1238
6 1263
6 1264
6 1265
6 1266
6 1267
6 1268
6 1269
6 1270
6 1271
6 1272
6 1273
6 1274
6 1279
6 1281
6 1287
6 1288
6 1289
6 1290
6 1291
6 1292
6 1293
6 1294
6 1295
6 1296
6 1297
6 1298
6 1299
6 1300
6 1301
6 1302
6 1303
6 1304
6 1305
6 1306
6 1307
6 1308
6 1309
6 1310
6 1311
6 1312
6 1313
6 1314
6 1315
6 1316
6 1317
6 1326
6 1338
6 1340
6 1341
6 1342
6 1343
6 1344
6 1345
6 1346
6 1347
6 1348
6 1349
6 1350
6 1351
6 1352
6 1353
6 1354
6 1355
6 1356
6 1357
6 1358
6 1359
6 1360
6 1361
6 1362
6 1363
6 1364
6 1365
6 1366
6 1367
6 1368
6 1369
6 1370
6 1371
6 1372
6 1373
6 1374
6 1375
6 1376
6 1377
6 1378
6 1379
6 1380
6 1381
6 1382
6 1383
6 1384
6 1385
6 1386
6 1387
6 1388
6 1389
6 1390
6 1391
6 1392
6 1393
6 1394
6 1395
6 1396
6 1397
6 1398
6 1403
7 4
7 5
7 6
7 7
7 8
7 9
7 10
7 11
7 12
7 13
7 14
7 15
7 16
7 17
7 18
7 19
7 20
7 21
7 22
7 23
7 24
7 25
7 26
7 27
7 28
7 29
7 30
7 31
7 32
7 33
7 34
7 35
7 36
7 37
7 38
7 39
7 40
7 41
7 42
7 43
7 44
7 45
7 46
7 47
7 48
7 49
7 50
7 51
7 52
7 53
7 54
7 55
7 56
7 57
7 58
7 60
7 61
7 62
7 63
7 64
7 65
7 66
7 67
7 68
7 69
7 71
7 72
7 73
7 74
7 75
7 76
7 77
7 78
7 79
7 80
7 82
7 83
7 84
7 85
7 86
7 87
7 88
7 91
7 92
7 93
7 95
7 96
7 97
7 98
7 99
7 100
7 101
7 102
7 103
7 104
7 106
7 107
7 108
7 109
7 110
7 111
7 112
7 113
7 114
7 115
7 116
7 117
7 118
7 119
7 120
7 121
7 122
7 123
7 124
7 125
7 126
7 127
7 128
7 129
7 130
7 131
7 132
7 133
7 134
7 135
7 136
7 137
7 138
7 139
7 140
7 141
7 142
7 143
7 144
7 145
7 146
7 147
7 148
7 149
7 150
7 151
7 152
7 153
7 154
7 155
7 156
7 157
7 158
7 159
7 160
7 161
7 162
7 163
7 164
7 165
7 166
7 167
7 168
7 169
7 170
7 171
7 172
7 173
7 174
7 175
7 176
7 177
7 178
7 179
7 180
7 181
7 182
7 183
7 184
7 185
7 186
7 187
7 188
7 189
7 190
7 191
7 192
7 193
7 194
7 195
7 196
7 197
7 198
7 199
7 200
7 201
7 202
7 203
7 204
7 205
7 206
7 207
7 208
7 209
7 210
7 211
7 212
7 213
7 214
7 215
7 216
7 217
7 218
7 219
7 220
7 221
7 222
7 223
7 224
7 225
7 226
7 227
7 228
7 229
7 230
7 231
7 232
7 233
7 234
7 235
7 236
7 237
7 238
7 239
7 240
7 241
7 242
7 243
7 244
7 245
7 246
7 249
7 250
7 251
7 252
7 253
7 254
7 255
7 256
7 261
7 262
7 263
7 264
7 265
7 266
7 268
7 269
7 270
7 272
7 273
7 275
7 276
7 277
7 278
7 279
7 280
7 281
7 282
7 283
7 284
7 286
7 287
7 288
7 289
7 290
7 291
7 292
7 294
7 295
7 296
7 297
7 298
7 299
7 300
7 301
7 302
7 303
7 304
7 305
7 308
7 309
7 310
7 311
7 313
7 314
7 315
7 316
7 317
7 318
7 321
7 323
7 326
7 333
7 336
7 337
7 338
7 343
7 344
7 346
7 347
7 349
7 350
7 351
7 352
7 355
7 358
7 360
7 362
7 364
7 365
7 367
7 369
7 372
7 373
7 374
7 375
7 377
7 378
7 380
7 381
7 383
7 387
7 389
7 390
7 393
7 394
7 396
7 399
7 400
7 404
7 405
7 412
7 414
7 415
7 416
7 420
7 424
7 425
7 426
7 427
7 429
7 430
7 435
7 436
7 440
7 441
7 442
7 443
7 444
7 445
7 448
7 457
7 458
7 460
7 462
7 464
7 465
7 466
7 468
7 469
7 471
7 474
7 475
7 477
7 480
7 481
7 493
7 494
7 496
7 513
7 514
7 515
7 517
7 518
7 521
7 522
7 524
7 531
7 532
7 533
7 534
7 535
7 536
7 537
7 539
7 542
7 543
7 545
7 550
7 552
7 553
7 554
7 556
7 557
7 558
7 559
7 560
7 563
7 564
7 567
7 568
7 570
7 572
7 573
7 575
7 576
7 578
7 579
7 580
7 581
7 583
7 741
7 742
7 744
8 4
8 5
8 6
8 7
8 8
8 9
8 10
8 11
8 12
8 13
8 14
8 15
8 16
8 17
8 18
8 19
8 20
8 21
8 22
8 23
8 24
8 25
8 26
8 27
8 28
8 29
8 30
8 31
8 32
8 33
8 34
8 35
8 36
8 37
8 92
8 93
8 95
8 105
8 123
8 247
8 293
8 391
8 392
8 463
8 562
8 563
8 564
8 565
8 566
8 567
8 568
8 569
8 570
8 571
8 572
8 573
8 574
8 576
8 577
8 578
8 579
8 767
8 786
8 790
8 791
8 792
8 793
8 794
8 795
8 796
8 797
8 798
8 799
8 801
8 802
8 803
8 804
8 806
8 807
8 808
8 811
8 846
8 856
8 879
8 895
9 4
9 15
9 115
9 119
9 123
9 136
9 156
9 169
9 180
9 191
9 202
9 213
9 224
9 235
9 246
9 250
9 251
9 263
9 268
9 270
9 271
9 272
9 275
9 277
9 283
9 288
9 289
9 295
9 300
9 303
9 315
9 325
9 326
9 332
9 334
9 336
9 342
9 345
9 347
9 349
9 351
9 354
9 355
9 361
9 362
9 372
9 373
9 374
9 375
9 380
9 383
9 389
9 390
9 397
9 403
9 405
9 409
9 413
9 418
9 419
9 422
9 424
9 425
9 434
9 437
9 439
9 441
9 445
9 493
9 507
9 518
9 519
9 520
9 521
9 522
9 526
9 529
9 531
9 549
9 550
9 573
9 575
9 576
9 577
9 581
9 583
9 585
9 671
9 780
9 781
9 784
9 785
9 789
9 800
9 917
9 999
9 1074
9 1085
9 1088
9 1120
10 4
10 26
10 109
10 116
10 117
10 120
10 124
10 125
10 126
10 127
10 128
10 129
10 130
10 131
10 132
10 134
10 135
10 136
10 145
10 147
10 168
10 175
10 182
10 209
10 213
10 248
10 249
10 251
10 254
10 255
10 256
10 260
10 261
10 262
10 263
10 264
10 265
10 266
10 268
10 269
10 272
10 273
10 276
10 277
10 279
10 282
10 283
10 285
10 286
10 289
10 290
10 291
10 292
10 295
10 296
10 297
10 298
10 299
10 300
10 303
10 309
10 312
10 313
10 314
10 315
10 316
10 317
10 319
10 320
10 323
10 324
10 325
10 327
10 328
10 330
10 332
10 333
10 334
10 336
10 339
10 342
10 343
10 347
10 348
10 349
10 350
10 355
10 358
10 360
10 361
10 362
10 363
10 364
10 365
10 366
10 371
10 372
10 373
10 374
10 375
10 377
10 380
10 381
10 383
10 387
10 393
10 397
10 399
10 402
10 403
10 408
10 409
10 411
10 414
10 415
10 418
10 419
10 420
10 422
10 423
10 424
10 425
10 426
10 429
10 432
10 434
10 435
10 437
10 438
10 439
10 440
10 443
10 444
10 445
10 447
10 448
10 458
10 459
10 460
10 461
10 462
10 464
10 466
10 467
10 468
10 469
10 471
10 474
10 475
10 477
10 478
10 479
10 484
10 485
10 486
10 487
10 488
10 489
10 490
10 491
10 493
10 494
10 509
10 510
10 511
10 514
10 515
10 516
10 517
10 518
10 520
10 521
10 523
10 527
10 529
10 530
10 531
10 532
10 533
10 534
10 535
10 536
10 537
10 538
10 539
10 540
10 542
10 547
10 550
10 552
10 556
10 558
10 561
10 563
10 564
10 565
10 569
10 571
10 573
10 575
10 578
10 580
10 583
10 584
10 585
10 742
10 750
10 783
10 784
10 786
10 789
10 793
10 799
10 800
10 805
10 917
10 926
10 935
10 936
10 999
11 4
11 5
11 6
11 7
11 8
11 9
11 10
11 11
11 12
11 13
11 14
11 15
11 16
11 17
11 18
11 19
11 20
11 21
11 22
11 23
11 24
11 25
11 26
11 27
11 28
11 29
11 30
11 31
11 32
11 33
11 34
11 35
11 36
11 37
11 38
11 39
11 40
11 41
11 42
11 43
11 44
11 45
11 46
11 47
11 48
11 49
11 50
11 51
11 52
11 53
11 54
11 55
11 56
11 57
11 58
11 59
11 60
11 61
11 62
11 63
11 64
11 65
11 66
11 67
11 68
11 69
11 70
11 71
11 72
11 73
11 74
11 75
11 76
11 77
11 78
11 79
11 80
11 81
11 82
11 83
11 84
11 85
11 86
11 87
11 88
11 91
11 92
11 93
11 94
11 95
11 96
11 97
11 98
11 99
11 100
11 101
11 102
11 103
11 104
11 105
11 106
11 107
11 108
11 109
11 110
11 111
11 112
11 113
11 114
11 115
11 116
11 117
11 118
11 119
11 120
11 121
11 122
11 123
11 124
11 125
11 126
11 127
11 128
11 129
11 130
11 131
11 132
11 133
11 134
11 135
11 136
11 137
11 138
11 139
11 140
11 141
11 142
11 143
11 144
11 145
11 146
11 147
11 148
11 149
11 150
11 151
11 152
11 153
11 154
11 155
11 156
11 157
11 158
11 159
11 160
11 161
11 162
11 163
11 164
11 165
11 166
11 167
11 168
11 169
11 170
11 171
11 172
11 173
11 174
11 175
11 176
11 177
11 178
11 179
11 180
11 181
11 182
11 183
11 184
11 185
11 186
11 187
11 188
11 189
11 190
11 191
11 192
11 193
11 194
11 195
11 196
11 197
11 198
11 199
11 200
11 201
11 202
11 203
11 204
11 205
11 206
11 207
11 208
11 209
11 210
11 211
11 212
11 213
11 214
11 215
11 216
11 217
11 218
11 219
11 220
11 221
11 222
11 223
11 224
11 225
11 226
11 227
11 228
11 229
11 230
11 231
11 232
11 233
11 234
11 235
11 236
11 237
11 238
11 239
11 240
11 241
11 242
11 243
11 244
11 245
11 246
11 248
11 249
11 250
11 251
11 252
11 253
11 254
11 255
11 256
11 257
11 258
11 259
11 260
11 261
11 262
11 263
11 264
11 265
11 266
11 267
11 268
11 269
11 270
11 271
11 272
11 273
11 274
11 275
11 276
11 277
11 278
11 279
11 280
11 281
11 282
11 283
11 284
11 285
11 286
11 287
11 288
11 289
11 290
11 291
11 292
11 294
11 295
11 296
11 297
11 298
11 299
11 300
11 301
11 302
11 303
11 304
11 305
11 306
11 307
11 308
11 309
11 310
11 311
11 312
11 313
11 314
11 315
11 316
11 317
11 318
11 319
11 320
11 321
11 322
11 323
11 324
11 325
11 326
11 327
11 328
11 329
11 330
11 331
11 332
11 333
11 334
11 335
11 336
11 337
11 338
11 339
11 340
11 341
11 342
11 343
11 344
11 345
11 346
11 347
11 348
11 349
11 350
11 351
11 352
11 353
11 354
11 355
11 356
11 357
11 358
11 359
11 360
11 361
11 362
11 363
11 364
11 365
11 366
11 367
11 369
11 370
11 371
11 372
11 373
11 374
11 375
11 376
11 377
11 378
11 379
11 380
11 381
11 382
11 383
11 384
11 386
11 387
11 388
11 389
11 390
11 392
11 393
11 394
11 395
11 396
11 397
11 398
11 399
11 400
11 401
11 402
11 403
11 404
11 405
11 406
11 407
11 408
11 409
11 410
11 411
11 412
11 413
11 414
11 415
11 416
11 417
11 418
11 419
11 420
11 421
11 422
11 423
11 424
11 425
11 426
11 427
11 428
11 429
11 430
11 431
11 432
11 433
11 434
11 435
11 436
11 437
11 438
11 439
11 440
11 441
11 442
11 443
11 444
11 445
11 446
11 447
11 448
11 449
11 450
11 451
11 452
11 453
11 454
11 455
11 456
11 457
11 458
11 459
11 460
11 461
11 462
11 464
11 465
11 466
11 467
11 468
11 469
11 470
11 471
11 472
11 473
11 474
11 475
11 476
11 477
11 478
11 479
11 480
11 481
11 482
11 483
11 484
11 485
11 486
11 487
11 488
11 489
11 490
11 491
11 492
11 493
11 494
11 495
11 496
11 497
11 498
11 499
11 501
11 502
11 503
11 504
11 505
11 506
11 507
11 509
11 510
11 511
11 512
11 513
11 514
11 515
11 516
11 517
11 518
11 519
11 520
11 521
11 522
11 523
11 524
11 525
11 526
11 527
11 528
11 529
11 530
11 531
11 532
11 533
11 534
11 535
11 536
11 537
11 538
11 539
11 540
11 541
11 542
11 543
11 544
11 545
11 546
11 547
11 548
11 549
11 550
11 551
11 552
11 553
11 554
11 555
11 556
11 557
11 558
11 559
11 560
11 561
11 563
11 564
11 565
11 567
11 568
11 569
11 570
11 571
11 572
11 573
11 575
11 576
11 577
11 578
11 579
11 580
11 581
11 582
11 583
11 584
11 585
11 671
11 741
11 742
11 744
11 745
11 746
11 747
11 748
11 749
11 750
11 759
11 780
11 781
11 782
11 783
11 784
11 785
11 786
11 787
11 788
11 789
11 792
11 793
11 796
11 799
11 800
11 805
11 807
11 817
11 901
11 911
11 917
11 926
11 927
11 935
11 936
11 999
11 1085
11 1088
11 1114
11 1115
11 1119
11 1120
11 1147
11 1171
11 1186
11 1188
11 1189
11 1190
11 1275
11 1276
11 1281
11 1287
11 1288
11 1295
11 1311
11 1341
11 1352
11 1360
11 1386
11 1395
11 1403
11 1619
11 5324
11 5333
11 5728
11 5729
11 5730
11 5731
11 5732
11 5733
11 5734
11 5735
11 5736
11 5737
11 5738
11 5739
11 5740
11 5741
11 5742
11 5743
11 5744
11 5745
11 5746
11 5747
11 5750
11 5751
11 5754
11 5757
11 5758
11 5761
11 5765
11 5771
11 5781
11 5792
11 5794
11 5799
11 5834
11 5840
11 5841
11 5844
11 5846
11 5850
11 5865
11 5881
11 5902
11 5957
11 5958
11 5962
11 5963
11 5974
11 6015
11 6053
11 6060
11 6073
11 6076
11 6080
11 6124
11 6131
11 6158
11 6173
11 6178
11 6201
11 6232
11 6241
11 6245
11 6252
11 6253
11 6288
11 6292
11 6332
11 6333
11 6340
11 6352
11 6363
11 6417
11 6445
11 6446
11 6447
11 6452
11 6457
11 6470
11 6471
11 6472
11 6473
11 6474
11 6475
11 6476
11 6478
11 6480
11 6481
11 6482
11 6483
11 6484
11 6486
11 6487
11 6488
11 6489
11 6490
11 6491
11 6492
11 6493
11 6494
11 6496
11 6498
11 6499
11 6500
11 6501
11 6502
11 6503
11 6504
11 6505
11 6508
11 6509
11 6510
11 6511
11 6512
11 6513
11 6514
11 6516
11 6517
11 6518
11 6519
11 6520
11 6521
11 6522
11 6523
11 6524
11 6525
11 6526
11 6527
11 6528
11 6529
11 6530
11 6531
11 6532
11 6534
11 6535
11 6536
11 6538
11 6539
11 6540
11 6541
11 6542
11 6543
11 6544
11 6545
11 6546
11 6547
11 6548
11 6550
11 6551
11 6552
11 6553
11 6554
11 6555
11 6556
11 6557
11 6558
11 6559
11 6560
11 6561
11 6562
11 6564
11 6565
11 6566
11 6567
11 6568
11 6571
11 6572
11 6573
11 6574
11 6575
11 6576
11 6577
11 6578
11 6579
11 6580
11 6581
11 6582
11 6583
11 6584
11 6585
11 6586
11 6587
11 6588
11 6589
11 6590
11 6591
11 6592
11 6593
11 6594
11 6595
11 6596
11 6597
11 6598
11 6600
11 6601
11 6602
11 6603
11 6604
11 6605
11 6606
11 6607
11 6608
11 6610
11 6611
11 6612
11 6613
11 6614
11 6615
11 6616
11 6618
11 6619
11 6620
11 6621
11 6622
11 6623
11 6624
11 6625
11 6626
11 6627
11 6628
11 6629
11 6630
11 6631
11 6632
11 6634
11 6635
11 6636
11 6637
11 6638
11 6639
11 6640
11 6641
11 6642
11 6643
11 6644
11 6645
11 6646
11 6648
11 6649
11 6650
11 6651
11 6652
11 6653
11 6654
11 6655
11 6656
11 6657
11 6658
11 6659
11 6660
11 6661
11 6662
11 6664
11 6665
11 6666
11 6667
11 6668
11 6670
11 6671
11 6672
11 6673
11 6674
11 6676
11 6677
11 6678
11 6679
11 6680
11 6681
11 6682
11 6683
11 6684
11 6685
11 6687
11 6688
11 6689
11 6690
11 6691
11 6692
11 6693
11 6694
11 6697
11 6698
11 6699
11 6700
11 6701
11 6702
11 6703
11 6704
11 6707
11 6708
11 6709
11 6710
11 6711
11 6712
11 6713
11 6714
11 6715
11 6716
11 6717
11 6718
11 6719
11 6720
11 6721
11 6722
11 6723
11 6724
11 6726
11 6727
11 6728
11 6730
11 6731
11 6732
11 6733
11 6734
11 6735
11 6736
11 6738
11 6739
11 6740
11 6741
11 6742
11 6744
11 6745
11 6748
11 6750
11 6751
11 6752
11 6754
11 6755
11 6756
11 6757
11 6758
11 6760
11 6762
11 6763
11 6764
11 6766
11 6768
11 6769
11 6770
11 6772
11 6774
11 6775
11 6776
11 6777
11 6778
11 6779
11 6780
11 6781
11 6782
11 6783
11 6784
11 6785
11 6786
11 6787
11 6788
11 6789
11 6790
11 6791
11 6792
11 6793
11 6794
11 6795
11 6796
11 6798
11 6799
11 6800
11 6801
11 6802
11 6804
11 6805
11 6806
11 6808
11 6810
11 6811
11 6812
11 6814
11 6815
11 6816
11 6817
11 6818
11 6820
11 6822
11 6823
11 6824
11 6825
11 6826
11 6828
11 6829
11 6830
11 6831
11 6832
11 6834
11 6835
11 6836
11 6837
11 6838
11 6839
11 6840
11 6841
11 6842
11 6843
11 6844
11 6846
11 6847
11 6848
11 6849
11 6850
11 6851
11 6852
11 6853
11 6854
11 6856
11 6857
11 6858
11 6859
11 6860
11 6861
11 6862
11 6863
11 6864
11 6865
11 6866
11 6867
11 6868
11 6870
11 6871
11 6872
11 6874
11 6875
11 6876
11 6877
11 6878
11 6880
11 6882
11 6883
11 6884
11 6887
11 6888
11 6889
11 6890
11 6930
11 6931
11 6933
11 6934
11 6935
11 6936
11 6937
11 6938
11 6939
11 6940
11 6942
11 6943
11 6944
11 6945
11 6946
11 6947
11 6948
11 6949
11 6950
11 6951
11 6952
11 6954
11 6955
11 6956
11 6957
11 6958
11 6959
11 6960
11 6961
11 6962
11 6964
11 6966
11 6967
11 6970
11 6972
11 6973
11 6976
11 6977
11 6979
11 6980
11 6982
11 6983
11 6984
11 6985
11 6986
11 6987
11 6988
11 6989
11 6990
11 6991
11 6992
11 6994
11 6995
11 6996
11 6997
11 6998
11 6999
11 7000
11 7001
11 7002
11 7003
11 7004
11 7006
11 7007
11 7008
11 7009
11 7010
11 7011
11 7012
11 7014
11 7015
11 7016
11 7017
11 7018
11 7019
11 7020
11 7021
11 7022
11 7023
11 7024
11 7026
11 7027
11 7028
11 7029
11 7030
11 7032
11 7033
11 7034
11 7036
11 7038
11 7039
11 7040
11 7042
11 7044
11 7045
11 7046
11 7047
11 7048
11 7050
11 7051
11 7052
11 7053
11 7054
11 7055
11 7056
11 7058
11 7060
11 7061
11 7062
11 7063
11 7064
11 7065
11 7066
11 7068
11 7069
11 7070
11 7071
11 7072
11 7073
11 7074
11 7075
11 7076
11 7077
11 7078
11 7079
11 7080
11 7082
11 7083
11 7086
11 7087
11 7088
11 7089
11 7090
11 7092
11 7094
11 7095
11 7096
11 7097
11 7098
11 7099
11 7100
11 7101
11 7102
11 7104
11 7105
11 7106
11 7107
11 7108
11 7109
11 7110
11 7111
11 7112
11 7113
11 7114
11 7116
11 7117
11 7118
11 7119
11 7120
11 7122
11 7123
11 7124
11 7125
11 7126
11 7127
11 7128
11 7129
11 7130
11 7131
11 7132
11 7133
11 7134
11 7135
11 7136
11 7137
11 7138
11 7139
11 7140
11 7142
11 7143
11 7144
11 7145
11 7146
11 7148
11 7149
11 7150
11 7152
11 7154
11 7155
11 7156
11 7157
11 7158
11 7159
11 7160
11 7161
11 7162
11 7163
11 7165
11 7166
11 7167
11 7168
11 7169
11 7170
11 7171
11 7172
11 7173
11 7174
11 7175
11 7176
11 7178
11 7179
11 7180
11 7182
11 7184
11 7185
11 7186
11 7187
11 7188
11 7189
11 7190
11 7191
11 7192
11 7194
11 7195
11 7196
11 7197
11 7198
11 7199
11 7200
11 7201
11 7202
11 7203
11 7204
11 7205
11 7206
11 7207
11 7208
11 7209
11 7210
11 7211
11 7212
11 7213
11 7214
11 7216
11 7218
11 7219
11 7220
11 7221
11 7222
11 7224
11 7226
11 7227
11 7228
11 7229
11 7230
11 7232
11 7233
11 7234
11 7236
11 7238
11 7239
11 7240
11 7242
11 7244
11 7245
11 7246
11 7248
11 7249
11 7250
11 7251
11 7252
11 7253
11 7255
11 7256
11 7257
11 7259
11 7260
11 7261
11 7262
11 7263
11 7264
11 7266
11 7267
11 7268
11 7270
11 7272
11 7273
11 7274
11 7275
11 7276
11 7277
11 7278
11 7279
11 7280
11 7281
11 7282
11 7283
11 7284
11 7286
11 7287
11 7288
11 7289
11 7290
11 7291
11 7292
11 7293
11 7294
11 7296
11 7297
11 7298
11 7299
11 7300
11 7301
11 7302
11 7303
11 7304
11 7305
11 7306
11 7308
11 7309
11 7310
11 7311
11 7312
11 7313
11 7314
11 7316
11 7317
11 7318
11 7319
11 7320
11 7321
11 7322
11 7323
11 7324
11 7325
11 7326
11 7327
11 7328
11 7329
11 7330
11 7332
11 7333
11 7334
11 7335
11 7336
11 7337
11 7338
11 7339
11 7340
11 7341
11 7342
11 7343
11 7344
11 7346
11 7347
11 7348
11 7349
11 7350
11 7351
11 7352
11 7353
11 7354
11 7356
11 7358
11 7359
11 7360
11 7362
11 7364
11 7365
11 7366
11 7367
11 7368
11 7369
11 7370
11 7371
11 7372
11 7374
11 7375
11 7376
11 7377
11 7378
11 7379
11 7380
11 7381
11 7382
11 7383
11 7384
11 7386
11 7387
11 7388
11 7389
11 7390
11 7392
11 7394
11 7395
11 7396
11 7398
11 7399
11 7400
11 7401
11 7402
11 7403
11 7404
11 7405
11 7406
11 7407
11 7408
11 7409
11 7410
11 7411
11 7412
11 7413
11 7414
11 7416
11 7418
11 7419
11 7420
11 7421
11 7422
11 7423
11 7424
11 7425
11 7426
11 7427
11 7428
11 7429
11 7430
11 7431
11 7432
11 7434
11 7436
11 7437
11 7438
11 7439
11 7440
11 7441
11 7442
11 7443
11 7444
11 7445
11 7446
11 7447
11 7448
11 7449
11 7450
11 7451
11 7452
11 7454
11 7455
11 7456
11 7458
11 7459
11 7460
11 7461
11 7462
11 7463
11 7464
11 7465
11 7466
11 7467
11 7469
11 7470
11 7471
11 7472
11 7473
11 7475
11 7476
11 7482
11 7484
11 8493
12 4
12 108
12 136
12 252
12 261
12 283
12 286
12 289
12 290
12 292
12 296
12 297
12 299
12 314
12 316
12 327
12 328
12 332
12 333
12 343
12 345
12 361
12 389
12 390
12 393
12 397
12 402
12 407
12 415
12 429
12 447
12 464
12 507
12 531
12 535
12 547
12 556
12 578
12 748
12 782
12 783
12 787
12 793
12 805
12 927
12 1115
12 1136
12 1147
13 4
13 5
13 16
13 19
13 21
13 56
13 68
13 69
13 71
13 72
13 73
13 107
13 108
13 112
13 123
13 124
13 129
13 136
13 164
13 165
13 169
13 180
13 191
13 239
13 253
13 256
13 260
13 262
13 264
13 265
13 269
13 272
13 273
13 289
13 290
13 291
13 299
13 300
13 322
13 325
13 327
13 328
13 332
13 346
13 347
13 349
13 364
13 367
13 370
13 372
13 373
13 376
13 377
13 381
13 389
13 397
13 399
13 402
13 403
13 404
13 406
13 414
13 422
13 434
13 437
13 442
13 457
13 466
13 469
13 471
13 474
13 491
13 493
13 496
13 521
13 536
13 539
13 543
13 552
13 558
13 567
13 579
13 581
13 582
13 744
13 746
13 787
13 999
13 1189
13 1190
13 1280
14 4
14 5
14 6
14 7
14 8
14 9
14 10
14 11
14 12
14 13
14 14
14 15
14 16
14 17
14 18
14 19
14 20
14 21
14 22
14 23
14 24
14 25
14 26
14 27
14 28
14 29
14 30
14 31
14 32
14 33
14 34
14 35
14 36
14 37
14 38
14 39
14 40
14 41
14 42
14 43
14 44
14 45
14 46
14 47
14 48
14 49
14 50
14 51
14 52
14 53
14 54
14 55
14 56
14 57
14 58
14 59
14 60
14 61
14 62
14 63
14 64
14 65
14 66
14 67
14 68
14 69
14 70
14 71
14 72
14 73
14 74
14 75
14 76
14 77
14 78
14 79
14 80
14 81
14 82
14 83
14 84
14 85
14 86
14 87
14 88
14 91
14 92
14 93
14 94
14 95
14 96
14 97
14 98
14 99
14 100
14 101
14 102
14 103
14 104
14 105
14 106
14 107
14 108
14 109
14 110
14 111
14 112
14 113
14 114
14 115
14 116
14 117
14 118
14 119
14 120
14 121
14 122
14 123
14 124
14 125
14 126
14 127
14 128
14 129
14 130
14 131
14 132
14 133
14 134
14 135
14 136
14 137
14 138
14 139
14 140
14 141
14 142
14 143
14 144
14 145
14 146
14 147
14 148
14 149
14 150
14 151
14 152
14 153
14 154
14 155
14 156
14 157
14 158
14 159
14 160
14 161
14 162
14 163
14 164
14 165
14 166
14 167
14 168
14 169
14 170
14 171
14 172
14 173
14 174
14 175
14 176
14 177
14 178
14 179
14 180
14 181
14 182
14 183
14 184
14 185
14 186
14 187
14 188
14 189
14 190
14 191
14 192
14 193
14 194
14 195
14 196
14 197
14 198
14 199
14 200
14 201
14 202
14 203
14 204
14 205
14 206
14 207
14 208
14 209
14 210
14 211
14 212
14 213
14 214
14 215
14 216
14 217
14 218
14 219
14 220
14 221
14 222
14 223
14 224
14 225
14 226
14 227
14 228
14 229
14 230
14 231
14 232
14 233
14 234
14 235
14 236
14 237
14 238
14 239
14 240
14 241
14 242
14 243
14 244
14 245
14 246
14 248
14 249
14 250
14 251
14 252
14 253
14 254
14 255
14 256
14 257
14 258
14 259
14 260
14 261
14 262
14 263
14 264
14 265
14 266
14 267
14 268
14 269
14 270
14 271
14 272
14 273
14 275
14 276
14 277
14 278
14 279
14 280
14 281
14 282
14 283
14 284
14 285
14 286
14 287
14 288
14 289
14 290
14 291
14 292
14 294
14 295
14 296
14 297
14 298
14 299
14 300
14 301
14 302
14 303
14 304
14 305
14 306
14 308
14 309
14 310
14 311
14 312
14 313
14 314
14 315
14 316
14 317
14 318
14 319
14 320
14 321
14 322
14 323
14 324
14 325
14 326
14 327
14 328
14 329
14 330
14 331
14 332
14 333
14 334
14 336
14 337
14 338
14 339
14 340
14 341
14 342
14 343
14 344
14 345
14 346
14 347
14 348
14 349
14 350
14 351
14 352
14 354
14 355
14 356
14 358
14 359
14 360
14 361
14 362
14 363
14 364
14 365
14 366
14 367
14 369
14 370
14 371
14 372
14 373
14 374
14 375
14 376
14 377
14 378
14 379
14 380
14 381
14 382
14 383
14 387
14 388
14 389
14 390
14 393
14 394
14 396
14 397
14 398
14 399
14 400
14 401
14 402
14 403
14 404
14 405
14 406
14 407
14 408
14 409
14 411
14 412
14 413
14 414
14 415
14 416
14 417
14 418
14 419
14 420
14 421
14 422
14 423
14 424
14 425
14 426
14 427
14 428
14 429
14 430
14 431
14 432
14 433
14 434
14 435
14 436
14 437
14 438
14 439
14 440
14 441
14 442
14 443
14 444
14 445
14 446
14 447
14 448
14 449
14 457
14 458
14 459
14 460
14 461
14 462
14 464
14 465
14 466
14 467
14 468
14 469
14 470
14 471
14 473
14 474
14 475
14 476
14 477
14 478
14 479
14 480
14 481
14 482
14 483
14 484
14 485
14 486
14 487
14 488
14 489
14 490
14 491
14 493
14 494
14 495
14 496
14 507
14 509
14 510
14 511
14 512
14 513
14 514
14 515
14 516
14 517
14 518
14 519
14 520
14 521
14 522
14 523
14 524
14 525
14 526
14 527
14 529
14 530
14 531
14 532
14 533
14 534
14 535
14 536
14 537
14 538
14 539
14 540
14 541
14 542
14 543
14 544
14 545
14 546
14 547
14 548
14 549
14 550
14 551
14 552
14 553
14 554
14 555
14 556
14 557
14 558
14 559
14 560
14 561
14 563
14 564
14 565
14 567
14 568
14 569
14 570
14 571
14 572
14 573
14 575
14 576
14 577
14 578
14 579
14 580
14 581
14 582
14 583
14 584
14 585
14 593
14 597
14 598
14 613
14 614
14 615
14 620
14 621
14 624
14 638
14 650
14 651
14 671
14 724
14 741
14 742
14 743
14 744
14 745
14 746
14 747
14 748
14 749
14 750
14 753
14 754
14 755
14 756
14 757
14 758
14 762
14 771
14 780
14 781
14 782
14 784
14 785
14 786
14 787
14 788
14 789
14 793
14 796
14 799
14 800
14 805
14 814
14 817
14 819
14 820
14 838
14 849
14 852
14 883
14 885
14 886
14 890
14 904
14 905
14 909
14 912
14 914
14 917
14 921
14 925
14 926
14 927
14 935
14 936
14 939
14 940
14 942
14 953
14 960
14 962
14 965
14 969
14 974
14 977
14 979
14 981
14 985
14 986
14 999
14 1000
14 1012
14 1018
14 1020
14 1027
14 1031
14 1032
14 1046
14 1047
14 1048
14 1049
14 1051
14 1053
14 1058
14 1059
14 1061
14 1063
14 1064
14 1067
14 1068
14 1069
14 1071
14 1072
14 1074
14 1085
14 1088
14 1101
14 1114
14 1115
14 1119
14 1120
14 1147
14 1171
14 1186
14 1188
14 1189
14 1190
14 1207
14 1212
14 1232
14 1238
14 1261
14 1264
14 1265
14 1266
14 1267
14 1268
14 1269
14 1270
14 1271
14 1272
14 1273
14 1274
14 1275
14 1276
14 1277
14 1278
14 1279
14 1280
14 1281
14 1287
14 1288
14 1289
14 1290
14 1291
14 1292
14 1293
14 1294
14 1295
14 1296
14 1297
14 1298
14 1299
14 1300
14 1301
14 1302
14 1303
14 1304
14 1305
14 1306
14 1307
14 1308
14 1309
14 1310
14 1311
14 1312
14 1313
14 1314
14 1315
14 1316
14 1317
14 1320
14 1323
14 1326
14 1331
14 1340
14 1341
14 1342
14 1343
14 1344
14 1345
14 1346
14 1347
14 1348
14 1349
14 1350
14 1351
14 1352
14 1353
14 1354
14 1355
14 1356
14 1357
14 1358
14 1359
14 1360
14 1361
14 1362
14 1363
14 1364
14 1365
14 1366
14 1367
14 1368
14 1369
14 1370
14 1371
14 1372
14 1373
14 1374
14 1375
14 1376
14 1377
14 1378
14 1379
14 1380
14 1381
14 1382
14 1383
14 1384
14 1385
14 1386
14 1387
14 1388
14 1389
14 1390
14 1391
14 1392
14 1393
14 1394
14 1395
14 1396
14 1397
14 1398
14 1403
15 4
15 15
15 26
15 37
15 59
15 70
15 81
15 94
15 107
15 122
15 123
15 131
15 146
15 169
15 191
15 203
15 246
15 251
15 260
15 262
15 264
15 277
15 279
15 303
15 309
15 315
15 318
15 321
15 322
15 325
15 326
15 332
15 342
15 347
15 349
15 350
15 352
15 354
15 381
15 382
15 388
15 397
15 398
15 399
15 409
15 411
15 413
15 414
15 415
15 418
15 423
15 426
15 429
15 432
15 434
15 441
15 466
15 467
15 470
15 472
15 474
15 477
15 493
15 512
15 516
15 519
15 520
15 523
15 530
15 552
15 557
15 558
15 561
15 569
15 576
15 579
15 580
15 583
15 786
15 896
15 898
15 999
15 1085
15 1186
15 1189
15 1871
15 5184
15 5748
15 5749
15 5752
15 5753
15 5755
15 5756
15 5759
15 5760
15 5762
15 5763
15 5764
15 5766
15 5767
15 5768
15 5769
15 5770
15 5772
15 5773
15 5774
15 5775
15 5776
15 5777
15 5778
15 5779
15 5780
15 5782
15 5783
15 5784
15 5785
15 5786
15 5787
15 5788
15 5789
15 5790
15 5791
15 5793
15 5795
15 5796
15 5797
15 5798
15 5800
15 5801
15 5802
15 5803
15 5804
15 5805
15 5806
15 5807
15 5808
15 5809
15 5810
15 5811
15 5812
15 5813
15 5814
15 5815
15 5816
15 5817
15 5818
15 5819
15 5820
15 5821
15 5822
15 5823
15 5824
15 5825
15 5826
15 5827
15 5828
15 5829
15 5830
15 5831
15 5832
15 5833
15 5835
15 5836
15 5837
15 5838
15 5839
15 5842
15 5843
15 5845
15 5847
15 5848
15 5849
15 5851
15 5852
15 5853
15 5854
15 5855
15 5856
15 5857
15 5858
15 5859
15 5860
15 5861
15 5862
15 5863
15 5864
15 5866
15 5867
15 5868
15 5869
15 5870
15 5871
15 5872
15 5873
15 5874
15 5875
15 5876
15 5877
15 5878
15 5879
15 5880
15 5882
15 5883
15 5884
15 5885
15 5886
15 5887
15 5888
15 5889
15 5890
15 5891
15 5892
15 5894
15 5895
15 5896
15 5897
15 5898
15 5899
15 5900
15 5901
15 5903
15 5904
15 5905
15 5906
15 5907
15 5908
15 5909
15 5910
15 5911
15 5912
15 5913
15 5914
15 5915
15 5916
15 5917
15 5918
15 5919
15 5920
15 5921
15 5922
15 5923
15 5924
15 5925
15 5926
15 5927
15 5928
15 5929
15 5930
15 5931
15 5932
15 5933
15 5934
15 5935
15 5936
15 5937
15 5938
15 5939
15 5940
15 5941
15 5942
15 5943
15 5944
15 5945
15 5946
15 5947
15 5948
15 5949
15 5950
15 5951
15 5952
15 5953
15 5954
15 5955
15 5956
15 5959
15 5960
15 5961
15 5964
15 5965
15 5966
15 5967
15 5968
15 5969
15 5970
15 5971
15 5972
15 5973
15 5975
15 5976
15 5977
15 5978
15 5979
15 5980
15 5981
15 5982
15 5983
15 5984
15 5985
15 5986
15 5987
15 5988
15 5989
15 5990
15 5991
15 5992
15 5993
15 5994
15 5995
15 5996
15 5997
15 5998
15 5999
15 6000
15 6001
15 6002
15 6003
15 6004
15 6005
15 6006
15 6007
15 6008
15 6009
15 6010
15 6011
15 6012
15 6013
15 6014
15 6016
15 6017
15 6018
15 6019
15 6020
15 6021
15 6022
15 6023
15 6024
15 6025
15 6026
15 6027
15 6028
15 6029
15 6030
15 6031
15 6032
15 6033
15 6034
15 6035
15 6036
15 6037
15 6038
15 6039
15 6040
15 6041
15 6042
15 6043
15 6044
15 6045
15 6046
15 6047
15 6048
15 6049
15 6050
15 6051
15 6052
15 6054
15 6055
15 6056
15 6057
15 6058
15 6059
15 6061
15 6062
15 6063
15 6064
15 6065
15 6066
15 6067
15 6068
15 6069
15 6070
15 6071
15 6072
15 6074
15 6075
15 6077
15 6078
15 6079
15 6081
15 6082
15 6083
15 6084
15 6085
15 6086
15 6087
15 6088
15 6089
15 6090
15 6091
15 6092
15 6093
15 6094
15 6095
15 6096
15 6097
15 6098
15 6099
15 6100
15 6101
15 6102
15 6103
15 6104
15 6105
15 6106
15 6107
15 6108
15 6109
15 6110
15 6111
15 6112
15 6113
15 6114
15 6115
15 6116
15 6117
15 6118
15 6119
15 6120
15 6121
15 6122
15 6123
15 6125
15 6126
15 6127
15 6128
15 6129
15 6130
15 6132
15 6133
15 6134
15 6135
15 6136
15 6137
15 6138
15 6139
15 6140
15 6141
15 6142
15 6143
15 6144
15 6145
15 6146
15 6147
15 6148
15 6149
15 6150
15 6151
15 6152
15 6153
15 6154
15 6155
15 6156
15 6157
15 6159
15 6160
15 6161
15 6162
15 6163
15 6164
15 6165
15 6166
15 6167
15 6168
15 6169
15 6170
15 6171
15 6172
15 6174
15 6175
15 6176
15 6177
15 6179
15 6180
15 6181
15 6182
15 6183
15 6184
15 6185
15 6186
15 6187
15 6188
15 6189
15 6190
15 6191
15 6192
15 6193
15 6194
15 6195
15 6196
15 6197
15 6198
15 6199
15 6200
15 6202
15 6203
15 6204
15 6205
15 6206
15 6207
15 6208
15 6209
15 6210
15 6211
15 6212
15 6213
15 6214
15 6215
15 6216
15 6217
15 6218
15 6219
15 6220
15 6221
15 6222
15 6223
15 6224
15 6225
15 6226
15 6227
15 6228
15 6229
15 6230
15 6231
15 6233
15 6234
15 6235
15 6236
15 6237
15 6238
15 6239
15 6240
15 6242
15 6243
15 6244
15 6246
15 6247
15 6248
15 6249
15 6250
15 6251
15 6254
15 6255
15 6256
15 6257
15 6258
15 6259
15 6260
15 6261
15 6262
15 6263
15 6264
15 6265
15 6266
15 6267
15 6268
15 6269
15 6270
15 6271
15 6272
15 6273
15 6274
15 6275
15 6276
15 6277
15 6278
15 6279
15 6280
15 6281
15 6282
15 6283
15 6284
15 6285
15 6286
15 6287
15 6289
15 6290
15 6291
15 6293
15 6294
15 6295
15 6296
15 6297
15 6298
15 6299
15 6300
15 6301
15 6302
15 6303
15 6304
15 6305
15 6306
15 6307
15 6308
15 6309
15 6310
15 6311
15 6312
15 6313
15 6314
15 6315
15 6316
15 6317
15 6318
15 6319
15 6320
15 6321
15 6322
15 6323
15 6324
15 6325
15 6326
15 6327
15 6328
15 6329
15 6330
15 6331
15 6334
15 6335
15 6336
15 6337
15 6338
15 6339
15 6341
15 6342
15 6343
15 6344
15 6345
15 6346
15 6347
15 6348
15 6349
15 6350
15 6351
15 6353
15 6354
15 6355
15 6356
15 6357
15 6358
15 6359
15 6360
15 6361
15 6362
15 6364
15 6365
15 6366
15 6367
15 6368
15 6369
15 6370
15 6371
15 6372
15 6373
15 6374
15 6375
15 6376
15 6377
15 6378
15 6379
15 6380
15 6381
15 6382
15 6383
15 6384
15 6385
15 6386
15 6387
15 6388
15 6389
15 6390
15 6391
15 6392
15 6393
15 6394
15 6395
15 6396
15 6397
15 6398
15 6399
15 6400
15 6401
15 6402
15 6403
15 6404
15 6405
15 6406
15 6407
15 6408
15 6409
15 6410
15 6411
15 6412
15 6413
15 6414
15 6415
15 6416
15 6418
15 6419
15 6420
15 6421
15 6422
15 6423
15 6424
15 6425
15 6426
15 6427
15 6428
15 6429
15 6430
15 6431
15 6432
15 6433
15 6434
15 6435
15 6436
15 6437
15 6438
15 6439
15 6440
15 6441
15 6442
15 6443
15 6444
15 6448
15 6449
15 6450
15 6451
15 6453
15 6454
15 6455
15 6456
15 6458
15 6459
15 6460
15 6461
15 6462
15 6463
15 6464
15 6465
15 6466
15 6467
15 6468
15 6469
15 6477
15 6479
15 6485
15 6495
15 6497
15 6506
15 6507
15 6515
15 6533
15 6537
15 6549
15 6563
15 6569
15 6570
15 6599
15 6609
15 6617
15 6633
15 6647
15 6663
15 6669
15 6675
15 6686
15 6695
15 6696
15 6705
15 6706
15 6725
15 6729
15 6737
15 6743
15 6746
15 6747
15 6749
15 6753
15 6759
15 6761
15 6765
15 6767
15 6771
15 6773
15 6797
15 6803
15 6807
15 6809
15 6813
15 6819
15 6821
15 6827
15 6833
15 6845
15 6855
15 6869
15 6873
15 6879
15 6881
15 6885
15 6886
15 6932
15 6941
15 6953
15 6963
15 6965
15 6968
15 6969
15 6971
15 6974
15 6975
15 6978
15 6981
15 6993
15 7005
15 7013
15 7025
15 7031
15 7035
15 7037
15 7041
15 7043
15 7049
15 7057
15 7059
15 7067
15 7081
15 7084
15 7085
15 7093
15 7103
15 7115
15 7121
15 7141
15 7147
15 7151
15 7153
15 7177
15 7181
15 7183
15 7193
15 7215
15 7217
15 7223
15 7225
15 7231
15 7235
15 7237
15 7241
15 7243
15 7247
15 7265
15 7269
15 7271
15 7285
15 7295
15 7307
15 7315
15 7331
15 7345
15 7355
15 7357
15 7361
15 7363
15 7373
15 7385
15 7391
15 7393
15 7397
15 7415
15 7417
15 7433
15 7435
15 7453
15 7457
15 7468
15 7474
15 7477
15 7478
15 7479
15 7480
15 7481
15 7483
16 5
16 49
16 107
16 131
16 132
16 134
16 246
16 269
16 300
16 303
16 309
16 319
16 320
16 322
16 324
16 325
16 327
16 328
16 330
16 331
16 332
16 334
16 336
16 339
16 340
16 341
16 342
16 348
16 356
16 360
16 361
16 378
16 382
16 396
16 397
16 399
16 401
16 402
16 403
16 411
16 414
16 417
16 426
16 428
16 429
16 431
16 433
16 434
16 457
16 461
16 471
16 473
16 474
16 476
16 477
16 478
16 479
16 481
16 482
16 483
16 484
16 485
16 486
16 487
16 493
16 495
16 509
16 517
16 525
16 538
16 540
16 541
16 547
16 548
16 549
16 550
16 551
16 553
16 561
16 564
16 565
16 569
16 570
16 571
16 573
16 579
16 580
16 581
16 582
16 583
16 584
16 585
16 598
16 614
16 615
16 620
16 621
16 624
16 727
16 741
16 743
16 747
16 748
16 752
16 753
16 754
16 755
16 756
16 757
16 758
16 759
16 761
16 771
16 784
16 785
16 796
16 805
16 814
16 817
16 832
16 833
16 834
16 835
16 837
16 838
16 849
16 852
16 854
16 855
16 866
16 867
16 870
16 886
16 890
16 905
16 911
16 912
16 914
16 917
16 926
16 1119
16 1278
16 1279
16 1280
16 1281
16 1312
17 5
17 6
17 9
17 13
17 15
17 17
17 18
17 19
17 37
17 48
17 59
17 70
17 71
17 72
17 74
17 75
17 76
17 79
17 81
17 105
17 107
17 108
17 112
17 113
17 119
17 120
17 123
17 125
17 126
17 128
17 131
17 132
17 134
17 135
17 136
17 146
17 157
17 162
17 163
17 164
17 165
17 169
17 170
17 175
17 181
17 191
17 202
17 203
17 213
17 216
17 229
17 230
17 231
17 232
17 233
17 234
17 235
17 236
17 237
17 238
17 239
17 240
17 241
17 242
17 243
17 244
17 245
17 246
17 248
17 249
17 250
17 251
17 253
17 254
17 255
17 256
17 257
17 258
17 259
17 260
17 261
17 262
17 263
17 264
17 265
17 267
17 270
17 272
17 273
17 275
17 276
17 277
17 278
17 279
17 280
17 281
17 284
17 286
17 287
17 288
17 289
17 290
17 292
17 295
17 296
17 297
17 299
17 300
17 303
17 308
17 309
17 312
17 313
17 315
17 316
17 317
17 318
17 319
17 320
17 321
17 323
17 325
17 327
17 328
17 330
17 332
17 333
17 334
17 340
17 342
17 343
17 345
17 347
17 349
17 351
17 354
17 355
17 358
17 363
17 364
17 365
17 372
17 373
17 374
17 375
17 377
17 379
17 380
17 382
17 383
17 387
17 388
17 389
17 390
17 393
17 396
17 399
17 402
17 403
17 404
17 408
17 409
17 413
17 414
17 416
17 418
17 419
17 420
17 424
17 425
17 426
17 429
17 432
17 437
17 438
17 440
17 442
17 443
17 444
17 445
17 447
17 448
17 458
17 459
17 460
17 463
17 465
17 467
17 468
17 469
17 470
17 471
17 473
17 474
17 477
17 478
17 479
17 481
17 484
17 485
17 486
17 487
17 488
17 489
17 490
17 493
17 507
17 509
17 511
17 514
17 517
17 518
17 519
17 520
17 521
17 522
17 523
17 524
17 525
17 526
17 530
17 531
17 532
17 534
17 536
17 537
17 538
17 540
17 542
17 544
17 546
17 547
17 548
17 550
17 551
17 552
17 554
17 557
17 558
17 559
17 563
17 567
17 569
17 570
17 575
17 576
17 577
17 578
17 579
17 580
17 581
17 583
17 584
17 585
17 742
17 744
17 746
17 748
17 750
17 780
17 781
17 784
17 817
17 917
17 926
17 927
17 935
17 936
17 974
17 999
17 1018
17 1085
17 1088
17 1119
17 1120
17 1147
17 1171
17 1186
17 1188
17 1189
17 1190
17 1218
17 1265
17 1266
17 1267
17 1268
17 1269
17 1270
17 1271
17 1272
17 1273
17 1274
17 1275
17 1276
17 1277
17 1278
17 1280
17 1287
17 1288
17 1289
17 1290
17 1291
17 1292
17 1293
17 1294
17 1295
17 1296
17 1297
17 1298
17 1299
17 1300
17 1301
17 1302
17 1303
17 1304
17 1305
17 1306
17 1307
17 1308
17 1309
17 1310
17 1311
17 1312
17 1313
17 1314
17 1315
17 1316
17 1317
17 1372
17 1374
17 1375
17 1398
17 1403
17 1900
17 1901
17 1980
17 1991
17 2189
17 2258
17 2586
17 2986
17 3028
17 3248
17 4150
17 4211
17 4571
17 4577
18 7
18 41
18 42
18 43
18 44
18 55
18 66
18 67
18 74
18 75
18 82
18 86
18 87
18 88
18 91
18 92
18 93
18 95
18 96
18 97
18 98
18 99
18 100
18 101
18 102
18 103
18 104
18 106
18 109
18 110
18 111
18 113
18 114
18 117
18 118
18 121
18 137
18 138
18 148
18 149
18 150
18 151
18 152
18 363
18 403
18 449
18 473
18 496
18 522
18 525
18 531
18 533
18 534
18 535
18 539
18 560
18 567
18 585
18 999
18 1190
19 11
19 318
19 333
19 334
19 361
19 364
19 521
19 547
19 576
19 1186
19 1313
20 12
20 16
20 18
20 20
20 23
20 25
20 27
20 47
20 68
20 107
20 108
20 111
20 112
20 115
20 119
20 120
20 124
20 125
20 126
20 127
20 128
20 129
20 130
20 131
20 132
20 134
20 135
20 136
20 139
20 140
20 141
20 142
20 143
20 144
20 145
20 147
20 248
20 256
20 257
20 258
20 259
20 272
20 341
20 510
20 523
20 531
20 556
20 581
20 585
20 742
20 750
20 789
20 1403
21 15
21 136
21 163
21 227
21 234
21 252
21 257
21 264
21 265
21 266
21 268
21 276
21 281
21 290
21 296
21 303
21 308
21 315
21 316
21 329
21 336
21 346
21 347
21 365
21 371
21 380
21 396
21 399
21 402
21 408
21 414
21 432
21 438
21 447
21 448
21 464
21 470
21 471
21 477
21 479
21 485
21 486
21 488
21 507
21 521
21 522
21 523
21 536
21 538
21 544
21 545
21 548
21 558
21 568
21 570
21 571
21 575
21 580
21 581
21 582
21 583
21 585
21 741
21 742
21 744
21 781
21 817
21 917
21 936
21 999
21 1115
21 1171
21 1340
21 1341
21 1342
21 1343
21 1344
21 1345
21 1346
21 1347
21 1348
21 1349
21 1350
21 1351
21 1352
21 1353
21 1354
21 1355
21 1356
21 1357
21 1358
21 1359
21 1360
21 1361
21 1362
21 1363
21 1364
21 1365
21 1366
21 1367
21 1368
21 1369
21 1370
21 1371
21 1372
21 1373
21 1374
21 1375
21 1376
21 1377
21 1378
21 1379
21 1380
21 1381
21 1382
21 1383
21 1384
21 1385
21 1386
21 1387
21 1388
21 1389
21 1390
21 1391
21 1392
21 1393
21 1394
21 1395
21 1396
21 1397
21 1398
22 17
22 88
22 91
22 260
22 470
22 534
22 567
22 1294
22 1345
22 1636
22 1715
22 1797
22 1844
22 2043
22 2096
22 2238
22 2397
22 2452
22 2609
22 2690
22 2859
22 3170
22 3171
22 3263
22 3278
22 3304
22 3364
22 4047
22 4354
22 4681
22 4839
22 5104
22 5138
22 5250
23 25
23 156
23 260
23 264
23 285
23 399
23 532
23 581
23 842
23 843
24 26
24 115
24 120
24 271
24 336
24 465
24 523
24 559
24 564
24 573
25 28
26 31
26 119
26 124
26 125
26 126
26 127
26 128
26 129
26 130
26 131
26 132
26 134
26 135
26 136
26 139
26 248
26 250
26 251
26 252
26 253
26 254
26 256
26 260
26 262
26 263
26 264
26 266
26 267
26 268
26 269
26 272
26 273
26 276
26 280
26 281
26 283
26 285
26 286
26 287
26 288
26 289
26 290
26 291
26 292
26 296
26 297
26 299
26 300
26 303
26 308
26 309
26 312
26 314
26 315
26 316
26 317
26 319
26 321
26 325
26 326
26 327
26 328
26 329
26 330
26 333
26 334
26 336
26 341
26 342
26 346
26 350
26 351
26 352
26 355
26 357
26 358
26 362
26 363
26 364
26 365
26 366
26 369
26 370
26 371
26 378
26 379
26 380
26 382
26 386
26 387
26 388
26 390
26 392
26 398
26 399
26 402
26 403
26 405
26 408
26 409
26 410
26 411
26 413
26 414
26 418
26 419
26 420
26 423
26 426
26 429
26 432
26 434
26 439
26 441
26 442
26 443
26 445
26 447
26 448
26 450
26 452
26 454
26 455
26 456
26 466
26 467
26 468
26 469
26 471
26 474
26 477
26 478
26 479
26 484
26 485
26 486
26 487
26 488
26 489
26 490
26 491
26 492
26 493
26 496
26 507
26 509
26 510
26 512
26 516
26 517
26 520
26 521
26 523
26 524
26 525
26 527
26 530
26 531
26 533
26 534
26 535
26 536
26 537
26 538
26 539
26 540
26 541
26 548
26 549
26 550
26 551
26 552
26 554
26 555
26 556
26 560
26 563
26 564
26 569
26 570
26 573
26 575
26 576
26 578
26 579
26 584
26 586
26 593
26 599
26 613
26 614
26 634
26 665
26 671
26 743
26 784
26 792
26 800
26 821
26 822
26 823
26 907
26 909
26 917
26 936
26 956
26 1027
26 1088
26 1089
26 1114
26 1119
26 1128
26 1129
26 1152
26 1175
26 1186
26 1213
26 1265
26 1266
26 1273
26 1274
26 1275
26 1276
26 1277
26 1279
26 1280
26 1281
26 1282
26 1283
26 1284
26 1285
26 1286
26 1292
26 1368
26 1525
26 1584
26 1589
26 1659
26 1845
26 1873
26 1898
26 1981
26 1989
26 1995
26 1996
26 1997
26 2000
26 2001
26 2002
26 2003
26 2004
26 2005
26 2006
26 2007
26 2008
26 2009
26 2010
26 2011
26 2012
26 2013
26 2014
26 2015
26 2016
26 2017
26 2018
26 2019
26 2020
26 2021
26 2022
26 2023
26 2024
26 2025
26 2026
26 2027
26 2028
26 2032
26 2033
26 2034
26 2035
26 2036
26 2037
26 2038
26 2039
26 2040
26 2041
26 2042
26 2043
26 2044
26 2045
26 2046
26 2047
26 2048
26 2049
26 2050
26 2051
26 2052
26 2053
26 2054
26 2055
26 2056
26 2057
26 2058
26 2059
26 2060
26 2061
26 2062
26 2063
26 2064
26 2065
26 2066
26 2067
26 2068
26 2069
26 2070
26 2071
26 2072
26 2073
26 2074
26 2075
26 2076
26 2077
26 2078
26 2079
26 2080
26 2081
26 2082
26 2083
26 2084
26 2085
26 2086
26 2087
26 2088
26 2089
26 2090
26 2091
26 2092
26 2093
26 2094
26 2095
26 2096
26 2097
26 2098
26 2099
26 2100
26 2101
26 2102
26 2103
26 2104
26 2105
26 2106
26 2107
26 2108
26 2109
26 2110
26 2111
26 2112
26 2113
26 2114
26 2115
26 2116
26 2117
26 2118
26 2119
26 2120
26 2121
26 2122
26 2123
26 2124
26 2125
26 2126
26 2127
26 2128
26 2129
26 2130
26 2131
26 2132
26 2133
26 2134
26 2135
26 2136
26 2137
26 2138
26 2139
26 2140
26 2141
26 2142
26 2143
26 2144
26 2145
26 2146
26 2147
26 2148
26 2149
26 2150
26 2151
26 2152
26 2153
26 2154
26 2155
26 2156
26 2157
26 2158
26 2159
26 2160
26 2161
26 2162
26 2163
26 2164
26 2165
26 2166
26 2167
26 2168
26 2169
26 2170
26 2171
26 2173
26 2174
26 2175
26 2176
26 2177
26 2178
26 2179
26 2180
26 2181
26 2182
26 2183
26 2184
26 2185
26 2186
26 2187
26 2188
26 2189
26 2190
26 2191
26 2192
26 2193
26 2194
26 2195
26 2196
26 2197
26 2198
26 2199
26 2200
26 2201
26 2202
26 2203
26 2204
26 2205
26 2206
26 2207
26 2208
26 2209
26 2210
26 2211
26 2212
26 2213
26 2214
26 2215
26 2216
26 2217
26 2218
26 2219
26 2220
26 2221
26 2222
26 2223
26 2224
26 2225
26 2226
26 2227
26 2228
26 2229
26 2230
26 2231
26 2232
26 2233
26 2234
26 2235
26 2236
26 2237
26 2238
26 2239
26 2240
26 2241
26 2242
26 2243
26 2244
26 2245
26 2246
26 2247
26 2248
26 2249
26 2250
26 2251
26 2252
26 2253
26 2254
26 2255
26 2256
26 2257
26 2258
26 2259
26 2260
26 2261
26 2262
26 2263
26 2264
26 2265
26 2266
26 2267
26 2268
26 2269
26 2270
26 2271
26 2272
26 2273
26 2274
26 2275
26 2276
26 2277
26 2278
26 2279
26 2280
26 2281
26 2282
26 2283
26 2284
26 2285
26 2286
26 2287
26 2288
26 2289
26 2290
26 2291
26 2292
26 2293
26 2294
26 2295
26 2296
26 2297
26 2298
26 2299
26 2300
26 2301
26 2302
26 2303
26 2304
26 2305
26 2306
26 2307
26 2308
26 2309
26 2310
26 2311
26 2312
26 2313
26 2314
26 2315
26 2316
26 2317
26 2318
26 2319
26 2320
26 2321
26 2322
26 2323
26 2324
26 2325
26 2326
26 2327
26 2328
26 2329
26 2330
26 2331
26 2332
26 2333
26 2334
26 2335
26 2336
26 2337
26 2338
26 2339
26 2340
26 2341
26 2342
26 2343
26 2344
26 2345
26 2346
26 2347
26 2348
26 2349
26 2350
26 2351
26 2352
26 2353
26 2354
26 2355
26 2356
26 2357
26 2358
26 2359
26 2360
26 2361
26 2362
26 2363
26 2364
26 2365
26 2366
26 2367
26 2368
26 2369
26 2370
26 2371
26 2372
26 2373
26 2374
26 2375
26 2376
26 2377
26 2378
26 2379
26 2380
26 2381
26 2382
26 2383
26 2384
26 2385
26 2386
26 2390
26 2391
26 2392
26 2393
26 2394
26 2395
26 2396
26 2397
26 2398
26 2399
26 2400
26 2401
26 2402
26 2403
26 2404
26 2405
26 2406
26 2407
26 2408
26 2409
26 2410
26 2411
26 2412
26 2413
26 2414
26 2415
26 2416
26 2417
26 2418
26 2419
26 2420
26 2421
26 2422
26 2423
26 2424
26 2425
26 2426
26 2427
26 2428
26 2429
26 2430
26 2431
26 2432
26 2433
26 2434
26 2435
26 2436
26 2437
26 2438
26 2439
26 2440
26 2441
26 2442
26 2443
26 2444
26 2445
26 2446
26 2447
26 2448
26 2449
26 2450
26 2451
26 2452
26 2453
26 2454
26 2455
26 2456
26 2457
26 2458
26 2459
26 2460
26 2461
26 2462
26 2463
26 2464
26 2465
26 2466
26 2467
26 2468
26 2469
26 2470
26 2471
26 2472
26 2473
26 2474
26 2475
26 2476
26 2477
26 2478
26 2479
26 2480
26 2481
26 2482
26 2483
26 2484
26 2485
26 2486
26 2487
26 2488
26 2489
26 2490
26 2491
26 2492
26 2493
26 2494
26 2495
26 2496
26 2497
26 2498
26 2499
26 2500
26 2501
26 2502
26 2503
26 2504
26 2505
26 2506
26 2507
26 2508
26 2509
26 2510
26 2511
26 2512
26 2513
26 2514
26 2515
26 2516
26 2517
26 2518
26 2519
26 2520
26 2521
26 2522
26 2523
26 2524
26 2525
26 2526
26 2527
26 2528
26 2529
26 2530
26 2531
26 2532
26 2533
26 2534
26 2535
26 2536
26 2537
26 2538
26 2539
26 2540
26 2541
26 2542
26 2543
26 2544
26 2545
26 2546
26 2547
26 2548
26 2549
26 2550
26 2551
26 2552
26 2553
26 2554
26 2555
26 2556
26 2557
26 2558
26 2559
26 2560
26 2561
26 2562
26 2563
26 2564
26 2565
26 2566
26 2567
26 2568
26 2569
26 2570
26 2571
26 2572
26 2573
26 2574
26 2575
26 2576
26 2577
26 2578
26 2579
26 2580
26 2581
26 2582
26 2583
26 2584
26 2585
26 2586
26 2587
26 2588
26 2589
26 2590
26 2591
26 2592
26 2593
26 2594
26 2595
26 2596
26 2597
26 2598
26 2599
26 2600
26 2601
26 2602
26 2603
26 2604
26 2605
26 2606
26 2607
26 2608
26 2609
26 2610
26 2611
26 2612
26 2613
26 2614
26 2615
26 2616
26 2617
26 2618
26 2619
26 2620
26 2621
26 2622
26 2623
26 2624
26 2625
26 2626
26 2627
26 2628
26 2629
26 2630
26 2631
26 2632
26 2633
26 2634
26 2635
26 2636
26 2637
26 2638
26 2639
26 2640
26 2641
26 2642
26 2643
26 2644
26 2645
26 2646
26 2647
26 2648
26 2649
26 2650
26 2651
26 2652
26 2653
26 2654
26 2655
26 2656
26 2657
26 2658
26 2659
26 2660
26 2661
26 2662
26 2663
26 2664
26 2665
26 2666
26 2667
26 2668
26 2669
26 2670
26 2671
26 2672
26 2673
26 2674
26 2675
26 2676
26 2677
26 2678
26 2679
26 2680
26 2681
26 2682
26 2683
26 2684
26 2685
26 2686
26 2687
26 2688
26 2689
26 2690
26 2691
26 2692
26 2693
26 2694
26 2695
26 2696
26 2697
26 2698
26 2699
26 2700
26 2701
26 2702
26 2703
26 2704
26 2705
26 2706
26 2707
26 2708
26 2709
26 2710
26 2711
26 2712
26 2713
26 2714
26 2715
26 2716
26 2717
26 2718
26 2719
26 2720
26 2721
26 2722
26 2723
26 2724
26 2725
26 2726
26 2727
26 2728
26 2729
26 2730
26 2731
26 2732
26 2733
26 2734
26 2735
26 2736
26 2737
26 2738
26 2739
26 2740
26 2741
26 2742
26 2743
26 2744
26 2745
26 2746
26 2747
26 2748
26 2749
26 2750
26 2751
26 2752
26 2753
26 2754
26 2755
26 2756
26 2757
26 2758
26 2759
26 2760
26 2761
26 2762
26 2763
26 2764
26 2765
26 2766
26 2767
26 2768
26 2769
26 2770
26 2771
26 2772
26 2773
26 2774
26 2775
26 2776
26 2777
26 2778
26 2779
26 2780
26 2781
26 2782
26 2783
26 2784
26 2785
26 2786
26 2787
26 2788
26 2789
26 2790
26 2791
26 2792
26 2793
26 2794
26 2795
26 2796
26 2797
26 2798
26 2799
26 2800
26 2801
26 2802
26 2803
26 2804
26 2805
26 2806
26 2807
26 2808
26 2809
26 2810
26 2811
26 2812
26 2813
26 2814
26 2815
26 2816
26 2817
26 2818
26 2819
26 2820
26 2821
26 2822
26 2823
26 2824
26 2825
26 2826
26 2827
26 2828
26 2829
26 2830
26 2831
26 2832
26 2833
26 2834
26 2835
26 2836
26 2837
26 2838
26 2839
26 2840
26 2841
26 2842
26 2843
26 2844
26 2845
26 2846
26 2847
26 2848
26 2849
26 2850
26 2851
26 2852
26 2853
26 2854
26 2855
26 2856
26 2857
26 2858
26 2859
26 2860
26 2861
26 2862
26 2863
26 2864
26 2865
26 2866
26 2867
26 2868
26 2869
26 2870
26 2871
26 2872
26 2873
26 2874
26 2875
26 2876
26 2877
26 2878
26 2879
26 2880
26 2881
26 2882
26 2883
26 2884
26 2885
26 2886
26 2887
26 2888
26 2889
26 2890
26 2891
26 2892
26 2893
26 2894
26 2895
26 2896
26 2897
26 2898
26 2899
26 2900
26 2901
26 2902
26 2903
26 2904
26 2905
26 2906
26 2907
26 2908
26 2909
26 2910
26 2911
26 2912
26 2913
26 2914
26 2915
26 2916
26 2917
26 2918
26 2919
26 2920
26 2921
26 2922
26 2923
26 2924
26 2925
26 2926
26 2927
26 2928
26 2929
26 2930
26 2931
26 2932
26 2933
26 2934
26 2935
26 2936
26 2937
26 2938
26 2939
26 2940
26 2941
26 2942
26 2943
26 2944
26 2945
26 2946
26 2947
26 2948
26 2949
26 2950
26 2951
26 2952
26 2953
26 2954
26 2955
26 2956
26 2957
26 2958
26 2959
26 2960
26 2961
26 2962
26 2963
26 2964
26 2965
26 2966
26 2967
26 2968
26 2969
26 2970
26 2971
26 2972
26 2973
26 2974
26 2975
26 2976
26 2977
26 2978
26 2979
26 2980
26 2981
26 2982
26 2983
26 2984
26 2985
26 2986
26 2987
26 2988
26 2989
26 2990
26 2991
26 2992
26 2993
26 2994
26 2995
26 2996
26 2997
26 2998
26 2999
26 3000
26 3001
26 3002
26 3003
26 3004
26 3005
26 3006
26 3007
26 3008
26 3009
26 3010
26 3011
26 3012
26 3013
26 3014
26 3015
26 3016
26 3017
26 3018
26 3019
26 3020
26 3021
26 3022
26 3023
26 3024
26 3025
26 3026
26 3027
26 3028
26 3029
26 3030
26 3031
26 3032
26 3033
26 3034
26 3035
26 3036
26 3037
26 3038
26 3039
26 3040
26 3041
26 3042
26 3043
26 3044
26 3045
26 3046
26 3047
26 3048
26 3049
26 3050
26 3051
26 3052
26 3053
26 3054
26 3055
26 3056
26 3057
26 3058
26 3059
26 3060
26 3061
26 3062
26 3063
26 3064
26 3065
26 3066
26 3067
26 3068
26 3069
26 3070
26 3071
26 3072
26 3073
26 3074
26 3075
26 3076
26 3077
26 3078
26 3079
26 3080
26 3081
26 3082
26 3083
26 3084
26 3085
26 3086
26 3087
26 3088
26 3089
26 3090
26 3091
26 3092
26 3093
26 3094
26 3095
26 3096
26 3097
26 3098
26 3099
26 3100
26 3101
26 3102
26 3103
26 3104
26 3105
26 3106
26 3107
26 3108
26 3109
26 3110
26 3111
26 3112
26 3113
26 3114
26 3115
26 3116
26 3117
26 3118
26 3119
26 3120
26 3121
26 3122
26 3123
26 3124
26 3125
26 3126
26 3127
26 3128
26 3225
26 3226
26 3227
26 3228
26 3229
26 3230
26 3231
26 3232
26 3233
26 3234
26 3235
26 3236
26 3237
26 3238
26 3239
26 3240
26 3241
26 3242
26 3243
26 3244
26 3245
26 3246
26 3247
26 3248
26 3249
26 3250
26 3371
26 3372
26 3373
26 3374
26 3375
26 3376
26 3377
26 3378
26 3379
26 3380
26 3381
26 3382
26 3383
26 3384
26 3385
26 3386
26 3387
26 3388
26 3389
26 3390
26 3391
26 3392
26 3393
26 3394
26 3395
26 3396
26 3397
26 3398
26 3399
26 3400
26 3401
26 3402
26 3403
26 3404
26 3405
26 3406
26 3407
26 3408
26 3409
26 3410
26 3411
26 3412
26 3413
26 3414
26 3415
26 3416
26 3417
26 3418
26 3419
26 3420
26 3421
26 3422
26 3423
26 3424
26 3425
26 3426
26 3427
26 3428
26 3429
26 3430
26 3431
26 3432
26 3433
26 3434
26 3435
26 3436
26 3437
26 3438
26 3439
26 3440
26 3441
26 3442
26 3443
26 3444
26 3445
26 3446
26 3447
26 3448
26 3449
26 3450
26 3451
26 3452
26 3453
26 3454
26 3455
26 3456
26 3457
26 3458
26 3465
26 3466
26 3467
26 3468
26 3469
26 3470
26 3471
26 3472
26 3473
26 3474
26 3475
26 3476
26 3477
26 3478
26 3479
26 3480
26 3481
26 3482
26 3483
26 3484
26 3485
26 3486
26 3487
26 3488
26 3489
26 3490
26 3491
26 3492
26 3493
26 3494
26 3495
26 3496
26 3497
26 3498
26 3499
26 3500
26 3501
26 3502
26 3503
26 3504
26 3505
26 3506
26 3507
26 3508
26 3509
26 3510
26 3511
26 3512
26 3513
26 3514
26 3515
26 3516
26 3517
26 3518
26 3519
26 3520
26 3521
26 3522
26 3523
26 3524
26 3525
26 3526
26 3527
26 3528
26 3529
26 3530
26 3531
26 3532
26 3533
26 3534
26 3535
26 3536
26 3537
26 3538
26 3539
26 3540
26 3541
26 3542
26 3543
26 3544
26 3545
26 3546
26 3547
26 3548
26 3549
26 3550
26 3551
26 3552
26 3553
26 3554
26 3555
26 3556
26 3557
26 3558
26 3559
26 3560
26 3561
26 3562
26 3563
26 3564
26 3565
26 3566
26 3567
26 3568
26 3569
26 3570
26 3571
26 3572
26 3573
26 3574
26 3575
26 3576
26 3577
26 3578
26 3579
26 3580
26 3581
26 3582
26 3583
26 3584
26 3585
26 3586
26 3587
26 3588
26 3589
26 3590
26 3591
26 3592
26 3593
26 3594
26 3595
26 3596
26 3597
26 3598
26 3599
26 3600
26 3614
26 3615
26 3616
26 3617
26 3618
26 3619
26 3620
26 3621
26 3622
26 3623
26 3624
26 3625
26 3626
26 3627
26 3628
26 3629
26 3630
26 3631
26 3632
26 3633
26 3635
26 3636
26 3637
26 3659
26 3673
26 3693
26 3694
26 3695
26 3696
26 3697
26 3698
26 3699
26 3700
26 3701
26 3702
26 3703
26 3704
26 3705
26 3706
26 3707
26 3708
26 3709
26 3710
26 3711
26 3712
26 3713
26 3714
26 3752
26 3754
26 3755
26 3763
26 3764
26 3765
26 3766
26 3767
26 3768
26 3769
26 3770
26 3771
26 3773
26 3774
26 3775
26 3776
26 3777
26 3778
26 3779
26 3780
26 3781
26 3782
26 3783
26 3784
26 3785
26 3786
26 3787
26 3788
26 3789
26 3790
26 3791
26 3792
26 3793
26 3794
26 3795
26 3796
26 3797
26 3798
26 3799
26 3800
26 3801
26 3802
26 3803
26 3804
26 3805
26 3806
26 3807
26 3808
26 3809
26 3810
26 3811
26 3812
26 3813
26 3814
26 3815
26 3816
26 3817
26 3818
26 3819
26 3820
26 3821
26 3822
26 3823
26 3824
26 3825
26 3826
26 3827
26 3828
26 3829
26 3830
26 3831
26 3832
26 3833
26 3834
26 3835
26 3836
26 3837
26 3838
26 3839
26 3840
26 3841
26 3842
26 3843
26 3844
26 3845
26 3846
26 3847
26 3848
26 3849
26 3850
26 3851
26 3852
26 3871
26 3874
26 3876
26 3877
26 3878
26 3879
26 3880
26 3881
26 3882
26 3883
26 3884
26 3885
26 3886
26 3887
26 3888
26 3889
26 3890
26 3891
26 3892
26 3893
26 3894
26 3895
26 3896
26 3897
26 3898
26 3900
26 3901
26 3902
26 3903
26 3904
26 3905
26 3906
26 3908
26 3909
26 3910
26 3911
26 3912
26 3915
26 3916
26 3917
26 3918
26 3919
26 3920
26 3921
26 3922
26 3923
26 3924
26 3925
26 3926
26 3927
26 3928
26 3929
26 3930
26 3932
26 3933
26 3934
26 3935
26 3936
26 3937
26 3938
26 3939
26 3942
26 3943
26 3944
26 3945
26 3946
26 3947
26 3948
26 3949
26 3950
26 3951
26 3952
26 3953
26 3954
26 3955
26 3956
26 3957
26 3958
26 3959
26 3960
26 3961
26 3962
26 3963
26 3964
26 3965
26 3966
26 3967
26 3968
26 3969
26 3970
26 3971
26 3972
26 3973
26 3974
26 3975
26 3976
26 3977
26 3978
26 3979
26 3980
26 3981
26 3982
26 3983
26 3984
26 3985
26 3986
26 3987
26 3988
26 3989
26 3990
26 3991
26 3992
26 3993
26 3994
26 3995
26 3996
26 3997
26 3998
26 3999
26 4000
26 4001
26 4002
26 4003
26 4004
26 4005
26 4006
26 4007
26 4008
26 4009
26 4010
26 4011
26 4012
26 4013
26 4014
26 4015
26 4016
26 4017
26 4018
26 4019
26 4020
26 4021
26 4022
26 4023
26 4024
26 4025
26 4026
26 4028
26 4029
26 4030
26 4031
26 4032
26 4033
26 4034
26 4035
26 4036
26 4037
26 4038
26 4039
26 4040
26 4041
26 4042
26 4043
26 4044
26 4045
26 4046
26 4047
26 4048
26 4049
26 4050
26 4051
26 4052
26 4053
26 4054
26 4055
26 4056
26 4057
26 4058
26 4059
26 4060
26 4061
26 4062
26 4063
26 4064
26 4065
26 4066
26 4067
26 4068
26 4069
26 4070
26 4071
26 4072
26 4073
26 4074
26 4075
26 4076
26 4077
26 4078
26 4079
26 4080
26 4081
26 4082
26 4083
26 4084
26 4085
26 4086
26 4087
26 4088
26 4089
26 4090
26 4091
26 4092
26 4093
26 4094
26 4095
26 4096
26 4097
26 4098
26 4099
26 4100
26 4101
26 4102
26 4103
26 4104
26 4105
26 4106
26 4107
26 4108
26 4109
26 4110
26 4111
26 4112
26 4113
26 4114
26 4115
26 4116
26 4117
26 4118
26 4119
26 4120
26 4121
26 4122
26 4123
26 4124
26 4125
26 4126
26 4127
26 4128
26 4129
26 4130
26 4131
26 4132
26 4133
26 4134
26 4135
26 4136
26 4137
26 4138
26 4139
26 4140
26 4141
26 4142
26 4143
26 4144
26 4145
26 4146
26 4147
26 4148
26 4149
26 4150
26 4151
26 4152
26 4153
26 4154
26 4155
26 4156
26 4157
26 4158
26 4159
26 4160
26 4161
26 4163
26 4164
26 4165
26 4166
26 4167
26 4168
26 4169
26 4170
26 4171
26 4172
26 4173
26 4174
26 4175
26 4176
26 4177
26 4179
26 4180
26 4181
26 4182
26 4183
26 4184
26 4185
26 4186
26 4187
26 4188
26 4189
26 4190
26 4191
26 4192
26 4193
26 4194
26 4195
26 4196
26 4197
26 4198
26 4199
26 4200
26 4201
26 4202
26 4203
26 4204
26 4205
26 4206
26 4207
26 4208
26 4209
26 4210
26 4211
26 4212
26 4213
26 4214
26 4215
26 4216
26 4217
26 4218
26 4219
26 4220
26 4221
26 4222
26 4223
26 4224
26 4225
26 4226
26 4227
26 4228
26 4229
26 4230
26 4231
26 4232
26 4233
26 4234
26 4235
26 4236
26 4237
26 4238
26 4239
26 4240
26 4241
26 4242
26 4243
26 4244
26 4245
26 4246
26 4247
26 4248
26 4249
26 4250
26 4251
26 4252
26 4253
26 4254
26 4255
26 4256
26 4257
26 4258
26 4259
26 4260
26 4261
26 4262
26 4263
26 4264
26 4265
26 4266
26 4267
26 4268
26 4269
26 4270
26 4271
26 4272
26 4273
26 4274
26 4275
26 4276
26 4277
26 4278
26 4279
26 4280
26 4281
26 4282
26 4283
26 4284
26 4285
26 4286
26 4287
26 4288
26 4289
26 4290
26 4291
26 4292
26 4293
26 4294
26 4295
26 4296
26 4297
26 4298
26 4299
26 4300
26 4301
26 4302
26 4304
26 4305
26 4306
26 4307
26 4308
26 4309
26 4310
26 4311
26 4312
26 4313
26 4314
26 4315
26 4317
26 4318
26 4319
26 4320
26 4321
26 4322
26 4323
26 4324
26 4325
26 4326
26 4327
26 4328
26 4329
26 4330
26 4331
26 4332
26 4333
26 4334
26 4335
26 4336
26 4337
26 4338
26 4339
26 4340
26 4341
26 4342
26 4343
26 4344
26 4345
26 4346
26 4347
26 4348
26 4349
26 4350
26 4351
26 4352
26 4353
26 4354
26 4355
26 4356
26 4357
26 4358
26 4359
26 4360
26 4361
26 4362
26 4363
26 4364
26 4365
26 4366
26 4367
26 4368
26 4369
26 4370
26 4371
26 4372
26 4373
26 4374
26 4375
26 4376
26 4377
26 4378
26 4379
26 4381
26 4382
26 4383
26 4384
26 4385
26 4386
26 4387
26 4388
26 4389
26 4390
26 4391
26 4392
26 4393
26 4394
26 4395
26 4396
26 4397
26 4398
26 4399
26 4400
26 4401
26 4402
26 4403
26 4404
26 4405
26 4406
26 4407
26 4408
26 4409
26 4410
26 4411
26 4412
26 4413
26 4414
26 4415
26 4416
26 4417
26 4418
26 4419
26 4420
26 4421
26 4422
26 4423
26 4424
26 4425
26 4426
26 4427
26 4428
26 4429
26 4430
26 4431
26 4432
26 4433
26 4434
26 4435
26 4436
26 4437
26 4438
26 4439
26 4440
26 4441
26 4442
26 4443
26 4444
26 4445
26 4446
26 4447
26 4448
26 4449
26 4450
26 4451
26 4452
26 4453
26 4454
26 4455
26 4456
26 4457
26 4458
26 4459
26 4460
26 4461
26 4462
26 4463
26 4464
26 4465
26 4466
26 4467
26 4468
26 4469
26 4470
26 4471
26 4472
26 4473
26 4474
26 4475
26 4476
26 4477
26 4478
26 4479
26 4480
26 4481
26 4482
26 4483
26 4485
26 4486
26 4487
26 4488
26 4489
26 4490
26 4491
26 4492
26 4493
26 4494
26 4495
26 4496
26 4497
26 4498
26 4499
26 4500
26 4501
26 4502
26 4503
26 4504
26 4505
26 4506
26 4507
26 4508
26 4509
26 4510
26 4511
26 4512
26 4513
26 4514
26 4515
26 4516
26 4517
26 4518
26 4519
26 4520
26 4521
26 4522
26 4523
26 4524
26 4525
26 4526
26 4527
26 4528
26 4529
26 4530
26 4531
26 4532
26 4533
26 4534
26 4535
26 4536
26 4537
26 4538
26 4539
26 4540
26 4541
26 4542
26 4543
26 4544
26 4545
26 4546
26 4547
26 4548
26 4549
26 4550
26 4551
26 4552
26 4553
26 4554
26 4555
26 4556
26 4557
26 4558
26 4559
26 4560
26 4561
26 4562
26 4563
26 4564
26 4565
26 4566
26 4567
26 4568
26 4569
26 4570
26 4572
26 4573
26 4574
26 4575
26 4576
26 4577
26 4578
26 4579
26 4580
26 4581
26 4582
26 4583
26 4584
26 4585
26 4586
26 4587
26 4588
26 4589
26 4590
26 4591
26 4592
26 4593
26 4594
26 4595
26 4596
26 4597
26 4598
26 4599
26 4600
26 4601
26 4602
26 4603
26 4604
26 4605
26 4606
26 4607
26 4608
26 4609
26 4610
26 4611
26 4612
26 4613
26 4614
26 4615
26 4616
26 4617
26 4618
26 4619
26 4620
26 4621
26 4622
26 4623
26 4624
26 4625
26 4626
26 4627
26 4628
26 4629
26 4630
26 4631
26 4632
26 4633
26 4634
26 4635
26 4636
26 4637
26 4638
26 4639
26 4640
26 4641
26 4642
26 4643
26 4644
26 4645
26 4646
26 4647
26 4648
26 4649
26 4650
26 4651
26 4652
26 4653
26 4654
26 4655
26 4656
26 4657
26 4658
26 4659
26 4661
26 4662
26 4663
26 4664
26 4665
26 4666
26 4667
26 4668
26 4669
26 4670
26 4671
26 4672
26 4673
26 4674
26 4675
26 4676
26 4677
26 4678
26 4679
26 4680
26 4681
26 4682
26 4683
26 4684
26 4685
26 4686
26 4687
26 4688
26 4689
26 4690
26 4691
26 4692
26 4693
26 4694
26 4695
26 4696
26 4697
26 4698
26 4699
26 4700
26 4701
26 4702
26 4703
26 4704
26 4705
26 4706
26 4707
26 4708
26 4709
26 4710
26 4711
26 4712
26 4713
26 4714
26 4715
26 4716
26 4717
26 4718
26 4719
26 4720
26 4721
26 4722
26 4723
26 4724
26 4725
26 4726
26 4727
26 4728
26 4729
26 4730
26 4731
26 4732
26 4733
26 4734
26 4735
26 4736
26 4737
26 4738
26 4739
26 4740
26 4741
26 4742
26 4743
26 4744
26 4745
26 4746
26 4747
26 4748
26 4749
26 4750
26 4751
26 4752
26 4753
26 4754
26 4755
26 4756
26 4757
26 4758
26 4759
26 4760
26 4761
26 4762
26 4763
26 4764
26 4765
26 4766
26 4767
26 4768
26 4769
26 4770
26 4771
26 4772
26 4773
26 4774
26 4775
26 4776
26 4777
26 4778
26 4779
26 4780
26 4781
26 4782
26 4783
26 4784
26 4785
26 4786
26 4787
26 4788
26 4789
26 4790
26 4791
26 4792
26 4793
26 4794
26 4795
26 4796
26 4797
26 4798
26 4799
26 4800
26 4801
26 4802
26 4803
26 4804
26 4805
26 4806
26 4807
26 4808
26 4809
26 4810
26 4811
26 4812
26 4813
26 4814
26 4815
26 4816
26 4817
26 4818
26 4819
26 4820
26 4821
26 4822
26 4823
26 4824
26 4826
26 4827
26 4828
26 4829
26 4830
26 4831
26 4832
26 4833
26 4834
26 4835
26 4836
26 4837
26 4838
26 4839
26 4840
26 4841
26 4842
26 4843
26 4844
26 4845
26 4846
26 4847
26 4848
26 4849
26 4850
26 4851
26 4852
26 4853
26 4854
26 4855
26 4856
26 4857
26 4858
26 4859
26 4860
26 4861
26 4862
26 4863
26 4864
26 4865
26 4866
26 4867
26 4868
26 4869
26 4870
26 4871
26 4872
26 4873
26 4874
26 4875
26 4876
26 4877
26 4878
26 4879
26 4880
26 4881
26 4882
26 4883
26 4884
26 4885
26 4886
26 4887
26 4888
26 4889
26 4890
26 4891
26 4892
26 4893
26 4894
26 4895
26 4896
26 4897
26 4898
26 4899
26 4900
26 4901
26 4902
26 4903
26 4904
26 4905
26 4906
26 4907
26 4908
26 4909
26 4910
26 4911
26 4912
26 4913
26 4914
26 4915
26 4916
26 4917
26 4918
26 4919
26 4920
26 4921
26 4922
26 4923
26 4924
26 4925
26 4926
26 4927
26 4928
26 4929
26 4930
26 4931
26 4932
26 4933
26 4934
26 4935
26 4936
26 4937
26 4938
26 4939
26 4940
26 4941
26 4942
26 4943
26 4944
26 4945
26 4946
26 4947
26 4948
26 4949
26 4950
26 4951
26 4952
26 4953
26 4954
26 4955
26 4956
26 4957
26 4958
26 4959
26 4960
26 4961
26 4962
26 4963
26 4964
26 4965
26 4966
26 4967
26 4968
26 4969
26 4970
26 4971
26 4972
26 4973
26 4974
26 4975
26 4976
26 4977
26 4978
26 4979
26 4980
26 4981
26 4982
26 4983
26 4984
26 4985
26 4986
26 4987
26 4988
26 4989
26 4990
26 4991
26 4992
26 4993
26 4994
26 4995
26 4996
26 4997
26 4998
26 4999
26 5000
26 5001
26 5002
26 5003
26 5004
26 5005
26 5006
26 5007
26 5008
26 5009
26 5010
26 5011
26 5012
26 5013
26 5014
26 5015
26 5016
26 5017
26 5018
26 5019
26 5020
26 5021
26 5022
26 5023
26 5024
26 5025
26 5026
26 5027
26 5028
26 5029
26 5030
26 5031
26 5032
26 5033
26 5034
26 5035
26 5036
26 5037
26 5038
26 5039
26 5040
26 5041
26 5042
26 5043
26 5044
26 5045
26 5046
26 5047
26 5048
26 5049
26 5050
26 5051
26 5052
26 5053
26 5054
26 5055
26 5056
26 5057
26 5058
26 5059
26 5060
26 5061
26 5062
26 5063
26 5064
26 5065
26 5066
26 5067
26 5068
26 5069
26 5070
26 5071
26 5072
26 5073
26 5074
26 5075
26 5076
26 5077
26 5078
26 5079
26 5080
26 5081
26 5082
26 5083
26 5084
26 5085
26 5086
26 5087
26 5088
26 5089
26 5090
26 5091
26 5092
26 5093
26 5094
26 5095
26 5096
26 5097
26 5098
26 5099
26 5100
26 5101
26 5102
26 5103
26 5104
26 5105
26 5106
26 5107
26 5108
26 5110
26 5111
26 5112
26 5113
26 5114
26 5115
26 5116
26 5117
26 5118
26 5119
26 5120
26 5121
26 5122
26 5123
26 5124
26 5125
26 5131
26 5132
26 5133
26 5134
26 5135
26 5136
26 5137
26 5138
26 5139
26 5140
26 5141
26 5142
26 5143
26 5144
26 5145
26 5146
26 5147
26 5148
26 5149
26 5150
26 5152
26 5153
26 5154
26 5155
26 5156
26 5157
26 5158
26 5159
26 5160
26 5161
26 5162
26 5163
26 5164
26 5167
26 5169
26 5170
26 5171
26 5172
26 5173
26 5174
26 5175
26 5176
26 5177
26 5178
26 5179
26 5180
26 5181
26 5182
26 5183
26 5184
26 5185
26 5186
26 5187
26 5188
26 5189
26 5190
26 5191
26 5192
26 5193
26 5194
26 5195
26 5196
26 5197
26 5198
26 5200
26 5201
26 5202
26 5203
26 5204
26 5205
26 5206
26 5207
26 5209
26 5210
26 5211
26 5212
26 5213
26 5214
26 5215
26 5216
26 5217
26 5218
26 5219
26 5220
26 5221
26 5222
26 5223
26 5224
26 5225
26 5226
26 5227
26 5228
26 5229
26 5230
26 5231
26 5232
26 5233
26 5234
26 5235
26 5236
26 5237
26 5238
26 5239
26 5240
26 5241
26 5242
26 5243
26 5244
26 5245
26 5246
26 5247
26 5248
26 5249
26 5250
26 5251
26 5252
26 5253
26 5254
26 5255
26 5256
26 5257
26 5258
26 5259
26 5260
26 5261
26 5262
26 5263
26 5264
26 5265
26 5266
26 5267
26 5268
26 5269
26 5270
26 5271
26 5272
26 5273
26 5274
26 5275
26 5276
26 5277
26 5278
26 5279
26 5280
26 5281
26 5282
26 5283
26 5284
26 5285
26 5286
26 5287
26 5288
26 5289
26 5290
26 5291
26 5292
26 5293
26 5294
26 5295
26 5296
26 5297
26 5298
26 5299
26 5300
26 5301
26 5302
26 5303
26 5304
26 5305
26 5306
26 5307
26 5308
26 5309
26 5310
26 5311
26 5312
26 5313
26 5314
26 5315
26 5316
26 5317
26 5318
26 5319
26 5320
26 5321
26 5322
26 5323
26 5324
26 5325
26 5326
26 5327
26 5328
26 5329
26 5330
26 5331
26 5332
26 5333
26 5334
26 5335
26 5336
26 5337
26 5338
26 5339
26 5340
26 5341
26 5342
26 5343
26 5344
26 5381
26 5382
26 5383
26 5384
26 5385
26 5386
26 5387
26 5388
26 5389
26 5390
26 5391
26 5392
26 5393
26 5394
26 5395
26 5396
26 5397
26 5411
26 5412
26 5413
26 5414
26 5415
26 5416
26 5417
26 5418
26 5419
26 9265
26 9266
26 9267
26 9268
26 9269
26 9270
26 9271
26 9272
26 9273
26 9274
26 9275
26 9276
26 9277
26 9278
26 9279
26 9280
26 9281
26 9282
26 9283
26 9284
26 9285
26 9286
26 9287
26 9288
26 9289
26 9292
26 9293
26 9294
26 9295
26 9296
26 9297
26 9298
26 9299
26 9300
26 9301
26 9304
26 9305
26 9306
26 9311
26 9312
26 9313
26 9314
26 9315
26 9316
26 9317
26 9318
26 9319
26 9320
26 9321
26 9322
26 9323
26 9324
26 9325
26 9326
26 9327
26 9328
26 9329
26 9330
26 9331
26 9332
26 9333
26 9334
26 9335
26 9336
26 9337
26 9338
26 9339
26 9340
26 9341
26 9342
26 9343
26 9344
26 9345
26 9346
26 9347
26 9348
26 9349
26 9350
26 9351
26 9352
26 9353
26 9354
26 9355
26 9356
26 9357
26 9358
26 9359
26 9360
26 9361
26 9362
26 9363
26 9364
26 9365
26 9366
26 9367
26 9368
26 9369
26 9370
26 9371
26 9372
26 9373
26 9374
26 9375
26 9376
26 9378
26 9380
26 9382
26 9383
26 9384
26 9385
26 9386
26 9387
26 9388
26 9390
26 9391
26 9392
26 9393
26 9394
26 9395
26 9396
26 9397
26 9398
26 9399
26 9400
26 9401
26 9402
26 9403
26 9404
26 9405
26 9406
26 9407
26 9408
26 9409
26 9410
26 9411
26 9412
26 9413
26 9414
26 9415
26 9416
26 9417
26 9418
26 9419
26 9420
26 9421
26 9422
26 9423
26 9424
26 9425
26 9426
26 9427
26 9428
26 9429
26 9430
26 9431
26 9432
27 40
27 124
27 136
27 148
27 149
27 150
27 152
27 153
27 154
27 202
27 209
27 252
27 266
27 275
27 303
27 324
27 325
27 397
27 425
27 457
27 564
27 575
27 1085
27 1271
28 43
28 44
29 62
29 106
29 325
29 332
29 339
29 403
29 780
29 793
29 866
29 867
29 868
29 869
29 870
29 925
29 926
29 927
29 1278
29 1279
29 1280
29 1281
29 1318
30 65
30 112
30 132
30 133
30 134
30 135
30 254
30 255
30 256
30 263
30 266
30 270
30 271
30 283
30 286
30 288
30 298
30 299
30 321
30 332
30 348
30 414
30 415
30 434
30 449
30 458
30 459
30 461
30 466
30 478
30 479
30 511
30 520
30 521
30 550
30 553
30 575
30 583
30 780
30 999
30 1168
30 1358
30 1359
31 74
31 75
31 76
31 110
31 111
31 113
31 118
31 133
31 137
31 146
31 169
31 175
31 176
31 177
31 203
31 213
31 365
31 557
31 558
31 561
31 1570
31 1571
31 1956
31 1957
32 82
32 92
32 259
32 263
32 266
32 510
32 521
32 523
32 526
32 561
32 570
32 580
32 744
32 780
32 786
32 917
33 89
33 90
33 392
33 464
33 828
33 1100
33 1101
34 107
34 108
34 115
34 119
34 120
34 124
34 125
34 126
34 127
34 128
34 129
34 130
34 248
34 250
34 254
34 257
34 258
34 259
34 260
34 261
34 265
34 276
34 283
34 285
34 286
34 287
34 288
34 289
34 297
34 299
34 314
34 315
34 316
34 317
34 325
34 343
34 392
34 532
34 564
34 570
34 573
34 575
34 578
34 579
34 599
34 624
34 750
34 796
34 812
34 839
34 920
34 922
35 107
35 108
35 109
35 112
35 123
35 127
35 135
35 169
35 180
35 191
35 193
35 204
35 205
35 206
35 208
35 212
35 213
35 215
35 224
35 235
35 246
35 251
35 260
35 262
35 266
35 269
35 279
35 291
35 304
35 306
35 308
35 311
35 313
35 323
35 325
35 336
35 339
35 343
35 347
35 354
35 358
35 363
35 366
35 371
35 376
35 377
35 379
35 380
35 381
35 402
35 404
35 408
35 409
35 413
35 418
35 419
35 423
35 425
35 432
35 448
35 459
35 471
35 474
35 476
35 481
35 482
35 488
35 489
35 490
35 491
35 495
35 507
35 509
35 510
35 511
35 512
35 523
35 525
35 527
35 538
35 540
35 541
35 548
35 549
35 551
35 561
35 569
35 570
35 575
35 580
35 597
35 614
35 639
35 650
35 651
35 745
35 746
35 750
35 770
35 780
35 786
35 788
35 789
35 796
35 799
35 816
35 820
35 927
35 974
35 1000
35 1005
35 1027
35 1040
35 1130
35 1170
35 1173
35 1186
35 1203
35 1204
36 107
36 108
36 112
36 113
36 115
36 120
36 124
36 126
36 127
36 128
36 129
36 130
36 131
36 132
36 134
36 135
36 136
36 251
36 254
36 260
36 265
36 267
36 276
36 281
36 283
36 285
36 287
36 288
36 289
36 290
36 291
36 292
36 297
36 300
36 303
36 309
36 313
36 317
36 319
36 321
36 325
36 327
36 328
36 330
36 333
36 334
36 336
36 346
36 355
36 357
36 359
36 365
36 367
36 390
36 399
36 402
36 403
36 408
36 409
36 411
36 412
36 413
36 414
36 418
36 419
36 420
36 422
36 426
36 429
36 432
36 434
36 439
36 445
36 466
36 467
36 470
36 474
36 477
36 491
36 492
36 493
36 507
36 509
36 510
36 512
36 516
36 527
36 528
36 538
36 540
36 541
36 550
36 552
36 555
36 556
36 557
36 559
36 560
36 567
36 578
36 579
36 797
36 1114
36 1115
36 1186
36 2016
36 2022
36 2025
36 2140
36 2141
36 2143
36 2148
36 2178
36 2179
36 2188
36 2422
36 2447
36 2633
36 3447
36 3498
36 3870
36 6777
36 8368
37 112
37 1618
38 120
38 451
39 123
39 282
39 302
39 305
39 311
39 338
39 359
39 360
39 365
39 383
39 389
39 392
39 401
39 415
39 417
39 428
39 431
39 436
39 448
39 449
39 464
39 476
39 482
39 495
39 497
39 498
39 499
39 500
39 501
39 502
39 503
39 505
39 506
39 518
39 558
39 559
39 561
39 586
39 590
39 592
39 615
39 637
39 638
39 655
39 659
39 673
39 674
39 676
39 680
39 682
39 684
39 686
39 689
39 691
39 693
39 695
39 697
39 701
39 705
39 706
39 708
39 710
39 725
39 726
39 727
39 728
39 729
39 730
39 731
39 732
39 733
39 734
39 736
39 764
39 766
39 768
39 772
39 774
40 123
40 514
40 521
40 523
40 593
40 603
40 611
40 647
40 662
40 669
40 671
40 712
40 713
40 714
40 715
40 716
40 717
40 718
40 720
40 722
40 762
40 781
40 782
40 783
40 784
40 785
40 786
40 787
40 788
40 799
41 124
41 250
41 534
41 810
41 1215
41 1216
41 1880
42 129
42 130
42 1185
42 1186
43 132
44 136
44 251
44 268
44 269
44 272
44 275
44 277
44 297
44 313
44 316
44 321
44 323
44 325
44 342
44 347
44 354
44 360
44 364
44 370
44 371
44 380
44 381
44 389
44 397
44 414
44 418
44 419
44 423
44 442
44 448
44 473
44 496
44 519
44 520
44 523
44 530
44 547
44 551
44 552
44 558
44 559
44 560
44 561
44 571
44 575
44 580
44 583
44 584
44 585
44 762
44 780
44 781
44 827
44 936
44 1085
45 233
46 234
46 260
46 268
46 272
46 278
46 289
46 305
46 314
46 332
46 349
46 375
46 390
46 401
46 514
46 552
46 573
46 926
46 999
46 1119
46 1186
46 1396
47 247
47 249
47 251
47 252
47 253
47 254
47 255
47 256
47 262
47 266
47 269
47 272
47 275
47 279
47 280
47 281
47 321
47 326
47 329
47 350
47 351
47 352
47 370
47 378
47 405
47 441
47 471
47 514
47 520
47 521
47 523
47 524
47 527
47 531
47 533
47 534
47 535
47 536
47 537
47 539
47 542
47 593
47 613
47 724
47 740
47 762
47 775
47 776
47 777
47 778
47 779
47 780
47 781
47 782
47 783
47 784
47 785
47 786
47 787
47 788
47 799
47 800
48 248
48 257
48 258
48 259
48 261
48 281
48 284
48 406
48 424
48 750
48 789
48 805
49 249
49 254
49 267
49 277
49 347
49 354
49 363
49 392
49 410
49 424
49 447
49 514
49 516
49 521
49 523
49 527
49 528
49 529
49 534
49 568
49 587
49 821
49 1175
49 1572
49 1873
49 1947
49 1959
49 1960
49 1961
49 4684
49 9389
50 250
50 251
50 254
50 276
50 283
50 285
50 287
50 289
50 290
50 291
50 292
50 296
50 297
50 315
50 316
50 317
50 319
50 326
50 328
50 329
50 330
50 333
50 334
50 350
50 351
50 352
50 355
50 364
50 370
50 378
50 388
50 390
50 403
50 405
50 407
50 408
50 409
50 413
50 418
50 419
50 439
50 441
50 445
50 466
50 467
50 468
50 507
50 512
50 516
50 520
50 525
50 540
50 544
50 548
50 549
50 550
50 564
50 569
50 571
50 573
50 578
50 579
50 741
50 747
50 748
50 1189
50 1411
50 2184
50 5097
51 250
51 251
51 260
51 262
51 263
51 264
51 265
51 267
51 268
51 269
51 270
51 272
51 276
51 280
51 281
51 282
51 283
51 285
51 286
51 289
51 292
51 296
51 297
51 299
51 314
51 315
51 321
51 325
51 330
51 342
51 343
51 346
51 347
51 355
51 360
51 363
51 366
51 374
51 380
51 382
51 387
51 393
51 397
51 407
51 420
51 423
51 425
51 432
51 437
51 439
51 440
51 447
51 448
51 464
51 467
51 468
51 470
51 473
51 491
51 514
51 515
51 517
51 518
51 524
51 529
51 530
51 531
51 533
51 534
51 536
51 537
51 539
51 541
51 544
51 546
51 548
51 550
51 552
51 560
51 565
51 570
51 572
51 575
51 578
51 579
51 580
51 583
51 584
51 585
51 743
51 744
51 749
51 781
51 782
51 785
51 787
51 788
51 789
51 800
51 917
51 936
51 974
51 999
51 1085
51 1114
51 1115
51 1119
51 1188
51 1190
52 251
52 254
52 262
52 266
52 267
52 277
52 281
52 321
52 326
52 329
52 347
52 350
52 351
52 352
52 354
52 369
52 370
52 378
52 384
52 390
52 392
52 405
52 441
52 514
52 517
52 520
52 521
52 523
52 529
52 531
52 534
52 539
52 556
52 565
52 586
52 649
52 650
52 671
52 780
52 970
52 1129
52 1211
53 251
53 252
53 253
53 255
53 280
53 281
53 302
53 305
53 306
53 307
53 311
53 338
53 401
53 417
53 428
53 431
53 436
53 467
53 476
53 482
53 483
53 495
53 497
53 498
53 499
53 500
53 501
53 502
53 503
53 504
53 505
53 572
53 589
53 591
53 593
53 594
53 596
53 597
53 601
53 602
53 604
53 605
53 607
53 608
53 610
53 611
53 615
53 617
53 618
53 620
53 622
53 623
53 624
53 625
53 627
53 628
53 630
53 631
53 632
53 633
53 634
53 637
53 638
53 640
53 641
53 643
53 644
53 646
53 647
53 650
53 651
53 653
53 654
53 657
53 658
53 660
53 661
53 662
53 664
53 667
53 668
53 669
53 672
53 673
53 674
53 675
53 676
53 677
53 678
53 679
53 680
53 681
53 682
53 683
53 684
53 685
53 686
53 687
53 688
53 689
53 690
53 691
53 692
53 693
53 694
53 695
53 696
53 697
53 698
53 699
53 700
53 701
53 702
53 703
53 704
53 706
53 709
53 711
53 712
53 713
53 714
53 715
53 716
53 718
53 722
53 723
53 727
53 730
53 733
53 738
53 739
53 752
53 753
53 755
53 756
53 757
53 758
53 759
53 760
53 761
53 768
53 774
53 800
53 1536
53 1537
53 1538
53 1539
54 251
54 252
54 253
54 254
54 255
54 256
54 260
54 262
54 264
54 266
54 267
54 269
54 270
54 272
54 273
54 275
54 276
54 277
54 281
54 282
54 283
54 286
54 287
54 288
54 289
54 290
54 292
54 296
54 297
54 298
54 299
54 308
54 314
54 315
54 316
54 318
54 319
54 320
54 321
54 322
54 325
54 327
54 330
54 332
54 334
54 340
54 342
54 346
54 347
54 349
54 354
54 355
54 356
54 358
54 359
54 360
54 361
54 363
54 364
54 365
54 366
54 369
54 371
54 380
54 382
54 383
54 388
54 389
54 390
54 397
54 403
54 408
54 411
54 413
54 419
54 424
54 432
54 439
54 440
54 443
54 444
54 448
54 449
54 457
54 462
54 464
54 465
54 467
54 469
54 471
54 473
54 491
54 496
54 509
54 511
54 514
54 520
54 521
54 522
54 523
54 524
54 525
54 527
54 529
54 530
54 532
54 533
54 534
54 535
54 536
54 537
54 540
54 547
54 548
54 550
54 552
54 554
54 557
54 559
54 560
54 561
54 563
54 564
54 567
54 569
54 570
54 571
54 573
54 575
54 576
54 578
54 579
54 580
54 581
54 583
54 741
54 744
54 747
54 748
54 749
54 780
54 781
54 784
54 786
54 917
54 927
54 936
54 999
54 1085
54 1088
54 1115
54 1147
54 1196
54 1197
55 251
55 263
55 264
55 283
55 290
55 291
55 292
55 317
55 325
55 328
55 330
55 333
55 334
55 355
55 402
55 403
55 413
55 418
55 432
55 439
55 445
55 466
55 467
55 509
55 517
55 549
55 575
55 576
55 1584
55 1992
56 252
56 253
56 278
56 280
56 289
56 295
56 309
56 314
56 316
56 322
56 332
56 343
56 387
56 392
56 401
56 414
56 417
56 443
56 444
56 474
56 477
56 481
56 486
56 488
56 512
56 515
56 521
56 523
56 533
56 550
56 569
56 575
56 639
56 746
56 770
56 783
56 816
56 832
56 833
56 834
56 835
56 837
56 852
56 854
56 855
56 974
56 1005
56 1040
56 1130
56 1203
56 1204
56 1238
56 1278
56 1438
56 1439
56 1440
56 1441
56 1442
56 1443
56 1444
56 1445
56 1446
56 1447
56 1448
56 1449
56 1450
56 1451
56 1452
56 1453
56 1454
56 1455
56 1456
56 1457
56 1458
56 1459
56 1460
56 1461
56 1462
56 1463
56 1464
56 1465
56 1466
56 1467
56 1468
56 1469
56 1470
56 1471
56 1472
56 1473
56 1474
56 1475
56 1476
56 1477
56 1478
56 1481
56 1482
56 1483
56 1484
56 1485
56 1486
56 1487
56 1488
56 1489
56 1490
56 1491
56 1492
56 1493
56 1494
56 1495
56 1496
56 1497
56 1498
56 1499
56 1500
56 1501
56 1510
57 254
57 260
57 265
57 268
57 270
57 276
57 283
57 285
57 286
57 287
57 289
57 290
57 291
57 296
57 297
57 314
57 315
57 317
57 319
57 327
57 328
57 330
57 333
57 334
57 342
57 355
57 360
57 380
57 390
57 398
57 402
57 403
57 408
57 409
57 411
57 413
57 418
57 419
57 420
57 422
57 424
57 432
57 445
57 458
57 459
57 460
57 461
57 467
57 473
57 509
57 512
57 525
57 540
57 547
57 548
57 550
57 564
57 569
57 573
57 576
57 578
57 579
57 586
57 599
57 632
57 636
57 637
57 653
57 925
57 1265
57 1325
57 1326
57 1327
57 1328
57 1329
57 1330
57 1331
57 1332
57 1333
57 1334
57 1335
57 1336
57 1337
57 1338
58 254
58 298
58 544
58 621
58 748
58 792
58 1555
58 1556
58 1557
58 9264
59 254
59 390
59 1509
60 254
60 412
60 4476
61 255
61 263
61 280
61 289
61 300
61 303
61 309
61 316
61 319
61 377
61 389
61 398
61 421
61 422
61 439
61 445
61 446
61 447
61 466
61 467
61 507
61 520
61 541
61 542
61 581
61 839
61 840
62 262
62 265
62 316
62 317
62 319
62 327
62 328
62 330
62 333
62 334
62 355
62 390
62 402
62 403
62 408
62 409
62 411
62 413
62 418
62 419
62 420
62 422
62 432
62 439
62 445
62 466
62 507
62 509
62 512
62 525
62 538
62 540
62 541
62 548
62 549
62 550
62 551
62 564
62 569
62 573
62 575
62 578
62 936
62 4162
62 5127
62 5128
62 5129
62 5130
63 263
64 267
64 274
64 278
64 295
64 308
64 318
64 322
64 406
64 492
64 500
64 508
64 552
64 580
64 585
64 820
64 1175
64 1565
64 1584
64 1899
64 1941
64 2002
65 270
65 281
65 342
65 398
65 408
66 272
66 369
66 572
66 585
66 935
66 936
66 1942
66 1943
66 1945
67 273
67 352
67 370
67 378
67 392
67 405
67 411
67 441
67 632
67 650
67 723
67 760
68 273
69 276
69 287
69 319
69 403
69 516
69 525
69 538
69 540
69 541
69 548
69 550
69 551
69 569
69 573
69 579
70 277
70 447
70 516
70 525
70 575
70 1620
70 1621
71 283
72 291
73 295
73 469
74 300
74 1088
75 315
76 319
76 325
76 352
76 405
76 507
76 517
76 530
76 538
76 1088
76 1089
76 1090
76 1899
77 320
78 325
79 325
80 335
80 434
80 462
80 516
80 896
80 897
80 898
80 899
80 3351
80 3454
80 3459
80 5516
80 5567
81 341
81 856
81 1129
81 1147
81 1181
81 1182
81 1183
81 1265
81 1266
81 1267
81 1268
81 1269
81 1270
81 1271
81 1272
81 1273
81 1274
81 1275
81 1276
81 1277
82 354
83 356
83 1267
83 1380
83 1705
83 1809
83 1845
83 9263
84 363
84 580
84 1115
84 1162
84 1163
84 1164
84 1165
84 3028
84 3250
85 368
85 369
86 369
86 3899
86 4162
86 4163
86 4178
87 371
88 391
88 841
88 856
89 392
89 584
90 392
90 633
90 634
90 790
90 791
90 794
90 796
90 797
90 798
90 801
90 802
90 803
90 804
90 808
91 392
92 392
93 392
94 392
95 392
96 392
97 392
97 655
97 768
97 769
97 821
97 822
97 823
97 824
98 392
99 392
100 398
101 403
102 406
103 406
104 410
105 411
106 411
106 569
106 570
106 578
107 425
107 1072
107 1255
108 432
109 433
109 555
109 749
109 1115
109 1190
109 1874
109 5109
110 439
110 2147
110 3907
111 447
112 461
112 1426
112 1952
112 1953
112 9309
113 471
114 472
114 703
114 856
114 1148
114 1414
114 1415
114 1416
114 1417
114 1564
114 1585
114 1949
115 477
116 496
117 507
118 510
119 514
119 521
119 856
119 917
119 918
120 514
121 515
122 516
122 1127
122 3868
122 3869
122 3873
122 5208
123 517
123 1202
124 517
124 797
125 520
126 520
127 524
128 527
129 528
130 528
130 1376
131 531
132 548
133 550
134 559
135 559
136 561
136 1617
137 567
137 1180
138 572
139 575
140 575
140 1625
141 575
141 1563
141 1566
142 577
142 1523
142 1524
142 1525
142 1526
143 580
143 585
143 935
143 936
144 580
145 580
145 1106
145 1107
145 1123
145 1124
145 1399
145 1400
145 1401
145 1402
146 580
147 584
148 586
149 586
150 586
150 1195
150 1196
151 586
151 1565
151 5345
152 586
152 810
152 856
152 1318
152 1983
152 1984
152 1985
152 1986
152 1987
152 3693
152 9291
153 593
154 593
154 615
154 624
154 650
154 651
154 752
154 754
154 762
154 820
154 962
154 1000
154 1027
154 1072
154 1101
154 1212
154 1264
154 1320
154 1326
154 1619
155 599
155 931
155 1166
156 604
156 605
156 627
156 628
156 780
157 613
157 907
158 621
159 632
160 649
161 703
162 740
162 1880
162 1881
162 1882
162 1883
162 1884
162 1885
162 1886
162 1887
162 1888
162 1889
162 1890
162 1891
162 1892
162 1893
162 1894
162 3464
162 3746
162 3747
162 3769
162 3772
163 774
163 806
163 807
164 780
165 781
165 796
165 799
165 800
165 926
165 927
165 1088
165 1514
165 1515
166 787
167 793
167 1210
168 796
168 816
168 817
168 900
168 901
168 902
168 5312
168 5313
168 5316
168 5324
168 5333
169 816
169 3463
170 820
170 1099
171 821
171 877
172 822
172 4034
173 825
173 827
173 1147
174 829
174 830
174 1171
175 842
175 843
176 844
176 845
177 856
177 924
177 934
177 1056
177 1116
177 1118
178 856
178 1122
179 856
179 1097
180 856
180 1171
180 1172
181 856
182 856
182 2025
183 856
184 856
185 856
186 858
186 880
186 881
187 877
187 1339
188 878
189 893
189 1095
190 893
190 925
190 1318
190 1319
190 1320
190 1321
190 1322
190 1323
190 1324
191 893
192 915
192 1406
193 916
194 917
194 1125
194 1129
194 1212
194 1965
194 1971
194 1977
194 1978
195 920
196 922
197 923
198 928
198 929
199 930
200 931
200 1099
200 1126
200 1133
200 1134
200 1137
200 1138
200 1139
200 1140
200 1141
200 1142
200 1145
200 1150
200 1151
200 1159
200 1160
200 1161
200 1167
200 1169
200 1176
200 1179
200 1191
200 1192
200 1198
200 1199
200 1200
200 1407
200 1408
200 1409
200 1425
200 1426
200 1427
200 1429
200 1430
200 1503
200 1504
200 1505
200 1506
200 1507
200 1527
200 1528
200 1530
200 1531
200 1540
200 1541
200 1542
200 1543
200 1544
200 1545
200 1546
200 1547
200 1548
200 1549
200 1550
200 1551
200 1552
200 1553
200 1554
200 1558
200 1559
200 1573
200 1574
200 1576
200 1577
200 1581
200 1877
200 1878
200 1879
200 1895
200 1896
200 1897
200 1900
200 1901
200 1950
200 1951
200 1954
200 1962
200 1963
200 1964
200 1965
200 1968
200 1970
200 1971
200 1972
200 1973
200 1976
200 1979
200 1980
200 1982
200 4380
201 932
202 933
203 954
203 1875
204 954
205 954
206 954
206 955
207 964
208 970
209 998
209 1949
210 1075
210 1076
210 1077
210 1078
211 1079
212 1080
213 1081
214 1081
215 1082
216 1085
217 1087
218 1091
218 1092
219 1093
220 1094
221 1096
221 1110
221 1111
221 1143
221 1157
221 1174
221 1419
221 1420
221 1421
221 1422
221 1423
221 1428
221 1502
221 1518
222 1098
223 1102
224 1103
224 1104
225 1108
225 1109
226 1112
227 1112
227 5199
228 1114
228 1798
228 1812
228 2153
228 3041
228 3546
228 4367
228 4481
228 4978
228 4986
228 5466
228 6027
228 6225
228 6269
228 6540
228 6886
228 7078
228 7525
228 7532
228 7692
228 7942
228 8151
228 8196
228 8486
228 8646
228 8655
228 8704
228 8843
229 1117
230 1119
230 1120
231 1131
231 1132
232 1135
233 1144
234 1146
235 1149
235 1177
236 1151
236 1507
236 1541
236 3875
236 3940
236 3941
236 4660
237 1152
238 1152
239 1153
240 1154
241 1155
242 1156
243 1158
244 1168
245 1170
246 1171
247 1179
247 1201
248 1181
249 1185
250 1189
251 1190
252 1193
252 1194
253 1210
254 1214
255 1217
256 1227
256 1228
257 1237
258 1292
258 1625
259 1318
260 1376
261 1404
262 1405
263 1410
263 1424
264 1411
265 1412
266 1418
267 1431
267 1432
267 1433
267 1434
268 1435
268 1436
269 1437
270 1479
270 1480
271 1508
272 1511
273 1512
274 1513
275 1516
276 1517
277 1519
277 1520
278 1521
278 1522
279 1527
279 1559
279 1561
280 1529
281 1529
281 4484
282 1532
283 1533
283 1534
284 1535
285 1552
285 1553
286 1552
286 1553
286 1900
286 1901
287 1552
287 1553
287 1902
287 1903
288 1560
289 1562
290 1567
291 1568
292 1569
293 1573
293 9308
294 1575
295 1578
296 1579
296 1580
297 1582
298 1583
299 1586
300 1587
301 1588
301 1589
301 1590
301 1591
301 1592
302 1593
303 1594
304 1619
305 1622
305 1623
305 1624
305 3753
306 1840
307 1872
308 1874
309 1876
310 1877
310 4571
311 1880
311 2378
311 3464
311 3769
311 3770
311 3771
311 5095
311 5096
311 5097
311 5098
311 5099
311 5100
312 1895
312 1897
313 1898
314 1916
315 1939
315 1940
316 1944
317 1946
318 1947
318 1991
319 1947
319 5126
320 1950
320 1951
320 1976
320 1979
320 2029
320 2030
320 5165
320 5166
320 9302
320 9303
321 1955
322 1958
323 1966
323 1967
324 1974
324 1975
325 1981
326 1981
327 1984
327 1985
327 1986
328 1988
329 1989
330 1990
331 1993
331 1994
332 2024
333 2025
334 2031
334 3756
334 3757
334 3758
334 3759
334 3760
334 3761
334 3762
335 2056
335 3422
336 2081
337 2378
337 2387
337 2388
337 2389
338 2738
339 3460
340 3461
341 3462
342 3693
342 3872
343 3693
344 3693
344 3812
345 3911
346 3913
346 3914
347 4027
348 4303
349 5095
349 5096
349 5097
349 5099
349 5100
350 5167
350 5168
351 9290
352 9302
353 9379
2 3 4 5 6 7 8 9 10 11 12 13 14 15 16 17 18 19 20 21 22 23 24 25 26 27 28 29 30 31 32 33 34 35 36 37 38 39 40 41 42 43 44 45 46 47 48 49 50 51 52 53 54 55 56 57 58 59 60 61 62 63 64 65 66 67 68 69 70 71 72 73 74 75 76 77 78 79 80 81 82 83 84 85 86 87 88 89 90 91 92 93 94 95 96 97 98 99 100 101 102 103 104 105 106 107 108 109 110 111 112 113 114 115 116 117 118 119 120 121 122 123 124 125 126 127 128 129 130 131 132 133 134 135 136 137 138 139 140 141 142 143 144 145 146 147 148 149 150 151 152 153 154 155 156 157 158 159 160 161 162 163 164 165 166 167 168 169 170 171 172 173 174 175 176 177 178 179 180 181 182 183 184 185 186 187 188 189 190 191 192 193 194 195 196 197 198 199 200 1 2 3 4 5 6 7 8 9 10 11 12 13 14 15 16 17 18 19 20 21 22 23 24 25 26 27 28 29 30 31 32 33 34 35 36 37 38 39 40 41 42 43 44 45 46 47 48 49 50 51 52 53 54 55 56 57 58 59 60 61 62 63 64 65 66 67 68 69 70 71 72 73 74 75 76 77 78 79 80 81 82 83 84 85 86 87 88 89 90 91 92 93 94 95 96 97 98 99 100 101 102 103 104 105 106 107 108 109 110 111 112 113 114 115 116 117 118 119 120 121 122 123 124 125 126 127 128 129 130 131 132 133 134 135 136 137 138 139 140 141 142 143 144 145 146 147 148 149 150 151 152 153 154 
2 3 4 5 6 7 8 9 10 11 12 13 14 15 16 17 18 19 20 21 22 23 24 25 26 27 28 29 30 31 32 33 34 35 36 37 38 39 40 41 42 43 44 45 46 47 48 49 50 51 52 53 54 55 56 57 58 59 60 61 62 63 64 65 66 67 68 69 70 71 72 73 74 75 76 77 78 79 80 81 82 83 84 85 86 87 88 89 90 91 92 93 94 95 96 97 98 99 100 101 102 103 104 105 106 107 108 109 110 111 112 113 114 115 116 117 118 119 120 121 122 123 124 125 126 127 128 129 130 131 132 133 134 135 136 137 138 139 140 141 142 143 144 145 146 147 148 149 150 151 152 153 154 155 156 157 158 159 160 161 162 163 164 165 166 167 168 169 170 171 172 173 174 175 176 177 178 179 180 181 182 183 184 185 186 187 188 189 190 191 192 193 194 195 196 197 198 199 200 1 2 3 4 5 6 7 8 9 10 11 12 13 14 15 16 17 18 19 20 21 22 23 24 25 26 27 28 29 30 31 32 33 34 35 36 37 38 39 40 41 42 43 44 45 46 47 48 49 50 51 52 53 54 55 56 57 58 59 60 61 62 63 64 65 66 67 68 69 70 71 72 73 74 75 76 77 78 79 80 81 82 83 84 85 86 87 88 89 90 91 92 93 94 95 96 97 98 99 100 101 102 103 104 105 106 107 108 109 110 111 112 113 114 115 116 117 118 119 120 121 122 123 124 125 126 127 128 129 130 131 132 133 134 135 136 137 138 139 140 141 142 143 144 145 146 147 148 149 150 151 152 153 154 155 156 157 158 159 160 161 162 163 164 165 166 167 168 169 170 171 172 173 174 175 176 177 178 179 180 181 182 183 184 185 186 187 188 189 190 191 192 193 194 195 196 197 198 199 200 1 2 3 4 5 6 7 8 9 10 11 12 13 14 15 16 17 18 19 20 21 22 23 24 25 26 27 28 29 30 31 32 33 34 35 36 37 38 39 40 41 42 43 44 45 46 47 48 49 50 51 52 53 54 55 56 57 58 59 60 61 62 63 64 65 66 67 68 69 70 71 72 73 74 75 76 77 78 79 80 81 82 83 84 85 86 87 88 89 90 91 92 93 94 95 96 97 98 99 100 101 102 103 104 105 106 107 108 109 110 111 112 113 114 115 116 117 118 119 120 121 122 123 124 125 126 127 128 129 130 131 132 133 134 135 136 137 138 139 140 141 142 143 144 145 146 147 148 149 150 151 152 153 154 155 156 157 158 159 160 161 162 163 164 165 166 167 168 169 170 171 172 173 174 175 176 177 178 179 180 181 182 183 184 185 186 187 188 189 190 191 192 193 194 195 196 197 198 199 200 1 2 3 4 5 6 7 8 9 10 11 12 13 14 15 16 17 18 19 20 21 22 23 24 25 26 27 28 29 30 31 32 33 34 35 36 37 38 39 40 41 42 43 44 45 46 47 48 49 50 51 52 53 54 55 56 57 58 59 60 61 62 63 64 65 66 67 68 69 70 71 72 73 74 75 76 77 78 79 80 81 82 83 84 85 86 87 88 89 90 91 92 93 94 95 96 97 98 99 100 101 102 103 104 105 106 107 108 109 110 111 112 113 114 115 116 117 118 119 120 121 122 123 124 125 126 127 128 129 130 131 132 133 134 135 136 137 138 139 140 141 142 143 144 145 146 147 148 149 150 151 152 153 154 155 156 157 158 159 160 161 162 163 164 165 166 167 168 169 170 171 172 173 174 175 176 177 178 179 180 181 182 183 184 185 186 187 188 189 190 191 192 193 194 195 196 197 198 199 200 1 2 3 4 5 6 7 8 9 10 11 12 13 14 15 16 17 18 19 20 21 22 23 24 25 26 27 28 29 30 31 32 33 34 35 36 37 38 39 40 41 42 43 44 45 46 47 48 49 50 51 52 53 54 55 56 57 58 59 60 61 62 63 64 65 66 67 68 69 70 71 72 73 74 75 76 77 78 79 80 81 82 83 84 85 86 87 88 89 90 91 92 93 94 95 96 97 98 99 100 101 102 103 104 105 106 107 108 109 110 111 112 113 114 115 116 117 118 119 120 121 122 123 124 125 126 127 128 129 130 131 132 133 134 135 136 137 138 139 140 141 142 143 144 145 146 147 148 149 150 151 152 153 154 155 156 157 158 159 160 161 162 163 164 165 166 167 168 169 170 171 172 173 174 175 176 177 178 179 180 181 182 183 184 185 186 187 188 189 190 191 192 193 194 195 196 197 198 199 200 1 2 3 4 5 6 7 8 9 10 11 12 13 14 15 16 17 18 19 20 21 22 23 24 25 26 27 28 29 30 31 32 33 34 35 36 37 38 39 40 41 42 43 44 45 46 47 48 49 50 51 52 53 54 55 56 57 58 59 60 61 62 63 64 65 66 67 68 69 70 71 72 73 74 75 76 77 78 79 80 81 82 83 84 85 86 87 88 89 90 91 92 93 94 95 96 97 98 99 100 101 102 103 104 105 106 107 108 109 110 111 112 113 114 115 116 117 118 119 120 121 122 123 124 125 126 127 128 129 130 131 132 133 134 135 136 137 138 139 140 141 142 143 144 145 146 147 148 149 150 151 152 153 154 155 156 157 158 159 160 161 162 163 164 165 166 167 168 169 170 171 172 173 174 175 176 177 178 179 180 181 182 183 184 185 186 187 188 189 190 191 192 193 194 195 196 197 198 199 200 1 2 3 4 5 6 7 8 9 10 11 12 13 14 15 16 17 18 19 20 21 22 23 24 25 26 27 28 29 30 31 32 33 34 35 36 37 38 39 40 41 42 43 44 45 46 47 48 49 50 51 52 53 54 55 56 57 58 59 60 61 62 63 64 65 66 67 68 69 70 71 72 73 74 75 76 77 78 79 80 81 82 83 84 85 86 87 88 89 90 91 92 93 94 95 96 97 98 99 100 101 102 103 104 105 106 107 108 109 110 111 112 113 114 115 116 117 118 119 120 121 122 123 124 125 126 127 128 129 130 131 132 133 134 135 136 137 138 139 140 141 142 143 144 145 146 147 148 149 150 151 152 153 154 155 156 157 158 159 160 161 162 163 164 165 166 167 168 169 170 171 172 173 174 175 176 177 178 179 180 181 182 183 184 185 186 187 188 189 190 191 192 193 194 195 196 197 198 199 200 1 2 3 4 5 6 7 8 9 10 11 12 13 14 15 16 17 18 19 20 21 22 23 24 25 26 27 28 29 30 31 32 33 34 35 36 37 38 39 40 41 42 43 44 45 46 47 48 49 50 51 52 53 54 55 56 57 58 59 60 61 62 63 64 65 66 67 68 69 70 71 72 73 74 75 76 77 78 79 80 81 82 83 84 85 86 87 88 89 90 91 92 93 94 95 96 97 98 99 100 101 102 103 104 105 106 107 108 109 110 111 112 113 114 115 116 117 118 119 120 121 122 123 124 125 126 127 128 129 130 131 132 133 134 135 136 137 138 139 140 141 142 143 144 145 146 147 148 149 150 151 152 153 154 155 156 157 158 159 160 161 162 163 164 165 166 167 168 169 170 171 172 173 174 175 176 177 178 179 180 181 182 183 184 185 186 187 188 189 190 191 192 193 194 195 196 197 198 199 200 1 2 3 4 5 6 7 8 9 10 11 12 13 14 15 16 17 18 19 20 21 22 23 24 25 26 27 28 29 30 31 32 33 34 35 36 37 38 39 40 41 42 43 44 45 46 47 48 49 50 51 52 53 54 55 56 57 58 59 60 61 62 63 64 65 66 67 68 69 70 71 72 73 74 75 76 77 78 79 80 81 82 83 84 85 86 87 88 89 90 91 92 93 94 95 96 97 98 99 100 101 102 103 104 105 106 107 108 109 110 111 112 113 114 115 116 117 118 119 120 121 122 123 124 125 126 127 128 129 130 131 132 133 134 135 136 137 138 139 140 141 142 143 144 145 146 147 148 149 150 151 152 153 154 155 156 157 158 159 160 161 162 163 164 165 166 167 168 169 170 171 172 173 174 175 176 177 178 179 180 181 182 183 184 185 186 187 188 189 190 191 192 193 194 195 196 197 198 199 200 1 2 3 4 5 6 7 8 9 10 11 12 13 14 15 16 17 18 19 20 21 22 23 24 25 26 27 28 29 30 31 32 33 34 35 36 37 38 39 40 41 42 43 44 45 46 47 48 49 50 51 52 53 54 55 56 57 58 59 60 61 62 63 64 65 66 67 68 69 70 71 72 73 74 75 76 77 78 79 80 81 82 83 84 85 86 87 88 89 90 91 92 93 94 95 96 97 98 99 100 101 102 103 104 105 106 107 108 109 110 111 112 113 114 115 116 117 118 119 120 121 122 123 124 125 126 127 128 129 130 131 132 133 134 135 136 137 138 139 140 141 142 143 144 145 146 147 148 149 150 151 152 153 154 155 156 157 158 159 160 161 162 163 164 165 166 167 168 169 170 171 172 173 174 175 176 177 178 179 180 181 182 183 184 185 186 187 188 189 190 191 192 193 194 195 196 197 198 199 200 1 2 3 4 5 6 7 8 9 10 11 12 13 14 15 16 17 18 19 20 21 22 23 24 25 26 27 28 29 30 31 32 33 34 35 36 37 38 39 40 41 42 43 44 45 46 47 48 49 50 51 52 53 54 55 56 57 58 59 60 61 62 63 64 65 66 67 68 69 70 71 72 73 74 75 76 77 78 79 80 81 82 83 84 85 86 87 88 89 90 91 92 93 94 95 96 97 98 99 100 101 102 103 104 105 106 107 108 109 110 111 112 113 114 115 116 117 118 119 120 121 122 123 124 125 126 127 128 129 130 131 132 133 134 135 136 137 138 139 140 141 142 143 144 145 146 147 148 149 150 151 152 153 154 155 156 157 158 159 160 161 162 163 164 165 166 167 168 169 170 171 172 173 174 175 176 177 178 179 180 181 182 183 184 185 186 187 188 189 190 191 192 193 194 195 196 197 198 199 200 1 2 3 4 5 6 7 8 9 10 11 12 13 14 15 16 17 18 19 20 21 22 23 24 25 26 27 28 29 30 31 32 33 34 35 36 37 38 39 40 41 42 43 44 45 46 47 48 49 50 51 52 53 54 55 56 57 58 59 60 61 62 63 64 65 66 67 68 69 70 71 72 73 74 75 76 77 78 79 80 81 82 83 84 85 86 87 88 89 90 91 92 93 94 95 96 97 98 99 100 101 102 103 104 105 106 107 108 109 110 111 112 113 114 115 116 117 118 119 120 121 122 123 124 125 126 127 128 129 130 131 132 133 134 135 136 137 138 139 140 141 142 143 144 145 146 147 148 149 150 151 152 153 154 155 156 157 158 159 160 161 162 163 164 165 166 167 168 169 170 171 172 173 174 175 176 177 178 179 180 181 182 183 184 185 186 187 188 189 190 191 192 193 194 195 196 197 198 199 200 1 2 3 4 5 6 7 8 9 10 11 12 13 14 15 16 17 18 19 20 21 22 23 24 25 26 27 28 29 30 31 32 33 34 35 36 37 38 39 40 41 42 43 44 45 46 47 48 49 50 51 52 53 54 55 56 57 58 59 60 61 62 63 64 65 66 67 68 69 70 71 72 73 74 75 76 77 78 79 80 81 82 83 84 85 86 87 88 89 90 91 92 93 94 95 96 97 98 99 100 101 102 103 104 105 106 107 108 109 110 111 112 113 114 115 116 117 118 119 120 121 122 123 124 125 126 127 128 129 130 131 132 133 134 135 136 137 138 139 140 141 142 143 144 145 146 147 148 149 150 151 152 153 154 155 156 157 158 159 160 161 162 163 164 165 166 167 168 169 170 171 172 173 174 175 176 177 178 179 180 181 182 183 184 185 186 187 188 189 190 191 192 193 194 195 196 197 198 199 200 1 2 3 4 5 6 7 8 9 10 11 12 13 14 15 16 17 18 19 20 21 22 23 24 25 26 27 28 29 30 31 32 33 34 35 36 37 38 39 40 41 42 43 44 45 46 47 48 49 50 51 52 53 54 55 56 57 58 59 60 61 62 63 64 65 66 67 68 69 70 71 72 73 74 75 76 77 78 79 80 81 82 83 84 85 86 87 88 89 90 91 92 93 94 95 96 97 98 99 100 101 102 103 104 105 106 107 108 109 110 111 112 113 114 115 116 117 118 119 120 121 122 123 124 125 126 127 128 129 130 131 132 133 134 135 136 137 138 139 140 141 142 143 144 145 146 147 148 149 150 151 152 153 154 155 156 157 158 159 160 161 162 163 164 165 166 167 168 169 170 171 172 173 174 175 176 177 178 179 180 181 182 183 184 185 186 187 188 189 190 191 192 193 194 195 196 197 198 199 200 1 2 3 4 5 6 7 8 9 10 11 12 13 14 15 16 17 18 19 20 21 22 23 24 25 26 27 28 29 30 31 32 33 34 35 36 37 38 39 40 41 42 43 44 45 46 47 48 49 50 51 52 53 54 55 56 57 58 59 60 61 62 63 64 65 66 67 68 69 70 71 72 73 74 75 76 77 78 79 80 81 82 83 84 85 86 87 88 89 90 91 92 93 94 95 96 97 98 99 100 101 102 103 104 105 106 107 108 109 110 111 112 113 114 115 116 117 118 119 120 121 122 123 124 125 126 127 128 129 130 131 132 133 134 135 136 137 138 139 140 141 142 143 144 145 146 147 148 149 150 151 152 153 154 155 156 157 158 159 160 161 162 163 164 165 166 167 168 169 170 171 172 173 174 175 176 177 178 179 180 181 182 183 184 185 186 187 188 189 190 191 192 193 194 195 196 197 198 199 200 1 2 3 4 5 6 7 8 9 10 11 12 13 14 15 16 17 18 19 20 21 22 23 24 25 26 27 28 29 30 31 32 33 34 35 36 37 38 39 40 41 42 43 44 45 46 47 48 49 50 51 52 53 54 55 56 57 58 59 60 61 62 63 64 65 66 67 68 69 70 71 72 73 74 75 76 77 78 79 80 81 82 83 84 85 86 87 88 89 90 91 92 93 94 95 96 97 98 99 100 101 102 103 104 105 106 107 108 109 110 111 112 113 114 115 116 117 118 119 120 121 122 123 124 125 126 127 128 129 130 131 132 133 134 135 136 137 138 139 140 141 142 143 144 145 146 147 148 149 150 151 152 153 154 155 156 157 158 159 160 161 162 163 164 165 166 167 168 169 170 171 172 173 174 175 176 177 178 179 180 181 182 183 184 185 186 187 188 189 190 191 192 193 194 195 196 197 198 199 200 1 2 3 4 5 6 7 8 9 10 11 12 13 14 15 16 17 18 19 20 21 22 23 24 25 26 27 28 29 30 31 32 33 34 35 36 37 38 39 40 41 42 43 44 45 46 47 48 49 50 51 52 53 54 55 56 57 58 59 60 61 62 63 64 65 66 67 68 69 70 71 72 73 74 75 76 77 78 79 80 81 82 83 84 85 86 87 88 89 90 91 92 93 94 95 96 97 98 99 100 101 102 103 104 105 106 107 108 109 110 111 112 113 114 115 116 117 118 119 120 121 122 123 124 125 126 127 128 129 130 131 132 133 134 135 136 137 138 139 140 141 142 143 144 145 146 147 148 149 150 151 152 153 154 155 156 157 158 159 160 161 162 163 164 165 166 167 168 169 170 171 172 173 174 175 176 177 178 179 180 181 182 183 184 185 186 187 188 189 190 191 192 193 194 195 196 197 198 199 200 1 2 3 4 5 6 7 8 9 10 11 12 13 14 15 16 17 18 19 20 21 22 23 24 25 26 27 28 29 30 31 32 33 34 35 36 37 38 39 40 41 42 43 44 45 46 47 48 49 50 51 52 53 54 55 56 57 58 59 60 61 62 63 64 65 66 67 68 69 70 71 72 73 74 75 76 77 78 79 80 81 82 83 84 85 86 87 88 89 90 91 92 93 94 95 96 97 98 99 100 101 102 103 104 105 106 107 108 109 110 111 112 113 114 115 116 117 118 119 120 121 122 123 124 125 126 127 128 129 130 131 132 133 134 135 136 137 138 139 140 141 142 143 144 145 146 147 148 149 150 151 152 153 154 155 156 157 158 159 160 161 162 163 164 165 166 167 168 169 170 171 172 173 174 175 176 177 178 179 180 181 182 183 184 185 186 187 188 189 190 191 192 193 194 195 196 197 198 199 200 1 2 3 4 5 6 7 8 9 10 11 12 13 14 15 16 17 18 19 20 21 22 23 24 25 26 27 28 29 30 31 32 33 34 35 36 37 38 39 40 41 42 43 44 45 46 47 48 49 50 51 52 53 54 55 56 57 58 59 60 61 62 63 64 65 66 67 68 69 70 71 72 73 74 75 76 77 78 79 80 81 82 83 84 85 86 87 88 89 90 91 92 93 94 95 96 97 98 99 100 101 102 103 104 105 106 107 108 109 110 111 112 113 114 115 116 117 118 119 120 121 122 123 124 125 126 127 128 129 130 131 132 133 134 135 136 137 138 139 140 141 142 143 144 145 146 147 148 149 150 151 152 153 154 155 156 157 158 159 160 161 162 163 164 165 166 167 168 169 170 171 172 173 174 175 176 177 178 179 180 181 182 183 184 185 186 187 188 189 190 191 192 193 194 195 196 197 198 199 200 1 2 3 4 5 6 7 8 9 10 11 12 13 14 15 16 17 18 19 20 21 22 23 24 25 26 27 28 29 30 31 32 33 34 35 36 37 38 39 40 41 42 43 44 45 46 47 48 49 50 51 52 53 54 55 56 57 58 59 60 61 62 63 64 65 66 67 68 69 70 71 72 73 74 75 76 77 78 79 80 81 82 83 84 85 86 87 88 89 90 91 92 93 94 95 96 97 98 99 100 101 102 103 104 105 106 107 108 109 110 111 112 113 114 115 116 117 118 119 120 121 122 123 124 125 126 127 128 129 130 131 132 133 134 135 136 137 138 139 140 141 142 143 144 145 146 147 148 149 150 151 152 153 154 155 156 157 158 159 160 161 162 163 164 165 166 167 168 169 170 171 172 173 174 175 176 177 178 179 180 181 182 183 184 185 186 187 188 189 190 191 192 193 194 195 196 197 198 199 200 1 2 3 4 5 6 7 8 9 10 11 12 13 14 15 16 17 18 19 20 21 22 23 24 25 26 27 28 29 30 31 32 33 34 35 36 37 38 39 40 41 42 43 44 45 46 47 48 49 50 51 52 53 54 55 56 57 58 59 60 61 62 63 64 65 66 67 68 69 70 71 72 73 74 75 76 77 78 79 80 81 82 83 84 85 86 87 88 89 90 91 92 93 94 95 96 97 98 99 100 101 102 103 104 105 106 107 108 109 110 111 112 113 114 115 116 117 118 119 120 121 122 123 124 125 126 127 128 129 130 131 132 133 134 135 136 137 138 139 140 141 142 143 144 145 146 147 148 149 150 151 152 153 154 155 156 157 158 159 160 161 162 163 164 165 166 167 168 169 170 171 172 173 174 175 176 177 178 179 180 181 182 183 184 185 186 187 188 189 190 191 192 193 194 195 196 197 198 199 200 1 2 3 4 5 6 7 8 9 10 11 12 13 14 15 16 17 18 19 20 21 22 23 24 25 26 27 28 29 30 31 32 33 34 35 36 37 38 39 40 41 42 43 44 45 46 47 48 49 50 51 52 53 54 55 56 57 58 59 60 61 62 63 64 65 66 67 68 69 70 71 72 73 74 75 76 77 78 79 80 81 82 83 84 85 86 87 88 89 90 91 92 93 94 95 96 97 98 99 100 101 102 103 104 105 106 107 108 109 110 111 112 113 114 115 116 117 118 119 120 121 122 123 124 125 126 127 128 129 130 131 132 133 134 135 136 137 138 139 140 141 142 143 144 145 146 147 148 149 150 151 152 153 154 155 156 157 158 159 160 161 162 163 164 165 166 167 168 169 170 171 172 173 174 175 176 177 178 179 180 181 182 183 184 185 186 187 188 189 190 191 192 193 194 195 196 197 198 199 200 1 2 3 4 5 6 7 8 9 10 11 12 13 14 15 16 17 18 19 20 21 22 23 24 25 26 27 28 29 30 31 32 33 34 35 36 37 38 39 40 41 42 43 44 45 46 47 48 49 50 51 52 53 54 55 56 57 58 59 60 61 62 63 64 65 66 67 68 69 70 71 72 73 74 75 76 77 78 79 80 81 82 83 84 85 86 87 88 89 90 91 92 93 94 95 96 97 98 99 100 101 102 103 104 105 106 107 108 109 110 111 112 113 114 115 116 117 118 119 120 121 122 123 124 125 126 127 128 129 130 131 132 133 134 135 136 137 138 139 140 141 142 143 144 145 146 147 148 149 150 151 152 153 154 155 156 157 158 159 160 161 162 163 164 165 166 167 168 169 170 171 172 173 174 175 176 177 178 179 180 181 182 183 184 185 186 187 188 189 190 191 192 193 194 195 196 197 198 199 200 1 2 3 4 5 6 7 8 9 10 11 12 13 14 15 16 17 18 19 20 21 22 23 24 25 26 27 28 29 30 31 32 33 34 35 36 37 38 39 40 41 42 43 44 45 46 47 48 49 50 51 52 53 54 55 56 57 58 59 60 61 62 63 64 65 66 67 68 69 70 71 72 73 74 75 76 77 78 79 80 81 82 83 84 85 86 87 88 89 90 91 92 93 94 95 96 97 98 99 100 101 102 103 104 105 106 107 108 109 110 111 112 113 114 115 116 117 118 119 120 121 122 123 124 125 126 127 128 129 130 131 132 133 134 135 136 137 138 139 140 141 142 143 144 145 146 147 148 149 150 151 152 153 154 155 156 157 158 159 160 161 162 163 164 165 166 167 168 169 170 171 172 173 174 175 176 177 178 179 180 181 182 183 184 185 186 187 188 189 190 191 192 193 194 195 196 197 198 199 200 1 2 3 4 5 6 7 8 9 10 11 12 13 14 15 16 17 18 19 20 21 22 23 24 25 26 27 28 29 30 31 32 33 34 35 36 37 38 39 40 41 42 43 44 45 46 47 48 49 50 51 52 53 54 55 56 57 58 59 60 61 62 63 64 65 66 67 68 69 70 71 72 73 74 75 76 77 78 79 80 81 82 83 84 85 86 87 88 89 90 91 92 93 94 95 96 97 98 99 100 101 102 103 104 105 106 107 108 109 110 111 112 113 114 115 116 117 118 119 120 121 122 123 124 125 126 127 128 129 130 131 132 133 134 135 136 137 138 139 140 141 142 143 144 145 146 147 148 149 150 151 152 153 154 155 156 157 158 159 160 161 162 163 164 165 166 167 168 169 170 171 172 173 174 175 176 177 178 179 180 181 182 183 184 185 186 187 188 189 190 191 192 193 194 195 196 197 198 199 200 1 2 3 4 5 6 7 8 9 10 11 12 13 14 15 16 17 18 19 20 21 22 23 24 25 26 27 28 29 30 31 32 33 34 35 36 37 38 39 40 41 42 43 44 45 46 47 48 49 50 51 52 53 54 55 56 57 58 59 60 61 62 63 64 65 66 67 68 69 70 71 72 73 74 75 76 77 78 79 80 81 82 83 84 85 86 87 88 89 90 91 92 93 94 95 96 97 98 99 100 101 102 103 104 105 106 107 108 109 110 111 112 113 114 115 116 117 118 119 120 121 122 123 124 125 126 127 128 129 130 131 132 133 134 135 136 137 138 139 140 141 142 143 144 145 146 147 148 149 150 151 152 153 154 155 156 157 158 159 160 161 162 163 164 165 166 167 168 169 170 171 172 173 174 175 176 177 178 179 180 181 182 183 184 185 186 187 188 189 190 191 192 193 194 195 196 197 198 199 200 1 2 3 4 5 6 7 8 9 10 11 12 13 14 15 16 17 18 19 20 21 22 23 24 25 26 27 28 29 30 31 32 33 34 35 36 37 38 39 40 41 42 43 44 45 46 47 48 49 50 51 52 53 54 55 56 57 58 59 60 61 62 63 64 65 66 67 68 69 70 71 72 73 74 75 76 77 78 79 80 81 82 83 84 85 86 87 88 89 90 91 92 93 94 95 96 97 98 99 100 101 102 103 104 105 106 107 108 109 110 111 112 113 114 115 116 117 118 119 120 121 122 123 124 125 126 127 128 129 130 131 132 133 134 135 136 137 138 139 140 141 142 143 144 145 146 147 148 149 150 151 152 153 154 155 156 157 158 159 160 161 162 163 164 165 166 167 168 169 170 171 172 173 174 175 176 177 178 179 180 181 182 183 184 185 186 187 188 189 190 191 192 193 194 195 196 197 198 199 200 1 2 3 4 5 6 7 8 9 10 11 12 13 14 15 16 17 18 19 20 21 22 23 24 25 26 27 28 29 30 31 32 33 34 35 36 37 38 39 40 41 42 43 44 45 46 47 48 49 50 51 52 53 54 55 56 57 58 59 60 61 62 63 64 65 66 67 68 69 70 71 72 73 74 75 76 77 78 79 80 81 82 83 84 85 86 87 88 89 90 91 92 93 94 95 96 97 98 99 100 101 102 103 104 105 106 107 108 109 110 111 112 113 114 115 116 117 118 119 120 121 122 123 124 125 126 127 128 129 130 131 132 133 134 135 136 137 138 139 140 141 142 143 144 145 146 147 148 149 150 151 152 153 154 155 156 157 158 159 160 161 162 163 164 165 166 167 168 169 170 171 172 173 174 175 176 177 178 179 180 181 182 183 184 185 186 187 188 189 190 191 192 193 194 195 196 197 198 199 200 1 2 3 4 5 6 7 8 9 10 11 12 13 14 15 16 17 18 19 20 21 22 23 24 25 26 27 28 29 30 31 32 33 34 35 36 37 38 39 40 41 42 43 44 45 46 47 48 49 50 51 52 53 54 55 56 57 58 59 60 61 62 63 64 65 66 67 68 69 70 71 72 73 74 75 76 77 78 79 80 81 82 83 84 85 86 87 88 89 90 91 92 93 94 95 96 97 98 99 100 101 102 103 104 105 106 107 108 109 110 111 112 113 114 115 116 117 118 119 120 121 122 123 124 125 126 127 128 129 130 131 132 133 134 135 136 137 138 139 140 141 142 143 144 145 146 147 148 149 150 151 152 153 154 155 156 157 158 159 160 161 162 163 164 165 166 167 168 169 170 171 172 173 174 175 176 177 178 179 180 181 182 183 184 185 186 187 188 189 190 191 192 193 194 195 196 197 198 199 200 1 2 3 4 5 6 7 8 9 10 11 12 13 14 15 16 17 18 19 20 21 22 23 24 25 26 27 28 29 30 31 32 33 34 35 36 37 38 39 40 41 42 43 44 45 46 47 48 49 50 51 52 53 54 55 56 57 58 59 60 61 62 63 64 65 66 67 68 69 70 71 72 73 74 75 76 77 78 79 80 81 82 83 84 85 86 87 88 89 90 91 92 93 94 95 96 97 98 99 100 101 102 103 104 105 106 107 108 109 110 111 112 113 114 115 116 117 118 119 120 121 122 123 124 125 126 127 128 129 130 131 132 133 134 135 136 137 138 139 140 141 142 143 144 145 146 147 148 149 150 151 152 153 154 155 156 157 158 159 160 161 162 163 164 165 166 167 168 169 170 171 172 173 174 175 176 177 178 179 180 181 182 183 184 185 186 187 188 189 190 191 192 193 194 195 196 197 198 199 200 1 2 3 4 5 6 7 8 9 10 11 12 13 14 15 16 17 18 19 20 21 22 23 24 25 26 27 28 29 30 31 32 33 34 35 36 37 38 39 40 41 42 43 44 45 46 47 48 49 50 51 52 53 54 55 56 57 58 59 60 61 62 63 64 65 66 67 68 69 70 71 72 73 74 75 76 77 78 79 80 81 82 83 84 85 86 87 88 89 90 91 92 93 94 95 96 97 98 99 100 101 102 103 104 105 106 107 108 109 110 111 112 113 114 115 116 117 118 119 120 121 122 123 124 125 126 127 128 129 130 131 132 133 134 135 136 137 138 139 140 141 142 143 144 145 146 147 148 149 150 151 152 153 154 155 156 157 158 159 160 161 162 163 164 165 166 167 168 169 170 171 172 173 174 175 176 177 178 179 180 181 182 183 184 185 186 187 188 189 190 191 192 193 194 195 196 197 198 199 200 1 2 3 4 5 6 7 8 9 10 11 12 13 14 15 16 17 18 19 20 21 22 23 24 25 26 27 28 29 30 31 32 33 34 35 36 37 38 39 40 41 42 43 44 45 46 47 48 49 50 51 52 53 54 55 56 57 58 59 60 61 62 63 64 65 66 67 68 69 70 71 72 73 74 75 76 77 78 79 80 81 82 83 84 85 86 87 88 89 90 91 92 93 94 95 96 97 98 99 100 101 102 103 104 105 106 107 108 109 110 111 112 113 114 115 116 117 118 119 120 121 122 123 124 125 126 127 128 129 130 131 132 133 134 135 136 137 138 139 140 141 142 143 144 145 146 147 148 149 150 151 152 153 154 155 156 157 158 159 160 161 162 163 164 165 166 167 168 169 170 171 172 173 174 175 176 177 178 179 180 181 182 183 184 185 186 187 188 189 190 191 192 193 194 195 196 197 198 199 200 1 2 3 4 5 6 7 8 9 10 11 12 13 14 15 16 17 18 19 20 21 22 23 24 25 26 27 28 29 30 31 32 33 34 35 36 37 38 39 40 41 42 43 44 45 46 47 48 49 50 51 52 53 54 55 56 57 58 59 60 61 62 63 64 65 66 67 68 69 70 71 72 73 74 75 76 77 78 79 80 81 82 83 84 85 86 87 88 89 90 91 92 93 94 95 96 97 98 99 100 101 102 103 104 105 106 107 108 109 110 111 112 113 114 115 116 117 118 119 120 121 122 123 124 125 126 127 128 129 130 131 132 133 134 135 136 137 138 139 140 141 142 143 144 145 146 147 148 149 150 151 152 153 154 155 156 157 158 159 160 161 162 163 164 165 166 167 168 169 170 171 172 173 174 175 176 177 178 179 180 181 182 183 184 185 186 187 188 189 190 191 192 193 194 195 196 197 198 199 200 1 2 3 4 5 6 7 8 9 10 11 12 13 14 15 16 17 18 19 20 21 22 23 24 25 26 27 28 29 30 31 32 33 34 35 36 37 38 39 40 41 42 43 44 45 46 47 48 49 50 51 52 53 54 55 56 57 58 59 60 61 62 63 64 65 66 67 68 69 70 71 72 73 74 75 76 77 78 79 80 81 82 83 84 85 86 87 88 89 90 91 92 93 94 95 96 97 98 99 100 101 102 103 104 105 106 107 108 109 110 111 112 113 114 115 116 117 118 119 120 121 122 123 124 125 126 127 128 129 130 131 132 133 134 135 136 137 138 139 140 141 142 143 144 145 146 147 148 149 150 151 152 153 154 155 156 157 158 159 160 161 162 163 164 165 166 167 168 169 170 171 172 173 174 175 176 177 178 179 180 181 182 183 184 185 186 187 188 189 190 191 192 193 194 195 196 197 198 199 200 1 2 3 4 5 6 7 8 9 10 11 12 13 14 15 16 17 18 19 20 21 22 23 24 25 26 27 28 29 30 31 32 33 34 35 36 37 38 39 40 41 42 43 44 45 46 47 48 49 50 51 52 53 54 55 56 57 58 59 60 61 62 63 64 65 66 67 68 69 70 71 72 73 74 75 76 77 78 79 80 81 82 83 84 85 86 87 88 89 90 91 92 93 94 95 96 97 98 99 100 101 102 103 104 105 106 107 108 109 110 111 112 113 114 115 116 117 118 119 120 121 122 123 124 125 126 127 128 129 130 131 132 133 134 135 136 137 138 139 140 141 142 143 144 145 146 147 148 149 150 151 152 153 154 155 156 157 158 159 160 161 162 163 164 165 166 167 168 169 170 171 172 173 174 175 176 177 178 179 180 181 182 183 184 185 186 187 188 189 190 191 192 193 194 195 196 197 198 199 200 1 2 3 4 5 6 7 8 9 10 11 12 13 14 15 16 17 18 19 20 21 22 23 24 25 26 27 28 29 30 31 32 33 34 35 36 37 38 39 40 41 42 43 44 45 46 47 48 49 50 51 52 53 54 55 56 57 58 59 60 61 62 63 64 65 66 67 68 69 70 71 72 73 74 75 76 77 78 79 80 81 82 83 84 85 86 87 88 89 90 91 92 93 94 95 96 97 98 99 100 101 102 103 104 105 106 107 108 109 110 111 112 113 114 115 116 117 118 119 120 121 122 123 124 125 126 127 128 129 130 131 132 133 134 135 136 137 138 139 140 141 142 143 144 145 146 147 148 149 150 151 152 153 154 155 156 157 158 159 160 161 162 163 164 165 166 167 168 169 170 171 172 173 174 175 176 177 178 179 180 181 182 183 184 185 186 187 188 189 190 191 192 193 194 195 196 197 198 199 200 1 2 3 4 5 6 7 8 9 10 11 12 13 14 15 16 17 18 19 20 21 22 23 24 25 26 27 28 29 30 31 32 33 34 35 36 37 38 39 40 41 42 43 44 45 46 47 48 49 50 51 52 53 54 55 56 57 58 59 60 61 62 63 64 65 66 67 68 69 70 71 72 73 74 75 76 77 78 79 80 81 82 83 84 85 86 87 88 89 90 91 92 93 94 95 96 97 98 99 100 101 102 103 104 105 106 107 108 109 110 111 112 113 114 115 116 117 118 119 120 121 122 123 124 125 126 127 128 129 130 131 132 133 134 135 136 137 138 139 140 141 142 143 144 145 146 147 148 149 150 151 152 153 154 155 156 157 158 159 160 161 162 163 164 165 166 167 168 169 170 171 172 173 174 175 176 177 178 179 180 181 182 183 184 185 186 187 188 189 190 191 192 193 194 195 196 197 198 199 200 1 2 3 4 5 6 7 8 9 10 11 12 13 14 15 16 17 18 19 20 21 22 23 24 25 26 27 28 29 30 31 32 33 34 35 36 37 38 39 40 41 42 43 44 45 46 47 48 49 50 51 52 53 54 55 56 57 58 59 60 61 62 63 64 65 66 67 68 69 70 71 72 73 74 75 76 77 78 79 80 81 82 83 84 85 86 87 88 89 90 91 92 93 94 95 96 97 98 99 100 101 102 103 104 105 106 107 108 109 110 111 112 113 114 115 116 117 118 119 120 121 122 123 124 125 126 127 128 129 130 131 132 133 134 135 136 137 138 139 140 141 142 143 144 145 146 147 148 149 150 151 152 153 154 155 156 157 158 159 160 161 162 163 164 165 166 167 168 169 170 171 172 173 174 175 176 177 178 179 180 181 182 183 184 185 186 187 188 189 190 191 192 193 194 195 196 197 198 199 200 1 2 3 4 5 6 7 8 9 10 11 12 13 14 15 16 17 18 19 20 21 22 23 24 25 26 27 28 29 30 31 32 33 34 35 36 37 38 39 40 41 42 43 44 45 46 47 48 49 50 51 52 53 54 55 56 57 58 59 60 61 62 63 64 65 66 67 68 69 70 71 72 73 74 75 76 77 78 79 80 81 82 83 84 85 86 87 88 89 90 91 92 93 94 95 96 97 98 99 100 101 102 103 104 105 106 107 108 109 110 111 112 113 114 115 116 117 118 119 120 121 122 123 124 125 126 127 128 129 130 131 132 133 134 135 136 137 138 139 140 141 142 143 144 145 146 147 148 149 150 151 152 153 154 155 156 157 158 159 160 161 162 163 164 165 166 167 168 169 170 171 172 173 174 175 176 177 178 179 180 181 182 183 184 185 186 187 188 189 190 191 192 193 194 195 196 197 198 199 200 1 2 3 4 5 6 7 8 9 10 11 12 13 14 15 16 17 18 19 20 21 22 23 24 25 26 27 28 29 30 31 32 33 34 35 36 37 38 39 40 41 42 43 44 45 46 47 48 49 50 51 52 53 54 55 56 57 58 59 60 61 62 63 64 65 66 67 68 69 70 71 72 73 74 75 76 77 78 79 80 81 82 83 84 85 86 87 88 89 90 91 92 93 94 95 96 97 98 99 100 101 102 103 104 105 106 107 108 109 110 111 112 113 114 115 116 117 118 119 120 121 122 123 124 125 126 127 128 129 130 131 132 133 134 135 136 137 138 139 140 141 142 143 144 145 146 147 148 149 150 151 152 153 154 155 156 157 158 159 160 161 162 163 164 165 166 167 168 169 170 171 172 173 174 175 176 177 178 179 180 181 182 183 184 185 186 187 188 189 190 191 192 193 194 195 196 197 198 199 200 1 2 3 4 5 6 7 8 9 10 11 12 13 14 15 16 17 18 19 20 21 22 23 24 25 26 27 28 29 30 31 32 33 34 35 36 37 38 39 40 41 42 43 44 45 46 47 48 49 50 51 52 53 54 55 56 57 58 59 60 61 62 63 64 65 66 67 68 69 70 71 72 73 74 75 76 77 78 79 80 81 82 83 84 85 86 87 88 89 90 91 92 93 94 95 96 97 98 99 100 101 102 103 104 105 106 107 108 109 110 111 112 113 114 115 116 117 118 119 120 121 122 123 124 125 126 127 128 129 130 131 132 133 134 135 136 137 138 139 140 141 142 143 144 145 146 147 148 149 150 151 152 153 154 155 156 157 158 159 160 161 162 163 164 165 166 167 168 169 170 171 172 173 174 175 176 177 178 179 180 181 182 183 184 185 186 187 188 189 190 191 192 193 194 195 196 197 198 199 200 1 2 3 4 5 6 7 8 9 10 11 12 13 14 15 16 17 18 19 20 21 22 23 24 25 26 27 28 29 30 31 32 33 34 35 36 37 38 39 40 41 42 43 44 45 46 47 48 49 50 51 52 53 54 55 56 57 58 59 60 61 62 63 64 65 66 67 68 69 70 71 72 73 74 75 76 77 78 79 80 81 82 83 84 85 86 87 88 89 90 91 92 93 94 95 96 97 98 99 100 101 102 103 104 105 106 107 108 109 110 111 112 113 114 115 116 117 118 119 120 121 122 123 124 125 126 127 128 129 130 131 132 133 134 135 136 137 138 139 140 141 142 143 144 145 146 147 148 149 150 151 152 153 154 155 156 157 158 159 160 161 162 163 164 165 166 167 168 169 170 171 172 173 174 175 176 177 178 179 180 181 182 183 184 185 186 187 188 189 190 191 192 193 194 195 196 197 198 199 200 1 2 3 4 5 6 7 8 9 10 11 12 13 14 15 16 17 18 19 20 21 22 23 24 25 26 27 28 29 30 31 32 33 34 35 36 37 38 39 40 41 42 43 44 45 46 47 48 49 50 51 52 53 54 55 56 57 58 59 60 61 62 63 64 65 66 67 68 69 70 71 72 73 74 75 76 77 78 79 80 81 82 83 84 85 86 87 88 89 90 91 92 93 94 95 96 97 98 99 100 101 102 103 104 105 106 107 108 109 110 111 112 113 114 115 116 117 118 119 120 121 122 123 124 125 126 127 128 129 130 131 132 133 134 135 136 137 138 139 140 141 142 143 144 145 146 147 148 149 150 151 152 153 154 155 156 157 158 159 160 161 162 163 164 165 166 167 168 169 170 171 172 173 174 175 176 177 178 179 180 181 182 183 184 185 186 187 188 189 190 191 192 193 194 195 196 197 198 199 200 1 2 3 4 5 6 7 8 9 10 11 12 13 14 15 16 17 18 19 20 21 22 23 24 25 26 27 28 29 30 31 32 33 34 35 36 37 38 39 40 41 42 43 44 45 46 47 48 49 50 51 52 53 54 55 56 57 58 59 60 61 62 63 64 65 66 67 68 69 70 71 72 73 74 75 76 77 78 79 80 81 82 83 84 85 86 87 88 89 90 91 92 93 94 95 96 97 98 99 100 101 102 103 104 105 106 107 108 109 110 111 112 113 114 115 116 117 118 119 120 121 122 123 124 125 126 127 128 129 130 131 132 133 134 135 136 137 138 139 140 141 142 143 144 145 146 147 148 149 150 151 152 153 154 155 156 157 158 159 160 161 162 163 164 165 166 167 168 169 170 171 172 173 174 175 176 177 178 179 180 181 182 183 184 185 186 187 188 189 190 191 192 193 194 195 196 197 198 199 200 1 2 3 4 5 6 7 8 9 10 11 12 13 14 15 16 17 18 19 20 21 22 23 24 25 26 27 28 29 30 31 32 33 34 35 36 37 38 39 40 41 42 43 44 45 46 47 48 49 50 51 52 53 54 55 56 57 58 59 60 61 62 63 64 65 66 67 68 69 70 71 72 73 74 75 76 77 78 79 80 81 82 83 84 85 86 87 88 89 90 91 92 93 94 95 96 97 98 99 100 101 102 103 104 105 106 107 108 109 110 111 112 113 114 115 116 117 118 119 120 121 122 123 124 125 126 127 128 129 130 131 132 133 134 135 136 137 138 139 140 141 142 143 144 145 146 147 148 149 150 151 152 153 154 155 156 157 158 159 160 161 162 163 164 165 166 167 168 169 170 171 172 173 174 175 176 177 178 179 180 181 182 183 184 185 186 187 188 189 190 191 192 193 194 195 196 197 198 199 200 1 2 3 4 5 6 7 8 9 10 11 12 13 14 15 16 17 18 19 20 21 22 23 24 25 26 27 28 29 30 31 32 33 34 35 36 37 38 39 40 41 42 43 44 45 46 47 48 49 50 51 52 53 54 55 56 57 58 59 60 61 62 63 64 65 66 67 68 69 70 71 72 73 74 75 76 77 78 79 80 81 82 83 84 85 86 87 88 89 90 91 92 93 94 95 96 97 98 99 100 101 102 103 104 105 106 107 108 109 110 111 112 113 114 115 116 117 118 119 120 121 122 123 124 125 126 127 128 129 130 131 132 133 134 135 136 137 138 139 140 141 142 143 144 145 146 147 148 149 150 151 152 153 154 155 156 157 158 159 160 161 162 163 164 165 166 167 168 169 170 171 172 173 174 175 176 177 178 179 180 181 182 183 184 185 186 187 188 189 190 191 192 193 194 195 196 197 198 199 200 1 2 3 4 5 6 7 8 9 10 11 12 13 14 15 16 17 18 19 20 21 22 23 24 25 26 27 28 29 30 31 32 33 34 35 36 37 38 39 40 41 42 43 44 45 46 47 48 49 50 51 52 53 54 55 56 57 58 59 60 61 62 63 64 65 66 67 68 69 70 71 72 73 74 75 76 77 78 79 80 81 82 83 84 85 86 87 88 89 90 91 92 93 94 95 96 97 98 99 100 101 102 103 104 105 106 107 108 109 110 111 112 113 114 115 116 117 118 119 120 121 122 123 124 125 126 127 128 129 130 131 132 133 134 135 136 137 138 139 140 141 142 143 144 145 146 147 148 149 150 151 152 153 154 155 156 157 158 159 160 161 162 163 164 165 166 167 168 169 170 171 172 173 174 175 176 177 178 179 180 181 182 183 184 185 186 187 188 189 190 191 192 193 194 195 196 197 198 199 200 1 2 3 4 5 6 7 8 9 10 11 12 13 14 15 16 17 18 19 20 21 22 23 24 25 26 27 28 29 30 31 32 33 
