414 20816 26504 1500
1 1
1 2
1 3
1 4
1 5
1 6
1 7
1 8
1 9
1 10
1 11
1 12
1 13
1 14
1 15
1 16
1 17
1 18
1 19
1 20
1 21
1 22
1 23
1 24
1 25
1 26
1 27
1 28
1 29
1 30
1 31
1 32
1 33
1 34
1 35
1 36
1 37
1 38
1 39
1 40
1 41
1 42
1 43
1 44
1 45
1 46
1 47
1 48
1 49
1 50
1 51
1 52
1 53
1 54
1 55
1 56
1 57
1 58
1 59
1 60
1 61
1 62
1 63
1 64
1 65
1 66
1 67
1 68
1 69
1 70
1 71
1 72
1 73
1 74
1 75
1 76
1 77
1 78
1 79
1 80
1 81
1 82
1 83
1 84
1 85
1 86
1 87
1 88
1 89
1 90
1 91
1 92
1 93
1 94
1 95
1 96
1 97
1 98
1 99
1 100
1 101
1 102
1 103
1 104
1 105
1 106
1 107
1 108
1 109
1 110
1 111
1 112
1 113
1 114
1 115
1 116
1 117
1 118
1 119
1 358
1 359
1 360
1 361
1 362
1 370
1 437
1 438
1 439
1 440
1 441
1 442
1 443
1 444
1 445
1 446
1 447
1 448
1 449
1 450
1 451
1 452
1 453
1 474
1 475
1 476
1 477
1 478
1 479
1 480
1 481
1 488
1 489
1 490
1 491
1 492
1 493
1 494
1 495
1 496
1 541
1 664
1 665
1 666
1 667
1 668
1 669
1 670
1 671
1 672
1 673
1 724
1 725
1 726
1 727
1 728
1 729
1 730
1 731
1 732
1 733
1 734
1 735
1 736
1 737
1 738
1 941
1 942
1 943
1 944
1 945
1 946
1 947
1 948
1 949
1 950
1 951
1 952
1 953
1 954
1 955
1 956
1 957
1 1038
1 1039
1 1040
1 1041
1 1042
1 1043
1 1044
1 1045
1 1046
1 1047
1 1048
1 1049
1 1050
1 1051
1 1052
1 1053
1 1054
1 1132
1 1133
2 1
2 2
2 3
2 4
2 5
2 6
2 7
2 8
2 9
2 10
2 11
2 12
2 13
2 14
2 15
2 16
2 17
2 18
2 19
2 20
2 21
2 22
2 23
2 24
2 25
2 26
2 27
2 28
2 29
2 30
2 31
2 32
2 33
2 34
2 35
2 36
2 37
2 38
2 39
2 40
2 41
2 42
2 43
2 44
2 45
2 46
2 47
2 48
2 49
2 50
2 51
2 52
2 53
2 54
2 55
2 56
2 57
2 58
2 59
2 60
2 61
2 62
2 63
2 64
2 65
2 66
2 67
2 68
2 69
2 70
2 71
2 72
2 73
2 74
2 75
2 76
2 77
2 78
2 79
2 80
2 81
2 82
2 83
2 84
2 85
2 86
2 87
2 88
2 89
2 90
2 91
2 92
2 93
2 94
2 95
2 96
2 97
2 98
2 99
2 100
2 101
2 102
2 103
2 104
2 105
2 106
2 107
2 108
2 109
2 110
2 111
2 112
2 113
2 114
2 115
2 116
2 117
2 118
2 119
2 120
2 121
2 123
2 124
2 125
2 126
2 127
2 128
2 129
2 130
2 131
2 132
2 133
2 134
2 135
2 136
2 137
2 138
2 139
2 140
2 141
2 142
2 143
2 144
2 145
2 146
2 147
2 148
2 149
2 150
2 151
2 152
2 153
2 154
2 155
2 156
2 157
2 158
2 159
2 160
2 161
2 162
2 163
2 164
2 165
2 166
2 167
2 168
2 169
2 170
2 171
2 172
2 173
2 174
2 175
2 176
2 177
2 178
2 179
2 180
2 181
2 182
2 183
2 184
2 185
2 186
2 187
2 188
2 189
2 190
2 191
2 192
2 193
2 194
2 195
2 196
2 197
2 198
2 199
2 200
2 201
2 202
2 203
2 204
2 205
2 206
2 207
2 208
2 209
2 210
2 211
2 212
2 213
2 214
2 215
2 216
2 217
2 218
2 219
2 220
2 221
2 222
2 223
2 224
2 225
2 226
2 227
2 228
2 229
2 230
2 231
2 232
2 233
2 234
2 235
2 236
2 237
2 238
2 239
2 240
2 241
2 242
2 243
2 244
2 245
2 246
2 247
2 248
2 249
2 250
2 251
2 252
2 253
2 254
2 255
2 256
2 257
2 258
2 259
2 260
2 261
2 262
2 263
2 264
2 265
2 266
2 267
2 268
2 269
2 270
2 271
2 272
2 273
2 274
2 275
2 276
2 277
2 278
2 279
2 280
2 281
2 282
2 283
2 284
2 285
2 286
2 287
2 288
2 289
2 290
2 291
2 292
2 293
2 294
2 295
2 296
2 303
2 304
2 305
2 306
2 307
2 308
2 309
2 310
2 311
2 312
2 313
2 314
2 315
2 316
2 317
2 318
2 319
2 320
2 321
2 322
2 323
2 324
2 325
2 326
2 327
2 328
2 329
2 330
2 331
2 332
2 333
2 334
2 335
2 336
2 337
2 338
2 339
2 340
2 341
2 342
2 343
2 344
2 345
2 346
2 347
2 348
2 349
2 350
2 351
2 352
2 353
2 354
2 355
2 356
2 357
2 358
2 359
2 360
2 361
2 362
2 363
2 364
2 365
2 366
2 367
2 369
2 370
2 371
2 372
2 373
2 374
2 375
2 376
2 377
2 378
2 379
2 380
2 381
2 382
2 383
2 384
2 385
2 386
2 387
2 388
2 389
2 390
2 391
2 392
2 393
2 394
2 395
2 396
2 397
2 398
2 399
2 400
2 401
2 402
2 403
2 404
2 405
2 406
2 407
2 408
2 409
2 410
2 411
2 412
2 413
2 414
2 415
2 416
2 418
2 419
2 420
2 421
2 422
2 423
2 424
2 425
2 426
2 427
2 428
2 429
2 430
2 431
2 432
2 433
2 434
2 435
2 436
2 437
2 438
2 439
2 440
2 441
2 442
2 443
2 444
2 445
2 446
2 447
2 448
2 449
2 450
2 451
2 452
2 453
2 454
2 455
2 456
2 457
2 458
2 459
2 460
2 461
2 462
2 463
2 464
2 465
2 466
2 467
2 468
2 469
2 470
2 471
2 472
2 473
2 474
2 475
2 476
2 477
2 478
2 479
2 480
2 481
2 482
2 483
2 484
2 485
2 488
2 489
2 490
2 491
2 492
2 493
2 494
2 495
2 496
2 497
2 498
2 500
2 501
2 504
2 505
2 506
2 507
2 508
2 509
2 510
2 511
2 513
2 514
2 515
2 516
2 518
2 519
2 520
2 521
2 522
2 523
2 526
2 533
2 534
2 535
2 536
2 537
2 538
2 541
2 542
2 543
2 544
2 545
2 546
2 547
2 548
2 549
2 551
2 552
2 553
2 555
2 557
2 558
2 560
2 561
2 563
2 564
2 567
2 568
2 569
2 570
2 572
2 573
2 574
2 575
2 576
2 577
2 578
2 579
2 580
2 581
2 582
2 583
2 584
2 585
2 586
2 587
2 588
2 589
2 590
2 591
2 592
2 593
2 594
2 595
2 596
2 597
2 598
2 599
2 602
2 604
2 605
2 606
2 607
2 608
2 609
2 610
2 611
2 612
2 613
2 615
2 616
2 617
2 618
2 619
2 620
2 623
2 624
2 625
2 626
2 627
2 630
2 631
2 632
2 633
2 634
2 635
2 636
2 637
2 638
2 639
2 640
2 641
2 642
2 643
2 644
2 645
2 646
2 647
2 648
2 649
2 650
2 651
2 652
2 653
2 654
2 655
2 656
2 657
2 658
2 659
2 660
2 661
2 662
2 663
2 664
2 665
2 666
2 667
2 668
2 669
2 670
2 671
2 672
2 673
2 674
2 675
2 676
2 677
2 678
2 680
2 681
2 682
2 683
2 684
2 685
2 686
2 687
2 688
2 689
2 690
2 691
2 692
2 693
2 695
2 696
2 697
2 698
2 699
2 700
2 701
2 702
2 703
2 704
2 707
2 709
2 710
2 711
2 712
2 713
2 714
2 715
2 716
2 717
2 718
2 719
2 720
2 721
2 722
2 723
2 724
2 725
2 726
2 727
2 728
2 729
2 730
2 731
2 732
2 733
2 734
2 735
2 736
2 737
2 738
2 739
2 740
2 741
2 742
2 743
2 744
2 745
2 746
2 747
2 748
2 749
2 750
2 751
2 752
2 753
2 754
2 755
2 756
2 757
2 758
2 759
2 760
2 761
2 762
2 763
2 764
2 765
2 766
2 767
2 768
2 769
2 770
2 771
2 772
2 773
2 774
2 775
2 776
2 777
2 778
2 779
2 780
2 781
2 782
2 783
2 784
2 785
2 786
2 787
2 788
2 789
2 790
2 791
2 792
2 793
2 794
2 795
2 796
2 797
2 798
2 799
2 800
2 801
2 802
2 803
2 804
2 805
2 806
2 807
2 808
2 809
2 810
2 811
2 812
2 813
2 814
2 815
2 816
2 817
2 818
2 819
2 820
2 821
2 822
2 823
2 824
2 825
2 826
2 827
2 828
2 829
2 830
2 831
2 832
2 833
2 834
2 835
2 836
2 837
2 838
2 839
2 840
2 841
2 842
2 843
2 844
2 845
2 846
2 847
2 848
2 849
2 850
2 851
2 852
2 853
2 854
2 855
2 856
2 857
2 858
2 859
2 860
2 861
2 862
2 863
2 864
2 865
2 866
2 867
2 868
2 869
2 870
2 871
2 873
2 874
2 875
2 876
2 878
2 879
2 880
2 881
2 882
2 883
2 884
2 886
2 887
2 888
2 889
2 890
2 891
2 892
2 893
2 894
2 895
2 896
2 897
2 898
2 899
2 900
2 901
2 902
2 903
2 915
2 935
2 939
2 940
2 941
2 942
2 943
2 944
2 945
2 946
2 947
2 948
2 949
2 950
2 951
2 952
2 953
2 954
2 955
2 956
2 957
2 961
2 962
2 963
2 964
2 965
2 966
2 967
2 968
2 969
2 970
2 971
2 972
2 973
2 974
2 975
2 976
2 978
2 979
2 980
2 986
2 987
2 989
2 990
2 992
2 993
2 994
2 995
2 996
2 997
2 998
2 999
2 1000
2 1001
2 1002
2 1003
2 1004
2 1005
2 1006
2 1007
2 1008
2 1009
2 1010
2 1011
2 1012
2 1013
2 1014
2 1015
2 1016
2 1017
2 1018
2 1019
2 1020
2 1021
2 1022
2 1023
2 1024
2 1025
2 1026
2 1027
2 1028
2 1029
2 1038
2 1039
2 1040
2 1041
2 1042
2 1043
2 1044
2 1045
2 1046
2 1047
2 1048
2 1049
2 1050
2 1051
2 1052
2 1053
2 1054
2 1056
2 1057
2 1058
2 1059
2 1060
2 1061
2 1062
2 1063
2 1064
2 1065
2 1066
2 1067
2 1068
2 1069
2 1070
2 1077
2 1078
2 1079
2 1080
2 1081
2 1083
2 1086
2 1087
2 1088
2 1090
2 1091
2 1092
2 1097
2 1098
2 1102
2 1104
2 1105
2 1106
2 1107
2 1108
2 1109
2 1110
2 1111
2 1112
2 1113
2 1114
2 1115
2 1116
2 1117
2 1118
2 1119
2 1120
2 1121
2 1122
2 1123
2 1124
2 1125
2 1126
2 1127
2 1128
2 1129
2 1130
2 1131
2 1132
2 1133
2 1136
2 1137
2 1138
2 1139
2 1140
2 1141
2 1142
2 1143
2 1145
2 1147
2 1148
2 1149
2 1150
2 1153
2 1154
2 1155
2 1156
2 1157
2 1158
2 1164
2 1165
2 1166
2 1167
2 1168
2 1169
2 1170
2 1171
2 1172
2 1173
2 1174
2 1182
2 1185
2 1186
2 1187
2 1188
2 1189
2 1190
2 1191
2 1192
2 1193
2 1194
2 1196
2 1197
2 1198
2 1200
2 1201
2 1204
2 1205
2 1206
2 1207
2 1208
2 1209
2 1210
2 1211
2 1216
2 1217
2 1218
2 1219
2 1220
2 1221
2 1223
2 1224
2 1225
2 1226
2 1227
2 1228
2 1229
2 1230
2 1231
2 1232
2 1233
2 1234
2 1235
2 1236
2 1237
2 1238
2 1239
2 1240
2 1241
2 1242
2 1243
2 1244
2 1245
2 1246
2 1247
2 1248
2 1249
2 1250
2 1251
2 1252
2 1253
2 1254
2 1255
2 1256
2 1264
2 1265
2 1266
2 1267
2 1268
2 1269
2 1270
2 1271
2 1272
2 1273
2 1274
2 1275
2 1276
2 1277
2 1278
2 1279
2 1280
2 1281
2 1282
2 1283
2 1284
2 1285
2 1286
2 1287
2 1288
2 1289
2 1290
2 1293
2 1294
2 1295
2 1296
2 1297
2 1298
2 1299
2 1300
2 1301
2 1302
2 1303
2 1304
2 1305
2 1306
2 1308
2 1309
2 1310
2 1311
2 1312
2 1313
2 1314
2 1315
2 1316
2 1317
2 1318
2 1319
2 1320
2 1321
2 1322
2 1323
2 1324
2 1325
2 1326
2 1327
2 1328
2 1329
2 1330
2 1331
2 1332
2 1335
2 1336
2 1337
2 1338
2 1339
2 1340
2 1341
2 1342
2 1344
2 1345
2 1346
2 1347
2 1348
2 1349
2 1352
2 1353
2 1354
2 1355
2 1356
2 1357
2 1358
2 1359
2 1360
2 1361
2 1362
2 1363
2 1364
2 1365
2 1366
2 1367
2 1372
2 1382
2 1383
2 1384
2 1385
2 1399
2 1402
2 1403
2 1405
2 1407
2 1408
2 1409
2 1410
2 1412
2 1425
3 81
3 125
3 196
3 234
3 241
3 270
3 1093
3 1308
3 9606
3 10845
3 10846
4 81
4 96
4 363
4 11247
4 11953
4 13348
5 81
5 94
5 120
5 125
5 130
5 141
5 157
5 191
5 195
5 225
5 229
5 232
5 233
5 235
5 238
5 239
5 240
5 243
5 244
5 245
5 246
5 247
5 255
5 258
5 259
5 261
5 262
5 263
5 264
5 265
5 267
5 269
5 275
5 276
5 277
5 281
5 282
5 283
5 284
5 285
5 286
5 287
5 288
5 295
5 296
5 355
5 356
5 357
5 363
5 369
5 380
5 401
5 432
5 435
5 485
5 505
5 515
5 542
5 543
5 544
5 545
5 546
5 549
5 553
5 562
5 564
5 569
5 570
5 602
5 604
5 605
5 607
5 615
5 635
5 637
5 638
5 639
5 640
5 641
5 642
5 643
5 675
5 677
5 680
5 681
5 684
5 688
5 698
5 700
5 707
5 739
5 740
5 741
5 743
5 749
5 750
5 757
5 763
5 800
5 804
5 836
5 837
5 844
5 852
5 853
5 859
5 861
5 869
5 874
5 875
5 878
5 880
5 881
5 884
5 886
5 892
5 893
5 900
5 903
5 939
5 940
5 986
5 989
5 990
5 992
5 993
5 994
5 995
5 996
5 998
5 999
5 1000
5 1001
5 1002
5 1003
5 1004
5 1005
5 1037
5 1065
5 1066
5 1067
5 1080
5 1082
5 1086
5 1087
5 1088
5 1090
5 1106
5 1107
5 1141
5 1143
5 1151
5 1152
5 1159
5 1160
5 1161
5 1163
5 1175
5 1177
5 1180
5 1181
5 1202
5 1203
5 1212
5 1216
5 1222
5 1260
5 1262
5 1308
5 1350
5 1368
5 1369
5 1420
5 1422
5 1423
5 1427
5 1430
5 1431
5 1432
5 1434
5 1440
5 1443
5 1444
5 1445
5 1456
5 1469
5 1481
5 1484
5 1485
5 1491
5 1492
5 1545
5 1559
5 1674
5 1675
5 1676
5 1677
5 1678
5 1680
5 1682
5 1683
5 1798
5 1843
5 1904
5 1907
5 1925
5 1929
5 2328
5 2806
5 2819
5 2823
5 2824
5 2825
5 2826
5 2827
5 2828
5 2829
5 2830
5 2933
5 3160
5 3202
5 3225
5 3226
5 3227
5 3228
5 3229
5 3297
5 3316
5 3317
5 3337
5 3345
5 3464
5 3465
5 3466
5 3482
5 3506
5 3549
5 3550
5 3551
5 3552
5 3553
5 3554
5 3555
5 3556
5 3557
5 3558
5 3559
5 3560
5 3561
5 3562
5 3576
5 3607
5 3608
5 3615
5 3616
5 3683
5 3703
5 3704
5 3783
5 3788
5 3789
5 3791
5 3821
5 3876
5 4202
5 4203
5 4217
5 4218
5 4219
5 4255
5 4350
5 4407
5 4443
5 4671
5 4672
5 4676
5 4677
5 4678
5 4679
5 4680
5 5740
5 5801
5 6103
5 6104
5 6105
5 6106
5 6107
5 6108
5 6109
5 6110
5 6111
5 6113
5 6114
5 6118
5 6119
5 6120
5 6121
5 6122
5 6123
5 6124
5 6126
5 6129
5 6131
5 6132
5 6133
5 6134
5 6135
5 6151
5 6152
5 6153
5 6154
5 6155
5 6156
5 6158
5 6159
5 6160
5 6161
5 6162
5 6163
5 6165
5 6166
5 6167
5 6436
5 6687
5 6815
5 7001
5 7143
5 7188
5 7756
5 8236
5 8449
5 8470
5 8471
5 8788
5 8790
5 8791
5 8792
5 8793
5 8794
5 8795
5 8796
5 8801
5 8803
5 8806
5 8807
5 8808
5 8809
5 8810
5 8811
5 8812
5 8813
5 8814
5 8815
5 8816
5 8817
5 8818
5 8819
5 8820
5 8821
5 8822
5 8823
5 8825
5 8826
5 8827
5 8828
5 8829
5 8830
5 8831
5 8832
5 8833
5 8834
5 8835
5 8836
5 8837
5 8838
5 8839
5 8840
5 8841
5 8842
5 8843
5 8844
5 8845
5 8846
5 8847
5 8848
5 8849
5 8850
5 8851
5 8852
5 8855
5 8856
5 8857
5 8858
5 8859
5 8860
5 8861
5 8862
5 8863
5 8864
5 8865
5 8866
5 8867
5 8868
5 8869
5 8870
5 8871
5 8875
5 8877
5 8878
5 8879
5 8880
5 8881
5 8882
5 8988
5 9172
5 9174
5 9175
5 9176
5 9177
5 9697
5 9929
5 10090
5 10091
5 10092
5 10093
5 10094
5 10095
5 10096
5 10097
5 10106
5 10107
5 10108
5 10115
5 10116
5 10117
5 10118
5 10119
5 10120
5 10121
5 10410
5 10412
5 10486
5 10487
5 10488
5 10489
5 10490
5 10647
5 10990
5 11545
5 11546
5 11547
5 11548
5 11549
5 11550
5 11551
5 11553
5 11554
5 11555
5 11556
5 11557
5 11558
5 11559
5 11560
5 11561
5 11562
5 11563
5 11564
5 11565
5 11566
5 11567
5 11568
5 11569
5 11570
5 11571
5 11572
5 11573
5 11574
5 11575
5 11576
5 11577
5 11578
5 11579
5 11580
5 11585
5 11587
5 11589
5 11590
5 11591
5 11592
5 11595
5 11596
5 11597
5 11598
5 11599
5 11600
5 11601
5 11602
5 11603
5 11604
5 11605
5 11606
5 11607
5 11608
5 11609
5 11610
5 11613
5 11614
5 11615
5 11616
5 11617
5 11618
5 11619
5 11620
5 11621
5 11622
5 11623
5 11624
5 11625
5 11626
5 11627
5 11628
5 11629
5 11630
5 11631
5 11632
5 11633
5 11634
5 11635
5 11636
5 11637
5 11638
5 11639
5 11640
5 11641
5 11642
5 11643
5 11644
5 11645
5 11646
5 11647
5 11648
5 11649
5 11650
5 11651
5 11656
5 11657
5 11658
5 11659
5 11660
5 11661
5 11662
5 11663
5 11664
5 11665
5 11666
5 11667
5 11668
5 11669
5 11670
5 11671
5 11672
5 11673
5 11674
5 11675
5 11676
5 11677
5 11678
5 11679
5 11680
5 11681
5 11682
5 11683
5 11684
5 11685
5 11686
5 11687
5 11688
5 11689
5 11690
5 11691
5 11692
5 11693
5 11694
5 11695
5 11697
5 11698
5 11699
5 11700
5 11701
5 11702
5 11703
5 11704
5 11705
5 11706
5 11707
5 11708
5 11709
5 11710
5 11711
5 11712
5 11713
5 11714
5 11715
5 11716
5 11717
5 11718
5 11719
5 11720
5 11721
5 11722
5 11723
5 11724
5 11725
5 11726
5 11727
5 11728
5 11729
5 11730
5 11731
5 11732
5 11733
5 11734
5 11735
5 11736
5 12236
5 12921
5 13036
5 13037
5 13038
5 13039
5 13043
5 13045
5 13047
5 13048
5 13049
5 13050
5 13051
5 13052
5 13053
5 13054
5 13055
5 13056
5 13057
5 13058
5 13059
5 13061
5 13062
5 13066
5 13067
5 13068
5 13069
5 13070
5 13071
5 13072
5 13073
5 13074
5 13075
5 13076
5 13077
5 13078
5 13079
5 13084
5 13085
5 13086
5 13087
5 13090
5 13093
5 13094
5 13095
5 13096
5 13097
5 13098
5 13099
5 13100
5 13101
5 13102
5 13103
5 13105
5 13106
5 13107
5 13108
5 13109
5 13110
5 13111
5 13112
5 13113
5 13114
5 13115
5 13116
5 13117
5 13118
5 13119
5 13120
5 13121
5 13122
5 13123
5 13124
5 13126
5 13127
5 13128
5 13129
5 13130
5 13131
5 13132
5 13133
5 13134
5 13136
5 13137
5 13138
5 13141
5 13142
5 13143
5 13144
5 13145
5 13146
5 13148
5 13149
5 13150
5 13151
5 13152
5 13153
5 13154
5 13155
5 13156
5 13157
5 13158
5 13159
5 13160
5 13161
5 13162
5 13163
5 13164
5 13165
5 13166
5 13167
5 13168
5 13169
5 13170
5 13171
5 13172
5 13173
5 13174
5 13175
5 13176
5 13177
5 13178
5 13179
5 13180
5 13181
5 13182
5 13183
5 13184
5 13185
5 13186
5 13187
5 13188
5 13189
5 13190
5 13191
5 13192
5 13193
5 13194
5 13195
5 13196
5 13198
5 13199
5 13200
5 13201
5 13202
5 13203
5 13204
5 13205
5 13206
5 13207
5 13208
5 13209
5 13210
5 13211
5 13212
5 13213
5 13214
5 13216
5 13217
5 13218
5 13219
5 13220
5 13221
5 13222
5 13223
5 13224
5 13225
5 13226
5 13227
5 13228
5 13230
5 13231
5 13232
5 13233
5 13234
5 13235
5 13236
5 13237
5 13238
5 13239
5 13240
5 13241
5 13243
5 13244
5 13245
5 13246
5 13247
5 13248
5 13249
5 13250
5 13251
5 13252
5 13253
5 13254
5 13255
5 13256
5 13257
5 13258
5 13259
5 13260
5 13261
5 13262
5 13263
5 13264
5 13265
5 13266
5 13267
5 13268
5 13269
5 13270
5 13272
5 13273
5 13274
5 13275
5 13276
5 13278
5 13279
5 13280
5 13281
5 13282
5 13283
5 13284
5 13285
5 13287
5 13288
5 13289
5 13290
5 13291
5 13292
5 13293
5 13294
5 13295
5 13296
5 13297
5 13298
5 13299
5 13300
5 13301
5 13302
5 13303
5 13305
5 13306
5 13307
5 13308
5 13309
5 13310
5 13311
5 13313
5 13314
5 13315
5 13316
5 13317
5 13318
5 13319
5 13320
5 13321
5 13322
5 13323
5 13324
5 13325
5 13327
5 13328
5 13329
5 13330
5 13331
5 13332
5 13333
5 13334
5 13335
5 13336
5 13337
5 13341
5 13342
5 13345
5 13346
5 13348
5 13350
5 13351
5 13352
5 13353
5 13354
5 13355
5 13356
5 13357
5 13358
5 13359
5 13360
5 13361
5 13362
5 13363
5 13364
5 13365
5 13366
5 13367
5 13369
5 13371
5 13378
5 13379
5 13380
5 13381
5 13382
5 13383
5 13384
5 13385
5 13386
5 13387
5 13388
5 13390
5 13391
5 13392
5 13393
5 13394
5 13395
5 13396
5 13397
5 13398
5 13399
5 13400
5 13401
5 13402
5 13403
5 13404
5 13405
5 13406
5 13407
5 13408
5 13409
5 13410
5 13411
5 13412
5 13553
5 13605
5 13607
5 13608
5 13609
5 13610
5 13611
5 13612
5 13613
5 13614
5 13615
5 13616
5 13617
5 13618
5 13619
5 13620
5 13621
5 13622
5 13623
5 13624
5 13625
5 13626
5 13627
5 13628
5 13629
5 13630
5 13631
5 13632
5 13633
5 13634
5 13738
5 13739
5 13775
5 13776
5 13777
5 13778
5 13779
5 13780
5 13783
5 13786
5 13790
5 13795
5 13797
5 13799
5 13801
5 13803
5 13809
5 13810
5 13811
5 13812
5 13813
5 13814
5 13815
5 13816
5 13817
5 13818
5 13821
5 13823
5 13824
5 13825
5 13826
5 13827
5 13828
5 13829
5 13830
5 13831
5 13832
5 13834
5 13836
5 13838
5 13839
5 13840
5 13841
5 13842
5 13843
5 13844
5 13851
5 13852
5 13853
5 13854
5 13855
5 13856
5 13857
5 13858
5 13859
5 13860
5 13861
5 13862
5 13864
5 13865
5 13866
5 13867
5 13868
5 13870
5 13878
5 13879
5 13880
5 13881
5 13882
5 13883
5 13884
5 13885
5 13886
5 13887
5 13888
5 13889
5 13892
5 13893
5 13894
5 13895
5 13896
5 13897
5 13898
5 13899
5 13900
5 13901
5 13902
5 13903
5 13904
5 13905
5 13906
5 13907
5 13910
5 13911
5 13912
5 13913
5 13914
5 13915
5 13916
5 13917
5 13918
5 13919
5 13920
5 13922
5 13923
5 13924
5 13925
5 13926
5 13927
5 13928
5 13929
5 13932
5 13933
5 13934
5 13935
5 13936
5 13937
5 13938
5 13939
5 13940
5 13941
5 13942
5 13943
5 13944
5 13945
5 13946
5 13947
5 13948
5 13949
5 13950
5 13951
5 13952
5 13953
5 13954
5 13955
5 13956
5 13957
5 13958
5 13959
5 13960
5 13961
5 13962
5 13963
5 13964
5 13965
5 13966
5 13967
5 13968
5 13969
5 13970
5 13971
5 13972
5 13973
5 13974
5 13975
5 13976
5 13977
5 13978
5 13979
5 13980
5 13981
5 13985
5 13989
5 13990
5 14104
5 14128
5 14141
5 14158
5 14402
5 14418
5 14419
5 14421
5 14562
5 14564
5 14944
5 15046
5 15047
5 15067
5 15068
5 15069
5 15147
5 15152
5 15153
5 15156
5 15311
5 15313
5 15325
5 15367
5 15381
5 15386
5 15408
5 15412
5 15413
5 15414
5 15415
5 15416
5 15421
5 15448
5 15755
5 15810
5 15811
5 15812
5 15813
5 15918
5 15960
5 16117
5 16118
5 17041
5 17042
5 17043
5 17045
5 17122
5 17157
5 17203
5 17369
6 94
6 124
6 125
6 128
6 131
6 137
6 138
6 139
6 140
6 145
6 156
6 160
6 161
6 162
6 163
6 164
6 165
6 166
6 167
6 168
6 169
6 170
6 171
6 173
6 174
6 176
6 177
6 182
6 183
6 184
6 185
6 187
6 189
6 190
6 192
6 193
6 194
6 195
6 196
6 198
6 202
6 203
6 205
6 206
6 209
6 210
6 211
6 214
6 220
6 224
6 225
6 226
6 227
6 228
6 229
6 230
6 232
6 233
6 235
6 237
6 238
6 239
6 240
6 241
6 242
6 243
6 244
6 245
6 246
6 247
6 248
6 250
6 254
6 258
6 259
6 260
6 261
6 262
6 263
6 264
6 265
6 266
6 267
6 269
6 271
6 275
6 276
6 277
6 279
6 281
6 282
6 283
6 284
6 285
6 286
6 287
6 295
6 296
6 355
6 357
6 365
6 374
6 375
6 376
6 377
6 380
6 382
6 391
6 394
6 405
6 406
6 417
6 431
6 435
6 501
6 504
6 507
6 514
6 515
6 516
6 518
6 519
6 521
6 524
6 525
6 532
6 534
6 538
6 539
6 551
6 552
6 554
6 555
6 568
6 613
6 617
6 626
6 631
6 632
6 635
6 644
6 675
6 677
6 681
6 683
6 685
6 693
6 701
6 702
6 710
6 741
6 742
6 743
6 750
6 758
6 759
6 760
6 761
6 762
6 764
6 765
6 766
6 767
6 768
6 769
6 770
6 771
6 772
6 773
6 774
6 775
6 776
6 777
6 778
6 779
6 780
6 781
6 782
6 783
6 784
6 785
6 800
6 801
6 804
6 807
6 844
6 859
6 861
6 875
6 878
6 881
6 883
6 894
6 895
6 896
6 898
6 901
6 907
6 909
6 912
6 913
6 914
6 915
6 916
6 924
6 925
6 927
6 928
6 931
6 932
6 936
6 937
6 982
6 986
6 988
6 996
6 1025
6 1028
6 1035
6 1055
6 1068
6 1070
6 1072
6 1073
6 1080
6 1084
6 1089
6 1090
6 1098
6 1102
6 1137
6 1141
6 1148
6 1182
6 1185
6 1186
6 1187
6 1188
6 1189
6 1190
6 1191
6 1192
6 1193
6 1194
6 1196
6 1197
6 1198
6 1200
6 1201
6 1205
6 1214
6 1215
6 1260
6 1261
6 1291
6 1292
6 1308
6 1309
6 1310
6 1311
6 1315
6 1316
6 1317
6 1351
6 1389
6 1392
6 1403
6 1415
6 1418
6 1421
6 1438
6 1458
6 1463
6 1465
6 1466
6 1470
6 1474
6 1488
6 1489
6 1490
6 1492
6 1494
6 1496
6 1497
6 1498
6 1499
6 1500
6 1501
6 1502
6 1503
6 1504
6 1505
6 1506
6 1507
6 1508
6 1509
6 1510
6 1511
6 1512
6 1513
6 1514
6 1515
6 1516
6 1517
6 1518
6 1519
6 1520
6 1521
6 1522
6 1523
6 1524
6 1525
6 1526
6 1527
6 1528
6 1529
6 1530
6 1531
6 1532
6 1533
6 1534
6 1535
6 1536
6 1542
6 1545
6 1547
6 1562
6 1564
6 1569
6 1586
6 1587
6 1588
6 1609
6 1612
6 1650
6 1667
6 1674
6 1683
6 1800
6 1846
6 1875
6 1900
6 1915
6 1919
6 1925
6 1926
6 2002
6 2006
6 2015
6 2017
6 2051
6 2055
6 2061
6 2070
6 2074
6 2088
6 2093
6 2094
6 2116
6 2122
6 2126
6 2138
6 2164
6 2177
6 2206
6 2216
6 2220
6 2221
6 2226
6 2238
6 2245
6 2247
6 2258
6 2273
6 2292
6 2294
6 2340
6 2350
6 2354
6 2356
6 2360
6 2398
6 2411
6 2442
6 2456
6 2457
6 2497
6 2513
6 2514
6 2518
6 2519
6 2520
6 2523
6 2524
6 2525
6 2526
6 2529
6 2531
6 2537
6 2556
6 2591
6 2605
6 2618
6 2622
6 2623
6 2624
6 2663
6 2671
6 2674
6 2675
6 2686
6 2705
6 2718
6 2720
6 2726
6 2728
6 2730
6 2733
6 2736
6 2737
6 2741
6 2742
6 2743
6 2744
6 2747
6 2749
6 2750
6 2756
6 2758
6 2760
6 2761
6 2762
6 2763
6 2764
6 2765
6 2766
6 2767
6 2768
6 2769
6 2770
6 2771
6 2772
6 2773
6 2774
6 2775
6 2776
6 2777
6 2778
6 2779
6 2780
6 2781
6 2782
6 2783
6 2784
6 2785
6 2786
6 2787
6 2788
6 2789
6 2790
6 2791
6 2792
6 2793
6 2794
6 2795
6 2796
6 2797
6 2798
6 2799
6 2800
6 2801
6 2802
6 2803
6 2804
6 2805
6 2806
6 2807
6 2808
6 2809
6 2810
6 2811
6 2812
6 2813
6 2814
6 2815
6 2816
6 2817
6 2818
6 2819
6 2820
6 2821
6 2822
6 2823
6 2824
6 2825
6 2826
6 2827
6 2828
6 2829
6 2830
6 2831
6 2832
6 2833
6 2834
6 2835
6 2836
6 2837
6 2838
6 2839
6 2840
6 2841
6 2842
6 2843
6 2844
6 2845
6 2846
6 2847
6 2848
6 2849
6 2850
6 2851
6 2852
6 2853
6 2854
6 2855
6 2856
6 2857
6 2858
6 2859
6 2860
6 2861
6 2862
6 2863
6 2864
6 2865
6 2866
6 2867
6 2868
6 2870
6 2871
6 2872
6 2873
6 2874
6 2875
6 2876
6 2877
6 2878
6 2879
6 2880
6 2881
6 2882
6 2883
6 2884
6 2885
6 2886
6 2887
6 2888
6 2889
6 2890
6 2891
6 2892
6 2893
6 2894
6 2895
6 2896
6 2897
6 2898
6 2899
6 2900
6 2901
6 2902
6 2903
6 2904
6 2905
6 2906
6 2907
6 2908
6 2909
6 2910
6 2911
6 2912
6 2913
6 2914
6 2915
6 2916
6 2917
6 2918
6 2919
6 2920
6 2921
6 2922
6 2923
6 2924
6 2925
6 2926
6 2927
6 2928
6 2929
6 2930
6 2931
6 2932
6 2933
6 2934
6 2935
6 2936
6 2937
6 2938
6 2939
6 2940
6 2941
6 2942
6 2943
6 2944
6 2945
6 2946
6 2947
6 2948
6 2949
6 2950
6 2951
6 2952
6 2953
6 2954
6 2955
6 2956
6 2957
6 2958
6 2959
6 2960
6 2961
6 2962
6 2963
6 2964
6 2965
6 2966
6 2967
6 2968
6 2969
6 2970
6 2971
6 2972
6 2973
6 2974
6 2975
6 2976
6 2977
6 2978
6 2979
6 2980
6 2981
6 2982
6 2983
6 2984
6 2985
6 2986
6 2987
6 2988
6 2989
6 2990
6 2991
6 2992
6 2993
6 2994
6 2995
6 2996
6 2997
6 2998
6 2999
6 3000
6 3001
6 3002
6 3003
6 3004
6 3005
6 3006
6 3007
6 3008
6 3009
6 3010
6 3011
6 3012
6 3013
6 3014
6 3015
6 3016
6 3017
6 3018
6 3019
6 3020
6 3021
6 3022
6 3023
6 3024
6 3025
6 3027
6 3028
6 3029
6 3030
6 3031
6 3032
6 3033
6 3034
6 3035
6 3036
6 3037
6 3038
6 3039
6 3040
6 3041
6 3042
6 3043
6 3044
6 3045
6 3046
6 3047
6 3050
6 3051
6 3052
6 3053
6 3054
6 3055
6 3056
6 3057
6 3058
6 3059
6 3060
6 3061
6 3062
6 3063
6 3064
6 3065
6 3066
6 3067
6 3068
6 3069
6 3070
6 3071
6 3072
6 3077
6 3078
6 3079
6 3080
6 3081
6 3082
6 3083
6 3084
6 3085
6 3086
6 3087
6 3088
6 3089
6 3090
6 3091
6 3092
6 3094
6 3095
6 3096
6 3097
6 3098
6 3099
6 3100
6 3101
6 3102
6 3103
6 3104
6 3105
6 3106
6 3109
6 3110
6 3111
6 3112
6 3113
6 3114
6 3115
6 3116
6 3117
6 3118
6 3119
6 3120
6 3121
6 3122
6 3126
6 3127
6 3128
6 3129
6 3130
6 3131
6 3132
6 3133
6 3134
6 3135
6 3136
6 3137
6 3138
6 3139
6 3140
6 3141
6 3142
6 3143
6 3144
6 3145
6 3146
6 3147
6 3148
6 3149
6 3150
6 3151
6 3152
6 3153
6 3154
6 3155
6 3156
6 3157
6 3158
6 3159
6 3160
6 3161
6 3162
6 3163
6 3164
6 3165
6 3166
6 3167
6 3168
6 3169
6 3170
6 3171
6 3172
6 3173
6 3174
6 3175
6 3176
6 3177
6 3178
6 3179
6 3180
6 3181
6 3182
6 3183
6 3184
6 3185
6 3186
6 3187
6 3188
6 3189
6 3190
6 3192
6 3193
6 3194
6 3195
6 3196
6 3197
6 3198
6 3199
6 3200
6 3201
6 3202
6 3203
6 3204
6 3205
6 3206
6 3209
6 3212
6 3213
6 3214
6 3215
6 3216
6 3217
6 3218
6 3219
6 3220
6 3221
6 3222
6 3223
6 3224
6 3225
6 3226
6 3227
6 3228
6 3229
6 3230
6 3231
6 3233
6 3235
6 3236
6 3237
6 3238
6 3239
6 3240
6 3241
6 3242
6 3243
6 3244
6 3245
6 3246
6 3247
6 3249
6 3250
6 3251
6 3252
6 3253
6 3254
6 3255
6 3256
6 3257
6 3258
6 3259
6 3260
6 3261
6 3262
6 3263
6 3264
6 3265
6 3266
6 3267
6 3268
6 3269
6 3270
6 3271
6 3272
6 3273
6 3274
6 3275
6 3276
6 3277
6 3278
6 3279
6 3280
6 3281
6 3282
6 3283
6 3284
6 3285
6 3286
6 3287
6 3288
6 3289
6 3290
6 3291
6 3292
6 3293
6 3295
6 3296
6 3297
6 3298
6 3299
6 3300
6 3301
6 3302
6 3303
6 3304
6 3305
6 3306
6 3307
6 3308
6 3309
6 3310
6 3311
6 3312
6 3313
6 3314
6 3315
6 3316
6 3317
6 3318
6 3319
6 3320
6 3321
6 3322
6 3323
6 3324
6 3325
6 3326
6 3327
6 3328
6 3329
6 3330
6 3331
6 3332
6 3333
6 3334
6 3335
6 3336
6 3355
6 3356
6 3357
6 3358
6 3359
6 3360
6 3361
6 3362
6 3363
6 3364
6 3365
6 3366
6 3367
6 3368
6 3369
6 3370
6 3371
6 3372
6 3373
6 3374
6 3375
6 3376
6 3377
6 3378
6 3379
6 3380
6 3381
6 3382
6 3383
6 3384
6 3385
6 3386
6 3387
6 3388
6 3389
6 3390
6 3391
6 3392
6 3393
6 3394
6 3395
6 3396
6 3397
6 3398
6 3399
6 3400
6 3414
6 3415
6 3416
6 3417
6 3418
6 3419
6 3420
6 3421
6 3422
6 3423
6 3424
6 3425
6 3426
6 3427
6 3428
6 3429
6 3430
6 3431
6 3432
6 3433
6 3434
6 3435
6 3436
6 3437
6 3438
6 3439
6 3440
6 3441
6 3442
6 3443
6 3444
6 3445
6 3446
6 3447
6 3448
6 3449
6 3450
6 3451
6 3452
6 3453
6 3454
6 3455
6 3456
6 3457
6 3458
6 3459
6 3460
6 3461
6 3462
6 3463
6 3464
6 3465
6 3466
6 3467
6 3468
6 3469
6 3470
6 3471
6 3472
6 3473
6 3474
6 3475
6 3476
6 3477
6 3478
6 3479
6 3480
6 3481
6 3482
6 3483
6 3484
6 3495
6 3496
6 3497
6 3498
6 3499
6 3500
6 3501
6 3502
6 3503
6 3504
6 3505
6 3506
6 3507
6 3508
6 3509
6 3510
6 3511
6 3512
6 3514
6 3515
6 3516
6 3517
6 3518
6 3519
6 3520
6 3521
6 3522
6 3523
6 3524
6 3525
6 3526
6 3527
6 3528
6 3529
6 3530
6 3531
6 3532
6 3533
6 3534
6 3535
6 3536
6 3537
6 3538
6 3539
6 3540
6 3541
6 3542
6 3543
6 3544
6 3545
6 3546
6 3615
6 3622
6 3623
6 3624
6 3625
6 3626
6 3627
6 3628
6 3629
6 3630
6 3631
6 3632
6 3633
6 3634
6 3635
6 3636
6 3637
6 3638
6 3639
6 3640
6 3641
6 3653
6 3684
6 3685
6 3686
6 3687
6 3688
6 3689
6 3690
6 3691
6 3692
6 3693
6 3694
6 3695
6 3696
6 3697
6 3698
6 3699
6 3700
6 3701
6 3702
6 3774
6 3775
6 3776
6 3783
6 3787
6 3790
6 3799
6 3800
6 3803
6 3810
6 3829
6 3833
6 3840
6 3846
6 3850
6 3857
6 3859
6 3863
6 3866
6 3867
6 3868
6 3870
6 3876
6 3933
6 3936
6 3937
6 3938
6 3939
6 3940
6 3941
6 3959
6 3960
6 3961
6 3962
6 3963
6 3964
6 3965
6 3966
6 3967
6 3968
6 3969
6 3970
6 3971
6 3973
6 3974
6 3975
6 3976
6 3977
6 3978
6 3979
6 3980
6 3981
6 3982
6 3983
6 3984
6 3985
6 3986
6 3987
6 3988
6 3989
6 3990
6 3991
6 3996
6 3997
6 3998
6 4024
6 4054
6 4055
6 4056
6 4057
6 4058
6 4059
6 4060
6 4061
6 4062
6 4063
6 4064
6 4065
6 4066
6 4067
6 4068
6 4069
6 4070
6 4071
6 4072
6 4073
6 4074
6 4077
6 4078
6 4079
6 4080
6 4081
6 4082
6 4083
6 4084
6 4085
6 4086
6 4087
6 4088
6 4089
6 4090
6 4091
6 4098
6 4101
6 4102
6 4103
6 4153
6 4154
6 4155
6 4156
6 4157
6 4158
6 4159
6 4160
6 4161
6 4162
6 4163
6 4164
6 4165
6 4166
6 4167
6 4168
6 4169
6 4170
6 4171
6 4172
6 4173
6 4174
6 4175
6 4176
6 4177
6 4178
6 4179
6 4180
6 4181
6 4182
6 4183
6 4184
6 4185
6 4186
6 4188
6 4280
6 4281
6 4282
6 4283
6 4284
6 4285
6 4286
6 4287
6 4288
6 4289
6 4290
6 4291
6 4292
6 4293
6 4294
6 4295
6 4296
6 4297
6 4448
6 4449
6 4450
6 4451
6 4452
6 4453
6 4454
6 4455
6 4456
6 4457
6 4458
6 4459
6 4460
6 4461
6 4462
6 4464
6 4465
6 4466
6 4467
6 4468
6 4469
6 4470
6 4471
6 4472
6 4473
6 4474
6 4475
6 4476
6 4477
6 4478
6 4479
6 4480
6 4481
6 4482
6 4483
6 4484
6 4485
6 4489
6 4490
6 4491
6 4492
6 4493
6 4494
6 4495
6 4496
6 4497
6 4498
6 4499
6 4500
6 4501
6 4502
6 4503
6 4504
6 4505
6 4506
6 4507
6 4508
6 4509
6 4510
6 4511
6 4512
6 4513
6 4514
6 4515
6 4516
6 4517
6 4518
6 4519
6 4520
6 4521
6 4522
6 4523
6 4524
6 4525
6 4526
6 4527
6 4528
6 4529
6 4530
6 4531
6 4532
6 4533
6 4534
6 4535
6 4536
6 4537
6 4538
6 4539
6 4540
6 4541
6 4542
6 4543
6 4544
6 4545
6 4546
6 4547
6 4548
6 4549
6 4550
6 4551
6 4552
6 4553
6 4554
6 4555
6 4558
6 4559
6 4560
6 4561
6 4562
6 4563
6 4564
6 4565
6 4566
6 4567
6 4568
6 4569
6 4570
6 4571
6 4572
6 4573
6 4574
6 4575
6 4576
6 4577
6 4578
6 4579
6 4580
6 4581
6 4582
6 4583
6 4584
6 4585
6 4586
6 4587
6 4588
6 4589
6 4590
6 4591
6 4592
6 4593
6 4594
6 4595
6 4596
6 4597
6 4598
6 4599
6 4600
6 4601
6 4602
6 4603
6 4604
6 4605
6 4606
6 4607
6 4608
6 4609
6 4610
6 4611
6 4612
6 4613
6 4614
6 4615
6 4616
6 4617
6 4618
6 4619
6 4620
6 4621
6 4622
6 4623
6 4624
6 4625
6 4626
6 4627
6 4628
6 4629
6 4630
6 4631
6 4632
6 4633
6 4634
6 4635
6 4636
6 4637
6 4638
6 4639
6 4640
6 4641
6 4642
6 4643
6 4644
6 4645
6 4646
6 4647
6 4648
6 4649
6 4650
6 4651
6 4652
6 4653
6 4654
6 4655
6 4656
6 4657
6 4658
6 4659
6 4660
6 4661
6 4662
6 4663
6 4664
6 4665
6 4666
6 4667
6 4668
6 4669
6 4670
6 4671
6 4672
6 4673
6 4674
6 4675
6 4676
6 4677
6 4678
6 4679
6 4680
6 4681
6 4682
6 4683
6 4684
6 4685
6 4686
6 4687
6 4688
6 4689
6 4694
6 4695
6 4696
6 4697
6 4698
6 4699
6 4700
6 4701
6 4702
6 4703
6 4704
6 4705
6 4706
6 4707
6 4708
6 4709
6 4710
6 4711
6 4712
6 4713
6 4714
6 4715
6 4716
6 4717
6 4718
6 4719
6 4720
6 4721
6 4722
6 4723
6 4724
6 4725
6 4726
6 4727
6 4728
6 4729
6 4730
6 4731
6 4732
6 4733
6 4734
6 4735
6 4736
6 4737
6 4738
6 4739
6 4740
6 4741
6 4742
6 4743
6 4744
6 4745
6 4746
6 4747
6 4748
6 4749
6 4750
6 4751
6 4752
6 4753
6 4754
6 4755
6 4756
6 4757
6 4758
6 4759
6 4760
6 4761
6 4762
6 4763
6 4764
6 4765
6 4766
6 4767
6 4768
6 4769
6 4770
6 4771
6 4772
6 4773
6 4774
6 4775
6 4776
6 4777
6 4778
6 4779
6 4780
6 4781
6 4782
6 4783
6 4784
6 4785
6 4786
6 4787
6 4788
6 4789
6 4790
6 4793
6 4794
6 4795
6 4796
6 4797
6 4798
6 4799
6 4800
6 4801
6 4802
6 4803
6 4804
6 4805
6 4806
6 4807
6 4808
6 4809
6 4810
6 4811
6 4812
6 4813
6 4814
6 4815
6 4816
6 4817
6 4818
6 4819
6 4820
6 4821
6 4822
6 4823
6 4824
6 4825
6 4826
6 4827
6 4828
6 4829
6 4830
6 4831
6 4832
6 4833
6 4834
6 4835
6 4836
6 4837
6 4838
6 4839
6 4840
6 4851
6 4861
6 4862
6 4863
6 4864
6 4865
6 4866
6 4867
6 4871
6 4877
6 4878
6 4879
6 4880
6 4881
6 4882
6 4883
6 4884
6 4885
6 4886
6 4889
6 4892
6 4894
6 4897
6 4901
6 4902
6 4905
6 4909
6 4911
6 4912
6 4913
6 4914
6 4915
6 4916
6 4917
6 4918
6 4919
6 4920
6 4921
6 4922
6 4923
6 4924
6 4925
6 4926
6 4927
6 4928
6 4929
6 4934
6 4935
6 4936
6 4937
6 4938
6 4939
6 4940
6 4941
6 4942
6 4943
6 4944
6 4945
6 4946
6 4947
6 4948
6 4949
6 4951
6 4952
6 4957
6 4961
6 4962
6 4963
6 4964
6 4965
6 4966
6 4967
6 4968
6 4969
6 4970
6 4971
6 4972
6 4973
6 4974
6 4975
6 4976
6 4977
6 4978
6 4981
6 4982
6 4983
6 4984
6 4985
6 4986
6 4987
6 4988
6 4989
6 4990
6 4991
6 4992
6 4994
6 4995
6 4996
6 4997
6 4998
6 4999
6 5000
6 5001
6 5002
6 5003
6 5004
6 5005
6 5006
6 5007
6 5008
6 5009
6 5010
6 5011
6 5012
6 5013
6 5014
6 5015
6 5016
6 5017
6 5018
6 5019
6 5020
6 5021
6 5022
6 5023
6 5024
6 5025
6 5026
6 5028
6 5029
6 5030
6 5031
6 5032
6 5033
6 5034
6 5035
6 5036
6 5037
6 5038
6 5039
6 5040
6 5041
6 5042
6 5043
6 5044
6 5045
6 5046
6 5047
6 5048
6 5049
6 5050
6 5051
6 5052
6 5053
6 5054
6 5055
6 5056
6 5057
6 5058
6 5059
6 5060
6 5061
6 5062
6 5063
6 5064
6 5065
6 5066
6 5067
6 5068
6 5069
6 5070
6 5071
6 5072
6 5073
6 5074
6 5075
6 5076
6 5077
6 5078
6 5079
6 5080
6 5081
6 5085
6 5086
6 5087
6 5088
6 5089
6 5090
6 5091
6 5092
6 5093
6 5094
6 5095
6 5096
6 5097
6 5101
6 5102
6 5103
6 5104
6 5105
6 5106
6 5107
6 5108
6 5109
6 5110
6 5111
6 5112
6 5113
6 5114
6 5115
6 5116
6 5117
6 5118
6 5119
6 5120
6 5121
6 5122
6 5123
6 5124
6 5125
6 5129
6 5130
6 5131
6 5132
6 5133
6 5134
6 5142
6 5143
6 5144
6 5145
6 5150
6 5151
6 5152
6 5153
6 5154
6 5155
6 5156
6 5157
6 5158
6 5159
6 5160
6 5161
6 5162
6 5163
6 5164
6 5165
6 5166
6 5169
6 5170
6 5171
6 5172
6 5173
6 5174
6 5175
6 5176
6 5177
6 5178
6 5179
6 5180
6 5181
6 5185
6 5186
6 5187
6 5188
6 5193
6 5194
6 5195
6 5196
6 5197
6 5198
6 5199
6 5200
6 5201
6 5202
6 5203
6 5204
6 5205
6 5206
6 5207
6 5208
6 5209
6 5210
6 5211
6 5216
6 5217
6 5218
6 5219
6 5220
6 5223
6 5225
6 5226
6 5227
6 5228
6 5229
6 5242
6 5243
6 5244
6 5245
6 5246
6 5247
6 5248
6 5249
6 5250
6 5251
6 5253
6 5256
6 5257
6 5258
6 5259
6 5260
6 5261
6 5262
6 5263
6 5264
6 5265
6 5266
6 5267
6 5268
6 5269
6 5270
6 5271
6 5272
6 5273
6 5274
6 5275
6 5276
6 5277
6 5282
6 5296
6 5339
6 5342
6 5343
6 5344
6 5345
6 5346
6 5347
6 5348
6 5349
6 5350
6 5351
6 5352
6 5353
6 5354
6 5355
6 5356
6 5357
6 5358
6 5364
6 5365
6 5366
6 5367
6 5368
6 5369
6 5370
6 5371
6 5372
6 5373
6 5374
6 5375
6 5376
6 5377
6 5378
6 5379
6 5380
6 5381
6 5383
6 5384
6 5385
6 5387
6 5388
6 5389
6 5390
6 5391
6 5392
6 5393
6 5394
6 5395
6 5396
6 5397
6 5398
6 5399
6 5402
6 5403
6 5404
6 5405
6 5406
6 5407
6 5408
6 5409
6 5410
6 5411
6 5412
6 5413
6 5414
6 5415
6 5416
6 5417
6 5418
6 5420
6 5421
6 5422
6 5423
6 5424
6 5425
6 5426
6 5427
6 5428
6 5429
6 5430
6 5431
6 5432
6 5433
6 5434
6 5435
6 5436
6 5437
6 5438
6 5440
6 5441
6 5442
6 5443
6 5444
6 5445
6 5446
6 5447
6 5448
6 5449
6 5450
6 5451
6 5452
6 5453
6 5454
6 5455
6 5456
6 5457
6 5458
6 5459
6 5460
6 5461
6 5462
6 5463
6 5464
6 5465
6 5466
6 5467
6 5468
6 5469
6 5470
6 5471
6 5472
6 5473
6 5474
6 5475
6 5476
6 5477
6 5478
6 5479
6 5480
6 5481
6 5482
6 5483
6 5484
6 5485
6 5486
6 5487
6 5488
6 5489
6 5490
6 5491
6 5492
6 5493
6 5494
6 5495
6 5496
6 5497
6 5498
6 5499
6 5500
6 5501
6 5502
6 5503
6 5505
6 5506
6 5507
6 5508
6 5509
6 5510
6 5511
6 5512
6 5513
6 5514
6 5515
6 5516
6 5517
6 5518
6 5519
6 5520
6 5521
6 5522
6 5523
6 5524
6 5525
6 5526
6 5527
6 5528
6 5529
6 5530
6 5531
6 5532
6 5533
6 5534
6 5535
6 5536
6 5537
6 5538
6 5539
6 5540
6 5541
6 5542
6 5543
6 5544
6 5545
6 5546
6 5547
6 5548
6 5549
6 5550
6 5551
6 5552
6 5553
6 5554
6 5555
6 5556
6 5557
6 5558
6 5559
6 5560
6 5561
6 5562
6 5563
6 5564
6 5565
6 5566
6 5567
6 5568
6 5569
6 5570
6 5571
6 5572
6 5573
6 5574
6 5575
6 5576
6 5577
6 5578
6 5579
6 5580
6 5581
6 5582
6 5583
6 5584
6 5585
6 5586
6 5587
6 5588
6 5589
6 5590
6 5591
6 5592
6 5593
6 5594
6 5595
6 5596
6 5597
6 5598
6 5599
6 5600
6 5601
6 5602
6 5603
6 5604
6 5605
6 5606
6 5607
6 5608
6 5609
6 5611
6 5612
6 5613
6 5614
6 5615
6 5616
6 5617
6 5618
6 5619
6 5620
6 5621
6 5622
6 5623
6 5624
6 5625
6 5626
6 5627
6 5628
6 5629
6 5630
6 5631
6 5632
6 5633
6 5634
6 5635
6 5637
6 5638
6 5639
6 5640
6 5641
6 5642
6 5643
6 5644
6 5645
6 5646
6 5647
6 5648
6 5649
6 5650
6 5651
6 5652
6 5653
6 5654
6 5655
6 5657
6 5658
6 5659
6 5660
6 5661
6 5662
6 5663
6 5664
6 5665
6 5666
6 5667
6 5668
6 5669
6 5670
6 5671
6 5672
6 5673
6 5674
6 5675
6 5676
6 5677
6 5678
6 5679
6 5680
6 5681
6 5682
6 5683
6 5684
6 5685
6 5686
6 5687
6 5688
6 5689
6 5690
6 5691
6 5692
6 5693
6 5694
6 5695
6 5696
6 5697
6 5698
6 5699
6 5700
6 5701
6 5702
6 5703
6 5704
6 5705
6 5706
6 5707
6 5708
6 5709
6 5710
6 5711
6 5712
6 5713
6 5714
6 5715
6 5716
6 5717
6 5718
6 5719
6 5720
6 5721
6 5722
6 5723
6 5724
6 5725
6 5726
6 5727
6 5728
6 5729
6 5730
6 5731
6 5732
6 5733
6 5734
6 5735
6 5736
6 5737
6 5738
6 5739
6 5740
6 5741
6 5744
6 5745
6 5746
6 5747
6 5748
6 5749
6 5750
6 5751
6 5752
6 5753
6 5754
6 5755
6 5756
6 5757
6 5758
6 5759
6 5760
6 5761
6 5762
6 5763
6 5764
6 5765
6 5766
6 5767
6 5768
6 5769
6 5770
6 5771
6 5772
6 5773
6 5775
6 5776
6 5777
6 5778
6 5779
6 5780
6 5781
6 5782
6 5783
6 5784
6 5785
6 5786
6 5787
6 5788
6 5789
6 5790
6 5793
6 5794
6 5795
6 5797
6 5798
6 5800
6 5801
6 5802
6 5803
6 5804
6 5805
6 5806
6 5807
6 5808
6 5809
6 5810
6 5811
6 5812
6 5813
6 5814
6 5815
6 5816
6 5817
6 5818
6 5819
6 5820
6 5821
6 5822
6 5823
6 5824
6 5825
6 5826
6 5827
6 5828
6 5829
6 5830
6 5831
6 5832
6 5833
6 5834
6 5835
6 5836
6 5837
6 5838
6 5839
6 5840
6 5841
6 5842
6 5843
6 5845
6 5846
6 5847
6 5848
6 5849
6 5850
6 5851
6 5852
6 5853
6 5854
6 5855
6 5856
6 5857
6 5858
6 5859
6 5860
6 5861
6 5862
6 5863
6 5864
6 5865
6 5866
6 5867
6 5868
6 5869
6 5870
6 5871
6 5872
6 5873
6 5874
6 5875
6 5876
6 5877
6 5878
6 5879
6 5880
6 5881
6 5882
6 5883
6 5884
6 5885
6 5886
6 5887
6 5888
6 5889
6 5890
6 5891
6 5892
6 5893
6 5894
6 5895
6 5896
6 5897
6 5898
6 5899
6 5900
6 5901
6 5902
6 5903
6 5904
6 5905
6 5906
6 5907
6 5908
6 5909
6 5910
6 5911
6 5912
6 5913
6 5914
6 5915
6 5916
6 5917
6 5918
6 5919
6 5920
6 5921
6 5922
6 5923
6 5924
6 5925
6 5926
6 5928
6 5929
6 5930
6 5931
6 5933
6 5934
6 5935
6 5936
6 5937
6 5938
6 5939
6 5940
6 5941
6 5942
6 5943
6 5944
6 5945
6 5946
6 5947
6 5948
6 5949
6 5950
6 5951
6 5952
6 5953
6 5954
6 5955
6 5957
6 5958
6 5959
6 5960
6 5961
6 5962
6 5963
6 5964
6 5965
6 5966
6 5967
6 5968
6 5969
6 5970
6 5971
6 5972
6 5973
6 5974
6 5975
6 5976
6 5977
6 5978
6 5979
6 5980
6 5981
6 5982
6 5983
6 5984
6 5985
6 5986
6 5987
6 5988
6 5989
6 5990
6 5991
6 5992
6 5993
6 5994
6 5995
6 5996
6 5997
6 5998
6 5999
6 6000
6 6001
6 6002
6 6003
6 6004
6 6005
6 6007
6 6008
6 6009
6 6010
6 6011
6 6012
6 6013
6 6014
6 6015
6 6016
6 6017
6 6018
6 6019
6 6020
6 6021
6 6022
6 6024
6 6025
6 6026
6 6027
6 6028
6 6029
6 6030
6 6031
6 6032
6 6033
6 6034
6 6035
6 6036
6 6037
6 6038
6 6039
6 6040
6 6041
6 6042
6 6043
6 6044
6 6045
6 6046
6 6047
6 6048
6 6049
6 6050
6 6051
6 6052
6 6053
6 6054
6 6055
6 6056
6 6057
6 6058
6 6059
6 6060
6 6061
6 6062
6 6063
6 6064
6 6065
6 6066
6 6067
6 6068
6 6069
6 6070
6 6071
6 6072
6 6073
6 6074
6 6075
6 6076
6 6077
6 6078
6 6079
6 6080
6 6081
6 6082
6 6083
6 6084
6 6085
6 6086
6 6087
6 6088
6 6089
6 6090
6 6091
6 6092
6 6093
6 6094
6 6095
6 6096
6 6097
6 6098
6 6099
6 6100
6 6101
6 6102
6 6103
6 6104
6 6105
6 6106
6 6107
6 6108
6 6109
6 6110
6 6111
6 6112
6 6113
6 6114
6 6115
6 6116
6 6117
6 6118
6 6119
6 6120
6 6121
6 6122
6 6123
6 6124
6 6125
6 6126
6 6127
6 6128
6 6129
6 6130
6 6131
6 6132
6 6133
6 6134
6 6135
6 6136
6 6139
6 6140
6 6141
6 6142
6 6143
6 6144
6 6145
6 6146
6 6147
6 6148
6 6149
6 6150
6 6151
6 6152
6 6153
6 6154
6 6155
6 6156
6 6157
6 6158
6 6159
6 6160
6 6161
6 6162
6 6163
6 6164
6 6165
6 6166
6 6167
6 6168
6 6169
6 6170
6 6171
6 6172
6 6173
6 6174
6 6175
6 6176
6 6177
6 6178
6 6179
6 6180
6 6181
6 6182
6 6183
6 6184
6 6185
6 6186
6 6187
6 6188
6 6189
6 6190
6 6191
6 6192
6 6193
6 6194
6 6195
6 6196
6 6197
6 6198
6 6199
6 6200
6 6201
6 6202
6 6203
6 6204
6 6205
6 6206
6 6207
6 6208
6 6209
6 6210
6 6211
6 6212
6 6213
6 6214
6 6215
6 6216
6 6217
6 6218
6 6219
6 6220
6 6221
6 6222
6 6223
6 6224
6 6225
6 6226
6 6227
6 6228
6 6229
6 6230
6 6231
6 6232
6 6233
6 6234
6 6235
6 6236
6 6237
6 6238
6 6239
6 6240
6 6241
6 6242
6 6243
6 6244
6 6245
6 6246
6 6247
6 6248
6 6249
6 6250
6 6251
6 6252
6 6253
6 6254
6 6255
6 6258
6 6259
6 6260
6 6261
6 6262
6 6263
6 6264
6 6265
6 6266
6 6267
6 6268
6 6269
6 6270
6 6271
6 6272
6 6273
6 6274
6 6275
6 6276
6 6277
6 6278
6 6279
6 6280
6 6281
6 6282
6 6283
6 6284
6 6285
6 6286
6 6287
6 6288
6 6289
6 6290
6 6291
6 6292
6 6293
6 6294
6 6295
6 6296
6 6297
6 6298
6 6299
6 6300
6 6301
6 6302
6 6303
6 6304
6 6305
6 6306
6 6307
6 6308
6 6309
6 6310
6 6311
6 6312
6 6313
6 6314
6 6315
6 6316
6 6317
6 6318
6 6319
6 6320
6 6321
6 6322
6 6323
6 6324
6 6325
6 6326
6 6327
6 6328
6 6329
6 6330
6 6331
6 6332
6 6333
6 6334
6 6335
6 6336
6 6337
6 6338
6 6339
6 6340
6 6341
6 6342
6 6343
6 6344
6 6345
6 6346
6 6347
6 6348
6 6349
6 6350
6 6351
6 6352
6 6353
6 6354
6 6355
6 6356
6 6357
6 6358
6 6359
6 6360
6 6361
6 6362
6 6363
6 6364
6 6365
6 6366
6 6367
6 6368
6 6369
6 6370
6 6371
6 6372
6 6373
6 6374
6 6375
6 6376
6 6377
6 6378
6 6379
6 6380
6 6381
6 6382
6 6383
6 6384
6 6385
6 6386
6 6387
6 6388
6 6389
6 6390
6 6391
6 6392
6 6393
6 6394
6 6395
6 6396
6 6397
6 6398
6 6399
6 6400
6 6401
6 6402
6 6403
6 6404
6 6405
6 6406
6 6407
6 6408
6 6409
6 6410
6 6411
6 6412
6 6413
6 6414
6 6415
6 6416
6 6417
6 6418
6 6419
6 6420
6 6421
6 6422
6 6423
6 6424
6 6425
6 6426
6 6427
6 6428
6 6429
6 6430
6 6431
6 6432
6 6433
6 6434
6 6435
6 6436
6 6437
6 6438
6 6439
6 6440
6 6441
6 6442
6 6443
6 6444
6 6445
6 6446
6 6447
6 6448
6 6449
6 6450
6 6451
6 6452
6 6453
6 6454
6 6455
6 6456
6 6457
6 6458
6 6459
6 6460
6 6461
6 6462
6 6463
6 6464
6 6465
6 6466
6 6467
6 6468
6 6469
6 6470
6 6471
6 6472
6 6473
6 6474
6 6475
6 6476
6 6477
6 6478
6 6479
6 6480
6 6481
6 6482
6 6483
6 6484
6 6485
6 6486
6 6487
6 6488
6 6489
6 6490
6 6491
6 6492
6 6493
6 6494
6 6495
6 6496
6 6497
6 6498
6 6499
6 6500
6 6501
6 6502
6 6503
6 6504
6 6505
6 6506
6 6507
6 6508
6 6509
6 6510
6 6511
6 6512
6 6513
6 6514
6 6515
6 6516
6 6517
6 6519
6 6520
6 6521
6 6522
6 6523
6 6524
6 6525
6 6526
6 6527
6 6528
6 6529
6 6530
6 6531
6 6532
6 6533
6 6534
6 6535
6 6536
6 6537
6 6538
6 6539
6 6540
6 6541
6 6542
6 6543
6 6544
6 6545
6 6546
6 6547
6 6548
6 6549
6 6550
6 6551
6 6552
6 6553
6 6554
6 6555
6 6556
6 6557
6 6558
6 6559
6 6560
6 6561
6 6562
6 6563
6 6564
6 6565
6 6566
6 6567
6 6568
6 6569
6 6570
6 6571
6 6572
6 6573
6 6574
6 6575
6 6576
6 6577
6 6578
6 6579
6 6580
6 6581
6 6582
6 6583
6 6584
6 6585
6 6586
6 6587
6 6588
6 6589
6 6590
6 6591
6 6592
6 6593
6 6594
6 6595
6 6596
6 6597
6 6598
6 6599
6 6600
6 6601
6 6602
6 6603
6 6604
6 6605
6 6606
6 6607
6 6608
6 6609
6 6610
6 6611
6 6612
6 6613
6 6614
6 6615
6 6616
6 6617
6 6618
6 6619
6 6620
6 6621
6 6622
6 6623
6 6624
6 6625
6 6626
6 6627
6 6628
6 6629
6 6630
6 6631
6 6632
6 6633
6 6634
6 6635
6 6636
6 6637
6 6638
6 6639
6 6640
6 6641
6 6642
6 6643
6 6644
6 6645
6 6646
6 6647
6 6648
6 6649
6 6650
6 6651
6 6652
6 6653
6 6654
6 6655
6 6656
6 6657
6 6658
6 6659
6 6660
6 6661
6 6662
6 6663
6 6664
6 6665
6 6666
6 6667
6 6668
6 6669
6 6670
6 6671
6 6672
6 6673
6 6674
6 6675
6 6676
6 6677
6 6678
6 6679
6 6680
6 6681
6 6682
6 6683
6 6684
6 6685
6 6686
6 6687
6 6688
6 6689
6 6690
6 6691
6 6692
6 6693
6 6694
6 6695
6 6696
6 6697
6 6698
6 6699
6 6700
6 6701
6 6702
6 6703
6 6704
6 6706
6 6707
6 6708
6 6709
6 6710
6 6711
6 6712
6 6713
6 6714
6 6715
6 6716
6 6717
6 6718
6 6719
6 6720
6 6721
6 6722
6 6723
6 6724
6 6725
6 6726
6 6727
6 6728
6 6729
6 6730
6 6731
6 6732
6 6733
6 6734
6 6735
6 6736
6 6737
6 6738
6 6740
6 6741
6 6742
6 6743
6 6744
6 6745
6 6746
6 6747
6 6748
6 6749
6 6750
6 6751
6 6752
6 6753
6 6754
6 6755
6 6756
6 6757
6 6758
6 6759
6 6760
6 6761
6 6762
6 6763
6 6764
6 6765
6 6766
6 6767
6 6768
6 6769
6 6770
6 6771
6 6772
6 6773
6 6774
6 6775
6 6776
6 6777
6 6778
6 6779
6 6780
6 6781
6 6782
6 6783
6 6784
6 6785
6 6786
6 6787
6 6788
6 6789
6 6790
6 6791
6 6792
6 6793
6 6794
6 6795
6 6796
6 6797
6 6798
6 6799
6 6800
6 6801
6 6802
6 6803
6 6804
6 6805
6 6806
6 6807
6 6808
6 6809
6 6810
6 6811
6 6812
6 6813
6 6814
6 6815
6 6816
6 6817
6 6818
6 6819
6 6820
6 6821
6 6822
6 6823
6 6824
6 6825
6 6826
6 6827
6 6828
6 6829
6 6830
6 6831
6 6832
6 6833
6 6834
6 6835
6 6836
6 6837
6 6838
6 6839
6 6840
6 6841
6 6842
6 6843
6 6844
6 6845
6 6846
6 6847
6 6848
6 6849
6 6850
6 6851
6 6852
6 6853
6 6854
6 6855
6 6856
6 6857
6 6858
6 6859
6 6860
6 6861
6 6862
6 6863
6 6864
6 6865
6 6866
6 6867
6 6868
6 6869
6 6870
6 6871
6 6872
6 6873
6 6874
6 6875
6 6876
6 6877
6 6878
6 6879
6 6880
6 6881
6 6882
6 6883
6 6884
6 6885
6 6886
6 6887
6 6888
6 6889
6 6890
6 6891
6 6892
6 6893
6 6894
6 6895
6 6896
6 6897
6 6898
6 6899
6 6900
6 6901
6 6902
6 6903
6 6904
6 6905
6 6906
6 6907
6 6908
6 6909
6 6910
6 6911
6 6912
6 6913
6 6914
6 6915
6 6916
6 6917
6 6918
6 6919
6 6920
6 6921
6 6922
6 6923
6 6924
6 6925
6 6926
6 6927
6 6928
6 6929
6 6930
6 6931
6 6932
6 6933
6 6934
6 6935
6 6936
6 6937
6 6938
6 6939
6 6940
6 6941
6 6942
6 6943
6 6944
6 6945
6 6946
6 6947
6 6948
6 6949
6 6950
6 6951
6 6952
6 6953
6 6954
6 6955
6 6956
6 6957
6 6958
6 6959
6 6960
6 6961
6 6962
6 6963
6 6964
6 6965
6 6966
6 6967
6 6968
6 6969
6 6970
6 6971
6 6972
6 6973
6 6974
6 6975
6 6976
6 6977
6 6978
6 6979
6 6980
6 6981
6 6982
6 6983
6 6984
6 6985
6 6986
6 6987
6 6988
6 6989
6 6990
6 6991
6 6992
6 6993
6 6994
6 6995
6 6996
6 6997
6 6998
6 6999
6 7000
6 7001
6 7002
6 7003
6 7004
6 7005
6 7006
6 7007
6 7008
6 7009
6 7010
6 7011
6 7012
6 7013
6 7014
6 7015
6 7016
6 7017
6 7018
6 7019
6 7020
6 7021
6 7022
6 7023
6 7024
6 7025
6 7026
6 7027
6 7028
6 7029
6 7030
6 7031
6 7032
6 7033
6 7034
6 7035
6 7036
6 7037
6 7038
6 7039
6 7040
6 7041
6 7042
6 7043
6 7046
6 7047
6 7048
6 7049
6 7050
6 7051
6 7052
6 7053
6 7055
6 7056
6 7057
6 7058
6 7059
6 7060
6 7061
6 7062
6 7063
6 7064
6 7065
6 7066
6 7067
6 7068
6 7069
6 7071
6 7072
6 7073
6 7074
6 7075
6 7076
6 7077
6 7078
6 7079
6 7080
6 7081
6 7082
6 7083
6 7084
6 7085
6 7086
6 7087
6 7088
6 7089
6 7090
6 7091
6 7092
6 7094
6 7095
6 7096
6 7097
6 7098
6 7099
6 7100
6 7101
6 7102
6 7103
6 7104
6 7105
6 7106
6 7107
6 7108
6 7109
6 7110
6 7111
6 7112
6 7113
6 7114
6 7115
6 7116
6 7117
6 7118
6 7119
6 7120
6 7121
6 7122
6 7123
6 7124
6 7125
6 7126
6 7127
6 7128
6 7129
6 7130
6 7131
6 7132
6 7133
6 7134
6 7135
6 7136
6 7137
6 7138
6 7139
6 7140
6 7141
6 7142
6 7143
6 7144
6 7145
6 7146
6 7147
6 7148
6 7149
6 7150
6 7151
6 7152
6 7153
6 7155
6 7156
6 7157
6 7158
6 7159
6 7160
6 7161
6 7162
6 7163
6 7164
6 7165
6 7166
6 7167
6 7168
6 7169
6 7170
6 7171
6 7172
6 7173
6 7174
6 7175
6 7177
6 7178
6 7179
6 7180
6 7181
6 7182
6 7183
6 7184
6 7185
6 7186
6 7187
6 7188
6 7189
6 7190
6 7191
6 7192
6 7193
6 7194
6 7195
6 7196
6 7197
6 7198
6 7199
6 7200
6 7201
6 7202
6 7203
6 7204
6 7205
6 7206
6 7207
6 7208
6 7209
6 7210
6 7211
6 7212
6 7213
6 7214
6 7215
6 7216
6 7217
6 7218
6 7219
6 7220
6 7221
6 7222
6 7223
6 7224
6 7225
6 7226
6 7227
6 7228
6 7229
6 7230
6 7231
6 7232
6 7233
6 7234
6 7235
6 7237
6 7238
6 7239
6 7240
6 7241
6 7242
6 7243
6 7244
6 7245
6 7246
6 7247
6 7248
6 7249
6 7250
6 7251
6 7252
6 7253
6 7254
6 7255
6 7256
6 7257
6 7258
6 7259
6 7260
6 7261
6 7262
6 7263
6 7264
6 7265
6 7266
6 7267
6 7268
6 7269
6 7270
6 7271
6 7272
6 7273
6 7274
6 7275
6 7276
6 7277
6 7278
6 7279
6 7280
6 7281
6 7282
6 7283
6 7284
6 7285
6 7286
6 7287
6 7288
6 7289
6 7290
6 7291
6 7292
6 7293
6 7294
6 7295
6 7296
6 7297
6 7298
6 7300
6 7301
6 7302
6 7303
6 7304
6 7305
6 7306
6 7307
6 7308
6 7309
6 7310
6 7311
6 7312
6 7313
6 7314
6 7315
6 7316
6 7317
6 7318
6 7319
6 7320
6 7321
6 7322
6 7323
6 7324
6 7325
6 7326
6 7327
6 7328
6 7329
6 7330
6 7331
6 7332
6 7333
6 7334
6 7335
6 7336
6 7339
6 7340
6 7341
6 7342
6 7343
6 7344
6 7345
6 7346
6 7347
6 7348
6 7349
6 7350
6 7351
6 7352
6 7353
6 7354
6 7355
6 7356
6 7357
6 7358
6 7359
6 7360
6 7361
6 7362
6 7363
6 7364
6 7365
6 7366
6 7367
6 7368
6 7369
6 7370
6 7371
6 7372
6 7373
6 7374
6 7375
6 7376
6 7377
6 7378
6 7379
6 7380
6 7381
6 7382
6 7383
6 7384
6 7385
6 7386
6 7387
6 7388
6 7389
6 7390
6 7391
6 7392
6 7393
6 7394
6 7395
6 7396
6 7397
6 7398
6 7399
6 7400
6 7401
6 7402
6 7403
6 7404
6 7405
6 7406
6 7407
6 7408
6 7409
6 7410
6 7411
6 7412
6 7413
6 7414
6 7415
6 7416
6 7417
6 7418
6 7419
6 7420
6 7421
6 7422
6 7423
6 7424
6 7425
6 7426
6 7427
6 7428
6 7429
6 7430
6 7431
6 7432
6 7433
6 7434
6 7435
6 7436
6 7437
6 7438
6 7439
6 7440
6 7441
6 7442
6 7443
6 7444
6 7445
6 7446
6 7447
6 7448
6 7449
6 7450
6 7451
6 7452
6 7453
6 7454
6 7455
6 7456
6 7457
6 7458
6 7459
6 7460
6 7461
6 7462
6 7463
6 7464
6 7465
6 7466
6 7467
6 7468
6 7469
6 7470
6 7471
6 7472
6 7473
6 7474
6 7475
6 7476
6 7477
6 7478
6 7479
6 7480
6 7481
6 7482
6 7483
6 7484
6 7485
6 7486
6 7487
6 7488
6 7489
6 7490
6 7491
6 7492
6 7493
6 7494
6 7495
6 7496
6 7497
6 7498
6 7499
6 7500
6 7501
6 7502
6 7503
6 7504
6 7505
6 7506
6 7507
6 7508
6 7509
6 7510
6 7511
6 7512
6 7513
6 7514
6 7515
6 7516
6 7517
6 7518
6 7519
6 7520
6 7521
6 7522
6 7523
6 7524
6 7525
6 7526
6 7527
6 7528
6 7529
6 7530
6 7531
6 7532
6 7533
6 7534
6 7535
6 7536
6 7537
6 7538
6 7539
6 7540
6 7541
6 7542
6 7543
6 7544
6 7545
6 7546
6 7547
6 7548
6 7549
6 7550
6 7551
6 7552
6 7553
6 7554
6 7555
6 7556
6 7557
6 7558
6 7559
6 7560
6 7561
6 7562
6 7563
6 7564
6 7565
6 7566
6 7567
6 7568
6 7569
6 7570
6 7571
6 7572
6 7573
6 7574
6 7575
6 7576
6 7577
6 7578
6 7579
6 7580
6 7581
6 7582
6 7583
6 7584
6 7585
6 7586
6 7587
6 7588
6 7589
6 7590
6 7591
6 7592
6 7593
6 7594
6 7595
6 7596
6 7597
6 7598
6 7599
6 7600
6 7601
6 7602
6 7603
6 7604
6 7605
6 7606
6 7607
6 7608
6 7609
6 7610
6 7611
6 7612
6 7613
6 7614
6 7615
6 7616
6 7617
6 7618
6 7619
6 7620
6 7621
6 7622
6 7623
6 7624
6 7625
6 7626
6 7627
6 7628
6 7629
6 7630
6 7631
6 7632
6 7633
6 7634
6 7635
6 7636
6 7637
6 7638
6 7639
6 7640
6 7641
6 7642
6 7643
6 7644
6 7645
6 7646
6 7647
6 7648
6 7649
6 7650
6 7651
6 7652
6 7653
6 7654
6 7655
6 7656
6 7657
6 7658
6 7659
6 7660
6 7661
6 7662
6 7663
6 7664
6 7665
6 7666
6 7667
6 7668
6 7669
6 7670
6 7671
6 7672
6 7673
6 7674
6 7675
6 7676
6 7677
6 7678
6 7679
6 7680
6 7681
6 7682
6 7683
6 7684
6 7685
6 7686
6 7687
6 7688
6 7689
6 7690
6 7691
6 7692
6 7693
6 7694
6 7695
6 7696
6 7697
6 7698
6 7699
6 7700
6 7701
6 7702
6 7703
6 7704
6 7705
6 7706
6 7707
6 7708
6 7709
6 7710
6 7711
6 7712
6 7713
6 7714
6 7715
6 7716
6 7717
6 7718
6 7719
6 7720
6 7721
6 7722
6 7723
6 7724
6 7725
6 7726
6 7727
6 7728
6 7729
6 7730
6 7731
6 7732
6 7733
6 7734
6 7735
6 7736
6 7737
6 7738
6 7739
6 7740
6 7741
6 7742
6 7743
6 7744
6 7745
6 7746
6 7747
6 7748
6 7749
6 7750
6 7751
6 7752
6 7753
6 7754
6 7755
6 7756
6 7757
6 7758
6 7759
6 7760
6 7761
6 7762
6 7763
6 7764
6 7765
6 7766
6 7767
6 7768
6 7771
6 7772
6 7773
6 7774
6 7775
6 7776
6 7777
6 7778
6 7779
6 7780
6 7781
6 7782
6 7783
6 7784
6 7785
6 7786
6 7787
6 7788
6 7793
6 7796
6 7797
6 7798
6 7799
6 7800
6 7801
6 7802
6 7803
6 7804
6 7805
6 7806
6 7807
6 7808
6 7809
6 7810
6 7811
6 7812
6 7813
6 7814
6 7815
6 7816
6 7817
6 7818
6 7819
6 7820
6 7821
6 7822
6 7823
6 7824
6 7825
6 7826
6 7827
6 7828
6 7829
6 7830
6 7831
6 7832
6 7833
6 7834
6 7835
6 7836
6 7837
6 7838
6 7839
6 7840
6 7841
6 7842
6 7843
6 7844
6 7845
6 7846
6 7847
6 7848
6 7849
6 7850
6 7851
6 7852
6 7853
6 7854
6 7855
6 7856
6 7857
6 7858
6 7859
6 7860
6 7861
6 7862
6 7863
6 7864
6 7865
6 7866
6 7867
6 7868
6 7869
6 7870
6 7871
6 7872
6 7873
6 7874
6 7875
6 7876
6 7877
6 7878
6 7879
6 7880
6 7881
6 7882
6 7883
6 7884
6 7885
6 7886
6 7887
6 7888
6 7889
6 7890
6 7891
6 7892
6 7893
6 7894
6 7895
6 7896
6 7897
6 7898
6 7899
6 7900
6 7901
6 7902
6 7903
6 7904
6 7905
6 7906
6 7908
6 7909
6 7910
6 7911
6 7912
6 7913
6 7914
6 7915
6 7916
6 7917
6 7918
6 7919
6 7920
6 7921
6 7922
6 7923
6 7924
6 7925
6 7926
6 7927
6 7928
6 7929
6 7930
6 7931
6 7932
6 7933
6 7934
6 7935
6 7936
6 7937
6 7941
6 7942
6 7943
6 7944
6 7945
6 7946
6 7947
6 7948
6 7949
6 7950
6 7951
6 7952
6 7953
6 7954
6 7955
6 7956
6 7957
6 7958
6 7959
6 7960
6 7961
6 7962
6 7963
6 7964
6 7965
6 7966
6 7967
6 7968
6 7969
6 7970
6 7971
6 7972
6 7973
6 7974
6 7975
6 7976
6 7977
6 7978
6 7979
6 7980
6 7981
6 7982
6 7983
6 7984
6 7985
6 7986
6 7987
6 7988
6 7989
6 7990
6 7991
6 7992
6 7993
6 7994
6 7995
6 7996
6 7997
6 7998
6 7999
6 8000
6 8001
6 8002
6 8003
6 8004
6 8005
6 8006
6 8007
6 8008
6 8010
6 8011
6 8012
6 8013
6 8014
6 8015
6 8016
6 8017
6 8018
6 8019
6 8020
6 8021
6 8022
6 8023
6 8024
6 8025
6 8026
6 8027
6 8028
6 8029
6 8030
6 8031
6 8032
6 8033
6 8034
6 8035
6 8036
6 8037
6 8038
6 8039
6 8040
6 8041
6 8042
6 8043
6 8044
6 8045
6 8046
6 8047
6 8048
6 8049
6 8050
6 8051
6 8052
6 8053
6 8054
6 8055
6 8056
6 8057
6 8058
6 8059
6 8060
6 8061
6 8062
6 8063
6 8064
6 8065
6 8066
6 8067
6 8068
6 8069
6 8070
6 8071
6 8072
6 8073
6 8074
6 8075
6 8076
6 8077
6 8078
6 8079
6 8080
6 8081
6 8082
6 8083
6 8084
6 8085
6 8086
6 8087
6 8088
6 8089
6 8090
6 8091
6 8092
6 8093
6 8094
6 8095
6 8096
6 8097
6 8098
6 8099
6 8100
6 8101
6 8102
6 8103
6 8104
6 8105
6 8106
6 8107
6 8108
6 8109
6 8110
6 8111
6 8112
6 8113
6 8114
6 8115
6 8116
6 8117
6 8118
6 8119
6 8120
6 8121
6 8122
6 8123
6 8124
6 8125
6 8126
6 8127
6 8128
6 8129
6 8130
6 8131
6 8132
6 8133
6 8134
6 8135
6 8136
6 8137
6 8138
6 8139
6 8140
6 8141
6 8142
6 8143
6 8144
6 8145
6 8146
6 8147
6 8148
6 8149
6 8150
6 8151
6 8152
6 8153
6 8154
6 8155
6 8156
6 8157
6 8158
6 8159
6 8160
6 8161
6 8162
6 8163
6 8164
6 8165
6 8166
6 8167
6 8168
6 8169
6 8170
6 8171
6 8172
6 8173
6 8174
6 8175
6 8176
6 8177
6 8178
6 8179
6 8180
6 8181
6 8182
6 8183
6 8184
6 8185
6 8186
6 8187
6 8188
6 8189
6 8190
6 8191
6 8192
6 8193
6 8194
6 8195
6 8196
6 8197
6 8198
6 8199
6 8200
6 8201
6 8202
6 8203
6 8204
6 8205
6 8206
6 8207
6 8208
6 8209
6 8210
6 8211
6 8212
6 8213
6 8214
6 8215
6 8216
6 8217
6 8218
6 8219
6 8220
6 8221
6 8222
6 8223
6 8224
6 8225
6 8226
6 8227
6 8228
6 8229
6 8230
6 8231
6 8232
6 8233
6 8234
6 8235
6 8236
6 8237
6 8238
6 8239
6 8240
6 8241
6 8242
6 8243
6 8244
6 8245
6 8246
6 8247
6 8248
6 8249
6 8250
6 8251
6 8252
6 8253
6 8254
6 8255
6 8256
6 8257
6 8258
6 8259
6 8260
6 8261
6 8262
6 8263
6 8264
6 8265
6 8266
6 8267
6 8268
6 8269
6 8270
6 8271
6 8272
6 8273
6 8274
6 8275
6 8276
6 8277
6 8278
6 8279
6 8280
6 8281
6 8282
6 8283
6 8284
6 8285
6 8286
6 8287
6 8288
6 8289
6 8290
6 8291
6 8292
6 8293
6 8294
6 8295
6 8296
6 8297
6 8298
6 8299
6 8300
6 8301
6 8302
6 8303
6 8304
6 8305
6 8306
6 8307
6 8308
6 8309
6 8310
6 8311
6 8312
6 8313
6 8314
6 8315
6 8316
6 8317
6 8318
6 8319
6 8320
6 8321
6 8322
6 8323
6 8324
6 8325
6 8326
6 8327
6 8328
6 8329
6 8330
6 8331
6 8332
6 8333
6 8334
6 8335
6 8336
6 8337
6 8338
6 8339
6 8340
6 8341
6 8342
6 8343
6 8344
6 8345
6 8346
6 8347
6 8348
6 8349
6 8350
6 8351
6 8352
6 8353
6 8354
6 8355
6 8356
6 8357
6 8358
6 8359
6 8360
6 8361
6 8362
6 8363
6 8364
6 8365
6 8366
6 8367
6 8368
6 8369
6 8370
6 8371
6 8372
6 8373
6 8374
6 8375
6 8376
6 8377
6 8378
6 8379
6 8380
6 8381
6 8382
6 8383
6 8384
6 8385
6 8386
6 8387
6 8388
6 8389
6 8390
6 8391
6 8392
6 8393
6 8394
6 8395
6 8396
6 8397
6 8398
6 8399
6 8400
6 8401
6 8402
6 8403
6 8404
6 8405
6 8406
6 8407
6 8408
6 8409
6 8410
6 8411
6 8412
6 8413
6 8414
6 8415
6 8416
6 8417
6 8418
6 8419
6 8420
6 8421
6 8422
6 8423
6 8424
6 8425
6 8426
6 8427
6 8428
6 8429
6 8430
6 8431
6 8432
6 8433
6 8434
6 8435
6 8436
6 8437
6 8438
6 8439
6 8440
6 8441
6 8442
6 8443
6 8444
6 8446
6 8447
6 8448
6 8449
6 8450
6 8451
6 8452
6 8453
6 8454
6 8455
6 8456
6 8457
6 8458
6 8459
6 8460
6 8461
6 8462
6 8463
6 8464
6 8465
6 8466
6 8467
6 8468
6 8469
6 8470
6 8471
6 8472
6 8473
6 8474
6 8475
6 8476
6 8477
6 8478
6 8479
6 8480
6 8481
6 8482
6 8483
6 8484
6 8485
6 8486
6 8487
6 8488
6 8489
6 8490
6 8491
6 8492
6 8493
6 8494
6 8495
6 8496
6 8497
6 8498
6 8499
6 8500
6 8501
6 8502
6 8503
6 8504
6 8505
6 8506
6 8507
6 8508
6 8509
6 8510
6 8511
6 8512
6 8513
6 8514
6 8515
6 8516
6 8517
6 8518
6 8519
6 8520
6 8521
6 8522
6 8523
6 8524
6 8525
6 8526
6 8527
6 8528
6 8529
6 8530
6 8531
6 8532
6 8533
6 8534
6 8535
6 8536
6 8537
6 8538
6 8539
6 8541
6 8542
6 8543
6 8544
6 8545
6 8546
6 8547
6 8548
6 8549
6 8550
6 8551
6 8552
6 8553
6 8554
6 8555
6 8556
6 8557
6 8558
6 8559
6 8560
6 8561
6 8562
6 8563
6 8564
6 8565
6 8566
6 8567
6 8568
6 8569
6 8570
6 8571
6 8572
6 8573
6 8574
6 8575
6 8576
6 8577
6 8578
6 8579
6 8580
6 8581
6 8582
6 8583
6 8584
6 8585
6 8586
6 8587
6 8588
6 8589
6 8590
6 8591
6 8592
6 8593
6 8594
6 8595
6 8596
6 8597
6 8598
6 8599
6 8600
6 8601
6 8602
6 8603
6 8604
6 8605
6 8606
6 8607
6 8608
6 8609
6 8610
6 8611
6 8612
6 8613
6 8614
6 8615
6 8616
6 8617
6 8618
6 8619
6 8620
6 8621
6 8622
6 8623
6 8625
6 8626
6 8627
6 8628
6 8629
6 8630
6 8631
6 8632
6 8633
6 8634
6 8635
6 8636
6 8637
6 8638
6 8639
6 8640
6 8641
6 8642
6 8643
6 8644
6 8647
6 8648
6 8649
6 8650
6 8651
6 8652
6 8653
6 8654
6 8655
6 8656
6 8657
6 8658
6 8659
6 8660
6 8661
6 8662
6 8663
6 8664
6 8665
6 8666
6 8667
6 8668
6 8669
6 8670
6 8671
6 8672
6 8673
6 8674
6 8675
6 8676
6 8677
6 8678
6 8679
6 8680
6 8681
6 8682
6 8683
6 8684
6 8685
6 8686
6 8687
6 8688
6 8689
6 8690
6 8691
6 8692
6 8693
6 8694
6 8695
6 8696
6 8697
6 8698
6 8699
6 8700
6 8701
6 8702
6 8703
6 8704
6 8705
6 8706
6 8707
6 8708
6 8709
6 8710
6 8712
6 8713
6 8714
6 8715
6 8716
6 8717
6 8718
6 8719
6 8720
6 8721
6 8722
6 8723
6 8724
6 8725
6 8726
6 8727
6 8728
6 8729
6 8730
6 8731
6 8732
6 8733
6 8734
6 8735
6 8736
6 8737
6 8738
6 8739
6 8740
6 8741
6 8742
6 8743
6 8744
6 8745
6 8746
6 8747
6 8748
6 8749
6 8750
6 8751
6 8752
6 8753
6 8754
6 8755
6 8756
6 8757
6 8758
6 8759
6 8760
6 8761
6 8762
6 8763
6 8764
6 8765
6 8766
6 8767
6 8768
6 8769
6 8770
6 8771
6 8772
6 8773
6 8774
6 8775
6 8776
6 8777
6 8778
6 8779
6 8780
6 8781
6 8782
6 8783
6 8784
6 8785
6 8786
6 8787
6 8788
6 8789
6 8790
6 8791
6 8792
6 8793
6 8794
6 8795
6 8796
6 8797
6 8798
6 8799
6 8800
6 8801
6 8802
6 8803
6 8804
6 8805
6 8806
6 8807
6 8808
6 8809
6 8810
6 8811
6 8812
6 8813
6 8814
6 8815
6 8816
6 8817
6 8818
6 8819
6 8820
6 8821
6 8822
6 8823
6 8825
6 8826
6 8827
6 8828
6 8829
6 8830
6 8831
6 8832
6 8833
6 8834
6 8835
6 8836
6 8837
6 8838
6 8839
6 8840
6 8841
6 8842
6 8843
6 8844
6 8845
6 8846
6 8847
6 8848
6 8849
6 8850
6 8851
6 8852
6 8853
6 8854
6 8855
6 8856
6 8857
6 8858
6 8859
6 8860
6 8861
6 8862
6 8863
6 8864
6 8865
6 8866
6 8867
6 8868
6 8869
6 8870
6 8871
6 8872
6 8873
6 8874
6 8875
6 8876
6 8877
6 8878
6 8879
6 8880
6 8881
6 8882
6 8883
6 8884
6 8885
6 8886
6 8887
6 8888
6 8889
6 8890
6 8891
6 8892
6 8893
6 8894
6 8895
6 8896
6 8897
6 8898
6 8899
6 8900
6 8901
6 8902
6 8903
6 8904
6 8905
6 8906
6 8907
6 8908
6 8909
6 8910
6 8911
6 8912
6 8913
6 8914
6 8915
6 8916
6 8917
6 8918
6 8919
6 8920
6 8921
6 8922
6 8923
6 8924
6 8925
6 8926
6 8927
6 8928
6 8929
6 8930
6 8931
6 8932
6 8933
6 8934
6 8935
6 8936
6 8937
6 8938
6 8939
6 8940
6 8941
6 8942
6 8943
6 8944
6 8945
6 8946
6 8947
6 8948
6 8949
6 8950
6 8951
6 8952
6 8953
6 8954
6 8955
6 8956
6 8957
6 8958
6 8959
6 8960
6 8961
6 8962
6 8963
6 8964
6 8965
6 8966
6 8967
6 8968
6 8969
6 8970
6 8971
6 8972
6 8973
6 8974
6 8975
6 8976
6 8977
6 8978
6 8979
6 8980
6 8981
6 8982
6 8983
6 8984
6 8985
6 8986
6 8987
6 8988
6 8989
6 8990
6 8991
6 8992
6 8993
6 8994
6 8995
6 8996
6 8997
6 8998
6 8999
6 9000
6 9001
6 9002
6 9003
6 9004
6 9005
6 9006
6 9007
6 9008
6 9009
6 9010
6 9011
6 9012
6 9013
6 9014
6 9015
6 9016
6 9017
6 9018
6 9019
6 9020
6 9021
6 9022
6 9023
6 9024
6 9025
6 9026
6 9027
6 9028
6 9029
6 9030
6 9031
6 9032
6 9033
6 9034
6 9035
6 9036
6 9037
6 9038
6 9039
6 9040
6 9041
6 9042
6 9043
6 9044
6 9045
6 9046
6 9047
6 9048
6 9049
6 9050
6 9051
6 9052
6 9053
6 9054
6 9055
6 9056
6 9057
6 9058
6 9059
6 9060
6 9061
6 9062
6 9063
6 9064
6 9065
6 9066
6 9069
6 9070
6 9071
6 9072
6 9073
6 9074
6 9075
6 9076
6 9077
6 9078
6 9079
6 9080
6 9081
6 9083
6 9084
6 9085
6 9086
6 9087
6 9088
6 9089
6 9090
6 9091
6 9092
6 9093
6 9094
6 9095
6 9096
6 9097
6 9098
6 9099
6 9100
6 9101
6 9102
6 9103
6 9104
6 9105
6 9106
6 9107
6 9108
6 9109
6 9110
6 9111
6 9112
6 9113
6 9114
6 9115
6 9116
6 9117
6 9118
6 9119
6 9120
6 9121
6 9124
6 9125
6 9126
6 9128
6 9129
6 9130
6 9135
6 9136
6 9137
6 9138
6 9139
6 9140
6 9141
6 9142
6 9143
6 9144
6 9145
6 9146
6 9147
6 9148
6 9149
6 9150
6 9151
6 9152
6 9153
6 9154
6 9155
6 9156
6 9157
6 9158
6 9159
6 9160
6 9161
6 9162
6 9163
6 9164
6 9165
6 9166
6 9167
6 9168
6 9169
6 9170
6 9171
6 9172
6 9173
6 9174
6 9175
6 9176
6 9177
6 9178
6 9179
6 9180
6 9181
6 9182
6 9183
6 9184
6 9185
6 9186
6 9187
6 9188
6 9189
6 9190
6 9191
6 9192
6 9193
6 9194
6 9195
6 9196
6 9197
6 9198
6 9199
6 9200
6 9201
6 9202
6 9203
6 9204
6 9205
6 9206
6 9207
6 9208
6 9209
6 9210
6 9211
6 9212
6 9213
6 9214
6 9215
6 9216
6 9217
6 9218
6 9219
6 9220
6 9221
6 9222
6 9223
6 9224
6 9225
6 9226
6 9227
6 9228
6 9229
6 9230
6 9231
6 9232
6 9233
6 9234
6 9235
6 9236
6 9237
6 9238
6 9239
6 9240
6 9241
6 9242
6 9243
6 9244
6 9245
6 9246
6 9247
6 9248
6 9249
6 9250
6 9251
6 9252
6 9253
6 9254
6 9255
6 9256
6 9257
6 9258
6 9259
6 9260
6 9261
6 9262
6 9263
6 9264
6 9265
6 9266
6 9267
6 9268
6 9269
6 9270
6 9271
6 9272
6 9273
6 9274
6 9275
6 9276
6 9277
6 9278
6 9279
6 9280
6 9281
6 9282
6 9283
6 9284
6 9285
6 9286
6 9287
6 9288
6 9289
6 9290
6 9291
6 9292
6 9293
6 9294
6 9295
6 9296
6 9297
6 9298
6 9299
6 9300
6 9301
6 9302
6 9303
6 9304
6 9305
6 9306
6 9307
6 9308
6 9309
6 9310
6 9311
6 9312
6 9313
6 9314
6 9315
6 9316
6 9317
6 9318
6 9319
6 9320
6 9321
6 9322
6 9323
6 9324
6 9325
6 9326
6 9327
6 9328
6 9329
6 9330
6 9331
6 9332
6 9333
6 9334
6 9335
6 9337
6 9338
6 9339
6 9340
6 9341
6 9342
6 9343
6 9344
6 9345
6 9346
6 9347
6 9348
6 9349
6 9350
6 9351
6 9352
6 9353
6 9354
6 9355
6 9356
6 9357
6 9358
6 9359
6 9360
6 9361
6 9362
6 9363
6 9364
6 9365
6 9366
6 9367
6 9368
6 9369
6 9370
6 9371
6 9372
6 9373
6 9374
6 9375
6 9376
6 9377
6 9378
6 9379
6 9380
6 9381
6 9382
6 9383
6 9384
6 9385
6 9386
6 9387
6 9388
6 9389
6 9390
6 9391
6 9392
6 9393
6 9394
6 9395
6 9396
6 9397
6 9398
6 9399
6 9400
6 9401
6 9402
6 9403
6 9404
6 9405
6 9406
6 9407
6 9408
6 9409
6 9410
6 9411
6 9412
6 9413
6 9414
6 9415
6 9416
6 9417
6 9418
6 9419
6 9420
6 9421
6 9422
6 9423
6 9424
6 9425
6 9426
6 9427
6 9428
6 9429
6 9430
6 9431
6 9432
6 9433
6 9434
6 9435
6 9436
6 9437
6 9438
6 9439
6 9440
6 9441
6 9442
6 9443
6 9444
6 9445
6 9446
6 9447
6 9448
6 9449
6 9450
6 9451
6 9452
6 9453
6 9454
6 9455
6 9456
6 9457
6 9458
6 9459
6 9460
6 9461
6 9462
6 9463
6 9464
6 9465
6 9466
6 9467
6 9468
6 9469
6 9470
6 9471
6 9472
6 9473
6 9474
6 9475
6 9476
6 9477
6 9478
6 9479
6 9480
6 9481
6 9482
6 9483
6 9484
6 9485
6 9486
6 9487
6 9488
6 9489
6 9490
6 9491
6 9492
6 9493
6 9494
6 9495
6 9496
6 9497
6 9498
6 9499
6 9500
6 9501
6 9502
6 9503
6 9504
6 9505
6 9506
6 9507
6 9508
6 9509
6 9510
6 9511
6 9512
6 9513
6 9514
6 9515
6 9516
6 9517
6 9518
6 9519
6 9520
6 9521
6 9522
6 9523
6 9524
6 9525
6 9526
6 9527
6 9528
6 9529
6 9530
6 9531
6 9532
6 9533
6 9534
6 9535
6 9536
6 9537
6 9538
6 9539
6 9540
6 9541
6 9542
6 9543
6 9544
6 9545
6 9546
6 9547
6 9548
6 9549
6 9550
6 9551
6 9552
6 9553
6 9554
6 9555
6 9556
6 9557
6 9558
6 9559
6 9560
6 9561
6 9562
6 9563
6 9564
6 9565
6 9566
6 9567
6 9568
6 9569
6 9570
6 9571
6 9572
6 9573
6 9574
6 9575
6 9576
6 9577
6 9578
6 9579
6 9580
6 9581
6 9582
6 9583
6 9584
6 9585
6 9586
6 9587
6 9588
6 9589
6 9590
6 9591
6 9592
6 9593
6 9594
6 9595
6 9596
6 9597
6 9598
6 9599
6 9600
6 9601
6 9602
6 9603
6 9604
6 9605
6 9607
6 9608
6 9609
6 9610
6 9611
6 9612
6 9613
6 9614
6 9615
6 9616
6 9617
6 9618
6 9619
6 9620
6 9621
6 9622
6 9623
6 9624
6 9625
6 9626
6 9627
6 9628
6 9629
6 9630
6 9631
6 9638
6 9655
6 9660
6 9661
6 9672
6 9673
6 9675
6 9676
6 9677
6 9678
6 9701
6 9702
6 9703
6 9704
6 9705
6 9706
6 9707
6 9708
6 9709
6 9710
6 9711
6 9712
6 9713
6 9714
6 9715
6 9716
6 9717
6 9718
6 9719
6 9720
6 9721
6 9722
6 9723
6 9724
6 9725
6 9726
6 9727
6 9728
6 9729
6 9730
6 9731
6 9732
6 9733
6 9734
6 9735
6 9736
6 9740
6 9741
6 9742
6 9743
6 9744
6 9745
6 9746
6 9747
6 9748
6 9749
6 9750
6 9751
6 9752
6 9753
6 9754
6 9755
6 9756
6 9757
6 9758
6 9759
6 9762
6 9763
6 9764
6 9765
6 9766
6 9767
6 9768
6 9769
6 9770
6 9771
6 9772
6 9773
6 9774
6 9775
6 9776
6 9777
6 9778
6 9779
6 9780
6 9781
6 9782
6 9783
6 9784
6 9785
6 9786
6 9787
6 9788
6 9789
6 9790
6 9792
6 9793
6 9794
6 9795
6 9796
6 9797
6 9798
6 9799
6 9800
6 9801
6 9802
6 9803
6 9804
6 9805
6 9806
6 9807
6 9808
6 9809
6 9810
6 9811
6 9812
6 9813
6 9814
6 9815
6 9827
6 9828
6 9829
6 9830
6 9831
6 9832
6 9833
6 9834
6 9835
6 9836
6 9837
6 9838
6 9839
6 9840
6 9841
6 9842
6 9843
6 9844
6 9845
6 9846
6 9847
6 9848
6 9849
6 9850
6 9851
6 9852
6 9853
6 9854
6 9855
6 9856
6 9857
6 9858
6 9859
6 9860
6 9861
6 9862
6 9863
6 9864
6 9865
6 9866
6 9867
6 9868
6 9869
6 9870
6 9871
6 9872
6 9873
6 9874
6 9875
6 9876
6 9877
6 9878
6 9879
6 9880
6 9883
6 9884
6 9885
6 9886
6 9887
6 9889
6 9890
6 9891
6 9892
6 9893
6 9894
6 9895
6 9897
6 9898
6 9900
6 9901
6 9902
6 9903
6 9904
6 9905
6 9906
6 9907
6 9908
6 9909
6 9910
6 9911
6 9912
6 9913
6 9916
6 9917
6 9918
6 9919
6 9920
6 9924
6 9925
6 9926
6 9927
6 9928
6 9929
6 9930
6 9931
6 9932
6 9933
6 9935
6 9936
6 9937
6 9938
6 9939
6 9941
6 9942
6 9943
6 9950
6 9951
6 9952
6 9953
6 9954
6 9955
6 9956
6 9957
6 9958
6 9959
6 9960
6 9962
6 9963
6 9965
6 9966
6 9967
6 9968
6 9969
6 9970
6 9972
6 9973
6 9974
6 9975
6 9976
6 9977
6 9978
6 9979
6 9981
6 9982
6 9983
6 9984
6 9985
6 9986
6 9987
6 9988
6 9989
6 9990
6 9991
6 9992
6 9993
6 9994
6 9995
6 9996
6 9997
6 9998
6 9999
6 10000
6 10001
6 10002
6 10003
6 10004
6 10005
6 10006
6 10007
6 10008
6 10009
6 10010
6 10011
6 10012
6 10013
6 10014
6 10015
6 10016
6 10017
6 10018
6 10019
6 10020
6 10021
6 10022
6 10023
6 10024
6 10025
6 10026
6 10027
6 10028
6 10029
6 10030
6 10031
6 10032
6 10033
6 10034
6 10035
6 10036
6 10037
6 10038
6 10039
6 10040
6 10041
6 10042
6 10043
6 10044
6 10045
6 10046
6 10047
6 10048
6 10049
6 10050
6 10051
6 10052
6 10053
6 10054
6 10055
6 10056
6 10057
6 10058
6 10059
6 10060
6 10061
6 10062
6 10063
6 10064
6 10065
6 10066
6 10067
6 10068
6 10069
6 10070
6 10071
6 10072
6 10073
6 10074
6 10075
6 10076
6 10077
6 10078
6 10079
6 10080
6 10081
6 10084
6 10085
6 10086
6 10087
6 10088
6 10089
6 10090
6 10091
6 10092
6 10093
6 10094
6 10095
6 10096
6 10097
6 10098
6 10099
6 10100
6 10101
6 10102
6 10103
6 10104
6 10105
6 10106
6 10107
6 10108
6 10115
6 10116
6 10117
6 10118
6 10119
6 10120
6 10121
6 10122
6 10123
6 10124
6 10125
6 10126
6 10127
6 10128
6 10129
6 10130
6 10131
6 10132
6 10133
6 10134
6 10135
6 10136
6 10137
6 10138
6 10139
6 10140
6 10141
6 10142
6 10143
6 10144
6 10145
6 10146
6 10147
6 10148
6 10149
6 10150
6 10151
6 10152
6 10153
6 10154
6 10155
6 10156
6 10157
6 10158
6 10159
6 10160
6 10161
6 10162
6 10163
6 10164
6 10165
6 10166
6 10167
6 10168
6 10169
6 10170
6 10171
6 10172
6 10173
6 10174
6 10175
6 10176
6 10177
6 10178
6 10179
6 10180
6 10181
6 10182
6 10183
6 10184
6 10185
6 10186
6 10187
6 10188
6 10189
6 10190
6 10191
6 10192
6 10193
6 10194
6 10195
6 10196
6 10197
6 10198
6 10199
6 10200
6 10201
6 10202
6 10203
6 10204
6 10205
6 10206
6 10207
6 10208
6 10209
6 10210
6 10211
6 10212
6 10213
6 10214
6 10215
6 10218
6 10219
6 10220
6 10221
6 10222
6 10223
6 10224
6 10225
6 10226
6 10227
6 10228
6 10229
6 10230
6 10231
6 10232
6 10233
6 10234
6 10235
6 10236
6 10237
6 10238
6 10239
6 10240
6 10241
6 10242
6 10243
6 10244
6 10245
6 10246
6 10247
6 10248
6 10249
6 10250
6 10251
6 10252
6 10253
6 10254
6 10255
6 10256
6 10257
6 10261
6 10264
6 10265
6 10266
6 10267
6 10268
6 10269
6 10270
6 10271
6 10272
6 10273
6 10274
6 10275
6 10276
6 10277
6 10278
6 10279
6 10280
6 10281
6 10282
6 10283
6 10284
6 10285
6 10286
6 10287
6 10288
6 10289
6 10290
6 10291
6 10292
6 10293
6 10294
6 10295
6 10296
6 10297
6 10298
6 10299
6 10300
6 10301
6 10302
6 10303
6 10304
6 10305
6 10306
6 10307
6 10308
6 10309
6 10310
6 10311
6 10312
6 10313
6 10314
6 10315
6 10316
6 10317
6 10318
6 10319
6 10320
6 10321
6 10322
6 10323
6 10324
6 10325
6 10326
6 10327
6 10328
6 10329
6 10330
6 10331
6 10332
6 10333
6 10334
6 10335
6 10336
6 10337
6 10339
6 10340
6 10341
6 10342
6 10343
6 10344
6 10345
6 10346
6 10347
6 10348
6 10349
6 10350
6 10351
6 10352
6 10353
6 10354
6 10355
6 10356
6 10357
6 10358
6 10359
6 10360
6 10361
6 10362
6 10363
6 10364
6 10365
6 10366
6 10367
6 10368
6 10369
6 10370
6 10371
6 10372
6 10373
6 10374
6 10375
6 10376
6 10377
6 10378
6 10379
6 10380
6 10381
6 10382
6 10383
6 10384
6 10385
6 10386
6 10387
6 10388
6 10389
6 10390
6 10391
6 10392
6 10393
6 10394
6 10395
6 10396
6 10397
6 10398
6 10399
6 10400
6 10401
6 10402
6 10403
6 10404
6 10405
6 10406
6 10407
6 10408
6 10409
6 10410
6 10411
6 10412
6 10413
6 10414
6 10415
6 10416
6 10417
6 10418
6 10419
6 10420
6 10421
6 10422
6 10423
6 10424
6 10425
6 10426
6 10427
6 10428
6 10429
6 10432
6 10433
6 10434
6 10435
6 10436
6 10437
6 10438
6 10439
6 10440
6 10441
6 10442
6 10443
6 10444
6 10445
6 10446
6 10447
6 10448
6 10449
6 10450
6 10451
6 10452
6 10453
6 10454
6 10455
6 10456
6 10457
6 10458
6 10459
6 10460
6 10461
6 10462
6 10463
6 10464
6 10465
6 10466
6 10467
6 10468
6 10469
6 10470
6 10471
6 10472
6 10473
6 10474
6 10475
6 10476
6 10477
6 10478
6 10479
6 10480
6 10481
6 10482
6 10483
6 10484
6 10485
6 10486
6 10487
6 10488
6 10489
6 10490
6 10491
6 10492
6 10493
6 10494
6 10495
6 10496
6 10497
6 10498
6 10499
6 10501
6 10502
6 10503
6 10504
6 10505
6 10506
6 10507
6 10508
6 10509
6 10510
6 10511
6 10512
6 10513
6 10514
6 10516
6 10517
6 10518
6 10519
6 10520
6 10521
6 10522
6 10523
6 10524
6 10525
6 10526
6 10527
6 10528
6 10529
6 10530
6 10531
6 10532
6 10533
6 10534
6 10535
6 10536
6 10537
6 10538
6 10539
6 10540
6 10541
6 10542
6 10543
6 10544
6 10545
6 10546
6 10547
6 10548
6 10549
6 10550
6 10551
6 10552
6 10553
6 10554
6 10555
6 10556
6 10557
6 10558
6 10559
6 10560
6 10561
6 10562
6 10563
6 10564
6 10565
6 10566
6 10567
6 10568
6 10569
6 10570
6 10571
6 10572
6 10573
6 10574
6 10575
6 10576
6 10577
6 10578
6 10579
6 10580
6 10581
6 10582
6 10583
6 10584
6 10585
6 10586
6 10587
6 10588
6 10589
6 10590
6 10591
6 10592
6 10593
6 10594
6 10595
6 10596
6 10597
6 10598
6 10599
6 10600
6 10601
6 10602
6 10603
6 10604
6 10605
6 10606
6 10607
6 10608
6 10609
6 10610
6 10611
6 10612
6 10613
6 10614
6 10615
6 10616
6 10617
6 10618
6 10619
6 10620
6 10621
6 10622
6 10623
6 10624
6 10625
6 10626
6 10627
6 10628
6 10629
6 10630
6 10631
6 10632
6 10633
6 10634
6 10635
6 10636
6 10637
6 10638
6 10639
6 10640
6 10641
6 10642
6 10643
6 10644
6 10645
6 10646
6 10647
6 10649
6 10650
6 10651
6 10652
6 10653
6 10654
6 10655
6 10656
6 10657
6 10658
6 10659
6 10660
6 10661
6 10662
6 10663
6 10664
6 10665
6 10666
6 10667
6 10668
6 10669
6 10670
6 10671
6 10672
6 10673
6 10674
6 10675
6 10676
6 10677
6 10678
6 10679
6 10680
6 10681
6 10682
6 10683
6 10684
6 10685
6 10686
6 10687
6 10688
6 10689
6 10690
6 10691
6 10693
6 10694
6 10695
6 10696
6 10697
6 10698
6 10699
6 10700
6 10701
6 10702
6 10703
6 10704
6 10705
6 10706
6 10707
6 10708
6 10709
6 10710
6 10711
6 10712
6 10713
6 10714
6 10715
6 10716
6 10717
6 10718
6 10719
6 10720
6 10721
6 10722
6 10723
6 10724
6 10725
6 10726
6 10727
6 10728
6 10729
6 10730
6 10731
6 10732
6 10733
6 10734
6 10735
6 10736
6 10737
6 10738
6 10739
6 10740
6 10741
6 10742
6 10743
6 10744
6 10745
6 10746
6 10747
6 10748
6 10749
6 10750
6 10751
6 10752
6 10753
6 10754
6 10755
6 10756
6 10757
6 10758
6 10759
6 10760
6 10761
6 10762
6 10763
6 10764
6 10765
6 10766
6 10767
6 10768
6 10769
6 10770
6 10771
6 10772
6 10773
6 10774
6 10775
6 10776
6 10777
6 10778
6 10779
6 10780
6 10781
6 10782
6 10783
6 10784
6 10785
6 10786
6 10787
6 10789
6 10790
6 10791
6 10792
6 10793
6 10794
6 10795
6 10796
6 10797
6 10798
6 10799
6 10800
6 10801
6 10802
6 10803
6 10804
6 10805
6 10806
6 10807
6 10808
6 10809
6 10810
6 10811
6 10812
6 10813
6 10814
6 10815
6 10816
6 10817
6 10818
6 10819
6 10820
6 10821
6 10822
6 10823
6 10824
6 10825
6 10826
6 10828
6 10829
6 10830
6 10831
6 10832
6 10833
6 10834
6 10835
6 10837
6 10838
6 10839
6 10840
6 10841
6 10842
6 10843
6 10844
6 10847
6 10848
6 10849
6 10850
6 10851
6 10852
6 10853
6 10854
6 10855
6 10856
6 10857
6 10858
6 10859
6 10860
6 10861
6 10862
6 10863
6 10864
6 10865
6 10866
6 10867
6 10868
6 10869
6 10870
6 10871
6 10872
6 10873
6 10874
6 10875
6 10876
6 10877
6 10878
6 10879
6 10880
6 10881
6 10882
6 10883
6 10884
6 10885
6 10886
6 10887
6 10888
6 10889
6 10890
6 10891
6 10892
6 10893
6 10894
6 10895
6 10896
6 10897
6 10898
6 10899
6 10900
6 10901
6 10902
6 10903
6 10904
6 10905
6 10906
6 10907
6 10908
6 10909
6 10910
6 10911
6 10914
6 10915
6 10916
6 10917
6 10918
6 10919
6 10920
6 10921
6 10922
6 10923
6 10924
6 10925
6 10926
6 10927
6 10928
6 10929
6 10930
6 10931
6 10932
6 10933
6 10934
6 10935
6 10936
6 10937
6 10938
6 10939
6 10941
6 10942
6 10943
6 10944
6 10945
6 10946
6 10947
6 10948
6 10949
6 10950
6 10951
6 10952
6 10953
6 10954
6 10955
6 10956
6 10957
6 10958
6 10959
6 10960
6 10961
6 10962
6 10963
6 10964
6 10965
6 10966
6 10967
6 10968
6 10969
6 10970
6 10971
6 10972
6 10973
6 10974
6 10975
6 10976
6 10977
6 10978
6 10979
6 10980
6 10981
6 10982
6 10983
6 10984
6 10985
6 10986
6 10987
6 10988
6 10989
6 10990
6 10991
6 10994
6 10995
6 10996
6 10997
6 10998
6 11000
6 11001
6 11002
6 11003
6 11004
6 11005
6 11006
6 11007
6 11008
6 11009
6 11010
6 11011
6 11012
6 11013
6 11014
6 11015
6 11016
6 11017
6 11018
6 11019
6 11020
6 11021
6 11022
6 11023
6 11024
6 11025
6 11026
6 11027
6 11028
6 11029
6 11030
6 11031
6 11032
6 11033
6 11034
6 11035
6 11036
6 11037
6 11038
6 11039
6 11040
6 11041
6 11042
6 11043
6 11044
6 11045
6 11046
6 11047
6 11048
6 11049
6 11050
6 11051
6 11052
6 11053
6 11054
6 11055
6 11056
6 11057
6 11058
6 11059
6 11060
6 11061
6 11062
6 11063
6 11064
6 11065
6 11066
6 11067
6 11068
6 11069
6 11070
6 11071
6 11072
6 11073
6 11074
6 11075
6 11076
6 11077
6 11078
6 11079
6 11080
6 11081
6 11082
6 11083
6 11084
6 11085
6 11086
6 11089
6 11090
6 11091
6 11092
6 11093
6 11094
6 11095
6 11096
6 11097
6 11098
6 11099
6 11100
6 11101
6 11102
6 11103
6 11104
6 11105
6 11106
6 11107
6 11108
6 11109
6 11110
6 11111
6 11112
6 11113
6 11114
6 11115
6 11116
6 11117
6 11118
6 11119
6 11120
6 11121
6 11122
6 11123
6 11124
6 11125
6 11126
6 11127
6 11128
6 11129
6 11130
6 11131
6 11133
6 11134
6 11135
6 11136
6 11137
6 11138
6 11139
6 11140
6 11141
6 11142
6 11143
6 11144
6 11145
6 11146
6 11147
6 11148
6 11149
6 11150
6 11151
6 11152
6 11153
6 11154
6 11155
6 11156
6 11157
6 11158
6 11167
6 11168
6 11169
6 11170
6 11171
6 11172
6 11173
6 11174
6 11175
6 11176
6 11177
6 11178
6 11179
6 11180
6 11181
6 11182
6 11183
6 11188
6 11195
6 11204
6 11205
6 11206
6 11211
6 11217
6 11218
6 11219
6 11220
6 11221
6 11222
6 11223
6 11224
6 11225
6 11226
6 11227
6 11229
6 11230
6 11231
6 11232
6 11233
6 11234
6 11235
6 11236
6 11237
6 11238
6 11239
6 11240
6 11241
6 11242
6 11243
6 11244
6 11245
6 11246
6 11247
6 11248
6 11249
6 11250
6 11251
6 11252
6 11253
6 11254
6 11255
6 11256
6 11257
6 11258
6 11259
6 11260
6 11261
6 11262
6 11263
6 11264
6 11265
6 11266
6 11267
6 11268
6 11269
6 11270
6 11271
6 11272
6 11273
6 11274
6 11275
6 11276
6 11277
6 11278
6 11279
6 11280
6 11281
6 11282
6 11283
6 11284
6 11285
6 11286
6 11287
6 11288
6 11289
6 11290
6 11291
6 11292
6 11293
6 11294
6 11295
6 11296
6 11297
6 11298
6 11299
6 11300
6 11301
6 11302
6 11303
6 11304
6 11305
6 11306
6 11307
6 11308
6 11309
6 11310
6 11311
6 11312
6 11313
6 11314
6 11315
6 11316
6 11317
6 11318
6 11319
6 11320
6 11321
6 11322
6 11323
6 11324
6 11325
6 11326
6 11327
6 11328
6 11329
6 11330
6 11331
6 11332
6 11333
6 11334
6 11335
6 11336
6 11337
6 11338
6 11339
6 11340
6 11341
6 11342
6 11343
6 11344
6 11345
6 11346
6 11347
6 11348
6 11349
6 11350
6 11351
6 11352
6 11353
6 11354
6 11355
6 11356
6 11357
6 11358
6 11359
6 11360
6 11362
6 11363
6 11364
6 11365
6 11366
6 11367
6 11370
6 11371
6 11372
6 11373
6 11374
6 11375
6 11376
6 11377
6 11378
6 11379
6 11380
6 11381
6 11382
6 11383
6 11384
6 11385
6 11386
6 11387
6 11388
6 11389
6 11390
6 11391
6 11392
6 11393
6 11394
6 11395
6 11396
6 11397
6 11398
6 11399
6 11400
6 11401
6 11402
6 11403
6 11404
6 11405
6 11406
6 11407
6 11408
6 11409
6 11410
6 11411
6 11412
6 11413
6 11414
6 11415
6 11416
6 11417
6 11418
6 11419
6 11420
6 11421
6 11422
6 11423
6 11424
6 11425
6 11426
6 11427
6 11428
6 11429
6 11430
6 11431
6 11432
6 11433
6 11434
6 11435
6 11436
6 11437
6 11438
6 11439
6 11440
6 11441
6 11442
6 11443
6 11444
6 11445
6 11446
6 11447
6 11448
6 11449
6 11450
6 11451
6 11452
6 11453
6 11454
6 11455
6 11456
6 11457
6 11458
6 11459
6 11460
6 11461
6 11462
6 11463
6 11464
6 11465
6 11466
6 11467
6 11468
6 11469
6 11470
6 11471
6 11472
6 11473
6 11474
6 11475
6 11476
6 11477
6 11478
6 11479
6 11480
6 11481
6 11482
6 11483
6 11484
6 11485
6 11486
6 11487
6 11488
6 11489
6 11490
6 11491
6 11492
6 11493
6 11494
6 11495
6 11496
6 11497
6 11498
6 11499
6 11500
6 11501
6 11502
6 11503
6 11504
6 11505
6 11506
6 11507
6 11508
6 11509
6 11510
6 11511
6 11512
6 11513
6 11514
6 11515
6 11516
6 11517
6 11518
6 11519
6 11520
6 11521
6 11522
6 11523
6 11525
6 11527
6 11528
6 11529
6 11530
6 11531
6 11532
6 11533
6 11534
6 11535
6 11536
6 11537
6 11539
6 11540
6 11541
6 11542
6 11543
6 11544
6 11545
6 11546
6 11547
6 11548
6 11549
6 11550
6 11551
6 11552
6 11553
6 11554
6 11555
6 11556
6 11557
6 11558
6 11559
6 11560
6 11561
6 11562
6 11563
6 11564
6 11565
6 11566
6 11567
6 11568
6 11569
6 11570
6 11571
6 11572
6 11573
6 11574
6 11575
6 11576
6 11577
6 11578
6 11579
6 11580
6 11581
6 11582
6 11583
6 11584
6 11585
6 11586
6 11587
6 11588
6 11589
6 11590
6 11591
6 11592
6 11593
6 11594
6 11595
6 11596
6 11597
6 11598
6 11599
6 11600
6 11601
6 11602
6 11603
6 11604
6 11605
6 11606
6 11607
6 11608
6 11609
6 11610
6 11611
6 11612
6 11613
6 11614
6 11615
6 11616
6 11617
6 11618
6 11619
6 11620
6 11621
6 11622
6 11623
6 11624
6 11625
6 11626
6 11627
6 11628
6 11629
6 11630
6 11631
6 11632
6 11633
6 11634
6 11635
6 11636
6 11637
6 11638
6 11639
6 11640
6 11641
6 11642
6 11643
6 11644
6 11645
6 11646
6 11647
6 11648
6 11649
6 11650
6 11651
6 11652
6 11653
6 11654
6 11655
6 11656
6 11657
6 11658
6 11659
6 11660
6 11661
6 11662
6 11663
6 11664
6 11665
6 11666
6 11667
6 11668
6 11669
6 11670
6 11671
6 11672
6 11673
6 11674
6 11675
6 11676
6 11677
6 11678
6 11679
6 11680
6 11681
6 11682
6 11683
6 11684
6 11685
6 11686
6 11687
6 11688
6 11689
6 11690
6 11691
6 11692
6 11693
6 11694
6 11695
6 11696
6 11697
6 11698
6 11699
6 11700
6 11701
6 11702
6 11703
6 11704
6 11705
6 11706
6 11707
6 11708
6 11709
6 11710
6 11711
6 11712
6 11713
6 11714
6 11715
6 11716
6 11717
6 11718
6 11719
6 11720
6 11721
6 11722
6 11723
6 11724
6 11725
6 11726
6 11727
6 11728
6 11729
6 11730
6 11731
6 11732
6 11733
6 11734
6 11735
6 11736
6 11737
6 11742
6 11743
6 11744
6 11745
6 11748
6 11749
6 11750
6 11751
6 11752
6 11753
6 11754
6 11755
6 11756
6 11762
6 11763
6 11764
6 11765
6 11766
6 11767
6 11768
6 11769
6 11770
6 11771
6 11772
6 11773
6 11774
6 11775
6 11776
6 11777
6 11778
6 11779
6 11780
6 11781
6 11782
6 11783
6 11784
6 11785
6 11786
6 11787
6 11788
6 11789
6 11790
6 11791
6 11792
6 11793
6 11794
6 11795
6 11796
6 11797
6 11798
6 11799
6 11800
6 11801
6 11802
6 11803
6 11804
6 11805
6 11806
6 11807
6 11808
6 11809
6 11810
6 11811
6 11812
6 11813
6 11814
6 11815
6 11816
6 11817
6 11818
6 11819
6 11820
6 11821
6 11822
6 11823
6 11824
6 11825
6 11826
6 11827
6 11828
6 11829
6 11830
6 11831
6 11832
6 11833
6 11834
6 11835
6 11836
6 11837
6 11838
6 11839
6 11840
6 11841
6 11842
6 11843
6 11844
6 11845
6 11846
6 11847
6 11848
6 11849
6 11850
6 11851
6 11852
6 11853
6 11854
6 11855
6 11857
6 11858
6 11859
6 11860
6 11861
6 11862
6 11863
6 11864
6 11865
6 11866
6 11867
6 11868
6 11869
6 11870
6 11871
6 11872
6 11873
6 11874
6 11875
6 11876
6 11877
6 11878
6 11879
6 11880
6 11881
6 11882
6 11883
6 11884
6 11885
6 11886
6 11887
6 11888
6 11889
6 11890
6 11891
6 11892
6 11894
6 11895
6 11896
6 11897
6 11898
6 11899
6 11900
6 11901
6 11902
6 11903
6 11904
6 11905
6 11906
6 11907
6 11908
6 11909
6 11910
6 11911
6 11912
6 11913
6 11914
6 11915
6 11916
6 11917
6 11918
6 11919
6 11920
6 11921
6 11922
6 11923
6 11924
6 11925
6 11926
6 11927
6 11928
6 11929
6 11930
6 11931
6 11932
6 11933
6 11934
6 11935
6 11936
6 11937
6 11938
6 11939
6 11940
6 11941
6 11942
6 11943
6 11944
6 11945
6 11946
6 11947
6 11948
6 11949
6 11950
6 11951
6 11954
6 11955
6 11956
6 11957
6 11958
6 11959
6 11960
6 11961
6 11962
6 11963
6 11964
6 11967
6 11968
6 11969
6 11970
6 11971
6 11972
6 11974
6 11975
6 11976
6 11977
6 11978
6 11979
6 11980
6 11981
6 11982
6 11983
6 11984
6 11985
6 11986
6 11987
6 11988
6 11989
6 11990
6 11991
6 11992
6 11993
6 11994
6 11995
6 11996
6 11997
6 11998
6 11999
6 12000
6 12001
6 12002
6 12003
6 12004
6 12005
6 12006
6 12007
6 12008
6 12009
6 12011
6 12013
6 12014
6 12015
6 12016
6 12017
6 12018
6 12019
6 12020
6 12021
6 12022
6 12023
6 12024
6 12025
6 12026
6 12027
6 12028
6 12029
6 12030
6 12031
6 12032
6 12033
6 12034
6 12035
6 12036
6 12037
6 12038
6 12039
6 12040
6 12041
6 12042
6 12043
6 12046
6 12047
6 12048
6 12049
6 12050
6 12051
6 12052
6 12053
6 12054
6 12056
6 12057
6 12058
6 12059
6 12060
6 12061
6 12062
6 12063
6 12064
6 12065
6 12066
6 12067
6 12068
6 12071
6 12072
6 12073
6 12074
6 12075
6 12076
6 12077
6 12078
6 12079
6 12080
6 12081
6 12082
6 12083
6 12084
6 12085
6 12086
6 12087
6 12088
6 12089
6 12090
6 12091
6 12092
6 12093
6 12094
6 12095
6 12096
6 12097
6 12098
6 12099
6 12100
6 12101
6 12102
6 12103
6 12104
6 12105
6 12106
6 12107
6 12109
6 12110
6 12111
6 12112
6 12113
6 12114
6 12115
6 12116
6 12117
6 12118
6 12119
6 12120
6 12121
6 12122
6 12123
6 12124
6 12125
6 12126
6 12127
6 12128
6 12129
6 12131
6 12132
6 12133
6 12134
6 12135
6 12136
6 12137
6 12138
6 12139
6 12140
6 12141
6 12142
6 12143
6 12144
6 12145
6 12146
6 12147
6 12148
6 12149
6 12150
6 12151
6 12152
6 12153
6 12154
6 12155
6 12156
6 12157
6 12158
6 12159
6 12160
6 12161
6 12162
6 12163
6 12164
6 12165
6 12166
6 12167
6 12168
6 12169
6 12170
6 12171
6 12172
6 12173
6 12174
6 12175
6 12176
6 12177
6 12178
6 12179
6 12180
6 12181
6 12182
6 12183
6 12184
6 12185
6 12186
6 12187
6 12188
6 12190
6 12191
6 12192
6 12193
6 12194
6 12195
6 12196
6 12197
6 12198
6 12199
6 12200
6 12201
6 12202
6 12203
6 12204
6 12205
6 12206
6 12207
6 12208
6 12209
6 12210
6 12211
6 12212
6 12213
6 12214
6 12215
6 12216
6 12217
6 12218
6 12219
6 12220
6 12221
6 12222
6 12223
6 12224
6 12225
6 12226
6 12227
6 12228
6 12229
6 12230
6 12231
6 12232
6 12233
6 12234
6 12235
6 12236
6 12237
6 12238
6 12239
6 12240
6 12241
6 12242
6 12243
6 12244
6 12245
6 12246
6 12247
6 12248
6 12249
6 12250
6 12251
6 12252
6 12253
6 12254
6 12255
6 12256
6 12257
6 12258
6 12259
6 12260
6 12261
6 12262
6 12263
6 12264
6 12265
6 12266
6 12267
6 12268
6 12269
6 12270
6 12271
6 12272
6 12273
6 12274
6 12275
6 12276
6 12277
6 12278
6 12279
6 12280
6 12281
6 12282
6 12283
6 12284
6 12285
6 12286
6 12287
6 12288
6 12289
6 12290
6 12291
6 12292
6 12293
6 12294
6 12295
6 12296
6 12297
6 12298
6 12299
6 12300
6 12301
6 12302
6 12303
6 12304
6 12305
6 12306
6 12307
6 12308
6 12309
6 12310
6 12311
6 12312
6 12313
6 12314
6 12315
6 12316
6 12317
6 12318
6 12319
6 12320
6 12321
6 12322
6 12323
6 12324
6 12325
6 12326
6 12327
6 12328
6 12329
6 12330
6 12331
6 12332
6 12333
6 12334
6 12335
6 12336
6 12337
6 12338
6 12339
6 12340
6 12341
6 12342
6 12343
6 12344
6 12346
6 12347
6 12348
6 12349
6 12350
6 12351
6 12352
6 12353
6 12354
6 12355
6 12356
6 12357
6 12358
6 12359
6 12360
6 12361
6 12362
6 12363
6 12364
6 12365
6 12366
6 12367
6 12368
6 12369
6 12370
6 12371
6 12372
6 12373
6 12374
6 12375
6 12376
6 12377
6 12378
6 12379
6 12380
6 12381
6 12382
6 12383
6 12384
6 12385
6 12386
6 12387
6 12388
6 12389
6 12391
6 12392
6 12393
6 12394
6 12395
6 12396
6 12397
6 12398
6 12399
6 12400
6 12401
6 12402
6 12403
6 12404
6 12405
6 12406
6 12407
6 12408
6 12409
6 12410
6 12411
6 12412
6 12413
6 12414
6 12416
6 12417
6 12418
6 12419
6 12420
6 12421
6 12422
6 12423
6 12424
6 12425
6 12426
6 12427
6 12428
6 12429
6 12430
6 12431
6 12432
6 12433
6 12434
6 12435
6 12436
6 12437
6 12438
6 12439
6 12440
6 12442
6 12443
6 12444
6 12445
6 12446
6 12447
6 12448
6 12449
6 12450
6 12451
6 12452
6 12453
6 12454
6 12455
6 12456
6 12457
6 12458
6 12459
6 12460
6 12461
6 12462
6 12463
6 12464
6 12465
6 12466
6 12467
6 12468
6 12469
6 12470
6 12471
6 12472
6 12473
6 12474
6 12475
6 12476
6 12477
6 12478
6 12479
6 12480
6 12481
6 12482
6 12483
6 12484
6 12485
6 12486
6 12487
6 12488
6 12489
6 12490
6 12491
6 12492
6 12493
6 12494
6 12495
6 12496
6 12497
6 12498
6 12499
6 12500
6 12501
6 12502
6 12503
6 12504
6 12505
6 12506
6 12507
6 12508
6 12509
6 12510
6 12511
6 12512
6 12513
6 12514
6 12515
6 12516
6 12517
6 12518
6 12519
6 12520
6 12521
6 12522
6 12523
6 12524
6 12525
6 12526
6 12529
6 12530
6 12531
6 12532
6 12533
6 12534
6 12535
6 12536
6 12537
6 12538
6 12539
6 12540
6 12541
6 12542
6 12543
6 12544
6 12545
6 12546
6 12547
6 12548
6 12549
6 12550
6 12551
6 12552
6 12553
6 12554
6 12555
6 12556
6 12557
6 12558
6 12559
6 12560
6 12561
6 12562
6 12563
6 12564
6 12565
6 12566
6 12567
6 12568
6 12569
6 12570
6 12571
6 12573
6 12574
6 12575
6 12576
6 12577
6 12578
6 12579
6 12580
6 12581
6 12582
6 12583
6 12584
6 12585
6 12586
6 12587
6 12588
6 12589
6 12590
6 12591
6 12592
6 12593
6 12594
6 12595
6 12596
6 12597
6 12598
6 12599
6 12600
6 12601
6 12602
6 12603
6 12604
6 12605
6 12606
6 12607
6 12608
6 12609
6 12610
6 12611
6 12612
6 12613
6 12614
6 12615
6 12616
6 12617
6 12618
6 12619
6 12620
6 12621
6 12622
6 12623
6 12625
6 12626
6 12627
6 12628
6 12629
6 12630
6 12631
6 12632
6 12633
6 12634
6 12635
6 12636
6 12637
6 12638
6 12639
6 12640
6 12641
6 12642
6 12643
6 12644
6 12645
6 12646
6 12647
6 12648
6 12649
6 12650
6 12651
6 12652
6 12653
6 12654
6 12655
6 12656
6 12657
6 12658
6 12659
6 12660
6 12661
6 12662
6 12663
6 12664
6 12665
6 12666
6 12667
6 12668
6 12669
6 12670
6 12672
6 12673
6 12674
6 12675
6 12676
6 12677
6 12678
6 12679
6 12680
6 12681
6 12682
6 12683
6 12684
6 12685
6 12686
6 12687
6 12688
6 12689
6 12690
6 12691
6 12692
6 12693
6 12694
6 12695
6 12696
6 12697
6 12698
6 12699
6 12700
6 12701
6 12702
6 12703
6 12704
6 12705
6 12706
6 12707
6 12708
6 12709
6 12710
6 12711
6 12712
6 12713
6 12714
6 12715
6 12716
6 12717
6 12718
6 12719
6 12720
6 12721
6 12722
6 12723
6 12724
6 12725
6 12726
6 12727
6 12728
6 12729
6 12730
6 12731
6 12732
6 12733
6 12734
6 12735
6 12736
6 12737
6 12738
6 12739
6 12740
6 12741
6 12742
6 12743
6 12744
6 12745
6 12746
6 12747
6 12748
6 12749
6 12750
6 12751
6 12752
6 12753
6 12754
6 12755
6 12756
6 12757
6 12758
6 12759
6 12760
6 12761
6 12762
6 12763
6 12764
6 12765
6 12766
6 12767
6 12768
6 12769
6 12770
6 12771
6 12772
6 12773
6 12774
6 12775
6 12776
6 12777
6 12778
6 12779
6 12780
6 12781
6 12782
6 12783
6 12784
6 12785
6 12786
6 12787
6 12788
6 12789
6 12790
6 12791
6 12792
6 12793
6 12794
6 12795
6 12796
6 12797
6 12798
6 12799
6 12800
6 12801
6 12802
6 12803
6 12804
6 12805
6 12806
6 12807
6 12808
6 12809
6 12810
6 12811
6 12812
6 12813
6 12814
6 12817
6 12818
6 12819
6 12820
6 12821
6 12822
6 12823
6 12824
6 12825
6 12826
6 12827
6 12828
6 12829
6 12830
6 12831
6 12832
6 12833
6 12834
6 12835
6 12836
6 12837
6 12838
6 12839
6 12840
6 12841
6 12842
6 12843
6 12844
6 12845
6 12846
6 12847
6 12848
6 12849
6 12850
6 12851
6 12852
6 12853
6 12854
6 12855
6 12856
6 12857
6 12858
6 12859
6 12860
6 12861
6 12862
6 12863
6 12864
6 12865
6 12866
6 12867
6 12868
6 12869
6 12870
6 12871
6 12872
6 12873
6 12874
6 12875
6 12876
6 12877
6 12878
6 12879
6 12880
6 12881
6 12882
6 12883
6 12884
6 12885
6 12886
6 12887
6 12888
6 12889
6 12890
6 12891
6 12892
6 12893
6 12894
6 12895
6 12896
6 12897
6 12898
6 12899
6 12900
6 12901
6 12902
6 12903
6 12904
6 12905
6 12906
6 12907
6 12908
6 12909
6 12910
6 12911
6 12912
6 12913
6 12914
6 12915
6 12916
6 12917
6 12918
6 12919
6 12920
6 12921
6 12922
6 12923
6 12925
6 12926
6 12927
6 12928
6 12929
6 12930
6 12931
6 12932
6 12933
6 12934
6 12935
6 12936
6 12937
6 12938
6 12939
6 12940
6 12941
6 12942
6 12943
6 12944
6 12945
6 12946
6 12947
6 12948
6 12949
6 12950
6 12951
6 12952
6 12953
6 12954
6 12955
6 12956
6 12957
6 12958
6 12959
6 12960
6 12961
6 12962
6 12963
6 12964
6 12965
6 12966
6 12967
6 12968
6 12969
6 12970
6 12971
6 12972
6 12973
6 12974
6 12975
6 12976
6 12977
6 12978
6 12979
6 12980
6 12981
6 12982
6 12983
6 12984
6 12985
6 12986
6 12987
6 12988
6 12989
6 12990
6 12991
6 12992
6 12993
6 12994
6 12995
6 12996
6 12997
6 12998
6 12999
6 13000
6 13001
6 13002
6 13003
6 13004
6 13005
6 13006
6 13007
6 13008
6 13009
6 13010
6 13011
6 13012
6 13013
6 13014
6 13015
6 13016
6 13017
6 13018
6 13019
6 13020
6 13021
6 13022
6 13023
6 13024
6 13025
6 13026
6 13027
6 13028
6 13029
6 13030
6 13031
6 13032
6 13033
6 13034
6 13035
6 13036
6 13037
6 13038
6 13039
6 13040
6 13041
6 13042
6 13043
6 13044
6 13045
6 13046
6 13047
6 13048
6 13049
6 13050
6 13051
6 13052
6 13053
6 13054
6 13055
6 13056
6 13057
6 13058
6 13059
6 13060
6 13061
6 13062
6 13063
6 13064
6 13065
6 13066
6 13067
6 13068
6 13069
6 13070
6 13071
6 13072
6 13073
6 13074
6 13075
6 13076
6 13077
6 13078
6 13079
6 13080
6 13081
6 13082
6 13083
6 13084
6 13085
6 13086
6 13087
6 13088
6 13089
6 13090
6 13091
6 13092
6 13093
6 13094
6 13095
6 13096
6 13097
6 13098
6 13099
6 13100
6 13101
6 13102
6 13103
6 13104
6 13105
6 13106
6 13107
6 13108
6 13109
6 13110
6 13111
6 13112
6 13113
6 13114
6 13115
6 13116
6 13117
6 13118
6 13119
6 13120
6 13121
6 13122
6 13123
6 13124
6 13126
6 13127
6 13128
6 13129
6 13130
6 13131
6 13132
6 13133
6 13134
6 13135
6 13136
6 13137
6 13138
6 13141
6 13142
6 13143
6 13144
6 13145
6 13146
6 13147
6 13148
6 13149
6 13150
6 13151
6 13152
6 13153
6 13154
6 13155
6 13156
6 13157
6 13158
6 13159
6 13160
6 13161
6 13162
6 13163
6 13164
6 13165
6 13166
6 13167
6 13168
6 13169
6 13170
6 13171
6 13172
6 13173
6 13174
6 13175
6 13176
6 13177
6 13178
6 13179
6 13180
6 13181
6 13182
6 13183
6 13184
6 13185
6 13186
6 13187
6 13188
6 13189
6 13190
6 13191
6 13193
6 13194
6 13196
6 13198
6 13199
6 13200
6 13202
6 13203
6 13204
6 13205
6 13206
6 13209
6 13210
6 13211
6 13212
6 13213
6 13214
6 13215
6 13216
6 13218
6 13219
6 13220
6 13221
6 13223
6 13224
6 13226
6 13227
6 13228
6 13229
6 13231
6 13233
6 13234
6 13235
6 13236
6 13237
6 13238
6 13239
6 13255
6 13256
6 13257
6 13265
6 13266
6 13267
6 13268
6 13269
6 13270
6 13271
6 13278
6 13279
6 13280
6 13281
6 13282
6 13283
6 13284
6 13289
6 13290
6 13291
6 13292
6 13293
6 13294
6 13295
6 13296
6 13297
6 13298
6 13299
6 13300
6 13301
6 13302
6 13303
6 13304
6 13306
6 13308
6 13309
6 13310
6 13311
6 13313
6 13314
6 13315
6 13316
6 13317
6 13318
6 13319
6 13320
6 13321
6 13322
6 13323
6 13324
6 13325
6 13326
6 13327
6 13328
6 13329
6 13330
6 13331
6 13332
6 13333
6 13334
6 13335
6 13336
6 13337
6 13348
6 13371
6 13378
6 13379
6 13380
6 13381
6 13382
6 13383
6 13384
6 13385
6 13386
6 13387
6 13388
6 13389
6 13390
6 13391
6 13392
6 13393
6 13394
6 13395
6 13396
6 13402
6 13403
6 13404
6 13405
6 13406
6 13407
6 13408
6 13409
6 13410
6 13411
6 13412
6 13413
6 13415
6 13416
6 13417
6 13418
6 13420
6 13421
6 13422
6 13423
6 13424
6 13425
6 13426
6 13427
6 13428
6 13429
6 13430
6 13431
6 13432
6 13433
6 13437
6 13438
6 13439
6 13440
6 13441
6 13442
6 13443
6 13444
6 13445
6 13446
6 13447
6 13448
6 13449
6 13450
6 13451
6 13452
6 13453
6 13454
6 13455
6 13456
6 13457
6 13458
6 13459
6 13460
6 13461
6 13462
6 13463
6 13464
6 13465
6 13466
6 13467
6 13468
6 13469
6 13470
6 13471
6 13472
6 13473
6 13474
6 13475
6 13476
6 13477
6 13478
6 13479
6 13480
6 13481
6 13482
6 13483
6 13484
6 13485
6 13486
6 13487
6 13488
6 13489
6 13490
6 13491
6 13492
6 13493
6 13494
6 13495
6 13496
6 13497
6 13498
6 13499
6 13500
6 13501
6 13502
6 13503
6 13504
6 13505
6 13506
6 13507
6 13508
6 13509
6 13510
6 13511
6 13512
6 13513
6 13514
6 13515
6 13516
6 13517
6 13518
6 13519
6 13520
6 13521
6 13522
6 13523
6 13524
6 13525
6 13526
6 13527
6 13528
6 13529
6 13530
6 13531
6 13532
6 13533
6 13534
6 13535
6 13536
6 13537
6 13538
6 13539
6 13540
6 13541
6 13542
6 13543
6 13544
6 13545
6 13546
6 13547
6 13548
6 13549
6 13550
6 13551
6 13552
6 13554
6 13555
6 13556
6 13557
6 13558
6 13559
6 13560
6 13561
6 13562
6 13563
6 13564
6 13565
6 13566
6 13567
6 13568
6 13569
6 13570
6 13571
6 13572
6 13573
6 13575
6 13576
6 13577
6 13578
6 13579
6 13580
6 13581
6 13582
6 13583
6 13584
6 13585
6 13586
6 13587
6 13588
6 13589
6 13590
6 13591
6 13592
6 13593
6 13594
6 13595
6 13596
6 13597
6 13602
6 13603
6 13604
6 13605
6 13606
6 13607
6 13608
6 13609
6 13610
6 13611
6 13612
6 13613
6 13614
6 13615
6 13616
6 13617
6 13618
6 13619
6 13620
6 13621
6 13622
6 13623
6 13624
6 13625
6 13626
6 13627
6 13628
6 13629
6 13630
6 13631
6 13632
6 13633
6 13634
6 13635
6 13636
6 13637
6 13638
6 13639
6 13640
6 13641
6 13642
6 13643
6 13644
6 13645
6 13646
6 13647
6 13648
6 13649
6 13650
6 13651
6 13652
6 13653
6 13654
6 13655
6 13656
6 13657
6 13658
6 13659
6 13660
6 13661
6 13662
6 13663
6 13664
6 13665
6 13666
6 13667
6 13668
6 13669
6 13670
6 13671
6 13672
6 13673
6 13674
6 13675
6 13676
6 13677
6 13678
6 13679
6 13680
6 13681
6 13682
6 13683
6 13684
6 13685
6 13686
6 13687
6 13688
6 13689
6 13690
6 13691
6 13692
6 13693
6 13694
6 13695
6 13696
6 13697
6 13698
6 13699
6 13700
6 13701
6 13702
6 13703
6 13704
6 13705
6 13706
6 13707
6 13708
6 13709
6 13710
6 13711
6 13712
6 13713
6 13714
6 13715
6 13716
6 13717
6 13718
6 13719
6 13720
6 13721
6 13722
6 13723
6 13724
6 13725
6 13726
6 13727
6 13728
6 13729
6 13730
6 13731
6 13732
6 13733
6 13734
6 13735
6 13736
6 13737
6 13738
6 13739
6 13740
6 13741
6 13742
6 13743
6 13744
6 13745
6 13746
6 13747
6 13748
6 13749
6 13750
6 13751
6 13752
6 13753
6 13754
6 13755
6 13756
6 13757
6 13758
6 13759
6 13760
6 13761
6 13762
6 13763
6 13764
6 13765
6 13766
6 13767
6 13768
6 13769
6 13770
6 13771
6 13772
6 13773
6 13774
6 13781
6 13782
6 13783
6 13788
6 13789
6 13790
6 13791
6 13792
6 13793
6 13794
6 13795
6 13796
6 13797
6 13798
6 13799
6 13800
6 13801
6 13802
6 13803
6 13804
6 13805
6 13806
6 13807
6 13808
6 13809
6 13810
6 13811
6 13812
6 13813
6 13814
6 13815
6 13816
6 13817
6 13818
6 13819
6 13820
6 13821
6 13822
6 13823
6 13824
6 13825
6 13826
6 13827
6 13828
6 13829
6 13830
6 13831
6 13832
6 13833
6 13834
6 13835
6 13836
6 13837
6 13838
6 13839
6 13840
6 13841
6 13842
6 13843
6 13844
6 13845
6 13851
6 13852
6 13853
6 13854
6 13855
6 13856
6 13857
6 13858
6 13859
6 13860
6 13861
6 13862
6 13864
6 13865
6 13866
6 13867
6 13868
6 13869
6 13871
6 13872
6 13873
6 13874
6 13876
6 13877
6 13878
6 13879
6 13882
6 13883
6 13884
6 13885
6 13886
6 13887
6 13888
6 13889
6 13891
6 13892
6 13893
6 13894
6 13895
6 13896
6 13897
6 13898
6 13899
6 13900
6 13901
6 13902
6 13903
6 13904
6 13908
6 13909
6 13910
6 13911
6 13912
6 13913
6 13914
6 13915
6 13916
6 13917
6 13918
6 13919
6 13920
6 13921
6 13922
6 13923
6 13924
6 13925
6 13926
6 13927
6 13928
6 13929
6 13930
6 13931
6 13932
6 13933
6 13934
6 13935
6 13936
6 13937
6 13938
6 13939
6 13940
6 13941
6 13942
6 13943
6 13944
6 13945
6 13946
6 13947
6 13948
6 13949
6 13950
6 13951
6 13952
6 13953
6 13954
6 13955
6 13956
6 13957
6 13958
6 13959
6 13960
6 13961
6 13962
6 13963
6 13964
6 13965
6 13966
6 13967
6 13968
6 13969
6 13970
6 13971
6 13972
6 13973
6 13974
6 13975
6 13976
6 13977
6 13978
6 13979
6 13980
6 13981
6 13982
6 13983
6 13984
6 13985
6 13986
6 13987
6 13988
6 13991
6 13992
6 13993
6 13994
6 13995
6 13996
6 13997
6 13998
6 13999
6 14000
6 14001
6 14002
6 14003
6 14004
6 14005
6 14006
6 14007
6 14008
6 14009
6 14010
6 14011
6 14012
6 14013
6 14014
6 14015
6 14016
6 14017
6 14018
6 14019
6 14020
6 14021
6 14022
6 14023
6 14024
6 14025
6 14026
6 14027
6 14028
6 14029
6 14030
6 14031
6 14032
6 14033
6 14034
6 14035
6 14036
6 14037
6 14038
6 14039
6 14040
6 14041
6 14042
6 14043
6 14044
6 14045
6 14046
6 14047
6 14048
6 14049
6 14050
6 14051
6 14052
6 14053
6 14054
6 14055
6 14056
6 14057
6 14058
6 14059
6 14060
6 14061
6 14062
6 14063
6 14064
6 14065
6 14091
6 14105
6 14106
6 14107
6 14115
6 14116
6 14117
6 14118
6 14119
6 14120
6 14121
6 14122
6 14123
6 14124
6 14125
6 14127
6 14129
6 14130
6 14131
6 14132
6 14133
6 14134
6 14135
6 14136
6 14137
6 14138
6 14139
6 14140
6 14144
6 14145
6 14146
6 14147
6 14148
6 14149
6 14150
6 14151
6 14152
6 14153
6 14161
6 14162
6 14163
6 14164
6 14165
6 14166
6 14167
6 14168
6 14169
6 14170
6 14171
6 14172
6 14173
6 14174
6 14175
6 14176
6 14177
6 14178
6 14179
6 14180
6 14181
6 14182
6 14183
6 14184
6 14185
6 14186
6 14187
6 14188
6 14189
6 14190
6 14191
6 14192
6 14193
6 14194
6 14195
6 14196
6 14197
6 14198
6 14199
6 14200
6 14201
6 14202
6 14203
6 14204
6 14205
6 14206
6 14207
6 14208
6 14209
6 14210
6 14211
6 14212
6 14213
6 14214
6 14215
6 14216
6 14217
6 14218
6 14219
6 14220
6 14221
6 14222
6 14223
6 14224
6 14225
6 14226
6 14227
6 14228
6 14229
6 14230
6 14231
6 14232
6 14233
6 14235
6 14236
6 14237
6 14238
6 14239
6 14240
6 14241
6 14242
6 14243
6 14244
6 14245
6 14248
6 14249
6 14250
6 14251
6 14252
6 14255
6 14256
6 14257
6 14258
6 14259
6 14260
6 14261
6 14262
6 14263
6 14264
6 14265
6 14266
6 14267
6 14268
6 14269
6 14270
6 14271
6 14272
6 14273
6 14274
6 14275
6 14276
6 14277
6 14278
6 14279
6 14280
6 14281
6 14282
6 14283
6 14284
6 14285
6 14286
6 14287
6 14288
6 14289
6 14290
6 14291
6 14292
6 14293
6 14294
6 14295
6 14296
6 14297
6 14298
6 14299
6 14300
6 14301
6 14302
6 14303
6 14304
6 14305
6 14306
6 14307
6 14308
6 14309
6 14310
6 14311
6 14312
6 14313
6 14314
6 14315
6 14316
6 14317
6 14318
6 14319
6 14320
6 14321
6 14322
6 14323
6 14324
6 14325
6 14326
6 14327
6 14328
6 14329
6 14330
6 14331
6 14332
6 14333
6 14334
6 14335
6 14336
6 14337
6 14338
6 14339
6 14340
6 14341
6 14342
6 14343
6 14344
6 14345
6 14346
6 14347
6 14348
6 14349
6 14350
6 14351
6 14352
6 14353
6 14354
6 14355
6 14356
6 14357
6 14358
6 14359
6 14360
6 14361
6 14362
6 14363
6 14364
6 14365
6 14366
6 14367
6 14368
6 14369
6 14370
6 14371
6 14372
6 14373
6 14374
6 14375
6 14376
6 14377
6 14378
6 14379
6 14380
6 14381
6 14382
6 14383
6 14384
6 14385
6 14386
6 14387
6 14388
6 14389
6 14390
6 14391
6 14392
6 14393
6 14394
6 14395
6 14396
6 14397
6 14398
6 14399
6 14400
6 14401
6 14403
6 14404
6 14405
6 14406
6 14407
6 14408
6 14409
6 14410
6 14411
6 14412
6 14413
6 14414
6 14415
6 14416
6 14417
6 14422
6 14423
6 14424
6 14425
6 14426
6 14427
6 14428
6 14429
6 14430
6 14431
6 14432
6 14433
6 14434
6 14435
6 14437
6 14438
6 14439
6 14440
6 14441
6 14442
6 14443
6 14444
6 14445
6 14446
6 14447
6 14448
6 14449
6 14450
6 14451
6 14452
6 14453
6 14454
6 14455
6 14456
6 14457
6 14458
6 14459
6 14460
6 14461
6 14462
6 14463
6 14464
6 14465
6 14466
6 14467
6 14468
6 14469
6 14470
6 14471
6 14472
6 14473
6 14474
6 14475
6 14476
6 14477
6 14478
6 14479
6 14480
6 14481
6 14482
6 14483
6 14484
6 14485
6 14486
6 14487
6 14488
6 14489
6 14490
6 14491
6 14492
6 14493
6 14494
6 14495
6 14496
6 14497
6 14498
6 14499
6 14500
6 14501
6 14502
6 14503
6 14504
6 14505
6 14506
6 14507
6 14508
6 14509
6 14510
6 14511
6 14512
6 14513
6 14514
6 14515
6 14516
6 14517
6 14518
6 14519
6 14520
6 14521
6 14522
6 14523
6 14524
6 14525
6 14526
6 14527
6 14528
6 14529
6 14530
6 14531
6 14532
6 14533
6 14534
6 14535
6 14536
6 14537
6 14538
6 14539
6 14540
6 14541
6 14542
6 14543
6 14544
6 14545
6 14546
6 14547
6 14548
6 14550
6 14551
6 14555
6 14556
6 14557
6 14558
6 14559
6 14567
6 14568
6 14569
6 14570
6 14571
6 14572
6 14573
6 14574
6 14575
6 14576
6 14577
6 14578
6 14579
6 14580
6 14581
6 14582
6 14583
6 14584
6 14586
6 14587
6 14588
6 14589
6 14590
6 14591
6 14592
6 14593
6 14594
6 14595
6 14597
6 14598
6 14599
6 14600
6 14601
6 14602
6 14603
6 14604
6 14605
6 14606
6 14607
6 14608
6 14610
6 14611
6 14612
6 14613
6 14614
6 14615
6 14616
6 14617
6 14618
6 14619
6 14620
6 14621
6 14622
6 14623
6 14624
6 14625
6 14626
6 14627
6 14628
6 14629
6 14630
6 14631
6 14632
6 14633
6 14634
6 14635
6 14636
6 14637
6 14638
6 14639
6 14640
6 14641
6 14642
6 14643
6 14644
6 14645
6 14647
6 14648
6 14649
6 14650
6 14651
6 14652
6 14653
6 14654
6 14655
6 14656
6 14657
6 14658
6 14659
6 14660
6 14661
6 14662
6 14663
6 14664
6 14665
6 14666
6 14667
6 14668
6 14669
6 14670
6 14671
6 14672
6 14673
6 14674
6 14675
6 14676
6 14677
6 14678
6 14679
6 14680
6 14681
6 14682
6 14683
6 14684
6 14685
6 14686
6 14687
6 14688
6 14689
6 14690
6 14691
6 14692
6 14693
6 14694
6 14695
6 14696
6 14697
6 14698
6 14699
6 14700
6 14701
6 14702
6 14703
6 14704
6 14705
6 14706
6 14707
6 14708
6 14709
6 14710
6 14712
6 14714
6 14715
6 14716
6 14717
6 14718
6 14719
6 14720
6 14721
6 14722
6 14723
6 14724
6 14725
6 14726
6 14727
6 14728
6 14729
6 14730
6 14731
6 14732
6 14733
6 14734
6 14737
6 14738
6 14739
6 14740
6 14741
6 14742
6 14743
6 14744
6 14745
6 14746
6 14747
6 14748
6 14749
6 14750
6 14751
6 14752
6 14753
6 14754
6 14755
6 14756
6 14757
6 14758
6 14759
6 14760
6 14761
6 14762
6 14763
6 14764
6 14765
6 14766
6 14767
6 14768
6 14769
6 14770
6 14771
6 14772
6 14773
6 14774
6 14775
6 14776
6 14777
6 14778
6 14779
6 14780
6 14781
6 14782
6 14783
6 14784
6 14785
6 14786
6 14787
6 14788
6 14789
6 14790
6 14791
6 14792
6 14793
6 14794
6 14795
6 14796
6 14797
6 14798
6 14799
6 14800
6 14801
6 14802
6 14803
6 14804
6 14805
6 14806
6 14807
6 14808
6 14809
6 14810
6 14811
6 14812
6 14813
6 14814
6 14815
6 14816
6 14817
6 14818
6 14819
6 14820
6 14821
6 14822
6 14823
6 14824
6 14825
6 14826
6 14827
6 14828
6 14829
6 14830
6 14831
6 14832
6 14833
6 14834
6 14835
6 14836
6 14837
6 14838
6 14839
6 14840
6 14841
6 14842
6 14843
6 14844
6 14845
6 14846
6 14847
6 14848
6 14849
6 14850
6 14851
6 14852
6 14853
6 14854
6 14855
6 14856
6 14857
6 14858
6 14859
6 14860
6 14862
6 14863
6 14864
6 14865
6 14866
6 14867
6 14868
6 14869
6 14870
6 14871
6 14872
6 14873
6 14874
6 14875
6 14876
6 14877
6 14878
6 14879
6 14880
6 14881
6 14882
6 14883
6 14884
6 14885
6 14886
6 14887
6 14888
6 14889
6 14890
6 14891
6 14892
6 14893
6 14894
6 14895
6 14896
6 14897
6 14898
6 14899
6 14900
6 14901
6 14902
6 14903
6 14904
6 14905
6 14906
6 14907
6 14908
6 14909
6 14910
6 14911
6 14912
6 14913
6 14914
6 14915
6 14916
6 14917
6 14918
6 14919
6 14920
6 14921
6 14922
6 14923
6 14924
6 14925
6 14926
6 14927
6 14928
6 14929
6 14930
6 14931
6 14932
6 14933
6 14934
6 14935
6 14936
6 14937
6 14938
6 14939
6 14940
6 14941
6 14942
6 14943
6 14945
6 14946
6 14947
6 14948
6 14949
6 14950
6 14951
6 14952
6 14953
6 14954
6 14955
6 14956
6 14957
6 14958
6 14959
6 14960
6 14961
6 14962
6 14963
6 14964
6 14965
6 14966
6 14967
6 14968
6 14969
6 14970
6 14971
6 14972
6 14974
6 14975
6 14976
6 14978
6 14979
6 14980
6 14982
6 14983
6 14984
6 14985
6 14986
6 14987
6 14988
6 14989
6 14990
6 14991
6 14992
6 14993
6 14994
6 14995
6 14996
6 14997
6 14998
6 14999
6 15000
6 15002
6 15003
6 15004
6 15005
6 15006
6 15007
6 15008
6 15009
6 15010
6 15011
6 15012
6 15013
6 15014
6 15015
6 15016
6 15017
6 15018
6 15019
6 15020
6 15021
6 15022
6 15023
6 15024
6 15025
6 15026
6 15028
6 15029
6 15030
6 15031
6 15032
6 15033
6 15034
6 15035
6 15036
6 15037
6 15038
6 15039
6 15040
6 15041
6 15042
6 15043
6 15044
6 15046
6 15047
6 15048
6 15049
6 15050
6 15051
6 15052
6 15053
6 15054
6 15055
6 15056
6 15057
6 15058
6 15059
6 15060
6 15061
6 15062
6 15063
6 15064
6 15065
6 15066
6 15068
6 15070
6 15071
6 15072
6 15073
6 15074
6 15075
6 15076
6 15077
6 15078
6 15079
6 15080
6 15081
6 15082
6 15083
6 15084
6 15085
6 15086
6 15087
6 15088
6 15089
6 15090
6 15091
6 15092
6 15093
6 15094
6 15095
6 15096
6 15097
6 15098
6 15099
6 15100
6 15101
6 15102
6 15103
6 15104
6 15105
6 15106
6 15107
6 15108
6 15109
6 15110
6 15111
6 15112
6 15113
6 15114
6 15115
6 15116
6 15117
6 15118
6 15119
6 15120
6 15121
6 15122
6 15123
6 15124
6 15125
6 15126
6 15127
6 15129
6 15130
6 15131
6 15132
6 15133
6 15134
6 15135
6 15136
6 15137
6 15138
6 15139
6 15140
6 15141
6 15142
6 15143
6 15144
6 15145
6 15146
6 15151
6 15190
6 15191
6 15195
6 15200
6 15258
6 15259
6 15268
6 15270
6 15286
6 15291
6 15308
6 15309
6 15310
6 15315
6 15323
6 15325
6 15326
6 15327
6 15328
6 15329
6 15330
6 15331
6 15332
6 15333
6 15334
6 15335
6 15336
6 15337
6 15338
6 15339
6 15340
6 15341
6 15342
6 15343
6 15344
6 15347
6 15348
6 15349
6 15350
6 15351
6 15352
6 15353
6 15354
6 15355
6 15356
6 15357
6 15358
6 15359
6 15360
6 15361
6 15362
6 15363
6 15364
6 15365
6 15366
6 15367
6 15412
6 15413
6 15416
6 15422
6 15423
6 15424
6 15425
6 15426
6 15427
6 15428
6 15429
6 15430
6 15431
6 15432
6 15433
6 15434
6 15435
6 15436
6 15437
6 15438
6 15439
6 15440
6 15441
6 15445
6 15447
6 15449
6 15450
6 15451
6 15452
6 15453
6 15454
6 15455
6 15456
6 15457
6 15458
6 15459
6 15460
6 15461
6 15462
6 15463
6 15464
6 15465
6 15466
6 15467
6 15468
6 15469
6 15470
6 15471
6 15472
6 15473
6 15474
6 15475
6 15476
6 15477
6 15478
6 15479
6 15480
6 15481
6 15482
6 15483
6 15484
6 15485
6 15486
6 15487
6 15488
6 15489
6 15490
6 15491
6 15492
6 15493
6 15494
6 15495
6 15496
6 15497
6 15498
6 15499
6 15500
6 15501
6 15503
6 15504
6 15505
6 15506
6 15507
6 15508
6 15509
6 15510
6 15511
6 15512
6 15513
6 15514
6 15515
6 15517
6 15518
6 15519
6 15520
6 15521
6 15522
6 15523
6 15524
6 15525
6 15526
6 15527
6 15528
6 15529
6 15530
6 15531
6 15532
6 15533
6 15534
6 15535
6 15536
6 15537
6 15538
6 15539
6 15540
6 15541
6 15542
6 15543
6 15544
6 15545
6 15546
6 15547
6 15548
6 15549
6 15551
6 15552
6 15553
6 15554
6 15555
6 15556
6 15557
6 15558
6 15559
6 15560
6 15561
6 15562
6 15563
6 15564
6 15565
6 15566
6 15567
6 15568
6 15569
6 15570
6 15571
6 15572
6 15573
6 15574
6 15575
6 15576
6 15577
6 15578
6 15579
6 15580
6 15581
6 15582
6 15587
6 15588
6 15589
6 15590
6 15591
6 15592
6 15593
6 15594
6 15595
6 15596
6 15597
6 15598
6 15599
6 15600
6 15601
6 15602
6 15603
6 15604
6 15605
6 15606
6 15607
6 15608
6 15609
6 15610
6 15611
6 15612
6 15613
6 15614
6 15615
6 15616
6 15617
6 15618
6 15619
6 15620
6 15623
6 15624
6 15625
6 15626
6 15627
6 15628
6 15629
6 15630
6 15631
6 15632
6 15633
6 15634
6 15635
6 15636
6 15643
6 15644
6 15645
6 15646
6 15647
6 15648
6 15649
6 15650
6 15651
6 15652
6 15653
6 15654
6 15655
6 15656
6 15660
6 15661
6 15662
6 15663
6 15664
6 15665
6 15666
6 15667
6 15668
6 15669
6 15670
6 15671
6 15677
6 15678
6 15679
6 15680
6 15681
6 15682
6 15683
6 15684
6 15685
6 15686
6 15687
6 15690
6 15691
6 15692
6 15693
6 15694
6 15695
6 15696
6 15697
6 15698
6 15699
6 15700
6 15701
6 15702
6 15703
6 15704
6 15705
6 15706
6 15707
6 15708
6 15709
6 15710
6 15711
6 15712
6 15713
6 15714
6 15715
6 15716
6 15717
6 15718
6 15719
6 15720
6 15721
6 15722
6 15723
6 15724
6 15725
6 15726
6 15727
6 15728
6 15729
6 15730
6 15731
6 15732
6 15733
6 15734
6 15735
6 15736
6 15737
6 15738
6 15739
6 15740
6 15741
6 15742
6 15743
6 15744
6 15745
6 15746
6 15747
6 15748
6 15749
6 15750
6 15751
6 15752
6 15753
6 15755
6 15757
6 15758
6 15759
6 15760
6 15761
6 15762
6 15763
6 15764
6 15765
6 15766
6 15767
6 15768
6 15769
6 15770
6 15771
6 15772
6 15773
6 15774
6 15775
6 15776
6 15777
6 15778
6 15779
6 15780
6 15781
6 15782
6 15783
6 15784
6 15785
6 15786
6 15787
6 15788
6 15789
6 15790
6 15791
6 15792
6 15793
6 15794
6 15795
6 15796
6 15797
6 15798
6 15799
6 15800
6 15801
6 15802
6 15803
6 15804
6 15805
6 15806
6 15807
6 15808
6 15809
6 15814
6 15815
6 15816
6 15817
6 15818
6 15819
6 15820
6 15821
6 15822
6 15823
6 15824
6 15825
6 15826
6 15827
6 15828
6 15829
6 15830
6 15831
6 15832
6 15833
6 15834
6 15835
6 15836
6 15837
6 15838
6 15839
6 15840
6 15841
6 15842
6 15843
6 15844
6 15845
6 15846
6 15847
6 15848
6 15849
6 15850
6 15851
6 15852
6 15853
6 15854
6 15855
6 15856
6 15857
6 15858
6 15859
6 15860
6 15861
6 15862
6 15863
6 15864
6 15865
6 15866
6 15867
6 15868
6 15869
6 15870
6 15871
6 15872
6 15873
6 15874
6 15875
6 15876
6 15877
6 15878
6 15879
6 15880
6 15881
6 15882
6 15883
6 15884
6 15885
6 15886
6 15887
6 15888
6 15889
6 15890
6 15891
6 15892
6 15893
6 15894
6 15895
6 15896
6 15897
6 15898
6 15899
6 15900
6 15901
6 15902
6 15903
6 15904
6 15905
6 15906
6 15907
6 15908
6 15909
6 15910
6 15911
6 15912
6 15913
6 15914
6 15915
6 15916
6 15917
6 15919
6 15920
6 15921
6 15922
6 15923
6 15924
6 15925
6 15926
6 15927
6 15928
6 15929
6 15930
6 15931
6 15932
6 15933
6 15934
6 15935
6 15936
6 15937
6 15938
6 15939
6 15940
6 15941
6 15942
6 15943
6 15944
6 15945
6 15946
6 15947
6 15948
6 15949
6 15950
6 15951
6 15952
6 16055
6 16056
6 16057
6 16059
6 16060
6 16062
6 16063
6 16064
6 16066
6 16067
6 16068
6 16069
6 16070
6 16071
6 16083
6 16084
6 16085
6 16086
6 16087
6 16088
6 16089
6 16090
6 16091
6 16092
6 16093
6 16094
6 16096
6 16097
6 16098
6 16099
6 16127
6 16128
6 16129
6 16130
6 16131
6 16201
6 16202
6 16203
6 16204
6 16205
6 16206
6 16207
6 16208
6 16209
6 16210
6 16211
6 16212
6 16213
6 16214
6 16215
6 16216
6 16217
6 16218
6 16219
6 16220
6 16221
6 16222
6 16223
6 16224
6 16225
6 16226
6 16227
6 16228
6 16229
6 16230
6 16247
6 16248
6 16249
6 16251
6 16252
6 16253
6 16254
6 16255
6 16256
6 16257
6 16526
6 16527
6 16528
6 16529
6 16530
6 16531
6 16532
6 16533
6 16534
6 16535
6 16536
6 16537
6 16538
6 16539
6 16540
6 16541
6 16542
6 16590
6 16594
6 16595
6 16596
6 16597
6 16598
6 16599
6 16600
6 16601
6 16602
6 16603
6 16654
6 16655
6 16656
6 16657
6 16658
6 16659
6 16660
6 16661
6 16662
6 16663
6 16664
6 16665
6 16666
6 16667
6 16668
6 16669
6 16670
6 16671
6 16672
6 16673
6 16674
6 16675
6 16676
6 16677
6 16885
6 16886
6 16887
6 16888
6 16889
6 16890
6 16891
6 16892
6 16893
6 16894
6 16895
6 16896
6 16897
6 16898
6 16899
6 16900
6 16901
6 16902
6 16903
6 16904
6 16905
6 16906
6 16907
6 16908
6 16909
6 16910
6 16911
6 16912
6 16913
6 16914
6 16915
6 16916
6 16917
6 16918
6 16919
6 16920
6 16921
6 16922
6 16923
6 16924
6 16925
6 16926
6 16989
6 16990
6 16991
6 16992
6 16993
6 16994
6 16995
6 16996
6 17016
6 17017
6 17018
6 17019
6 17020
6 17021
6 17022
6 17023
6 17024
6 17025
6 17026
6 17027
6 17028
6 17029
6 17030
6 17031
6 17032
6 17033
6 17034
6 17035
6 17036
6 17037
6 17038
6 17039
6 17040
6 17102
6 17124
6 17125
6 17126
6 17127
6 17128
6 17129
6 17130
6 17131
6 17132
6 17133
6 17134
6 17135
6 17136
6 17137
6 17138
6 17139
6 17140
6 17141
6 17142
6 17143
6 17144
6 17145
6 17146
6 17147
6 17148
6 17149
6 17150
6 17151
6 17152
6 17153
6 17154
6 17155
6 17156
6 17158
6 17159
6 17160
6 17161
6 17162
6 17163
6 17164
6 17165
6 17166
6 17167
6 17168
6 17169
6 17170
6 17171
6 17172
6 17173
6 17174
6 17175
6 17176
6 17177
6 17178
6 17179
6 17180
6 17181
6 17182
6 17183
6 17184
6 17185
6 17186
6 17187
6 17188
6 17189
6 17190
6 17191
6 17192
6 17193
6 17194
6 17195
6 17196
6 17197
6 17198
6 17199
6 17200
6 17201
6 17204
6 17205
6 17206
6 17207
6 17208
6 17209
6 17210
6 17211
6 17212
6 17213
6 17214
6 17215
6 17216
6 17217
6 17218
6 17219
6 17220
6 17221
6 17222
6 17223
6 17224
6 17225
6 17226
6 17227
6 17228
6 17229
6 17230
6 17231
6 17232
6 17233
6 17234
6 17235
6 17236
6 17237
6 17238
6 17239
6 17240
6 17241
6 17242
6 17243
6 17244
6 17245
6 17246
6 17247
6 17248
6 17249
6 17250
6 17251
6 17252
6 17253
6 17254
6 17255
6 17256
6 17257
6 17258
6 17259
6 17260
6 17261
6 17262
6 17263
6 17264
6 17265
6 17266
6 17267
6 17268
6 17269
6 17270
6 17271
6 17272
6 17273
6 17274
6 17275
6 17276
6 17277
6 17278
6 17279
6 17280
6 17281
6 17282
6 17283
6 17284
6 17285
6 17286
6 17287
6 17290
6 17291
6 17292
6 17293
6 17294
6 17295
6 17296
6 17297
6 17298
6 17299
6 17300
6 17301
6 17302
6 17303
6 17304
6 17305
6 17306
6 17307
6 17308
6 17309
6 17310
6 17311
6 17312
6 17313
6 17314
6 17315
6 17316
6 17317
6 17318
6 17319
6 17320
6 17321
6 17322
6 17323
6 17324
6 17325
6 17326
6 17327
6 17328
6 17329
6 17330
6 17331
6 17332
6 17333
6 17334
6 17335
6 17336
6 17337
6 17338
6 17339
6 17340
6 17341
6 17342
6 17343
6 17344
6 17345
6 17346
6 17347
6 17348
6 17349
6 17350
6 17351
6 17352
6 17353
6 17354
6 17355
6 17356
6 17357
6 17358
6 17359
6 17360
6 17361
6 17362
6 17363
6 17364
6 17365
6 17366
6 17367
6 17368
6 17370
6 17371
6 17372
6 17373
6 17374
6 17375
6 17376
6 17377
6 17378
6 17379
6 17380
6 17381
6 17382
6 17383
6 17384
6 17385
6 17386
6 17387
6 17388
6 17389
6 17390
6 17391
6 17392
6 17393
6 17394
6 17395
6 17396
6 17397
6 17398
6 17399
6 17400
6 17401
6 17402
6 17403
6 17404
6 17405
6 17406
6 17407
6 17408
6 17409
6 17410
6 17411
6 17414
6 17415
6 17416
6 17417
6 17418
6 17432
6 17433
6 17434
6 17435
6 17436
6 17437
6 17438
6 17442
6 17443
6 17444
6 17445
6 17446
6 17447
6 17448
6 17449
6 17450
6 17451
6 17452
6 17453
6 17454
6 17455
6 17458
6 17466
6 17467
6 17468
6 17469
6 17470
6 17471
6 17472
6 17473
6 17474
6 17475
6 17476
6 17477
6 17479
6 17480
6 17481
6 17482
6 17483
6 17484
6 17485
6 17486
6 17487
6 17488
6 17489
6 17490
6 17491
6 17492
6 17500
6 17501
6 17502
6 17503
6 17504
6 17505
6 17506
6 17507
6 17508
6 17509
6 17510
6 17511
6 17512
6 17513
6 17514
6 17515
6 17516
6 17517
6 17518
6 17519
6 17520
6 17521
6 17522
6 17523
6 17524
6 17525
6 17526
6 17527
6 17528
6 17529
6 17530
6 17531
6 17532
6 17533
6 17534
6 17535
6 17536
6 17537
6 17538
6 17539
6 17540
6 17541
6 17542
6 17543
6 17544
6 17545
6 17546
6 17547
6 17548
6 17550
6 17551
6 17552
6 17553
6 17554
6 17555
6 17556
6 17557
6 17558
6 17559
6 17560
6 17561
6 17562
6 17563
6 17564
6 17565
6 17566
6 17567
6 17568
6 17569
6 17570
6 17571
6 17572
6 17573
6 17574
6 17575
6 17597
6 17598
6 17599
6 17600
6 17601
6 17602
6 17603
6 17604
6 17605
6 17606
6 17607
6 17608
6 17609
6 17748
6 17749
6 17750
6 17751
6 17752
6 17753
6 17754
6 17755
6 17756
6 17757
6 17758
6 17759
6 17760
6 17761
6 17762
6 17763
6 17764
6 17765
6 17766
6 17767
6 17768
6 17769
6 17770
6 17771
6 17772
6 17773
6 17774
6 17775
6 17776
6 17777
6 17778
6 17779
6 17780
6 17781
6 17782
6 17783
6 17784
6 17785
6 17786
6 17787
6 17788
6 17789
6 17790
6 17791
6 17792
6 17793
6 17794
6 17795
6 17796
6 17798
6 17799
6 17800
6 17801
6 17802
6 17803
6 17804
6 17805
6 17806
6 17807
6 17808
6 17809
6 17810
6 17811
6 17812
6 17813
6 17814
6 17815
6 17816
6 17817
6 17818
6 17819
6 17820
6 17821
6 17822
6 17823
6 17824
6 17825
6 17826
6 17827
6 17828
6 17829
6 17830
6 17831
6 17832
6 17833
6 17834
6 17835
6 17836
6 17837
6 17838
6 17839
6 17840
6 17841
6 17842
6 17843
6 17844
6 17845
6 17846
6 17847
6 17848
6 17849
6 17850
6 17851
6 17852
6 17853
6 17854
6 17855
6 17856
6 17857
6 17858
6 17859
6 17860
6 17861
6 17862
6 17863
6 17864
6 17865
6 17866
6 17867
6 17868
6 17869
6 17870
6 17871
6 17872
6 17873
6 17874
6 17875
6 17876
6 17877
6 17878
6 17879
6 17880
6 17881
6 17882
6 17883
6 17884
6 17885
6 17886
6 17887
6 17888
6 17889
6 17890
6 17893
6 17894
6 17895
6 17896
6 17897
6 17898
6 17899
6 17900
6 17901
6 17902
6 17903
6 17904
6 17905
6 17906
6 17907
6 17908
6 17909
6 17910
6 17911
6 17912
6 17913
6 17914
6 17915
6 17916
6 17917
6 17918
6 17919
6 17920
6 17921
6 17922
6 17923
6 17924
6 17925
6 17926
6 17927
6 17928
6 17929
6 17930
6 17931
6 17932
6 17933
6 17934
6 17935
6 17936
6 17937
6 17938
6 17939
6 17940
6 17941
6 17942
6 17943
6 17944
6 17945
6 17946
6 17947
6 17948
6 17949
6 17950
6 17951
6 17952
6 17953
6 17954
6 17955
6 17956
6 17957
6 17958
6 17959
6 17960
6 17961
6 17962
6 17963
6 17964
6 17965
6 17966
6 17967
6 17968
6 17969
6 17970
6 17971
6 17972
6 17973
6 17974
6 17975
6 17976
6 17977
6 17978
6 17979
6 17980
6 17981
6 17982
6 17983
6 17984
6 17985
6 17986
6 17987
6 17988
6 17989
6 17990
6 17991
6 17992
6 17993
6 17994
6 17995
6 17996
6 17997
6 17998
6 17999
6 18001
6 18005
6 18006
6 18007
6 18008
6 18009
6 18010
6 18011
6 18012
6 18013
6 18014
6 18015
6 18016
6 18017
6 18018
6 18019
6 18020
6 18021
6 18022
6 18023
6 18024
6 18025
6 18026
6 18027
6 18028
6 18029
6 18030
6 18031
6 18032
6 18034
6 18054
6 18055
6 18056
6 18057
6 18058
6 18059
6 18060
6 18061
6 18062
6 18063
6 18064
6 18065
6 18066
6 18067
6 18068
6 18070
6 18071
6 18072
6 18074
6 18075
6 18077
6 18080
6 18081
6 18082
6 18083
6 18084
6 18085
6 18086
6 18087
6 18088
6 18089
6 18090
6 18091
6 18092
6 18093
6 18094
6 18095
6 18096
6 18097
6 18098
6 18099
6 18100
6 18101
6 18102
6 18103
6 18104
6 18105
6 18106
6 18107
6 18108
6 18109
6 18110
6 18111
6 18112
6 18113
6 18114
6 18115
6 18116
6 18117
6 18118
6 18119
6 18120
6 18121
6 18122
6 18123
6 18124
6 18125
6 18126
6 18127
6 18128
6 18129
6 18130
6 18131
6 18132
6 18133
6 18134
6 18135
6 18136
6 18137
6 18138
6 18139
6 18140
6 18141
6 18142
6 18143
6 18144
6 18145
6 18146
6 18147
6 18148
6 18149
6 18150
6 18151
6 18152
6 18153
6 18154
6 18155
6 18156
6 18157
6 18158
6 18159
6 18160
6 18161
6 18162
6 18163
6 18164
6 18165
6 18166
6 18167
6 18168
6 18169
6 18170
6 18171
6 18172
6 18173
6 18174
6 18175
6 18176
6 18177
6 18178
6 18179
6 18180
6 18181
6 18182
6 18183
6 18184
6 18185
6 18186
6 18187
6 18188
6 18189
6 18190
6 18191
6 18192
6 18193
6 18194
6 18195
6 18196
6 18197
6 18198
6 18199
6 18200
6 18201
6 18202
6 18203
6 18204
6 18205
6 18206
6 18207
6 18208
6 18209
6 18210
6 18211
6 18212
6 18213
6 18214
6 18215
6 18216
6 18217
6 18218
6 18219
6 18220
6 18221
6 18222
6 18223
6 18224
6 18225
6 18226
6 18227
6 18228
6 18229
6 18230
6 18231
6 18232
6 18233
6 18234
6 18235
6 18236
6 18237
6 18238
6 18239
6 18240
6 18241
6 18242
6 18243
6 18245
6 18246
6 18247
6 18248
6 18249
6 18250
6 18251
6 18252
6 18253
6 18254
6 18256
6 18257
6 18260
6 18261
6 18262
6 18263
6 18266
6 18267
6 18275
6 18276
6 18277
6 18278
6 18279
6 18280
6 18281
6 18282
6 18283
6 18284
6 18285
6 18286
6 18287
6 18288
6 18289
6 18290
6 18291
6 18292
6 18293
6 18294
6 18295
6 18296
6 18297
6 18298
6 18299
6 18300
6 18301
6 18302
6 18303
6 18304
6 18305
6 18306
6 18307
6 18308
6 18309
6 18310
6 18311
6 18312
6 18313
6 18314
6 18315
6 18316
6 18317
6 18318
6 18319
6 18320
6 18321
6 18323
6 18326
6 18327
6 18328
6 18329
6 18330
6 18331
6 18332
6 18333
6 18334
6 18335
6 18336
6 18337
6 18338
6 18339
6 18340
6 18341
6 18342
6 18343
6 18344
6 18345
6 18346
6 18347
6 18348
6 18349
6 18350
6 18351
6 18352
6 18353
6 18354
6 18355
6 18356
6 18357
6 18358
6 18359
6 18360
6 18361
6 18362
6 18363
6 18364
6 18365
6 18366
6 18367
6 18368
6 18369
6 18370
6 18371
6 18372
6 18373
6 18374
6 18375
6 18376
6 18377
6 18378
6 18379
6 18380
6 18381
6 18382
6 18383
6 18384
6 18385
6 18386
6 18387
6 18388
6 18389
6 18390
6 18391
6 18392
6 18393
6 18394
6 18395
6 18396
6 18397
6 18398
6 18399
6 18400
6 18401
6 18402
6 18403
6 18404
6 18405
6 18406
6 18407
6 18408
6 18409
6 18410
6 18411
6 18412
6 18413
6 18414
6 18415
6 18416
6 18417
6 18418
6 18419
6 18420
6 18421
6 18422
6 18423
6 18424
6 18425
6 18426
6 18427
6 18428
6 18429
6 18430
6 18431
6 18432
6 18433
6 18434
6 18435
6 18436
6 18437
6 18438
6 18439
6 18440
6 18441
6 18442
6 18443
6 18444
6 18445
6 18446
6 18447
6 18448
6 18449
6 18450
6 18451
6 18452
6 18453
6 18454
6 18455
6 18456
6 18457
6 18458
6 18459
6 18460
6 18461
6 18462
6 18463
6 18464
6 18465
6 18466
6 18467
6 18468
6 18469
6 18470
6 18471
6 18472
6 18473
6 18474
6 18475
6 18476
6 18477
6 18478
6 18479
6 18480
6 18481
6 18482
6 18483
6 18484
6 18485
6 18486
6 18487
6 18488
6 18489
6 18490
6 18491
6 18492
6 18493
6 18494
6 18495
6 18496
6 18497
6 18498
6 18499
6 18500
6 18501
6 18503
6 18504
6 18505
6 18507
6 18508
6 18509
6 18512
6 18514
6 18515
6 18516
6 18518
6 18519
6 18520
6 18521
6 18522
6 18523
6 18525
6 18526
6 18527
6 18528
6 18529
6 18530
6 18531
6 18532
6 18533
6 18534
6 18535
6 18536
6 18537
6 18538
6 18539
6 18540
6 18541
6 18542
6 18543
6 18544
6 18545
6 18546
6 18547
6 18548
6 18550
6 18551
6 18552
6 18553
6 18554
6 18555
6 18556
6 18557
6 18558
6 18559
6 18560
6 18561
6 18563
6 18564
6 18565
6 18566
6 18567
6 18568
6 18569
6 18570
6 18572
6 18573
6 18574
6 18575
6 18576
6 18577
6 18578
6 18579
6 18580
6 18581
6 18582
6 18583
6 18584
6 18585
6 18586
6 18587
6 18588
6 18589
6 18590
6 18591
6 18607
6 18608
6 18609
6 18610
6 18611
6 18612
6 18613
6 18614
6 18615
6 18616
6 18617
6 18618
6 18619
6 18620
6 18621
6 18622
6 18623
6 18624
6 18625
6 18626
6 18627
6 18628
6 18629
6 18630
6 18631
6 18632
6 18633
6 18634
6 18635
6 18636
6 18637
6 18638
6 18639
6 18640
6 18641
6 18642
6 18643
6 18644
6 18645
6 18646
6 18647
6 18648
6 18649
6 18650
6 18651
6 18652
6 18653
6 18654
6 18655
6 18656
6 18657
6 18658
6 18659
6 18660
6 18661
6 18662
6 18663
6 18664
6 18665
6 18666
6 18667
6 18668
6 18669
6 18670
6 18671
6 18672
6 18673
6 18674
6 18675
6 18676
6 18677
6 18678
6 18679
6 18680
6 18682
6 18683
6 18684
6 18685
6 18686
6 18687
6 18688
6 18689
6 18690
6 18691
6 18692
6 18693
6 18694
6 18695
6 18696
6 18697
6 18698
6 18699
6 18700
6 18701
6 18702
6 18703
6 18704
6 18705
6 18706
6 18707
6 18708
6 18709
6 18710
6 18712
6 18713
6 18714
6 18715
6 18716
6 18717
6 18718
6 18719
6 18720
6 18721
6 18722
6 18723
6 18724
6 18725
6 18726
6 18727
6 18728
6 18729
6 18730
6 18731
6 18732
6 18733
6 18734
6 18735
6 18736
6 18737
6 18738
6 18739
6 18741
6 18742
6 18743
6 18744
6 18745
6 18746
6 18750
6 18751
6 18752
6 18753
6 18754
6 18755
6 18756
6 18757
6 18758
6 18759
6 18760
6 18761
6 18763
6 18764
6 18765
6 18766
6 18767
6 18768
6 18769
6 18770
6 18771
6 18772
6 18773
6 18774
6 18775
6 18776
6 18777
6 18778
6 18779
6 18780
6 18781
6 18782
6 18783
6 18784
6 18785
6 18786
6 18787
6 18788
6 18789
6 18790
6 18791
6 18792
6 18793
6 18794
6 18795
6 18796
6 18797
6 18798
6 18799
6 18800
6 18801
6 18802
6 18803
6 18804
6 18805
6 18807
6 18808
6 18810
6 18811
6 18812
6 18813
6 18820
6 18823
6 18825
6 18826
6 18827
6 18828
6 18829
6 18830
6 18831
6 18832
6 18833
6 18834
6 18835
6 18836
6 18837
6 18838
6 18839
6 18840
6 18841
6 18842
6 18843
6 18844
6 18845
6 18846
6 18847
6 18848
6 18849
6 18850
6 18851
6 18852
6 18853
6 18854
6 18855
6 18856
6 18857
6 18858
6 18859
6 18860
6 18861
6 18862
6 18863
6 18864
6 18865
6 18866
6 18867
6 18868
6 18869
6 18870
6 18871
6 18872
6 18873
6 18874
6 18875
6 18876
6 18877
6 18878
6 18879
6 18880
6 18881
6 18882
6 18883
6 18884
6 18885
6 18886
6 18887
6 18888
6 18889
6 18890
6 18891
6 18892
6 18893
6 18894
6 18895
6 18896
6 18897
6 18898
6 18899
6 18900
6 18901
6 18902
6 18903
6 18904
6 18905
6 18906
6 18907
6 18908
6 18909
6 18910
6 18911
6 18912
6 18913
6 18914
6 18915
6 18916
6 18917
6 18918
6 18919
6 18920
6 18921
6 18922
6 18923
6 18924
6 18925
6 18926
6 18927
6 18928
6 18929
6 18930
6 18931
6 18932
6 18933
6 18934
6 18935
6 18936
6 18937
6 18938
6 18939
6 18940
6 18941
6 18942
6 18943
6 18944
6 18945
6 18946
6 18947
6 18948
6 18949
6 18950
6 18951
6 18952
6 18953
6 18954
6 18955
6 18956
6 18957
6 18958
6 18959
6 18960
6 18961
6 18963
6 18964
6 18965
6 18966
6 18967
6 18968
6 18969
6 18970
6 18971
6 18972
6 18973
6 18974
6 18975
6 18976
6 18977
6 18978
6 18979
6 18980
6 18981
6 18982
6 18983
6 18984
6 18985
6 18986
6 18987
6 18988
6 18989
6 18990
6 18991
6 18992
6 18993
6 18994
6 18995
6 18996
6 18997
6 18998
6 18999
6 19000
6 19001
6 19002
6 19003
6 19004
6 19005
6 19006
6 19007
6 19008
6 19009
6 19010
6 19011
6 19012
6 19013
6 19014
6 19015
6 19016
6 19017
6 19018
6 19019
6 19020
6 19021
6 19022
6 19023
6 19024
6 19025
6 19026
6 19027
6 19028
6 19029
6 19030
6 19031
6 19032
6 19033
6 19034
6 19035
6 19036
6 19037
6 19038
6 19039
6 19040
6 19041
6 19042
6 19043
6 19044
6 19045
6 19046
6 19047
6 19048
6 19049
6 19050
6 19051
6 19052
6 19053
6 19054
6 19055
6 19056
6 19057
6 19058
6 19060
6 19071
6 19072
6 19073
6 19074
6 19075
6 19076
6 19077
6 19078
6 19079
6 19080
6 19081
6 19082
6 19083
6 19084
6 19085
6 19086
6 19087
6 19088
6 19089
6 19090
6 19091
6 19092
6 19093
6 19094
6 19095
6 19096
6 19097
6 19098
6 19099
6 19101
6 19102
6 19103
6 19104
6 19106
6 19107
6 19108
6 19109
6 19110
6 19111
6 19112
6 19113
6 19114
6 19115
6 19116
6 19117
6 19118
6 19119
6 19120
6 19121
6 19122
6 19123
6 19124
6 19125
6 19126
6 19127
6 19128
6 19129
6 19130
6 19131
6 19132
6 19133
6 19134
6 19135
6 19136
6 19137
6 19138
6 19139
6 19140
6 19141
6 19142
6 19143
6 19144
6 19145
6 19146
6 19147
6 19148
6 19149
6 19150
6 19151
6 19152
6 19153
6 19154
6 19155
6 19156
6 19157
6 19158
6 19159
6 19160
6 19161
6 19162
6 19163
6 19164
6 19165
6 19166
6 19167
6 19168
6 19169
6 19170
6 19171
6 19172
6 19175
6 19176
6 19177
6 19178
6 19179
6 19180
6 19181
6 19182
6 19183
6 19184
6 19185
6 19186
6 19187
6 19188
6 19189
6 19190
6 19191
6 19192
6 19193
6 19194
6 19195
6 19196
6 19197
6 19198
6 19199
6 19200
6 19201
6 19202
6 19203
6 19204
6 19205
6 19206
6 19207
6 19208
6 19209
6 19210
6 19211
6 19212
6 19213
6 19214
6 19215
6 19216
6 19217
6 19218
6 19219
6 19220
6 19221
6 19222
6 19223
6 19224
6 19225
6 19226
6 19227
6 19228
6 19229
6 19230
6 19231
6 19232
6 19233
6 19234
6 19235
6 19236
6 19237
6 19238
6 19239
6 19240
6 19241
6 19242
6 19243
6 19244
6 19245
6 19246
6 19247
6 19248
6 19249
6 19250
6 19251
6 19252
6 19253
6 19254
6 19255
6 19256
6 19257
6 19258
6 19259
6 19260
6 19261
6 19262
6 19263
6 19264
6 19265
6 19266
6 19267
6 19268
6 19269
6 19270
6 19271
6 19272
6 19273
6 19274
6 19275
6 19276
6 19277
6 19278
6 19279
6 19280
6 19281
6 19282
6 19283
6 19284
6 19285
6 19286
6 19287
6 19288
6 19289
6 19290
6 19291
6 19292
6 19293
6 19294
6 19295
6 19296
6 19297
6 19298
6 19299
6 19300
6 19301
6 19302
6 19303
6 19304
6 19305
6 19306
6 19307
6 19308
6 19309
6 19310
6 19311
6 19312
6 19313
6 19314
6 19315
6 19316
6 19317
6 19318
6 19319
6 19320
6 19321
6 19322
6 19323
6 19324
6 19325
6 19326
6 19327
6 19328
6 19329
6 19330
6 19331
6 19332
6 19333
6 19334
6 19335
6 19336
6 19337
6 19338
6 19339
6 19340
6 19341
6 19342
6 19343
6 19344
6 19345
6 19346
6 19347
6 19348
6 19349
6 19350
6 19351
6 19352
6 19353
6 19354
6 19355
6 19356
6 19357
6 19358
6 19359
6 19360
6 19361
6 19362
6 19363
6 19364
6 19365
6 19366
6 19367
6 19368
6 19369
6 19370
6 19371
6 19372
6 19373
6 19374
6 19375
6 19376
6 19377
6 19378
6 19379
6 19380
6 19381
6 19382
6 19383
6 19384
6 19385
6 19386
6 19387
6 19388
6 19389
6 19390
6 19391
6 19392
6 19393
6 19394
6 19395
6 19396
6 19397
6 19398
6 19399
6 19400
6 19401
6 19402
6 19403
6 19404
6 19405
6 19406
6 19407
6 19408
6 19409
6 19410
6 19411
6 19412
6 19413
6 19414
6 19415
6 19416
6 19417
6 19418
6 19419
6 19420
6 19421
6 19422
6 19423
6 19424
6 19425
6 19426
6 19427
6 19428
6 19429
6 19430
6 19431
6 19432
6 19433
6 19434
6 19435
6 19436
6 19437
6 19438
6 19439
6 19440
6 19441
6 19442
6 19443
6 19444
6 19445
6 19446
6 19447
6 19448
6 19449
6 19450
6 19451
6 19452
6 19453
6 19454
6 19455
6 19456
6 19457
6 19458
6 19459
6 19460
6 19461
6 19462
6 19463
6 19464
6 19465
6 19466
6 19467
6 19468
6 19469
6 19470
6 19471
6 19472
6 19473
6 19474
6 19475
6 19476
6 19477
6 19478
6 19479
6 19480
6 19481
6 19482
6 19483
6 19484
6 19485
6 19486
6 19487
6 19488
6 19490
6 19491
6 19493
6 19494
6 19495
6 19496
6 19497
6 19498
6 19499
6 19500
6 19501
6 19502
6 19503
6 19504
6 19505
6 19506
6 19507
6 19508
6 19509
6 19510
6 19511
6 19512
6 19513
6 19514
6 19515
6 19516
6 19517
6 19518
6 19519
6 19520
6 19521
6 19522
6 19523
6 19524
6 19525
6 19526
6 19527
6 19528
6 19529
6 19530
6 19531
6 19532
6 19533
6 19534
6 19535
6 19536
6 19537
6 19538
6 19539
6 19540
6 19541
6 19542
6 19543
6 19544
6 19545
6 19546
6 19547
6 19548
6 19549
6 19550
6 19551
6 19552
6 19553
6 19554
6 19555
6 19556
6 19557
6 19558
6 19559
6 19560
6 19561
6 19562
6 19563
6 19564
6 19565
6 19566
6 19567
6 19568
6 19569
6 19570
6 19571
6 19572
6 19573
6 19574
6 19575
6 19576
6 19577
6 19578
6 19579
6 19580
6 19581
6 19582
6 19583
6 19584
6 19585
6 19586
6 19587
6 19588
6 19589
6 19590
6 19591
6 19592
6 19593
6 19594
6 19595
6 19596
6 19597
6 19598
6 19599
6 19600
6 19601
6 19602
6 19603
6 19604
6 19605
6 19606
6 19607
6 19608
6 19609
6 19610
6 19611
6 19612
6 19613
6 19614
6 19615
6 19616
6 19617
6 19618
6 19619
6 19620
6 19621
6 19622
6 19623
6 19624
6 19625
6 19626
6 19627
6 19628
6 19629
6 19630
6 19631
6 19632
6 19633
6 19634
6 19635
6 19636
6 19637
6 19638
6 19639
6 19640
6 19641
6 19642
6 19643
6 19644
6 19645
6 19646
6 19649
6 19650
6 19651
6 19652
6 19653
6 19654
6 19655
6 19656
6 19657
6 19658
6 19659
6 19660
6 19661
6 19662
6 19663
6 19664
6 19665
6 19666
6 19667
6 19668
6 19669
6 19670
6 19671
6 19672
6 19673
6 19674
6 19675
6 19676
6 19677
6 19678
6 19679
6 19680
6 19681
6 19682
6 19683
6 19684
6 19685
6 19686
6 19687
6 19688
6 19689
6 19690
6 19691
6 19692
6 19693
6 19694
6 19695
6 19696
6 19697
6 19698
6 19699
6 19700
6 19701
6 19702
6 19703
6 19704
6 19705
6 19706
6 19707
6 19708
6 19709
6 19710
6 19711
6 19712
6 19713
6 19714
6 19715
6 19716
6 19717
6 19718
6 19719
6 19720
6 19721
6 19722
6 19723
6 19724
6 19725
6 19726
6 19727
6 19728
6 19729
6 19730
6 19731
6 19732
6 19733
6 19734
6 19735
6 19736
6 19737
6 19738
6 19739
6 19740
6 19741
6 19742
6 19743
6 19744
6 19745
6 19746
6 19747
6 19748
6 19749
6 19750
6 19751
6 19752
6 19753
6 19754
6 19755
6 19756
6 19757
6 19758
6 19759
6 19760
6 19761
6 19762
6 19763
6 19764
6 19765
6 19766
6 19767
6 19768
6 19769
6 19770
6 19771
6 19772
6 19773
6 19774
6 19775
6 19776
6 19777
6 19778
6 19779
6 19780
6 19781
6 19782
6 19783
6 19784
6 19785
6 19786
6 19787
6 19788
6 19789
6 19790
6 19791
6 19792
6 19793
6 19794
6 19795
6 19796
6 19797
6 19798
6 19799
6 19800
6 19801
6 19802
6 19803
6 19804
6 19805
6 19806
6 19807
6 19808
6 19809
6 19810
6 19811
6 19812
6 19813
6 19814
6 19815
6 19816
6 19817
6 19818
6 19819
6 19820
6 19821
6 19822
6 19823
6 19824
6 19825
6 19826
6 19827
6 19828
6 19829
6 19830
6 19831
6 19832
6 19833
6 19834
6 19835
6 19836
6 19837
6 19838
6 19839
6 19840
6 19841
6 19842
6 19843
6 19844
6 19845
6 19846
6 19847
6 19848
6 19849
6 19850
6 19851
6 19852
6 19853
6 19854
6 19855
6 19856
6 19857
6 19858
6 19859
6 19860
6 19861
6 19862
6 19863
6 19864
6 19865
6 19866
6 19867
6 19868
6 19869
6 19870
6 19871
6 19872
6 19873
6 19874
6 19875
6 19876
6 19877
6 19878
6 19879
6 19880
6 19881
6 19882
6 19883
6 19884
6 19885
6 19886
6 19887
6 19888
6 19889
6 19890
6 19891
6 19892
6 19893
6 19894
6 19895
6 19896
6 19897
6 19898
6 19899
6 19900
6 19901
6 19902
6 19903
6 19904
6 19905
6 19906
6 19907
6 19908
6 19909
6 19910
6 19911
6 19912
6 19913
6 19914
6 19926
6 19955
6 19956
6 19957
6 19958
6 19959
6 19960
6 19961
6 19962
6 19963
6 19964
6 19965
6 19966
6 19986
6 19988
6 19989
6 20000
6 20001
6 20002
6 20004
6 20005
6 20006
6 20014
6 20015
6 20016
6 20018
6 20019
6 20020
6 20021
6 20022
6 20023
6 20024
6 20025
6 20026
6 20027
6 20028
6 20029
6 20030
6 20031
6 20032
6 20033
6 20034
6 20035
6 20036
6 20037
6 20038
6 20039
6 20040
6 20041
6 20042
6 20043
6 20044
6 20045
6 20046
6 20047
6 20048
6 20049
6 20050
6 20051
6 20052
6 20053
6 20054
6 20055
6 20056
6 20057
6 20058
6 20059
6 20060
6 20061
6 20062
6 20063
6 20064
6 20065
6 20066
6 20067
6 20068
6 20069
6 20070
6 20071
6 20072
6 20073
6 20074
6 20075
6 20076
6 20077
6 20078
6 20079
6 20080
6 20081
6 20082
6 20083
6 20084
6 20085
6 20086
6 20087
6 20088
6 20089
6 20090
6 20091
6 20092
6 20093
6 20094
6 20095
6 20096
6 20097
6 20098
6 20099
6 20100
6 20101
6 20102
6 20103
6 20104
6 20105
6 20106
6 20107
6 20108
6 20109
6 20110
6 20111
6 20112
6 20113
6 20114
6 20115
6 20116
6 20117
6 20118
6 20119
6 20120
6 20121
6 20122
6 20123
6 20124
6 20125
6 20126
6 20127
6 20128
6 20129
6 20130
6 20131
6 20132
6 20133
6 20134
6 20135
6 20136
6 20137
6 20138
6 20139
6 20140
6 20141
6 20142
6 20143
6 20144
6 20145
6 20146
6 20147
6 20148
6 20149
6 20150
6 20151
6 20152
6 20153
6 20154
6 20155
6 20156
6 20157
6 20158
6 20159
6 20160
6 20161
6 20162
6 20163
6 20164
6 20165
6 20166
6 20167
6 20168
6 20169
6 20170
6 20171
6 20172
6 20173
6 20174
6 20175
6 20176
6 20177
6 20178
6 20179
6 20180
6 20181
6 20182
6 20183
6 20184
6 20185
6 20186
6 20187
6 20188
6 20189
6 20190
6 20191
6 20192
6 20193
6 20194
6 20195
6 20196
6 20197
6 20198
6 20199
6 20200
6 20201
6 20202
6 20203
6 20204
6 20205
6 20206
6 20207
6 20208
6 20209
6 20210
6 20211
6 20212
6 20213
6 20214
6 20215
6 20216
6 20217
6 20218
6 20219
6 20220
6 20221
6 20222
6 20223
6 20224
6 20225
6 20226
6 20227
6 20228
6 20229
6 20230
6 20231
6 20232
6 20233
6 20234
6 20235
6 20236
6 20237
6 20238
6 20239
6 20240
6 20241
6 20242
6 20243
6 20244
6 20245
6 20246
6 20247
6 20248
6 20249
6 20250
6 20251
6 20252
6 20253
6 20254
6 20255
6 20256
6 20257
6 20258
6 20259
6 20260
6 20261
6 20262
6 20263
6 20264
6 20265
6 20266
6 20267
6 20268
6 20269
6 20270
6 20271
6 20272
6 20273
6 20274
6 20275
6 20276
6 20277
6 20278
6 20279
6 20280
6 20281
6 20282
6 20283
6 20284
6 20285
6 20286
6 20287
6 20288
6 20289
6 20290
6 20291
6 20292
6 20293
6 20294
6 20295
6 20296
6 20297
6 20298
6 20299
6 20300
6 20301
6 20302
6 20303
6 20304
6 20305
6 20306
6 20307
6 20308
6 20309
6 20310
6 20311
6 20312
6 20313
6 20314
6 20315
6 20316
6 20317
6 20318
6 20319
6 20320
6 20321
6 20322
6 20323
6 20324
6 20325
6 20326
6 20327
6 20328
6 20329
6 20330
6 20331
6 20332
6 20333
6 20334
6 20335
6 20336
6 20337
6 20338
6 20339
6 20340
6 20341
6 20342
6 20343
6 20344
6 20345
6 20346
6 20347
6 20348
6 20349
6 20350
6 20351
6 20352
6 20353
6 20354
6 20355
6 20356
6 20357
6 20358
6 20359
6 20360
6 20361
6 20363
6 20364
6 20365
6 20366
6 20367
6 20368
6 20369
6 20370
6 20371
6 20372
6 20373
6 20374
6 20375
6 20376
6 20377
6 20378
6 20379
6 20380
6 20381
6 20382
6 20383
6 20384
6 20385
6 20386
6 20387
6 20388
6 20389
6 20390
6 20391
6 20392
6 20393
6 20394
6 20395
6 20396
6 20397
6 20398
6 20399
6 20400
6 20401
6 20402
6 20403
6 20404
6 20405
6 20406
6 20407
6 20408
6 20409
6 20410
6 20411
6 20412
6 20413
6 20414
6 20415
6 20416
6 20417
6 20418
6 20419
6 20420
6 20421
6 20422
6 20423
6 20424
6 20425
6 20426
6 20427
6 20428
6 20429
6 20430
6 20431
6 20432
6 20433
6 20434
6 20435
6 20436
6 20437
6 20438
6 20439
6 20440
6 20441
6 20442
6 20443
6 20444
6 20445
6 20446
6 20447
6 20448
6 20449
6 20450
6 20451
6 20452
6 20453
6 20454
6 20455
6 20456
6 20457
6 20458
6 20459
6 20460
6 20461
6 20462
6 20463
6 20464
6 20465
6 20466
6 20467
6 20468
6 20469
6 20470
6 20471
6 20472
6 20473
6 20474
6 20475
6 20476
6 20477
6 20478
6 20479
6 20480
6 20481
6 20482
6 20483
6 20484
6 20485
6 20486
6 20487
6 20488
6 20489
6 20490
6 20491
6 20492
6 20493
6 20494
6 20495
6 20496
6 20497
6 20498
6 20499
6 20500
6 20501
6 20502
6 20503
6 20504
6 20505
6 20506
6 20507
6 20508
6 20509
6 20510
6 20511
6 20512
6 20513
6 20514
6 20515
6 20516
6 20517
6 20518
6 20519
6 20520
6 20521
6 20522
6 20523
6 20524
6 20525
6 20526
6 20527
6 20528
6 20529
6 20530
6 20531
6 20532
6 20533
6 20534
6 20535
6 20536
6 20537
6 20538
6 20539
6 20540
6 20541
6 20542
6 20543
6 20544
6 20545
6 20546
6 20547
6 20548
6 20549
6 20550
6 20586
6 20587
6 20588
6 20589
6 20590
6 20604
6 20605
6 20606
6 20607
6 20608
6 20609
6 20610
6 20611
6 20612
6 20630
6 20631
6 20632
6 20633
6 20634
6 20635
6 20636
6 20637
6 20638
6 20639
6 20640
6 20641
6 20655
6 20661
6 20662
6 20663
6 20664
6 20665
6 20666
6 20667
6 20669
6 20686
6 20687
6 20688
6 20689
6 20690
6 20691
6 20692
6 20693
6 20694
6 20695
6 20696
6 20697
6 20698
6 20699
6 20700
6 20701
6 20702
6 20703
6 20704
6 20705
6 20706
6 20707
6 20708
6 20709
6 20710
6 20750
6 20751
6 20752
6 20753
6 20754
6 20755
6 20756
6 20757
6 20758
6 20759
6 20760
6 20761
6 20762
6 20763
6 20784
6 20785
6 20786
6 20787
6 20788
6 20789
6 20790
6 20791
6 20792
6 20793
6 20794
6 20795
6 20796
6 20797
6 20798
6 20799
6 20800
6 20801
6 20802
6 20803
6 20804
6 20805
6 20807
6 20808
6 20809
6 20810
6 20811
6 20812
6 20813
6 20814
6 20815
7 96
7 5099
7 5100
7 5419
7 5656
7 7907
7 8645
7 8646
7 10692
7 11538
7 17202
8 96
9 120
9 126
9 129
9 132
9 189
9 193
9 196
9 224
9 228
9 230
9 241
9 250
9 291
9 571
9 1492
9 2880
9 3248
10 120
10 121
10 124
10 125
10 131
10 145
10 165
10 166
10 191
10 192
10 207
10 213
10 375
10 398
10 487
10 499
10 500
10 501
10 502
10 503
10 504
10 505
10 506
10 507
10 508
10 509
10 510
10 511
10 512
10 513
10 514
10 515
10 516
10 517
10 518
10 519
10 520
10 521
10 524
10 525
10 526
10 532
10 538
10 539
10 540
10 550
10 551
10 555
10 556
10 558
10 559
10 560
10 561
10 563
10 567
10 568
10 570
10 679
10 708
10 709
10 710
11 120
11 121
11 124
11 125
11 130
11 137
11 143
11 145
11 156
11 161
11 171
11 187
11 191
11 192
11 194
11 195
11 196
11 197
11 198
11 199
11 200
11 201
11 202
11 203
11 204
11 205
11 206
11 207
11 208
11 209
11 210
11 211
11 212
11 213
11 214
11 215
11 216
11 217
11 218
11 219
11 220
11 221
11 222
11 223
11 224
11 225
11 226
11 227
11 228
11 229
11 230
11 232
11 233
11 234
11 235
11 236
11 237
11 238
11 239
11 240
11 241
11 242
11 243
11 244
11 245
11 246
11 247
11 248
11 249
11 250
11 251
11 255
11 256
11 258
11 259
11 261
11 262
11 263
11 264
11 265
11 266
11 267
11 269
11 271
11 275
11 276
11 277
11 281
11 282
11 283
11 284
11 285
11 286
11 287
11 288
11 292
11 295
11 296
11 355
11 357
11 363
11 379
11 380
11 417
11 435
11 485
11 486
11 501
11 508
11 511
11 513
11 514
11 516
11 518
11 519
11 521
11 526
11 532
11 542
11 543
11 544
11 545
11 546
11 549
11 551
11 553
11 555
11 562
11 564
11 568
11 569
11 570
11 602
11 603
11 604
11 605
11 615
11 631
11 632
11 633
11 635
11 636
11 637
11 638
11 639
11 640
11 641
11 642
11 643
11 675
11 677
11 679
11 680
11 681
11 683
11 700
11 701
11 705
11 706
11 707
11 708
11 739
11 743
11 749
11 750
11 757
11 761
11 804
11 836
11 844
11 852
11 853
11 859
11 861
11 868
11 869
11 872
11 874
11 875
11 877
11 878
11 880
11 881
11 883
11 884
11 885
11 886
11 892
11 893
11 894
11 900
11 903
11 904
11 906
11 907
11 910
11 911
11 912
11 913
11 914
11 915
11 917
11 918
11 919
11 921
11 922
11 923
11 924
11 925
11 926
11 927
11 928
11 929
11 930
11 931
11 932
11 933
11 934
11 936
11 937
11 938
11 939
11 940
11 976
11 986
11 988
11 989
11 990
11 991
11 992
11 993
11 994
11 995
11 996
11 998
11 999
11 1000
11 1001
11 1002
11 1003
11 1004
11 1005
11 1030
11 1035
11 1037
11 1055
11 1056
11 1065
11 1066
11 1067
11 1071
11 1072
11 1073
11 1074
11 1075
11 1076
11 1080
11 1082
11 1084
11 1086
11 1087
11 1088
11 1090
11 1093
11 1101
11 1140
11 1143
11 1144
11 1145
11 1147
11 1150
11 1151
11 1152
11 1159
11 1160
11 1161
11 1162
11 1163
11 1175
11 1176
11 1177
11 1178
11 1179
11 1180
11 1181
11 1182
11 1202
11 1203
11 1211
11 1212
11 1214
11 1216
11 1222
11 1258
11 1262
11 1263
11 1292
11 1350
11 1368
11 1369
11 1370
11 1373
11 1374
11 1375
11 1376
11 1377
11 1378
11 1381
11 1386
11 1387
11 1388
11 1389
11 1399
11 1400
11 1401
11 1402
11 1404
11 1406
11 1413
11 1415
11 1416
11 1418
11 1419
11 1420
11 1422
11 1423
11 1424
11 1426
11 1427
11 1428
11 1429
11 1430
11 1431
11 1432
11 1433
11 1434
11 1437
11 1438
11 1439
11 1440
11 1442
11 1443
11 1444
11 1445
11 1446
11 1447
11 1448
11 1449
11 1450
11 1451
11 1452
11 1453
11 1454
11 1455
11 1456
11 1457
11 1458
11 1468
11 1469
11 1474
11 1481
11 1482
11 1483
11 1484
11 1485
11 1488
11 1489
11 1490
11 1491
11 1492
11 1494
11 1495
11 1496
11 1497
11 1498
11 1499
11 1500
11 1501
11 1502
11 1503
11 1504
11 1505
11 1506
11 1507
11 1508
11 1509
11 1510
11 1511
11 1512
11 1513
11 1514
11 1515
11 1516
11 1517
11 1518
11 1519
11 1520
11 1521
11 1522
11 1523
11 1524
11 1525
11 1526
11 1527
11 1528
11 1529
11 1530
11 1531
11 1532
11 1533
11 1534
11 1535
11 1536
11 1537
11 1538
11 1539
11 1544
11 1555
11 1559
11 1560
11 1561
11 1564
11 1571
11 1572
11 1574
11 1585
11 1600
11 1601
11 1602
11 1603
11 1604
11 1605
11 1606
11 1607
11 1608
11 1609
11 1617
11 1618
11 1619
11 1620
11 1621
11 1622
11 1623
11 1624
11 1625
11 1626
11 1627
11 1628
11 1629
11 1630
11 1631
11 1632
11 1633
11 1634
11 1635
11 1636
11 1637
11 1638
11 1639
11 1640
11 1641
11 1642
11 1643
11 1644
11 1645
11 1658
11 1660
11 1674
11 1675
11 1676
11 1677
11 1678
11 1679
11 1680
11 1681
11 1682
11 1683
11 1684
11 1685
11 1686
11 1687
11 1688
11 1689
11 1690
11 1691
11 1692
11 1693
11 1694
11 1695
11 1696
11 1697
11 1698
11 1699
11 1700
11 1701
11 1702
11 1703
11 1704
11 1705
11 1706
11 1707
11 1708
11 1709
11 1710
11 1711
11 1712
11 1713
11 1714
11 1715
11 1716
11 1717
11 1718
11 1719
11 1720
11 1721
11 1722
11 1723
11 1724
11 1725
11 1726
11 1727
11 1728
11 1729
11 1730
11 1731
11 1732
11 1733
11 1734
11 1735
11 1736
11 1737
11 1738
11 1739
11 1740
11 1741
11 1742
11 1743
11 1744
11 1745
11 1746
11 1747
11 1748
11 1749
11 1750
11 1751
11 1752
11 1753
11 1754
11 1755
11 1756
11 1757
11 1758
11 1759
11 1760
11 1761
11 1762
11 1763
11 1764
11 1765
11 1766
11 1767
11 1768
11 1769
11 1770
11 1771
11 1772
11 1773
11 1774
11 1775
11 1776
11 1777
11 1778
11 1779
11 1780
11 1783
11 1784
11 1785
11 1786
11 1787
11 1788
11 1789
11 1790
11 1791
11 1792
11 1793
11 1794
11 1795
11 1796
11 1797
11 1799
11 1805
11 1806
11 1844
11 1857
11 1902
11 1903
11 1904
11 1905
11 1906
11 1907
11 1914
11 1925
11 1927
11 1930
11 1931
11 1932
11 1933
11 1934
11 1935
11 1936
11 1937
11 1938
11 1939
11 1940
11 1941
11 1942
11 1943
11 1944
11 1945
11 1946
11 1947
11 1948
11 1949
11 1950
11 1951
11 1952
11 1953
11 1954
11 1955
11 1956
11 1957
11 1958
11 1959
11 1960
11 1961
11 1962
11 1963
11 1964
11 1965
11 1966
11 1967
11 1968
11 1969
11 1970
11 1971
11 1972
11 1973
11 1974
11 1975
11 1976
11 1977
11 1978
11 1979
11 1980
11 1981
11 1982
11 1983
11 1984
11 1985
11 1986
11 1987
11 1988
11 1989
11 1990
11 1991
11 1992
11 1993
11 1994
11 1995
11 2007
11 2060
11 2102
11 2163
11 2245
11 2246
11 2328
11 2329
11 2497
11 2501
11 2507
11 2508
11 2538
11 2563
11 2564
11 2567
11 2742
11 2743
11 2744
11 2745
11 12069
11 12070
12 120
12 674
12 697
12 1083
12 1084
12 1085
13 120
13 125
13 317
13 514
13 757
13 1343
13 1374
13 2061
14 120
14 693
14 1080
14 1409
14 1410
15 120
15 402
15 1391
15 1392
15 1393
15 1394
15 1395
15 1396
15 1397
15 1398
15 1421
16 120
16 1575
16 1576
16 1577
17 120
17 128
17 131
17 137
17 145
17 156
17 160
17 161
17 162
17 163
17 164
17 165
17 166
17 167
17 168
17 169
17 170
17 171
17 172
17 173
17 174
17 175
17 176
17 177
17 178
17 179
17 180
17 355
18 120
18 1492
19 121
19 122
19 123
19 125
19 196
19 406
20 121
20 124
21 121
21 123
21 124
21 191
21 192
21 193
21 196
21 207
21 212
21 213
21 317
21 357
21 398
21 482
21 483
21 501
21 504
21 506
21 507
21 508
21 509
21 511
21 513
21 514
21 515
21 516
21 517
21 518
21 519
21 520
21 521
21 523
21 524
21 525
21 526
21 532
21 534
21 537
21 538
21 539
21 550
21 551
21 552
21 556
21 563
21 568
21 570
21 607
21 608
21 613
21 623
21 633
21 644
21 679
21 683
21 693
21 740
21 757
21 883
21 892
21 897
21 904
21 906
21 907
21 908
21 909
21 910
21 911
21 912
21 913
21 914
21 915
21 916
21 917
21 918
21 919
21 920
21 921
21 922
21 923
21 924
21 925
21 926
21 927
21 928
21 929
21 930
21 931
21 932
21 933
21 934
21 981
21 982
21 984
21 985
21 1025
21 1027
21 1055
21 1056
21 1057
21 1065
21 1068
21 1069
21 1070
21 1071
21 1072
21 1073
21 1074
21 1075
21 1076
21 1084
21 1093
21 1096
21 1097
21 1098
21 1099
21 1100
21 1101
21 1102
21 1145
21 1182
21 1185
21 1186
21 1187
21 1188
21 1189
21 1190
21 1191
21 1192
21 1193
21 1194
21 1196
21 1197
21 1198
21 1200
21 1201
21 1216
21 1351
21 1389
21 1405
21 1465
21 1466
21 1482
21 1542
21 1551
21 1552
21 1561
21 1562
21 1563
21 1564
21 1565
21 1566
21 1567
21 1568
21 1569
21 1570
21 1585
21 1803
21 1805
21 1855
21 1900
21 2002
21 2003
21 2004
21 2005
21 2006
21 2088
21 2095
21 2096
21 2097
21 2098
21 2099
21 2101
21 2102
21 2103
21 2104
21 2105
21 2106
21 2107
21 2108
21 2109
21 2110
21 2111
21 2112
21 2113
21 2114
21 2115
21 2116
21 2117
21 2118
21 2119
21 2120
21 2121
21 2122
21 2123
21 2124
21 2125
21 2126
21 2127
21 2128
21 2129
21 2130
21 2131
21 2132
21 2133
21 2134
21 2135
21 2136
21 2137
21 2138
21 2139
21 2140
21 2141
21 2142
21 2143
21 2144
21 2145
21 2146
21 2147
21 2148
21 2149
21 2150
21 2151
21 2152
21 2153
21 2154
21 2155
21 2156
21 2157
21 2158
21 2159
21 2160
21 2161
21 2162
21 2165
21 2166
21 2167
21 2168
21 2169
21 2170
21 2171
21 2172
21 2175
21 2176
21 2177
21 2178
21 2179
21 2180
21 2182
21 2183
21 2184
21 2185
21 2186
21 2189
21 2190
21 2191
21 2192
21 2193
21 2194
21 2195
21 2196
21 2197
21 2198
21 2199
21 2200
21 2201
21 2202
21 2203
21 2204
21 2205
21 2206
21 2207
21 2208
21 2209
21 2210
21 2211
21 2212
21 2213
21 2214
21 2215
21 2216
21 2217
21 2218
21 2219
21 2220
21 2221
21 2222
21 2223
21 2226
21 2227
21 2228
21 2229
21 2230
21 2231
21 2232
21 2233
21 2234
21 2235
21 2236
21 2237
21 2238
21 2239
21 2240
21 2241
21 2242
21 2243
21 2244
21 2247
21 2248
21 2249
21 2250
21 2252
21 2253
21 2254
21 2255
21 2256
21 2257
21 2258
21 2259
21 2260
21 2261
21 2262
21 2263
21 2264
21 2265
21 2266
21 2268
21 2273
21 2274
21 2275
21 2276
21 2277
21 2278
21 2279
21 2280
21 2281
21 2282
21 2283
21 2284
21 2285
21 2286
21 2287
21 2288
21 2289
21 2290
21 2291
21 2292
21 2293
21 2294
21 2295
21 2296
21 2297
21 2298
21 2299
21 2300
21 2301
21 2302
21 2303
21 2304
21 2305
21 2306
21 2307
21 2308
21 2309
21 2310
21 2311
21 2312
21 2313
21 2314
21 2315
21 2316
21 2317
21 2318
21 2319
21 2320
21 2321
21 2322
21 2327
21 2330
21 2331
21 2332
21 2333
21 2334
21 2335
21 2336
21 2337
21 2338
21 2339
21 2340
21 2341
21 2342
21 2343
21 2344
21 2345
21 2346
21 2347
21 2348
21 2349
21 2350
21 2351
21 2352
21 2353
21 2354
21 2355
21 2356
21 2357
21 2358
21 2359
21 2360
21 2361
21 2362
21 2363
21 2364
21 2365
21 2366
21 2367
21 2368
21 2369
21 2370
21 2371
21 2372
21 2373
21 2374
21 2375
21 2376
21 2377
21 2378
21 2379
21 2380
21 2381
21 2382
21 2383
21 2385
21 2386
21 2387
21 2388
21 2389
21 2390
21 2391
21 2392
21 2393
21 2394
21 2395
21 2396
21 2397
21 2398
21 2399
21 2400
21 2401
21 2402
21 2403
21 2404
21 2405
21 2406
21 2407
21 2408
21 2409
21 2410
21 2411
21 2412
21 2413
21 2414
21 2415
21 2416
21 2417
21 2418
21 2419
21 2420
21 2421
21 2422
21 2423
21 2424
21 2425
21 2426
21 2427
21 2428
21 2429
21 2430
21 2431
21 2432
21 2433
21 2434
21 2435
21 2436
21 2437
21 2438
21 2439
21 2440
21 2441
21 2442
21 2443
21 2444
21 2445
21 2446
21 2447
21 2448
21 2449
21 2450
21 2451
21 2452
21 2454
21 2455
21 2456
21 2457
21 2458
21 2459
21 2460
21 2461
21 2462
21 2463
21 2464
21 2465
21 2466
21 2467
21 2468
21 2469
21 2470
21 2471
21 2472
21 2473
21 2474
21 2475
21 2476
21 2477
21 2478
21 2479
21 2480
21 2481
21 2482
21 2483
21 2484
21 2485
21 2486
21 2487
21 2488
21 2489
21 2490
21 2491
21 2492
21 2493
21 2494
21 2495
21 2496
21 2590
21 2591
21 2592
21 2593
21 2594
21 2595
21 2596
21 2597
21 2598
21 2599
21 2600
21 2601
21 2602
21 2603
21 2604
21 2605
21 2606
21 2607
21 2608
21 2609
21 2610
21 2611
21 2612
21 2613
21 2614
21 2615
21 2616
21 2617
21 2618
21 2619
21 2620
21 2621
21 2622
21 2623
21 2624
21 2625
21 2626
21 2627
21 2628
21 2629
21 2630
21 2631
21 2632
21 2633
21 2634
21 2635
21 2636
21 2637
21 2638
21 2639
21 2640
21 2641
21 2642
21 2643
21 2644
21 2645
21 2646
21 2647
21 2648
21 2649
21 2650
21 2651
21 2652
21 2653
21 2654
21 2655
21 2656
21 2657
21 2658
21 2659
21 2660
21 2661
21 2662
21 2663
21 2664
21 2665
21 2666
21 2667
21 2668
21 2669
21 2670
21 2671
21 2672
21 2673
21 2674
21 2675
21 2676
21 2677
21 2678
21 2679
21 2680
21 2681
21 2682
21 2683
21 2684
21 2685
21 2686
21 2687
21 2688
21 2689
21 2690
21 2691
21 2692
21 2693
21 2694
21 2695
21 2696
21 2697
21 2698
21 2699
21 2700
21 2701
21 2702
21 2703
21 2704
21 2705
21 2706
21 2707
21 2708
21 2709
21 2710
21 2711
21 2712
21 2713
21 2714
21 2715
21 2716
21 2717
21 2718
21 2719
21 2720
21 2721
21 2722
21 3202
21 4842
21 4843
21 4844
21 4845
21 4846
21 4847
21 4848
21 4849
21 4850
21 4851
21 4852
21 4853
21 4854
21 4855
21 4856
21 4857
21 4858
21 4859
21 4860
21 4862
21 4868
21 4869
21 4870
21 4871
21 4872
21 4873
21 4874
21 4875
21 4876
21 4886
21 4887
21 4888
21 4889
21 4890
21 4891
21 4892
21 4893
21 4894
21 4895
21 4896
21 4897
21 4898
21 4899
21 4900
21 4901
21 4902
21 4903
21 4904
21 4905
21 4906
21 4907
21 4908
21 4909
21 4910
21 4925
21 4930
21 4931
21 4932
21 4933
21 4949
21 4950
21 4951
21 4952
21 4953
21 4954
21 4955
21 4956
21 4957
21 4958
21 4959
21 4960
21 4961
21 4976
21 4977
21 4978
21 4979
21 4980
21 4992
21 4994
21 5027
21 5082
21 5083
21 5084
21 5126
21 5127
21 5128
21 5135
21 5136
21 5137
21 5138
21 5139
21 5140
21 5141
21 5146
21 5147
21 5148
21 5149
21 5166
21 5167
21 5168
21 5182
21 5183
21 5184
21 5188
21 5189
21 5190
21 5191
21 5192
21 5211
21 5212
21 5213
21 5214
21 5215
21 5216
21 5221
21 5222
21 5224
21 5230
21 5231
21 5232
21 5233
21 5234
21 5235
21 5236
21 5237
21 5238
21 5239
21 5240
21 5241
21 5252
21 5253
21 5254
21 5255
21 5278
21 5279
21 5280
21 5281
21 5282
21 5283
21 5284
21 5285
21 5286
21 5287
21 5288
21 5289
21 5290
21 5291
21 5292
21 5293
21 5294
21 5295
21 5296
21 5297
21 5298
21 5299
21 5300
21 5301
21 5302
21 5303
21 5304
21 5305
21 5306
21 5307
21 5308
21 5309
21 5310
21 5311
21 5312
21 5313
21 5314
21 5315
21 5316
21 5317
21 5318
21 5319
21 5320
21 5321
21 5322
21 5323
21 5324
21 5325
21 5326
21 5327
21 5328
21 5329
21 5330
21 5331
21 5332
21 5333
21 5334
21 5335
21 5336
21 5337
21 5338
21 5339
21 5340
21 5341
21 5359
21 5360
21 5382
21 5386
21 5400
21 5401
21 7446
21 11162
21 11163
21 11164
21 11182
21 11183
21 11184
21 11185
21 11186
21 11187
21 11188
21 11189
21 11191
21 11192
21 11193
21 11194
21 11195
21 11196
21 11197
21 11198
21 11199
21 11200
21 11201
21 11202
21 11203
21 11204
21 11205
21 11206
21 11207
21 11208
21 11209
21 11210
21 11211
21 11212
21 13434
21 13435
21 20251
22 121
22 129
22 131
22 137
22 145
22 160
22 164
22 166
22 168
22 172
22 174
22 177
22 178
22 179
22 187
22 191
22 195
22 196
22 198
22 199
22 200
22 204
22 205
22 211
22 212
22 216
22 225
22 227
22 228
22 230
22 236
22 237
22 241
22 248
22 252
22 255
22 260
22 268
22 270
22 275
22 288
22 363
22 371
22 372
22 382
22 385
22 386
22 399
22 431
22 507
22 538
22 559
22 619
22 632
22 658
22 663
22 674
22 697
22 763
22 770
22 914
22 915
22 976
22 1028
22 1065
22 1089
22 1093
22 1257
22 1316
22 1391
22 1392
22 1403
22 1433
22 1435
22 1438
22 1470
22 1567
22 1578
22 1586
22 1667
22 1782
22 1964
22 1966
22 1968
22 1969
22 1972
22 1975
22 1976
22 1977
22 1979
22 1980
22 1981
22 1982
22 1984
22 1997
22 2520
22 2524
22 2686
22 3236
22 3237
22 3238
22 3239
22 3487
22 3494
22 5410
22 5412
22 6006
22 6177
22 6178
22 6347
22 7600
22 7601
22 7711
22 9239
22 9243
22 9480
22 9486
22 9493
22 9498
22 9503
22 9508
22 9513
22 9518
22 9525
22 9532
22 9538
22 9541
22 9606
22 10501
22 10790
22 10846
22 11025
22 11376
22 11792
22 11793
22 11794
22 11795
22 11812
22 11831
22 11848
22 11875
22 11892
22 11918
22 11932
22 11951
22 11972
22 11990
22 12025
22 12054
22 12078
22 12096
22 12118
22 12138
22 12169
22 12186
22 12209
22 12227
22 12241
22 12266
22 12294
22 12306
22 12333
22 12353
22 12375
22 12402
22 12424
22 12440
22 12463
22 12479
22 12491
22 12512
22 12534
22 12549
22 12566
22 12580
22 12594
22 12989
22 13060
22 13064
22 13083
22 13984
23 124
23 552
23 1093
23 1094
24 124
24 134
24 519
24 536
24 1183
24 1184
24 1185
24 1186
24 1187
24 1188
24 1189
24 1190
24 1191
24 1192
24 1193
24 1194
24 1195
24 1196
24 1197
24 1198
24 1199
24 1200
24 1201
24 1204
24 1441
24 1442
25 124
25 2002
25 2003
25 2004
25 2005
25 2006
25 2077
26 124
27 124
27 144
27 355
27 363
27 371
27 372
27 396
27 399
27 403
27 763
27 770
27 1435
27 1489
27 1966
27 1968
27 1969
27 1975
27 1976
27 1977
27 1979
27 1981
27 1997
27 2770
27 2771
27 2772
27 2773
27 2774
27 2775
27 2776
27 2778
27 2779
27 2780
27 2781
27 2792
27 2793
27 2795
27 2796
27 2798
27 2799
27 2800
27 2801
27 2802
27 2803
27 2805
27 2807
27 2809
27 2821
27 2828
27 2829
27 2830
27 2832
27 2838
27 2843
27 2844
27 2845
27 2846
27 2848
27 2850
27 2851
27 2852
27 2853
27 2856
27 2858
27 2859
27 2863
27 2867
27 2870
27 2871
27 2873
27 2874
27 2875
27 2876
27 2889
27 2890
27 2891
27 2892
27 2893
27 2894
27 2895
27 2897
27 2899
27 2900
27 2901
27 2902
27 2909
27 2910
27 2912
27 2913
27 2915
27 2916
27 2917
27 2918
27 2919
27 2920
27 2921
27 2922
27 2923
27 2925
27 2926
27 2927
27 2928
27 2930
27 2931
27 2932
27 2933
27 2936
27 2937
27 2940
27 2941
27 2942
27 2949
27 2951
27 2953
27 2954
27 2959
27 2960
27 2961
27 2962
27 2963
27 2964
27 2966
27 2967
27 2968
27 2970
27 2971
27 2974
27 2977
27 2979
27 2980
27 2983
27 2984
27 2985
27 2986
27 2987
27 2990
27 2994
27 2995
27 2996
27 2997
27 2999
27 3000
27 3001
27 3003
27 3004
27 3007
27 3009
27 3012
27 3013
27 3014
27 3017
27 3018
27 3028
27 3029
27 3033
27 3035
27 3038
27 3045
27 3050
27 3054
27 3055
27 3057
27 3058
27 3059
27 3060
27 3065
27 3066
27 3067
27 3071
27 3079
27 3080
27 3081
27 3091
27 3094
27 3097
27 3098
27 3099
27 3100
27 3105
27 3106
27 3109
27 3110
27 3111
27 3113
27 3116
27 3118
27 3119
27 3120
27 3126
27 3127
27 3128
27 3129
27 3131
27 3132
27 3133
27 3134
27 3137
27 3138
27 3139
27 3143
27 3147
27 3155
27 3156
27 3157
27 3167
27 3177
27 3236
27 3237
27 3238
27 3239
27 3305
27 3312
27 3315
27 3318
27 3319
27 3321
27 3322
27 3323
27 3324
27 3325
27 3326
27 3336
27 4632
28 125
28 140
29 125
29 135
29 143
29 195
29 196
29 197
29 198
29 199
29 200
29 201
29 202
29 203
29 204
29 205
29 206
29 207
29 208
29 209
29 210
29 211
29 212
29 213
29 214
29 215
29 216
29 217
29 218
29 219
29 220
29 221
29 222
29 223
29 224
29 225
29 226
29 229
29 230
29 236
29 237
29 241
29 242
29 248
29 249
29 250
29 251
29 255
29 256
30 125
30 157
30 355
30 600
30 601
31 125
31 11934
32 125
32 270
32 4825
32 9336
32 13890
32 15394
33 125
33 363
34 125
35 125
36 125
36 288
37 125
37 198
37 199
37 202
37 205
37 216
37 225
37 226
37 227
37 228
37 230
37 234
37 237
37 241
37 248
37 250
37 1433
37 1926
37 2513
37 2514
37 2515
37 2517
37 2519
37 2522
37 2544
37 2545
38 125
38 13890
39 125
39 159
39 196
39 253
39 254
39 260
39 270
39 275
39 363
39 364
39 371
39 372
39 374
39 376
39 377
39 382
39 386
39 388
39 396
39 405
39 406
39 415
39 416
39 433
39 434
39 500
39 502
39 505
39 512
39 517
39 555
39 560
39 572
39 609
39 617
39 627
39 632
39 690
39 701
39 711
39 759
39 760
39 763
39 801
39 894
39 895
39 898
39 1080
39 1316
39 1583
39 1588
39 1753
39 1887
39 1889
39 1890
39 1891
39 1892
39 1893
39 1894
39 1895
39 1896
39 1897
39 1898
39 1899
39 1906
39 1917
39 1920
39 1964
39 1965
39 2008
39 2009
39 2010
39 2011
39 2012
39 2013
39 2014
39 2025
39 2026
39 2027
39 2028
39 2029
39 2030
39 2031
39 2032
39 2033
39 2059
39 2060
39 2062
39 2063
39 2067
39 2069
39 2070
39 2080
39 2091
39 2092
39 2093
39 2213
39 2224
39 2225
39 2267
39 2324
39 2325
39 2411
39 2497
39 2533
39 2576
39 2733
39 2736
39 2811
39 2820
39 3237
39 4278
39 4293
39 4461
39 4462
39 5665
39 6096
39 6178
39 6186
39 6187
39 6188
39 6189
39 6190
39 6191
39 6192
39 6193
39 6194
39 6195
39 6196
39 6197
39 6198
39 6199
39 6200
39 6201
39 6202
39 6203
39 6204
39 6205
39 6206
39 6207
39 6208
39 6209
39 6210
39 6211
39 6216
39 6217
39 6218
39 6220
39 6222
39 6223
39 6224
39 6225
39 6258
39 6259
39 6260
39 6261
39 6285
39 6306
39 8448
39 8450
39 8466
39 8469
39 8501
39 8579
39 8582
39 8586
39 8588
39 8766
39 8767
39 9002
39 9099
39 9100
39 9178
39 9578
39 9581
39 9607
39 9670
39 9671
39 9696
39 9697
39 9698
39 9699
39 9759
39 10047
39 10258
39 10790
39 11000
39 11243
39 11544
39 12989
39 12990
39 13064
39 13081
39 13207
39 13208
39 13217
39 13222
39 13243
39 13244
39 13245
39 13246
39 13260
39 13261
39 13273
39 13274
39 13306
39 13347
39 13351
39 13353
39 13354
39 13355
39 13360
39 13361
39 13364
39 13365
39 13366
39 13397
39 13398
39 13447
39 13666
39 13777
39 14551
39 14714
39 14717
39 14718
39 14719
39 14720
39 14721
39 14725
39 14727
39 14728
39 14729
39 14730
39 14734
39 14944
39 14945
39 14946
39 14947
39 14948
39 14949
39 14950
39 15067
39 15152
39 15386
39 15390
39 15391
39 15392
39 15393
39 15395
39 15396
39 15397
39 15398
39 15399
39 15400
39 15401
39 15402
39 15403
39 15404
39 15405
39 15406
39 15407
39 15408
39 15409
39 15410
39 15411
39 15417
39 15418
40 126
41 126
41 128
41 157
41 161
41 162
41 164
41 173
41 196
41 252
41 260
41 270
41 288
41 355
41 371
41 372
41 399
41 658
41 663
41 674
41 697
41 796
41 915
42 127
42 145
42 166
42 173
42 194
42 229
42 355
42 357
42 506
42 555
42 757
42 1492
42 1538
42 1586
42 1587
42 1588
42 1589
42 1590
42 1591
42 1592
42 1593
42 1594
42 1595
42 1596
42 1597
42 1598
42 1599
42 1609
42 1610
42 1611
42 1612
42 1613
42 1614
42 1615
42 1616
42 1646
42 1647
42 1648
42 1650
42 1651
42 1652
42 1653
42 1654
42 1655
42 1656
42 1657
42 1658
42 1671
42 1781
42 1804
42 1810
42 1812
42 1813
42 1815
42 1847
42 1848
42 1849
42 1850
42 1851
42 1852
42 1853
42 1854
42 1908
42 1909
42 1910
42 1911
42 1912
42 1913
42 1921
42 1922
42 2021
42 2022
42 2023
42 2046
42 2051
42 2052
42 2053
42 2054
42 2059
42 2060
42 2062
42 2067
42 2069
42 2072
42 2073
42 2074
42 2075
42 5637
42 5775
42 5791
42 5844
42 7686
42 7789
42 7790
42 7791
42 7792
42 7794
42 7795
42 13784
42 13785
42 14126
42 14127
43 128
43 129
43 130
43 166
43 303
43 357
43 757
43 1134
43 1417
43 1456
43 1457
44 128
44 131
44 137
44 145
44 156
44 160
44 161
44 162
44 163
44 164
44 167
44 168
44 169
44 170
44 171
44 173
44 174
44 176
44 177
44 252
44 293
44 294
44 399
44 635
44 658
44 663
44 674
44 697
44 796
45 129
45 191
45 199
45 268
46 134
46 266
46 273
46 317
46 392
46 497
46 498
47 134
47 555
47 1415
47 2094
47 18963
48 134
48 15387
48 15388
48 15389
49 134
49 187
49 271
49 555
49 803
49 1413
49 4044
49 4106
49 10080
49 12011
49 13452
49 15501
49 15502
49 15585
49 15586
49 15621
49 15622
49 15659
49 16884
49 17002
49 17576
49 17577
49 17578
49 17579
49 17580
49 17581
49 17582
49 17583
49 17584
49 17585
49 17586
49 17587
49 17588
49 17589
49 17593
49 17594
49 17595
49 17596
49 17610
49 17611
49 17612
49 17613
49 17614
49 17615
49 17616
49 17617
49 17618
49 17619
49 17620
49 17621
49 17622
49 17623
49 17624
49 17625
49 17626
49 17627
49 17628
49 17629
49 17630
49 17631
49 17632
49 17633
49 17634
49 17635
49 17636
49 17637
49 17638
49 17639
49 17640
49 17641
49 17642
49 17643
49 17644
49 17645
49 17646
49 17647
49 17648
49 17649
49 17650
49 17651
49 17652
49 17653
49 17654
49 17655
49 17656
49 17657
49 17658
49 17659
49 17660
49 17661
49 17662
49 17663
49 17664
49 17665
49 17666
49 17667
49 17668
49 17669
49 17670
49 17671
49 17672
49 17673
49 17674
49 17675
49 17676
49 17677
49 17678
49 17679
49 17680
49 17681
49 17682
49 17683
49 17684
49 17685
49 17686
49 17687
49 17688
49 17689
49 17690
49 17691
49 17692
49 17693
49 17694
49 17695
49 17696
49 17697
49 17698
49 17699
49 17700
49 17701
49 17702
49 17703
49 17704
49 17705
49 17706
49 17707
49 17708
49 17709
49 17710
49 17711
49 17712
49 17713
49 17714
49 17715
49 17716
49 17717
49 17718
49 17719
49 17720
49 17721
49 17722
49 17723
49 17724
49 17725
49 17726
49 17727
49 17728
49 17729
49 17730
49 17731
49 17732
49 17733
49 17735
49 17737
49 17738
49 17739
49 17740
49 17741
49 17742
49 17743
49 17744
49 17745
49 17746
49 17747
49 17797
49 18747
49 18748
49 18749
49 18818
49 18962
49 19059
49 19062
49 19063
49 19064
49 19065
49 19066
49 19067
49 19068
49 19069
49 19070
49 19100
49 19915
49 19916
49 19917
49 19918
49 19919
49 19920
49 19921
49 19922
49 19923
49 19924
49 19925
49 19926
49 19927
49 19928
49 19929
49 19930
49 19931
49 19932
49 19933
49 19934
49 19935
49 19936
49 19937
49 19938
49 19939
49 19940
49 19941
49 19942
49 19943
49 19944
49 19945
49 19946
49 19947
49 19948
49 19949
49 19950
49 19951
49 19952
49 19953
49 19954
49 19967
49 19968
49 19969
49 19970
49 19971
49 19972
49 19973
49 19974
49 19975
49 19976
49 19977
49 19978
49 19979
49 19980
49 19981
49 19982
49 19983
49 19984
49 19985
49 19987
49 19990
49 19991
49 19992
49 19993
49 19994
49 19995
49 19996
49 19997
49 19998
49 19999
49 20003
49 20007
49 20008
49 20009
49 20010
49 20011
49 20012
49 20013
49 20017
49 20562
49 20582
49 20583
49 20585
49 20598
49 20599
49 20600
49 20601
49 20602
49 20603
49 20637
49 20638
49 20639
49 20640
49 20642
49 20643
49 20644
49 20645
49 20646
49 20647
49 20648
49 20649
49 20650
49 20651
49 20652
49 20653
49 20654
49 20655
49 20656
49 20657
49 20658
49 20659
49 20660
49 20668
49 20669
49 20670
49 20671
49 20672
49 20673
49 20674
49 20675
49 20676
49 20677
49 20678
49 20679
49 20680
49 20681
49 20682
49 20683
49 20684
49 20685
49 20711
49 20712
49 20713
49 20714
49 20715
49 20716
49 20717
49 20718
49 20719
49 20720
49 20721
49 20722
49 20723
49 20724
49 20725
49 20726
49 20727
49 20728
49 20729
49 20730
49 20731
49 20732
49 20733
49 20734
49 20735
49 20736
49 20737
49 20738
49 20739
49 20740
49 20741
49 20742
49 20743
49 20744
49 20746
49 20747
49 20748
49 20749
49 20764
49 20765
49 20766
49 20767
49 20768
49 20769
49 20770
49 20771
49 20772
49 20773
49 20774
49 20775
49 20776
49 20777
49 20778
49 20779
49 20780
49 20781
49 20782
49 20783
50 135
50 257
51 141
52 141
53 141
53 355
53 368
53 621
53 622
53 628
53 629
54 141
54 158
54 252
54 293
54 294
54 385
54 388
54 396
54 412
54 432
54 502
54 555
54 611
54 635
54 680
54 741
54 763
54 771
54 796
54 801
54 803
54 1856
54 1859
54 1860
54 1861
54 1862
54 1863
54 1864
54 1865
54 1867
54 1868
54 1869
54 1870
54 1871
54 1872
54 1873
54 1874
54 1876
54 1877
54 1878
54 1879
54 1880
54 1881
54 1882
54 1883
54 1884
54 1885
54 1886
55 144
55 252
55 288
55 293
55 294
55 363
55 399
56 157
56 385
56 386
56 658
56 674
56 7154
56 7176
57 167
57 1349
57 1351
57 1433
57 1435
57 1436
58 168
58 371
58 372
58 2056
58 2057
58 2058
58 2068
59 168
59 631
59 3202
59 14944
59 14945
59 14946
59 14947
59 14948
59 14949
59 14950
59 14951
59 14952
59 14967
59 14974
59 14975
59 14976
59 14977
59 14978
59 14979
59 14980
60 173
60 1665
61 187
61 274
61 275
61 278
61 279
61 297
61 298
61 299
61 300
61 301
61 302
61 1080
62 187
62 1413
62 1414
63 187
63 2500
64 191
65 191
65 357
65 509
65 1135
66 191
66 371
66 372
66 385
66 559
66 619
66 915
66 2581
66 2582
66 2583
66 2686
66 3486
66 4556
66 4557
67 191
67 207
67 289
67 355
67 357
67 501
67 516
67 757
67 1176
67 1900
67 2015
67 2340
67 2617
67 3202
67 4949
67 4957
67 5339
67 7446
67 11188
67 11191
67 11193
67 11202
67 11204
67 11243
67 11973
67 13176
67 15447
67 15448
67 15672
67 15673
67 15674
68 192
68 193
68 504
68 511
68 519
68 520
68 538
68 551
68 552
68 644
68 904
68 905
68 906
68 907
68 908
68 909
68 910
68 911
68 912
68 913
68 914
68 915
68 916
68 917
68 918
68 919
68 920
68 921
68 922
68 923
68 924
68 925
68 926
68 927
68 928
68 929
68 930
68 931
68 932
68 933
68 934
68 1065
68 1066
68 1067
68 1068
68 1069
68 1070
68 1071
68 1072
68 1073
68 1074
68 1075
68 1076
69 193
69 196
69 198
69 199
69 200
69 216
69 223
69 227
69 228
69 229
69 234
69 236
69 249
69 255
69 355
69 538
69 911
69 976
69 1435
69 1660
69 1923
69 1996
69 1997
69 2520
69 2523
69 2524
70 193
70 275
70 552
70 710
70 1585
70 1616
70 4493
70 4494
70 4495
70 4581
70 4582
70 4583
70 4584
70 4585
70 4586
70 4587
70 4588
70 4589
70 4590
70 4591
70 4592
70 4593
70 4594
70 4595
70 4596
70 4597
70 4598
70 4599
70 4600
70 4601
70 4602
70 4603
70 4604
70 4605
70 4606
70 4607
70 4608
70 4609
70 4610
70 4611
70 4612
70 4613
70 4614
70 4615
70 4616
70 4617
70 4618
70 4619
70 4620
70 4621
70 4622
70 4623
70 4624
70 4625
70 4626
70 4627
70 4628
70 4629
70 4630
70 4631
70 4636
70 4654
70 4655
70 4656
70 4657
70 4658
70 4659
70 4660
70 4667
70 4668
70 4673
70 4674
70 4681
70 4682
70 7712
70 9297
70 9303
70 9310
70 9317
70 9329
70 9335
70 9342
70 9349
70 9355
70 9359
70 9365
70 9371
70 9375
70 9386
70 9393
70 9399
70 9407
70 9414
70 9420
70 9427
70 9433
70 9439
70 9441
70 9450
70 9457
70 9464
70 9473
71 193
72 195
72 196
72 198
72 199
72 205
72 216
72 221
72 224
72 225
72 226
72 227
72 228
72 230
72 234
72 236
72 237
72 241
72 242
72 248
72 250
72 255
72 270
72 371
72 372
72 396
72 976
72 1435
72 1923
72 1924
72 1926
72 1999
72 2269
72 2270
72 2271
72 2272
73 196
74 196
74 230
74 363
74 371
74 372
74 627
74 796
74 895
74 1475
74 1476
75 196
75 227
75 1782
75 2351
76 196
76 275
76 538
76 635
76 1413
76 1420
76 1422
76 1427
76 1430
76 1431
76 1448
76 1469
76 1485
76 1545
76 2063
76 2094
76 2509
76 2537
76 2540
76 2557
76 2558
76 4538
76 4596
76 4597
76 4598
76 4599
76 4600
77 196
77 371
77 372
77 1137
77 1435
77 1782
77 2589
78 196
78 212
78 513
78 537
78 2146
78 13176
78 15165
78 17044
78 18740
79 196
79 6325
79 8154
79 11749
79 11750
79 11751
79 11752
79 11753
79 11754
79 11755
79 11756
79 11765
79 11766
79 11767
79 11768
79 11769
79 11770
79 11771
79 11772
79 11773
79 11774
79 11775
79 11776
79 11777
79 11778
79 11779
79 11780
79 11781
79 11782
79 11783
79 11784
79 11785
79 11786
79 11787
79 11788
79 11789
79 11790
79 11791
79 11796
79 11797
79 11798
79 11799
79 11800
79 11801
79 11802
79 11803
79 11804
79 11805
79 11806
79 11807
79 11808
79 11809
79 11810
79 11811
79 11813
79 11814
79 11815
79 11816
79 11817
79 11818
79 11819
79 11820
79 11821
79 11822
79 11823
79 11824
79 11825
79 11826
79 11827
79 11828
79 11829
79 11830
79 11832
79 11833
79 11834
79 11835
79 11836
79 11837
79 11838
79 11839
79 11840
79 11841
79 11842
79 11843
79 11844
79 11845
79 11846
79 11847
79 11857
79 11858
79 11859
79 11860
79 11861
79 11862
79 11863
79 11864
79 11865
79 11866
79 11867
79 11868
79 11869
79 11870
79 11871
79 11872
79 11873
79 11874
79 11876
79 11877
79 11878
79 11879
79 11880
79 11881
79 11882
79 11883
79 11884
79 11885
79 11886
79 11887
79 11888
79 11889
79 11890
79 11891
79 11894
79 11895
79 11896
79 11897
79 11898
79 11899
79 11900
79 11901
79 11902
79 11903
79 11904
79 11905
79 11906
79 11907
79 11908
79 11909
79 11910
79 11911
79 11912
79 11913
79 11914
79 11915
79 11916
79 11917
79 11919
79 11920
79 11921
79 11922
79 11923
79 11924
79 11925
79 11926
79 11927
79 11928
79 11929
79 11930
79 11931
79 11957
79 11996
79 12000
79 12004
79 12005
79 12006
79 12007
79 12008
79 12017
79 12019
79 12023
79 12029
79 12036
79 12047
79 12049
79 12062
79 12081
79 12084
79 12103
79 12104
79 12126
79 12134
79 12135
79 12144
79 12151
79 12162
79 12170
79 12172
79 12177
79 12204
79 12243
79 12246
79 12256
79 12280
79 12286
79 12296
79 12298
79 12314
79 12323
79 12328
79 12342
79 12371
79 12391
79 12419
79 12422
79 12423
79 12431
79 12434
79 12467
79 12471
79 12483
79 12487
79 12496
79 12509
79 12535
79 12562
79 13160
79 15254
80 197
80 201
80 202
80 203
80 205
80 206
80 209
80 210
80 211
80 214
80 217
80 218
80 219
80 221
80 229
80 250
80 251
80 1926
80 2513
80 2515
80 2518
80 2521
80 14609
80 14771
80 14772
80 14773
80 14875
80 14884
80 14901
80 14905
80 14929
80 14940
80 14972
80 14998
80 15013
80 15021
80 15034
80 15044
80 15054
80 15087
80 15095
80 15104
80 15112
80 15119
80 15129
80 15138
80 15145
80 15149
81 198
81 226
81 250
81 260
81 1813
81 1926
81 9243
81 13991
82 198
82 242
83 202
83 204
83 218
83 223
83 224
83 225
83 226
83 236
83 248
83 249
83 250
83 255
83 976
83 2513
83 2514
83 2515
83 2517
83 2518
83 2519
83 2521
83 2522
83 2523
83 2524
84 204
84 207
84 355
84 868
84 904
84 2005
84 2337
84 2340
84 2342
84 2350
84 2368
84 2600
84 2681
84 2718
84 2722
84 4957
84 5182
84 5224
84 5252
84 5302
84 5305
84 5311
84 5314
84 5331
84 7446
84 11188
84 11191
84 11193
84 15374
84 15375
84 15377
84 15447
84 15657
84 18075
84 18079
84 19060
84 19173
84 19174
84 19493
85 204
85 241
85 515
86 207
86 556
86 908
86 909
86 1145
86 1585
86 1901
86 2430
86 2718
87 212
87 225
87 229
87 275
87 355
87 357
87 363
87 515
87 518
87 521
87 685
87 697
87 915
87 917
87 931
87 1080
87 1140
87 1260
87 1488
87 1492
87 1798
87 1803
87 1813
87 2277
87 2507
87 13262
87 13264
87 13277
87 13306
87 13308
87 13342
87 13343
87 13344
87 13347
87 13349
87 13350
87 13355
87 13359
87 13362
87 13363
87 13400
87 13401
87 13574
87 13775
87 13776
87 13874
87 13880
87 13905
87 13985
87 14402
87 14561
87 14563
87 15153
87 15416
87 15447
87 15448
87 15641
87 16981
87 17831
88 213
88 255
88 1098
88 1389
88 1462
89 225
89 229
89 357
89 634
89 1261
89 1391
89 1396
89 1492
89 1564
89 1932
89 1960
89 2437
89 2533
89 2588
89 2605
89 2631
89 2657
89 2724
89 2728
89 2759
89 2760
89 2811
89 2815
89 2816
89 2817
89 2818
89 2819
89 2821
89 2822
89 3162
89 3166
89 3177
89 3178
89 3202
89 3275
89 3482
89 4683
89 4694
89 4851
89 5002
89 5742
89 5743
89 5774
89 7600
89 10081
89 13176
89 14646
90 226
90 275
90 1080
91 227
91 2723
92 229
92 355
92 357
92 1492
92 1964
92 1968
92 1969
92 1997
92 2326
92 2726
92 2767
92 3107
92 3202
92 3206
92 3207
92 3208
92 3209
92 3248
92 3547
92 3548
92 4280
92 5343
92 5344
92 5346
92 6006
92 10648
92 10649
93 229
93 1923
94 252
94 9336
95 252
95 364
95 11216
96 260
97 260
97 1541
98 260
98 275
98 396
98 412
98 763
98 771
98 915
98 2323
99 260
99 385
99 770
99 2063
99 2584
99 2585
99 3236
99 3238
99 3239
100 266
100 273
101 268
102 268
102 759
102 760
102 761
102 762
102 764
102 765
102 766
102 767
102 768
102 769
102 772
102 773
102 774
102 775
102 776
102 777
102 778
102 779
102 780
102 781
102 782
102 783
102 784
102 785
102 1454
102 2328
102 4697
102 4698
102 4699
102 4700
102 5452
102 5453
102 5454
102 5455
102 5456
102 5457
102 5458
102 5460
102 5486
102 5491
102 5493
102 5495
102 5553
102 5602
102 5603
102 9227
102 9241
102 9242
102 9733
102 9759
102 9760
102 9761
102 9947
102 9962
102 9963
102 9964
102 9965
102 10085
102 10086
102 10087
102 10088
102 10109
102 10110
102 10111
102 10112
102 10113
102 10114
102 10453
102 11757
102 11758
102 11759
102 11760
102 11761
102 11762
102 11763
102 13420
102 13421
102 13442
102 13444
102 13445
102 13448
102 13450
102 13451
103 270
103 275
103 1575
103 1576
103 1577
103 1578
103 1580
103 1815
103 1861
103 1879
103 15637
103 15638
103 17010
103 18039
103 18046
103 18048
103 18049
103 18050
103 18051
103 19061
103 19065
103 19067
104 275
105 275
106 275
106 363
106 511
106 568
106 801
106 1260
106 1492
106 13359
106 14420
106 14561
106 14562
106 14563
106 14564
106 14565
106 14566
106 14596
106 14646
106 15965
106 16832
106 16833
106 16927
106 16928
106 16979
106 16980
106 16982
106 16983
106 16984
106 16985
106 16986
106 16987
106 16988
106 17637
107 288
107 355
107 363
107 399
107 701
107 803
107 895
107 2726
107 3486
107 13373
107 13374
108 317
108 355
109 355
109 1459
109 1463
109 1464
110 355
110 555
110 1473
110 1474
111 355
111 357
111 514
111 607
111 938
111 2497
111 2573
111 2686
111 7446
112 355
112 1670
112 1671
112 1800
113 355
113 919
113 1805
114 355
115 355
115 2536
116 355
117 355
117 1492
117 2724
117 2725
117 2726
117 2727
117 2728
117 2729
117 2730
117 2731
117 2732
117 2733
117 2734
117 2735
117 2736
117 2737
117 2738
117 2739
117 2740
117 2741
117 2746
117 2747
117 2748
117 2749
117 2750
117 2751
117 2752
117 2753
117 2754
117 2755
117 2756
117 2757
117 3123
117 3202
117 3232
117 3233
117 3234
117 3336
117 3337
117 3338
117 3339
117 3340
117 3341
117 3342
117 3343
117 3344
117 3345
117 3346
117 3347
117 3348
117 3349
117 3350
117 3351
117 3352
117 3353
117 3354
117 3401
117 3402
117 3403
117 3404
117 3405
117 3406
117 3407
117 3408
117 3409
117 3410
117 3411
117 3412
117 3413
117 3643
117 3644
117 3645
117 3646
117 3647
117 4188
117 4189
117 4190
117 4191
117 4192
117 4193
117 4194
117 4195
117 4196
117 4197
117 4198
117 4199
117 4200
117 4201
117 4215
117 4216
117 5956
117 6136
117 6137
117 6138
117 6139
117 6140
117 6141
117 6142
117 6143
117 6144
117 6145
117 6146
117 6147
117 6148
117 6149
117 6150
117 6226
117 6227
117 6228
117 6229
117 6230
117 6231
117 6232
117 6233
117 6234
117 6235
117 6236
117 6237
117 6238
117 6239
117 6240
117 6241
117 6242
117 6243
117 6244
117 6245
117 6246
117 6247
117 6248
117 6249
117 6250
117 6251
117 6252
117 6253
117 6254
117 6255
117 6256
117 6257
117 6729
117 6730
117 6731
117 6732
117 6733
117 6734
117 6735
117 6736
117 6737
117 6738
117 6739
117 6898
117 6899
117 6900
117 6901
117 6902
117 6903
117 6904
117 6905
117 6906
117 6907
117 7771
117 7772
117 7773
117 8990
117 8991
117 8992
117 8993
117 8994
117 8995
117 8996
117 8997
117 8998
117 8999
117 9000
118 355
118 757
118 1377
118 1489
118 2533
118 2726
118 2728
118 2770
118 2771
118 2772
118 2773
118 2774
118 2775
118 2776
118 2777
118 2778
118 2779
118 2780
118 2781
118 2782
118 2789
118 2790
118 2791
118 2792
118 2793
118 2794
118 2795
118 2796
118 2797
118 2798
118 2799
118 2800
118 2801
118 2802
118 2803
118 2804
118 2805
118 2806
118 2807
118 2808
118 2809
118 2810
118 2874
118 3164
118 3165
118 3167
118 3168
118 3169
118 3170
118 3171
118 3172
118 3173
118 3174
118 3175
118 3176
118 3179
118 3182
118 3183
118 3184
118 3202
118 3336
118 3343
118 3345
118 3347
118 3348
118 3349
118 3482
118 3485
118 3486
118 3487
118 3488
118 3489
118 3490
118 3491
118 3492
118 3493
118 3494
118 3512
118 3513
118 3539
118 3540
118 3541
118 3542
118 3543
118 3544
118 3545
118 3546
118 3547
118 3548
118 3549
118 3550
118 3551
118 3552
118 3553
118 3554
118 3555
118 3556
118 3557
118 3558
118 3559
118 3560
118 3561
118 3562
118 3563
118 3564
118 3565
118 3566
118 3567
118 3568
118 3569
118 3570
118 3571
118 3572
118 3573
118 3574
118 3575
118 3576
118 3577
118 3578
118 3579
118 3580
118 3581
118 3582
118 3583
118 3584
118 3585
118 3586
118 3587
118 3588
118 3589
118 3590
118 3591
118 3592
118 3593
118 3594
118 3595
118 3596
118 3597
118 3598
118 3599
118 3600
118 3601
118 3602
118 3603
118 3604
118 3605
118 3606
118 3607
118 3608
118 3609
118 3610
118 3611
118 3612
118 3613
118 3614
118 3615
118 3616
118 3617
118 3618
118 3619
118 3620
118 3621
118 3642
118 3648
118 3649
118 3650
118 3651
118 3652
118 3653
118 3654
118 3655
118 3656
118 3657
118 3658
118 3659
118 3660
118 3661
118 3662
118 3663
118 3664
118 3665
118 3666
118 3667
118 3668
118 3669
118 3670
118 3671
118 3672
118 3673
118 3674
118 3675
118 3676
118 3677
118 3678
118 3679
118 3680
118 3681
118 3682
118 3683
118 3703
118 3704
118 3705
118 3706
118 3707
118 3708
118 3709
118 3710
118 3711
118 3712
118 3713
118 3714
118 3715
118 3716
118 3717
118 3718
118 3719
118 3720
118 3721
118 3722
118 3723
118 3724
118 3725
118 3726
118 3727
118 3728
118 3729
118 3730
118 3731
118 3732
118 3733
118 3734
118 3735
118 3736
118 3737
118 3738
118 3739
118 3740
118 3741
118 3742
118 3743
118 3744
118 3745
118 3746
118 3747
118 3748
118 3749
118 3750
118 3751
118 3752
118 3753
118 3754
118 3755
118 3756
118 3757
118 3758
118 3759
118 3760
118 3761
118 3762
118 3763
118 3764
118 3765
118 3766
118 3767
118 3768
118 3769
118 3770
118 3771
118 3772
118 3773
118 3777
118 3778
118 3779
118 3780
118 3781
118 3782
118 3784
118 3785
118 3786
118 3788
118 3789
118 3791
118 3792
118 3793
118 3794
118 3795
118 3796
118 3797
118 3798
118 3801
118 3802
118 3804
118 3805
118 3806
118 3807
118 3808
118 3809
118 3811
118 3812
118 3813
118 3814
118 3815
118 3816
118 3817
118 3818
118 3819
118 3820
118 3821
118 3822
118 3823
118 3824
118 3825
118 3826
118 3827
118 3828
118 3830
118 3831
118 3832
118 3834
118 3835
118 3836
118 3837
118 3838
118 3839
118 3841
118 3842
118 3843
118 3844
118 3845
118 3847
118 3848
118 3849
118 3851
118 3852
118 3853
118 3854
118 3855
118 3856
118 3858
118 3860
118 3861
118 3862
118 3864
118 3865
118 3869
118 3871
118 3872
118 3873
118 3874
118 3875
118 3876
118 3877
118 3878
118 3879
118 3880
118 3881
118 3882
118 3883
118 3884
118 3885
118 3886
118 3887
118 3888
118 3889
118 3890
118 3891
118 3892
118 3893
118 3894
118 3895
118 3896
118 3897
118 3898
118 3899
118 3900
118 3901
118 3902
118 3903
118 3904
118 3905
118 3906
118 3907
118 3908
118 3909
118 3910
118 3911
118 3912
118 3913
118 3914
118 3915
118 3916
118 3917
118 3918
118 3919
118 3920
118 3921
118 3922
118 3923
118 3924
118 3925
118 3926
118 3927
118 3928
118 3929
118 3930
118 3931
118 3932
118 3934
118 3935
118 3942
118 3943
118 3944
118 3945
118 3946
118 3947
118 3948
118 3949
118 3950
118 3951
118 3952
118 3953
118 3954
118 3955
118 3956
118 3972
118 3991
118 3992
118 3993
118 3994
118 3995
118 3996
118 3997
118 3998
118 3999
118 4000
118 4001
118 4002
118 4003
118 4004
118 4005
118 4006
118 4007
118 4008
118 4009
118 4010
118 4011
118 4012
118 4013
118 4014
118 4015
118 4016
118 4017
118 4018
118 4019
118 4020
118 4021
118 4022
118 4023
118 4024
118 4025
118 4026
118 4027
118 4028
118 4029
118 4030
118 4031
118 4032
118 4033
118 4034
118 4035
118 4036
118 4037
118 4038
118 4039
118 4040
118 4041
118 4042
118 4043
118 4044
118 4045
118 4046
118 4047
118 4048
118 4049
118 4050
118 4051
118 4052
118 4053
118 4075
118 4076
118 4092
118 4093
118 4094
118 4095
118 4096
118 4097
118 4099
118 4100
118 4104
118 4105
118 4106
118 4107
118 4108
118 4109
118 4110
118 4111
118 4112
118 4113
118 4114
118 4115
118 4116
118 4117
118 4118
118 4119
118 4120
118 4121
118 4122
118 4123
118 4124
118 4125
118 4126
118 4127
118 4128
118 4129
118 4130
118 4131
118 4132
118 4133
118 4134
118 4135
118 4136
118 4137
118 4138
118 4139
118 4140
118 4141
118 4142
118 4143
118 4144
118 4145
118 4146
118 4147
118 4148
118 4149
118 4150
118 4151
118 4200
118 4201
118 4202
118 4203
118 4204
118 4205
118 4206
118 4207
118 4208
118 4209
118 4210
118 4211
118 4212
118 4213
118 4214
118 4215
118 4216
118 4217
118 4218
118 4219
118 4220
118 4221
118 4222
118 4223
118 4224
118 4225
118 4226
118 4227
118 4228
118 4229
118 4230
118 4231
118 4232
118 4233
118 4234
118 4235
118 4236
118 4237
118 4238
118 4239
118 4240
118 4241
118 4242
118 4243
118 4244
118 4245
118 4246
118 4247
118 4248
118 4249
118 4250
118 4251
118 4252
118 4253
118 4254
118 4255
118 4256
118 4257
118 4258
118 4259
118 4260
118 4261
118 4262
118 4263
118 4264
118 4265
118 4266
118 4267
118 4268
118 4269
118 4270
118 4271
118 4272
118 4273
118 4274
118 4275
118 4276
118 4277
118 4278
118 4279
118 4298
118 4299
118 4300
118 4301
118 4302
118 4303
118 4304
118 4305
118 4306
118 4307
118 4308
118 4309
118 4310
118 4311
118 4312
118 4313
118 4314
118 4315
118 4316
118 4317
118 4318
118 4319
118 4320
118 4321
118 4322
118 4323
118 4324
118 4325
118 4326
118 4327
118 4328
118 4329
118 4330
118 4331
118 4332
118 4333
118 4334
118 4335
118 4336
118 4337
118 4338
118 4339
118 4340
118 4341
118 4342
118 4343
118 4344
118 4345
118 4346
118 4347
118 4348
118 4349
118 4350
118 4351
118 4352
118 4353
118 4354
118 4355
118 4356
118 4357
118 4358
118 4359
118 4360
118 4361
118 4362
118 4363
118 4364
118 4365
118 4366
118 4367
118 4368
118 4369
118 4370
118 4371
118 4372
118 4373
118 4374
118 4375
118 4376
118 4377
118 4378
118 4379
118 4380
118 4381
118 4382
118 4383
118 4384
118 4385
118 4386
118 4387
118 4388
118 4389
118 4390
118 4391
118 4392
118 4393
118 4394
118 4395
118 4396
118 4397
118 4398
118 4399
118 4400
118 4401
118 4402
118 4403
118 4404
118 4405
118 4406
118 4407
118 4408
118 4409
118 4410
118 4411
118 4412
118 4413
118 4414
118 4415
118 4416
118 4417
118 4418
118 4419
118 4420
118 4421
118 4422
118 4423
118 4424
118 4425
118 4426
118 4427
118 4428
118 4429
118 4430
118 4431
118 4432
118 4433
118 4434
118 4435
118 4436
118 4437
118 4438
118 4439
118 4440
118 4441
118 4442
118 4443
118 4684
118 4685
118 4686
118 4687
118 4690
118 4691
118 4692
118 4693
118 4708
118 6707
118 6709
118 6710
118 6722
118 6724
118 6946
118 19489
118 19490
118 19491
118 19492
118 20541
119 355
120 355
121 355
121 13787
121 15313
122 355
122 13372
122 13373
123 355
124 355
125 355
126 355
127 355
128 355
128 15190
128 15191
128 15192
128 15193
128 15194
128 15195
128 15196
128 15197
128 15198
128 15199
128 15200
128 15201
128 15202
128 15203
128 15204
128 15205
128 15206
128 15207
128 15208
128 15209
128 15210
128 15211
128 15212
128 15213
128 15214
128 15215
128 15216
128 15217
128 15219
128 15220
128 15221
128 15222
128 15223
128 15224
128 15225
128 15226
128 15227
128 15228
128 15229
128 15230
128 15231
128 15232
128 15233
128 15234
128 15235
128 15236
128 15237
128 15238
128 15239
128 15240
128 15241
128 15242
128 15243
128 15244
128 15245
128 15246
128 15247
128 15248
128 15249
128 15250
128 15251
128 15252
128 15253
128 15254
128 15255
128 15256
128 15257
128 15258
128 15259
128 15260
128 15261
128 15262
128 15263
128 15264
128 15265
128 15266
128 15267
128 15268
128 15269
128 15270
128 15271
128 15272
128 15273
128 15274
128 15275
128 15276
128 15277
128 15278
128 15279
128 15280
128 15281
128 15282
128 15283
128 15284
128 15285
128 15286
128 15287
128 15288
128 15289
128 15290
128 15291
128 15292
128 15293
128 15294
128 15295
128 15296
128 15297
128 15298
128 15299
128 15300
128 15301
128 15302
128 15303
128 15304
128 15305
128 15306
128 15307
128 15308
128 15309
128 15310
128 15315
129 355
129 1204
129 1407
129 1550
129 1578
129 3202
129 9724
129 13176
129 13287
129 13355
129 15584
129 17046
129 17047
129 17048
129 17049
129 17050
129 17051
129 17052
129 17053
129 17054
129 17055
129 17056
129 17057
129 17058
129 17059
129 17060
129 17061
129 17062
129 17063
129 17064
129 17065
129 17066
129 17067
129 17068
129 17069
129 17070
129 17071
129 17072
129 17073
129 17074
129 17075
129 17076
129 17077
129 17078
129 17079
129 17080
129 17081
129 17082
129 17083
129 17084
129 17085
129 17086
129 17087
129 17088
129 17089
129 17090
129 17091
129 17092
129 17093
129 17094
129 17095
129 17096
129 17097
129 17098
129 17099
129 17100
129 17101
129 17102
129 17103
129 17104
129 17105
129 17106
129 17107
129 17108
129 17109
129 17110
129 17111
129 17112
129 17113
129 17114
129 17115
129 17116
129 17117
129 17118
129 17119
129 17120
129 17123
130 355
130 8237
130 8238
130 8239
130 8240
130 8241
130 8242
130 8246
130 8247
130 8248
130 8250
130 8251
130 8252
130 8253
130 8255
130 10063
130 10064
130 10065
130 10066
130 10069
130 10070
130 10071
130 10072
130 10073
130 10074
130 10075
130 10076
130 10077
130 10078
130 10079
130 12818
130 12820
130 12821
130 12822
130 12824
130 12873
130 15394
131 355
131 14974
131 14975
131 14976
131 14978
131 14979
131 14980
131 17288
131 18243
131 18244
131 18245
131 18246
131 18247
131 18248
131 18249
131 18250
131 18251
131 18252
131 18253
131 18254
131 18255
131 18256
131 18257
131 18258
131 18259
131 18260
131 18261
131 18262
131 18263
131 18264
131 18265
131 18266
131 18267
131 18268
131 18269
131 18270
131 18271
131 18272
131 18273
131 18274
131 18286
131 18287
131 18288
131 18322
131 18323
131 18324
131 18325
131 18326
131 18327
131 18328
131 18329
131 18481
131 18496
131 18497
131 18498
131 18499
131 18500
131 18501
131 18502
131 18503
131 18540
131 18712
131 18713
131 18811
131 18812
131 18813
131 18814
131 18815
132 355
133 355
134 355
135 355
135 15394
135 15641
135 15642
135 16884
135 17577
135 17579
135 17580
135 17581
135 17582
135 17583
135 17584
135 17585
135 17586
135 17587
135 17637
135 17747
135 19009
136 357
136 2499
137 357
137 1803
137 2510
137 2511
138 363
138 6122
138 6124
139 364
139 1377
139 1426
139 1428
139 1429
140 371
140 385
140 1926
140 2272
141 372
141 4841
142 386
142 396
142 402
142 412
142 763
142 770
142 1966
142 1968
142 1969
142 1973
142 1974
142 1975
142 1976
142 1977
142 1979
142 1980
142 1981
142 1982
142 1983
142 1984
142 1997
142 2039
142 2040
143 394
143 1492
143 1964
143 1966
143 1969
143 1970
143 1971
143 1972
143 1973
143 1974
143 13262
143 13352
143 13359
144 396
144 1968
144 1997
145 406
146 406
147 412
148 431
149 487
149 499
149 694
149 970
149 1094
149 1103
149 1183
149 1204
149 1407
149 1548
149 1549
149 1550
149 1801
149 1802
149 2066
149 2534
149 2535
149 9724
149 13287
149 17046
149 17047
149 17048
149 17049
149 17050
149 17051
149 17052
149 17053
149 17054
149 17055
149 17056
149 17057
149 17058
149 17059
149 17060
149 17061
149 17062
149 17063
149 17064
149 17065
149 17066
149 17067
149 17068
149 17069
149 17070
149 17071
149 17072
149 17073
149 17074
149 17075
149 17076
149 17077
149 17078
149 17079
149 17080
149 17081
149 17082
149 17083
149 17085
149 17086
149 17087
149 17088
149 17089
149 17090
149 17091
149 17092
149 17093
149 17096
149 17097
149 17098
149 17099
149 17100
149 17101
149 17102
149 17103
149 17104
149 17105
149 17107
149 17108
149 17109
149 17110
149 17111
149 17112
149 17113
149 17114
149 17115
149 17117
149 17118
149 17119
149 17120
150 497
150 757
151 502
152 505
152 803
152 3202
152 7236
152 15956
152 17003
152 17007
152 17008
153 507
153 11552
154 509
155 511
155 551
156 511
156 613
156 614
157 511
157 982
157 983
157 984
157 985
157 1055
157 2534
157 2535
158 511
158 2498
159 515
159 919
159 1393
159 2034
159 2035
159 2036
159 2037
159 2038
159 2055
159 5297
159 14549
159 14550
159 14551
159 14552
159 14553
159 14555
159 14560
159 14861
160 515
160 537
160 644
160 18165
160 18714
161 516
161 613
161 1033
161 1400
161 1509
161 1852
161 1877
161 2005
161 2068
161 2411
161 2412
161 2449
161 2681
161 2689
161 4604
161 4620
161 4845
161 4851
161 4977
161 5166
161 5331
161 13359
162 517
162 619
162 1542
162 13871
162 13872
162 13873
163 518
164 527
164 528
164 529
165 530
165 531
166 537
167 556
167 558
168 556
169 560
169 2163
169 2164
170 565
170 566
171 607
171 694
172 627
173 627
173 701
174 627
175 644
176 674
177 697
178 705
178 1477
178 1478
179 757
179 1493
180 757
181 758
181 778
181 779
181 780
181 781
181 782
181 783
181 784
181 785
181 9733
182 771
183 895
183 1666
183 1667
184 895
185 901
186 929
187 933
187 2245
187 2246
187 2251
188 937
189 958
189 1437
190 960
191 976
191 977
192 1028
193 1031
193 1033
193 1914
193 1915
193 1916
193 2017
193 2018
193 2019
193 2020
193 2568
193 2569
193 2570
193 2571
193 2572
193 2573
193 2574
193 2575
193 2576
193 2577
193 2578
194 1080
194 1895
195 1081
196 1103
197 1214
197 1215
197 1260
197 1261
197 1291
197 1307
198 1259
199 1260
200 1260
200 15218
201 1308
202 1333
202 1334
203 1351
204 1371
205 1379
205 1380
206 1392
207 1399
208 1403
208 1917
208 1920
209 1413
210 1452
211 1458
211 13447
211 17419
211 17420
211 17421
211 17422
211 17423
211 17424
211 17425
211 17426
211 17427
211 17428
211 17429
211 17430
211 17431
211 17432
211 17450
211 17451
211 17452
211 17453
211 17454
211 17455
211 17456
211 17457
211 17458
211 17459
211 17478
211 18504
211 18505
211 18506
211 18507
211 18508
211 18509
211 18510
211 18511
211 18512
211 18513
211 18514
211 18515
211 18516
211 18517
211 18518
211 18519
211 18520
211 18521
211 18522
211 18523
211 18524
211 18525
211 18526
211 18527
211 18528
211 18529
211 18541
211 18542
211 18543
211 18544
211 18545
211 18546
211 18547
211 18548
211 18549
211 18550
211 18551
211 18552
211 18553
211 18554
211 18555
211 18556
211 18557
211 18558
211 18559
211 18560
211 18561
211 18562
211 18563
211 18564
211 18565
211 18566
211 18567
211 18568
211 18569
211 18570
211 18571
211 18572
211 18573
211 18574
211 18575
211 18576
211 18577
211 18578
211 18579
211 18580
211 18581
211 18582
211 18583
211 18584
211 18585
211 18586
211 18587
211 18588
211 18589
211 18590
211 18591
211 18592
212 1460
212 1461
213 1465
213 1466
214 1467
214 1471
215 1479
216 1480
216 1649
216 1816
216 1817
216 1821
216 1825
216 1829
216 1830
216 1831
216 1832
216 1833
216 1840
216 1844
216 1845
216 1928
216 1998
216 2000
216 2001
216 2024
216 2042
216 2043
216 2044
216 2045
216 2047
216 2048
216 2049
216 2050
216 2087
216 2173
216 2174
216 2181
216 2539
216 2541
216 2543
216 2546
216 2547
216 2548
216 2549
216 2550
216 2551
216 2552
216 2553
216 2554
216 2555
216 2561
216 2562
216 2586
216 2587
216 3026
216 3048
216 3049
216 3073
216 3074
216 3075
216 3076
216 3093
216 3108
216 3957
216 3958
216 4444
216 4445
216 4446
216 4447
216 4463
216 4486
216 4487
216 4993
216 5098
216 5610
216 5792
216 5796
216 5799
216 7044
216 7045
216 7054
216 7070
216 7093
216 7299
216 7338
216 7769
216 7938
216 7939
216 7940
216 8009
216 8445
216 9132
216 9133
216 9134
216 9881
216 10082
216 10083
216 10338
216 10430
216 10500
216 10827
216 11087
216 11088
216 11132
216 11159
216 11160
216 11161
216 11213
216 11214
216 11215
216 11361
216 11368
216 11369
216 11746
216 11856
216 11893
216 12108
216 12189
216 12345
216 12390
216 12415
216 12441
216 12527
216 12528
216 12624
216 12815
216 12816
216 13139
216 13140
216 13176
216 13197
216 13201
216 13242
216 13251
216 13312
216 13338
216 13340
216 13375
216 13376
216 13377
216 13846
216 13847
216 13848
216 13849
216 13850
216 14113
216 14114
216 14142
216 14143
216 14155
216 14156
216 14246
216 14247
216 14253
216 14254
216 14713
216 14735
216 14973
216 14981
216 15027
216 15154
216 15155
216 15157
216 15158
216 15159
216 15160
216 15161
216 15162
216 15163
216 15164
216 15166
216 15167
216 15168
216 15169
216 15170
216 15171
216 15172
216 15173
216 15317
216 15318
216 15319
216 15345
216 15346
216 15443
216 15446
216 15516
216 15550
216 15583
216 15637
216 15638
216 15675
216 15676
216 15754
216 15953
216 15954
216 15955
216 15956
216 17001
216 17003
216 17004
216 17005
216 17006
216 17009
216 17010
216 17121
217 1486
218 1487
219 1488
220 1492
221 1492
222 1492
222 13985
222 13988
223 1499
223 1500
223 1501
223 1502
223 1503
223 1505
223 1506
223 1507
223 1508
223 1509
223 1510
223 1511
223 1512
223 1513
223 1514
223 1515
223 1516
223 1517
223 1518
223 1519
223 1520
223 1521
223 1522
223 1523
223 1524
223 1525
223 1526
223 1527
223 1528
223 1529
223 1530
223 1531
223 1532
223 1533
223 1534
223 1535
223 1555
224 1540
225 1543
226 1545
226 1547
227 1545
228 1546
229 1548
229 1549
229 1550
230 1553
230 1554
230 1577
230 1578
230 1580
230 1801
230 1802
231 1556
231 1557
232 1558
232 1833
232 5099
232 13176
232 15442
233 1575
233 1576
233 10216
233 10217
234 1581
234 1582
234 1649
235 1584
235 2542
236 1659
237 1661
238 1661
238 15173
238 15675
238 15676
238 16997
238 16998
238 16999
238 17000
238 17006
238 17009
238 17439
238 17440
238 17891
238 17892
238 18821
238 18822
238 19061
239 1661
239 15317
239 19647
239 20362
240 1662
241 1663
242 1664
243 1666
243 2187
243 2188
244 1668
245 1669
245 13436
246 1672
246 1673
247 1756
248 1782
249 1800
250 1802
250 18806
251 1803
252 1807
253 1809
254 1813
254 8088
255 1818
255 1819
255 1820
255 1822
255 1823
255 1824
255 1828
255 1834
255 1835
255 1836
255 1837
255 2016
256 1826
256 1827
257 1838
257 1839
258 1841
258 1842
258 1843
259 1858
260 1866
261 1874
262 1874
263 1900
264 1907
265 1918
266 1919
267 1930
267 1960
267 1962
267 1963
268 1979
269 2041
270 2057
271 2063
271 2064
271 2065
272 2063
272 17465
273 2066
274 2076
275 2089
275 2090
276 2114
276 2115
276 2119
276 2120
276 2123
276 2128
276 2129
276 2130
276 2131
276 2135
276 2136
276 2139
276 2140
276 2142
276 2143
276 2147
276 2148
276 2150
276 2152
276 2153
276 2155
276 2156
276 2158
276 2159
276 2161
276 2162
276 2169
276 2170
276 2175
276 2176
276 2185
276 2186
276 2190
276 2191
276 2195
276 2196
276 2198
276 2199
276 2201
276 2202
276 2209
276 2210
276 2211
276 2212
276 2214
276 2215
276 2217
276 2218
276 2228
276 2229
276 2232
276 2233
276 2234
276 2235
276 2241
276 2242
276 2252
276 2253
276 2275
276 2276
276 2279
276 2280
276 2283
276 2284
276 2287
276 2288
276 2299
276 2300
276 2301
276 2302
276 2303
276 2304
276 2306
276 2307
276 2308
276 2309
276 2311
276 2312
276 2313
276 2314
276 2315
276 2316
276 2317
276 2318
276 2319
276 2320
276 2330
276 2331
276 2332
276 2333
276 2338
276 2339
276 2344
276 2345
276 2347
276 2348
276 2358
276 2359
276 2362
276 2363
276 2364
276 2365
276 2366
276 2367
276 2369
276 2370
276 2386
276 2387
276 2388
276 2389
276 2390
276 2391
276 2392
276 2393
276 2399
276 2400
276 2401
276 2404
276 2405
276 2406
276 2407
276 2408
276 2409
276 2413
276 2414
276 2416
276 2417
276 2418
276 2419
276 2421
276 2422
276 2423
276 2424
276 2427
276 2428
276 2432
276 2433
276 2454
276 2455
276 2468
276 2469
276 2471
276 2472
276 2475
276 2476
276 2478
276 2479
276 2481
276 2482
276 2486
276 2487
276 2489
276 2490
276 2491
276 2492
276 2493
276 2494
276 2495
276 2496
276 2595
276 2596
276 2598
276 2599
276 2602
276 2603
276 2607
276 2608
276 2611
276 2612
276 2615
276 2616
276 2619
276 2620
276 2625
276 2626
276 2629
276 2630
276 2633
276 2634
276 2636
276 2637
276 2640
276 2641
276 2644
276 2645
276 2647
276 2648
276 2649
276 2650
276 2651
276 2652
276 2654
276 2655
276 2660
276 2661
276 2664
276 2665
276 2668
276 2669
276 2678
276 2679
276 2684
276 2685
276 2687
276 2688
276 2690
276 2691
276 2693
276 2694
276 2696
276 2697
276 2699
276 2700
276 2703
276 2704
276 2706
276 2707
276 2709
276 2710
276 2712
276 2713
276 2715
276 2716
276 4843
276 4844
276 4846
276 4847
276 4849
276 4850
276 4853
276 4854
276 4856
276 4857
276 4859
276 4860
276 4868
276 4869
276 4874
276 4875
276 4890
276 4891
276 4899
276 4900
276 4903
276 4904
276 4907
276 4908
276 4954
276 4955
276 4959
276 4960
276 5083
276 5084
276 5127
276 5128
276 5136
276 5137
276 5138
276 5139
276 5147
276 5148
276 5183
276 5184
276 5191
276 5192
276 5212
276 5213
276 5221
276 5222
276 5230
276 5231
276 5233
276 5234
276 5239
276 5240
276 5280
276 5281
276 5286
276 5287
276 5290
276 5291
276 5293
276 5294
276 5298
276 5299
276 5303
276 5304
276 5306
276 5307
276 5312
276 5313
276 5315
276 5316
276 5318
276 5319
276 5325
276 5326
276 5329
276 5330
276 5333
276 5334
276 5337
276 5338
276 5400
276 5401
276 15673
277 2160
278 2326
278 8824
278 10431
278 11526
278 11747
278 11952
278 11953
278 12572
278 13286
278 14108
278 14109
278 14110
278 14111
278 14154
278 14234
278 14554
279 2453
280 2505
281 2512
282 2532
283 2556
284 2559
285 2565
285 2566
286 2579
286 12044
287 2580
288 2811
288 3202
288 9630
288 9631
288 9632
288 9633
288 9634
288 9635
288 9636
288 9637
288 9638
288 9639
288 9640
288 9641
288 9642
288 9643
288 9644
288 9645
288 9646
288 9647
288 9648
288 9649
288 9650
288 9651
288 9652
288 9653
288 9654
288 9655
288 9656
288 9657
288 9658
288 9659
288 9660
288 9661
288 9662
288 9663
288 9664
288 9665
288 9666
288 9667
288 9668
288 9669
288 9670
288 9671
288 9672
288 9673
288 9674
288 9675
288 9676
288 9677
288 9678
288 9679
288 9680
288 9681
288 9682
288 9683
288 9684
288 9685
288 9686
288 9687
288 9688
288 9689
288 9690
288 9691
288 9692
288 9693
288 9694
288 9695
288 9696
288 9697
288 9698
288 9699
288 9737
288 9738
288 9752
288 9762
288 9816
288 9817
288 9818
288 9819
288 9820
288 9821
288 9822
288 9823
288 9824
288 9825
288 9826
288 9849
288 9850
288 9851
288 9878
288 9880
288 9883
288 9888
288 9896
288 9899
288 9914
288 9915
288 9921
288 9922
288 9923
288 9934
288 9940
288 9944
288 9945
288 9946
288 9948
288 9949
288 9971
288 9980
288 11524
288 11738
288 11739
288 11740
288 11741
289 2869
290 3108
290 4463
290 9067
290 9068
290 9127
290 9131
290 11165
290 11166
290 11190
290 11965
290 11966
291 3123
291 3124
291 3125
292 3202
292 18809
293 3202
294 3202
294 4791
294 4792
294 6518
294 7299
294 7938
294 10999
294 12045
294 12055
294 12130
294 13598
294 13599
294 13600
294 13601
295 3202
295 13869
295 13876
296 3210
297 3211
298 3232
298 16020
298 16021
298 16022
298 16027
298 16028
298 16029
298 16030
298 16032
298 16033
298 16061
298 16065
298 16072
298 16073
298 16074
298 16075
298 16076
298 16077
298 16078
298 16079
298 16080
298 16081
298 16082
298 16095
298 16100
298 16101
298 16102
298 16103
298 16104
298 16105
298 16106
298 16107
298 16108
298 16109
298 16110
298 16111
298 16112
298 16113
298 16114
298 16115
298 16116
298 16119
298 16120
298 16176
298 16177
298 16178
298 16179
298 16180
298 16181
298 16182
298 16183
298 16184
298 16185
298 16186
298 16237
298 16238
298 16239
298 16240
298 16241
298 16242
298 16243
298 16244
298 16245
298 16246
298 16250
298 16258
298 16259
298 16260
298 16261
298 16262
298 16263
298 16264
298 16265
298 16266
298 16267
298 16268
298 16269
298 16270
298 16271
298 16272
298 16273
298 16274
298 16275
298 16276
298 16277
298 16278
298 16279
298 16280
298 16281
298 16282
298 16283
298 16284
298 16290
298 16291
298 16292
298 16293
298 16294
298 16295
298 16296
298 16297
298 16298
298 16307
298 16308
298 16309
298 16310
298 16311
298 16312
298 16313
298 16314
298 16315
298 16316
298 16317
298 16318
298 16319
298 16320
298 16321
298 16322
298 16323
298 16324
298 16325
298 16326
298 16327
298 16328
298 16329
298 16330
298 16331
298 16332
298 16333
298 16334
298 16335
298 16336
298 16337
298 16338
298 16343
298 16344
298 16345
298 16346
298 16347
298 16348
298 16349
298 16350
298 16351
298 16352
298 16353
298 16354
298 16355
298 16356
298 16357
298 16358
298 16359
298 16360
298 16361
298 16362
298 16363
298 16364
298 16365
298 16366
298 16367
298 16368
298 16369
298 16370
298 16371
298 16372
298 16373
298 16374
298 16375
298 16376
298 16425
298 16445
298 16446
298 16447
298 16448
298 16449
298 16450
298 16451
298 16452
298 16453
298 16454
298 16455
298 16456
298 16457
298 16458
298 16459
298 16460
298 16461
298 16462
298 16463
298 16464
298 16465
298 16466
298 16467
298 16468
298 16469
298 16470
298 16471
298 16472
298 16473
298 16474
298 16475
298 16476
298 16477
298 16478
298 16479
298 16480
298 16481
298 16482
298 16483
298 16484
298 16485
298 16486
298 16487
298 16488
298 16489
298 16490
298 16491
298 16492
298 16493
298 16494
298 16495
298 16496
298 16497
298 16498
298 16499
298 16500
298 16501
298 16502
298 16503
298 16504
298 16505
298 16506
298 16507
298 16508
298 16509
298 16510
298 16511
298 16512
298 16513
298 16514
298 16515
298 16516
298 16517
298 16518
298 16519
298 16520
298 16521
298 16522
298 16523
298 16524
298 16525
298 16580
298 16581
298 16582
298 16583
298 16584
298 16585
298 16586
298 16587
298 16588
298 16589
298 16591
298 16592
298 16593
298 16604
298 16605
298 16606
298 16607
298 16608
298 16609
298 16610
298 16611
298 16612
298 16613
298 16614
298 16615
298 16616
298 16617
298 16618
298 16619
298 16620
298 16621
298 16622
298 16623
298 16624
298 16625
298 16626
298 16627
298 16628
298 16629
298 16630
298 16631
298 16632
298 16633
298 16634
298 16635
298 16636
298 16637
298 16638
298 16639
298 16640
298 16641
298 16642
298 16643
298 16644
298 16645
298 16646
298 16647
298 16648
298 16649
298 16650
298 16651
298 16652
298 16653
298 16678
298 16679
298 16680
298 16681
298 16682
298 16683
298 16684
298 16685
298 16686
298 16687
298 16688
298 16689
298 16690
298 16691
298 16692
298 16693
298 16694
298 16695
298 16696
298 16697
298 16698
298 16699
298 16700
298 16701
298 16702
298 16703
298 16704
298 16705
298 16706
298 16707
298 16708
298 16709
298 16710
298 16711
298 16712
298 16713
298 16714
298 16715
298 16716
298 16717
298 16718
298 16719
298 16720
298 16721
298 16722
298 16723
298 16724
298 16725
298 16726
298 16727
298 16729
298 16730
298 16731
298 16732
298 16733
298 16734
298 16735
298 16736
298 16737
298 16738
298 16739
298 16740
298 16741
298 16742
298 16743
298 16744
298 16745
298 16746
298 16747
298 16748
298 16749
298 16750
298 16751
298 16752
298 16753
298 16754
298 16755
298 16756
298 16757
298 16758
298 16759
298 16760
298 16761
298 16762
298 16763
298 16764
298 16765
298 16766
298 16767
298 16768
298 16769
298 16770
298 16771
298 16772
298 16773
298 16774
298 16775
298 16776
298 16777
298 16778
298 16779
298 16780
298 16781
298 16782
298 16783
298 16784
298 16785
298 16786
298 16787
298 16788
298 16789
298 16790
298 16791
298 16792
298 16793
298 16794
298 16795
298 16796
298 16797
298 16798
298 16799
298 16800
298 16801
298 16802
298 16803
298 16804
298 16805
298 16806
298 16807
298 16808
298 16809
298 16810
298 16811
298 16812
298 16813
298 16814
298 16815
298 16816
298 16817
298 16818
298 16819
298 16820
298 16821
298 16822
298 16823
298 16824
298 16825
298 16826
298 16827
298 16828
298 16829
298 16830
298 16831
298 16877
298 16878
298 16879
298 16880
298 16881
298 16882
298 16883
298 16931
298 16932
298 16933
298 16934
298 16935
298 16936
298 16937
298 16938
298 16939
298 16940
298 16941
298 16942
298 16943
298 16944
298 16945
298 16946
298 16947
298 16948
298 16949
298 16950
298 16951
298 16952
298 16953
298 16954
298 16955
298 16956
298 16957
298 16958
298 16959
298 16960
298 16961
298 16962
298 16963
298 16964
298 16965
298 16966
298 16967
298 16968
298 16969
298 16970
298 16971
298 16972
298 16973
298 16974
298 16975
298 16976
298 16977
298 16978
299 3238
300 3294
301 3549
301 3564
301 3565
301 3568
301 3569
301 3572
301 3620
301 3659
301 3662
301 3667
301 3674
301 3676
301 3678
301 3706
301 3708
301 3710
301 3713
301 3715
301 3716
301 3719
301 3721
301 3724
301 3726
301 3728
301 3731
301 3736
301 3739
301 3749
301 3751
301 3753
301 3754
301 3759
301 3761
301 3764
301 3765
301 3766
301 3768
301 3769
301 3770
301 3789
301 3795
301 3807
301 3809
301 3930
301 3932
301 3934
301 4004
301 4005
301 4006
301 4007
301 4008
301 4009
301 4010
301 4011
301 4012
301 4019
301 4020
301 4030
301 4049
301 4095
301 4096
301 4097
301 4099
301 4100
301 4107
301 4108
301 4109
301 4110
301 4111
301 4112
301 4113
301 4114
301 4115
301 4118
301 4119
301 4120
301 4121
301 4122
301 4124
301 4125
301 4126
301 4127
301 4128
301 4129
301 4130
301 4131
301 4132
301 4133
301 4134
301 4135
301 4136
301 4137
301 4138
301 4139
301 4210
301 4214
301 4217
301 4218
301 4219
301 4220
301 4221
301 4222
301 4223
301 4224
301 4225
301 4227
301 4232
301 4233
301 4234
301 4235
301 4236
301 4237
301 4238
301 4239
301 4240
301 4241
301 4242
301 4243
301 4244
301 4245
301 4246
301 4247
301 4248
301 4249
301 4251
301 4252
301 4253
301 4254
301 4255
301 4256
301 4257
301 4258
301 4259
301 4260
301 4261
301 4262
301 4263
301 4264
301 4265
301 4266
301 4267
301 4268
301 4270
301 4271
301 4272
301 4273
301 4274
301 4275
301 4276
301 4277
301 4302
301 4303
301 4304
301 4305
301 4306
301 4307
301 4313
301 4315
301 4319
301 4320
301 4321
301 4322
301 4323
301 4324
301 4325
301 4326
301 4327
301 4328
301 4329
301 4330
301 4331
301 4332
301 4333
301 4334
301 4335
301 4337
301 4338
301 4339
301 4340
301 4341
301 4342
301 4343
301 4345
301 4346
301 4347
301 4348
301 4349
301 4350
301 4351
301 4352
301 4353
301 4354
301 4355
301 4356
301 4357
301 4358
301 4359
301 4363
301 4364
301 4365
301 4366
301 4367
301 4368
301 4369
301 4370
301 4371
301 4372
301 4373
301 4374
301 4375
301 4376
301 4377
301 4378
301 4379
301 4380
301 4381
301 4382
301 4383
301 4384
301 4385
301 4389
301 4390
301 4391
301 4392
301 4393
301 4396
301 4397
301 4398
301 4399
301 4400
301 4401
301 4402
301 4403
301 4404
301 4405
301 4406
301 4407
301 4408
301 4409
301 4410
301 4411
301 4412
301 4413
301 4414
301 4415
301 4416
301 4417
301 4418
301 4419
301 4420
301 4421
301 4422
301 4423
301 4424
301 4425
301 4426
301 4427
301 4428
301 4429
301 4430
301 4431
301 4435
301 4437
301 4438
301 4439
301 4440
301 4441
301 4442
301 4443
301 5726
301 6138
301 6244
301 6245
301 9949
301 9980
301 10066
301 10072
301 10077
301 10078
301 10079
301 10162
301 11002
301 11032
301 11296
301 13801
301 14290
301 15199
301 15208
301 15212
301 15215
301 15220
301 15221
301 15222
301 15223
301 15231
301 15232
301 15233
301 15234
301 15236
301 15239
301 15240
301 15242
301 15243
301 15244
301 15245
301 15247
301 15248
301 15249
301 15250
301 15251
301 15252
301 15254
301 15256
301 15257
301 15258
301 15260
301 15261
301 15262
301 15264
301 15266
301 15268
301 15272
301 15273
301 15275
301 15279
301 15280
301 15281
301 15282
301 15283
301 15284
301 15285
301 15289
301 15292
301 15293
301 15294
301 15296
301 15301
301 15303
301 15304
302 3606
303 3614
303 3615
303 18819
304 4002
304 4003
304 11515
304 11516
304 17413
304 17460
304 17461
304 17462
305 4152
305 4187
305 4463
305 4488
306 4841
307 5098
307 15370
307 15371
308 5224
308 15171
309 5238
309 13931
309 14113
309 15688
309 15689
309 17015
309 19648
310 5317
311 5361
311 5362
312 5363
313 5363
313 5742
313 5743
314 5439
315 5504
316 5742
316 5743
317 5927
317 5932
318 6006
319 6023
320 6705
321 7044
322 7154
322 7176
323 7337
323 15316
324 7770
325 8540
326 8624
327 8711
328 8824
329 9122
329 9123
330 9245
330 9246
330 9252
330 9259
330 9269
330 9272
330 9277
330 9283
330 9288
330 9292
330 9297
330 9303
330 9310
330 9317
330 9323
330 9329
330 9335
330 9342
330 9349
330 9355
330 9359
330 9365
330 9371
330 9375
330 9380
330 9386
330 9393
330 9399
330 9407
330 9414
330 9420
330 9427
330 9433
330 9439
330 9441
330 9450
330 9457
330 9464
330 9473
330 9480
330 9486
330 9493
330 9498
330 9503
330 9508
330 9513
330 9518
330 9525
330 9532
330 9538
330 9541
330 17590
330 17591
330 17592
331 9700
332 9791
333 9882
334 9961
335 9965
336 10258
336 10259
336 10260
336 10261
336 10262
336 10263
337 10452
337 10453
337 10519
337 10520
337 10521
337 10522
337 10523
337 10524
337 10525
337 10526
337 10527
337 10528
337 10529
337 10530
337 10531
337 10532
337 10533
337 10534
337 10535
337 10536
337 10537
337 10538
337 10539
337 10540
337 10541
337 10542
337 10543
337 10544
337 10545
337 10546
337 10547
337 10548
337 10549
337 10550
337 10551
337 10552
337 10553
337 10554
337 10555
337 10556
337 10557
337 10558
337 10559
337 10560
337 10561
337 10564
337 10565
337 10566
337 10567
337 10568
337 10569
337 10570
337 10571
337 10572
337 10573
337 10574
337 10575
337 10576
337 10577
337 10578
337 10579
337 10580
337 10581
337 10582
337 10583
337 10584
337 10585
337 10586
337 10587
337 10588
337 10589
337 10590
337 10604
337 10605
337 10606
337 10607
337 10608
337 10609
337 10610
337 10611
337 10612
337 10613
337 10614
337 10615
337 10616
337 10617
337 10618
337 10619
337 10620
337 10621
337 10622
337 10623
337 10624
337 10625
337 10626
337 10627
337 10628
337 10629
337 10630
337 10631
337 10632
337 10633
337 10634
337 10635
337 10636
337 10637
337 10638
337 10639
337 10640
337 10641
337 10642
337 10650
337 10651
337 10652
337 10653
337 10654
337 10655
337 10656
337 10657
337 10658
337 10659
337 10660
337 10661
337 10662
337 10663
337 10664
337 10665
337 10666
337 10667
337 10668
337 10669
337 10670
337 10671
337 10672
337 10673
337 10674
337 10675
337 10676
337 10677
337 10678
337 10679
337 10680
337 10681
337 10682
337 10683
337 10684
337 10685
337 10686
337 10687
337 10688
337 10689
337 10690
337 10691
337 10693
337 10694
337 10695
337 10696
337 10697
337 10698
337 10699
337 10700
337 10701
337 10702
337 10703
337 10704
337 10705
337 10706
337 10707
337 10708
337 10709
337 10710
337 10711
337 10712
337 10713
337 10714
337 10715
337 10716
337 10717
337 10718
337 10719
337 10720
337 10721
337 10722
337 10723
337 10724
337 10725
337 10726
337 10727
337 10728
337 10729
337 10730
337 10731
337 10732
337 10733
337 10734
337 10735
337 10736
337 10737
337 10738
338 10476
338 10477
338 10478
338 10479
338 10480
338 10481
338 10482
338 10483
338 10484
338 10485
338 10486
338 10487
338 10488
338 10489
338 10490
338 10491
338 10492
338 10493
338 10494
338 10495
338 10496
338 10497
338 10498
338 10502
338 10503
338 10504
338 10505
338 10506
338 10507
338 10508
338 10509
338 10510
338 10511
338 10512
338 10513
338 10514
338 10519
338 10520
338 10521
338 10522
338 10523
338 10524
338 10525
338 10526
338 10527
338 10528
338 10529
338 10530
338 10531
338 10532
338 10533
338 10534
338 10535
338 10536
338 10537
338 10538
338 10539
338 10540
338 10541
338 10542
338 10543
338 10544
338 10545
338 10546
338 10547
338 10548
338 10549
338 10550
338 10551
338 10552
338 10553
338 10554
338 10555
338 10556
338 10557
338 10558
338 10559
338 10560
338 10561
338 10562
338 10563
338 10564
338 10565
338 10566
338 10567
338 10568
338 10569
338 10570
338 10571
338 10572
338 10573
338 10574
338 10575
338 10576
338 10577
338 10578
338 10579
338 10580
338 10581
338 10582
338 10583
338 10584
338 10585
338 10586
338 10587
338 10588
338 10589
338 10590
338 10591
338 10592
338 10593
338 10594
338 10595
338 10596
338 10597
338 10598
338 10599
338 10600
338 10601
338 10602
338 10604
338 10605
338 10606
338 10607
338 10608
338 10609
338 10610
338 10611
338 10612
338 10613
338 10614
338 10615
338 10616
338 10617
338 10618
338 10619
338 10620
338 10621
338 10622
338 10623
338 10624
338 10625
338 10626
338 10627
338 10628
338 10629
338 10630
338 10631
338 10632
338 10633
338 10634
338 10635
338 10636
338 10637
338 10638
338 10639
338 10640
338 10641
338 10642
338 10643
338 10644
338 10645
338 10646
338 10647
338 10650
338 10651
338 10652
338 10653
338 10654
338 10655
338 10656
338 10657
338 10658
338 10659
338 10660
338 10661
338 10662
338 10663
338 10664
338 10665
338 10666
338 10667
338 10668
338 10669
338 10670
338 10671
338 10672
338 10673
338 10674
338 10675
338 10676
338 10677
338 10678
338 10679
338 10680
338 10681
338 10682
338 10683
338 10684
338 10685
338 10686
338 10687
338 10688
338 10689
338 10690
338 10691
339 10501
340 10515
341 10788
341 20552
342 10788
343 10827
344 10912
344 10913
345 10940
345 10992
345 10993
346 10996
346 11011
346 11030
347 11377
347 11380
348 12010
348 12011
348 12012
348 12013
349 12108
350 12130
351 12671
352 12671
352 18824
353 12725
353 13097
353 13119
353 13172
353 13212
354 12816
354 13176
354 13195
354 13201
354 13225
354 13230
354 13247
354 13248
354 13249
354 13250
354 13251
354 13252
354 13253
354 13288
354 13305
354 14254
354 14585
354 15155
354 17549
354 18002
354 18003
354 18004
354 18039
354 18040
354 18041
354 18042
354 18043
354 18044
354 18045
354 18046
354 18047
354 18048
354 18049
354 18050
354 18051
354 18052
354 18711
355 13125
356 13176
356 13195
356 13201
356 13225
356 13230
356 13247
356 13248
356 13249
356 13250
356 13251
356 13252
356 13253
356 13288
356 13305
356 18593
356 18594
356 18595
356 18596
356 18597
356 18598
356 18599
356 18600
356 18601
356 18602
356 18603
356 18604
356 18605
356 18606
357 13339
358 13355
359 13368
360 13370
361 13419
362 13863
362 14112
363 13875
364 13876
365 14066
365 14067
365 14068
365 14069
365 14070
365 14071
365 14072
365 14073
365 14074
365 14075
365 14076
365 14077
365 14078
365 14079
365 14080
365 14081
365 14082
365 14083
365 14084
365 14085
365 14086
365 14087
365 14088
365 14089
365 14090
365 14091
365 14092
365 14093
365 14094
365 14095
365 14096
365 14097
365 14098
365 14099
365 14100
365 14101
365 14102
365 14103
365 15176
365 15177
365 15178
365 15179
365 15180
365 15181
365 15182
365 15186
365 15187
365 15188
365 15189
366 14157
366 14585
367 14159
367 14160
368 14420
368 14421
368 14566
368 16927
368 16979
368 16980
368 17011
368 17012
368 17013
368 17014
369 14436
370 14711
371 14713
371 14736
371 15128
372 14967
373 15001
374 15027
375 15045
376 15148
376 15150
377 15151
378 15156
378 15169
378 15170
378 15639
378 15640
379 15157
380 15169
380 15170
381 15169
381 15170
381 15637
381 15638
382 15174
383 15183
384 15184
385 15185
386 15185
386 15368
387 15312
388 15314
389 15320
390 15321
390 15322
391 15324
392 15369
393 15372
394 15373
395 15376
396 15378
396 15379
396 15380
396 15383
396 15447
396 15448
396 18816
396 18817
396 19493
397 15385
398 15419
398 15420
399 15443
399 18681
400 15516
400 15583
401 15658
402 15756
403 17042
403 18762
404 17116
404 18000
405 17289
406 17412
406 18033
406 18034
406 18035
406 18036
406 18037
406 18038
406 18053
406 18054
406 18069
406 18073
406 18076
406 18077
406 18078
407 17441
407 17493
407 17494
407 17495
407 17496
407 17497
407 17498
407 17499
408 17463
409 17464
410 17479
411 17516
412 17637
413 19105
414 20553
414 20554
414 20555
414 20556
414 20557
414 20558
414 20559
414 20560
414 20561
414 20563
414 20564
414 20565
414 20566
414 20567
414 20568
414 20569
414 20570
414 20571
414 20572
414 20573
414 20574
414 20575
414 20576
414 20577
414 20578
414 20579
414 20580
414 20581
414 20584
414 20591
414 20592
414 20593
414 20594
414 20595
414 20596
414 20597
414 20613
414 20614
414 20615
414 20616
414 20617
414 20618
414 20619
414 20620
414 20621
414 20622
414 20623
414 20624
414 20625
414 20626
414 20627
414 20628
414 20629
414 20745
414 20806
414 20816
2 3 4 5 6 7 8 9 10 11 12 13 14 15 16 17 18 19 20 21 22 23 24 25 26 27 28 29 30 31 32 33 34 35 36 37 38 39 40 41 42 43 44 45 46 47 48 49 50 51 52 53 54 55 56 57 58 59 60 61 62 63 64 65 66 67 68 69 70 71 72 73 74 75 76 77 78 79 80 81 82 83 84 85 86 87 88 89 90 91 92 93 94 95 96 97 98 99 100 101 102 103 104 105 106 107 108 109 110 111 112 113 114 115 116 117 118 119 120 121 122 123 124 125 126 127 128 129 130 131 132 133 134 135 136 137 138 139 140 141 142 143 144 145 146 147 148 149 150 151 152 153 154 155 156 157 158 159 160 161 162 163 164 165 166 167 168 169 170 171 172 173 174 175 176 177 178 179 180 181 182 183 184 185 186 187 188 189 190 191 192 193 194 195 196 197 198 199 200 1 2 3 4 5 6 7 8 9 10 11 12 13 14 15 16 17 18 19 20 21 22 23 24 25 26 27 28 29 30 31 32 33 34 35 36 37 38 39 40 41 42 43 44 45 46 47 48 49 50 51 52 53 54 55 56 57 58 59 60 61 62 63 64 65 66 67 68 69 70 71 72 73 74 75 76 77 78 79 80 81 82 83 84 85 86 87 88 89 90 91 92 93 94 95 96 97 98 99 100 101 102 103 104 105 106 107 108 109 110 111 112 113 114 115 116 117 118 119 120 121 122 123 124 125 126 127 128 129 130 131 132 133 134 135 136 137 138 139 140 141 142 143 144 145 146 147 148 149 150 151 152 153 154 155 156 157 158 159 160 161 162 163 164 165 166 167 168 169 170 171 172 173 174 175 176 177 178 179 180 181 182 183 184 185 186 187 188 189 190 191 192 193 194 195 196 197 198 199 200 1 2 3 4 5 6 7 8 9 10 11 12 13 14 15 
2 3 4 5 6 7 8 9 10 11 12 13 14 15 16 17 18 19 20 21 22 23 24 25 26 27 28 29 30 31 32 33 34 35 36 37 38 39 40 41 42 43 44 45 46 47 48 49 50 51 52 53 54 55 56 57 58 59 60 61 62 63 64 65 66 67 68 69 70 71 72 73 74 75 76 77 78 79 80 81 82 83 84 85 86 87 88 89 90 91 92 93 94 95 96 97 98 99 100 101 102 103 104 105 106 107 108 109 110 111 112 113 114 115 116 117 118 119 120 121 122 123 124 125 126 127 128 129 130 131 132 133 134 135 136 137 138 139 140 141 142 143 144 145 146 147 148 149 150 151 152 153 154 155 156 157 158 159 160 161 162 163 164 165 166 167 168 169 170 171 172 173 174 175 176 177 178 179 180 181 182 183 184 185 186 187 188 189 190 191 192 193 194 195 196 197 198 199 200 1 2 3 4 5 6 7 8 9 10 11 12 13 14 15 16 17 18 19 20 21 22 23 24 25 26 27 28 29 30 31 32 33 34 35 36 37 38 39 40 41 42 43 44 45 46 47 48 49 50 51 52 53 54 55 56 57 58 59 60 61 62 63 64 65 66 67 68 69 70 71 72 73 74 75 76 77 78 79 80 81 82 83 84 85 86 87 88 89 90 91 92 93 94 95 96 97 98 99 100 101 102 103 104 105 106 107 108 109 110 111 112 113 114 115 116 117 118 119 120 121 122 123 124 125 126 127 128 129 130 131 132 133 134 135 136 137 138 139 140 141 142 143 144 145 146 147 148 149 150 151 152 153 154 155 156 157 158 159 160 161 162 163 164 165 166 167 168 169 170 171 172 173 174 175 176 177 178 179 180 181 182 183 184 185 186 187 188 189 190 191 192 193 194 195 196 197 198 199 200 1 2 3 4 5 6 7 8 9 10 11 12 13 14 15 16 17 18 19 20 21 22 23 24 25 26 27 28 29 30 31 32 33 34 35 36 37 38 39 40 41 42 43 44 45 46 47 48 49 50 51 52 53 54 55 56 57 58 59 60 61 62 63 64 65 66 67 68 69 70 71 72 73 74 75 76 77 78 79 80 81 82 83 84 85 86 87 88 89 90 91 92 93 94 95 96 97 98 99 100 101 102 103 104 105 106 107 108 109 110 111 112 113 114 115 116 117 118 119 120 121 122 123 124 125 126 127 128 129 130 131 132 133 134 135 136 137 138 139 140 141 142 143 144 145 146 147 148 149 150 151 152 153 154 155 156 157 158 159 160 161 162 163 164 165 166 167 168 169 170 171 172 173 174 175 176 177 178 179 180 181 182 183 184 185 186 187 188 189 190 191 192 193 194 195 196 197 198 199 200 1 2 3 4 5 6 7 8 9 10 11 12 13 14 15 16 17 18 19 20 21 22 23 24 25 26 27 28 29 30 31 32 33 34 35 36 37 38 39 40 41 42 43 44 45 46 47 48 49 50 51 52 53 54 55 56 57 58 59 60 61 62 63 64 65 66 67 68 69 70 71 72 73 74 75 76 77 78 79 80 81 82 83 84 85 86 87 88 89 90 91 92 93 94 95 96 97 98 99 100 101 102 103 104 105 106 107 108 109 110 111 112 113 114 115 116 117 118 119 120 121 122 123 124 125 126 127 128 129 130 131 132 133 134 135 136 137 138 139 140 141 142 143 144 145 146 147 148 149 150 151 152 153 154 155 156 157 158 159 160 161 162 163 164 165 166 167 168 169 170 171 172 173 174 175 176 177 178 179 180 181 182 183 184 185 186 187 188 189 190 191 192 193 194 195 196 197 198 199 200 1 2 3 4 5 6 7 8 9 10 11 12 13 14 15 16 17 18 19 20 21 22 23 24 25 26 27 28 29 30 31 32 33 34 35 36 37 38 39 40 41 42 43 44 45 46 47 48 49 50 51 52 53 54 55 56 57 58 59 60 61 62 63 64 65 66 67 68 69 70 71 72 73 74 75 76 77 78 79 80 81 82 83 84 85 86 87 88 89 90 91 92 93 94 95 96 97 98 99 100 101 102 103 104 105 106 107 108 109 110 111 112 113 114 115 116 117 118 119 120 121 122 123 124 125 126 127 128 129 130 131 132 133 134 135 136 137 138 139 140 141 142 143 144 145 146 147 148 149 150 151 152 153 154 155 156 157 158 159 160 161 162 163 164 165 166 167 168 169 170 171 172 173 174 175 176 177 178 179 180 181 182 183 184 185 186 187 188 189 190 191 192 193 194 195 196 197 198 199 200 1 2 3 4 5 6 7 8 9 10 11 12 13 14 15 16 17 18 19 20 21 22 23 24 25 26 27 28 29 30 31 32 33 34 35 36 37 38 39 40 41 42 43 44 45 46 47 48 49 50 51 52 53 54 55 56 57 58 59 60 61 62 63 64 65 66 67 68 69 70 71 72 73 74 75 76 77 78 79 80 81 82 83 84 85 86 87 88 89 90 91 92 93 94 95 96 97 98 99 100 101 102 103 104 105 106 107 108 109 110 111 112 113 114 115 116 117 118 119 120 121 122 123 124 125 126 127 128 129 130 131 132 133 134 135 136 137 138 139 140 141 142 143 144 145 146 147 148 149 150 151 152 153 154 155 156 157 158 159 160 161 162 163 164 165 166 167 168 169 170 171 172 173 174 175 176 177 178 179 180 181 182 183 184 185 186 187 188 189 190 191 192 193 194 195 196 197 198 199 200 1 2 3 4 5 6 7 8 9 10 11 12 13 14 15 16 17 18 19 20 21 22 23 24 25 26 27 28 29 30 31 32 33 34 35 36 37 38 39 40 41 42 43 44 45 46 47 48 49 50 51 52 53 54 55 56 57 58 59 60 61 62 63 64 65 66 67 68 69 70 71 72 73 74 75 76 77 78 79 80 81 82 83 84 85 86 87 88 89 90 91 92 93 94 95 96 97 98 99 100 101 102 103 104 105 106 107 108 109 110 111 112 113 114 115 116 117 118 119 120 121 122 123 124 125 126 127 128 129 130 131 132 133 134 135 136 137 138 139 140 141 142 143 144 145 146 147 148 149 150 151 152 153 154 155 156 157 158 159 160 161 162 163 164 165 166 167 168 169 170 171 172 173 174 175 176 177 178 179 180 181 182 183 184 185 186 187 188 189 190 191 192 193 194 195 196 197 198 199 200 1 2 3 4 5 6 7 8 9 10 11 12 13 14 15 16 17 18 19 20 21 22 23 24 25 26 27 28 29 30 31 32 33 34 35 36 37 38 39 40 41 42 43 44 45 46 47 48 49 50 51 52 53 54 55 56 57 58 59 60 61 62 63 64 65 66 67 68 69 70 71 72 73 74 75 76 77 78 79 80 81 82 83 84 85 86 87 88 89 90 91 92 93 94 95 96 97 98 99 100 101 102 103 104 105 106 107 108 109 110 111 112 113 114 115 116 117 118 119 120 121 122 123 124 125 126 127 128 129 130 131 132 133 134 135 136 137 138 139 140 141 142 143 144 145 146 147 148 149 150 151 152 153 154 155 156 157 158 159 160 161 162 163 164 165 166 167 168 169 170 171 172 173 174 175 176 177 178 179 180 181 182 183 184 185 186 187 188 189 190 191 192 193 194 195 196 197 198 199 200 1 2 3 4 5 6 7 8 9 10 11 12 13 14 15 16 17 18 19 20 21 22 23 24 25 26 27 28 29 30 31 32 33 34 35 36 37 38 39 40 41 42 43 44 45 46 47 48 49 50 51 52 53 54 55 56 57 58 59 60 61 62 63 64 65 66 67 68 69 70 71 72 73 74 75 76 77 78 79 80 81 82 83 84 85 86 87 88 89 90 91 92 93 94 95 96 97 98 99 100 101 102 103 104 105 106 107 108 109 110 111 112 113 114 115 116 117 118 119 120 121 122 123 124 125 126 127 128 129 130 131 132 133 134 135 136 137 138 139 140 141 142 143 144 145 146 147 148 149 150 151 152 153 154 155 156 157 158 159 160 161 162 163 164 165 166 167 168 169 170 171 172 173 174 175 176 177 178 179 180 181 182 183 184 185 186 187 188 189 190 191 192 193 194 195 196 197 198 199 200 1 2 3 4 5 6 7 8 9 10 11 12 13 14 15 16 17 18 19 20 21 22 23 24 25 26 27 28 29 30 31 32 33 34 35 36 37 38 39 40 41 42 43 44 45 46 47 48 49 50 51 52 53 54 55 56 57 58 59 60 61 62 63 64 65 66 67 68 69 70 71 72 73 74 75 76 77 78 79 80 81 82 83 84 85 86 87 88 89 90 91 92 93 94 95 96 97 98 99 100 101 102 103 104 105 106 107 108 109 110 111 112 113 114 115 116 117 118 119 120 121 122 123 124 125 126 127 128 129 130 131 132 133 134 135 136 137 138 139 140 141 142 143 144 145 146 147 148 149 150 151 152 153 154 155 156 157 158 159 160 161 162 163 164 165 166 167 168 169 170 171 172 173 174 175 176 177 178 179 180 181 182 183 184 185 186 187 188 189 190 191 192 193 194 195 196 197 198 199 200 1 2 3 4 5 6 7 8 9 10 11 12 13 14 15 16 17 18 19 20 21 22 23 24 25 26 27 28 29 30 31 32 33 34 35 36 37 38 39 40 41 42 43 44 45 46 47 48 49 50 51 52 53 54 55 56 57 58 59 60 61 62 63 64 65 66 67 68 69 70 71 72 73 74 75 76 77 78 79 80 81 82 83 84 85 86 87 88 89 90 91 92 93 94 95 96 97 98 99 100 101 102 103 104 105 106 107 108 109 110 111 112 113 114 115 116 117 118 119 120 121 122 123 124 125 126 127 128 129 130 131 132 133 134 135 136 137 138 139 140 141 142 143 144 145 146 147 148 149 150 151 152 153 154 155 156 157 158 159 160 161 162 163 164 165 166 167 168 169 170 171 172 173 174 175 176 177 178 179 180 181 182 183 184 185 186 187 188 189 190 191 192 193 194 195 196 197 198 199 200 1 2 3 4 5 6 7 8 9 10 11 12 13 14 15 16 17 18 19 20 21 22 23 24 25 26 27 28 29 30 31 32 33 34 35 36 37 38 39 40 41 42 43 44 45 46 47 48 49 50 51 52 53 54 55 56 57 58 59 60 61 62 63 64 65 66 67 68 69 70 71 72 73 74 75 76 77 78 79 80 81 82 83 84 85 86 87 88 89 90 91 92 93 94 95 96 97 98 99 100 101 102 103 104 105 106 107 108 109 110 111 112 113 114 115 116 117 118 119 120 121 122 123 124 125 126 127 128 129 130 131 132 133 134 135 136 137 138 139 140 141 142 143 144 145 146 147 148 149 150 151 152 153 154 155 156 157 158 159 160 161 162 163 164 165 166 167 168 169 170 171 172 173 174 175 176 177 178 179 180 181 182 183 184 185 186 187 188 189 190 191 192 193 194 195 196 197 198 199 200 1 2 3 4 5 6 7 8 9 10 11 12 13 14 15 16 17 18 19 20 21 22 23 24 25 26 27 28 29 30 31 32 33 34 35 36 37 38 39 40 41 42 43 44 45 46 47 48 49 50 51 52 53 54 55 56 57 58 59 60 61 62 63 64 65 66 67 68 69 70 71 72 73 74 75 76 77 78 79 80 81 82 83 84 85 86 87 88 89 90 91 92 93 94 95 96 97 98 99 100 101 102 103 104 105 106 107 108 109 110 111 112 113 114 115 116 117 118 119 120 121 122 123 124 125 126 127 128 129 130 131 132 133 134 135 136 137 138 139 140 141 142 143 144 145 146 147 148 149 150 151 152 153 154 155 156 157 158 159 160 161 162 163 164 165 166 167 168 169 170 171 172 173 174 175 176 177 178 179 180 181 182 183 184 185 186 187 188 189 190 191 192 193 194 195 196 197 198 199 200 1 2 3 4 5 6 7 8 9 10 11 12 13 14 15 16 17 18 19 20 21 22 23 24 25 26 27 28 29 30 31 32 33 34 35 36 37 38 39 40 41 42 43 44 45 46 47 48 49 50 51 52 53 54 55 56 57 58 59 60 61 62 63 64 65 66 67 68 69 70 71 72 73 74 75 76 77 78 79 80 81 82 83 84 85 86 87 88 89 90 91 92 93 94 95 96 97 98 99 100 101 102 103 104 105 106 107 108 109 110 111 112 113 114 115 116 117 118 119 120 121 122 123 124 125 126 127 128 129 130 131 132 133 134 135 136 137 138 139 140 141 142 143 144 145 146 147 148 149 150 151 152 153 154 155 156 157 158 159 160 161 162 163 164 165 166 167 168 169 170 171 172 173 174 175 176 177 178 179 180 181 182 183 184 185 186 187 188 189 190 191 192 193 194 195 196 197 198 199 200 1 2 3 4 5 6 7 8 9 10 11 12 13 14 15 16 17 18 19 20 21 22 23 24 25 26 27 28 29 30 31 32 33 34 35 36 37 38 39 40 41 42 43 44 45 46 47 48 49 50 51 52 53 54 55 56 57 58 59 60 61 62 63 64 65 66 67 68 69 70 71 72 73 74 75 76 77 78 79 80 81 82 83 84 85 86 87 88 89 90 91 92 93 94 95 96 97 98 99 100 101 102 103 104 105 106 107 108 109 110 111 112 113 114 115 116 117 118 119 120 121 122 123 124 125 126 127 128 129 130 131 132 133 134 135 136 137 138 139 140 141 142 143 144 145 146 147 148 149 150 151 152 153 154 155 156 157 158 159 160 161 162 163 164 165 166 167 168 169 170 171 172 173 174 175 176 177 178 179 180 181 182 183 184 185 186 187 188 189 190 191 192 193 194 195 196 197 198 199 200 1 2 3 4 5 6 7 8 9 10 11 12 13 14 15 16 17 18 19 20 21 22 23 24 25 26 27 28 29 30 31 32 33 34 35 36 37 38 39 40 41 42 43 44 45 46 47 48 49 50 51 52 53 54 55 56 57 58 59 60 61 62 63 64 65 66 67 68 69 70 71 72 73 74 75 76 77 78 79 80 81 82 83 84 85 86 87 88 89 90 91 92 93 94 95 96 97 98 99 100 101 102 103 104 105 106 107 108 109 110 111 112 113 114 115 116 117 118 119 120 121 122 123 124 125 126 127 128 129 130 131 132 133 134 135 136 137 138 139 140 141 142 143 144 145 146 147 148 149 150 151 152 153 154 155 156 157 158 159 160 161 162 163 164 165 166 167 168 169 170 171 172 173 174 175 176 177 178 179 180 181 182 183 184 185 186 187 188 189 190 191 192 193 194 195 196 197 198 199 200 1 2 3 4 5 6 7 8 9 10 11 12 13 14 15 16 17 18 19 20 21 22 23 24 25 26 27 28 29 30 31 32 33 34 35 36 37 38 39 40 41 42 43 44 45 46 47 48 49 50 51 52 53 54 55 56 57 58 59 60 61 62 63 64 65 66 67 68 69 70 71 72 73 74 75 76 77 78 79 80 81 82 83 84 85 86 87 88 89 90 91 92 93 94 95 96 97 98 99 100 101 102 103 104 105 106 107 108 109 110 111 112 113 114 115 116 117 118 119 120 121 122 123 124 125 126 127 128 129 130 131 132 133 134 135 136 137 138 139 140 141 142 143 144 145 146 147 148 149 150 151 152 153 154 155 156 157 158 159 160 161 162 163 164 165 166 167 168 169 170 171 172 173 174 175 176 177 178 179 180 181 182 183 184 185 186 187 188 189 190 191 192 193 194 195 196 197 198 199 200 1 2 3 4 5 6 7 8 9 10 11 12 13 14 15 16 17 18 19 20 21 22 23 24 25 26 27 28 29 30 31 32 33 34 35 36 37 38 39 40 41 42 43 44 45 46 47 48 49 50 51 52 53 54 55 56 57 58 59 60 61 62 63 64 65 66 67 68 69 70 71 72 73 74 75 76 77 78 79 80 81 82 83 84 85 86 87 88 89 90 91 92 93 94 95 96 97 98 99 100 101 102 103 104 105 106 107 108 109 110 111 112 113 114 115 116 117 118 119 120 121 122 123 124 125 126 127 128 129 130 131 132 133 134 135 136 137 138 139 140 141 142 143 144 145 146 147 148 149 150 151 152 153 154 155 156 157 158 159 160 161 162 163 164 165 166 167 168 169 170 171 172 173 174 175 176 177 178 179 180 181 182 183 184 185 186 187 188 189 190 191 192 193 194 195 196 197 198 199 200 1 2 3 4 5 6 7 8 9 10 11 12 13 14 15 16 17 18 19 20 21 22 23 24 25 26 27 28 29 30 31 32 33 34 35 36 37 38 39 40 41 42 43 44 45 46 47 48 49 50 51 52 53 54 55 56 57 58 59 60 61 62 63 64 65 66 67 68 69 70 71 72 73 74 75 76 77 78 79 80 81 82 83 84 85 86 87 88 89 90 91 92 93 94 95 96 97 98 99 100 101 102 103 104 105 106 107 108 109 110 111 112 113 114 115 116 117 118 119 120 121 122 123 124 125 126 127 128 129 130 131 132 133 134 135 136 137 138 139 140 141 142 143 144 145 146 147 148 149 150 151 152 153 154 155 156 157 158 159 160 161 162 163 164 165 166 167 168 169 170 171 172 173 174 175 176 177 178 179 180 181 182 183 184 185 186 187 188 189 190 191 192 193 194 195 196 197 198 199 200 1 2 3 4 5 6 7 8 9 10 11 12 13 14 15 16 17 18 19 20 21 22 23 24 25 26 27 28 29 30 31 32 33 34 35 36 37 38 39 40 41 42 43 44 45 46 47 48 49 50 51 52 53 54 55 56 57 58 59 60 61 62 63 64 65 66 67 68 69 70 71 72 73 74 75 76 77 78 79 80 81 82 83 84 85 86 87 88 89 90 91 92 93 94 95 96 97 98 99 100 101 102 103 104 105 106 107 108 109 110 111 112 113 114 115 116 117 118 119 120 121 122 123 124 125 126 127 128 129 130 131 132 133 134 135 136 137 138 139 140 141 142 143 144 145 146 147 148 149 150 151 152 153 154 155 156 157 158 159 160 161 162 163 164 165 166 167 168 169 170 171 172 173 174 175 176 177 178 179 180 181 182 183 184 185 186 187 188 189 190 191 192 193 194 195 196 197 198 199 200 1 2 3 4 5 6 7 8 9 10 11 12 13 14 15 16 17 18 19 20 21 22 23 24 25 26 27 28 29 30 31 32 33 34 35 36 37 38 39 40 41 42 43 44 45 46 47 48 49 50 51 52 53 54 55 56 57 58 59 60 61 62 63 64 65 66 67 68 69 70 71 72 73 74 75 76 77 78 79 80 81 82 83 84 85 86 87 88 89 90 91 92 93 94 95 96 97 98 99 100 101 102 103 104 105 106 107 108 109 110 111 112 113 114 115 116 117 118 119 120 121 122 123 124 125 126 127 128 129 130 131 132 133 134 135 136 137 138 139 140 141 142 143 144 145 146 147 148 149 150 151 152 153 154 155 156 157 158 159 160 161 162 163 164 165 166 167 168 169 170 171 172 173 174 175 176 177 178 179 180 181 182 183 184 185 186 187 188 189 190 191 192 193 194 195 196 197 198 199 200 1 2 3 4 5 6 7 8 9 10 11 12 13 14 15 16 17 18 19 20 21 22 23 24 25 26 27 28 29 30 31 32 33 34 35 36 37 38 39 40 41 42 43 44 45 46 47 48 49 50 51 52 53 54 55 56 57 58 59 60 61 62 63 64 65 66 67 68 69 70 71 72 73 74 75 76 77 78 79 80 81 82 83 84 85 86 87 88 89 90 91 92 93 94 95 96 97 98 99 100 101 102 103 104 105 106 107 108 109 110 111 112 113 114 115 116 117 118 119 120 121 122 123 124 125 126 127 128 129 130 131 132 133 134 135 136 137 138 139 140 141 142 143 144 145 146 147 148 149 150 151 152 153 154 155 156 157 158 159 160 161 162 163 164 165 166 167 168 169 170 171 172 173 174 175 176 177 178 179 180 181 182 183 184 185 186 187 188 189 190 191 192 193 194 195 196 197 198 199 200 1 2 3 4 5 6 7 8 9 10 11 12 13 14 15 16 17 18 19 20 21 22 23 24 25 26 27 28 29 30 31 32 33 34 35 36 37 38 39 40 41 42 43 44 45 46 47 48 49 50 51 52 53 54 55 56 57 58 59 60 61 62 63 64 65 66 67 68 69 70 71 72 73 74 75 76 77 78 79 80 81 82 83 84 85 86 87 88 89 90 91 92 93 94 95 96 97 98 99 100 101 102 103 104 105 106 107 108 109 110 111 112 113 114 115 116 117 118 119 120 121 122 123 124 125 126 127 128 129 130 131 132 133 134 135 136 137 138 139 140 141 142 143 144 145 146 147 148 149 150 151 152 153 154 155 156 157 158 159 160 161 162 163 164 165 166 167 168 169 170 171 172 173 174 175 176 177 178 179 180 181 182 183 184 185 186 187 188 189 190 191 192 193 194 195 196 197 198 199 200 1 2 3 4 5 6 7 8 9 10 11 12 13 14 15 16 17 18 19 20 21 22 23 24 25 26 27 28 29 30 31 32 33 34 35 36 37 38 39 40 41 42 43 44 45 46 47 48 49 50 51 52 53 54 55 56 57 58 59 60 61 62 63 64 65 66 67 68 69 70 71 72 73 74 75 76 77 78 79 80 81 82 83 84 85 86 87 88 89 90 91 92 93 94 95 96 97 98 99 100 101 102 103 104 105 106 107 108 109 110 111 112 113 114 115 116 117 118 119 120 121 122 123 124 125 126 127 128 129 130 131 132 133 134 135 136 137 138 139 140 141 142 143 144 145 146 147 148 149 150 151 152 153 154 155 156 157 158 159 160 161 162 163 164 165 166 167 168 169 170 171 172 173 174 175 176 177 178 179 180 181 182 183 184 185 186 187 188 189 190 191 192 193 194 195 196 197 198 199 200 1 2 3 4 5 6 7 8 9 10 11 12 13 14 15 16 17 18 19 20 21 22 23 24 25 26 27 28 29 30 31 32 33 34 35 36 37 38 39 40 41 42 43 44 45 46 47 48 49 50 51 52 53 54 55 56 57 58 59 60 61 62 63 64 65 66 67 68 69 70 71 72 73 74 75 76 77 78 79 80 81 82 83 84 85 86 87 88 89 90 91 92 93 94 95 96 97 98 99 100 101 102 103 104 105 106 107 108 109 110 111 112 113 114 115 116 117 118 119 120 121 122 123 124 125 126 127 128 129 130 131 132 133 134 135 136 137 138 139 140 141 142 143 144 145 146 147 148 149 150 151 152 153 154 155 156 157 158 159 160 161 162 163 164 165 166 167 168 169 170 171 172 173 174 175 176 177 178 179 180 181 182 183 184 185 186 187 188 189 190 191 192 193 194 195 196 197 198 199 200 1 2 3 4 5 6 7 8 9 10 11 12 13 14 15 16 17 18 19 20 21 22 23 24 25 26 27 28 29 30 31 32 33 34 35 36 37 38 39 40 41 42 43 44 45 46 47 48 49 50 51 52 53 54 55 56 57 58 59 60 61 62 63 64 65 66 67 68 69 70 71 72 73 74 75 76 77 78 79 80 81 82 83 84 85 86 87 88 89 90 91 92 93 94 95 96 97 98 99 100 101 102 103 104 105 106 107 108 109 110 111 112 113 114 115 116 117 118 119 120 121 122 123 124 125 126 127 128 129 130 131 132 133 134 135 136 137 138 139 140 141 142 143 144 145 146 147 148 149 150 151 152 153 154 155 156 157 158 159 160 161 162 163 164 165 166 167 168 169 170 171 172 173 174 175 176 177 178 179 180 181 182 183 184 185 186 187 188 189 190 191 192 193 194 195 196 197 198 199 200 1 2 3 4 5 6 7 8 9 10 11 12 13 14 15 16 17 18 19 20 21 22 23 24 25 26 27 28 29 30 31 32 33 34 35 36 37 38 39 40 41 42 43 44 45 46 47 48 49 50 51 52 53 54 55 56 57 58 59 60 61 62 63 64 65 66 67 68 69 70 71 72 73 74 75 76 77 78 79 80 81 82 83 84 85 86 87 88 89 90 91 92 93 94 95 96 97 98 99 100 101 102 103 104 105 106 107 108 109 110 111 112 113 114 115 116 117 118 119 120 121 122 123 124 125 126 127 128 129 130 131 132 133 134 135 136 137 138 139 140 141 142 143 144 145 146 147 148 149 150 151 152 153 154 155 156 157 158 159 160 161 162 163 164 165 166 167 168 169 170 171 172 173 174 175 176 177 178 179 180 181 182 183 184 185 186 187 188 189 190 191 192 193 194 195 196 197 198 199 200 1 2 3 4 5 6 7 8 9 10 11 12 13 14 15 16 17 18 19 20 21 22 23 24 25 26 27 28 29 30 31 32 33 34 35 36 37 38 39 40 41 42 43 44 45 46 47 48 49 50 51 52 53 54 55 56 57 58 59 60 61 62 63 64 65 66 67 68 69 70 71 72 73 74 75 76 77 78 79 80 81 82 83 84 85 86 87 88 89 90 91 92 93 94 95 96 97 98 99 100 101 102 103 104 105 106 107 108 109 110 111 112 113 114 115 116 117 118 119 120 121 122 123 124 125 126 127 128 129 130 131 132 133 134 135 136 137 138 139 140 141 142 143 144 145 146 147 148 149 150 151 152 153 154 155 156 157 158 159 160 161 162 163 164 165 166 167 168 169 170 171 172 173 174 175 176 177 178 179 180 181 182 183 184 185 186 187 188 189 190 191 192 193 194 195 196 197 198 199 200 1 2 3 4 5 6 7 8 9 10 11 12 13 14 15 16 17 18 19 20 21 22 23 24 25 26 27 28 29 30 31 32 33 34 35 36 37 38 39 40 41 42 43 44 45 46 47 48 49 50 51 52 53 54 55 56 57 58 59 60 61 62 63 64 65 66 67 68 69 70 71 72 73 74 75 76 77 78 79 80 81 82 83 84 85 86 87 88 89 90 91 92 93 94 95 96 97 98 99 100 101 102 103 104 105 106 107 108 109 110 111 112 113 114 115 116 117 118 119 120 121 122 123 124 125 126 127 128 129 130 131 132 133 134 135 136 137 138 139 140 141 142 143 144 145 146 147 148 149 150 151 152 153 154 155 156 157 158 159 160 161 162 163 164 165 166 167 168 169 170 171 172 173 174 175 176 177 178 179 180 181 182 183 184 185 186 187 188 189 190 191 192 193 194 195 196 197 198 199 200 1 2 3 4 5 6 7 8 9 10 11 12 13 14 15 16 17 18 19 20 21 22 23 24 25 26 27 28 29 30 31 32 33 34 35 36 37 38 39 40 41 42 43 44 45 46 47 48 49 50 51 52 53 54 55 56 57 58 59 60 61 62 63 64 65 66 67 68 69 70 71 72 73 74 75 76 77 78 79 80 81 82 83 84 85 86 87 88 89 90 91 92 93 94 95 96 97 98 99 100 101 102 103 104 105 106 107 108 109 110 111 112 113 114 115 116 117 118 119 120 121 122 123 124 125 126 127 128 129 130 131 132 133 134 135 136 137 138 139 140 141 142 143 144 145 146 147 148 149 150 151 152 153 154 155 156 157 158 159 160 161 162 163 164 165 166 167 168 169 170 171 172 173 174 175 176 177 178 179 180 181 182 183 184 185 186 187 188 189 190 191 192 193 194 195 196 197 198 199 200 1 2 3 4 5 6 7 8 9 10 11 12 13 14 15 16 17 18 19 20 21 22 23 24 25 26 27 28 29 30 31 32 33 34 35 36 37 38 39 40 41 42 43 44 45 46 47 48 49 50 51 52 53 54 55 56 57 58 59 60 61 62 63 64 65 66 67 68 69 70 71 72 73 74 75 76 77 78 79 80 81 82 83 84 85 86 87 88 89 90 91 92 93 94 95 96 97 98 99 100 101 102 103 104 105 106 107 108 109 110 111 112 113 114 115 116 117 118 119 120 121 122 123 124 125 126 127 128 129 130 131 132 133 134 135 136 137 138 139 140 141 142 143 144 145 146 147 148 149 150 151 152 153 154 155 156 157 158 159 160 161 162 163 164 165 166 167 168 169 170 171 172 173 174 175 176 177 178 179 180 181 182 183 184 185 186 187 188 189 190 191 192 193 194 195 196 197 198 199 200 1 2 3 4 5 6 7 8 9 10 11 12 13 14 15 16 17 18 19 20 21 22 23 24 25 26 27 28 29 30 31 32 33 34 35 36 37 38 39 40 41 42 43 44 45 46 47 48 49 50 51 52 53 54 55 56 57 58 59 60 61 62 63 64 65 66 67 68 69 70 71 72 73 74 75 76 77 78 79 80 81 82 83 84 85 86 87 88 89 90 91 92 93 94 95 96 97 98 99 100 101 102 103 104 105 106 107 108 109 110 111 112 113 114 115 116 117 118 119 120 121 122 123 124 125 126 127 128 129 130 131 132 133 134 135 136 137 138 139 140 141 142 143 144 145 146 147 148 149 150 151 152 153 154 155 156 157 158 159 160 161 162 163 164 165 166 167 168 169 170 171 172 173 174 175 176 177 178 179 180 181 182 183 184 185 186 187 188 189 190 191 192 193 194 195 196 197 198 199 200 1 2 3 4 5 6 7 8 9 10 11 12 13 14 15 16 17 18 19 20 21 22 23 24 25 26 27 28 29 30 31 32 33 34 35 36 37 38 39 40 41 42 43 44 45 46 47 48 49 50 51 52 53 54 55 56 57 58 59 60 61 62 63 64 65 66 67 68 69 70 71 72 73 74 75 76 77 78 79 80 81 82 83 84 85 86 87 88 89 90 91 92 93 94 95 96 97 98 99 100 101 102 103 104 105 106 107 108 109 110 111 112 113 114 115 116 117 118 119 120 121 122 123 124 125 126 127 128 129 130 131 132 133 134 135 136 137 138 139 140 141 142 143 144 145 146 147 148 149 150 151 152 153 154 155 156 157 158 159 160 161 162 163 164 165 166 167 168 169 170 171 172 173 174 175 176 177 178 179 180 181 182 183 184 185 186 187 188 189 190 191 192 193 194 195 196 197 198 199 200 1 2 3 4 5 6 7 8 9 10 11 12 13 14 15 16 17 18 19 20 21 22 23 24 25 26 27 28 29 30 31 32 33 34 35 36 37 38 39 40 41 42 43 44 45 46 47 48 49 50 51 52 53 54 55 56 57 58 59 60 61 62 63 64 65 66 67 68 69 70 71 72 73 74 75 76 77 78 79 80 81 82 83 84 85 86 87 88 89 90 91 92 93 94 95 96 97 98 99 100 101 102 103 104 105 106 107 108 109 110 111 112 113 114 115 116 117 118 119 120 121 122 123 124 125 126 127 128 129 130 131 132 133 134 135 136 137 138 139 140 141 142 143 144 145 146 147 148 149 150 151 152 153 154 155 156 157 158 159 160 161 162 163 164 165 166 167 168 169 170 171 172 173 174 175 176 177 178 179 180 181 182 183 184 185 186 187 188 189 190 191 192 193 194 195 196 197 198 199 200 1 2 3 4 5 6 7 8 9 10 11 12 13 14 15 16 17 18 19 20 21 22 23 24 25 26 27 28 29 30 31 32 33 34 35 36 37 38 39 40 41 42 43 44 45 46 47 48 49 50 51 52 53 54 55 56 57 58 59 60 61 62 63 64 65 66 67 68 69 70 71 72 73 74 75 76 77 78 79 80 81 82 83 84 85 86 87 88 89 90 91 92 93 94 95 96 97 98 99 100 101 102 103 104 105 106 107 108 109 110 111 112 113 114 115 116 117 118 119 120 121 122 123 124 125 126 127 128 129 130 131 132 133 134 135 136 137 138 139 140 141 142 143 144 145 146 147 148 149 150 151 152 153 154 155 156 157 158 159 160 161 162 163 164 165 166 167 168 169 170 171 172 173 174 175 176 177 178 179 180 181 182 183 184 185 186 187 188 189 190 191 192 193 194 195 196 197 198 199 200 1 2 3 4 5 6 7 8 9 10 11 12 13 14 15 16 17 18 19 20 21 22 23 24 25 26 27 28 29 30 31 32 33 34 35 36 37 38 39 40 41 42 43 44 45 46 47 48 49 50 51 52 53 54 55 56 57 58 59 60 61 62 63 64 65 66 67 68 69 70 71 72 73 74 75 76 77 78 79 80 81 82 83 84 85 86 87 88 89 90 91 92 93 94 95 96 97 98 99 100 101 102 103 104 105 106 107 108 109 110 111 112 113 114 115 116 117 118 119 120 121 122 123 124 125 126 127 128 129 130 131 132 133 134 135 136 137 138 139 140 141 142 143 144 145 146 147 148 149 150 151 152 153 154 155 156 157 158 159 160 161 162 163 164 165 166 167 168 169 170 171 172 173 174 175 176 177 178 179 180 181 182 183 184 185 186 187 188 189 190 191 192 193 194 195 196 197 198 199 200 1 2 3 4 5 6 7 8 9 10 11 12 13 14 15 16 17 18 19 20 21 22 23 24 25 26 27 28 29 30 31 32 33 34 35 36 37 38 39 40 41 42 43 44 45 46 47 48 49 50 51 52 53 54 55 56 57 58 59 60 61 62 63 64 65 66 67 68 69 70 71 72 73 74 75 76 77 78 79 80 81 82 83 84 85 86 87 88 89 90 91 92 93 94 95 96 97 98 99 100 101 102 103 104 105 106 107 108 109 110 111 112 113 114 115 116 117 118 119 120 121 122 123 124 125 126 127 128 129 130 131 132 133 134 135 136 137 138 139 140 141 142 143 144 145 146 147 148 149 150 151 152 153 154 155 156 157 158 159 160 161 162 163 164 165 166 167 168 169 170 171 172 173 174 175 176 177 178 179 180 181 182 183 184 185 186 187 188 189 190 191 192 193 194 195 196 197 198 199 200 1 2 3 4 5 6 7 8 9 10 11 12 13 14 15 16 17 18 19 20 21 22 23 24 25 26 27 28 29 30 31 32 33 34 35 36 37 38 39 40 41 42 43 44 45 46 47 48 49 50 51 52 53 54 55 56 57 58 59 60 61 62 63 64 65 66 67 68 69 70 71 72 73 74 75 76 77 78 79 80 81 82 83 84 85 86 87 88 89 90 91 92 93 94 95 96 97 98 99 100 101 102 103 104 105 106 107 108 109 110 111 112 113 114 115 116 117 118 119 120 121 122 123 124 125 126 127 128 129 130 131 132 133 134 135 136 137 138 139 140 141 142 143 144 145 146 147 148 149 150 151 152 153 154 155 156 157 158 159 160 161 162 163 164 165 166 167 168 169 170 171 172 173 174 175 176 177 178 179 180 181 182 183 184 185 186 187 188 189 190 191 192 193 194 195 196 197 198 199 200 1 2 3 4 5 6 7 8 9 10 11 12 13 14 15 16 17 18 19 20 21 22 23 24 25 26 27 28 29 30 31 32 33 34 35 36 37 38 39 40 41 42 43 44 45 46 47 48 49 50 51 52 53 54 55 56 57 58 59 60 61 62 63 64 65 66 67 68 69 70 71 72 73 74 75 76 77 78 79 80 81 82 83 84 85 86 87 88 89 90 91 92 93 94 95 96 97 98 99 100 101 102 103 104 105 106 107 108 109 110 111 112 113 114 115 116 117 118 119 120 121 122 123 124 125 126 127 128 129 130 131 132 133 134 135 136 137 138 139 140 141 142 143 144 145 146 147 148 149 150 151 152 153 154 155 156 157 158 159 160 161 162 163 164 165 166 167 168 169 170 171 172 173 174 175 176 177 178 179 180 181 182 183 184 185 186 187 188 189 190 191 192 193 194 195 196 197 198 199 200 1 2 3 4 5 6 7 8 9 10 11 12 13 14 15 16 17 18 19 20 21 22 23 24 25 26 27 28 29 30 31 32 33 34 35 36 37 38 39 40 41 42 43 44 45 46 47 48 49 50 51 52 53 54 55 56 57 58 59 60 61 62 63 64 65 66 67 68 69 70 71 72 73 74 75 76 77 78 79 80 81 82 83 84 85 86 87 88 89 90 91 92 93 94 95 96 97 98 99 100 101 102 103 104 105 106 107 108 109 110 111 112 113 114 115 116 117 118 119 120 121 122 123 124 125 126 127 128 129 130 131 132 133 134 135 136 137 138 139 140 141 142 143 144 145 146 147 148 149 150 151 152 153 154 155 156 157 158 159 160 161 162 163 164 165 166 167 168 169 170 171 172 173 174 175 176 177 178 179 180 181 182 183 184 185 186 187 188 189 190 191 192 193 194 195 196 197 198 199 200 1 2 3 4 5 6 7 8 9 10 11 12 13 14 15 16 17 18 19 20 21 22 23 24 25 26 27 28 29 30 31 32 33 34 35 36 37 38 39 40 41 42 43 44 45 46 47 48 49 50 51 52 53 54 55 56 57 58 59 60 61 62 63 64 65 66 67 68 69 70 71 72 73 74 75 76 77 78 79 80 81 82 83 84 85 86 87 88 89 90 91 92 93 94 95 96 97 98 99 100 101 102 103 104 105 106 107 108 109 110 111 112 113 114 115 116 117 118 119 120 121 122 123 124 125 126 127 128 129 130 131 132 133 134 135 136 137 138 139 140 141 142 143 144 145 146 147 148 149 150 151 152 153 154 155 156 157 158 159 160 161 162 163 164 165 166 167 168 169 170 171 172 173 174 175 176 177 178 179 180 181 182 183 184 185 186 187 188 189 190 191 192 193 194 195 196 197 198 199 200 1 2 3 4 5 6 7 8 9 10 11 12 13 14 15 16 17 18 19 20 21 22 23 24 25 26 27 28 29 30 31 32 33 34 35 36 37 38 39 40 41 42 43 44 45 46 47 48 49 50 51 52 53 54 55 56 57 58 59 60 61 62 63 64 65 66 67 68 69 70 71 72 73 74 75 76 77 78 79 80 81 82 83 84 85 86 87 88 89 90 91 92 93 94 95 96 97 98 99 100 101 102 103 104 105 106 107 108 109 110 111 112 113 114 115 116 117 118 119 120 121 122 123 124 125 126 127 128 129 130 131 132 133 134 135 136 137 138 139 140 141 142 143 144 145 146 147 148 149 150 151 152 153 154 155 156 157 158 159 160 161 162 163 164 165 166 167 168 169 170 171 172 173 174 175 176 177 178 179 180 181 182 183 184 185 186 187 188 189 190 191 192 193 194 195 196 197 198 199 200 1 2 3 4 5 6 7 8 9 10 11 12 13 14 15 16 17 18 19 20 21 22 23 24 25 26 27 28 29 30 31 32 33 34 35 36 37 38 39 40 41 42 43 44 45 46 47 48 49 50 51 52 53 54 55 56 57 58 59 60 61 62 63 64 65 66 67 68 69 70 71 72 73 74 75 76 77 78 79 80 81 82 83 84 85 86 87 88 89 90 91 92 93 94 95 96 97 98 99 100 101 102 103 104 105 106 107 108 109 110 111 112 113 114 115 116 117 118 119 120 121 122 123 124 125 126 127 128 129 130 131 132 133 134 135 136 137 138 139 140 141 142 143 144 145 146 147 148 149 150 151 152 153 154 155 156 157 158 159 160 161 162 163 164 165 166 167 168 169 170 171 172 173 174 175 176 177 178 179 180 181 182 183 184 185 186 187 188 189 190 191 192 193 194 195 196 197 198 199 200 1 2 3 4 5 6 7 8 9 10 11 12 13 14 15 16 17 18 19 20 21 22 23 24 25 26 27 28 29 30 31 32 33 34 35 36 37 38 39 40 41 42 43 44 45 46 47 48 49 50 51 52 53 54 55 56 57 58 59 60 61 62 63 64 65 66 67 68 69 70 71 72 73 74 75 76 77 78 79 80 81 82 83 84 85 86 87 88 89 90 91 92 93 94 95 96 97 98 99 100 101 102 103 104 105 106 107 108 109 110 111 112 113 114 115 116 117 118 119 120 121 122 123 124 125 126 127 128 129 130 131 132 133 134 135 136 137 138 139 140 141 142 143 144 145 146 147 148 149 150 151 152 153 154 155 156 157 158 159 160 161 162 163 164 165 166 167 168 169 170 171 172 173 174 175 176 177 178 179 180 181 182 183 184 185 186 187 188 189 190 191 192 193 194 195 196 197 198 199 200 1 2 3 4 5 6 7 8 9 10 11 12 13 14 15 16 17 18 19 20 21 22 23 24 25 26 27 28 29 30 31 32 33 34 35 36 37 38 39 40 41 42 43 44 45 46 47 48 49 50 51 52 53 54 55 56 57 58 59 60 61 62 63 64 65 66 67 68 69 70 71 72 73 74 75 76 77 78 79 80 81 82 83 84 85 86 87 88 89 90 91 92 93 94 95 96 97 98 99 100 101 102 103 104 105 106 107 108 109 110 111 112 113 114 115 116 117 118 119 120 121 122 123 124 125 126 127 128 129 130 131 132 133 134 135 136 137 138 139 140 141 142 143 144 145 146 147 148 149 150 151 152 153 154 155 156 157 158 159 160 161 162 163 164 165 166 167 168 169 170 171 172 173 174 175 176 177 178 179 180 181 182 183 184 185 186 187 188 189 190 191 192 193 194 195 196 197 198 199 200 1 2 3 4 5 6 7 8 9 10 11 12 13 14 15 16 17 18 19 20 21 22 23 24 25 26 27 28 29 30 31 32 33 34 35 36 37 38 39 40 41 42 43 44 45 46 47 48 49 50 51 52 53 54 55 56 57 58 59 60 61 62 63 64 65 66 67 68 69 70 71 72 73 74 75 76 77 78 79 80 81 82 83 84 85 86 87 88 89 90 91 92 93 94 95 96 97 98 99 100 101 102 103 104 105 106 107 108 109 110 111 112 113 114 115 116 117 118 119 120 121 122 123 124 125 126 127 128 129 130 131 132 133 134 135 136 137 138 139 140 141 142 143 144 145 146 147 148 149 150 151 152 153 154 155 156 157 158 159 160 161 162 163 164 165 166 167 168 169 170 171 172 173 174 175 176 177 178 179 180 181 182 183 184 185 186 187 188 189 190 191 192 193 194 195 196 197 198 199 200 1 2 3 4 5 6 7 8 9 10 11 12 13 14 15 16 17 18 19 20 21 22 23 24 25 26 27 28 29 30 31 32 33 34 35 36 37 38 39 40 41 42 43 44 45 46 47 48 49 50 51 52 53 54 55 56 57 58 59 60 61 62 63 64 65 66 67 68 69 70 71 72 73 74 75 76 77 78 79 80 81 82 83 84 85 86 87 88 89 90 91 92 93 94 95 96 97 98 99 100 101 102 103 104 105 106 107 108 109 110 111 112 113 114 115 116 117 118 119 120 121 122 123 124 125 126 127 128 129 130 131 132 133 134 135 136 137 138 139 140 141 142 143 144 145 146 147 148 149 150 151 152 153 154 155 156 157 158 159 160 161 162 163 164 165 166 167 168 169 170 171 172 173 174 175 176 177 178 179 180 181 182 183 184 185 186 187 188 189 190 191 192 193 194 195 196 197 198 199 200 1 2 3 4 5 6 7 8 9 10 11 12 13 14 15 16 17 18 19 20 21 22 23 24 25 26 27 28 29 30 31 32 33 34 35 36 37 38 39 40 41 42 43 44 45 46 47 48 49 50 51 52 53 54 55 56 57 58 59 60 61 62 63 64 65 66 67 68 69 70 71 72 73 74 75 76 77 78 79 80 81 82 83 84 85 86 87 88 89 90 91 92 93 94 95 96 97 98 99 100 101 102 103 104 105 106 107 108 109 110 111 112 113 114 115 116 117 118 119 120 121 122 123 124 125 126 127 128 129 130 131 132 133 134 135 136 137 138 139 140 141 142 143 144 145 146 147 148 149 150 151 152 153 154 155 156 157 158 159 160 161 162 163 164 165 166 167 168 169 170 171 172 173 174 175 176 177 178 179 180 181 182 183 184 185 186 187 188 189 190 191 192 193 194 195 196 197 198 199 200 1 2 3 4 5 6 7 8 9 10 11 12 13 14 15 16 17 18 19 20 21 22 23 24 25 26 27 28 29 30 31 32 33 34 35 36 37 38 39 40 41 42 43 44 45 46 47 48 49 50 51 52 53 54 55 56 57 58 59 60 61 62 63 64 65 66 67 68 69 70 71 72 73 74 75 76 77 78 79 80 81 82 83 84 85 86 87 88 89 90 91 92 93 94 95 96 97 98 99 100 101 102 103 104 105 106 107 108 109 110 111 112 113 114 115 116 117 118 119 120 121 122 123 124 125 126 127 128 129 130 131 132 133 134 135 136 137 138 139 140 141 142 143 144 145 146 147 148 149 150 151 152 153 154 155 156 157 158 159 160 161 162 163 164 165 166 167 168 169 170 171 172 173 174 175 176 177 178 179 180 181 182 183 184 185 186 187 188 189 190 191 192 193 194 195 196 197 198 199 200 1 2 3 4 5 6 7 8 9 10 11 12 13 14 15 16 17 18 19 20 21 22 23 24 25 26 27 28 29 30 31 32 33 34 35 36 37 38 39 40 41 42 43 44 45 46 47 48 49 50 51 52 53 54 55 56 57 58 59 60 61 62 63 64 65 66 67 68 69 70 71 72 73 74 75 76 77 78 79 80 81 82 83 84 85 86 87 88 89 90 91 92 93 94 95 96 97 98 99 100 101 102 103 104 105 106 107 108 109 110 111 112 113 114 115 116 117 118 119 120 121 122 123 124 125 126 127 128 129 130 131 132 133 134 135 136 137 138 139 140 141 142 143 144 145 146 147 148 149 150 151 152 153 154 155 156 157 158 159 160 161 162 163 164 165 166 167 168 169 170 171 172 173 174 175 176 177 178 179 180 181 182 183 184 185 186 187 188 189 190 191 192 193 194 195 196 197 198 199 200 1 2 3 4 5 6 7 8 9 10 11 12 13 14 15 16 17 18 19 20 21 22 23 24 25 26 27 28 29 30 31 32 33 34 35 36 37 38 39 40 41 42 43 44 45 46 47 48 49 50 51 52 53 54 55 56 57 58 59 60 61 62 63 64 65 66 67 68 69 70 71 72 73 74 75 76 77 78 79 80 81 82 83 84 85 86 87 88 89 90 91 92 93 94 95 96 97 98 99 100 101 102 103 104 105 106 107 108 109 110 111 112 113 114 115 116 117 118 119 120 121 122 123 124 125 126 127 128 129 130 131 132 133 134 135 136 137 138 139 140 141 142 143 144 145 146 147 148 149 150 151 152 153 154 155 156 157 158 159 160 161 162 163 164 165 166 167 168 169 170 171 172 173 174 175 176 177 178 179 180 181 182 183 184 185 186 187 188 189 190 191 192 193 194 195 196 197 198 199 200 1 2 3 4 5 6 7 8 9 10 11 12 13 14 15 16 17 18 19 20 21 22 23 24 25 26 27 28 29 30 31 32 33 34 35 36 37 38 39 40 41 42 43 44 45 46 47 48 49 50 51 52 53 54 55 56 57 58 59 60 61 62 63 64 65 66 67 68 69 70 71 72 73 74 75 76 77 78 79 80 81 82 83 84 85 86 87 88 89 90 91 92 93 94 95 96 97 98 99 100 101 102 103 104 105 106 107 108 109 110 111 112 113 114 115 116 117 118 119 120 121 122 123 124 125 126 127 128 129 130 131 132 133 134 135 136 137 138 139 140 141 142 143 144 145 146 147 148 149 150 151 152 153 154 155 156 157 158 159 160 161 162 163 164 165 166 167 168 169 170 171 172 173 174 175 176 177 178 179 180 181 182 183 184 185 186 187 188 189 190 191 192 193 194 195 196 197 198 199 200 1 2 3 4 5 6 7 8 9 10 11 12 13 14 15 16 17 18 19 20 21 22 23 24 25 26 27 28 29 30 31 32 33 34 35 36 37 38 39 40 41 42 43 44 45 46 47 48 49 50 51 52 53 54 55 56 57 58 59 60 61 62 63 64 65 66 67 68 69 70 71 72 73 74 75 76 77 78 79 80 81 82 83 84 85 86 87 88 89 90 91 92 93 94 95 96 97 98 99 100 101 102 103 104 105 106 107 108 109 110 111 112 113 114 115 116 117 118 119 120 121 122 123 124 125 126 127 128 129 130 131 132 133 134 135 136 137 138 139 140 141 142 143 144 145 146 147 148 149 150 151 152 153 154 155 156 157 158 159 160 161 162 163 164 165 166 167 168 169 170 171 172 173 174 175 176 177 178 179 180 181 182 183 184 185 186 187 188 189 190 191 192 193 194 195 196 197 198 199 200 1 2 3 4 5 6 7 8 9 10 11 12 13 14 15 16 17 18 19 20 21 22 23 24 25 26 27 28 29 30 31 32 33 34 35 36 37 38 39 40 41 42 43 44 45 46 47 48 49 50 51 52 53 54 55 56 57 58 59 60 61 62 63 64 65 66 67 68 69 70 71 72 73 74 75 76 77 78 79 80 81 82 83 84 85 86 87 88 89 90 91 92 93 94 95 96 97 98 99 100 101 102 103 104 105 106 107 108 109 110 111 112 113 114 115 116 117 118 119 120 121 122 123 124 125 126 127 128 129 130 131 132 133 134 135 136 137 138 139 140 141 142 143 144 145 146 147 148 149 150 151 152 153 154 155 156 157 158 159 160 161 162 163 164 165 166 167 168 169 170 171 172 173 174 175 176 177 178 179 180 181 182 183 184 185 186 187 188 189 190 191 192 193 194 195 196 197 198 199 200 1 2 3 4 5 6 7 8 9 10 11 12 13 14 15 16 17 18 19 20 21 22 23 24 25 26 27 28 29 30 31 32 33 34 35 36 37 38 39 40 41 42 43 44 45 46 47 48 49 50 51 52 53 54 55 56 57 58 59 60 61 62 63 64 65 66 67 68 69 70 71 72 73 74 75 76 77 78 79 80 81 82 83 84 85 86 87 88 89 90 91 92 93 94 95 96 97 98 99 100 101 102 103 104 105 106 107 108 109 110 111 112 113 114 115 116 117 118 119 120 121 122 123 124 125 126 127 128 129 130 131 132 133 134 135 136 137 138 139 140 141 142 143 144 145 146 147 148 149 150 151 152 153 154 155 156 157 158 159 160 161 162 163 164 165 166 167 168 169 170 171 172 173 174 175 176 177 178 179 180 181 182 183 184 185 186 187 188 189 190 191 192 193 194 195 196 197 198 199 200 1 2 3 4 5 6 7 8 9 10 11 12 13 14 15 16 17 18 19 20 21 22 23 24 25 26 27 28 29 30 31 32 33 34 35 36 37 38 39 40 41 42 43 44 45 46 47 48 49 50 51 52 53 54 55 56 57 58 59 60 61 62 63 64 65 66 67 68 69 70 71 72 73 74 75 76 77 78 79 80 81 82 83 84 85 86 87 88 89 90 91 92 93 94 95 96 97 98 99 100 101 102 103 104 105 106 107 108 109 110 111 112 113 114 115 116 117 118 119 120 121 122 123 124 125 126 127 128 129 130 131 132 133 134 135 136 137 138 139 140 141 142 143 144 145 146 147 148 149 150 151 152 153 154 155 156 157 158 159 160 161 162 163 164 165 166 167 168 169 170 171 172 173 174 175 176 177 178 179 180 181 182 183 184 185 186 187 188 189 190 191 192 193 194 195 196 197 198 199 200 1 2 3 4 5 6 7 8 9 10 11 12 13 14 15 16 17 18 19 20 21 22 23 24 25 26 27 28 29 30 31 32 33 34 35 36 37 38 39 40 41 42 43 44 45 46 47 48 49 50 51 52 53 54 55 56 57 58 59 60 61 62 63 64 65 66 67 68 69 70 71 72 73 74 75 76 77 78 79 80 81 82 83 84 85 86 87 88 89 90 91 92 93 94 95 96 97 98 99 100 101 102 103 104 105 106 107 108 109 110 111 112 113 114 115 116 117 118 119 120 121 122 123 124 125 126 127 128 129 130 131 132 133 134 135 136 137 138 139 140 141 142 143 144 145 146 147 148 149 150 151 152 153 154 155 156 157 158 159 160 161 162 163 164 165 166 167 168 169 170 171 172 173 174 175 176 177 178 179 180 181 182 183 184 185 186 187 188 189 190 191 192 193 194 195 196 197 198 199 200 1 2 3 4 5 6 7 8 9 10 11 12 13 14 15 16 17 18 19 20 21 22 23 24 25 26 27 28 29 30 31 32 33 34 35 36 37 38 39 40 41 42 43 44 45 46 47 48 49 50 51 52 53 54 55 56 57 58 59 60 61 62 63 64 65 66 67 68 69 70 71 72 73 74 75 76 77 78 79 80 81 82 83 84 85 86 87 88 89 90 91 92 93 94 95 96 97 98 99 100 101 102 103 104 105 106 107 108 109 110 111 112 113 114 115 116 117 118 119 120 121 122 123 124 125 126 127 128 129 130 131 132 133 134 135 136 137 138 139 140 141 142 143 144 145 146 147 148 149 150 151 152 153 154 155 156 157 158 159 160 161 162 163 164 165 166 167 168 169 170 171 172 173 174 175 176 177 178 179 180 181 182 183 184 185 186 187 188 189 190 191 192 193 194 195 196 197 198 199 200 1 2 3 4 5 6 7 8 9 10 11 12 13 14 15 16 17 18 19 20 21 22 23 24 25 26 27 28 29 30 31 32 33 34 35 36 37 38 39 40 41 42 43 44 45 46 47 48 49 50 51 52 53 54 55 56 57 58 59 60 61 62 63 64 65 66 67 68 69 70 71 72 73 74 75 76 77 78 79 80 81 82 83 84 85 86 87 88 89 90 91 92 93 94 95 96 97 98 99 100 101 102 103 104 105 106 107 108 109 110 111 112 113 114 115 116 117 118 119 120 121 122 123 124 125 126 127 128 129 130 131 132 133 134 135 136 137 138 139 140 141 142 143 144 145 146 147 148 149 150 151 152 153 154 155 156 157 158 159 160 161 162 163 164 165 166 167 168 169 170 171 172 173 174 175 176 177 178 179 180 181 182 183 184 185 186 187 188 189 190 191 192 193 194 195 196 197 198 199 200 1 2 3 4 5 6 7 8 9 10 11 12 13 14 15 16 17 18 19 20 21 22 23 24 25 26 27 28 29 30 31 32 33 34 35 36 37 38 39 40 41 42 43 44 45 46 47 48 49 50 51 52 53 54 55 56 57 58 59 60 61 62 63 64 65 66 67 68 69 70 71 72 73 74 75 76 77 78 79 80 81 82 83 84 85 86 87 88 89 90 91 92 93 94 95 96 97 98 99 100 101 102 103 104 105 106 107 108 109 110 111 112 113 114 115 116 117 118 119 120 121 122 123 124 125 126 127 128 129 130 131 132 133 134 135 136 137 138 139 140 141 142 143 144 145 146 147 148 149 150 151 152 153 154 155 156 157 158 159 160 161 162 163 164 165 166 167 168 169 170 171 172 173 174 175 176 177 178 179 180 181 182 183 184 185 186 187 188 189 190 191 192 193 194 195 196 197 198 199 200 1 2 3 4 5 6 7 8 9 10 11 12 13 14 15 16 17 18 19 20 21 22 23 24 25 26 27 28 29 30 31 32 33 34 35 36 37 38 39 40 41 42 43 44 45 46 47 48 49 50 51 52 53 54 55 56 57 58 59 60 61 62 63 64 65 66 67 68 69 70 71 72 73 74 75 76 77 78 79 80 81 82 83 84 85 86 87 88 89 90 91 92 93 94 95 96 97 98 99 100 101 102 103 104 105 106 107 108 109 110 111 112 113 114 115 116 117 118 119 120 121 122 123 124 125 126 127 128 129 130 131 132 133 134 135 136 137 138 139 140 141 142 143 144 145 146 147 148 149 150 151 152 153 154 155 156 157 158 159 160 161 162 163 164 165 166 167 168 169 170 171 172 173 174 175 176 177 178 179 180 181 182 183 184 185 186 187 188 189 190 191 192 193 194 195 196 197 198 199 200 1 2 3 4 5 6 7 8 9 10 11 12 13 14 15 16 17 18 19 20 21 22 23 24 25 26 27 28 29 30 31 32 33 34 35 36 37 38 39 40 41 42 43 44 45 46 47 48 49 50 51 52 53 54 55 56 57 58 59 60 61 62 63 64 65 66 67 68 69 70 71 72 73 74 75 76 77 78 79 80 81 82 83 84 85 86 87 88 89 90 91 92 93 94 95 96 97 98 99 100 101 102 103 104 105 106 107 108 109 110 111 112 113 114 115 116 117 118 119 120 121 122 123 124 125 126 127 128 129 130 131 132 133 134 135 136 137 138 139 140 141 142 143 144 145 146 147 148 149 150 151 152 153 154 155 156 157 158 159 160 161 162 163 164 165 166 167 168 169 170 171 172 173 174 175 176 177 178 179 180 181 182 183 184 185 186 187 188 189 190 191 192 193 194 195 196 197 198 199 200 1 2 3 4 5 6 7 8 9 10 11 12 13 14 15 16 17 18 19 20 21 22 23 24 25 26 27 28 29 30 31 32 33 34 35 36 37 38 39 40 41 42 43 44 45 46 47 48 49 50 51 52 53 54 55 56 57 58 59 60 61 62 63 64 65 66 67 68 69 70 71 72 73 74 75 76 77 78 79 80 81 82 83 84 85 86 87 88 89 90 91 92 93 94 95 96 97 98 99 100 101 102 103 104 105 106 107 108 109 110 111 112 113 114 115 116 117 118 119 120 121 122 123 124 125 126 127 128 129 130 131 132 133 134 135 136 137 138 139 140 141 142 143 144 145 146 147 148 149 150 151 152 153 154 155 156 157 158 159 160 161 162 163 164 165 166 167 168 169 170 171 172 173 174 175 176 177 178 179 180 181 182 183 184 185 186 187 188 189 190 191 192 193 194 195 196 197 198 199 200 1 2 3 4 5 6 7 8 9 10 11 12 13 14 15 16 17 18 19 20 21 22 23 24 25 26 27 28 29 30 31 32 33 34 35 36 37 38 39 40 41 42 43 44 45 46 47 48 49 50 51 52 53 54 55 56 57 58 59 60 61 62 63 64 65 66 67 68 69 70 71 72 73 74 75 76 77 78 79 80 81 82 83 84 85 86 87 88 89 90 91 92 93 94 95 96 97 98 99 100 101 102 103 104 105 106 107 108 109 110 111 112 113 114 115 116 117 118 119 120 121 122 123 124 125 126 127 128 129 130 131 132 133 134 135 136 137 138 139 140 141 142 143 144 145 146 147 148 149 150 151 152 153 154 155 156 157 158 159 160 161 162 163 164 165 166 167 168 169 170 171 172 173 174 175 176 177 178 179 180 181 182 183 184 185 186 187 188 189 190 191 192 193 194 195 196 197 198 199 200 1 2 3 4 5 6 7 8 9 10 11 12 13 14 15 16 17 18 19 20 21 22 23 24 25 26 27 28 29 30 31 32 33 34 35 36 37 38 39 40 41 42 43 44 45 46 47 48 49 50 51 52 53 54 55 56 57 58 59 60 61 62 63 64 65 66 67 68 69 70 71 72 73 74 75 76 77 78 79 80 81 82 83 84 85 86 87 88 89 90 91 92 93 94 95 96 97 98 99 100 101 102 103 104 105 106 107 108 109 110 111 112 113 114 115 116 117 118 119 120 121 122 123 124 125 126 127 128 129 130 131 132 133 134 135 136 137 138 139 140 141 142 143 144 145 146 147 148 149 150 151 152 153 154 155 156 157 158 159 160 161 162 163 164 165 166 167 168 169 170 171 172 173 174 175 176 177 178 179 180 181 182 183 184 185 186 187 188 189 190 191 192 193 194 195 196 197 198 199 200 1 2 3 4 5 6 7 8 9 10 11 12 13 14 15 16 17 18 19 20 21 22 23 24 25 26 27 28 29 30 31 32 33 34 35 36 37 38 39 40 41 42 43 44 45 46 47 48 49 50 51 52 53 54 55 56 57 58 59 60 61 62 63 64 65 66 67 68 69 70 71 72 73 74 75 76 77 78 79 80 81 82 83 84 85 86 87 88 89 90 91 92 93 94 95 96 97 98 99 100 101 102 103 104 105 106 107 108 109 110 111 112 113 114 115 116 117 118 119 120 121 122 123 124 125 126 127 128 129 130 131 132 133 134 135 136 137 138 139 140 141 142 143 144 145 146 147 148 149 150 151 152 153 154 155 156 157 158 159 160 161 162 163 164 165 166 167 168 169 170 171 172 173 174 175 176 177 178 179 180 181 182 183 184 185 186 187 188 189 190 191 192 193 194 195 196 197 198 199 200 1 2 3 4 5 6 7 8 9 10 11 12 13 14 15 16 17 18 19 20 21 22 23 24 25 26 27 28 29 30 31 32 33 34 35 36 37 38 39 40 41 42 43 44 45 46 47 48 49 50 51 52 53 54 55 56 57 58 59 60 61 62 63 64 65 66 67 68 69 70 71 72 73 74 75 76 77 78 79 80 81 82 83 84 85 86 87 88 89 90 91 92 93 94 95 96 97 98 99 100 101 102 103 104 105 106 107 108 109 110 111 112 113 114 115 116 117 118 119 120 121 122 123 124 125 126 127 128 129 130 131 132 133 134 135 136 137 138 139 140 141 142 143 144 145 146 147 148 149 150 151 152 153 154 155 156 157 158 159 160 161 162 163 164 165 166 167 168 169 170 171 172 173 174 175 176 177 178 179 180 181 182 183 184 185 186 187 188 189 190 191 192 193 194 195 196 197 198 199 200 1 2 3 4 5 6 7 8 9 10 11 12 13 14 15 16 17 18 19 20 21 22 23 24 25 26 27 28 29 30 31 32 33 34 35 36 37 38 39 40 41 42 43 44 45 46 47 48 49 50 51 52 53 54 55 56 57 58 59 60 61 62 63 64 65 66 67 68 69 70 71 72 73 74 75 76 77 78 79 80 81 82 83 84 85 86 87 88 89 90 91 92 93 94 95 96 97 98 99 100 101 102 103 104 105 106 107 108 109 110 111 112 113 114 115 116 117 118 119 120 121 122 123 124 125 126 127 128 129 130 131 132 133 134 135 136 137 138 139 140 141 142 143 144 145 146 147 148 149 150 151 152 153 154 155 156 157 158 159 160 161 162 163 164 165 166 167 168 169 170 171 172 173 174 175 176 177 178 179 180 181 182 183 184 185 186 187 188 189 190 191 192 193 194 195 196 197 198 199 200 1 2 3 4 5 6 7 8 9 10 11 12 13 14 15 16 17 18 19 20 21 22 23 24 25 26 27 28 29 30 31 32 33 34 35 36 37 38 39 40 41 42 43 44 45 46 47 48 49 50 51 52 53 54 55 56 57 58 59 60 61 62 63 64 65 66 67 68 69 70 71 72 73 74 75 76 77 78 79 80 81 82 83 84 85 86 87 88 89 90 91 92 93 94 95 96 97 98 99 100 101 102 103 104 105 106 107 108 109 110 111 112 113 114 115 116 117 118 119 120 121 122 123 124 125 126 127 128 129 130 131 132 133 134 135 136 137 138 139 140 141 142 143 144 145 146 147 148 149 150 151 152 153 154 155 156 157 158 159 160 161 162 163 164 165 166 167 168 169 170 171 172 173 174 175 176 177 178 179 180 181 182 183 184 185 186 187 188 189 190 191 192 193 194 195 196 197 198 199 200 1 2 3 4 5 6 7 8 9 10 11 12 13 14 15 16 17 18 19 20 21 22 23 24 25 26 27 28 29 30 31 32 33 34 35 36 37 38 39 40 41 42 43 44 45 46 47 48 49 50 51 52 53 54 55 56 57 58 59 60 61 62 63 64 65 66 67 68 69 70 71 72 73 74 75 76 77 78 79 80 81 82 83 84 85 86 87 88 89 90 91 92 93 94 95 96 97 98 99 100 101 102 103 104 105 106 107 108 109 110 111 112 113 114 115 116 117 118 119 120 121 122 123 124 125 126 127 128 129 130 131 132 133 134 135 136 137 138 139 140 141 142 143 144 145 146 147 148 149 150 151 152 153 154 155 156 157 158 159 160 161 162 163 164 165 166 167 168 169 170 171 172 173 174 175 176 177 178 179 180 181 182 183 184 185 186 187 188 189 190 191 192 193 194 195 196 197 198 199 200 1 2 3 4 5 6 7 8 9 10 11 12 13 14 15 16 17 18 19 20 21 22 23 24 25 26 27 28 29 30 31 32 33 34 35 36 37 38 39 40 41 42 43 44 45 46 47 48 49 50 51 52 53 54 55 56 57 58 59 60 61 62 63 64 65 66 67 68 69 70 71 72 73 74 75 76 77 78 79 80 81 82 83 84 85 86 87 88 89 90 91 92 93 94 95 96 97 98 99 100 101 102 103 104 105 106 107 108 109 110 111 112 113 114 115 116 117 118 119 120 121 122 123 124 125 126 127 128 129 130 131 132 133 134 135 136 137 138 139 140 141 142 143 144 145 146 147 148 149 150 151 152 153 154 155 156 157 158 159 160 161 162 163 164 165 166 167 168 169 170 171 172 173 174 175 176 177 178 179 180 181 182 183 184 185 186 187 188 189 190 191 192 193 194 195 196 197 198 199 200 1 2 3 4 5 6 7 8 9 10 11 12 13 14 15 16 17 18 19 20 21 22 23 24 25 26 27 28 29 30 31 32 33 34 35 36 37 38 39 40 41 42 43 44 45 46 47 48 49 50 51 52 53 54 55 56 57 58 59 60 61 62 63 64 65 66 67 68 69 70 71 72 73 74 75 76 77 78 79 80 81 82 83 84 85 86 87 88 89 90 91 92 93 94 95 96 97 98 99 100 101 102 103 104 105 106 107 108 109 110 111 112 113 114 115 116 117 118 119 120 121 122 123 124 125 126 127 128 129 130 131 132 133 134 135 136 137 138 139 140 141 142 143 144 145 146 147 148 149 150 151 152 153 154 155 156 157 158 159 160 161 162 163 164 165 166 167 168 169 170 171 172 173 174 175 176 177 178 179 180 181 182 183 184 185 186 187 188 189 190 191 192 193 194 195 196 197 198 199 200 1 2 3 4 5 6 7 8 9 10 11 12 13 14 15 16 17 18 19 20 21 22 23 24 25 26 27 28 29 30 31 32 33 34 35 36 37 38 39 40 41 42 43 44 45 46 47 48 49 50 51 52 53 54 55 56 57 58 59 60 61 62 63 64 65 66 67 68 69 70 71 72 73 74 75 76 77 78 79 80 81 82 83 84 85 86 87 88 89 90 91 92 93 94 95 96 97 98 99 100 101 102 103 104 105 106 107 108 109 110 111 112 113 114 115 116 117 118 119 120 121 122 123 124 125 126 127 128 129 130 131 132 133 134 135 136 137 138 139 140 141 142 143 144 145 146 147 148 149 150 151 152 153 154 155 156 157 158 159 160 161 162 163 164 165 166 167 168 169 170 171 172 173 174 175 176 177 178 179 180 181 182 183 184 185 186 187 188 189 190 191 192 193 194 195 196 197 198 199 200 1 2 3 4 5 6 7 8 9 10 11 12 13 14 15 16 17 18 19 20 21 22 23 24 25 26 27 28 29 30 31 32 33 34 35 36 37 38 39 40 41 42 43 44 45 46 47 48 49 50 51 52 53 54 55 56 57 58 59 60 61 62 63 64 65 66 67 68 69 70 71 72 73 74 75 76 77 78 79 80 81 82 83 84 85 86 87 88 89 90 91 92 93 94 95 96 97 98 99 100 101 102 103 104 105 106 107 108 109 110 111 112 113 114 115 116 117 118 119 120 121 122 123 124 125 126 127 128 129 130 131 132 133 134 135 136 137 138 139 140 141 142 143 144 145 146 147 148 149 150 151 152 153 154 155 156 157 158 159 160 161 162 163 164 165 166 167 168 169 170 171 172 173 174 175 176 177 178 179 180 181 182 183 184 185 186 187 188 189 190 191 192 193 194 195 196 197 198 199 200 1 2 3 4 5 6 7 8 9 10 11 12 13 14 15 16 17 18 19 20 21 22 23 24 25 26 27 28 29 30 31 32 33 34 35 36 37 38 39 40 41 42 43 44 45 46 47 48 49 50 51 52 53 54 55 56 57 58 59 60 61 62 63 64 65 66 67 68 69 70 71 72 73 74 75 76 77 78 79 80 81 82 83 84 85 86 87 88 89 90 91 92 93 94 95 96 97 98 99 100 101 102 103 104 105 106 107 108 109 110 111 112 113 114 115 116 117 118 119 120 121 122 123 124 125 126 127 128 129 130 131 132 133 134 135 136 137 138 139 140 141 142 143 144 145 146 147 148 149 150 151 152 153 154 155 156 157 158 159 160 161 162 163 164 165 166 167 168 169 170 171 172 173 174 175 176 177 178 179 180 181 182 183 184 185 186 187 188 189 190 191 192 193 194 195 196 197 198 199 200 1 2 3 4 5 6 7 8 9 10 11 12 13 14 15 16 17 18 19 20 21 22 23 24 25 26 27 28 29 30 31 32 33 34 35 36 37 38 39 40 41 42 43 44 45 46 47 48 49 50 51 52 53 54 55 56 57 58 59 60 61 62 63 64 65 66 67 68 69 70 71 72 73 74 75 76 77 78 79 80 81 82 83 84 85 86 87 88 89 90 91 92 93 94 95 96 97 98 99 100 101 102 103 104 105 106 107 108 109 110 111 112 113 114 115 116 117 118 119 120 121 122 123 124 125 126 127 128 129 130 131 132 133 134 135 136 137 138 139 140 141 142 143 144 145 146 147 148 149 150 151 152 153 154 155 156 157 158 159 160 161 162 163 164 165 166 167 168 169 170 171 172 173 174 175 176 177 178 179 180 181 182 183 184 185 186 187 188 189 190 191 192 193 194 195 196 197 198 199 200 1 2 3 4 5 6 7 8 9 10 11 12 13 14 15 16 17 18 19 20 21 22 23 24 25 26 27 28 29 30 31 32 33 34 35 36 37 38 39 40 41 42 43 44 45 46 47 48 49 50 51 52 53 54 55 56 57 58 59 60 61 62 63 64 65 66 67 68 69 70 71 72 73 74 75 76 77 78 79 80 81 82 83 84 85 86 87 88 89 90 91 92 93 94 95 96 97 98 99 100 101 102 103 104 105 106 107 108 109 110 111 112 113 114 115 116 117 118 119 120 121 122 123 124 125 126 127 128 129 130 131 132 133 134 135 136 137 138 139 140 141 142 143 144 145 146 147 148 149 150 151 152 153 154 155 156 157 158 159 160 161 162 163 164 165 166 167 168 169 170 171 172 173 174 175 176 177 178 179 180 181 182 183 184 185 186 187 188 189 190 191 192 193 194 195 196 197 198 199 200 1 2 3 4 5 6 7 8 9 10 11 12 13 14 15 16 17 18 19 20 21 22 23 24 25 26 27 28 29 30 31 32 33 34 35 36 37 38 39 40 41 42 43 44 45 46 47 48 49 50 51 52 53 54 55 56 57 58 59 60 61 62 63 64 65 66 67 68 69 70 71 72 73 74 75 76 77 78 79 80 81 82 83 84 85 86 87 88 89 90 91 92 93 94 95 96 97 98 99 100 101 102 103 104 105 106 107 108 109 110 111 112 113 114 115 116 117 118 119 120 121 122 123 124 125 126 127 128 129 130 131 132 133 134 135 136 137 138 139 140 141 142 143 144 145 146 147 148 149 150 151 152 153 154 155 156 157 158 159 160 161 162 163 164 165 166 167 168 169 170 171 172 173 174 175 176 177 178 179 180 181 182 183 184 185 186 187 188 189 190 191 192 193 194 195 196 197 198 199 200 1 2 3 4 5 6 7 8 9 10 11 12 13 14 15 16 17 18 19 20 21 22 23 24 25 26 27 28 29 30 31 32 33 34 35 36 37 38 39 40 41 42 43 44 45 46 47 48 49 50 51 52 53 54 55 56 57 58 59 60 61 62 63 64 65 66 67 68 69 70 71 72 73 74 75 76 77 78 79 80 81 82 83 84 85 86 87 88 89 90 91 92 93 94 95 96 97 98 99 100 101 102 103 104 105 106 107 108 109 110 111 112 113 114 115 116 117 118 119 120 121 122 123 124 125 126 127 128 129 130 131 132 133 134 135 136 137 138 139 140 141 142 143 144 145 146 147 148 149 150 151 152 153 154 155 156 157 158 159 160 161 162 163 164 165 166 167 168 169 170 171 172 173 174 175 176 177 178 179 180 181 182 183 184 185 186 187 188 189 190 191 192 193 194 195 196 197 198 199 200 1 2 3 4 5 6 7 8 9 10 11 12 13 14 15 16 17 18 19 20 21 22 23 24 25 26 27 28 29 30 31 32 33 34 35 36 37 38 39 40 41 42 43 44 45 46 47 48 49 50 51 52 53 54 55 56 57 58 59 60 61 62 63 64 65 66 67 68 69 70 71 72 73 74 75 76 77 78 79 80 81 82 83 84 85 86 87 88 89 90 91 92 93 94 95 96 97 98 99 100 101 102 103 104 105 106 107 108 109 110 111 112 113 114 115 116 117 118 119 120 121 122 123 124 125 126 127 128 129 130 131 132 133 134 135 136 137 138 139 140 141 142 143 144 145 146 147 148 149 150 151 152 153 154 155 156 157 158 159 160 161 162 163 164 165 166 167 168 169 170 171 172 173 174 175 176 177 178 179 180 181 182 183 184 185 186 187 188 189 190 191 192 193 194 195 196 197 198 199 200 1 2 3 4 5 6 7 8 9 10 11 12 13 14 15 16 17 18 19 20 21 22 23 24 25 26 27 28 29 30 31 32 33 34 35 36 37 38 39 40 41 42 43 44 45 46 47 48 49 50 51 52 53 54 55 56 57 58 59 60 61 62 63 64 65 66 67 68 69 70 71 72 73 74 75 76 77 78 79 80 81 82 83 84 85 86 87 88 89 90 91 92 93 94 95 96 97 98 99 100 101 102 103 104 105 106 107 108 109 110 111 112 113 114 115 116 117 118 119 120 121 122 123 124 125 126 127 128 129 130 131 132 133 134 135 136 137 138 139 140 141 142 143 144 145 146 147 148 149 150 151 152 153 154 155 156 157 158 159 160 161 162 163 164 165 166 167 168 169 170 171 172 173 174 175 176 177 178 179 180 181 182 183 184 185 186 187 188 189 190 191 192 193 194 195 196 197 198 199 200 1 2 3 4 5 6 7 8 9 10 11 12 13 14 15 16 17 18 19 20 21 22 23 24 25 26 27 28 29 30 31 32 33 34 35 36 37 38 39 40 41 42 43 44 45 46 47 48 49 50 51 52 53 54 55 56 57 58 59 60 61 62 63 64 65 66 67 68 69 70 71 72 73 74 75 76 77 78 79 80 81 82 83 84 85 86 87 88 89 90 91 92 93 94 95 96 97 98 99 100 101 102 103 104 105 106 107 108 109 110 111 112 113 114 115 116 117 118 119 120 121 122 123 124 125 126 127 128 129 130 131 132 133 134 135 136 137 138 139 140 141 142 143 144 145 146 147 148 149 150 151 152 153 154 155 156 157 158 159 160 161 162 163 164 165 166 167 168 169 170 171 172 173 174 175 176 177 178 179 180 181 182 183 184 185 186 187 188 189 190 191 192 193 194 195 196 197 198 199 200 1 2 3 4 5 6 7 8 9 10 11 12 13 14 15 16 17 18 19 20 21 22 23 24 25 26 27 28 29 30 31 32 33 34 35 36 37 38 39 40 41 42 43 44 45 46 47 48 49 50 51 52 53 54 55 56 57 58 59 60 61 62 63 64 65 66 67 68 69 70 71 72 73 74 75 76 77 78 79 80 81 82 83 84 85 86 87 88 89 90 91 92 93 94 95 96 97 98 99 100 101 102 103 104 105 106 107 108 109 110 111 112 113 114 115 116 117 118 119 120 121 122 123 124 125 126 127 128 129 130 131 132 133 134 135 136 137 138 139 140 141 142 143 144 145 146 147 148 149 150 151 152 153 154 155 156 157 158 159 160 161 162 163 164 165 166 167 168 169 170 171 172 173 174 175 176 177 178 179 180 181 182 183 184 185 186 187 188 189 190 191 192 193 194 195 196 197 198 199 200 1 2 3 4 5 6 7 8 9 10 11 12 13 14 15 16 17 18 19 20 21 22 23 24 25 26 27 28 29 30 31 32 33 34 35 36 37 38 39 40 41 42 43 44 45 46 47 48 49 50 51 52 53 54 55 56 57 58 59 60 61 62 63 64 65 66 67 68 69 70 71 72 73 74 75 76 77 78 79 80 81 82 83 84 85 86 87 88 89 90 91 92 93 94 95 96 97 98 99 100 101 102 103 104 105 106 107 108 109 110 111 112 113 114 115 116 117 118 119 120 121 122 123 124 125 126 127 128 129 130 131 132 133 134 135 136 137 138 139 140 141 142 143 144 145 146 147 148 149 150 151 152 153 154 155 156 157 158 159 160 161 162 163 164 165 166 167 168 169 170 171 172 173 174 175 176 177 178 179 180 181 182 183 184 185 186 187 188 189 190 191 192 193 194 195 196 197 198 199 200 1 2 3 4 5 6 7 8 9 10 11 12 13 14 15 16 17 18 19 20 21 22 23 24 25 26 27 28 29 30 31 32 33 34 35 36 37 38 39 40 41 42 43 44 45 46 47 48 49 50 51 52 53 54 55 56 57 58 59 60 61 62 63 64 65 66 67 68 69 70 71 72 73 74 75 76 77 78 79 80 81 82 83 84 85 86 87 88 89 90 91 92 93 94 95 96 97 98 99 100 101 102 103 104 105 106 107 108 109 110 111 112 113 114 115 116 117 118 119 120 121 122 123 124 125 126 127 128 129 130 131 132 133 134 135 136 137 138 139 140 141 142 143 144 145 146 147 148 149 150 151 152 153 154 155 156 157 158 159 160 161 162 163 164 165 166 167 168 169 170 171 172 173 174 175 176 177 178 179 180 181 182 183 184 185 186 187 188 189 190 191 192 193 194 195 196 197 198 199 200 1 2 3 4 5 6 7 8 9 10 11 12 13 14 15 16 17 18 19 20 21 22 23 24 25 26 27 28 29 30 31 32 33 34 35 36 37 38 39 40 41 42 43 44 45 46 47 48 49 50 51 52 53 54 55 56 57 58 59 60 61 62 63 64 65 66 67 68 69 70 71 72 73 74 75 76 77 78 79 80 81 82 83 84 85 86 87 88 89 90 91 92 93 94 95 96 97 98 99 100 101 102 103 104 105 106 107 108 109 110 111 112 113 114 115 116 117 118 119 120 121 122 123 124 125 126 127 128 129 130 131 132 133 134 135 136 137 138 139 140 141 142 143 144 145 146 147 148 149 150 151 152 153 154 155 156 157 158 159 160 161 162 163 164 165 166 167 168 169 170 171 172 173 174 175 176 177 178 179 180 181 182 183 184 185 186 187 188 189 190 191 192 193 194 195 196 197 198 199 200 1 2 3 4 5 6 7 8 9 10 11 12 13 14 15 16 17 18 19 20 21 22 23 24 25 26 27 28 29 30 31 32 33 34 35 36 37 38 39 40 41 42 43 44 45 46 47 48 49 50 51 52 53 54 55 56 57 58 59 60 61 62 63 64 65 66 67 68 69 70 71 72 73 74 75 76 77 78 79 80 81 82 83 84 85 86 87 88 89 90 91 92 93 94 95 96 97 98 99 100 101 102 103 104 105 106 107 108 109 110 111 112 113 114 115 116 117 118 119 120 121 122 123 124 125 126 127 128 129 130 131 132 133 134 135 136 137 138 139 140 141 142 143 144 145 146 147 148 149 150 151 152 153 154 155 156 157 158 159 160 161 162 163 164 165 166 167 168 169 170 171 172 173 174 175 176 177 178 179 180 181 182 183 184 185 186 187 188 189 190 191 192 193 194 195 196 197 198 199 200 1 2 3 4 5 6 7 8 9 10 11 12 13 14 15 16 17 18 19 20 21 22 23 24 25 26 27 28 29 30 31 32 33 34 35 36 37 38 39 40 41 42 43 44 45 46 47 48 49 50 51 52 53 54 55 56 57 58 59 60 61 62 63 64 65 66 67 68 69 70 71 72 73 74 75 76 77 78 79 80 81 82 83 84 85 86 87 88 89 90 91 92 93 94 95 96 97 98 99 100 101 102 103 104 105 106 107 108 109 110 111 112 113 114 115 116 117 118 119 120 121 122 123 124 125 126 127 128 129 130 131 132 133 134 135 136 137 138 139 140 141 142 143 144 145 146 147 148 149 150 151 152 153 154 155 156 157 158 159 160 161 162 163 164 165 166 167 168 169 170 171 172 173 174 175 176 177 178 179 180 181 182 183 184 185 186 187 188 189 190 191 192 193 194 195 196 197 198 199 200 1 2 3 4 5 6 7 8 9 10 11 12 13 14 15 16 17 18 19 20 21 22 23 24 25 26 27 28 29 30 31 32 33 34 35 36 37 38 39 40 41 42 43 44 45 46 47 48 49 50 51 52 53 54 55 56 57 58 59 60 61 62 63 64 65 66 67 68 69 70 71 72 73 74 75 76 77 78 79 80 81 82 83 84 85 86 87 88 89 90 91 92 93 94 95 96 97 98 99 100 101 102 103 104 105 106 107 108 109 110 111 112 113 114 115 116 117 118 119 120 121 122 123 124 125 126 127 128 129 130 131 132 133 134 135 136 137 138 139 140 141 142 143 144 145 146 147 148 149 150 151 152 153 154 155 156 157 158 159 160 161 162 163 164 165 166 167 168 169 170 171 172 173 174 175 176 177 178 179 180 181 182 183 184 185 186 187 188 189 190 191 192 193 194 195 196 197 198 199 200 1 2 3 4 5 6 7 8 9 10 11 12 13 14 15 16 17 18 19 20 21 22 23 24 25 26 27 28 29 30 31 32 33 34 35 36 37 38 39 40 41 42 43 44 45 46 47 48 49 50 51 52 53 54 55 56 57 58 59 60 61 62 63 64 65 66 67 68 69 70 71 72 73 74 75 76 77 78 79 80 81 82 83 84 85 86 87 88 89 90 91 92 93 94 95 96 97 98 99 100 101 102 103 104 105 106 107 108 109 110 111 112 113 114 115 116 117 118 119 120 121 122 123 124 125 126 127 128 129 130 131 132 133 134 135 136 137 138 139 140 141 142 143 144 145 146 147 148 149 150 151 152 153 154 155 156 157 158 159 160 161 162 163 164 165 166 167 168 169 170 171 172 173 174 175 176 177 178 179 180 181 182 183 184 185 186 187 188 189 190 191 192 193 194 195 196 197 198 199 200 1 2 3 4 5 6 7 8 9 10 11 12 13 14 15 16 17 18 19 20 21 22 23 24 25 26 27 28 29 30 31 32 33 34 35 36 37 38 39 40 41 42 43 44 45 46 47 48 49 50 51 52 53 54 55 56 57 58 59 60 61 62 63 64 65 66 67 68 69 70 71 72 73 74 75 76 77 78 79 80 81 82 83 84 85 86 87 88 89 90 91 92 93 94 95 96 97 98 99 100 101 102 103 104 105 106 107 108 109 110 111 112 113 114 115 116 117 118 119 120 121 122 123 124 125 126 127 128 129 130 131 132 133 134 135 136 137 138 139 140 141 142 143 144 145 146 147 148 149 150 151 152 153 154 155 156 157 158 159 160 161 162 163 164 165 166 167 168 169 170 171 172 173 174 175 176 177 178 179 180 181 182 183 184 185 186 187 188 189 190 191 192 193 194 195 196 197 198 199 200 1 2 3 4 5 6 7 8 9 10 11 12 13 14 15 16 17 18 19 20 21 22 23 24 25 26 27 28 29 30 31 32 33 34 35 36 37 38 39 40 41 42 43 44 45 46 47 48 49 50 51 52 53 54 55 56 57 58 59 60 61 62 63 64 65 66 67 68 69 70 71 72 73 74 75 76 77 78 79 80 81 82 83 84 85 86 87 88 89 90 91 92 93 94 95 96 97 98 99 100 101 102 103 104 105 106 107 108 109 110 111 112 113 114 115 116 117 118 119 120 121 122 123 124 125 126 127 128 129 130 131 132 133 134 135 136 137 138 139 140 141 142 143 144 145 146 147 148 149 150 151 152 153 154 155 156 157 158 159 160 161 162 163 164 165 166 167 168 169 170 171 172 173 174 175 176 177 178 179 180 181 182 183 184 185 186 187 188 189 190 191 192 193 194 195 196 197 198 199 200 1 2 3 4 5 6 7 8 9 10 11 12 13 14 15 16 17 18 19 20 21 22 23 24 25 26 27 28 29 30 31 32 33 34 35 36 37 38 39 40 41 42 43 44 45 46 47 48 49 50 51 52 53 54 55 56 57 58 59 60 61 62 63 64 65 66 67 68 69 70 71 72 73 74 75 76 77 78 79 80 81 82 83 84 85 86 87 88 89 90 91 92 93 94 95 96 97 98 99 100 101 102 103 104 105 106 107 108 109 110 111 112 113 114 115 116 117 118 119 120 121 122 123 124 125 126 127 128 129 130 131 132 133 134 135 136 137 138 139 140 141 142 143 144 145 146 147 148 149 150 151 152 153 154 155 156 157 158 159 160 161 162 163 164 165 166 167 168 169 170 171 172 173 174 175 176 177 178 179 180 181 182 183 184 185 186 187 188 189 190 191 192 193 194 195 196 197 198 199 200 1 2 3 4 5 6 7 8 9 10 11 12 13 14 15 16 17 18 19 20 21 22 23 24 25 26 27 28 29 30 31 32 33 34 35 36 37 38 39 40 41 42 43 44 45 46 47 48 49 50 51 52 53 54 55 56 57 58 59 60 61 62 63 64 65 66 67 68 69 70 71 72 73 74 75 76 77 78 79 80 81 82 83 84 85 86 87 88 89 90 91 92 93 94 95 96 97 98 99 100 101 102 103 104 105 106 107 108 109 110 111 112 113 114 115 116 117 118 119 120 121 122 123 124 125 126 127 128 129 130 131 132 133 134 135 136 137 138 139 140 141 142 143 144 145 146 147 148 149 150 151 152 153 154 155 156 157 158 159 160 161 162 163 164 165 166 167 168 169 170 171 172 173 174 175 176 177 178 179 180 181 182 183 184 185 186 187 188 189 190 191 192 193 194 195 196 197 198 199 200 1 2 3 4 5 6 7 8 9 10 11 12 13 14 15 16 17 18 19 20 21 22 23 24 25 26 27 28 29 30 31 32 33 34 35 36 37 38 39 40 41 42 43 44 45 46 47 48 49 50 51 52 53 54 55 56 57 58 59 60 61 62 63 64 65 66 67 68 69 70 71 72 73 74 75 76 77 78 79 80 81 82 83 84 85 86 87 88 89 90 91 92 93 94 95 96 97 98 99 100 101 102 103 104 105 106 107 108 109 110 111 112 113 114 115 116 117 118 119 120 121 122 123 124 125 126 127 128 129 130 131 132 133 134 135 136 137 138 139 140 141 142 143 144 145 146 147 148 149 150 151 152 153 154 155 156 157 158 159 160 161 162 163 164 165 166 167 168 169 170 171 172 173 174 175 176 177 178 179 180 181 182 183 184 185 186 187 188 189 190 191 192 193 194 195 196 197 198 199 200 1 2 3 4 5 6 7 8 9 10 11 12 13 14 15 16 17 18 19 20 21 22 23 24 25 26 27 28 29 30 31 32 33 34 35 36 37 38 39 40 41 42 43 44 45 46 47 48 49 50 51 52 53 54 55 56 57 58 59 60 61 62 63 64 65 66 67 68 69 70 71 72 73 74 75 76 77 78 79 80 81 82 83 84 85 86 87 88 89 90 91 92 93 94 95 96 97 98 99 100 101 102 103 104 105 106 107 108 109 110 111 112 113 114 115 116 117 118 119 120 121 122 123 124 125 126 127 128 129 130 131 132 133 134 135 136 137 138 139 140 141 142 143 144 145 146 147 148 149 150 151 152 153 154 155 156 157 158 159 160 161 162 163 164 165 166 167 168 169 170 171 172 173 174 175 176 177 178 179 180 181 182 183 184 185 186 187 188 189 190 191 192 193 194 195 196 197 198 199 200 1 2 3 4 5 6 7 8 9 10 11 12 13 14 15 16 17 18 19 20 21 22 23 24 25 26 27 28 29 30 31 32 33 34 35 36 37 38 39 40 41 42 43 44 45 46 47 48 49 50 51 52 53 54 55 56 57 58 59 60 61 62 63 64 65 66 67 68 69 70 71 72 73 74 75 76 77 78 79 80 81 82 83 84 85 86 87 88 89 90 91 92 93 94 95 96 97 98 99 100 101 102 103 104 105 106 107 108 109 110 111 112 113 114 115 116 117 118 119 120 121 122 123 124 125 126 127 128 129 130 131 132 133 134 135 136 137 138 139 140 141 142 143 144 145 146 147 148 149 150 151 152 153 154 155 156 157 158 159 160 161 162 163 164 165 166 167 168 169 170 171 172 173 174 175 176 177 178 179 180 181 182 183 184 185 186 187 188 189 190 191 192 193 194 195 196 197 198 199 200 1 2 3 4 5 6 7 8 9 10 11 12 13 14 15 16 17 18 19 20 21 22 23 24 25 26 27 28 29 30 31 32 33 34 35 36 37 38 39 40 41 42 43 44 45 46 47 48 49 50 51 52 53 54 55 56 57 58 59 60 61 62 63 64 65 66 67 68 69 70 71 72 73 74 75 76 77 78 79 80 81 82 83 84 85 86 87 88 89 90 91 92 93 94 95 96 97 98 99 100 101 102 103 104 105 106 107 108 109 110 111 112 113 114 115 116 117 118 119 120 121 122 123 124 125 126 127 128 129 130 131 132 133 134 135 136 137 138 139 140 141 142 143 144 145 146 147 148 149 150 151 152 153 154 155 156 157 158 159 160 161 162 163 164 165 166 167 168 169 170 171 172 173 174 175 176 177 178 179 180 181 182 183 184 185 186 187 188 189 190 191 192 193 194 195 196 197 198 199 200 1 2 3 4 5 6 7 8 9 10 11 12 13 14 15 16 17 18 19 20 21 22 23 24 25 26 27 28 29 30 31 32 33 34 35 36 37 38 39 40 41 42 43 44 45 46 47 48 49 50 51 52 53 54 55 56 57 58 59 60 61 62 63 64 65 66 67 68 69 70 71 72 73 74 75 76 77 78 79 80 81 82 83 84 85 86 87 88 89 90 91 92 93 94 95 96 97 98 99 100 101 102 103 104 105 106 107 108 109 110 111 112 113 114 115 116 117 118 119 120 121 122 123 124 125 126 127 128 129 130 131 132 133 134 135 136 137 138 139 140 141 142 143 144 145 146 147 148 149 150 151 152 153 154 155 156 157 158 159 160 161 162 163 164 165 166 167 168 169 170 171 172 173 174 175 176 177 178 179 180 181 182 183 184 185 186 187 188 189 190 191 192 193 194 195 196 197 198 199 200 1 2 3 4 5 6 7 8 9 10 11 12 13 14 15 16 17 18 19 20 21 22 23 24 25 26 27 28 29 30 31 32 33 34 35 36 37 38 39 40 41 42 43 44 45 46 47 48 49 50 51 52 53 54 55 56 57 58 59 60 61 62 63 64 65 66 67 68 69 70 71 72 73 74 75 76 77 78 79 80 81 82 83 84 85 86 87 88 89 90 91 92 93 94 95 96 97 98 99 100 101 102 103 104 105 106 107 108 109 110 111 112 113 114 115 116 117 118 119 120 121 122 123 124 125 126 127 128 129 130 131 132 133 134 135 136 137 138 139 140 141 142 143 144 145 146 147 148 149 150 151 152 153 154 155 156 157 158 159 160 161 162 163 164 165 166 167 168 169 170 171 172 173 174 175 176 177 178 179 180 181 182 183 184 185 186 187 188 189 190 191 192 193 194 195 196 197 198 199 200 1 2 3 4 5 6 7 8 9 10 11 12 13 14 15 16 17 18 19 20 21 22 23 24 25 26 27 28 29 30 31 32 33 34 35 36 37 38 39 40 41 42 43 44 45 46 47 48 49 50 51 52 53 54 55 56 57 58 59 60 61 62 63 64 65 66 67 68 69 70 71 72 73 74 75 76 77 78 79 80 81 82 83 84 85 86 87 88 89 90 91 92 93 94 95 96 97 98 99 100 101 102 103 104 105 106 107 108 109 110 111 112 113 114 115 116 117 118 119 120 121 122 123 124 125 126 127 128 129 130 131 132 133 134 135 136 137 138 139 140 141 142 143 144 145 146 147 148 149 150 151 152 153 154 155 156 157 158 159 160 161 162 163 164 165 166 167 168 169 170 171 172 173 174 175 176 177 178 179 180 181 182 183 184 185 186 187 188 189 190 191 192 193 194 195 196 197 198 199 200 1 2 3 4 5 6 7 8 9 10 11 12 13 14 15 16 17 18 19 20 21 22 23 24 25 26 27 28 29 30 31 32 33 34 35 36 37 38 39 40 41 42 43 44 45 46 47 48 49 50 51 52 53 54 55 56 57 58 59 60 61 62 63 64 65 66 67 68 69 70 71 72 73 74 75 76 77 78 79 80 81 82 83 84 85 86 87 88 89 90 91 92 93 94 95 96 97 98 99 100 101 102 103 104 105 106 107 108 109 110 111 112 113 114 115 116 117 118 119 120 121 122 123 124 125 126 127 128 129 130 131 132 133 134 135 136 137 138 139 140 141 142 143 144 145 146 147 148 149 150 151 152 153 154 155 156 157 158 159 160 161 162 163 164 165 166 167 168 169 170 171 172 173 174 175 176 177 178 179 180 181 182 183 184 185 186 187 188 189 190 191 192 193 194 195 196 197 198 199 200 1 2 3 4 5 6 7 8 9 10 11 12 13 14 15 16 17 18 19 20 21 22 23 24 25 26 27 28 29 30 31 32 33 34 35 36 37 38 39 40 41 42 43 44 45 46 47 48 49 50 51 52 53 54 55 56 57 58 59 60 61 62 63 64 65 66 67 68 69 70 71 72 73 74 75 76 77 78 79 80 81 82 83 84 85 86 87 88 89 90 91 92 93 94 95 96 97 98 99 100 101 102 103 104 105 106 107 108 109 110 111 112 113 114 115 116 117 118 119 120 121 122 123 124 125 126 127 128 129 130 131 132 133 134 135 136 137 138 139 140 141 142 143 144 145 146 147 148 149 150 151 152 153 154 155 156 157 158 159 160 161 162 163 164 165 166 167 168 169 170 171 172 173 174 175 176 177 178 179 180 181 182 183 184 185 186 187 188 189 190 191 192 193 194 195 196 197 198 199 200 1 2 3 4 5 6 7 8 9 10 11 12 13 14 15 16 17 18 19 20 21 22 23 24 25 26 27 28 29 30 31 32 33 34 35 36 37 38 39 40 41 42 43 44 45 46 47 48 49 50 51 52 53 54 55 56 57 58 59 60 61 62 63 64 65 66 67 68 69 70 71 72 73 74 75 76 77 78 79 80 81 82 83 84 85 86 87 88 89 90 91 92 93 94 95 96 97 98 99 100 101 102 103 104 105 106 107 108 109 110 111 112 113 114 115 116 117 118 119 120 121 122 123 124 125 126 127 128 129 130 131 132 133 134 135 136 137 138 139 140 141 142 143 144 145 146 147 148 149 150 151 152 153 154 155 156 157 158 159 160 161 162 163 164 165 166 167 168 169 170 171 172 173 174 175 176 177 178 179 180 181 182 183 184 185 186 187 188 189 190 191 192 193 194 195 196 197 198 199 200 1 2 3 4 5 6 7 8 9 10 11 12 13 14 15 16 17 
