456 9802 20002 1500
1 1
1 2
1 3
1 4
1 5
1 6
1 7
1 8
1 9
1 10
1 11
1 12
1 13
1 14
1 15
1 16
1 17
1 18
1 19
1 20
1 21
1 22
1 23
1 24
1 25
1 26
1 27
1 28
1 29
1 30
1 31
1 32
1 33
1 34
1 35
1 36
1 37
1 38
1 39
1 40
1 41
1 42
1 43
1 44
1 45
1 46
1 47
1 48
1 49
1 50
1 51
1 52
1 53
1 54
1 55
1 56
1 57
1 58
1 59
1 60
1 61
1 62
1 63
1 64
1 65
1 66
1 67
1 68
1 69
1 70
1 71
1 72
1 73
1 74
1 75
1 76
1 77
1 78
1 79
1 80
1 81
1 83
2 39
2 40
2 79
2 82
2 83
2 86
2 87
2 88
2 102
2 103
2 104
2 105
2 119
2 123
2 137
2 301
2 7905
3 82
3 90
3 91
3 95
3 96
3 97
3 98
3 99
3 100
3 101
4 82
4 86
4 121
4 122
4 123
5 82
5 89
5 128
5 129
6 82
6 87
6 135
6 147
6 149
6 150
6 151
6 152
6 153
6 154
6 157
6 158
6 164
6 528
6 685
6 823
6 956
6 979
6 1054
6 1589
6 2407
6 2750
6 2751
6 2873
7 82
7 90
7 91
7 92
7 93
7 94
7 116
7 117
7 126
7 127
7 141
7 145
7 151
7 153
7 158
7 161
7 162
7 163
7 165
7 166
7 167
7 168
7 169
7 170
7 171
7 172
7 173
7 175
7 176
7 177
7 178
7 179
7 180
7 181
7 182
7 183
7 184
7 186
7 187
7 188
7 189
7 190
7 191
7 192
7 193
8 82
8 83
8 87
8 89
8 90
8 91
8 92
8 93
8 94
8 102
8 103
8 105
8 116
8 117
8 119
8 122
8 124
8 126
8 127
8 130
8 134
8 135
8 137
8 141
8 145
8 146
8 149
8 151
8 152
8 153
8 154
8 157
8 158
8 165
8 168
8 169
8 170
8 171
8 172
8 173
8 175
8 176
8 177
8 190
8 197
8 209
8 210
8 212
8 213
8 214
8 215
8 216
8 217
8 218
8 219
8 220
8 221
8 222
8 223
8 224
8 225
8 226
8 227
8 228
8 229
8 230
8 231
8 232
8 233
8 234
8 235
8 236
8 237
8 238
8 239
8 240
8 241
8 242
8 243
8 244
8 245
8 246
8 247
8 248
8 249
8 250
8 251
8 252
8 253
8 254
8 255
8 256
8 257
8 258
8 259
8 260
8 261
8 262
8 263
8 265
8 266
8 267
8 268
8 269
8 270
8 271
8 272
8 273
8 274
8 275
8 276
8 277
8 278
8 279
8 280
8 281
8 282
8 283
8 284
8 285
8 286
8 287
8 288
8 289
8 290
8 291
8 292
8 294
8 295
8 296
8 297
8 298
8 299
8 300
8 303
8 304
8 305
8 312
8 314
8 318
8 319
8 320
8 321
8 333
8 334
8 336
8 338
8 339
8 340
8 341
8 342
8 343
8 356
8 357
8 358
8 361
8 362
8 363
8 364
8 368
8 416
8 417
8 418
8 424
8 427
8 431
8 432
8 433
8 434
8 435
8 436
8 437
8 468
8 469
8 470
8 471
8 472
8 473
8 474
8 475
8 476
8 477
8 478
8 479
8 480
8 481
8 482
8 483
8 484
8 485
8 486
8 487
8 488
8 489
8 490
8 491
8 492
8 493
8 494
8 495
8 507
8 527
8 528
8 529
8 531
8 532
8 534
8 535
8 536
8 537
8 538
8 539
8 540
8 541
8 542
8 543
8 544
8 545
8 546
8 547
8 548
8 549
8 550
8 551
8 552
8 553
8 554
8 555
8 556
8 557
8 558
8 559
8 560
8 561
8 562
8 563
8 564
8 565
8 566
8 567
8 568
8 569
8 570
8 571
8 572
8 573
8 574
8 575
8 576
8 577
8 578
8 579
8 580
8 581
8 582
8 583
8 584
8 585
8 586
8 587
8 588
8 589
8 590
8 591
8 592
8 593
8 594
8 595
8 596
8 597
8 598
8 599
8 600
8 601
8 602
8 603
8 604
8 605
8 606
8 607
8 608
8 609
8 610
8 611
8 612
8 613
8 614
8 615
8 616
8 617
8 618
8 619
8 620
8 621
8 622
8 623
8 624
8 625
8 626
8 627
8 628
8 629
8 630
8 631
8 632
8 633
8 634
8 635
8 636
8 637
8 638
8 639
8 640
8 641
8 642
8 643
8 644
8 645
8 646
8 647
8 648
8 649
8 650
8 651
8 652
8 653
8 654
8 655
8 656
8 657
8 658
8 659
8 660
8 661
8 662
8 663
8 664
8 665
8 666
8 667
8 668
8 669
8 670
8 671
8 672
8 673
8 674
8 676
8 677
8 679
8 680
8 681
8 682
8 683
8 684
8 685
8 686
8 687
8 688
8 689
8 690
8 691
8 692
8 693
8 696
8 697
8 698
8 699
8 700
8 701
8 702
8 703
8 704
8 705
8 706
8 707
8 708
8 709
8 710
8 711
8 712
8 713
8 714
8 715
8 716
8 717
8 718
8 719
8 720
8 721
8 722
8 723
8 724
8 725
8 726
8 727
8 728
8 729
8 730
8 731
8 732
8 733
8 734
8 735
8 736
8 737
8 738
8 739
8 740
8 741
8 742
8 743
8 744
8 745
8 746
8 747
8 748
8 749
8 750
8 751
8 752
8 753
8 754
8 755
8 756
8 757
8 758
8 759
8 760
8 761
8 762
8 763
8 765
8 766
8 767
8 768
8 770
8 771
8 772
8 773
8 774
8 775
8 776
8 777
8 778
8 779
8 780
8 781
8 782
8 783
8 784
8 785
8 787
8 788
8 789
8 790
8 791
8 793
8 794
8 795
8 796
8 797
8 798
8 799
8 801
8 802
8 803
8 804
8 805
8 806
8 807
8 808
8 809
8 810
8 811
8 812
8 813
8 814
8 815
8 816
8 817
8 818
8 820
8 821
8 822
8 824
8 825
8 826
8 828
8 829
8 830
8 831
8 832
8 833
8 834
8 835
8 836
8 837
8 838
8 839
8 840
8 841
8 842
8 843
8 844
8 845
8 846
8 847
8 848
8 849
8 850
8 851
8 852
8 853
8 854
8 855
8 856
8 857
8 858
8 859
8 860
8 861
8 862
8 863
8 864
8 865
8 866
8 867
8 868
8 869
8 870
8 871
8 872
8 873
8 874
8 875
8 876
8 877
8 878
8 879
8 880
8 881
8 882
8 883
8 884
8 885
8 886
8 887
8 888
8 889
8 890
8 891
8 892
8 893
8 894
8 895
8 896
8 897
8 898
8 899
8 900
8 901
8 902
8 903
8 904
8 905
8 906
8 907
8 908
8 909
8 910
8 911
8 912
8 913
8 914
8 915
8 916
8 917
8 918
8 919
8 920
8 921
8 922
8 923
8 924
8 925
8 933
8 934
8 935
8 936
8 937
8 938
8 939
8 940
8 941
8 942
8 943
8 944
8 945
8 946
8 947
8 948
8 949
8 950
8 951
8 952
8 953
8 954
8 955
8 956
8 957
8 958
8 959
8 960
8 973
8 974
8 975
8 976
8 977
8 978
8 979
8 980
8 981
8 982
8 983
8 984
8 985
8 986
8 987
8 988
8 989
8 990
8 991
8 992
8 993
8 994
8 995
8 998
8 999
8 1000
8 1001
8 1008
8 1010
8 1011
8 1012
8 1013
8 1014
8 1015
8 1016
8 1017
8 1018
8 1019
8 1020
8 1021
8 1022
8 1023
8 1024
8 1025
8 1026
8 1027
8 1028
8 1029
8 1030
8 1031
8 1032
8 1033
8 1034
8 1035
8 1036
8 1037
8 1041
8 1042
8 1043
8 1044
8 1045
8 1046
8 1047
8 1048
8 1049
8 1050
8 1051
8 1052
8 1054
8 1055
8 1056
8 1057
8 1058
8 1059
8 1060
8 1061
8 1062
8 1070
8 1071
8 1072
8 1073
8 1074
8 1075
8 1076
8 1077
8 1080
8 1081
8 1082
8 1083
8 1084
8 1085
8 1086
8 1087
8 1088
8 1089
8 1090
8 1091
8 1092
8 1093
8 1094
8 1095
8 1096
8 1097
8 1098
8 1099
8 1100
8 1101
8 1102
8 1103
8 1105
8 1106
8 1107
8 1108
8 1109
8 1110
8 1111
8 1112
8 1115
8 1116
8 1117
8 1142
8 1143
8 1146
8 1149
8 1151
8 1163
8 1167
8 1176
8 1177
8 1178
8 1179
8 1180
8 1181
8 1182
8 1186
8 1187
8 1230
8 1253
8 1287
8 1298
8 1299
8 1300
8 1302
8 1303
8 1304
8 1307
8 1309
8 1313
8 1314
8 1315
8 1357
8 1358
8 1359
8 1360
8 1492
8 1494
8 1495
8 1511
8 1528
8 1530
8 1562
8 1563
8 1594
8 1596
8 1600
8 1608
8 1620
8 1699
8 1700
8 1706
8 1707
8 1718
8 1771
8 1816
8 1817
8 1818
8 1831
8 1832
8 1951
8 1957
8 1958
8 1974
8 2065
8 2066
8 2095
8 2114
8 2195
8 2996
8 4541
8 6825
8 6826
8 6827
8 6874
8 6875
8 6876
8 6877
8 6887
8 6944
8 7894
9 82
9 90
9 91
9 92
9 93
9 94
9 116
9 117
9 124
9 126
9 127
9 130
9 134
9 135
9 145
9 151
9 152
9 153
9 154
9 157
9 158
9 165
9 169
9 170
9 171
9 172
9 173
9 175
9 176
9 177
9 178
9 179
9 180
9 181
9 182
9 183
9 184
9 186
9 187
9 188
9 189
9 190
9 191
9 192
9 193
9 197
9 209
9 210
9 212
9 213
9 214
9 215
9 216
9 218
9 219
9 220
9 221
9 222
9 223
9 224
9 225
9 227
9 228
9 229
9 230
9 231
9 232
9 233
9 234
9 235
9 236
9 237
9 238
9 239
9 240
9 241
9 242
9 243
9 244
9 245
9 246
9 247
9 248
9 249
9 250
9 251
9 252
9 253
9 254
9 255
9 256
9 257
9 258
9 259
9 260
9 261
9 263
9 265
9 266
9 267
9 268
9 269
9 270
9 271
9 272
9 273
9 274
9 275
9 276
9 277
9 278
9 279
9 280
9 281
9 282
9 283
9 284
9 285
9 286
9 287
9 288
9 289
9 290
9 291
9 292
9 294
9 295
9 296
9 297
9 298
9 299
9 300
9 303
9 304
9 305
9 318
9 319
9 320
9 321
9 333
9 334
9 336
9 338
9 339
9 340
9 341
9 342
9 343
9 356
9 357
9 358
9 361
9 362
9 363
9 364
9 422
9 431
9 432
9 433
9 434
9 435
9 436
9 468
9 469
9 470
9 471
9 472
9 473
9 474
9 475
9 476
9 477
9 478
9 479
9 480
9 481
9 482
9 483
9 484
9 485
9 486
9 487
9 488
9 489
9 490
9 491
9 492
9 493
9 494
9 507
9 519
9 529
9 531
9 540
9 546
9 547
9 548
9 549
9 550
9 551
9 553
9 554
9 555
9 557
9 558
9 559
9 560
9 562
9 563
9 564
9 566
9 567
9 568
9 569
9 570
9 571
9 572
9 574
9 575
9 576
9 577
9 578
9 579
9 580
9 581
9 582
9 583
9 584
9 585
9 586
9 587
9 588
9 589
9 590
9 591
9 592
9 593
9 594
9 595
9 596
9 597
9 598
9 599
9 600
9 601
9 602
9 603
9 604
9 605
9 606
9 607
9 608
9 609
9 610
9 611
9 612
9 613
9 614
9 615
9 616
9 617
9 618
9 619
9 620
9 621
9 623
9 624
9 625
9 626
9 627
9 628
9 629
9 630
9 631
9 632
9 634
9 635
9 636
9 637
9 638
9 640
9 641
9 642
9 643
9 644
9 646
9 647
9 648
9 649
9 650
9 651
9 652
9 653
9 654
9 655
9 657
9 658
9 660
9 666
9 670
9 674
9 677
9 679
9 681
9 682
9 683
9 684
9 688
9 689
9 690
9 691
9 692
9 693
9 696
9 697
9 698
9 699
9 700
9 701
9 702
9 703
9 704
9 705
9 706
9 707
9 708
9 709
9 710
9 711
9 712
9 713
9 715
9 716
9 717
9 718
9 719
9 723
9 724
9 753
9 754
9 755
9 756
9 757
9 761
9 762
9 763
9 765
9 766
9 767
9 768
9 771
9 772
9 785
9 788
9 790
9 793
9 794
9 795
9 796
9 797
9 798
9 804
9 805
9 806
9 807
9 822
9 824
9 825
9 826
9 828
9 829
9 830
9 831
9 832
9 833
9 834
9 835
9 836
9 837
9 838
9 839
9 840
9 841
9 844
9 845
9 846
9 847
9 848
9 849
9 850
9 851
9 852
9 853
9 854
9 855
9 856
9 857
9 858
9 859
9 860
9 861
9 862
9 863
9 864
9 865
9 866
9 867
9 868
9 869
9 870
9 873
9 874
9 875
9 877
9 878
9 879
9 880
9 881
9 882
9 883
9 884
9 885
9 886
9 887
9 888
9 889
9 891
9 892
9 893
9 894
9 895
9 896
9 897
9 898
9 899
9 900
9 901
9 902
9 903
9 904
9 905
9 907
9 908
9 909
9 910
9 911
9 912
9 920
9 921
9 922
9 923
9 924
9 925
9 926
9 927
9 928
9 929
9 930
9 931
9 932
9 935
9 936
9 937
9 938
9 939
9 940
9 942
9 943
9 944
9 945
9 946
9 947
9 948
9 949
9 950
9 951
9 952
9 953
9 954
9 976
9 979
9 984
9 999
9 1000
9 1001
9 1015
9 1016
9 1032
9 1034
9 1035
9 1036
9 1052
9 1057
9 1058
9 1059
9 1060
9 1078
9 1079
9 1093
9 1094
9 1110
9 1117
9 1118
9 1119
9 1121
9 1123
9 1126
9 1127
9 1128
9 1129
9 1132
9 1133
9 1134
9 1136
9 1137
9 1139
9 1142
9 1147
9 1152
9 1153
9 1154
9 1155
9 1156
9 1157
9 1162
9 1163
9 1164
9 1165
9 1166
9 1168
9 1169
9 1170
9 1171
9 1185
9 1189
9 1190
9 1191
9 1192
9 1193
9 1194
9 1195
9 1196
9 1197
9 1198
9 1199
9 1200
9 1201
9 1202
9 1203
9 1204
9 1205
9 1206
9 1217
9 1226
9 1227
9 1228
9 1232
9 1233
9 1234
9 1235
9 1236
9 1238
9 1239
9 1240
9 1241
9 1242
9 1243
9 1244
9 1245
9 1246
9 1247
9 1248
9 1249
9 1250
9 1251
9 1254
9 1255
9 1256
9 1257
9 1258
9 1259
9 1260
9 1261
9 1262
9 1263
9 1264
9 1265
9 1266
9 1267
9 1268
9 1269
9 1271
9 1272
9 1273
9 1274
9 1275
9 1276
9 1277
9 1278
9 1279
9 1280
9 1281
9 1282
9 1283
9 1284
9 1285
9 1288
9 1289
9 1290
9 1291
9 1292
9 1293
9 1294
9 1295
9 1299
9 1302
9 1314
9 1316
9 1317
9 1318
9 1319
9 1320
9 1321
9 1322
9 1323
9 1324
9 1325
9 1326
9 1327
9 1328
9 1329
9 1330
9 1331
9 1332
9 1333
9 1334
9 1335
9 1336
9 1337
9 1338
9 1339
9 1340
9 1341
9 1342
9 1343
9 1344
9 1345
9 1346
9 1347
9 1348
9 1349
9 1350
9 1351
9 1352
9 1353
9 1354
9 1355
9 1356
9 1361
9 1362
9 1363
9 1364
9 1365
9 1366
9 1367
9 1368
9 1369
9 1370
9 1371
9 1372
9 1373
9 1374
9 1375
9 1376
9 1377
9 1378
9 1379
9 1380
9 1381
9 1382
9 1383
9 1384
9 1385
9 1386
9 1387
9 1388
9 1389
9 1390
9 1391
9 1392
9 1393
9 1394
9 1395
9 1396
9 1397
9 1398
9 1399
9 1400
9 1401
9 1402
9 1403
9 1404
9 1405
9 1406
9 1407
9 1408
9 1409
9 1410
9 1411
9 1412
9 1413
9 1414
9 1415
9 1416
9 1417
9 1418
9 1419
9 1420
9 1421
9 1422
9 1423
9 1424
9 1425
9 1426
9 1427
9 1428
9 1429
9 1430
9 1431
9 1432
9 1433
9 1434
9 1435
9 1436
9 1437
9 1438
9 1439
9 1440
9 1441
9 1442
9 1443
9 1444
9 1445
9 1446
9 1447
9 1448
9 1449
9 1450
9 1451
9 1452
9 1453
9 1454
9 1455
9 1456
9 1457
9 1458
9 1459
9 1460
9 1461
9 1462
9 1463
9 1464
9 1465
9 1466
9 1467
9 1468
9 1469
9 1470
9 1471
9 1472
9 1473
9 1474
9 1475
9 1476
9 1477
9 1478
9 1479
9 1480
9 1481
9 1482
9 1483
9 1484
9 1485
9 1486
9 1487
9 1490
9 1491
9 1496
9 1497
9 1498
9 1499
9 1500
9 1501
9 1502
9 1503
9 1504
9 1505
9 1506
9 1507
9 1508
9 1510
9 1512
9 1513
9 1514
9 1515
9 1516
9 1517
9 1518
9 1519
9 1520
9 1521
9 1522
9 1524
9 1525
9 1526
9 1528
9 1531
9 1532
9 1533
9 1534
9 1535
9 1536
9 1537
9 1538
9 1539
9 1540
9 1561
9 1564
9 1566
9 1567
9 1568
9 1569
9 1570
9 1573
9 1577
9 1578
9 1579
9 1580
9 1581
9 1582
9 1583
9 1584
9 1585
9 1586
9 1592
9 1593
9 1595
9 1597
9 1599
9 1655
9 1656
9 1657
9 1658
9 1659
9 1660
9 1661
9 1662
9 1663
9 1675
9 1676
9 1677
9 1678
9 1685
9 1693
9 1695
9 1698
9 1705
9 1709
9 1710
9 1711
9 1712
9 1713
9 1714
9 1715
9 1716
9 1717
9 1720
9 1721
9 1722
9 1723
9 1724
9 1725
9 1726
9 1727
9 1728
9 1729
9 1730
9 1733
9 1734
9 1735
9 1737
9 1739
9 1740
9 1741
9 1742
9 1744
9 1745
9 1746
9 1748
9 1749
9 1750
9 1753
9 1754
9 1755
9 1756
9 1757
9 1758
9 1759
9 1760
9 1761
9 1763
9 1764
9 1765
9 1766
9 1767
10 82
10 89
10 90
10 162
10 175
10 209
10 218
10 305
10 343
10 356
10 528
10 755
10 874
10 1117
10 1118
10 1119
10 1120
10 1121
10 1122
10 1123
10 1124
10 1125
10 1126
10 1127
10 1128
10 1129
10 1130
10 1131
10 1132
10 1133
10 1134
10 1135
10 1136
10 1137
10 1138
10 1139
10 1140
10 1141
10 1142
10 1147
10 1152
10 1153
10 1154
10 1155
10 1156
10 1157
10 1162
10 1163
10 1164
10 1165
10 1166
10 1167
10 1168
10 1169
10 1170
10 1171
10 1172
10 1185
10 1189
10 1190
10 1191
10 1192
10 1193
10 1194
10 1195
10 1196
10 1197
10 1198
10 1199
10 1200
10 1201
10 1202
10 1203
10 1204
10 1205
10 1206
10 1207
10 1264
11 82
11 105
12 82
12 83
12 87
12 89
12 105
12 116
12 126
12 127
12 130
12 134
12 135
12 141
12 142
12 145
12 149
12 150
12 151
12 152
12 153
12 154
12 155
12 157
12 158
12 197
12 209
12 210
12 212
12 213
12 214
12 216
12 218
12 219
12 220
12 221
12 223
12 224
12 225
12 226
12 227
12 228
12 229
12 230
12 231
12 232
12 233
12 234
12 235
12 236
12 237
12 238
12 239
12 240
12 241
12 242
12 243
12 244
12 245
12 246
12 247
12 248
12 249
12 250
12 251
12 252
12 253
12 254
12 255
12 256
12 257
12 258
12 259
12 260
12 261
12 262
12 263
12 265
12 266
12 267
12 268
12 269
12 270
12 271
12 272
12 273
12 274
12 275
12 276
12 277
12 278
12 279
12 280
12 281
12 282
12 283
12 284
12 285
12 286
12 287
12 288
12 289
12 290
12 291
12 292
12 294
12 295
12 296
12 297
12 298
12 299
12 300
12 303
12 304
12 305
12 314
12 318
12 319
12 320
12 321
12 333
12 334
12 336
12 338
12 339
12 340
12 341
12 356
12 357
12 358
12 361
12 362
12 363
12 364
12 377
12 420
12 431
12 432
12 433
12 434
12 435
12 436
12 437
12 468
12 469
12 470
12 471
12 472
12 473
12 474
12 475
12 476
12 477
12 507
12 528
12 529
12 531
12 538
12 540
12 542
12 546
12 547
12 548
12 549
12 550
12 551
12 553
12 555
12 557
12 558
12 559
12 560
12 562
12 563
12 564
12 566
12 567
12 568
12 569
12 570
12 571
12 572
12 575
12 576
12 577
12 578
12 579
12 580
12 581
12 582
12 583
12 587
12 588
12 589
12 590
12 591
12 592
12 593
12 594
12 595
12 597
12 598
12 599
12 601
12 602
12 603
12 605
12 606
12 607
12 608
12 609
12 610
12 611
12 612
12 613
12 614
12 615
12 616
12 618
12 619
12 620
12 621
12 622
12 623
12 624
12 625
12 626
12 627
12 628
12 629
12 632
12 633
12 634
12 636
12 637
12 640
12 643
12 644
12 645
12 646
12 647
12 648
12 649
12 650
12 651
12 652
12 653
12 655
12 657
12 658
12 659
12 660
12 666
12 670
12 671
12 674
12 679
12 682
12 683
12 684
12 685
12 688
12 689
12 691
12 692
12 693
12 696
12 697
12 698
12 700
12 701
12 703
12 704
12 705
12 706
12 708
12 709
12 710
12 711
12 712
12 713
12 715
12 716
12 717
12 719
12 724
12 726
12 732
12 735
12 738
12 742
12 753
12 754
12 755
12 756
12 757
12 761
12 762
12 763
12 768
12 771
12 772
12 785
12 788
12 790
12 793
12 795
12 796
12 797
12 798
12 804
12 805
12 806
12 807
12 810
12 822
12 824
12 825
12 826
12 828
12 829
12 830
12 832
12 833
12 834
12 835
12 836
12 837
12 838
12 839
12 840
12 841
12 844
12 845
12 846
12 847
12 848
12 850
12 851
12 853
12 854
12 855
12 856
12 857
12 858
12 859
12 860
12 861
12 862
12 863
12 864
12 866
12 868
12 869
12 870
12 873
12 874
12 875
12 876
12 877
12 878
12 879
12 880
12 881
12 882
12 883
12 884
12 885
12 886
12 887
12 888
12 889
12 891
12 892
12 893
12 894
12 895
12 897
12 898
12 899
12 900
12 902
12 903
12 904
12 906
12 908
12 909
12 910
12 911
12 912
12 920
12 922
12 923
12 925
12 926
12 927
12 928
12 929
12 932
12 935
12 936
12 937
12 938
12 941
12 942
12 943
12 944
12 945
12 946
12 947
12 948
12 949
12 951
12 952
12 953
12 955
12 956
12 979
12 999
12 1000
12 1016
12 1034
12 1035
12 1036
12 1052
12 1078
12 1079
12 1117
12 1118
12 1119
12 1120
12 1121
12 1123
12 1125
12 1126
12 1129
12 1130
12 1131
12 1133
12 1134
12 1136
12 1142
12 1147
12 1152
12 1153
12 1154
12 1155
12 1156
12 1157
12 1162
12 1163
12 1164
12 1165
12 1170
12 1171
12 1185
12 1189
12 1190
12 1191
12 1192
12 1193
12 1194
12 1195
12 1198
12 1199
12 1200
12 1201
12 1202
12 1203
12 1204
12 1206
12 1210
12 1211
12 1212
12 1213
12 1226
12 1228
12 1235
12 1238
12 1241
12 1244
12 1247
12 1257
12 1261
12 1264
12 1269
12 1271
12 1274
12 1283
12 1288
12 1290
12 1291
12 1293
12 1539
12 1542
12 1543
12 1544
12 1545
12 1546
12 1547
12 1548
12 1549
12 1550
12 1551
12 1552
12 1553
12 1554
12 1555
12 1556
12 1557
12 1558
12 1559
12 1560
12 1562
12 1617
12 1621
12 1623
12 1624
12 1625
12 1626
12 1627
12 1628
12 1629
12 1630
12 1631
12 1632
12 1633
12 1634
12 1635
12 1636
12 1637
12 1640
12 1641
12 1642
12 1643
12 1645
12 1646
12 1647
12 1648
12 1651
12 1652
12 2110
12 2167
12 2195
12 2196
12 2230
12 2231
12 2232
12 2233
12 2234
12 2235
12 2236
12 2237
12 2238
12 2240
12 2241
12 2243
12 2244
12 2245
12 2248
12 2249
12 2250
12 2251
12 2252
12 2253
12 2254
12 2255
12 2258
12 2260
12 2268
12 2269
12 2270
12 2272
12 2273
12 2274
12 2275
12 2278
12 2279
12 2280
12 2281
12 2282
12 2283
12 2284
12 2285
12 2286
12 2287
12 2288
12 2290
12 2292
12 2293
12 2294
12 2295
12 2296
12 2297
12 2298
12 2300
12 2301
12 2302
12 2303
12 2304
12 2305
12 2306
12 2307
12 2308
12 2309
12 2310
12 2311
12 2312
12 2313
12 2314
12 2315
12 2317
12 2318
12 2319
12 2320
12 2321
12 2322
12 2323
12 2324
12 2325
12 2326
12 2327
12 2328
12 2329
12 2330
12 2331
12 2332
12 2333
12 2334
12 2341
12 2342
12 2343
12 2345
12 2346
12 2347
12 2348
12 2349
12 2351
12 2352
12 2353
12 2354
12 2355
12 2359
12 2360
12 2361
12 2362
12 2363
12 2364
12 2365
12 2366
12 2367
12 2369
12 2370
12 2387
12 2388
12 2389
12 2390
12 2391
12 2392
12 2393
12 2394
12 2395
12 2396
12 2397
12 2398
12 2399
12 2400
12 2401
12 2402
12 2403
12 2404
12 2405
12 2406
12 2407
12 2409
12 2410
12 2411
12 2412
12 2413
12 2414
12 2415
12 2426
12 2427
12 2430
12 2431
12 2432
12 2433
12 2440
12 2441
12 2442
12 2443
12 2444
12 2445
12 2446
12 2447
12 2448
12 2449
12 2450
12 2451
12 2452
12 2453
12 2454
12 2455
12 2456
12 2457
12 2458
12 2459
12 2460
12 2461
12 2462
12 2463
12 2464
12 2465
12 2466
12 2467
12 2468
12 2469
12 2470
12 2471
12 2472
12 2473
12 2474
12 2475
12 2476
12 2477
12 2478
12 2479
12 2482
12 2483
12 2484
12 2485
12 2486
12 2504
12 2518
12 2519
12 2521
12 2522
12 2523
12 2524
12 2529
12 2530
12 2531
12 2532
12 2533
12 2534
12 2535
12 2536
12 2537
12 2538
12 2559
12 2563
12 2564
12 2565
12 2566
12 2567
12 2571
12 2573
12 2574
12 2575
12 2576
12 2577
12 2578
12 2585
12 2587
12 2610
12 2641
12 2642
12 2643
12 2644
12 2645
12 2646
12 2647
12 2648
12 2652
12 2653
12 2654
12 2656
12 2686
12 2692
12 2693
12 2694
12 2698
12 2703
12 2704
12 2705
12 2706
12 2707
12 2708
12 2709
12 2710
12 2711
12 2712
12 2713
12 2714
12 2715
12 2716
12 2717
12 2718
12 2719
12 2720
12 2721
12 2722
12 2729
12 2738
12 2739
12 2740
12 2741
12 2742
12 2743
12 2744
12 2745
12 2746
12 2747
12 2748
12 2749
12 2753
12 2754
12 2755
12 2756
12 2759
12 2760
12 2761
12 2762
12 2763
12 2764
12 2765
12 2766
12 2767
12 2768
12 2769
12 2770
12 2771
12 2772
12 2773
12 2774
12 2775
12 2776
12 2777
12 2778
12 2779
12 2780
12 2781
12 2782
12 2784
12 2785
12 2786
12 2787
12 2788
12 2790
12 2791
12 2792
12 2793
12 2794
12 2795
12 2796
12 2801
12 2802
12 2803
12 2804
12 2805
12 2806
12 2807
12 2808
12 2809
12 2810
12 2811
12 2812
12 2813
12 2814
12 2815
12 2816
12 2817
12 2818
12 2819
12 2820
12 2822
12 2823
12 2824
12 2825
12 2826
12 2827
12 2828
12 2829
12 2830
12 2831
12 2832
12 2833
12 2834
12 2835
12 2836
12 2837
12 2838
12 2839
12 2840
12 2841
12 2842
12 2843
12 2844
12 2845
12 2846
12 2847
12 2848
12 2849
12 2850
12 2851
12 2852
12 2853
12 2859
12 2860
12 2861
12 2862
12 2871
12 2872
12 2873
12 2875
12 2877
12 2880
12 2896
12 2897
12 2898
12 2899
12 2913
12 2914
12 2919
12 2923
12 2924
12 2956
12 2960
12 2961
12 2962
12 2963
12 2965
12 2966
12 2982
12 2985
12 2988
12 2989
12 2990
12 2996
12 3027
12 3028
12 3149
12 3204
12 3215
12 3220
12 3783
12 3786
12 3788
12 3789
12 3791
12 3807
12 4184
12 4185
12 4534
12 4538
12 4539
12 4540
12 4541
12 4555
12 4579
12 4598
12 4678
12 4679
12 4680
12 4681
12 4682
12 4683
12 4684
12 4685
12 4686
12 4687
12 4688
12 4689
12 4690
12 4691
12 4692
12 4693
12 4694
12 4695
12 4696
12 4697
12 4971
12 6876
12 6944
13 83
13 685
14 83
14 133
15 83
16 83
16 89
16 209
16 218
16 356
16 685
16 730
16 735
16 738
16 754
16 755
16 797
16 798
16 985
16 1084
16 1117
16 1135
16 1137
16 1630
16 2024
16 2030
16 2031
16 2229
16 2230
16 2231
16 2232
16 2233
16 2234
16 2235
16 2236
16 2237
16 2238
16 2239
16 2240
16 2241
16 2242
16 2243
16 2244
16 2245
16 2248
16 2249
16 2250
16 2251
16 2252
16 2253
16 2254
16 2255
16 2256
16 2257
16 2258
16 2259
16 2260
16 2261
16 2262
16 2263
16 2264
16 2265
16 2266
16 2267
16 2268
16 2269
16 2270
16 2271
16 2272
16 2273
16 2274
16 2275
16 2276
16 2277
16 2278
16 2279
16 2280
16 2281
16 2282
16 2283
16 2284
16 2285
16 2286
16 2287
16 2288
16 2289
16 2290
16 2291
16 2292
16 2293
16 2294
16 2295
16 2296
16 2297
16 2298
16 2299
16 2300
16 2301
16 2302
16 2303
16 2304
16 2305
16 2306
16 2307
16 2308
16 2309
16 2310
16 2311
16 2312
16 2313
16 2314
16 2315
16 2316
16 2317
16 2318
16 2319
16 2320
16 2321
16 2322
16 2323
16 2324
16 2325
16 2326
16 2327
16 2328
16 2329
16 2330
16 2331
16 2332
16 2333
16 2334
16 2335
16 2336
16 2337
16 2341
16 2342
16 2343
16 2344
16 2345
16 2346
16 2347
16 2348
16 2349
16 2350
16 2351
16 2352
16 2353
16 2354
16 2355
16 2361
16 2362
16 2363
16 2364
16 2365
16 2366
16 2367
16 2368
16 2369
16 2370
16 2440
16 2656
16 2821
16 2830
16 2858
16 3027
16 3149
16 3152
16 3175
16 3184
16 3185
16 3186
16 3187
16 3188
16 3189
16 3190
16 3191
16 3192
16 3193
16 3198
16 3201
16 3203
16 3204
16 3212
16 3256
16 3257
16 3258
16 3259
16 3260
16 3261
16 3262
16 3263
16 3264
16 3265
16 3267
16 3268
16 3269
16 3270
16 3271
16 3272
16 3273
16 3274
16 3275
16 3276
16 3279
16 3280
16 3440
16 3441
16 3442
16 3443
16 3444
16 3445
16 3446
16 3447
16 3448
16 3449
16 3450
16 3451
16 3452
16 3453
16 3454
16 3455
16 3456
16 3457
16 3458
16 3459
16 3460
16 3461
16 3462
16 3466
16 3485
16 3488
16 3489
16 3498
16 3499
16 3501
16 3502
16 3503
16 3504
16 3534
16 3551
16 3552
16 3597
16 3598
16 3599
16 3604
16 3605
16 3636
16 3637
16 3638
16 3641
16 3643
16 3755
16 3785
16 3787
16 3790
16 3934
16 4031
16 4044
16 4045
16 4046
16 4047
16 4048
16 4049
16 4050
16 4051
16 4052
16 4053
16 4054
16 4055
16 4056
16 4057
16 4058
16 4059
16 4060
16 4061
16 4062
16 4063
16 4064
16 4065
16 4068
16 4069
16 4070
16 4071
16 4072
16 4073
16 4074
16 4075
16 4076
16 4077
16 4078
16 4079
16 4080
16 4081
16 4082
16 4083
16 4084
16 4085
16 4086
16 4087
16 4088
16 4089
16 4090
16 4091
16 4092
16 4093
16 4094
16 4095
16 4096
16 4097
16 4098
16 4099
16 4100
16 4101
16 4102
16 4103
16 4104
16 4105
16 4106
16 4107
16 4108
16 4109
16 4110
16 4111
16 4112
16 4113
16 4114
16 4115
16 4116
16 4117
16 4118
16 4119
16 4120
16 4121
16 4122
16 4123
16 4124
16 4125
16 4126
16 4127
16 4128
16 4129
16 4130
16 4131
16 4132
16 4133
16 4134
16 4135
16 4136
16 4184
16 4185
16 4186
16 4198
16 4246
16 4248
16 4249
16 4250
16 4251
16 4252
16 4253
16 4254
16 4255
16 4256
16 4257
16 4258
16 4259
16 4260
16 4261
16 4262
16 4263
16 4264
16 4265
16 4266
16 4267
16 4268
16 4269
16 4270
16 4271
16 4272
16 4273
16 4274
16 4275
16 4276
16 4277
16 4278
16 4279
16 4280
16 4281
16 4282
16 4283
16 4284
16 4285
16 4286
16 4287
16 4288
16 4289
16 4290
16 4291
16 4292
16 4293
16 4294
16 4295
16 4296
16 4297
16 4298
16 4299
16 4300
16 4301
16 4302
16 4303
16 4304
16 4305
16 4306
16 4307
16 4308
16 4309
16 4310
16 4311
16 4312
16 4313
16 4314
16 4315
16 4316
16 4317
16 4318
16 4319
16 4320
16 4321
16 4322
16 4323
16 4324
16 4325
16 4326
16 4327
16 4328
16 4329
16 4330
16 4331
16 4332
16 4333
16 4334
16 4335
16 4336
16 4337
16 4338
16 4339
16 4340
16 4341
16 4342
16 4343
16 4344
16 4345
16 4346
16 4347
16 4348
16 4349
16 4350
16 4351
16 4352
16 4353
16 4354
16 4355
16 4356
16 4357
16 4358
16 4359
16 4360
16 4361
16 4362
16 4363
16 4364
16 4365
16 4366
16 4367
16 4368
16 4369
16 4370
16 4371
16 4372
16 4373
16 4374
16 4375
16 4376
16 4377
16 4378
16 4379
16 4380
16 4381
16 4382
16 4383
16 4384
16 4385
16 4386
16 4387
16 4389
16 4390
16 4391
16 4392
16 4393
16 4394
16 4395
16 4396
16 4397
16 4398
16 4399
16 4400
16 4401
16 4402
16 4403
16 4404
16 4405
16 4406
16 4407
16 4408
16 4409
16 4410
16 4411
16 4412
16 4413
16 4414
16 4415
16 4416
16 4498
16 4527
16 4528
16 4541
16 4542
16 4543
16 4544
16 4545
16 4546
16 4547
16 4552
16 4553
16 4590
16 4673
16 4709
16 7163
17 84
18 84
18 85
18 121
18 123
18 337
18 1098
18 1309
18 1787
18 1830
18 1874
18 1956
18 2004
18 2020
18 2056
18 2060
18 2095
18 2114
18 2149
18 2927
18 3606
18 3607
18 3608
18 3609
18 3610
18 3611
18 3612
18 3613
18 3614
18 3615
18 3616
18 3617
18 3618
18 3621
18 3622
18 3623
18 3624
18 3625
18 3626
18 3627
18 3628
18 3629
18 3630
18 3631
18 3632
18 3633
19 85
20 87
20 149
20 280
20 433
20 434
20 437
20 659
20 685
20 717
20 811
20 985
20 2789
20 2790
20 2947
20 2948
20 2949
20 2950
20 2951
20 2952
20 2953
20 2954
20 2955
20 2956
20 2957
20 2958
20 2959
20 2960
20 2961
20 2962
20 2963
20 2964
20 2965
20 2966
20 2967
20 2968
20 2969
20 2970
20 2977
20 2978
20 2979
20 2981
20 2982
20 2983
20 2986
20 2992
20 2993
20 2994
20 2995
20 2996
20 2999
20 3003
20 3004
20 3005
20 3007
20 3008
20 3009
20 3010
20 3011
20 3012
20 3013
20 3014
20 3015
20 3016
20 3017
20 3018
20 3019
20 3020
20 3021
20 3022
20 3023
20 3024
20 3033
20 3053
20 3054
20 3055
20 3056
20 3060
20 3061
20 3062
20 3063
20 3064
20 3066
20 3220
20 3223
20 3224
20 3225
20 3226
20 3227
20 3228
20 3229
20 3230
20 3231
20 3232
20 3233
20 3234
20 3237
20 3238
20 3243
20 3244
20 3245
20 3246
20 3247
20 3248
20 3249
20 3250
20 3251
20 3252
20 3277
20 3278
20 3451
20 3554
20 3579
20 3580
20 3581
20 3582
20 3583
20 3584
20 3585
20 3586
20 3587
20 3588
20 3589
20 3590
20 3591
20 3592
20 3593
20 3594
20 3595
20 3596
20 3947
20 3948
20 4710
20 7164
20 7165
20 7898
21 87
21 89
21 149
21 175
21 209
21 218
21 305
21 319
21 320
21 343
21 356
21 414
21 478
21 519
21 542
21 561
21 685
21 755
21 833
21 835
21 874
21 909
21 955
21 1017
21 1018
21 1023
21 1024
21 1043
21 1118
21 1119
21 1120
21 1121
21 1122
21 1123
21 1126
21 1128
21 1130
21 1142
21 1155
21 1164
21 1165
21 1193
21 1200
21 1204
21 1233
21 1263
21 1264
21 1748
21 2032
21 2033
21 2110
21 2358
21 2440
21 2661
21 2662
21 2663
21 2664
21 2665
21 2666
21 2667
21 2668
21 2766
21 2768
21 2769
21 2775
21 2776
21 2778
21 2779
21 2780
21 2782
21 2790
21 2802
21 2803
21 2804
21 2812
21 2822
21 2830
21 2831
21 2860
21 2873
21 2996
21 3007
21 3053
21 3093
21 3094
21 3095
21 3096
21 3097
21 3098
21 3099
21 3100
21 3101
21 3102
21 3103
21 3104
21 3105
21 3106
21 3107
21 3108
21 3109
21 3110
21 3111
21 3112
21 3113
21 3114
21 3115
21 3116
21 3117
21 3118
21 3119
21 3120
21 3121
21 3122
21 3123
21 3124
21 3125
21 3126
21 3127
21 3128
21 3129
21 3130
21 3131
21 3132
21 3133
21 3134
21 3135
21 3136
21 3137
21 3138
21 3139
21 3140
21 3141
21 3142
21 3143
21 3144
21 3145
21 3146
21 3147
21 3148
21 3149
21 3199
21 3200
21 3202
21 3204
21 3205
21 3206
21 3207
21 3208
21 3244
21 3255
21 3282
21 3283
21 3284
21 3285
21 3286
21 3287
21 3288
21 3289
21 3290
21 3291
21 3292
21 3293
21 3294
21 3295
21 3296
21 3297
21 3298
21 3299
21 3300
21 3301
21 3302
21 3303
21 3304
21 3305
21 3306
21 3307
21 3308
21 3309
21 3310
21 3311
21 3312
21 3313
21 3314
21 3315
21 3316
21 3317
21 3318
21 3319
21 3320
21 3321
21 3322
21 3323
21 3324
21 3325
21 3326
21 3327
21 3328
21 3329
21 3330
21 3331
21 3332
21 3333
21 3334
21 3335
21 3336
21 3337
21 3338
21 3339
21 3340
21 3341
21 3342
21 3343
21 3344
21 3345
21 3346
21 3347
21 3348
21 3349
21 3350
21 3351
21 3352
21 3353
21 3354
21 3355
21 3356
21 3357
21 3358
21 3359
21 3360
21 3361
21 3362
21 3363
21 3364
21 3365
21 3366
21 3367
21 3368
21 3369
21 3370
21 3371
21 3372
21 3373
21 3374
21 3375
21 3376
21 3377
21 3378
21 3379
21 3380
21 3381
21 3382
21 3383
21 3384
21 3385
21 3386
21 3387
21 3388
21 3389
21 3390
21 3391
21 3392
21 3393
21 3394
21 3395
21 3396
21 3397
21 3398
21 3399
21 3400
21 3401
21 3402
21 3403
21 3404
21 3405
21 3406
21 3407
21 3408
21 3409
21 3410
21 3411
21 3412
21 3413
21 3414
21 3415
21 3416
21 3417
21 3418
21 3419
21 3420
21 3421
21 3422
21 3423
21 3424
21 3425
21 3426
21 3427
21 3428
21 3429
21 3430
21 3431
21 3432
21 3433
21 3434
21 3435
21 3446
21 3449
21 3450
21 3453
21 3454
21 3455
21 3458
21 3464
21 3465
21 3466
21 3467
21 3468
21 3469
21 3470
21 3471
21 3472
21 3473
21 3474
21 3475
21 3476
21 3477
21 3478
21 3479
21 3481
21 3482
21 3483
21 3486
21 3490
21 3491
21 3492
21 3493
21 3494
21 3495
21 3496
21 3497
21 3498
21 3505
21 3506
21 3507
21 3508
21 3509
21 3510
21 3511
21 3512
21 3513
21 3514
21 3515
21 3516
21 3517
21 3518
21 3519
21 3520
21 3521
21 3522
21 3523
21 3524
21 3525
21 3526
21 3527
21 3528
21 3529
21 3530
21 3531
21 3532
21 3533
21 3535
21 3536
21 3537
21 3538
21 3539
21 3540
21 3541
21 3542
21 3543
21 3544
21 3545
21 3546
21 3547
21 3548
21 3551
21 3552
21 3558
21 3563
21 3707
21 3708
21 3709
21 3710
21 3711
21 3712
21 3713
21 3714
21 3715
21 3716
21 3717
21 3718
21 3719
21 3720
21 3721
21 3722
21 3723
21 3724
21 3725
21 3726
21 3727
21 3728
21 3729
21 3730
21 3731
21 3732
21 3733
21 3734
21 3736
21 3737
21 3738
21 3739
21 3740
21 3741
21 3742
21 3743
21 3744
21 3745
21 3746
21 3747
21 3748
21 3749
21 3750
21 3753
21 3754
21 3756
21 3757
21 3758
21 3759
21 3760
21 3761
21 3762
21 3763
21 3764
21 3765
21 3766
21 3767
21 3768
21 3769
21 3770
21 3771
21 3772
21 3773
21 3774
21 3775
21 3776
21 3777
21 3778
21 3779
21 3780
21 3781
21 3782
21 3788
21 3789
21 3808
21 3812
21 3813
21 3814
21 3815
21 3816
21 3817
21 3818
21 3819
21 3820
21 3821
21 3822
21 3823
21 3824
21 3825
21 3826
21 3827
21 3828
21 3829
21 3830
21 3831
21 3832
21 3833
21 3834
21 3835
21 3836
21 3837
21 3838
21 3839
21 3840
21 3841
21 3842
21 3843
21 3850
21 3851
21 3852
21 3853
21 3854
21 3855
21 3856
21 3857
21 3858
21 3859
21 3860
21 3861
21 3862
21 3863
21 3864
21 3865
21 3866
21 3867
21 3868
21 3869
21 3870
21 3871
21 3872
21 3873
21 3874
21 3875
21 3876
21 3877
21 3878
21 3879
21 3880
21 3881
21 3882
21 3883
21 3884
21 3885
21 3886
21 3887
21 3888
21 3889
21 3890
21 3891
21 3892
21 3893
21 3894
21 3895
21 3896
21 3897
21 3898
21 3899
21 3900
21 3901
21 3902
21 3903
21 3904
21 3905
21 3906
21 3907
21 3908
21 3909
21 3910
21 3911
21 3912
21 3913
21 3914
21 3915
21 3916
21 3917
21 3931
21 3932
21 3937
21 3941
21 3942
21 3943
21 3944
21 3945
21 3946
21 3949
21 3950
21 3951
21 3952
21 3953
21 3954
21 3955
21 3956
21 3957
21 3958
21 3959
21 3960
21 3961
21 3962
21 3963
21 3964
21 3965
21 3966
21 3967
21 3968
21 3969
21 3970
21 3971
21 3972
21 3973
21 3974
21 3975
21 3976
21 3977
21 3978
21 3979
21 3980
21 3981
21 3982
21 3983
21 3984
21 3985
21 3986
21 3987
21 3988
21 3989
21 3990
21 3991
21 3992
21 3993
21 3994
21 3995
21 3996
21 3997
21 3998
21 3999
21 4000
21 4001
21 4002
21 4003
21 4004
21 4005
21 4006
21 4007
21 4008
21 4009
21 4010
21 4011
21 4012
21 4013
21 4014
21 4015
21 4016
21 4017
21 4018
21 4019
21 4020
21 4021
21 4022
21 4023
21 4024
21 4025
21 4026
21 4027
21 4028
21 4071
21 4072
21 4073
21 4074
21 4075
21 4076
21 4077
21 4078
21 4116
21 4120
21 4121
21 4122
21 4123
21 4124
21 4125
21 4126
21 4127
21 4128
21 4134
21 4224
21 4225
21 4226
21 4227
21 4228
21 4229
21 4230
21 4231
21 4232
21 4233
21 4234
21 4235
21 4236
21 4237
21 4238
21 4239
21 4240
21 4241
21 4242
21 4243
21 4244
21 4245
21 4529
21 4530
21 4531
21 4532
21 4533
21 4534
21 4535
21 4536
21 4537
21 4541
22 87
22 99
22 106
22 126
22 135
22 155
22 175
22 197
22 213
22 230
22 247
22 251
22 262
22 266
22 278
22 284
22 292
22 314
22 343
22 379
22 380
22 383
22 385
22 386
22 387
22 388
22 405
22 416
22 418
22 422
22 424
22 437
22 439
22 493
22 497
22 517
22 519
22 692
22 716
22 723
22 773
22 811
22 812
22 817
22 835
22 836
22 861
22 869
22 870
22 982
22 984
22 1057
22 1058
22 1059
22 1060
22 1227
22 1233
22 1234
22 1240
22 1243
22 1246
22 1249
22 1251
22 1254
22 1256
22 1260
22 1263
22 1273
22 1275
22 1276
22 1282
22 1283
22 1284
22 1285
22 1289
22 1295
22 1611
22 1653
22 1738
22 1777
22 1817
22 1970
22 1971
22 1972
22 2098
22 2102
22 2154
22 2220
22 2224
22 2304
22 2353
22 2356
22 2360
22 2408
22 2417
22 2533
22 2588
22 2592
22 2594
22 2610
22 2659
22 2863
22 2916
22 2917
22 2920
22 2922
22 2928
22 2930
22 2931
22 2932
22 2933
22 2934
22 2935
22 2936
22 2937
22 2938
22 2946
22 2986
22 3025
22 3056
22 3081
22 3088
22 3089
22 3090
22 3164
22 3223
22 3321
22 3361
22 3451
22 3578
22 3583
22 3584
22 3585
22 3586
22 3587
22 3590
22 3593
22 3595
22 3655
22 3656
22 3657
22 3658
22 3659
22 3660
22 3661
22 3662
22 3663
22 3664
22 3665
22 3666
22 3667
22 3668
22 3669
22 3670
22 3671
22 3672
22 3673
22 3674
22 3675
22 3676
22 3677
22 3678
22 3679
22 3680
22 3681
22 3682
22 3683
22 3684
22 3685
22 3686
22 3688
22 3689
22 3690
22 3691
22 3692
22 3693
22 3694
22 3695
22 3696
22 3697
22 3698
22 3699
22 3700
22 3701
22 3702
22 3703
22 3704
22 3705
22 3706
22 3753
22 3794
22 3804
22 3844
22 4223
22 4434
22 4467
22 4480
22 4487
22 4563
22 4595
22 4600
22 4695
22 4699
22 4719
22 4720
22 4721
22 4722
22 4727
22 4728
22 4729
22 4734
22 4754
22 4756
22 4757
22 4759
22 4761
22 4764
22 4765
22 4781
22 4786
22 4792
22 4793
22 4796
22 4808
22 4809
22 4810
22 4811
22 4828
22 4847
22 4860
22 4868
22 4870
22 4871
22 4873
22 4875
22 4879
22 4880
22 4881
22 4882
22 4884
22 4955
22 4956
22 4957
22 4958
22 4959
22 4960
22 4961
22 4962
22 4963
22 4968
22 4970
22 4972
22 4973
22 4974
22 4975
22 4978
22 4983
22 4991
22 4995
22 4996
22 4997
22 4998
22 4999
22 5000
22 5001
22 5002
22 5003
22 5031
22 5032
22 5033
22 5041
22 5042
22 5049
22 5050
22 7036
22 7118
22 7135
23 87
23 91
23 116
23 122
23 149
23 175
23 218
23 230
23 266
23 287
23 376
23 377
23 379
23 414
23 415
23 417
23 422
23 459
23 491
23 497
23 507
23 514
23 518
23 542
23 580
23 683
23 685
23 718
23 722
23 749
23 750
23 755
23 766
23 773
23 797
23 826
23 891
23 955
23 981
23 983
23 1017
23 1021
23 1022
23 1043
23 1045
23 1046
23 1058
23 1086
23 1093
23 1095
23 1096
23 1097
23 1103
23 1111
23 1128
23 1130
23 1132
23 1136
23 1141
23 1168
23 1205
23 1237
23 1244
23 1268
23 1303
23 1304
23 1306
23 1611
23 1615
23 1671
23 1672
23 1674
23 1691
23 1738
23 1777
23 1783
23 1971
23 2026
23 2028
23 2098
23 2165
23 2167
23 2173
23 2178
23 2207
23 2225
23 2276
23 2320
23 2358
23 2388
23 2413
23 2416
23 2417
23 2418
23 2419
23 2420
23 2421
23 2422
23 2423
23 2424
23 2425
23 2430
23 2431
23 2432
23 2433
23 2434
23 2435
23 2436
23 2437
23 2438
23 2439
23 2474
23 2479
23 2480
23 2535
23 2536
23 2537
23 2538
23 2658
23 2659
23 2660
23 2661
23 2662
23 2663
23 2664
23 2665
23 2666
23 2667
23 2668
23 2678
23 2687
23 2688
23 2689
23 2690
23 2691
23 2700
23 2736
23 2830
23 2854
23 2855
23 2856
23 2857
23 2863
23 2864
23 2865
23 2866
23 2867
23 2868
23 2869
23 2870
23 2873
23 2893
23 2903
23 2912
23 2917
23 2918
23 2919
23 2921
23 2925
23 2926
23 2928
23 2929
23 2930
23 2931
23 2932
23 2933
23 2934
23 2935
23 2936
23 2937
23 2938
23 2939
23 2940
23 2941
23 2942
23 2943
23 2974
23 2975
23 2987
23 2991
23 3058
23 3059
23 3081
23 3090
23 3119
23 3137
23 3173
23 3174
23 3204
23 3215
23 3219
23 3220
23 3281
23 3446
23 3447
23 3448
23 3449
23 3450
23 3452
23 3453
23 3454
23 3464
23 3466
23 3469
23 3470
23 3474
23 3478
23 3479
23 3480
23 3481
23 3512
23 3517
23 3519
23 3520
23 3523
23 3525
23 3547
23 3549
23 3550
23 3553
23 3554
23 3555
23 3556
23 3559
23 3560
23 3561
23 3562
23 3563
23 3564
23 3565
23 3566
23 3567
23 3568
23 3569
23 3570
23 3571
23 3572
23 3573
23 3574
23 3575
23 3576
23 3577
23 3578
23 3644
23 3686
23 3688
23 3690
23 3692
23 3694
23 3695
23 3697
23 3699
23 3700
23 3702
23 3704
23 3706
23 3707
23 3708
23 3709
23 3710
23 3711
23 3712
23 3713
23 3714
23 3736
23 3739
23 3740
23 3741
23 3742
23 3743
23 3745
23 3746
23 3747
23 3750
23 3752
23 3754
23 3759
23 3783
23 3784
23 3808
23 3821
23 3836
23 3842
23 3858
23 3871
23 3896
23 3928
23 3929
23 3930
23 3952
23 3978
23 3981
23 3993
23 3995
23 4030
23 4058
23 4060
23 4067
23 4073
23 4076
23 4078
23 4084
23 4085
23 4087
23 4088
23 4091
23 4094
23 4116
23 4121
23 4122
23 4123
23 4126
23 4136
23 4149
23 4203
23 4215
23 4222
23 4244
23 4245
23 4274
23 4293
23 4296
23 4322
23 4324
23 4330
23 4336
23 4337
23 4344
23 4355
23 4447
23 4448
23 4449
23 4451
23 4452
23 4461
23 4495
23 4496
23 4497
23 4507
23 4541
23 4548
23 4549
23 4550
23 4621
23 4676
23 4702
23 4703
23 4704
23 4705
23 4706
23 4707
23 4716
23 4718
23 4745
23 4746
23 4747
23 4759
23 4836
23 4844
23 4883
23 4888
23 4889
23 4892
23 4896
23 4906
23 4908
23 4909
23 4996
23 5041
23 5054
23 5063
23 5065
23 5736
23 6045
23 6457
23 6599
23 6755
23 6820
23 6822
23 6944
23 6960
23 7010
23 7011
23 7016
23 7017
23 7018
23 7019
23 7020
23 7021
23 7034
23 7088
23 7113
23 7115
23 7118
23 7119
23 7120
23 7121
23 7122
23 7140
23 7323
23 7326
23 7505
23 7555
23 7556
23 7576
23 7597
23 7613
23 7662
23 7759
23 7781
23 7827
23 7853
23 7856
23 7890
23 7894
23 7899
23 7900
23 7903
23 7910
23 7911
23 7912
23 7913
23 7914
23 7915
23 7916
23 7917
23 7918
23 7919
23 7920
23 7921
23 7922
23 7923
23 7931
23 7934
23 7935
23 7936
23 7937
23 7938
23 7939
23 7940
23 7941
23 7942
23 7943
23 7944
23 7945
23 7946
23 7947
23 7948
23 7949
23 7950
23 7951
23 7952
23 7953
23 7954
23 7955
23 7956
23 7957
23 7958
23 7959
23 7960
23 7961
23 7962
23 7963
23 7964
23 7965
23 7966
23 7967
23 7968
23 7969
23 7970
23 7971
23 7972
23 7973
23 7974
23 7975
23 7976
23 7977
23 7978
23 7979
23 7980
23 7981
23 7982
23 7983
23 7984
23 7985
23 7986
23 7987
23 7988
23 7989
23 7990
23 7991
23 7992
23 7993
23 7994
23 7995
23 7996
23 7997
23 7998
23 7999
23 8000
23 8001
23 8002
23 8011
23 8076
23 8569
23 8570
23 8571
23 8572
23 8573
23 8574
23 8575
23 8576
23 8577
23 8578
23 8579
23 8580
23 8581
23 8582
23 8583
23 8584
23 8585
23 8586
23 8588
23 8589
23 8602
23 8606
23 8607
23 8658
23 8699
23 8747
23 8799
23 8831
23 8835
23 8850
23 8871
23 8872
23 8873
23 8874
23 8875
23 8876
23 8877
23 8881
23 8883
23 8884
23 8885
23 8890
23 8894
23 8897
23 8899
23 8900
23 8901
23 8902
23 8903
23 8963
23 8966
23 8967
23 8968
23 8969
23 8970
23 8988
23 9231
23 9256
23 9257
23 9464
23 9468
23 9492
23 9501
23 9512
23 9575
23 9633
23 9658
23 9667
23 9684
23 9692
23 9693
23 9694
23 9695
23 9696
23 9697
23 9698
23 9699
23 9700
23 9701
23 9702
23 9703
23 9704
23 9705
23 9706
23 9707
23 9708
23 9709
23 9710
23 9711
23 9712
23 9713
23 9714
23 9715
23 9716
23 9717
23 9718
23 9719
23 9730
23 9731
23 9732
23 9733
23 9734
23 9735
23 9736
23 9737
23 9738
23 9739
24 88
24 155
24 156
24 174
25 88
25 159
25 160
26 89
26 105
26 116
26 117
27 89
28 89
28 209
28 210
28 303
28 304
28 305
28 333
28 334
28 336
28 337
28 338
28 339
28 340
28 341
28 342
28 343
28 361
28 362
29 89
29 258
29 431
29 432
29 433
29 434
29 435
29 436
30 89
30 175
30 176
30 177
30 178
30 179
30 180
30 181
30 182
30 183
30 184
30 186
30 188
30 190
30 209
30 232
30 469
30 470
30 471
30 472
30 473
30 474
30 475
30 476
30 477
30 478
30 479
30 480
30 481
30 482
30 483
30 484
30 485
30 486
30 487
30 488
30 489
30 490
30 491
30 492
30 493
30 494
31 89
32 89
32 127
32 216
32 226
32 228
32 527
32 528
32 541
32 827
32 828
32 829
32 830
32 831
32 832
32 833
32 834
32 835
32 836
32 837
32 838
32 839
32 840
32 841
32 842
32 844
32 845
32 846
32 847
32 848
32 849
32 850
32 851
32 852
32 853
32 854
32 855
32 856
32 857
32 858
32 859
32 860
32 861
32 862
32 863
32 864
32 865
32 866
32 867
32 868
32 869
32 870
32 873
32 874
32 875
32 876
32 877
32 878
32 879
32 880
32 881
32 882
32 883
32 884
32 885
32 886
32 887
32 888
32 889
32 891
32 892
32 893
32 894
32 895
32 896
32 897
32 898
32 899
32 900
32 901
32 902
32 911
32 912
32 921
32 922
32 923
32 924
32 925
32 926
32 927
32 928
32 929
32 930
32 931
32 932
32 933
32 934
32 935
32 936
32 937
32 938
32 939
32 940
32 941
32 942
32 943
32 944
32 945
32 946
32 947
32 948
32 949
32 950
33 89
33 300
33 1078
33 1079
34 89
34 1615
34 1616
34 1617
34 1618
34 1619
34 1621
34 1622
34 1623
34 1624
34 1625
34 1626
34 1627
34 1628
34 1629
34 1630
34 1631
34 1632
34 1633
34 1634
34 1635
34 1636
34 1637
34 1638
34 1639
34 1640
34 1641
34 1642
34 1643
34 1644
34 1645
34 1646
34 1647
34 1648
34 1649
34 1650
34 1651
34 1652
34 1653
34 1654
34 2005
35 89
35 149
35 528
35 924
35 1665
35 1666
35 1667
35 1668
35 1669
35 1670
35 1671
35 1672
35 1673
35 1674
35 1679
35 1680
35 1681
35 1682
35 1683
35 1684
35 1686
35 1687
35 1688
35 1689
35 1690
35 1691
35 1692
35 1803
35 2111
35 2878
35 2879
35 2915
36 89
36 2655
36 2656
37 89
37 225
37 255
37 761
37 798
37 901
37 1631
37 2242
37 2698
37 2699
37 2700
37 2701
37 2702
37 2723
37 2724
37 2725
37 2726
37 2727
38 89
38 2382
38 2783
38 3788
39 89
39 3080
39 3081
39 3082
39 3085
39 3086
39 3087
39 3088
39 3089
39 3090
40 89
40 3153
40 3154
40 3155
40 3156
40 3157
41 89
41 3151
41 3158
41 4808
41 7283
41 7287
42 89
42 3194
42 3195
42 3196
42 3197
43 89
43 3600
43 3601
43 3602
43 3603
43 3648
43 3649
43 3650
43 3651
43 3652
43 3653
43 4220
43 4421
43 4422
44 89
44 234
44 952
44 3253
45 89
45 122
45 264
45 273
45 304
45 415
45 540
45 618
45 839
45 840
45 849
45 856
45 859
45 866
45 875
45 885
45 886
45 904
45 908
45 920
45 933
45 975
45 976
45 977
45 1205
45 1247
45 1260
45 1263
45 1666
45 1667
45 1668
45 1669
45 1670
45 1673
45 1680
45 1681
45 1682
45 1683
45 1684
45 2025
45 2087
45 2100
45 2101
45 2102
45 2103
45 2104
45 2105
45 2106
45 2167
45 2178
45 2225
45 2251
45 2252
45 2257
45 2292
45 2293
45 2294
45 2295
45 2297
45 2305
45 2312
45 2348
45 2702
45 2725
45 2735
45 2736
45 2782
45 2882
45 2892
45 2931
45 3019
45 3049
45 3066
45 3081
45 3149
45 3253
45 3268
45 3454
45 3469
45 3475
45 3735
45 3744
45 3747
45 3751
45 3752
45 3753
45 3770
45 3788
45 3789
45 3792
45 3796
45 3797
45 3799
45 3804
45 3805
45 3806
45 3808
45 3844
45 3845
45 3846
45 3847
45 4002
45 4066
45 4067
45 4137
45 4138
45 4139
45 4140
45 4141
45 4142
45 4143
45 4144
45 4145
45 4146
45 4147
45 4148
45 4149
45 4150
45 4151
45 4152
45 4153
45 4154
45 4155
45 4156
45 4157
45 4158
45 4159
45 4160
45 4161
45 4162
45 4163
45 4164
45 4165
45 4166
45 4167
45 4168
45 4169
45 4170
45 4171
45 4172
45 4173
45 4174
45 4175
45 4176
45 4177
45 4178
45 4179
45 4180
45 4181
45 4182
45 4183
45 4187
45 4188
45 4189
45 4190
45 4191
45 4192
45 4193
45 4194
45 4195
45 4196
45 4197
45 4199
45 4200
45 4201
45 4202
45 4203
45 4204
45 4205
45 4206
45 4207
45 4208
45 4209
45 4210
45 4211
45 4212
45 4213
45 4214
45 4215
45 4216
45 4217
45 4218
45 4219
45 4220
45 4292
45 4388
45 4417
45 4418
45 4419
45 4420
45 4421
45 4423
45 4424
45 4425
45 4426
45 4427
45 4428
45 4429
45 4430
45 4431
45 4432
45 4433
45 4434
45 4435
45 4436
45 4437
45 4438
45 4439
45 4440
45 4441
45 4442
45 4443
45 4444
45 4445
45 4446
45 4447
45 4448
45 4449
45 4450
45 4451
45 4452
45 4453
45 4454
45 4455
45 4456
45 4457
45 4458
45 4459
45 4460
45 4461
45 4462
45 4463
45 4464
45 4465
45 4466
45 4467
45 4468
45 4469
45 4470
45 4471
45 4472
45 4473
45 4474
45 4475
45 4476
45 4477
45 4478
45 4479
45 4480
45 4481
45 4482
45 4483
45 4484
45 4485
45 4486
45 4487
45 4488
45 4489
45 4490
45 4491
45 4492
45 4493
45 4494
45 4495
45 4496
45 4497
45 4499
45 4500
45 4501
45 4502
45 4503
45 4504
45 4505
45 4506
45 4507
45 4508
45 4509
45 4513
45 4514
45 4559
45 4561
45 4562
45 4563
45 4565
45 4566
45 4568
45 4569
45 4570
45 4571
45 4584
45 4601
45 4602
45 4603
45 4604
45 4605
45 4606
45 4607
45 4608
45 4609
45 4616
45 4650
45 4718
45 4719
45 4720
45 4721
45 4722
45 4723
45 4724
45 4725
45 4726
45 4727
45 4728
45 4729
45 4731
45 4732
45 4733
45 4734
45 4745
45 4746
45 4747
45 4754
45 4755
45 4756
45 4757
45 4758
45 4759
45 4760
45 4761
45 4762
45 4782
45 4784
45 4785
45 4786
45 4787
45 4788
45 4789
45 4792
45 4793
45 4794
45 4795
45 4796
45 4797
45 4798
45 4799
45 4800
45 4801
45 4802
45 4803
45 4804
45 4805
45 4806
45 4807
45 4808
45 4809
45 4812
45 4813
45 4814
45 4815
45 4816
45 4817
45 4819
45 4820
45 4822
45 4825
45 4828
45 4829
45 4830
45 4831
45 4832
45 4833
45 4834
45 4835
45 4836
45 4837
45 4838
45 4839
45 4840
45 4841
45 4843
45 4844
45 4845
45 4846
45 4847
45 4849
45 4850
45 4851
45 4852
45 4853
45 4854
45 4855
45 4856
45 4857
45 4860
45 4861
45 4862
45 4863
45 4864
45 4865
45 4866
45 4867
45 4868
45 4869
45 4870
45 4871
45 4872
45 4873
45 4875
45 4876
45 4877
45 4878
45 4879
45 4880
45 4881
45 4882
45 4883
45 4884
45 4885
45 4886
45 4887
45 4888
45 4889
45 4890
45 4891
45 4892
45 4893
45 4894
45 4895
45 4896
45 4897
45 4898
45 4899
45 4900
45 4901
45 4902
45 4903
45 4904
45 4905
45 4906
45 4907
45 4908
45 4909
45 4910
45 4911
45 4912
45 4913
45 4914
45 4915
45 4916
45 4917
45 4918
45 4919
45 4920
45 4921
45 4922
45 4923
45 4924
45 4925
45 4926
45 4927
45 4928
45 4929
45 4930
45 4931
45 4932
45 4933
45 4934
45 4935
45 4936
45 4937
45 4938
45 4939
45 4941
45 4942
45 4943
45 4944
45 4945
45 4946
45 4947
45 4948
45 4949
45 4950
45 4951
45 4952
45 4953
45 4954
45 4957
45 4958
45 4959
45 4960
45 4961
45 4962
45 4963
45 4964
45 4965
45 4967
45 4968
45 4970
45 4971
45 4972
45 4973
45 4985
45 4995
45 4996
45 4997
45 4998
45 4999
45 5000
45 5001
45 5002
45 5003
45 5004
45 5005
45 5006
45 5007
45 5011
45 5012
45 5013
45 5014
45 5015
45 5016
45 5017
45 5873
45 6176
45 6472
45 6632
45 7088
45 7710
45 7711
45 8878
45 8879
45 8880
45 8882
45 8886
45 8887
45 8888
45 8889
45 8891
45 8892
45 8893
45 8895
45 8896
45 8897
45 8898
45 8904
45 8905
45 8906
45 8907
45 8908
45 8909
45 8910
45 8911
45 8912
45 8913
45 8914
45 8915
45 8916
45 8917
45 8918
45 8919
45 8920
45 8921
45 8922
45 8923
45 8924
45 8925
45 8926
45 8927
45 8928
45 8929
45 8930
45 8931
45 8932
45 8933
45 8934
45 8935
45 8936
45 8937
45 8938
45 8939
45 8940
45 8941
45 8942
45 8943
45 8944
45 8945
45 8946
45 8947
45 8948
45 8949
45 8950
45 8951
45 8952
45 8953
45 8954
45 8955
45 8956
45 8957
45 8958
45 8959
45 8960
45 8961
45 8962
45 8963
45 8964
46 89
46 866
46 3793
46 3794
46 3795
46 3798
46 3800
46 3809
46 3810
46 4447
46 4510
46 4511
46 4512
46 4515
46 4516
46 4517
46 4518
46 4519
46 4520
46 4521
46 4522
46 4523
46 4524
46 4525
46 4526
47 89
47 4221
48 89
49 89
50 89
50 933
50 1165
50 1205
50 1666
50 1668
50 2407
50 3527
50 3792
50 4182
50 4194
50 4220
50 4554
50 4555
50 4556
50 4557
50 4558
50 4559
50 4560
50 4561
50 4562
50 4563
50 4564
50 4565
50 4566
50 4567
50 4568
50 4569
50 4570
50 4571
50 4572
50 4573
50 4574
50 4575
50 4576
50 4577
50 4578
50 4580
50 4581
50 4582
50 4583
50 4584
50 4585
50 4586
50 4587
50 4588
50 4589
50 4601
50 4602
50 4603
50 4604
50 4605
50 4606
50 4607
50 4608
50 4609
50 4610
50 4611
50 4612
50 4613
50 4614
50 4615
50 4616
50 4617
50 4618
50 4619
50 4620
50 4621
50 4622
50 4623
50 4624
50 4625
50 4626
50 4627
50 4628
50 4629
50 4630
50 4631
50 4632
50 4633
50 4634
50 4635
50 4636
50 4637
50 4638
50 4639
50 4640
50 4641
50 4642
50 4643
50 4644
50 4645
50 4646
50 4647
50 4648
50 4649
50 4650
50 4651
50 4652
50 4653
50 4654
50 4655
50 4656
50 4657
50 4658
50 4659
50 4660
50 4661
50 4662
50 4663
50 4664
50 4665
50 4666
50 4667
50 4668
50 4669
50 4670
50 4671
50 4672
50 7878
51 89
51 93
51 94
51 169
51 266
51 422
51 484
51 485
51 859
51 891
51 2534
51 2830
51 2863
51 3209
51 3747
51 3844
51 4143
51 4417
51 4453
51 4530
51 4752
51 4754
51 4760
51 4763
51 4766
51 4767
51 4768
51 4769
51 4770
51 4771
51 4772
51 4773
51 4774
51 4775
51 4776
51 4777
51 4778
51 4779
51 4780
51 4781
51 4782
51 4789
51 4790
51 4791
51 4796
51 4810
51 4811
51 4817
51 4818
51 4821
51 4822
51 4823
51 4824
51 4826
51 4827
51 4858
51 4859
51 4976
51 4986
51 4987
51 4988
51 4989
51 4990
51 4991
51 4992
51 4993
51 4994
51 4995
51 5021
51 5022
51 5023
51 5024
51 5025
51 5026
51 5027
51 5028
51 5029
51 5030
51 5031
51 5032
51 5033
51 5037
51 5038
51 5039
51 5040
51 5041
51 5042
51 5043
51 5044
51 5045
51 5046
51 5047
51 5048
51 5049
51 5050
51 5051
51 5053
51 5055
51 6876
51 6942
51 6943
51 6947
51 6953
51 6956
51 6957
51 6958
51 6959
51 6960
51 6982
51 6986
51 7877
52 89
52 90
52 493
52 3802
52 4981
52 4982
52 4983
52 4984
52 4985
52 7139
53 89
54 89
54 7125
54 7127
54 7128
54 7129
54 7130
54 7131
55 89
55 6874
55 7270
56 89
56 3746
56 7263
56 7277
56 7473
56 7669
56 7894
57 89
58 90
58 126
58 127
59 90
59 91
59 117
59 126
59 127
59 135
59 145
59 146
59 186
59 197
59 213
59 214
59 219
59 223
59 224
59 226
59 227
59 229
59 232
59 233
59 234
59 235
59 236
59 244
59 247
59 250
59 253
59 254
59 255
59 258
59 260
59 261
59 262
59 263
59 272
59 274
59 275
59 276
59 278
59 283
59 287
59 288
59 290
59 298
59 318
59 357
60 90
60 126
60 127
60 134
60 135
60 145
60 146
60 153
60 154
60 193
60 197
60 209
60 212
60 213
60 215
60 218
60 219
60 220
60 221
60 222
60 224
60 225
60 226
60 227
60 228
60 230
60 231
60 232
60 233
60 234
60 235
60 236
60 237
60 238
60 239
60 243
60 244
60 245
60 247
60 248
60 249
60 250
60 251
60 254
60 255
60 258
60 259
60 261
60 263
60 265
60 266
60 267
60 269
60 272
60 273
60 274
60 275
60 276
60 277
60 279
60 281
60 282
60 283
60 284
60 287
60 288
60 289
60 290
60 291
60 292
60 297
60 298
60 299
60 318
60 320
60 334
60 336
60 342
60 343
60 422
60 424
60 430
60 433
60 470
60 485
60 507
60 517
60 519
60 520
60 531
60 557
60 574
60 582
60 587
60 594
60 609
60 614
60 618
60 625
60 626
60 630
60 636
60 641
60 683
60 688
60 689
60 692
60 696
60 703
60 706
60 716
60 718
60 724
60 762
60 765
60 766
60 767
60 768
60 793
60 796
60 825
60 826
60 829
60 830
60 835
60 837
60 838
60 839
60 844
60 845
60 846
60 847
60 848
60 850
60 855
60 856
60 857
60 858
60 859
60 861
60 862
60 863
60 866
60 870
60 876
60 880
60 881
60 884
60 885
60 886
60 887
60 891
60 892
60 893
60 896
60 899
60 903
60 911
60 920
60 925
60 927
60 929
60 930
60 932
60 948
60 949
60 950
60 984
60 1034
60 1057
60 1125
60 1140
60 1142
60 1147
60 1152
60 1166
60 1212
60 1213
60 1217
60 1226
60 1227
60 1228
60 1232
60 1233
60 1234
60 1235
60 1236
60 1238
60 1239
60 1241
60 1242
60 1243
60 1244
60 1245
60 1246
60 1247
60 1248
60 1249
60 1250
60 1255
60 1256
60 1257
60 1259
60 1260
60 1261
60 1262
60 1263
60 1266
60 1269
60 1271
60 1272
60 1273
60 1274
60 1275
60 1276
60 1277
60 1278
60 1279
60 1280
60 1281
60 1282
60 1283
60 1284
60 1288
60 1289
60 1290
60 1292
60 1294
60 1295
60 1306
60 1611
60 1631
60 1634
60 1636
60 1642
60 1647
60 1648
60 1654
60 1679
60 1688
60 1690
60 1738
60 1777
60 1778
60 1827
60 1971
60 1972
60 2022
60 2026
60 2034
60 2037
60 2038
60 2039
60 2041
60 2064
60 2067
60 2086
60 2087
60 2097
60 2098
60 2107
60 2165
60 2167
60 2168
60 2169
60 2170
60 2171
60 2220
60 2225
60 2232
60 2236
60 2240
60 2241
60 2251
60 2265
60 2276
60 2287
60 2293
60 2304
60 2334
60 2344
60 2345
60 2348
60 2359
60 2361
60 2366
60 2388
60 2389
60 2402
60 2417
60 2531
60 2549
60 2585
60 2588
60 2658
60 2659
60 2700
60 2702
60 2723
60 2730
60 2731
60 2732
60 2734
60 2735
60 2736
61 90
61 91
61 3011
62 90
62 91
62 92
62 93
62 94
62 126
62 127
62 145
62 169
62 170
62 171
62 172
62 173
62 175
62 176
62 177
62 178
62 179
62 180
62 182
62 189
62 191
62 192
62 193
62 212
62 219
62 220
62 226
62 227
62 228
62 229
62 230
62 234
62 235
62 236
62 244
62 247
62 251
62 255
62 258
62 259
62 263
62 266
62 268
62 270
62 275
62 276
62 277
62 278
62 279
62 287
62 292
62 334
62 342
62 433
62 434
62 468
62 470
62 482
62 483
62 484
62 485
62 486
62 487
62 490
62 492
62 493
62 507
62 519
62 550
62 567
62 574
62 578
62 595
62 620
62 640
62 670
62 688
62 691
62 692
62 696
62 705
62 717
62 723
62 765
62 767
62 768
62 785
62 793
62 829
62 838
62 839
62 845
62 850
62 856
62 858
62 866
62 868
62 870
62 875
62 876
62 880
62 885
62 891
62 892
62 893
62 899
62 907
62 927
62 949
62 1057
62 1140
62 1217
62 1226
62 1228
62 1234
62 1235
62 1238
62 1239
62 1240
62 1241
62 1242
62 1244
62 1245
62 1247
62 1248
62 1251
62 1255
62 1257
62 1259
62 1261
62 1262
62 1263
62 1265
62 1271
62 1272
62 1274
62 1275
62 1276
62 1277
62 1278
62 1280
62 1284
62 1289
62 1294
62 1647
62 1653
62 1654
62 1690
62 1778
62 1827
62 2022
62 2067
62 2097
62 2098
62 2099
62 2106
62 2124
62 2167
62 2168
62 2170
62 2225
62 2236
62 2241
62 2253
62 2265
62 2276
62 2304
62 2309
62 2359
62 2361
62 2387
62 2388
62 2389
62 2529
62 2549
62 2585
62 2659
62 2700
62 2702
62 2735
62 2736
62 2832
62 2863
62 2886
62 2893
62 2918
62 2922
62 2930
62 2932
62 2934
62 2947
62 2957
62 2958
62 2960
62 2976
62 2983
62 2985
62 2986
62 2992
62 2993
62 2995
62 2999
62 3004
62 3008
62 3015
62 3019
62 3022
62 3024
62 3025
62 3033
62 3048
62 3049
62 3055
62 3056
62 3061
62 3066
62 3081
62 3167
62 3237
62 3238
62 3239
62 3256
62 3273
62 3277
62 3281
62 3581
62 3601
62 3688
62 3695
62 3696
62 3700
62 3704
62 3705
62 3706
62 3783
62 3800
62 3802
62 3804
62 3844
62 3846
62 3858
62 3923
62 4030
62 4066
62 4067
62 4388
62 4432
62 4433
62 4439
62 4443
62 4445
62 4448
62 4453
62 4466
62 4474
62 4475
62 4476
62 4478
62 4481
62 4484
62 4487
62 4488
62 4490
62 4495
62 4503
62 4510
62 4511
62 4513
62 4521
62 4600
62 4710
62 4723
62 4732
62 4754
62 4760
62 4765
62 4779
62 4786
62 4788
62 4793
62 4796
62 4805
62 4818
62 4825
62 4829
62 4846
62 4855
62 4871
62 4873
62 4880
62 4881
62 4882
62 4883
62 4884
62 4885
62 4938
62 4940
62 4957
62 4958
62 4959
62 4960
62 4961
62 4962
62 4963
62 4969
62 4970
62 4973
62 4974
62 4978
62 4981
62 4982
62 4983
62 4984
62 4992
62 4995
62 4998
62 4999
62 5022
62 5029
62 5030
62 5032
62 5037
62 5038
62 5039
62 5040
62 5043
62 5045
62 5048
62 5051
62 5098
62 5102
62 5122
62 5130
62 5131
62 5148
62 5158
62 5167
62 5194
62 5199
62 5203
62 5204
62 5206
62 5210
62 5216
62 5230
62 5236
62 5245
62 5250
62 5285
62 5309
62 5312
62 5315
62 5319
62 5334
62 5338
62 5344
62 5348
62 5355
62 5356
62 5362
62 5372
62 5374
62 5384
62 5393
62 5395
62 5407
62 5428
62 5430
62 5431
62 5437
62 5446
62 5463
62 5464
62 5466
62 5467
62 5489
62 5496
62 5497
62 5500
62 5519
62 5521
62 5522
62 5523
62 5546
62 5565
62 5571
62 5587
62 5589
62 5597
62 5606
62 5609
62 5620
62 5625
62 5649
62 5663
62 5668
62 5669
62 5690
62 5692
62 5704
62 5727
62 5736
62 5746
62 5753
62 5808
62 5825
62 5889
62 5892
62 5894
62 5898
62 5914
62 5916
62 5945
62 5949
62 5950
62 5953
62 5955
62 5961
62 5971
62 5988
62 6016
62 6034
62 6039
62 6045
62 6053
62 6065
62 6092
62 6096
62 6128
62 6147
62 6161
62 6170
62 6172
62 6178
62 6186
62 6188
62 6190
62 6199
62 6203
62 6205
62 6206
62 6216
62 6233
62 6235
62 6236
62 6295
62 6300
62 6320
62 6321
62 6360
62 6364
62 6365
62 6369
62 6389
62 6409
62 6411
62 6509
62 6511
62 6517
62 6527
62 6531
62 6535
62 6537
62 6544
62 6581
62 6606
62 6622
62 6640
62 6641
62 6654
62 6659
62 6689
62 6712
62 6777
62 6784
62 6813
62 6817
62 6942
62 6958
62 6960
62 6982
62 6986
62 7010
62 7011
62 7015
62 7016
62 7017
62 7018
62 7019
62 7020
62 7021
62 7033
62 7034
62 7043
62 7076
62 7077
62 7079
62 7088
62 7101
62 7103
62 7105
62 7115
62 7139
62 7146
62 7148
62 7166
62 7167
62 7292
62 7296
62 7306
62 7310
62 7351
62 7389
62 7451
62 7454
62 7455
62 7459
62 7475
62 7478
62 7479
62 7483
62 7486
62 7515
62 7584
62 7593
62 7616
62 7617
62 7620
62 7641
62 7652
62 7658
62 7674
62 7675
62 7691
62 7692
62 7743
62 7759
62 7761
62 7781
62 7785
62 7793
62 7825
62 7853
62 7876
62 7891
62 7892
63 90
63 91
63 92
63 93
63 94
63 117
63 126
63 127
63 134
63 135
63 145
63 146
63 153
63 154
63 169
63 170
63 171
63 172
63 173
63 175
63 176
63 177
63 178
63 179
63 180
63 181
63 182
63 183
63 184
63 186
63 187
63 188
63 189
63 190
63 191
63 192
63 193
63 197
63 209
63 210
63 212
63 213
63 214
63 215
63 218
63 219
63 220
63 221
63 222
63 223
63 224
63 225
63 226
63 227
63 228
63 229
63 230
63 231
63 232
63 233
63 234
63 235
63 236
63 237
63 238
63 239
63 240
63 243
63 244
63 245
63 247
63 248
63 249
63 250
63 251
63 253
63 254
63 255
63 258
63 259
63 260
63 261
63 262
63 263
63 264
63 265
63 266
63 267
63 268
63 269
63 270
63 272
63 273
63 274
63 275
63 276
63 277
63 278
63 279
63 281
63 282
63 283
63 284
63 285
63 287
63 288
63 289
63 290
63 291
63 292
63 296
63 297
63 298
63 299
63 318
63 320
63 334
63 336
63 342
63 343
63 357
63 422
63 424
63 433
63 468
63 469
63 470
63 478
63 479
63 480
63 481
63 482
63 483
63 484
63 485
63 486
63 487
63 488
63 489
63 490
63 492
63 493
63 494
63 507
63 517
63 519
63 520
63 531
63 547
63 550
63 557
63 564
63 567
63 574
63 578
63 582
63 587
63 594
63 595
63 606
63 609
63 612
63 614
63 618
63 620
63 625
63 626
63 630
63 636
63 640
63 641
63 670
63 683
63 684
63 688
63 689
63 691
63 692
63 696
63 703
63 705
63 706
63 716
63 717
63 718
63 723
63 724
63 762
63 765
63 766
63 767
63 768
63 785
63 788
63 793
63 795
63 796
63 824
63 825
63 826
63 828
63 829
63 830
63 835
63 836
63 837
63 838
63 839
63 840
63 841
63 844
63 845
63 846
63 847
63 848
63 850
63 852
63 855
63 856
63 857
63 858
63 859
63 860
63 861
63 862
63 863
63 865
63 866
63 868
63 869
63 870
63 875
63 876
63 877
63 878
63 880
63 881
63 884
63 885
63 886
63 887
63 891
63 892
63 893
63 896
63 897
63 899
63 903
63 907
63 911
63 920
63 925
63 927
63 928
63 929
63 930
63 932
63 948
63 949
63 950
63 951
63 984
63 1034
63 1057
63 1061
63 1125
63 1138
63 1140
63 1142
63 1147
63 1152
63 1153
63 1163
63 1166
63 1212
63 1213
63 1217
63 1226
63 1227
63 1228
63 1232
63 1233
63 1234
63 1235
63 1236
63 1238
63 1239
63 1240
63 1241
63 1242
63 1243
63 1244
63 1245
63 1246
63 1247
63 1248
63 1249
63 1250
63 1251
63 1255
63 1256
63 1257
63 1258
63 1259
63 1260
63 1261
63 1262
63 1263
63 1265
63 1266
63 1267
63 1269
63 1271
63 1272
63 1273
63 1274
63 1275
63 1276
63 1277
63 1278
63 1279
63 1280
63 1281
63 1282
63 1283
63 1284
63 1285
63 1288
63 1289
63 1290
63 1292
63 1293
63 1294
63 1295
63 1306
63 1557
63 1611
63 1631
63 1634
63 1636
63 1642
63 1647
63 1648
63 1653
63 1654
63 1679
63 1687
63 1688
63 1690
63 1738
63 1777
63 1778
63 1783
63 1827
63 1971
63 1972
63 2022
63 2026
63 2030
63 2034
63 2037
63 2038
63 2039
63 2041
63 2067
63 2086
63 2087
63 2097
63 2098
63 2099
63 2100
63 2101
63 2102
63 2103
63 2104
63 2105
63 2106
63 2107
63 2165
63 2167
63 2168
63 2169
63 2170
63 2171
63 2208
63 2220
63 2224
63 2225
63 2232
63 2236
63 2240
63 2241
63 2251
63 2253
63 2265
63 2276
63 2287
63 2293
63 2304
63 2309
63 2334
63 2344
63 2345
63 2348
63 2353
63 2356
63 2359
63 2360
63 2361
63 2366
63 2387
63 2388
63 2389
63 2402
63 2408
63 2417
63 2531
63 2533
63 2549
63 2585
63 2588
63 2594
63 2658
63 2659
63 2700
63 2702
63 2723
63 2730
63 2731
63 2732
63 2734
63 2735
63 2736
63 2758
63 2770
63 2772
63 2791
63 2804
63 2805
63 2807
63 2808
63 2832
63 2842
63 2863
63 2886
63 2887
63 2889
63 2893
63 2916
63 2917
63 2918
63 2919
63 2920
63 2922
63 2924
63 2925
63 2928
63 2930
63 2931
63 2932
63 2933
63 2934
63 2935
63 2936
63 2937
63 2938
63 2946
63 2947
63 2957
63 2963
63 2976
63 2982
63 2985
63 2986
63 2987
63 2989
63 3008
63 3015
63 3018
63 3019
63 3020
63 3025
63 3033
63 3048
63 3049
63 3050
63 3052
63 3056
63 3061
63 3062
63 3064
63 3074
63 3076
63 3081
63 3086
63 3088
63 3089
63 3090
63 3103
63 3108
63 3112
63 3115
63 3129
63 3140
63 3148
63 3157
63 3159
63 3164
63 3165
63 3167
63 3173
63 3237
63 3239
63 3256
63 3273
63 3276
63 3277
63 3281
63 3467
63 3468
63 3477
63 3478
63 3479
63 3520
63 3581
63 3601
63 3652
63 3696
63 3744
63 3753
63 3782
63 3783
63 3794
63 3800
63 3802
63 3804
63 3844
63 3845
63 3846
63 3858
63 3859
63 3917
63 3923
63 4030
63 4066
63 4067
63 4252
63 4333
63 4340
63 4344
63 4389
63 4417
63 4418
63 4419
63 4420
63 4423
63 4427
63 4428
63 4429
63 4430
63 4431
63 4432
63 4433
63 4434
63 4435
63 4436
63 4437
63 4439
63 4441
63 4443
63 4444
63 4445
63 4447
63 4448
63 4452
63 4453
63 4455
63 4456
63 4457
63 4459
63 4462
63 4463
63 4466
63 4467
63 4468
63 4471
63 4474
63 4475
63 4476
63 4478
63 4479
63 4480
63 4481
63 4484
63 4485
63 4487
63 4488
63 4489
63 4490
63 4492
63 4493
63 4494
63 4495
63 4496
63 4502
63 4503
63 4505
63 4506
63 4507
63 4508
63 4510
63 4511
63 4513
63 4514
63 4519
63 4521
63 4523
63 4563
63 4595
63 4600
63 4699
63 4719
63 4720
63 4721
63 4722
63 4723
63 4724
63 4725
63 4726
63 4727
63 4728
63 4729
63 4731
63 4732
63 4734
63 4754
63 4755
63 4756
63 4757
63 4759
63 4760
63 4761
63 4764
63 4765
63 4779
63 4781
63 4786
63 4788
63 4792
63 4793
63 4796
63 4805
63 4808
63 4809
63 4810
63 4811
63 4818
63 4828
63 4829
63 4843
63 4844
63 4845
63 4846
63 4847
63 4855
63 4860
63 4868
63 4870
63 4871
63 4873
63 4875
63 4876
63 4879
63 4880
63 4881
63 4882
63 4883
63 4884
63 4885
63 4938
63 4940
63 4955
63 4956
63 4957
63 4958
63 4959
63 4960
63 4961
63 4962
63 4963
63 4966
63 4968
63 4969
63 4970
63 4972
63 4973
63 4974
63 4975
63 4978
63 4983
63 4990
63 4991
63 4992
63 4995
63 4996
63 4997
63 4998
63 4999
63 5000
63 5001
63 5002
63 5003
63 5006
63 5008
63 5009
63 5022
63 5029
63 5030
63 5031
63 5032
63 5033
63 5038
63 5039
63 5040
63 5041
63 5042
63 5043
63 5044
63 5045
63 5048
63 5049
63 5050
63 5051
63 5098
63 5102
63 5122
63 5130
63 5131
63 5148
63 5158
63 5167
63 5194
63 5199
63 5203
63 5204
63 5206
63 5210
63 5216
63 5230
63 5236
63 5245
63 5250
63 5285
63 5309
63 5312
63 5315
63 5319
63 5334
63 5338
63 5344
63 5348
63 5355
63 5356
63 5362
63 5372
63 5374
63 5384
63 5393
63 5395
63 5407
63 5428
63 5430
63 5431
63 5437
63 5446
63 5463
63 5464
63 5466
63 5467
63 5489
63 5496
63 5497
63 5500
63 5519
63 5521
63 5522
63 5523
63 5546
63 5565
63 5571
63 5587
63 5589
63 5597
63 5606
63 5609
63 5620
63 5625
63 5649
63 5663
63 5668
63 5669
63 5690
63 5692
63 5704
63 5727
63 5736
63 5746
63 5753
63 5808
63 5825
63 5889
63 5892
63 5894
63 5898
63 5914
63 5916
63 5945
63 5949
63 5950
63 5953
63 5955
63 5961
63 5971
63 5988
63 6016
63 6034
63 6039
63 6045
63 6053
63 6065
63 6092
63 6096
63 6128
63 6147
63 6161
63 6170
63 6172
63 6178
63 6186
63 6188
63 6190
63 6199
63 6203
63 6205
63 6206
63 6216
63 6233
63 6235
63 6236
63 6295
63 6300
63 6320
63 6321
63 6360
63 6364
63 6365
63 6369
63 6389
63 6409
63 6411
63 6509
63 6511
63 6517
63 6527
63 6531
63 6535
63 6537
63 6544
63 6581
63 6606
63 6622
63 6640
63 6641
63 6654
63 6659
63 6689
63 6712
63 6777
63 6784
63 6813
63 6817
63 6942
63 6948
63 6958
63 6959
63 6960
63 6982
63 6986
63 7009
63 7010
63 7011
63 7012
63 7013
63 7015
63 7016
63 7017
63 7018
63 7019
63 7020
63 7022
63 7023
63 7033
63 7036
63 7043
63 7044
63 7076
63 7079
63 7088
63 7101
63 7103
63 7105
63 7112
63 7114
63 7115
63 7118
63 7139
63 7148
63 7166
63 7167
63 7292
63 7296
63 7306
63 7310
63 7351
63 7389
63 7449
63 7451
63 7454
63 7455
63 7456
63 7459
63 7475
63 7478
63 7479
63 7483
63 7486
63 7515
63 7584
63 7593
63 7616
63 7617
63 7620
63 7641
63 7652
63 7658
63 7674
63 7675
63 7691
63 7692
63 7743
63 7748
63 7759
63 7761
63 7781
63 7785
63 7793
63 7813
63 7816
63 7818
63 7819
63 7820
63 7821
63 7822
63 7825
63 7826
63 7827
63 7828
63 7829
63 7853
63 7876
63 7891
63 7892
63 7896
63 7897
63 7898
64 91
64 126
64 135
64 145
64 146
64 225
64 226
64 233
64 234
64 236
64 247
64 248
64 250
64 253
64 254
64 258
64 259
64 261
64 263
64 265
64 266
64 268
64 272
64 275
64 276
64 277
64 279
64 283
64 285
64 288
64 289
64 291
64 292
64 296
64 299
64 334
64 422
64 424
64 433
64 517
64 519
64 550
64 595
64 606
64 612
64 689
64 692
64 705
64 716
64 717
64 718
64 768
64 788
64 795
64 825
64 828
64 829
64 836
64 837
64 838
64 839
64 840
64 841
64 846
64 848
64 850
64 856
64 857
64 860
64 861
64 870
64 875
64 877
64 884
64 885
64 891
64 892
64 893
64 896
64 903
64 920
64 925
64 949
64 950
64 984
64 1057
64 1061
64 1226
64 1227
64 1232
64 1234
64 1235
64 1236
64 1239
64 1240
64 1241
64 1242
64 1243
64 1244
64 1245
64 1246
64 1247
64 1248
64 1249
64 1250
64 1251
64 1255
64 1256
64 1257
64 1259
64 1260
64 1261
64 1262
64 1263
64 1269
64 1271
64 1273
64 1276
64 1277
64 1278
64 1279
64 1280
64 1281
64 1282
64 1284
64 1285
64 1292
64 1293
64 1295
64 1557
64 1611
64 1687
64 1738
64 1777
64 1783
64 1971
64 1972
64 2026
64 2030
64 2098
64 2099
64 2100
64 2101
64 2102
64 2103
64 2104
64 2105
64 2106
64 2167
64 2168
64 2169
64 2170
64 2171
64 2208
64 2220
64 2224
64 2225
64 2236
64 2253
64 2334
64 2356
64 2360
64 2402
64 2408
64 2417
64 2588
64 2659
64 2732
64 2734
64 2736
64 2758
64 2770
64 2772
64 2804
64 2805
64 2807
64 2808
64 2832
64 2863
64 2886
64 2887
64 2889
64 2893
64 2916
64 2917
64 2918
64 2919
64 2920
64 2922
64 2924
64 2925
64 2930
64 2932
64 2933
64 2934
64 2935
64 2936
64 2937
64 2938
64 2946
64 2957
64 2963
64 2982
64 2985
64 2986
64 2989
64 3008
64 3015
64 3018
64 3020
64 3025
64 3033
64 3048
64 3049
64 3050
64 3052
64 3061
64 3062
64 3064
64 3074
64 3076
64 3086
64 3088
64 3089
64 3090
64 3103
64 3108
64 3112
64 3115
64 3129
64 3140
64 3148
64 3157
64 3159
64 3165
64 3167
64 3194
64 3237
64 3254
64 3256
64 3273
64 3276
64 3277
64 3281
64 3467
64 3468
64 3477
64 3478
64 3479
64 3520
64 3581
64 3601
64 3652
64 3696
64 3744
64 3753
64 3782
64 3794
64 3800
64 3802
64 3804
64 3844
64 3845
64 3846
64 3859
64 3917
64 3923
64 4066
64 4067
64 4252
64 4333
64 4340
64 4344
64 4389
64 4417
64 4418
64 4419
64 4420
64 4423
64 4427
64 4428
64 4429
64 4430
64 4431
64 4432
64 4433
64 4435
64 4436
64 4437
64 4439
64 4441
64 4443
64 4444
64 4447
64 4448
64 4452
64 4453
64 4455
64 4456
64 4457
64 4459
64 4462
64 4463
64 4466
64 4467
64 4468
64 4471
64 4474
64 4475
64 4476
64 4478
64 4479
64 4480
64 4481
64 4484
64 4485
64 4487
64 4488
64 4489
64 4490
64 4492
64 4493
64 4494
64 4495
64 4496
64 4502
64 4503
64 4505
64 4506
64 4507
64 4508
64 4510
64 4511
64 4513
64 4514
64 4519
64 4521
64 4523
64 4723
64 4724
64 4725
64 4726
64 4731
64 4732
64 4755
64 4792
64 4818
64 4843
64 4844
64 4845
64 4846
64 4876
64 4883
64 4885
64 4956
64 4957
64 4958
64 4959
64 4960
64 4961
64 4962
64 4963
64 4966
64 4969
64 4970
64 4973
64 4974
64 4995
64 4996
64 5000
64 5001
64 5002
64 5003
64 5009
64 5031
64 5032
64 5033
64 5041
64 5042
64 5044
64 5049
64 6948
64 7009
64 7012
64 7013
64 7033
64 7036
64 7043
64 7044
64 7101
64 7112
64 7114
64 7115
64 7459
64 7816
64 7818
64 7819
64 7820
64 7821
64 7822
65 92
65 93
65 94
65 126
65 127
65 135
65 145
65 146
65 169
65 170
65 171
65 172
65 173
65 175
65 176
65 177
65 178
65 179
65 180
65 181
65 182
65 183
65 184
65 186
65 187
65 188
65 189
65 190
65 191
65 192
65 193
65 210
65 212
65 220
65 221
65 224
65 225
65 226
65 227
65 228
65 229
65 230
65 232
65 234
65 235
65 236
65 240
65 247
65 248
65 249
65 250
65 254
65 255
65 258
65 259
65 260
65 261
65 262
65 263
65 264
65 265
65 266
65 268
65 269
65 272
65 277
65 279
65 282
65 284
65 287
65 288
65 289
65 292
65 297
65 299
65 334
65 342
65 343
65 368
65 422
65 424
65 469
65 470
65 473
65 478
65 479
65 480
65 481
65 482
65 483
65 484
65 485
65 486
65 487
65 488
65 489
65 490
65 491
65 492
65 493
65 494
65 507
65 517
65 519
65 520
65 560
65 564
65 574
65 595
65 612
65 614
65 636
65 670
65 684
65 688
65 692
65 696
65 705
65 715
65 716
65 717
65 718
65 719
65 723
65 761
65 765
65 766
65 767
65 768
65 772
65 788
65 789
65 795
65 796
65 822
65 824
65 825
65 826
65 828
65 829
65 835
65 838
65 839
65 840
65 841
65 845
65 846
65 848
65 850
65 852
65 856
65 857
65 858
65 859
65 860
65 861
65 863
65 865
65 870
65 875
65 876
65 877
65 878
65 881
65 884
65 885
65 891
65 892
65 893
65 896
65 897
65 901
65 903
65 906
65 907
65 925
65 927
65 928
65 929
65 930
65 948
65 949
65 950
65 951
65 952
65 984
65 1000
65 1001
65 1034
65 1052
65 1057
65 1138
65 1140
65 1142
65 1153
65 1163
65 1166
65 1210
65 1212
65 1217
65 1226
65 1227
65 1228
65 1232
65 1233
65 1234
65 1235
65 1236
65 1238
65 1239
65 1240
65 1241
65 1242
65 1243
65 1244
65 1245
65 1246
65 1247
65 1248
65 1249
65 1250
65 1251
65 1255
65 1256
65 1257
65 1258
65 1259
65 1260
65 1261
65 1262
65 1263
65 1266
65 1267
65 1269
65 1271
65 1272
65 1273
65 1274
65 1275
65 1276
65 1277
65 1278
65 1279
65 1280
65 1281
65 1282
65 1283
65 1284
65 1285
65 1289
65 1292
65 1293
65 1294
65 1295
65 1306
66 99
66 416
66 418
66 773
66 811
66 812
66 817
66 1058
66 1059
66 1060
66 1254
66 1970
66 2592
66 2610
66 3223
66 3321
66 3361
66 3451
66 3578
66 3583
66 3584
66 3586
66 3587
66 3590
66 3595
66 3655
66 3656
66 3658
66 3659
66 3660
66 3661
66 3662
66 3663
66 3664
66 3665
66 3666
66 3667
66 3668
66 3669
66 3670
66 3671
66 3672
66 3673
66 3674
66 3675
66 3676
66 3677
66 3678
66 3679
66 3680
66 3681
66 3682
66 3683
66 3684
66 3685
66 3686
66 3688
66 3689
66 3690
66 3691
66 3692
66 3693
66 3694
66 3695
66 3698
66 3699
66 3700
66 3701
66 3702
66 3703
66 3705
66 3706
66 4695
66 7135
66 7140
67 105
68 105
68 528
68 2407
68 2830
69 106
69 114
70 106
70 416
70 1059
70 1060
70 1254
70 2592
70 2610
70 2946
70 3081
70 3086
70 3655
70 3656
70 3657
70 3658
70 3659
70 3660
70 3661
70 3662
70 3663
70 3664
70 3665
70 3666
70 3667
70 3668
70 3669
70 3670
70 3671
70 3672
70 3673
70 3674
70 3675
70 3676
70 3677
70 3678
70 3679
70 3680
70 3681
70 3682
70 3683
70 3684
70 3685
70 3686
70 3687
70 3688
70 3689
70 3690
70 3691
70 3692
70 3693
70 3694
70 3695
70 3696
70 3697
70 3698
70 3699
70 3700
70 3701
70 3702
70 3703
70 3704
70 3705
70 3706
70 7135
71 106
71 1042
71 2140
71 2141
71 2142
71 2143
71 3034
71 3035
71 3252
71 3439
71 7844
72 107
72 108
73 109
73 110
74 111
74 112
74 113
74 115
74 199
74 200
74 201
74 202
74 4717
75 113
75 120
76 116
76 210
76 230
76 242
76 248
76 249
76 256
76 260
76 282
76 284
76 287
76 299
76 435
76 437
76 470
76 473
76 528
76 540
76 541
76 543
76 546
76 547
76 548
76 549
76 550
76 551
76 553
76 555
76 557
76 558
76 559
76 560
76 562
76 563
76 564
76 566
76 567
76 568
76 569
76 570
76 571
76 572
76 574
76 575
76 576
76 577
76 591
76 592
76 593
76 594
76 595
76 596
76 597
76 598
76 599
76 600
76 601
76 602
76 603
76 604
76 605
76 606
76 607
76 608
76 609
76 610
76 611
76 612
76 613
76 614
76 615
76 616
76 617
76 618
76 619
76 620
76 621
76 622
76 630
76 635
76 640
76 641
76 642
76 643
76 644
76 645
76 646
76 647
76 648
76 649
76 650
76 651
76 652
76 653
76 654
76 656
76 657
76 660
76 666
76 670
76 671
76 674
76 676
76 688
76 689
76 690
76 695
76 696
76 697
76 699
76 700
76 701
76 702
76 703
76 704
76 705
76 706
76 707
76 708
76 765
76 766
76 767
76 768
76 956
77 116
77 230
77 240
77 278
77 280
77 333
77 653
77 693
77 873
77 896
77 1691
77 2240
77 2513
77 2985
77 3047
78 118
79 119
79 137
79 138
80 119
80 145
81 122
82 122
82 134
83 122
84 122
85 122
85 532
85 753
85 754
85 755
85 756
85 757
85 785
85 793
85 794
85 795
85 796
85 797
85 798
86 122
87 122
88 122
88 685
88 2206
88 2209
88 2210
88 2217
88 2218
89 123
89 685
89 1098
89 1309
89 1787
89 1830
89 1874
89 1956
89 2004
89 2020
89 2056
89 2060
89 2095
89 2114
89 2149
89 2910
89 2911
89 2927
89 3606
89 3607
89 3608
89 3609
89 3610
89 3611
89 3612
89 3613
89 3614
89 3615
89 3616
89 3617
89 3618
89 3619
89 3620
89 3621
89 3622
89 3623
89 3624
89 3625
89 3626
89 3627
89 3628
89 3629
89 3630
89 3631
89 3632
89 3633
89 3654
89 4752
90 124
90 125
90 126
91 126
91 127
91 141
91 150
91 152
91 158
91 197
91 209
91 210
91 212
91 218
91 219
91 220
91 221
91 223
91 224
91 225
91 226
91 227
91 228
91 229
91 230
91 231
91 232
91 233
91 234
91 235
91 236
91 237
91 238
91 239
91 240
91 241
91 242
91 243
91 244
91 245
91 246
91 247
91 248
91 249
91 250
91 251
91 252
91 253
91 254
91 255
91 256
91 257
91 258
91 259
91 260
91 261
91 262
91 263
91 264
91 265
91 267
91 268
91 269
91 270
91 271
91 272
91 273
91 274
91 275
91 276
91 277
91 278
91 279
91 280
91 281
91 282
91 283
91 284
91 285
91 286
91 287
91 288
91 289
91 290
91 291
91 292
91 294
91 295
91 296
91 297
91 298
91 299
91 300
91 304
91 305
91 318
91 319
91 320
91 321
91 333
91 334
91 336
91 338
91 339
91 340
91 341
91 343
91 356
91 357
91 358
91 361
91 362
91 363
91 364
91 414
91 415
91 422
91 423
91 431
91 432
91 433
91 434
91 435
91 436
91 468
91 469
91 470
91 471
91 472
91 473
91 474
91 475
91 476
91 477
91 478
91 507
91 511
91 512
91 514
91 516
91 518
91 521
91 529
91 531
91 540
91 546
91 547
91 548
91 549
91 550
91 551
91 553
91 555
91 557
91 558
91 559
91 560
91 562
91 563
91 564
91 566
91 567
91 568
91 569
91 570
91 571
91 572
91 575
91 576
91 577
91 578
91 579
91 580
91 581
91 583
91 587
91 588
91 589
91 590
91 591
91 592
91 593
91 595
91 597
91 598
91 599
91 601
91 602
91 603
91 605
91 606
91 607
91 608
91 609
91 610
91 611
91 612
91 613
91 614
91 615
91 616
91 618
91 619
91 620
91 621
91 622
91 623
91 624
91 625
91 626
91 627
91 628
91 629
91 632
91 633
91 634
91 636
91 637
91 640
91 643
91 644
91 645
91 646
91 647
91 648
91 649
91 650
91 651
91 652
91 653
91 655
91 657
91 658
91 660
91 666
91 670
91 671
91 674
91 679
91 682
91 683
91 684
91 688
91 689
91 691
91 692
91 693
91 696
91 697
91 698
91 700
91 701
91 703
91 704
91 705
91 706
91 708
91 709
91 710
91 711
91 712
91 713
91 716
91 717
91 718
91 719
91 724
91 753
91 754
91 755
91 756
91 757
91 761
91 762
91 763
91 768
91 771
91 772
91 785
91 788
91 790
91 793
91 795
91 796
91 797
91 798
91 804
91 805
91 806
91 807
91 822
91 824
91 825
91 826
91 828
91 829
91 830
91 831
91 832
91 833
91 834
91 835
91 836
91 837
91 838
91 839
91 840
91 841
91 844
91 845
91 846
91 847
91 848
91 849
91 850
91 851
91 853
91 854
91 855
91 856
91 857
91 858
91 859
91 860
91 861
91 862
91 863
91 864
91 865
91 866
91 868
91 869
91 870
91 873
91 874
91 875
91 876
91 877
91 878
91 879
91 880
91 881
91 882
91 883
91 884
91 885
91 886
91 887
91 888
91 889
91 891
91 892
91 893
91 894
91 895
91 897
91 898
91 899
91 900
91 902
91 903
91 906
91 908
91 909
91 910
91 911
91 912
91 920
91 922
91 923
91 925
91 926
91 927
91 928
91 929
91 932
91 935
91 936
91 937
91 938
91 941
91 942
91 943
91 944
91 945
91 946
91 947
91 948
91 949
91 951
91 952
91 953
91 956
91 979
91 999
91 1000
91 1016
91 1034
91 1035
91 1036
91 1052
91 1061
91 1078
91 1079
91 1117
91 1118
91 1119
91 1120
91 1121
91 1122
91 1123
91 1125
91 1126
91 1128
91 1129
91 1130
91 1133
91 1134
91 1135
91 1137
91 1140
91 1141
91 1142
91 1147
91 1152
91 1153
91 1154
91 1155
91 1156
91 1157
91 1162
91 1163
91 1164
91 1165
91 1170
91 1171
91 1185
91 1189
91 1190
91 1191
91 1192
91 1193
91 1194
91 1195
91 1197
91 1198
91 1199
91 1201
91 1202
91 1203
91 1204
91 1206
91 1210
91 1211
91 1212
91 1213
91 1226
91 1228
91 1235
91 1238
91 1241
91 1244
91 1247
91 1257
91 1261
91 1264
91 1268
91 1269
91 1271
91 1274
91 1283
91 1288
91 1290
91 1292
91 1293
91 1306
91 1542
91 1543
91 1544
91 1545
91 1546
91 1547
91 1548
91 1549
91 1550
91 1551
91 1552
91 1553
91 1554
91 1555
91 1556
91 1557
91 1558
91 1559
91 1560
91 1611
91 1615
91 1616
91 1617
91 1619
91 1621
91 1623
91 1624
91 1625
91 1626
91 1627
91 1628
91 1629
91 1630
91 1631
91 1632
91 1633
91 1634
91 1635
91 1636
91 1637
91 1639
91 1640
91 1641
91 1642
91 1643
91 1645
91 1646
91 1647
91 1648
91 1651
91 1652
91 1653
91 1654
91 1664
91 1665
91 1671
91 1672
91 1674
91 1679
91 1686
91 1687
91 1688
91 1689
91 1690
91 1691
91 1708
91 1738
91 1772
91 1773
91 1783
91 1784
91 1785
91 1827
91 1969
91 2000
91 2019
91 2022
91 2023
91 2025
91 2026
91 2027
91 2032
91 2033
91 2034
91 2035
91 2036
91 2037
91 2038
91 2039
91 2040
91 2041
91 2042
91 2067
91 2085
91 2086
91 2087
91 2097
91 2108
91 2110
91 2111
91 2124
91 2160
91 2161
91 2179
91 2195
91 2207
91 2208
91 2220
91 2224
91 2225
91 2230
91 2231
91 2232
91 2233
91 2234
91 2235
91 2236
91 2237
91 2238
91 2240
91 2241
91 2243
91 2244
91 2245
91 2248
91 2249
91 2250
91 2251
91 2252
91 2253
91 2254
91 2255
91 2258
91 2260
91 2268
91 2269
91 2270
91 2272
91 2273
91 2274
91 2275
91 2276
91 2278
91 2279
91 2280
91 2282
91 2283
91 2284
91 2285
91 2286
91 2287
91 2288
91 2290
91 2292
91 2293
91 2294
91 2295
91 2296
91 2297
91 2298
91 2300
91 2301
91 2302
91 2303
91 2304
91 2305
91 2306
91 2307
91 2308
91 2309
91 2310
91 2311
91 2312
91 2313
91 2314
91 2315
91 2317
91 2318
91 2319
91 2320
91 2321
91 2322
91 2323
91 2324
91 2325
91 2326
91 2327
91 2328
91 2329
91 2330
91 2331
91 2332
91 2333
91 2334
91 2340
91 2341
91 2342
91 2343
91 2345
91 2346
91 2347
91 2348
91 2349
91 2351
91 2352
91 2353
91 2354
91 2355
91 2359
91 2361
91 2362
91 2363
91 2364
91 2365
91 2366
91 2367
91 2369
91 2370
91 2393
91 2395
91 2396
91 2397
91 2398
91 2399
91 2401
91 2402
91 2403
91 2404
91 2406
91 2408
91 2417
91 2430
91 2431
91 2529
91 2530
91 2531
91 2532
91 2533
91 2534
91 2542
91 2549
91 2559
91 2585
91 2658
91 2669
91 2670
91 2671
91 2672
91 2673
91 2674
91 2675
91 2676
91 2677
91 2678
91 2679
91 2680
91 2681
91 2682
91 2696
91 2699
91 2701
91 2723
91 2724
91 2725
91 2726
91 2727
91 2728
91 2730
91 2731
91 2732
91 2733
91 2734
91 2735
91 2736
91 2758
91 2759
91 2761
91 2763
91 2764
91 2765
91 2766
91 2767
91 2768
91 2769
91 2770
91 2772
91 2773
91 2774
91 2776
91 2778
91 2779
91 2780
91 2781
91 2782
91 2784
91 2785
91 2786
91 2787
91 2788
91 2791
91 2792
91 2793
91 2794
91 2796
91 2801
91 2802
91 2803
91 2804
91 2805
91 2807
91 2808
91 2812
91 2813
91 2814
91 2815
91 2816
91 2817
91 2822
91 2823
91 2824
91 2829
91 2831
91 2832
91 2842
91 2843
91 2844
91 2860
91 2861
91 2862
91 2863
91 2871
91 2872
91 2873
91 2878
91 2879
91 2882
91 2887
91 2889
91 2891
91 2902
91 2903
91 2915
91 2916
91 2917
91 2918
91 2919
91 2921
91 2924
91 2926
91 2929
91 2930
91 2945
91 2956
91 2960
91 2961
91 2962
91 2963
91 2965
91 2966
91 2976
91 2981
91 2982
91 2983
91 2986
91 2992
91 2993
91 2995
91 2999
91 3004
91 3007
91 3008
91 3009
91 3014
91 3015
91 3016
91 3017
91 3018
91 3019
91 3020
91 3021
91 3022
91 3023
91 3024
91 3025
91 3033
91 3038
91 3039
91 3040
91 3041
91 3042
91 3043
91 3044
91 3045
91 3048
91 3049
91 3050
91 3062
91 3064
91 3066
91 3072
91 3074
91 3075
91 3076
91 3081
91 3085
91 3088
91 3089
91 3093
91 3094
91 3095
91 3096
91 3097
91 3098
91 3099
91 3100
91 3101
91 3102
91 3103
91 3104
91 3105
91 3106
91 3107
91 3108
91 3109
91 3110
91 3111
91 3113
91 3114
91 3115
91 3116
91 3117
91 3118
91 3120
91 3121
91 3122
91 3123
91 3124
91 3126
91 3127
91 3129
91 3130
91 3131
91 3132
91 3133
91 3134
91 3135
91 3136
91 3138
91 3139
91 3140
91 3141
91 3142
91 3143
91 3144
91 3145
91 3146
91 3147
91 3148
91 3151
91 3159
91 3160
91 3161
91 3162
91 3163
91 3164
91 3165
91 3166
91 3168
91 3169
91 3170
91 3175
91 3184
91 3185
91 3186
91 3187
91 3188
91 3189
91 3190
91 3191
91 3192
91 3193
91 3194
91 3197
91 3203
91 3204
91 3209
91 3212
91 3220
91 3237
91 3238
91 3239
91 3240
91 3241
91 3254
91 3256
91 3258
91 3259
91 3260
91 3261
91 3262
91 3263
91 3264
91 3265
91 3267
91 3268
91 3269
91 3270
91 3271
91 3272
91 3273
91 3274
91 3275
91 3276
91 3277
91 3279
91 3281
91 3454
91 3455
91 3456
91 3457
91 3458
91 3459
91 3463
91 3464
91 3466
91 3467
91 3468
91 3469
91 3477
91 3478
91 3479
91 3483
91 3486
91 3489
91 3490
91 3491
91 3492
91 3493
91 3494
91 3495
91 3496
91 3497
91 3506
91 3507
91 3508
91 3509
91 3510
91 3511
91 3512
91 3513
91 3514
91 3516
91 3517
91 3518
91 3519
91 3520
91 3521
91 3522
91 3523
91 3524
91 3525
91 3527
91 3528
91 3529
91 3530
91 3531
91 3532
91 3533
91 3535
91 3536
91 3537
91 3538
91 3539
91 3540
91 3541
91 3542
91 3543
91 3544
91 3545
91 3546
91 3547
91 3548
91 3581
91 3601
91 3603
91 3648
91 3651
91 3652
91 3653
91 3687
91 3710
91 3735
91 3744
91 3751
91 3752
91 3753
91 3754
91 3755
91 3756
91 3757
91 3758
91 3759
91 3760
91 3761
91 3762
91 3763
91 3764
91 3765
91 3766
91 3767
91 3768
91 3769
91 3770
91 3771
91 3772
91 3773
91 3774
91 3782
91 3783
91 3788
91 3789
91 3793
91 3794
91 3795
91 3798
91 3800
91 3801
91 3803
91 3804
91 3809
91 3810
91 3813
91 3814
91 3815
91 3816
91 3817
91 3818
91 3819
91 3821
91 3822
91 3823
91 3824
91 3825
91 3826
91 3827
91 3828
91 3829
91 3830
91 3831
91 3832
91 3833
91 3834
91 3835
91 3836
91 3837
91 3838
91 3839
91 3842
91 3843
91 3845
91 3846
91 3847
91 3850
91 3851
91 3852
91 3853
91 3854
91 3855
91 3856
91 3857
91 3858
91 3859
91 3860
91 3861
91 3862
91 3863
91 3864
91 3865
91 3866
91 3867
91 3868
91 3869
91 3870
91 3871
91 3872
91 3873
91 3874
91 3875
91 3876
91 3877
91 3878
91 3879
91 3880
91 3881
91 3882
91 3883
91 3884
91 3885
91 3886
91 3887
91 3888
91 3889
91 3890
91 3891
91 3892
91 3893
91 3894
91 3895
91 3896
91 3897
91 3898
91 3899
91 3900
91 3901
91 3902
91 3903
91 3904
91 3905
91 3906
91 3907
91 3908
91 3909
91 3910
91 3911
91 3912
91 3913
91 3914
91 3915
91 3916
91 3917
91 3923
91 3924
91 3925
91 3926
91 3927
91 3931
91 3932
91 3933
91 3935
91 3936
91 3937
91 3938
91 3941
91 3942
91 3943
91 3944
91 3945
91 3946
91 3949
91 3950
91 3951
91 3952
91 3953
91 3954
91 3955
91 3956
91 3957
91 3958
91 3959
91 3960
91 3961
91 3962
91 3963
91 3964
91 3965
91 3966
91 3967
91 3968
91 3969
91 3970
91 3971
91 3972
91 3973
91 3974
91 3975
91 3976
91 3977
91 3978
91 3979
91 3980
91 3981
91 3982
91 3983
91 3984
91 3985
91 3986
91 3987
91 3988
91 3989
91 3990
91 3991
91 3992
91 3993
91 3994
91 3995
91 3996
91 3997
91 3998
91 3999
91 4000
91 4001
91 4002
91 4003
91 4004
91 4005
91 4006
91 4007
91 4008
91 4009
91 4010
91 4011
91 4012
91 4013
91 4014
91 4015
91 4016
91 4017
91 4018
91 4019
91 4020
91 4021
91 4022
91 4023
91 4024
91 4025
91 4026
91 4027
91 4028
91 4029
91 4030
91 4044
91 4045
91 4046
91 4047
91 4048
91 4049
91 4050
91 4051
91 4052
91 4053
91 4054
91 4055
91 4056
91 4057
91 4058
91 4059
91 4060
91 4061
91 4062
91 4063
91 4064
91 4065
91 4068
91 4069
91 4070
91 4071
91 4072
91 4073
91 4074
91 4075
91 4076
91 4077
91 4078
91 4079
91 4080
91 4081
91 4082
91 4083
91 4084
91 4085
91 4086
91 4087
91 4088
91 4089
91 4090
91 4091
91 4092
91 4093
91 4094
91 4095
91 4096
91 4097
91 4098
91 4099
91 4100
91 4101
91 4102
91 4103
91 4104
91 4105
91 4106
91 4107
91 4108
91 4109
91 4110
91 4111
91 4112
91 4113
91 4114
91 4115
91 4116
91 4117
91 4118
91 4119
91 4120
91 4121
91 4122
91 4123
91 4124
91 4125
91 4126
91 4127
91 4128
91 4129
91 4130
91 4131
91 4132
91 4133
91 4134
91 4136
91 4149
91 4243
91 4244
91 4245
91 4248
91 4249
91 4250
91 4251
91 4252
91 4253
91 4254
91 4255
91 4256
91 4257
91 4258
91 4259
91 4260
91 4261
91 4262
91 4263
91 4264
91 4265
91 4266
91 4267
91 4268
91 4269
91 4270
91 4271
91 4272
91 4273
91 4274
91 4275
91 4277
91 4278
91 4279
91 4280
91 4281
91 4282
91 4283
91 4284
91 4285
91 4286
91 4287
91 4288
91 4289
91 4290
91 4291
91 4292
91 4293
91 4294
91 4295
91 4296
91 4297
91 4298
91 4299
91 4300
91 4301
91 4302
91 4303
91 4304
91 4305
91 4306
91 4307
91 4308
91 4309
91 4310
91 4311
91 4312
91 4313
91 4314
91 4315
91 4316
91 4317
91 4318
91 4319
91 4320
91 4321
91 4322
91 4323
91 4324
91 4325
91 4326
91 4327
91 4328
91 4329
91 4330
91 4331
91 4332
91 4333
91 4334
91 4335
91 4336
91 4337
91 4338
91 4339
91 4340
91 4341
91 4342
91 4343
91 4344
91 4345
91 4346
91 4347
91 4348
91 4349
91 4350
91 4351
91 4352
91 4353
91 4354
91 4355
91 4356
91 4357
91 4358
91 4359
91 4360
91 4361
91 4362
91 4363
91 4364
91 4365
91 4366
91 4367
91 4368
91 4369
91 4370
91 4371
91 4372
91 4373
91 4374
91 4375
91 4376
91 4377
91 4378
91 4379
91 4380
91 4381
91 4382
91 4383
91 4384
91 4385
91 4386
91 4387
91 4388
91 4389
91 4390
91 4391
91 4392
91 4393
91 4394
91 4395
91 4396
91 4397
91 4398
91 4399
91 4400
91 4401
91 4402
91 4403
91 4404
91 4405
91 4406
91 4407
91 4408
91 4409
91 4410
91 4412
91 4413
91 4414
91 4415
91 4416
91 4417
91 4418
91 4419
91 4420
91 4423
91 4424
91 4425
91 4426
91 4427
91 4428
91 4429
91 4430
91 4431
91 4432
91 4433
91 4434
91 4435
91 4436
91 4437
91 4438
91 4439
91 4440
91 4441
91 4443
91 4444
91 4445
91 4446
91 4447
91 4448
91 4449
91 4450
91 4451
91 4452
91 4453
91 4454
91 4455
91 4456
91 4457
91 4458
91 4459
91 4460
91 4461
91 4462
91 4463
91 4464
91 4465
91 4466
91 4467
91 4468
91 4469
91 4470
91 4471
91 4472
91 4473
91 4474
91 4475
91 4476
91 4477
91 4478
91 4479
91 4480
91 4481
91 4482
91 4483
91 4484
91 4485
91 4486
91 4487
91 4488
91 4489
91 4490
91 4491
91 4492
91 4493
91 4494
91 4495
91 4496
91 4497
91 4499
91 4500
91 4501
91 4502
91 4503
91 4504
91 4505
91 4506
91 4507
91 4508
91 4509
91 4510
91 4511
91 4512
91 4513
91 4514
91 4515
91 4517
91 4518
91 4519
91 4520
91 4521
91 4522
91 4523
91 4524
91 4525
91 4526
91 4529
91 4530
91 4531
91 4532
91 4533
91 4534
91 4535
91 4536
91 4537
91 4556
91 4616
91 4710
91 4718
91 4719
91 4720
91 4721
91 4722
91 4723
91 4724
91 4725
91 4726
91 4727
91 4728
91 4729
91 4731
91 4732
91 4733
91 4734
91 4745
91 4746
91 4747
91 4749
91 4754
91 4755
91 4756
91 4757
91 4758
91 4759
91 4760
91 4761
91 4762
91 4765
91 4766
91 4781
91 4784
91 4785
91 4786
91 4787
91 4788
91 4789
91 4792
91 4793
91 4794
91 4795
91 4796
91 4797
91 4798
91 4799
91 4800
91 4801
91 4802
91 4803
91 4804
91 4805
91 4806
91 4807
91 4808
91 4809
91 4810
91 4811
91 4812
91 4813
91 4814
91 4815
91 4816
91 4817
91 4818
91 4819
91 4820
91 4825
91 4828
91 4829
91 4830
91 4831
91 4832
91 4833
91 4834
91 4835
91 4836
91 4837
91 4838
91 4839
91 4840
91 4841
91 4842
91 4843
91 4844
91 4845
91 4846
91 4847
91 4848
91 4849
91 4850
91 4851
91 4852
91 4853
91 4854
91 4855
91 4856
91 4857
91 4859
91 4860
91 4861
91 4862
91 4863
91 4864
91 4865
91 4866
91 4867
91 4868
91 4869
91 4870
91 4871
91 4872
91 4873
91 4875
91 4876
91 4877
91 4878
91 4879
91 4880
91 4881
91 4882
91 4883
91 4884
91 4885
91 4886
91 4887
91 4888
91 4889
91 4890
91 4891
91 4892
91 4893
91 4894
91 4897
91 4898
91 4899
91 4903
91 4904
91 4905
91 4906
91 4907
91 4908
91 4909
91 4910
91 4911
91 4912
91 4913
91 4914
91 4915
91 4916
91 4917
91 4918
91 4919
91 4920
91 4921
91 4922
91 4923
91 4924
91 4925
91 4926
91 4927
91 4928
91 4929
91 4930
91 4931
91 4932
91 4933
91 4934
91 4935
91 4936
91 4938
91 4939
91 4941
91 4942
91 4943
91 4944
91 4945
91 4946
91 4947
91 4948
91 4949
91 4950
91 4951
91 4952
91 4953
91 4954
91 4955
91 4956
91 4957
91 4958
91 4959
91 4960
91 4961
91 4962
91 4963
91 4964
91 4965
91 4966
91 4967
91 4968
91 4969
91 4970
91 4971
91 4972
91 4973
91 4974
91 4975
91 4985
91 4990
91 4991
91 4992
91 4993
91 4994
91 4995
91 4996
91 4997
91 4998
91 4999
91 5000
91 5001
91 5002
91 5003
91 5004
91 5005
91 5006
91 5008
91 5009
91 5011
91 5012
91 5013
91 5014
91 5015
91 5016
91 5017
91 5021
91 5022
91 5023
91 5024
91 5025
91 5031
91 5032
91 5033
91 5037
91 5039
91 5041
91 5042
91 5043
91 5044
91 5049
91 5050
91 5051
91 5052
91 5060
91 5062
91 5063
91 5064
91 5065
91 5066
91 5067
91 5068
91 5069
91 5070
91 5071
91 5072
91 5073
91 5074
91 5075
91 5076
91 5077
91 5079
91 5080
91 5081
91 5082
91 5083
91 5084
91 5085
91 5086
91 5087
91 5088
91 5089
91 5090
91 5091
91 5093
91 5094
91 5095
91 5098
91 5099
91 5101
91 5102
91 5103
91 5104
91 5105
91 5106
91 5107
91 5108
91 5109
91 5110
91 5111
91 5112
91 5113
91 5114
91 5116
91 5117
91 5118
91 5119
91 5120
91 5121
91 5122
91 5123
91 5124
91 5125
91 5126
91 5127
91 5128
91 5129
91 5130
91 5131
91 5132
91 5133
91 5134
91 5135
91 5136
91 5137
91 5141
91 5142
91 5143
91 5144
91 5145
91 5146
91 5147
91 5148
91 5149
91 5150
91 5156
91 5157
91 5158
91 5160
91 5161
91 5162
91 5163
91 5164
91 5165
91 5166
91 5167
91 5168
91 5169
91 5170
91 5171
91 5172
91 5173
91 5174
91 5175
91 5176
91 5177
91 5178
91 5179
91 5180
91 5181
91 5182
91 5183
91 5184
91 5185
91 5186
91 5187
91 5188
91 5189
91 5190
91 5191
91 5192
91 5193
91 5194
91 5195
91 5196
91 5197
91 5198
91 5199
91 5200
91 5202
91 5203
91 5204
91 5205
91 5206
91 5207
91 5208
91 5209
91 5210
91 5211
91 5213
91 5214
91 5215
91 5216
91 5217
91 5219
91 5220
91 5221
91 5222
91 5223
91 5224
91 5225
91 5226
91 5227
91 5228
91 5229
91 5230
91 5231
91 5232
91 5233
91 5234
91 5236
91 5237
91 5238
91 5239
91 5240
91 5241
91 5242
91 5243
91 5244
91 5245
91 5247
91 5248
91 5250
91 5251
91 5252
91 5254
91 5255
91 5256
91 5257
91 5258
91 5259
91 5260
91 5261
91 5262
91 5263
91 5264
91 5265
91 5266
91 5267
91 5268
91 5269
91 5270
91 5271
91 5272
91 5273
91 5274
91 5275
91 5276
91 5277
91 5278
91 5279
91 5283
91 5284
91 5285
91 5286
91 5287
91 5288
91 5289
91 5290
91 5291
91 5292
91 5293
91 5294
91 5295
91 5296
91 5297
91 5298
91 5301
91 5302
91 5303
91 5304
91 5306
91 5307
91 5308
91 5309
91 5311
91 5312
91 5313
91 5314
91 5315
91 5317
91 5318
91 5319
91 5320
91 5321
91 5322
91 5323
91 5324
91 5325
91 5326
91 5327
91 5328
91 5329
91 5330
91 5331
91 5332
91 5333
91 5334
91 5335
91 5336
91 5337
91 5338
91 5339
91 5340
91 5342
91 5343
91 5344
91 5345
91 5346
91 5347
91 5348
91 5349
91 5350
91 5351
91 5352
91 5353
91 5354
91 5355
91 5356
91 5357
91 5358
91 5360
91 5361
91 5362
91 5363
91 5364
91 5365
91 5366
91 5367
91 5368
91 5369
91 5371
91 5372
91 5373
91 5374
91 5375
91 5376
91 5377
91 5378
91 5379
91 5380
91 5381
91 5382
91 5383
91 5384
91 5385
91 5386
91 5387
91 5388
91 5389
91 5390
91 5391
91 5392
91 5393
91 5394
91 5395
91 5396
91 5397
91 5398
91 5399
91 5401
91 5403
91 5404
91 5407
91 5408
91 5409
91 5410
91 5411
91 5412
91 5413
91 5414
91 5415
91 5416
91 5417
91 5418
91 5419
91 5420
91 5421
91 5422
91 5423
91 5424
91 5426
91 5428
91 5430
91 5431
91 5432
91 5433
91 5434
91 5435
91 5436
91 5437
91 5438
91 5439
91 5440
91 5441
91 5442
91 5443
91 5444
91 5445
91 5446
91 5447
91 5448
91 5449
91 5450
91 5451
91 5452
91 5453
91 5454
91 5455
91 5456
91 5457
91 5458
91 5459
91 5460
91 5461
91 5462
91 5463
91 5464
91 5465
91 5466
91 5467
91 5468
91 5469
91 5470
91 5471
91 5472
91 5473
91 5474
91 5475
91 5476
91 5478
91 5479
91 5480
91 5481
91 5482
91 5483
91 5484
91 5485
91 5486
91 5487
91 5488
91 5489
91 5490
91 5491
91 5492
91 5493
91 5494
91 5495
91 5496
91 5497
91 5498
91 5499
91 5500
91 5501
91 5502
91 5504
91 5505
91 5506
91 5507
91 5509
91 5510
91 5511
91 5513
91 5514
91 5515
91 5516
91 5517
91 5518
91 5519
91 5520
91 5521
91 5522
91 5523
91 5524
91 5525
91 5526
91 5527
91 5528
91 5529
91 5530
91 5531
91 5533
91 5534
91 5536
91 5537
91 5538
91 5539
91 5540
91 5541
91 5542
91 5543
91 5544
91 5545
91 5546
91 5547
91 5548
91 5549
91 5550
91 5551
91 5552
91 5553
91 5554
91 5555
91 5556
91 5557
91 5558
91 5559
91 5560
91 5561
91 5562
91 5563
91 5564
91 5565
91 5566
91 5569
91 5570
91 5571
91 5572
91 5574
91 5575
91 5576
91 5577
91 5579
91 5580
91 5581
91 5582
91 5584
91 5585
91 5586
91 5587
91 5589
91 5590
91 5591
91 5592
91 5593
91 5596
91 5597
91 5598
91 5599
91 5600
91 5601
91 5602
91 5603
91 5604
91 5605
91 5606
91 5608
91 5609
91 5610
91 5611
91 5613
91 5615
91 5617
91 5618
91 5619
91 5620
91 5621
91 5622
91 5623
91 5624
91 5625
91 5626
91 5627
91 5628
91 5629
91 5630
91 5631
91 5632
91 5633
91 5634
91 5635
91 5636
91 5637
91 5639
91 5641
91 5642
91 5643
91 5644
91 5645
91 5646
91 5647
91 5648
91 5649
91 5650
91 5651
91 5652
91 5653
91 5654
91 5655
91 5656
91 5657
91 5658
91 5659
91 5660
91 5661
91 5662
91 5663
91 5664
91 5665
91 5666
91 5667
91 5668
91 5669
91 5670
91 5671
91 5672
91 5673
91 5674
91 5675
91 5676
91 5677
91 5679
91 5680
91 5681
91 5682
91 5683
91 5684
91 5685
91 5686
91 5687
91 5688
91 5689
91 5690
91 5691
91 5692
91 5693
91 5694
91 5695
91 5696
91 5697
91 5698
91 5699
91 5700
91 5701
91 5702
91 5703
91 5704
91 5705
91 5706
91 5707
91 5708
91 5709
91 5710
91 5711
91 5712
91 5713
91 5714
91 5715
91 5716
91 5717
91 5718
91 5719
91 5720
91 5721
91 5722
91 5723
91 5724
91 5725
91 5726
91 5727
91 5728
91 5729
91 5730
91 5731
91 5732
91 5733
91 5734
91 5735
91 5736
91 5737
91 5738
91 5740
91 5741
91 5742
91 5743
91 5744
91 5745
91 5746
91 5747
91 5748
91 5749
91 5750
91 5751
91 5752
91 5753
91 5754
91 5755
91 5756
91 5757
91 5758
91 5759
91 5760
91 5761
91 5762
91 5763
91 5764
91 5765
91 5766
91 5769
91 5770
91 5771
91 5772
91 5773
91 5774
91 5775
91 5776
91 5777
91 5778
91 5779
91 5780
91 5781
91 5782
91 5783
91 5784
91 5785
91 5786
91 5787
91 5788
91 5789
91 5790
91 5792
91 5793
91 5794
91 5796
91 5797
91 5798
91 5799
91 5800
91 5801
91 5802
91 5803
91 5804
91 5805
91 5806
91 5807
91 5808
91 5809
91 5810
91 5811
91 5812
91 5816
91 5817
91 5818
91 5819
91 5820
91 5821
91 5822
91 5823
91 5824
91 5825
91 5826
91 5827
91 5828
91 5829
91 5830
91 5831
91 5832
91 5833
91 5834
91 5835
91 5836
91 5837
91 5838
91 5839
91 5841
91 5842
91 5843
91 5844
91 5845
91 5846
91 5847
91 5848
91 5849
91 5850
91 5851
91 5853
91 5854
91 5855
91 5856
91 5857
91 5859
91 5860
91 5862
91 5863
91 5864
91 5865
91 5867
91 5868
91 5869
91 5870
91 5871
91 5872
91 5873
91 5874
91 5875
91 5876
91 5877
91 5878
91 5879
91 5880
91 5881
91 5882
91 5883
91 5884
91 5885
91 5886
91 5887
91 5888
91 5889
91 5890
91 5891
91 5892
91 5893
91 5894
91 5895
91 5896
91 5897
91 5898
91 5899
91 5900
91 5901
91 5902
91 5903
91 5904
91 5905
91 5906
91 5907
91 5908
91 5909
91 5910
91 5911
91 5912
91 5913
91 5914
91 5915
91 5916
91 5917
91 5918
91 5919
91 5920
91 5921
91 5922
91 5923
91 5924
91 5925
91 5926
91 5927
91 5928
91 5929
91 5930
91 5931
91 5932
91 5933
91 5934
91 5935
91 5936
91 5938
91 5939
91 5940
91 5941
91 5942
91 5943
91 5944
91 5945
91 5946
91 5947
91 5948
91 5949
91 5950
91 5951
91 5952
91 5953
91 5954
91 5955
91 5957
91 5958
91 5959
91 5960
91 5961
91 5962
91 5963
91 5964
91 5966
91 5967
91 5968
91 5969
91 5971
91 5972
91 5973
91 5974
91 5975
91 5976
91 5977
91 5978
91 5979
91 5980
91 5981
91 5982
91 5983
91 5984
91 5985
91 5986
91 5987
91 5988
91 5989
91 5990
91 5991
91 5994
91 5995
91 5996
91 5997
91 5998
91 5999
91 6000
91 6001
91 6002
91 6003
91 6004
91 6005
91 6006
91 6007
91 6008
91 6009
91 6011
91 6012
91 6013
91 6014
91 6015
91 6016
91 6017
91 6018
91 6019
91 6020
91 6021
91 6024
91 6025
91 6026
91 6027
91 6028
91 6029
91 6030
91 6031
91 6032
91 6033
91 6034
91 6036
91 6037
91 6038
91 6039
91 6040
91 6041
91 6042
91 6043
91 6045
91 6046
91 6048
91 6051
91 6052
91 6053
91 6054
91 6055
91 6056
91 6057
91 6058
91 6059
91 6060
91 6061
91 6062
91 6063
91 6065
91 6066
91 6067
91 6068
91 6069
91 6070
91 6071
91 6072
91 6073
91 6074
91 6075
91 6076
91 6077
91 6078
91 6079
91 6080
91 6081
91 6082
91 6083
91 6084
91 6085
91 6086
91 6087
91 6088
91 6089
91 6090
91 6091
91 6092
91 6093
91 6094
91 6095
91 6096
91 6097
91 6098
91 6099
91 6100
91 6101
91 6103
91 6104
91 6105
91 6106
91 6107
91 6108
91 6109
91 6110
91 6111
91 6112
91 6113
91 6114
91 6115
91 6116
91 6117
91 6118
91 6119
91 6120
91 6121
91 6122
91 6124
91 6125
91 6126
91 6127
91 6128
91 6129
91 6131
91 6133
91 6134
91 6135
91 6137
91 6139
91 6141
91 6142
91 6143
91 6144
91 6145
91 6146
91 6147
91 6148
91 6149
91 6150
91 6151
91 6152
91 6154
91 6155
91 6156
91 6157
91 6158
91 6159
91 6160
91 6161
91 6162
91 6163
91 6164
91 6165
91 6166
91 6167
91 6168
91 6169
91 6170
91 6171
91 6172
91 6173
91 6174
91 6175
91 6176
91 6177
91 6178
91 6179
91 6181
91 6182
91 6184
91 6185
91 6186
91 6187
91 6188
91 6189
91 6190
91 6191
91 6192
91 6193
91 6194
91 6195
91 6196
91 6197
91 6198
91 6199
91 6200
91 6201
91 6202
91 6203
91 6204
91 6205
91 6206
91 6207
91 6208
91 6209
91 6210
91 6211
91 6212
91 6213
91 6215
91 6216
91 6217
91 6218
91 6220
91 6221
91 6222
91 6223
91 6224
91 6225
91 6226
91 6227
91 6228
91 6229
91 6230
91 6231
91 6232
91 6233
91 6235
91 6236
91 6237
91 6238
91 6239
91 6240
91 6241
91 6243
91 6245
91 6246
91 6247
91 6248
91 6249
91 6250
91 6251
91 6253
91 6254
91 6255
91 6256
91 6257
91 6258
91 6259
91 6260
91 6262
91 6263
91 6264
91 6265
91 6266
91 6267
91 6268
91 6269
91 6270
91 6271
91 6272
91 6273
91 6274
91 6275
91 6276
91 6277
91 6278
91 6279
91 6280
91 6281
91 6282
91 6283
91 6284
91 6285
91 6286
91 6287
91 6288
91 6289
91 6290
91 6291
91 6292
91 6293
91 6294
91 6295
91 6296
91 6297
91 6298
91 6299
91 6300
91 6301
91 6302
91 6303
91 6304
91 6305
91 6306
91 6307
91 6309
91 6310
91 6311
91 6312
91 6313
91 6314
91 6315
91 6317
91 6318
91 6319
91 6320
91 6321
91 6322
91 6323
91 6324
91 6325
91 6326
91 6327
91 6328
91 6329
91 6330
91 6331
91 6332
91 6333
91 6334
91 6335
91 6336
91 6337
91 6338
91 6339
91 6340
91 6341
91 6342
91 6343
91 6344
91 6345
91 6346
91 6347
91 6349
91 6350
91 6351
91 6352
91 6353
91 6354
91 6355
91 6356
91 6357
91 6358
91 6359
91 6360
91 6361
91 6362
91 6363
91 6364
91 6365
91 6366
91 6367
91 6368
91 6369
91 6370
91 6371
91 6372
91 6374
91 6375
91 6377
91 6378
91 6379
91 6380
91 6381
91 6382
91 6383
91 6384
91 6385
91 6386
91 6387
91 6388
91 6389
91 6390
91 6391
91 6392
91 6393
91 6394
91 6395
91 6396
91 6397
91 6398
91 6400
91 6401
91 6402
91 6404
91 6405
91 6406
91 6407
91 6408
91 6409
91 6410
91 6411
91 6412
91 6413
91 6415
91 6416
91 6417
91 6418
91 6419
91 6420
91 6421
91 6422
91 6423
91 6424
91 6425
91 6426
91 6427
91 6428
91 6429
91 6430
91 6431
91 6432
91 6433
91 6434
91 6435
91 6436
91 6437
91 6438
91 6439
91 6440
91 6441
91 6442
91 6443
91 6444
91 6445
91 6446
91 6447
91 6448
91 6450
91 6451
91 6452
91 6454
91 6455
91 6456
91 6457
91 6458
91 6459
91 6460
91 6461
91 6462
91 6463
91 6464
91 6465
91 6466
91 6467
91 6468
91 6469
91 6470
91 6471
91 6472
91 6473
91 6474
91 6475
91 6476
91 6477
91 6478
91 6479
91 6480
91 6481
91 6482
91 6483
91 6484
91 6485
91 6486
91 6487
91 6488
91 6489
91 6491
91 6492
91 6493
91 6494
91 6495
91 6496
91 6497
91 6498
91 6499
91 6500
91 6501
91 6502
91 6503
91 6504
91 6506
91 6507
91 6508
91 6509
91 6511
91 6512
91 6513
91 6515
91 6516
91 6517
91 6518
91 6519
91 6520
91 6521
91 6522
91 6523
91 6525
91 6526
91 6527
91 6528
91 6529
91 6530
91 6531
91 6532
91 6533
91 6534
91 6535
91 6536
91 6537
91 6538
91 6539
91 6540
91 6541
91 6542
91 6543
91 6544
91 6545
91 6546
91 6547
91 6548
91 6549
91 6550
91 6551
91 6552
91 6553
91 6554
91 6555
91 6556
91 6557
91 6558
91 6560
91 6561
91 6562
91 6563
91 6564
91 6565
91 6566
91 6569
91 6571
91 6575
91 6577
91 6579
91 6581
91 6582
91 6583
91 6584
91 6585
91 6586
91 6587
91 6588
91 6589
91 6590
91 6591
91 6593
91 6594
91 6596
91 6597
91 6598
91 6599
91 6600
91 6601
91 6602
91 6603
91 6604
91 6605
91 6606
91 6607
91 6608
91 6609
91 6610
91 6611
91 6612
91 6613
91 6614
91 6615
91 6616
91 6617
91 6618
91 6619
91 6620
91 6621
91 6622
91 6623
91 6624
91 6625
91 6626
91 6627
91 6628
91 6629
91 6630
91 6631
91 6632
91 6633
91 6634
91 6635
91 6636
91 6637
91 6638
91 6639
91 6640
91 6641
91 6642
91 6643
91 6644
91 6645
91 6646
91 6647
91 6648
91 6649
91 6650
91 6651
91 6652
91 6653
91 6654
91 6655
91 6656
91 6657
91 6658
91 6659
91 6660
91 6661
91 6663
91 6664
91 6665
91 6666
91 6667
91 6668
91 6669
91 6670
91 6671
91 6672
91 6673
91 6674
91 6675
91 6676
91 6677
91 6678
91 6679
91 6680
91 6681
91 6682
91 6683
91 6685
91 6686
91 6687
91 6689
91 6690
91 6691
91 6692
91 6693
91 6694
91 6695
91 6696
91 6697
91 6698
91 6699
91 6700
91 6701
91 6702
91 6703
91 6704
91 6705
91 6706
91 6707
91 6708
91 6710
91 6711
91 6712
91 6713
91 6714
91 6715
91 6716
91 6717
91 6718
91 6719
91 6720
91 6721
91 6722
91 6723
91 6724
91 6725
91 6726
91 6727
91 6728
91 6729
91 6730
91 6731
91 6732
91 6733
91 6734
91 6736
91 6737
91 6738
91 6739
91 6740
91 6741
91 6742
91 6743
91 6744
91 6745
91 6746
91 6748
91 6749
91 6750
91 6751
91 6753
91 6754
91 6755
91 6757
91 6758
91 6759
91 6760
91 6761
91 6762
91 6763
91 6765
91 6766
91 6767
91 6768
91 6769
91 6770
91 6771
91 6773
91 6774
91 6775
91 6776
91 6777
91 6778
91 6779
91 6780
91 6781
91 6782
91 6783
91 6784
91 6785
91 6786
91 6788
91 6789
91 6790
91 6791
91 6792
91 6793
91 6794
91 6795
91 6796
91 6797
91 6799
91 6800
91 6801
91 6802
91 6803
91 6805
91 6806
91 6807
91 6808
91 6809
91 6810
91 6811
91 6812
91 6813
91 6814
91 6815
91 6816
91 6817
91 6818
91 6819
91 6820
91 6821
91 6941
91 6948
91 6953
91 6956
91 6957
91 6958
91 6959
91 6960
91 6982
91 6986
91 7009
91 7010
91 7011
91 7012
91 7015
91 7016
91 7017
91 7018
91 7019
91 7020
91 7021
91 7033
91 7034
91 7036
91 7043
91 7044
91 7076
91 7077
91 7079
91 7096
91 7101
91 7102
91 7107
91 7109
91 7110
91 7111
91 7112
91 7113
91 7114
91 7116
91 7117
91 7124
91 7127
91 7128
91 7129
91 7131
91 7134
91 7142
91 7145
91 7146
91 7148
91 7149
91 7162
91 7166
91 7167
91 7270
91 7287
91 7292
91 7293
91 7294
91 7295
91 7296
91 7297
91 7298
91 7299
91 7300
91 7301
91 7302
91 7304
91 7306
91 7307
91 7310
91 7311
91 7312
91 7313
91 7314
91 7319
91 7320
91 7321
91 7322
91 7324
91 7325
91 7326
91 7327
91 7328
91 7329
91 7330
91 7348
91 7351
91 7354
91 7360
91 7372
91 7380
91 7381
91 7382
91 7383
91 7384
91 7385
91 7387
91 7390
91 7399
91 7416
91 7417
91 7418
91 7427
91 7441
91 7449
91 7466
91 7475
91 7476
91 7477
91 7478
91 7479
91 7480
91 7481
91 7483
91 7485
91 7486
91 7487
91 7488
91 7489
91 7490
91 7491
91 7492
91 7494
91 7495
91 7496
91 7497
91 7498
91 7499
91 7500
91 7501
91 7502
91 7503
91 7504
91 7505
91 7506
91 7507
91 7508
91 7509
91 7510
91 7511
91 7512
91 7513
91 7514
91 7515
91 7516
91 7517
91 7518
91 7519
91 7520
91 7521
91 7522
91 7523
91 7524
91 7525
91 7526
91 7527
91 7528
91 7529
91 7530
91 7531
91 7532
91 7533
91 7534
91 7535
91 7536
91 7537
91 7538
91 7539
91 7540
91 7541
91 7542
91 7543
91 7544
91 7545
91 7546
91 7547
91 7548
91 7549
91 7550
91 7551
91 7552
91 7557
91 7558
91 7559
91 7560
91 7561
91 7562
91 7563
91 7564
91 7565
91 7566
91 7567
91 7568
91 7569
91 7570
91 7571
91 7572
91 7573
91 7574
91 7575
91 7576
91 7577
91 7578
91 7579
91 7580
91 7581
91 7582
91 7583
91 7584
91 7585
91 7586
91 7587
91 7588
91 7589
91 7590
91 7591
91 7592
91 7593
91 7594
91 7595
91 7596
91 7598
91 7599
91 7600
91 7601
91 7602
91 7603
91 7604
91 7605
91 7606
91 7607
91 7608
91 7609
91 7610
91 7611
91 7612
91 7613
91 7614
91 7615
91 7616
91 7617
91 7618
91 7619
91 7620
91 7621
91 7622
91 7623
91 7624
91 7625
91 7626
91 7627
91 7628
91 7629
91 7630
91 7632
91 7633
91 7634
91 7635
91 7636
91 7637
91 7638
91 7639
91 7640
91 7641
91 7642
91 7643
91 7644
91 7645
91 7646
91 7647
91 7648
91 7649
91 7650
91 7651
91 7652
91 7653
91 7654
91 7655
91 7656
91 7657
91 7658
91 7659
91 7660
91 7661
91 7662
91 7663
91 7664
91 7665
91 7670
91 7671
91 7672
91 7673
91 7674
91 7675
91 7676
91 7677
91 7678
91 7679
91 7680
91 7681
91 7682
91 7683
91 7684
91 7685
91 7686
91 7687
91 7688
91 7689
91 7690
91 7691
91 7692
91 7693
91 7694
91 7695
91 7696
91 7697
91 7698
91 7699
91 7700
91 7701
91 7702
91 7703
91 7704
91 7705
91 7706
91 7707
91 7708
91 7710
91 7711
91 7722
91 7728
91 7752
91 7793
91 7794
91 7796
91 7797
91 7800
91 7801
91 7802
91 7803
91 7804
91 7807
91 7813
91 7815
91 7816
91 7818
91 7819
91 7820
91 7821
91 7822
91 7825
91 7826
91 7827
91 7828
91 7829
91 7830
91 7835
91 7853
91 7877
91 7884
91 7890
91 7895
91 7898
91 7900
91 7901
91 7903
91 7904
91 7940
91 7941
91 7942
91 7943
91 7944
91 7945
91 7946
91 7947
91 7948
91 7949
91 7950
91 7951
91 7952
91 7953
91 7954
91 7955
91 7956
91 7957
91 7958
91 7959
91 7960
91 7961
91 7962
91 7963
91 7964
91 7965
91 7966
91 7967
91 7968
91 7969
91 7970
91 7971
91 7972
91 7973
91 7974
91 7975
91 7976
91 7977
91 7978
91 7979
91 7980
91 7981
91 7982
91 7983
91 7984
91 7985
91 7986
91 7987
91 7988
91 7989
91 7990
91 7991
91 7992
91 7993
91 7994
91 7995
91 7996
91 7997
91 8003
91 8004
91 8005
91 8006
91 8007
91 8008
91 8009
91 8010
91 8012
91 8013
91 8014
91 8015
91 8016
91 8017
91 8018
91 8019
91 8020
91 8021
91 8022
91 8023
91 8024
91 8025
91 8026
91 8027
91 8028
91 8029
91 8030
91 8031
91 8032
91 8033
91 8034
91 8035
91 8036
91 8037
91 8038
91 8039
91 8040
91 8041
91 8042
91 8043
91 8044
91 8045
91 8046
91 8047
91 8048
91 8049
91 8050
91 8051
91 8052
91 8053
91 8054
91 8055
91 8056
91 8057
91 8058
91 8059
91 8060
91 8061
91 8062
91 8063
91 8064
91 8065
91 8066
91 8067
91 8068
91 8069
91 8070
91 8071
91 8072
91 8073
91 8074
91 8075
91 8076
91 8077
91 8078
91 8079
91 8080
91 8081
91 8082
91 8083
91 8084
91 8085
91 8086
91 8087
91 8088
91 8089
91 8090
91 8091
91 8092
91 8093
91 8094
91 8095
91 8096
91 8097
91 8098
91 8099
91 8100
91 8101
91 8102
91 8103
91 8104
91 8105
91 8106
91 8107
91 8108
91 8109
91 8110
91 8111
91 8112
91 8113
91 8114
91 8115
91 8116
91 8117
91 8118
91 8119
91 8120
91 8121
91 8122
91 8123
91 8124
91 8125
91 8126
91 8127
91 8128
91 8129
91 8130
91 8131
91 8132
91 8133
91 8134
91 8135
91 8136
91 8137
91 8138
91 8139
91 8140
91 8141
91 8142
91 8143
91 8144
91 8145
91 8146
91 8147
91 8148
91 8149
91 8150
91 8151
91 8152
91 8153
91 8154
91 8155
91 8156
91 8157
91 8158
91 8159
91 8160
91 8161
91 8162
91 8163
91 8164
91 8165
91 8166
91 8167
91 8168
91 8169
91 8170
91 8171
91 8172
91 8173
91 8174
91 8175
91 8176
91 8177
91 8178
91 8179
91 8180
91 8181
91 8182
91 8183
91 8184
91 8185
91 8186
91 8187
91 8188
91 8189
91 8190
91 8191
91 8192
91 8193
91 8194
91 8195
91 8196
91 8197
91 8198
91 8199
91 8200
91 8201
91 8202
91 8203
91 8204
91 8205
91 8206
91 8207
91 8208
91 8209
91 8210
91 8211
91 8212
91 8213
91 8214
91 8215
91 8216
91 8217
91 8218
91 8219
91 8220
91 8221
91 8222
91 8223
91 8224
91 8225
91 8226
91 8227
91 8228
91 8229
91 8230
91 8231
91 8232
91 8233
91 8234
91 8235
91 8236
91 8237
91 8238
91 8239
91 8240
91 8241
91 8242
91 8243
91 8244
91 8245
91 8246
91 8247
91 8248
91 8249
91 8250
91 8251
91 8252
91 8253
91 8254
91 8255
91 8256
91 8257
91 8258
91 8259
91 8260
91 8261
91 8262
91 8263
91 8264
91 8265
91 8266
91 8267
91 8268
91 8269
91 8270
91 8271
91 8272
91 8273
91 8274
91 8275
91 8276
91 8277
91 8278
91 8279
91 8280
91 8281
91 8282
91 8283
91 8284
91 8285
91 8286
91 8287
91 8288
91 8289
91 8290
91 8291
91 8292
91 8293
91 8294
91 8295
91 8296
91 8297
91 8298
91 8299
91 8300
91 8301
91 8302
91 8303
91 8304
91 8305
91 8306
91 8307
91 8308
91 8309
91 8310
91 8311
91 8312
91 8313
91 8314
91 8315
91 8316
91 8317
91 8318
91 8319
91 8320
91 8321
91 8322
91 8323
91 8324
91 8325
91 8326
91 8327
91 8328
91 8329
91 8330
91 8331
91 8332
91 8333
91 8334
91 8335
91 8336
91 8337
91 8338
91 8339
91 8340
91 8341
91 8342
91 8343
91 8344
91 8345
91 8346
91 8347
91 8348
91 8349
91 8350
91 8351
91 8352
91 8353
91 8354
91 8355
91 8356
91 8357
91 8358
91 8359
91 8360
91 8361
91 8362
91 8363
91 8364
91 8365
91 8366
91 8367
91 8368
91 8369
91 8370
91 8371
91 8372
91 8373
91 8374
91 8375
91 8376
91 8377
91 8378
91 8379
91 8380
91 8381
91 8382
91 8383
91 8384
91 8385
91 8386
91 8387
91 8388
91 8389
91 8390
91 8391
91 8392
91 8393
91 8394
91 8395
91 8396
91 8397
91 8398
91 8399
91 8400
91 8401
91 8402
91 8403
91 8404
91 8405
91 8406
91 8407
91 8408
91 8409
91 8410
91 8411
91 8412
91 8413
91 8414
91 8415
91 8416
91 8417
91 8418
91 8419
91 8420
91 8421
91 8422
91 8423
91 8424
91 8425
91 8426
91 8427
91 8428
91 8429
91 8430
91 8431
91 8432
91 8433
91 8434
91 8435
91 8436
91 8437
91 8438
91 8439
91 8440
91 8441
91 8442
91 8443
91 8444
91 8445
91 8446
91 8447
91 8448
91 8449
91 8450
91 8451
91 8452
91 8453
91 8454
91 8455
91 8456
91 8457
91 8458
91 8459
91 8460
91 8461
91 8462
91 8463
91 8464
91 8465
91 8466
91 8467
91 8468
91 8469
91 8470
91 8471
91 8472
91 8473
91 8474
91 8475
91 8476
91 8477
91 8478
91 8479
91 8480
91 8481
91 8482
91 8483
91 8484
91 8485
91 8486
91 8487
91 8488
91 8489
91 8490
91 8491
91 8492
91 8493
91 8494
91 8495
91 8496
91 8497
91 8498
91 8499
91 8500
91 8501
91 8502
91 8503
91 8504
91 8505
91 8506
91 8507
91 8508
91 8509
91 8510
91 8511
91 8512
91 8513
91 8514
91 8515
91 8516
91 8517
91 8518
91 8519
91 8520
91 8521
91 8522
91 8523
91 8524
91 8525
91 8526
91 8527
91 8528
91 8529
91 8530
91 8531
91 8532
91 8533
91 8534
91 8535
91 8536
91 8537
91 8538
91 8539
91 8540
91 8541
91 8542
91 8543
91 8544
91 8545
91 8546
91 8547
91 8548
91 8549
91 8550
91 8551
91 8552
91 8553
91 8554
91 8555
91 8556
91 8557
91 8558
91 8559
91 8560
91 8561
91 8562
91 8563
91 8564
91 8565
91 8566
91 8567
91 8568
91 8572
91 8585
91 8587
91 8588
91 8589
91 8590
91 8591
91 8592
91 8593
91 8594
91 8595
91 8596
91 8597
91 8598
91 8599
91 8600
91 8601
91 8602
91 8603
91 8604
91 8605
91 8606
91 8608
91 8609
91 8610
91 8611
91 8612
91 8613
91 8614
91 8615
91 8616
91 8617
91 8618
91 8619
91 8620
91 8621
91 8622
91 8623
91 8624
91 8625
91 8626
91 8627
91 8628
91 8629
91 8630
91 8631
91 8632
91 8633
91 8634
91 8635
91 8636
91 8637
91 8638
91 8639
91 8640
91 8641
91 8642
91 8643
91 8644
91 8645
91 8646
91 8647
91 8648
91 8649
91 8650
91 8651
91 8652
91 8653
91 8654
91 8655
91 8656
91 8657
91 8658
91 8659
91 8660
91 8661
91 8662
91 8663
91 8664
91 8665
91 8666
91 8667
91 8668
91 8669
91 8670
91 8671
91 8672
91 8673
91 8674
91 8675
91 8676
91 8677
91 8678
91 8679
91 8680
91 8681
91 8682
91 8683
91 8684
91 8685
91 8686
91 8687
91 8688
91 8689
91 8690
91 8691
91 8692
91 8693
91 8694
91 8695
91 8696
91 8697
91 8698
91 8700
91 8701
91 8702
91 8703
91 8704
91 8705
91 8706
91 8707
91 8708
91 8709
91 8710
91 8711
91 8712
91 8713
91 8714
91 8715
91 8716
91 8717
91 8718
91 8719
91 8720
91 8721
91 8722
91 8723
91 8724
91 8725
91 8726
91 8727
91 8728
91 8729
91 8730
91 8731
91 8732
91 8733
91 8734
91 8735
91 8736
91 8737
91 8738
91 8739
91 8740
91 8741
91 8742
91 8743
91 8744
91 8745
91 8746
91 8747
91 8748
91 8749
91 8750
91 8751
91 8752
91 8753
91 8754
91 8755
91 8756
91 8757
91 8758
91 8759
91 8760
91 8761
91 8762
91 8763
91 8764
91 8765
91 8766
91 8767
91 8768
91 8769
91 8770
91 8771
91 8772
91 8773
91 8774
91 8775
91 8776
91 8777
91 8778
91 8779
91 8780
91 8781
91 8782
91 8783
91 8784
91 8785
91 8786
91 8787
91 8788
91 8789
91 8790
91 8791
91 8792
91 8793
91 8794
91 8795
91 8796
91 8797
91 8798
91 8799
91 8800
91 8801
91 8802
91 8803
91 8804
91 8805
91 8806
91 8807
91 8808
91 8809
91 8810
91 8811
91 8812
91 8813
91 8814
91 8815
91 8816
91 8817
91 8818
91 8819
91 8820
91 8821
91 8822
91 8823
91 8824
91 8825
91 8826
91 8827
91 8828
91 8829
91 8830
91 8831
91 8832
91 8833
91 8834
91 8835
91 8836
91 8837
91 8838
91 8839
91 8840
91 8841
91 8842
91 8843
91 8844
91 8845
91 8846
91 8847
91 8848
91 8849
91 8850
91 8851
91 8852
91 8853
91 8854
91 8855
91 8856
91 8857
91 8858
91 8859
91 8860
91 8861
91 8862
91 8863
91 8864
91 8865
91 8866
91 8867
91 8868
91 8869
91 8870
91 8969
91 8970
91 8971
91 8972
91 8973
91 8974
91 8975
91 8976
91 8977
91 8978
91 8979
91 8980
91 8981
91 8982
91 8983
91 8984
91 8985
91 8986
91 8987
91 8988
91 8989
91 8990
91 8991
91 8992
91 8993
91 8994
91 8995
91 8996
91 8997
91 8998
91 8999
91 9000
91 9001
91 9002
91 9003
91 9004
91 9005
91 9006
91 9007
91 9008
91 9009
91 9010
91 9011
91 9012
91 9013
91 9014
91 9015
91 9016
91 9017
91 9018
91 9019
91 9020
91 9021
91 9022
91 9023
91 9024
91 9025
91 9026
91 9027
91 9028
91 9029
91 9030
91 9031
91 9032
91 9033
91 9034
91 9035
91 9036
91 9037
91 9038
91 9039
91 9040
91 9041
91 9042
91 9043
91 9044
91 9045
91 9046
91 9047
91 9048
91 9049
91 9050
91 9051
91 9052
91 9053
91 9054
91 9055
91 9056
91 9057
91 9058
91 9059
91 9060
91 9061
91 9062
91 9063
91 9064
91 9065
91 9066
91 9067
91 9068
91 9069
91 9070
91 9071
91 9072
91 9073
91 9074
91 9075
91 9076
91 9077
91 9078
91 9079
91 9080
91 9081
91 9082
91 9083
91 9084
91 9085
91 9086
91 9087
91 9088
91 9089
91 9090
91 9091
91 9092
91 9093
91 9094
91 9095
91 9096
91 9097
91 9098
91 9099
91 9100
91 9101
91 9102
91 9103
91 9104
91 9105
91 9106
91 9107
91 9108
91 9109
91 9110
91 9111
91 9112
91 9113
91 9114
91 9115
91 9116
91 9117
91 9118
91 9119
91 9120
91 9121
91 9122
91 9123
91 9124
91 9125
91 9126
91 9127
91 9128
91 9129
91 9130
91 9131
91 9132
91 9133
91 9134
91 9135
91 9136
91 9137
91 9138
91 9139
91 9140
91 9141
91 9142
91 9143
91 9144
91 9145
91 9146
91 9147
91 9148
91 9149
91 9150
91 9151
91 9152
91 9153
91 9154
91 9155
91 9156
91 9157
91 9158
91 9159
91 9160
91 9161
91 9162
91 9163
91 9164
91 9165
91 9166
91 9167
91 9168
91 9169
91 9170
91 9171
91 9172
91 9173
91 9174
91 9175
91 9176
91 9177
91 9178
91 9179
91 9180
91 9181
91 9182
91 9183
91 9184
91 9185
91 9186
91 9187
91 9188
91 9189
91 9190
91 9191
91 9192
91 9193
91 9194
91 9195
91 9196
91 9197
91 9198
91 9199
91 9200
91 9201
91 9202
91 9203
91 9204
91 9205
91 9206
91 9207
91 9208
91 9209
91 9210
91 9211
91 9212
91 9213
91 9214
91 9215
91 9216
91 9217
91 9218
91 9219
91 9220
91 9221
91 9222
91 9223
91 9224
91 9225
91 9226
91 9227
91 9228
91 9229
91 9230
91 9231
91 9232
91 9233
91 9234
91 9235
91 9236
91 9237
91 9238
91 9239
91 9240
91 9241
91 9242
91 9243
91 9244
91 9245
91 9246
91 9247
91 9248
91 9249
91 9250
91 9251
91 9252
91 9253
91 9254
91 9255
91 9258
91 9259
91 9260
91 9261
91 9262
91 9263
91 9264
91 9265
91 9266
91 9267
91 9268
91 9269
91 9270
91 9271
91 9272
91 9273
91 9274
91 9275
91 9276
91 9277
91 9278
91 9279
91 9280
91 9281
91 9282
91 9283
91 9284
91 9285
91 9286
91 9287
91 9288
91 9289
91 9290
91 9291
91 9292
91 9293
91 9294
91 9295
91 9296
91 9297
91 9298
91 9299
91 9300
91 9301
91 9302
91 9303
91 9304
91 9305
91 9306
91 9307
91 9308
91 9309
91 9310
91 9311
91 9312
91 9313
91 9314
91 9315
91 9316
91 9317
91 9318
91 9319
91 9320
91 9321
91 9322
91 9323
91 9324
91 9325
91 9326
91 9327
91 9328
91 9329
91 9330
91 9331
91 9332
91 9333
91 9334
91 9335
91 9336
91 9337
91 9338
91 9339
91 9340
91 9341
91 9342
91 9343
91 9344
91 9345
91 9346
91 9347
91 9348
91 9349
91 9350
91 9351
91 9352
91 9353
91 9354
91 9355
91 9356
91 9357
91 9358
91 9359
91 9360
91 9361
91 9362
91 9363
91 9364
91 9365
91 9366
91 9367
91 9368
91 9369
91 9370
91 9371
91 9372
91 9373
91 9374
91 9375
91 9376
91 9377
91 9378
91 9379
91 9380
91 9381
91 9382
91 9383
91 9384
91 9385
91 9386
91 9387
91 9388
91 9389
91 9390
91 9391
91 9392
91 9393
91 9394
91 9395
91 9396
91 9397
91 9398
91 9399
91 9400
91 9401
91 9402
91 9403
91 9404
91 9405
91 9406
91 9407
91 9408
91 9409
91 9410
91 9411
91 9412
91 9413
91 9414
91 9415
91 9416
91 9417
91 9418
91 9419
91 9420
91 9421
91 9422
91 9423
91 9424
91 9425
91 9426
91 9427
91 9428
91 9429
91 9430
91 9431
91 9432
91 9433
91 9434
91 9435
91 9436
91 9437
91 9438
91 9439
91 9440
91 9441
91 9442
91 9443
91 9444
91 9445
91 9446
91 9447
91 9448
91 9449
91 9450
91 9451
91 9452
91 9453
91 9454
91 9455
91 9456
91 9457
91 9458
91 9459
91 9460
91 9461
91 9462
91 9463
91 9464
91 9465
91 9466
91 9467
91 9468
91 9469
91 9470
91 9471
91 9472
91 9473
91 9474
91 9475
91 9476
91 9477
91 9478
91 9479
91 9480
91 9481
91 9482
91 9483
91 9484
91 9485
91 9486
91 9487
91 9488
91 9489
91 9490
91 9491
91 9492
91 9493
91 9494
91 9495
91 9496
91 9497
91 9498
91 9499
91 9500
91 9501
91 9502
91 9503
91 9504
91 9505
91 9506
91 9507
91 9508
91 9509
91 9510
91 9511
91 9512
91 9513
91 9514
91 9515
91 9516
91 9517
91 9518
91 9519
91 9520
91 9521
91 9522
91 9523
91 9524
91 9525
91 9526
91 9527
91 9528
91 9529
91 9530
91 9531
91 9532
91 9533
91 9534
91 9535
91 9536
91 9537
91 9538
91 9539
91 9540
91 9541
91 9542
91 9543
91 9544
91 9545
91 9546
91 9547
91 9548
91 9549
91 9550
91 9551
91 9552
91 9553
91 9554
91 9555
91 9556
91 9557
91 9558
91 9559
91 9560
91 9561
91 9562
91 9563
91 9564
91 9565
91 9566
91 9567
91 9568
91 9569
91 9570
91 9571
91 9572
91 9573
91 9574
91 9575
91 9576
91 9577
91 9578
91 9579
91 9580
91 9581
91 9582
91 9583
91 9584
91 9585
91 9586
91 9587
91 9588
91 9589
91 9590
91 9591
91 9592
91 9593
91 9594
91 9595
91 9596
91 9597
91 9598
91 9599
91 9600
91 9601
91 9602
91 9603
91 9604
91 9605
91 9606
91 9607
91 9608
91 9609
91 9610
91 9611
91 9612
91 9613
91 9614
91 9615
91 9616
91 9617
91 9618
91 9619
91 9620
91 9621
91 9622
91 9623
91 9624
91 9625
91 9626
91 9627
91 9628
91 9629
91 9630
91 9631
91 9632
91 9633
91 9634
91 9635
91 9636
91 9637
91 9638
91 9639
91 9640
91 9641
91 9642
91 9643
91 9644
91 9645
91 9646
91 9647
91 9648
91 9649
91 9650
91 9651
91 9652
91 9653
91 9654
91 9655
91 9656
91 9657
91 9658
91 9659
91 9660
91 9661
91 9662
91 9663
91 9664
91 9665
91 9666
91 9667
91 9668
91 9669
91 9670
91 9671
91 9672
91 9673
91 9674
91 9675
91 9676
91 9677
91 9678
91 9679
91 9680
91 9681
91 9682
91 9683
91 9684
91 9685
91 9686
91 9687
91 9688
91 9689
91 9690
91 9691
91 9720
91 9721
91 9722
91 9723
91 9724
91 9725
91 9726
91 9727
91 9728
91 9729
91 9739
91 9740
91 9741
91 9742
91 9743
91 9744
91 9745
91 9746
91 9747
91 9748
91 9749
91 9750
91 9751
91 9752
91 9753
91 9754
91 9755
91 9756
91 9757
91 9758
91 9759
91 9760
91 9761
91 9762
91 9763
91 9764
91 9765
91 9766
91 9767
91 9768
91 9769
91 9770
91 9771
91 9772
91 9773
91 9774
91 9775
91 9776
91 9777
91 9778
91 9779
91 9780
91 9781
91 9782
91 9783
91 9784
91 9785
91 9786
91 9787
91 9788
91 9789
91 9790
91 9791
91 9792
91 9793
91 9794
91 9795
91 9796
91 9797
91 9798
91 9799
91 9800
91 9801
91 9802
92 133
92 136
92 185
92 302
92 314
92 324
92 328
92 332
92 344
92 345
92 346
92 347
92 348
92 355
92 359
92 360
92 367
92 369
92 370
92 371
92 372
92 425
92 427
92 429
92 438
92 461
92 462
92 463
92 464
92 465
92 466
92 523
92 524
92 525
92 526
92 961
92 962
92 964
92 965
92 966
92 967
92 968
92 969
92 970
92 971
92 972
92 996
92 997
92 1009
92 1063
92 1064
92 1065
92 1066
92 1067
92 1068
92 1069
92 1113
92 1114
92 1158
92 1159
92 1160
92 1161
92 1173
92 1174
92 1208
92 1215
92 1310
92 1311
92 1404
92 1448
92 1571
92 1572
92 1574
92 1576
92 1587
92 1598
92 1601
92 1603
92 1604
92 1605
92 1606
92 1609
92 1701
92 1702
92 1703
92 1704
92 1719
92 1751
92 1768
92 1769
92 1770
92 1798
92 1802
92 1809
92 1810
92 1812
92 1813
92 1814
92 1815
92 1819
92 1820
92 1821
92 1828
92 2058
92 2088
92 2089
92 2090
92 2091
92 2092
92 2093
92 2096
92 2112
92 2113
92 2137
92 2138
92 2139
92 2145
92 2147
92 2162
92 2163
92 2175
92 2176
92 2177
92 2183
92 2184
92 2185
92 2211
92 2212
92 2213
92 2214
92 2215
92 2246
92 2247
92 2338
92 2339
92 2374
92 2375
92 2376
92 2377
92 2378
92 2379
92 2481
92 2510
92 2511
92 2540
92 2546
92 2629
92 2630
92 2631
92 2632
92 2633
92 2634
92 2635
92 2637
92 2638
92 2639
92 2640
92 2649
92 2650
92 2651
92 2683
92 2684
92 2797
92 2798
92 2799
92 2900
92 2901
92 3000
92 3001
92 3029
92 3030
92 3032
92 3034
92 3035
92 3067
92 3068
92 3071
92 3176
92 3178
92 3179
92 3180
92 3221
92 3222
92 3438
92 3439
92 3634
93 135
93 143
93 144
94 135
94 287
94 356
94 528
94 755
94 838
94 856
94 885
94 891
94 1217
94 1218
94 1219
94 1220
94 1221
94 1222
94 1223
94 1224
94 1225
94 1226
94 1227
94 1228
94 1229
94 1230
94 1231
94 1232
94 1233
94 1234
94 1235
94 1236
94 1237
94 1238
94 1239
94 1240
94 1241
94 1242
94 1243
94 1244
94 1245
94 1246
94 1247
94 1248
94 1249
94 1250
94 1251
94 1252
94 1253
94 1255
94 1256
94 1257
94 1258
94 1259
94 1260
94 1261
94 1262
94 1263
94 1265
94 1266
94 1267
94 1268
94 1269
94 1270
94 1271
94 1272
94 1273
94 1274
94 1275
94 1276
94 1277
94 1278
94 1279
94 1280
94 1281
94 1282
94 1283
94 1284
94 1285
94 1286
94 1287
94 1288
94 1289
94 1290
94 1291
94 1292
94 1293
94 1294
94 1295
95 135
95 212
95 226
95 227
95 234
95 235
95 236
95 239
95 249
95 250
95 255
95 259
95 263
95 265
95 272
95 274
95 283
95 284
95 292
95 298
95 318
95 334
95 368
95 424
95 469
95 470
95 517
95 519
95 520
95 547
95 692
95 696
95 716
95 718
95 723
95 765
95 795
95 839
95 848
95 885
95 892
95 927
95 949
95 950
95 984
95 1057
95 1212
95 1217
95 1227
95 1234
95 1235
95 1240
95 1243
95 1247
95 1248
95 1249
95 1250
95 1251
95 1257
95 1260
95 1263
95 1269
95 1271
95 1273
95 1275
95 1276
95 1277
95 1279
95 1280
95 1282
95 1285
95 1292
95 1295
95 1557
95 1647
95 1653
95 1654
95 1679
95 1687
95 1690
95 1738
95 1777
95 1778
95 1783
95 1827
95 1972
95 2224
96 135
96 146
96 379
96 519
96 984
96 1227
96 1232
96 1233
96 1234
96 1236
96 1239
96 1240
96 1242
96 1243
96 1245
96 1246
96 1248
96 1249
96 1250
96 1251
96 1255
96 1256
96 1258
96 1259
96 1260
96 1262
96 1263
96 1266
96 1267
96 1268
96 1272
96 1273
96 1275
96 1276
96 1277
96 1278
96 1280
96 1281
96 1282
96 1284
96 1285
96 1289
96 1292
96 1294
96 1295
96 1748
96 2166
96 2167
96 2168
96 2169
96 2170
96 2171
96 2172
96 2173
96 2225
96 2830
96 2936
96 3149
96 3453
96 3455
96 3457
96 3458
96 3459
96 3464
96 3484
96 3487
96 3489
96 3502
96 3526
96 3551
96 3552
96 3644
96 3645
96 3811
96 3848
96 4035
96 4036
96 4037
96 4038
96 4039
96 4040
96 4041
96 4042
96 4043
96 4222
96 4223
96 4247
97 135
97 145
97 219
97 226
97 233
97 235
97 239
97 247
97 250
97 251
97 259
97 263
97 266
97 276
97 279
97 292
97 299
97 334
97 422
97 424
97 470
97 485
97 517
97 692
97 839
97 846
97 848
97 855
97 856
97 859
97 876
97 885
97 1235
97 1236
97 1238
97 1239
97 1240
97 1251
97 1255
97 1257
97 1261
97 1269
97 1271
97 1273
97 1279
97 1282
97 1293
97 1294
97 1778
97 1783
97 1827
97 2067
97 2098
97 2169
97 2171
97 2220
97 2251
97 2334
97 2356
97 2360
97 2408
97 2417
97 2700
97 2736
97 2842
97 2863
97 2930
97 2933
97 2934
97 2937
97 2938
97 2946
97 2947
97 3025
97 3064
97 3601
97 3846
97 4448
98 136
98 142
98 528
99 139
99 140
100 145
100 470
101 146
101 319
101 424
101 437
101 447
101 451
101 452
101 454
101 458
101 497
101 579
101 622
101 633
101 645
101 659
101 723
101 810
101 984
101 1057
101 1105
101 1118
101 1176
101 1227
101 1232
101 1233
101 1240
101 1243
101 1245
101 1246
101 1248
101 1249
101 1250
101 1251
101 1272
101 1273
101 1276
101 1280
101 1738
101 1972
101 2850
101 2851
101 6827
102 148
103 149
103 1694
104 149
104 685
104 730
104 731
104 732
104 735
104 1107
104 1227
104 1362
104 1708
104 1823
104 1824
104 2440
104 2566
104 2688
104 2873
104 2877
104 2902
104 2912
104 3051
104 3078
104 3079
104 3204
104 3215
104 3217
104 3218
104 3443
104 3543
104 3544
104 3545
104 3546
104 3547
104 3548
104 3600
104 3601
104 3603
104 3648
104 3735
104 3744
104 3751
104 3849
104 4184
104 4185
104 4752
104 5018
104 5028
104 6849
104 6944
104 6983
104 6984
104 7037
104 7123
104 7435
104 7467
104 7846
104 7879
104 7880
104 7881
104 7882
104 7928
104 7929
104 7930
104 7932
104 7933
104 8965
105 155
105 287
105 315
105 316
105 517
105 773
105 1058
105 1059
105 1060
105 1254
105 1777
105 1970
105 2208
106 160
106 1104
107 164
107 528
107 541
107 685
107 734
107 735
107 842
107 1054
107 1253
107 1620
107 1748
107 2189
107 2190
107 2191
107 2192
107 2193
107 2194
108 169
109 177
109 182
110 189
110 225
110 287
110 334
110 361
110 414
110 580
110 650
110 761
110 826
110 891
110 926
110 1217
110 1226
110 1228
110 1235
110 1544
110 1627
110 2144
110 2167
110 2276
110 2364
110 2531
110 2700
110 2976
110 3194
110 3788
110 4020
110 4466
110 4510
110 4849
110 5736
110 6045
110 6943
110 6958
110 7142
110 7473
110 7474
110 7475
110 7476
110 7477
110 7478
110 7479
110 7480
110 7481
110 7483
110 7484
110 7485
110 7486
110 7487
110 7488
110 7489
110 7490
110 7491
110 7492
110 7493
110 7494
110 7495
110 7496
110 7497
110 7498
110 7499
110 7500
110 7501
110 7502
110 7503
110 7504
110 7505
110 7506
110 7507
110 7508
110 7509
110 7510
110 7511
110 7512
110 7513
110 7514
110 7515
110 7516
110 7517
110 7518
110 7519
110 7520
110 7521
110 7522
110 7523
110 7524
110 7525
110 7526
110 7527
110 7528
110 7529
110 7530
110 7531
110 7532
110 7533
110 7534
110 7535
110 7536
110 7537
110 7538
110 7539
110 7540
110 7541
110 7542
110 7543
110 7544
110 7545
110 7546
110 7547
110 7548
110 7549
110 7550
110 7551
110 7552
110 7557
110 7558
110 7559
110 7560
110 7561
110 7562
110 7563
110 7564
110 7565
110 7566
110 7567
110 7568
110 7569
110 7570
110 7571
110 7572
110 7573
110 7574
110 7575
110 7576
110 7577
110 7578
110 7579
110 7580
110 7581
110 7582
110 7583
110 7584
110 7585
110 7586
110 7587
110 7588
110 7589
110 7590
110 7591
110 7592
110 7593
110 7594
110 7595
110 7596
110 7598
110 7599
110 7600
110 7601
110 7602
110 7603
110 7604
110 7605
110 7606
110 7607
110 7608
110 7609
110 7610
110 7611
110 7612
110 7613
110 7614
110 7615
110 7616
110 7617
110 7618
110 7619
110 7620
110 7621
110 7622
110 7623
110 7624
110 7625
110 7626
110 7627
110 7628
110 7629
110 7630
110 7632
110 7633
110 7634
110 7635
110 7636
110 7637
110 7638
110 7639
110 7640
110 7641
110 7642
110 7643
110 7644
110 7645
110 7646
110 7647
110 7648
110 7649
110 7650
110 7651
110 7652
110 7653
110 7654
110 7655
110 7656
110 7657
110 7658
110 7659
110 7660
110 7661
110 7662
110 7663
110 7664
110 7665
110 7669
110 7670
110 7671
110 7672
110 7673
110 7674
110 7675
110 7676
110 7677
110 7678
110 7679
110 7680
110 7681
110 7682
110 7683
110 7684
110 7685
110 7686
110 7687
110 7688
110 7689
110 7690
110 7691
110 7692
110 7693
110 7694
110 7695
110 7696
110 7697
110 7698
110 7699
110 7700
110 7701
110 7702
110 7703
110 7704
110 7705
110 7706
110 7707
110 7708
110 7714
110 7715
110 7716
110 7717
110 7718
110 7719
110 7720
110 7721
110 7722
110 7723
110 7724
110 7725
110 7726
110 7727
110 7728
110 7729
110 7730
110 7731
110 7732
110 7733
110 7734
110 7735
110 7736
110 7737
110 7738
110 7739
110 7740
110 7741
110 7742
110 7743
110 7744
110 7745
110 7746
110 7747
110 7748
110 7749
110 7750
110 7751
110 7752
110 7753
110 7754
110 7755
110 7756
110 7757
110 7758
110 7759
110 7760
110 7761
110 7762
110 7763
110 7768
110 7769
110 7770
110 7771
110 7772
110 7773
110 7774
110 7775
110 7776
110 7777
110 7778
110 7779
110 7780
110 7781
110 7782
110 7783
110 7784
110 7785
110 7786
110 7851
111 194
111 195
112 196
112 2561
112 3057
113 198
113 348
113 528
113 1214
113 1299
113 2997
113 2998
114 203
115 203
115 220
115 501
115 502
115 503
115 723
115 1058
115 1060
115 1240
115 1243
115 1493
116 204
117 205
117 206
118 207
118 208
118 302
119 210
120 211
120 312
120 313
120 314
121 218
121 317
121 318
121 319
121 320
121 321
121 954
121 1541
121 1542
121 1543
121 1544
121 1545
121 1546
121 1547
121 1548
121 1549
121 1550
121 1551
121 1552
121 1553
121 1554
121 1555
121 1556
121 1557
121 1558
121 1559
121 1560
122 218
122 1971
122 1972
123 218
124 218
124 2225
124 3167
124 4753
124 4764
124 4765
125 223
125 227
125 314
125 1258
125 1666
125 2028
125 2067
125 2730
125 2731
125 2732
125 2733
125 2734
125 2735
125 2736
126 226
126 422
126 6172
126 6935
126 6936
126 6937
126 6939
126 6940
126 6941
126 6942
126 6943
127 228
127 7076
127 7077
127 7078
127 7079
127 7124
128 232
128 260
128 473
128 569
128 597
128 649
128 671
128 677
128 678
128 679
128 681
128 682
128 683
128 684
128 691
128 692
128 693
129 234
129 319
129 343
129 377
129 907
129 967
129 1000
129 1057
129 1061
129 1117
129 1125
129 1126
129 1128
129 1129
129 1130
129 1133
129 1134
129 1140
129 1601
129 1690
129 2032
129 2033
129 2099
129 2110
129 2251
129 2258
129 2291
129 2537
129 2761
129 2763
129 2764
129 2765
129 2766
129 2767
129 2768
129 2769
129 2770
129 2772
129 2773
129 2774
129 2775
129 2776
129 2778
129 2779
129 2780
129 2781
129 2782
129 2784
129 2786
129 2787
129 2788
129 2791
129 2792
129 2793
129 2794
129 2796
129 2801
129 2802
129 2803
129 2805
129 2807
129 2808
129 2812
129 2813
129 2814
129 2815
129 2816
129 2817
129 2822
129 2823
129 2824
129 2829
129 2831
129 2832
129 2842
129 2843
129 2844
129 2860
129 2861
129 2862
129 2863
129 2871
129 2872
129 2903
129 2957
129 2972
129 2985
129 2989
129 3038
129 3039
129 3040
129 3041
129 3042
129 3043
129 3044
129 3045
129 3048
129 3049
129 3050
129 3064
129 3072
129 3073
129 3074
129 3075
129 3076
129 3095
129 3096
129 3097
129 3098
129 3099
129 3100
129 3101
129 3102
129 3103
129 3104
129 3105
129 3106
129 3107
129 3108
129 3109
129 3110
129 3111
129 3112
129 3113
129 3114
129 3115
129 3116
129 3117
129 3118
129 3119
129 3120
129 3121
129 3122
129 3123
129 3124
129 3126
129 3127
129 3129
129 3130
129 3131
129 3132
129 3133
129 3134
129 3135
129 3136
129 3137
129 3138
129 3139
129 3140
129 3141
129 3142
129 3143
129 3144
129 3145
129 3146
129 3147
129 3148
129 3158
129 3159
129 3160
129 3161
129 3162
129 3163
129 3164
129 3177
129 3194
129 3197
129 3203
129 3204
129 3205
130 235
130 822
130 824
130 825
130 826
131 236
131 839
131 1227
131 1245
132 244
132 5018
132 5037
132 6948
133 249
133 258
133 261
133 768
133 846
133 902
133 932
134 259
134 7146
134 7148
134 7149
135 293
135 963
136 306
136 307
137 308
138 309
138 2200
139 310
139 311
140 314
140 357
140 358
140 373
140 374
140 375
140 376
140 377
140 378
140 419
140 420
140 421
140 422
140 423
140 424
141 314
142 314
143 314
144 322
145 323
146 325
146 326
146 327
146 329
146 330
146 331
146 335
146 349
146 350
146 351
146 352
146 426
147 334
148 353
148 354
149 363
149 364
149 365
149 366
150 370
150 428
151 425
152 439
152 440
152 441
152 442
152 443
152 444
152 445
152 446
152 447
152 448
152 449
152 450
152 451
152 452
152 453
152 454
152 455
152 456
152 457
152 458
152 459
152 460
153 467
154 467
154 694
154 861
154 991
154 1058
154 1227
154 1231
154 1240
154 1243
154 1248
154 1251
154 1273
155 480
156 486
157 495
158 497
158 498
158 499
159 497
159 1039
159 1040
160 497
160 4711
160 4712
161 498
161 499
162 501
163 508
164 519
164 984
164 1227
164 1240
164 1246
164 1249
164 1260
164 1263
164 1273
164 1276
164 1285
164 1575
165 528
166 528
166 1102
166 1148
166 1149
167 528
168 528
168 1183
168 1184
168 1425
168 1523
168 1603
168 1974
168 2079
168 2202
168 2203
168 2204
168 2205
169 528
169 2003
169 4889
170 528
170 1736
171 528
171 7379
171 7380
171 7381
171 7382
171 7383
171 7384
171 7385
171 7386
171 7387
171 7388
171 7389
172 528
172 715
172 2893
172 3453
172 7838
172 7839
172 7840
172 7841
172 7842
172 7843
172 7844
172 7845
172 7846
172 7855
172 7856
172 7857
172 7858
172 7859
172 7860
172 7861
172 7862
172 7863
172 7864
172 7865
172 7866
172 7867
172 7868
172 7869
172 7870
172 7871
172 7872
172 7873
172 7874
172 7875
173 530
174 533
175 542
175 1664
175 1774
175 1775
175 1777
175 1778
175 1779
175 1780
175 1781
175 1782
175 1783
175 1784
175 1787
175 1788
175 1789
175 1790
175 1791
175 1792
175 1793
175 1801
175 1811
175 2107
176 561
177 603
177 891
177 7102
178 670
178 671
178 675
179 685
179 2087
179 2881
179 2882
179 2883
179 2884
179 2885
179 2886
179 2887
179 2888
179 2890
179 2892
179 2893
179 2894
179 2895
179 2985
179 4591
179 4592
179 4593
179 4594
179 4595
179 4600
179 4699
180 685
181 685
182 685
183 685
184 685
185 685
185 1257
185 1258
185 1259
185 1260
185 2166
185 2219
185 7377
186 690
186 798
186 940
186 1117
187 696
187 697
187 698
187 699
187 724
188 712
189 717
189 984
189 1227
189 1228
189 1240
189 1243
189 1249
189 1260
189 1263
189 1273
189 1276
189 1282
189 1285
189 1611
189 2099
189 2181
189 2182
190 718
190 2388
190 2917
190 2928
190 2929
190 2930
190 2931
190 2932
190 2933
190 2934
190 2935
190 2936
190 2937
190 2938
191 731
191 732
191 733
191 734
191 738
191 740
191 759
191 760
191 821
191 1084
191 1312
191 1562
191 2064
192 731
192 732
192 735
192 1492
192 2523
193 733
193 1492
193 1562
193 1754
194 735
195 744
195 808
196 764
197 769
197 3204
198 773
198 839
198 885
198 1058
198 1059
198 1060
198 1254
198 1794
198 2920
198 2921
198 2922
198 2924
198 2925
198 2926
199 786
200 792
200 819
200 1588
201 800
201 1951
202 804
202 805
202 806
202 807
203 810
204 810
204 1829
204 1830
204 1833
204 1834
204 1835
204 1836
204 1837
204 1838
204 1839
204 1840
204 1841
204 1842
204 1843
204 1844
204 1845
204 1846
204 1847
204 1848
204 1849
204 1850
204 1851
204 1852
204 1853
204 1854
204 1855
204 1856
204 1857
204 1858
204 1859
204 1860
204 1861
204 1862
204 1863
204 1864
204 1865
204 1866
204 1867
204 1868
204 1869
204 1870
204 1871
204 1872
204 1873
204 1874
204 1875
204 1876
204 1877
204 1878
204 1879
204 1880
204 1881
204 1882
204 1883
204 1884
204 1885
204 1886
204 1887
204 1888
204 1889
204 1890
204 1891
204 1892
204 1893
204 1894
204 1895
204 1896
204 1897
204 1898
204 1899
204 1900
204 1901
204 1902
204 1903
204 1904
204 1905
204 1906
204 1907
204 1908
204 1909
204 1910
204 1911
204 1912
204 1913
204 1914
204 1915
204 1916
204 1917
204 1918
204 1919
204 1920
204 1921
204 1922
204 1923
204 1924
204 1925
204 1926
204 1927
204 1928
204 1929
204 1930
204 1931
204 1932
204 1933
204 1934
204 1935
204 1936
204 1937
204 1938
204 1939
204 1940
204 1941
204 1942
204 1943
204 1944
204 1945
204 1946
204 1947
204 1948
204 1949
204 1950
204 1951
204 1952
204 1953
204 1954
204 1955
204 1956
204 1959
204 1961
204 1962
204 1963
204 1964
204 1965
204 1966
204 1967
204 1973
204 1975
204 1977
204 1979
204 1980
204 1981
204 1982
204 1983
204 1984
204 1985
204 1986
204 1987
204 1989
204 1990
204 1991
204 1992
204 1993
204 1994
204 1995
204 1997
204 1998
204 1999
204 2002
204 2004
204 2006
204 2007
204 2008
204 2009
204 2010
204 2011
204 2012
204 2013
204 2014
204 2015
204 2016
204 2017
204 2018
204 2020
204 2021
204 2029
204 2043
204 2044
204 2045
204 2046
204 2047
204 2048
204 2049
204 2050
204 2051
204 2052
204 2053
204 2054
204 2055
204 2056
204 2057
204 2059
204 2060
204 2061
204 2062
204 2064
204 2068
204 2069
204 2070
204 2071
204 2072
204 2073
204 2074
204 2075
204 2076
204 2077
204 2080
204 2081
204 2082
204 2083
204 2115
204 2116
204 2117
204 2118
204 2119
204 2120
204 2121
204 2122
204 2123
204 2125
204 2126
204 2127
204 2128
204 2129
204 2131
204 2132
204 2134
204 2135
204 2148
204 2149
204 2150
204 2151
204 2152
204 2153
204 2155
204 2157
204 2158
204 2159
204 2487
204 2488
204 2489
204 2490
204 2491
204 2492
204 2493
204 2494
204 2495
204 2496
204 2497
204 2498
204 2499
204 2500
204 2501
204 2502
204 2503
204 2505
204 2506
204 2507
204 2508
204 2509
204 2512
204 2514
204 2515
204 2516
204 2517
204 2520
204 2525
204 2526
204 2527
204 2528
204 2541
204 2543
204 2545
204 2546
204 2547
204 2548
204 2550
204 2551
204 2552
204 2553
204 2554
204 2555
204 2556
204 2557
204 2560
204 2561
204 2562
204 2568
204 2569
204 2570
204 2572
204 2579
204 2580
204 2581
204 2582
204 2583
204 2584
204 2593
204 2595
204 2596
204 2597
204 2598
204 2599
204 2600
204 2602
204 2603
204 2605
204 2606
204 2607
204 2608
204 2609
204 2611
204 2612
204 2613
204 2614
204 2615
204 2616
204 2617
204 2619
204 2620
204 2621
204 2622
204 2623
204 2624
204 2625
204 2626
204 6826
204 6827
204 6828
204 6829
204 6830
204 6831
204 6832
204 6833
204 6834
204 6835
204 6836
204 6837
204 6838
204 6839
204 6840
204 6841
204 6842
204 6843
204 6844
204 6845
204 6846
204 6847
204 6848
204 6849
204 6850
204 6851
204 6852
204 6853
204 6854
204 6855
204 6856
204 6857
204 6858
204 6859
204 6860
204 6861
204 6862
204 6863
204 6864
204 6865
204 6866
204 6867
204 6868
204 6869
204 6870
204 6871
204 6872
204 6873
204 6878
204 6879
204 6880
204 6881
204 6882
205 828
206 829
206 830
206 851
206 3150
207 859
207 4975
207 4976
207 4977
208 864
208 1209
208 1210
208 1211
208 1212
208 1213
209 874
209 1122
209 2364
210 889
210 7377
211 912
211 1153
211 2084
211 2085
211 2086
211 7891
211 7892
211 7901
211 7902
212 912
212 3194
213 975
213 976
213 977
214 983
214 2356
214 2357
214 2358
215 985
216 1002
216 2078
217 1003
218 1004
218 1005
218 1007
218 2627
218 2628
219 1006
220 1036
221 1038
222 1049
222 2519
222 2523
222 4184
223 1053
224 1054
225 1105
226 1144
226 1150
226 1175
227 1145
228 1188
229 1214
229 1216
229 1301
229 1308
229 1312
229 1521
229 1602
229 1612
229 1613
229 1799
229 1996
229 4033
229 4034
230 1272
230 2373
231 1276
232 1287
232 2022
232 2023
232 2024
232 2025
232 2026
232 2027
232 2028
232 2030
232 2031
232 2032
232 2033
232 2034
232 2035
232 2036
232 2037
232 2038
232 2039
232 2040
232 2041
232 2042
233 1287
233 3642
233 3646
233 3647
233 6944
234 1296
235 1297
236 1305
237 1312
238 1344
238 4700
238 7075
238 7078
238 7143
238 7144
239 1393
239 2379
239 2386
239 2498
239 2630
239 4674
239 4677
239 4768
239 4874
239 5034
239 5035
239 5036
239 7062
239 7081
239 7132
240 1404
240 1833
240 2684
240 3067
240 3068
240 3210
240 3211
240 3213
240 3214
240 3438
240 4596
240 4597
240 5019
240 5020
240 7160
240 7161
241 1408
242 1488
243 1489
244 1493
245 1509
246 1527
247 1529
248 1565
249 1568
249 7468
250 1571
250 2537
251 1587
251 1968
251 1969
251 1970
252 1590
253 1591
253 2877
254 1610
255 1614
256 1614
256 1786
256 1842
256 1988
256 2063
256 2064
256 2094
256 2130
256 2156
256 2222
256 2223
256 2226
256 2227
256 2385
257 1690
257 2397
258 1691
259 1696
259 1697
260 1705
260 1748
260 2166
260 2429
260 3266
260 3644
260 3811
260 3848
260 3918
260 3919
260 3920
260 3921
260 3922
261 1719
262 1721
262 3000
262 6938
262 6947
262 6967
262 7055
262 7068
263 1731
263 1732
264 1743
265 1747
265 2407
265 2830
266 1752
267 1754
267 2181
268 1762
269 1764
269 2797
269 7553
269 7885
269 7886
269 7927
270 1776
271 1785
272 1795
272 1796
272 1797
273 1800
274 1800
274 1863
274 7924
274 7925
275 1802
276 1804
276 1805
277 1806
277 1807
277 1808
278 1822
279 1823
279 1824
280 1825
280 1826
281 1931
281 2790
281 2830
281 3244
281 3255
281 3442
281 3444
282 1940
282 1976
283 1960
284 1970
285 1970
286 1974
287 1978
288 2012
288 2546
288 2651
288 3031
288 3036
288 3037
289 2019
290 2040
291 2067
292 2087
293 2098
293 7118
294 2108
294 3783
294 3784
295 2109
296 2124
297 2133
297 3180
297 3222
297 3436
297 3437
298 2136
299 2144
300 2146
301 2160
301 2161
302 2164
303 2165
304 2174
305 2180
306 2186
307 2187
308 2188
309 2196
309 2559
310 2197
311 2198
311 2199
312 2216
312 2228
313 2219
314 2221
315 2246
315 2562
315 2563
315 3069
315 3070
315 3639
315 3640
315 7887
316 2251
316 3209
316 4750
317 2311
318 2329
319 2371
319 2372
320 2380
321 2381
322 2383
323 2384
324 2386
325 2388
325 2994
325 3697
325 3704
325 4760
325 4786
325 4788
325 4793
325 4829
325 4855
325 4940
325 4970
325 4973
325 5043
325 7150
325 7151
325 7152
325 7153
325 7154
325 7155
325 7156
325 7157
325 7158
325 7159
326 2391
326 2405
326 2407
326 2412
326 2426
326 2427
326 2428
327 2406
328 2407
328 2585
328 2586
328 2588
328 2589
328 2590
328 2591
328 2592
328 2594
328 2873
328 2927
328 3006
329 2429
330 2479
330 3204
330 4978
330 4979
330 4980
331 2513
332 2521
333 2539
334 2540
335 2544
336 2546
336 2651
337 2546
337 2651
337 3034
337 3035
338 2558
339 2559
340 2559
341 2559
341 2563
342 2559
342 2604
343 2559
344 2559
344 2636
344 2984
345 2601
345 2618
346 2604
346 2685
347 2636
348 2657
349 2695
350 2697
351 2736
351 2790
351 3235
351 3236
351 3237
351 3238
351 3239
351 3240
351 3241
351 3242
351 3243
351 3244
351 3923
351 3924
351 3925
351 3926
351 3931
351 3932
351 3933
351 3935
351 3936
351 3937
351 3938
351 3939
351 3940
351 4029
351 4030
352 2737
353 2752
354 2757
355 2758
356 2800
357 2863
358 2874
358 2876
359 2889
359 2891
360 2904
361 2905
362 2906
363 2907
364 2908
365 2909
366 2916
366 2917
366 2918
366 2919
367 2930
367 4763
367 4940
367 4955
367 4956
367 4966
367 4969
367 5008
367 5009
367 5010
368 2946
369 2971
369 2972
369 2973
370 2976
370 2980
370 3048
370 3065
370 3220
371 3002
372 3025
373 3026
374 3029
374 3032
375 3038
375 3039
375 3040
375 3041
375 3042
375 3043
375 3044
375 3045
376 3046
377 3052
377 3281
377 7142
378 3058
379 3091
380 3092
381 3165
381 3166
381 3168
381 3169
381 3170
382 3171
382 3172
383 3173
383 3182
383 3183
384 3181
385 3215
385 3216
386 3254
387 3269
388 3442
388 3790
388 4516
388 6837
388 7098
388 7141
388 7397
388 7398
389 3500
390 3557
391 3635
391 3927
392 3783
392 6971
392 6972
393 4066
394 4142
394 4200
394 4205
394 4218
394 4782
394 6994
394 6995
394 6996
394 6997
394 6998
394 6999
394 7000
394 7001
395 4149
396 4215
397 4499
397 4521
397 7009
397 7010
397 7011
397 7012
397 7013
397 7014
397 7015
397 7016
397 7017
397 7018
397 7019
397 7020
397 7021
397 7022
397 7023
397 7033
397 7034
397 7043
397 7044
397 7449
397 7451
397 7454
397 7455
397 7456
397 7459
397 7896
397 7897
398 4551
399 4557
400 4675
400 4738
400 4739
400 4740
400 4741
400 4742
400 4743
400 4744
401 4698
402 4701
403 4708
403 4712
403 4713
403 4714
403 4736
404 4715
405 4730
406 4735
407 4737
408 4748
409 4749
410 4751
410 4752
410 5057
410 5058
410 5059
410 5061
410 5062
410 5063
410 5064
410 5065
410 5066
410 5067
410 5068
410 5069
410 5070
410 5071
410 5072
410 5073
410 5074
410 5075
410 5076
410 5077
410 5078
410 5079
410 5080
410 5081
410 5082
410 5083
410 5084
410 5085
410 5086
410 5087
410 5088
410 5089
410 5090
410 5091
410 5092
410 5093
410 5094
410 5095
410 5096
410 5097
410 5098
410 5099
410 5100
410 5101
410 5102
410 5103
410 5104
410 5105
410 5106
410 5107
410 5108
410 5109
410 5110
410 5111
410 5112
410 5113
410 5114
410 5115
410 5116
410 5117
410 5118
410 5119
410 5120
410 5121
410 5122
410 5123
410 5124
410 5125
410 5126
410 5127
410 5128
410 5129
410 5130
410 5131
410 5132
410 5133
410 5134
410 5135
410 5136
410 5137
410 5138
410 5139
410 5140
410 5141
410 5142
410 5143
410 5144
410 5145
410 5146
410 5147
410 5148
410 5149
410 5150
410 5151
410 5152
410 5153
410 5154
410 5155
410 5156
410 5157
410 5158
410 5159
410 5160
410 5161
410 5162
410 5163
410 5164
410 5165
410 5166
410 5167
410 5168
410 5169
410 5170
410 5171
410 5172
410 5173
410 5174
410 5175
410 5176
410 5177
410 5178
410 5179
410 5180
410 5181
410 5182
410 5183
410 5184
410 5185
410 5186
410 5187
410 5188
410 5189
410 5190
410 5191
410 5192
410 5193
410 5194
410 5195
410 5196
410 5197
410 5198
410 5199
410 5200
410 5201
410 5202
410 5203
410 5204
410 5205
410 5206
410 5207
410 5208
410 5209
410 5210
410 5211
410 5212
410 5213
410 5214
410 5215
410 5216
410 5217
410 5218
410 5219
410 5220
410 5221
410 5222
410 5223
410 5224
410 5225
410 5226
410 5227
410 5228
410 5229
410 5230
410 5231
410 5232
410 5233
410 5234
410 5235
410 5236
410 5237
410 5238
410 5239
410 5240
410 5241
410 5242
410 5243
410 5244
410 5245
410 5246
410 5247
410 5248
410 5249
410 5250
410 5251
410 5252
410 5253
410 5254
410 5255
410 5256
410 5257
410 5258
410 5259
410 5260
410 5261
410 5262
410 5263
410 5264
410 5265
410 5266
410 5267
410 5268
410 5269
410 5270
410 5271
410 5272
410 5273
410 5274
410 5275
410 5276
410 5277
410 5278
410 5279
410 5280
410 5281
410 5282
410 5283
410 5284
410 5285
410 5286
410 5287
410 5288
410 5289
410 5290
410 5291
410 5292
410 5293
410 5294
410 5295
410 5296
410 5297
410 5298
410 5299
410 5300
410 5301
410 5302
410 5303
410 5304
410 5305
410 5306
410 5307
410 5308
410 5309
410 5310
410 5311
410 5312
410 5313
410 5314
410 5315
410 5316
410 5317
410 5318
410 5319
410 5320
410 5321
410 5322
410 5323
410 5324
410 5325
410 5326
410 5327
410 5328
410 5329
410 5330
410 5331
410 5332
410 5333
410 5334
410 5335
410 5336
410 5337
410 5338
410 5339
410 5340
410 5341
410 5342
410 5343
410 5344
410 5345
410 5346
410 5347
410 5348
410 5349
410 5350
410 5351
410 5352
410 5353
410 5354
410 5355
410 5356
410 5357
410 5358
410 5359
410 5360
410 5361
410 5362
410 5363
410 5364
410 5365
410 5366
410 5367
410 5368
410 5369
410 5370
410 5371
410 5372
410 5373
410 5374
410 5375
410 5376
410 5377
410 5378
410 5379
410 5380
410 5381
410 5382
410 5383
410 5384
410 5385
410 5386
410 5387
410 5388
410 5389
410 5390
410 5391
410 5392
410 5393
410 5394
410 5395
410 5396
410 5397
410 5398
410 5399
410 5400
410 5401
410 5402
410 5403
410 5404
410 5405
410 5406
410 5407
410 5408
410 5409
410 5410
410 5411
410 5412
410 5413
410 5414
410 5415
410 5416
410 5417
410 5418
410 5419
410 5420
410 5421
410 5422
410 5423
410 5424
410 5425
410 5426
410 5427
410 5428
410 5429
410 5430
410 5431
410 5432
410 5433
410 5434
410 5435
410 5436
410 5437
410 5438
410 5439
410 5440
410 5441
410 5442
410 5443
410 5444
410 5445
410 5446
410 5447
410 5448
410 5449
410 5450
410 5451
410 5452
410 5453
410 5454
410 5455
410 5456
410 5457
410 5458
410 5459
410 5460
410 5461
410 5462
410 5463
410 5464
410 5465
410 5466
410 5467
410 5468
410 5469
410 5470
410 5471
410 5472
410 5473
410 5474
410 5475
410 5476
410 5477
410 5478
410 5479
410 5480
410 5481
410 5482
410 5483
410 5484
410 5485
410 5486
410 5487
410 5488
410 5489
410 5490
410 5491
410 5492
410 5493
410 5494
410 5495
410 5496
410 5497
410 5498
410 5499
410 5500
410 5501
410 5502
410 5503
410 5504
410 5505
410 5506
410 5507
410 5508
410 5509
410 5510
410 5511
410 5512
410 5513
410 5514
410 5515
410 5516
410 5517
410 5518
410 5519
410 5520
410 5521
410 5522
410 5523
410 5524
410 5525
410 5526
410 5527
410 5528
410 5529
410 5530
410 5531
410 5532
410 5533
410 5534
410 5535
410 5536
410 5537
410 5538
410 5539
410 5540
410 5541
410 5542
410 5543
410 5544
410 5545
410 5546
410 5547
410 5548
410 5549
410 5550
410 5551
410 5552
410 5553
410 5554
410 5555
410 5556
410 5557
410 5558
410 5559
410 5560
410 5561
410 5562
410 5563
410 5564
410 5565
410 5566
410 5567
410 5568
410 5569
410 5570
410 5571
410 5572
410 5573
410 5574
410 5575
410 5576
410 5577
410 5578
410 5579
410 5580
410 5581
410 5582
410 5583
410 5584
410 5585
410 5586
410 5587
410 5588
410 5589
410 5590
410 5591
410 5592
410 5593
410 5594
410 5595
410 5596
410 5597
410 5598
410 5599
410 5600
410 5601
410 5602
410 5603
410 5604
410 5605
410 5606
410 5607
410 5608
410 5609
410 5610
410 5611
410 5612
410 5613
410 5614
410 5615
410 5616
410 5617
410 5618
410 5619
410 5620
410 5621
410 5622
410 5623
410 5624
410 5625
410 5626
410 5627
410 5628
410 5629
410 5630
410 5631
410 5632
410 5633
410 5634
410 5635
410 5636
410 5637
410 5638
410 5639
410 5640
410 5641
410 5642
410 5643
410 5644
410 5645
410 5646
410 5647
410 5648
410 5649
410 5650
410 5651
410 5652
410 5653
410 5654
410 5655
410 5656
410 5657
410 5658
410 5659
410 5660
410 5661
410 5662
410 5663
410 5664
410 5665
410 5666
410 5667
410 5668
410 5669
410 5670
410 5671
410 5672
410 5673
410 5674
410 5675
410 5676
410 5677
410 5678
410 5679
410 5680
410 5681
410 5682
410 5683
410 5684
410 5685
410 5686
410 5687
410 5688
410 5689
410 5690
410 5691
410 5692
410 5693
410 5694
410 5695
410 5696
410 5697
410 5698
410 5699
410 5700
410 5701
410 5702
410 5703
410 5704
410 5705
410 5706
410 5707
410 5708
410 5709
410 5710
410 5711
410 5712
410 5713
410 5714
410 5715
410 5716
410 5717
410 5718
410 5719
410 5720
410 5721
410 5722
410 5723
410 5724
410 5725
410 5726
410 5727
410 5728
410 5729
410 5730
410 5731
410 5732
410 5733
410 5734
410 5735
410 5736
410 5737
410 5738
410 5739
410 5740
410 5741
410 5742
410 5743
410 5744
410 5745
410 5746
410 5747
410 5748
410 5749
410 5750
410 5751
410 5752
410 5753
410 5754
410 5755
410 5756
410 5757
410 5758
410 5759
410 5760
410 5761
410 5762
410 5763
410 5764
410 5765
410 5766
410 5767
410 5768
410 5769
410 5770
410 5771
410 5772
410 5773
410 5774
410 5775
410 5776
410 5777
410 5778
410 5779
410 5780
410 5781
410 5782
410 5783
410 5784
410 5785
410 5786
410 5787
410 5788
410 5789
410 5790
410 5791
410 5792
410 5793
410 5794
410 5795
410 5796
410 5797
410 5798
410 5799
410 5800
410 5801
410 5802
410 5803
410 5804
410 5805
410 5806
410 5807
410 5808
410 5809
410 5810
410 5811
410 5812
410 5813
410 5814
410 5815
410 5816
410 5817
410 5818
410 5819
410 5820
410 5821
410 5822
410 5823
410 5824
410 5825
410 5826
410 5827
410 5828
410 5829
410 5830
410 5831
410 5832
410 5833
410 5834
410 5835
410 5836
410 5837
410 5838
410 5839
410 5840
410 5841
410 5842
410 5843
410 5844
410 5845
410 5846
410 5847
410 5848
410 5849
410 5850
410 5851
410 5852
410 5853
410 5854
410 5855
410 5856
410 5857
410 5858
410 5859
410 5860
410 5861
410 5862
410 5863
410 5864
410 5865
410 5866
410 5867
410 5868
410 5869
410 5870
410 5871
410 5872
410 5873
410 5874
410 5875
410 5876
410 5877
410 5878
410 5879
410 5880
410 5881
410 5882
410 5883
410 5884
410 5885
410 5886
410 5887
410 5888
410 5889
410 5890
410 5891
410 5892
410 5893
410 5894
410 5895
410 5896
410 5897
410 5898
410 5899
410 5900
410 5901
410 5902
410 5903
410 5904
410 5905
410 5906
410 5907
410 5908
410 5909
410 5910
410 5911
410 5912
410 5913
410 5914
410 5915
410 5916
410 5917
410 5918
410 5919
410 5920
410 5921
410 5922
410 5923
410 5924
410 5925
410 5926
410 5927
410 5928
410 5929
410 5930
410 5931
410 5932
410 5933
410 5934
410 5935
410 5936
410 5937
410 5938
410 5939
410 5940
410 5941
410 5942
410 5943
410 5944
410 5945
410 5946
410 5947
410 5948
410 5949
410 5950
410 5951
410 5952
410 5953
410 5954
410 5955
410 5956
410 5957
410 5958
410 5959
410 5960
410 5961
410 5962
410 5963
410 5964
410 5965
410 5966
410 5967
410 5968
410 5969
410 5970
410 5971
410 5972
410 5973
410 5974
410 5975
410 5976
410 5977
410 5978
410 5979
410 5980
410 5981
410 5982
410 5983
410 5984
410 5985
410 5986
410 5987
410 5988
410 5989
410 5990
410 5991
410 5992
410 5993
410 5994
410 5995
410 5996
410 5997
410 5998
410 5999
410 6000
410 6001
410 6002
410 6003
410 6004
410 6005
410 6006
410 6007
410 6008
410 6009
410 6010
410 6011
410 6012
410 6013
410 6014
410 6015
410 6016
410 6017
410 6018
410 6019
410 6020
410 6021
410 6022
410 6023
410 6024
410 6025
410 6026
410 6027
410 6028
410 6029
410 6030
410 6031
410 6032
410 6033
410 6034
410 6035
410 6036
410 6037
410 6038
410 6039
410 6040
410 6041
410 6042
410 6043
410 6044
410 6045
410 6046
410 6047
410 6048
410 6049
410 6050
410 6051
410 6052
410 6053
410 6054
410 6055
410 6056
410 6057
410 6058
410 6059
410 6060
410 6061
410 6062
410 6063
410 6064
410 6065
410 6066
410 6067
410 6068
410 6069
410 6070
410 6071
410 6072
410 6073
410 6074
410 6075
410 6076
410 6077
410 6078
410 6079
410 6080
410 6081
410 6082
410 6083
410 6084
410 6085
410 6086
410 6087
410 6088
410 6089
410 6090
410 6091
410 6092
410 6093
410 6094
410 6095
410 6096
410 6097
410 6098
410 6099
410 6100
410 6101
410 6102
410 6103
410 6104
410 6105
410 6106
410 6107
410 6108
410 6109
410 6110
410 6111
410 6112
410 6113
410 6114
410 6115
410 6116
410 6117
410 6118
410 6119
410 6120
410 6121
410 6122
410 6123
410 6124
410 6125
410 6126
410 6127
410 6128
410 6129
410 6130
410 6131
410 6132
410 6133
410 6134
410 6135
410 6136
410 6137
410 6138
410 6139
410 6140
410 6141
410 6142
410 6143
410 6144
410 6145
410 6146
410 6147
410 6148
410 6149
410 6150
410 6151
410 6152
410 6153
410 6154
410 6155
410 6156
410 6157
410 6158
410 6159
410 6160
410 6161
410 6162
410 6163
410 6164
410 6165
410 6166
410 6167
410 6168
410 6169
410 6170
410 6171
410 6172
410 6173
410 6174
410 6175
410 6176
410 6177
410 6178
410 6179
410 6180
410 6181
410 6182
410 6183
410 6184
410 6185
410 6186
410 6187
410 6188
410 6189
410 6190
410 6191
410 6192
410 6193
410 6194
410 6195
410 6196
410 6197
410 6198
410 6199
410 6200
410 6201
410 6202
410 6203
410 6204
410 6205
410 6206
410 6207
410 6208
410 6209
410 6210
410 6211
410 6212
410 6213
410 6214
410 6215
410 6216
410 6217
410 6218
410 6219
410 6220
410 6221
410 6222
410 6223
410 6224
410 6225
410 6226
410 6227
410 6228
410 6229
410 6230
410 6231
410 6232
410 6233
410 6234
410 6235
410 6236
410 6237
410 6238
410 6239
410 6240
410 6241
410 6242
410 6243
410 6244
410 6245
410 6246
410 6247
410 6248
410 6249
410 6250
410 6251
410 6252
410 6253
410 6254
410 6255
410 6256
410 6257
410 6258
410 6259
410 6260
410 6261
410 6262
410 6263
410 6264
410 6265
410 6266
410 6267
410 6268
410 6269
410 6270
410 6271
410 6272
410 6273
410 6274
410 6275
410 6276
410 6277
410 6278
410 6279
410 6280
410 6281
410 6282
410 6283
410 6284
410 6285
410 6286
410 6287
410 6288
410 6289
410 6290
410 6291
410 6292
410 6293
410 6294
410 6295
410 6296
410 6297
410 6298
410 6299
410 6300
410 6301
410 6302
410 6303
410 6304
410 6305
410 6306
410 6307
410 6308
410 6309
410 6310
410 6311
410 6312
410 6313
410 6314
410 6315
410 6316
410 6317
410 6318
410 6319
410 6320
410 6321
410 6322
410 6323
410 6324
410 6325
410 6326
410 6327
410 6328
410 6329
410 6330
410 6331
410 6332
410 6333
410 6334
410 6335
410 6336
410 6337
410 6338
410 6339
410 6340
410 6341
410 6342
410 6343
410 6344
410 6345
410 6346
410 6347
410 6348
410 6349
410 6350
410 6351
410 6352
410 6353
410 6354
410 6355
410 6356
410 6357
410 6358
410 6359
410 6360
410 6361
410 6362
410 6363
410 6364
410 6365
410 6366
410 6367
410 6368
410 6369
410 6370
410 6371
410 6372
410 6373
410 6374
410 6375
410 6376
410 6377
410 6378
410 6379
410 6380
410 6381
410 6382
410 6383
410 6384
410 6385
410 6386
410 6387
410 6388
410 6389
410 6390
410 6391
410 6392
410 6393
410 6394
410 6395
410 6396
410 6397
410 6398
410 6399
410 6400
410 6401
410 6402
410 6403
410 6404
410 6405
410 6406
410 6407
410 6408
410 6409
410 6410
410 6411
410 6412
410 6413
410 6414
410 6415
410 6416
410 6417
410 6418
410 6419
410 6420
410 6421
410 6422
410 6423
410 6424
410 6425
410 6426
410 6427
410 6428
410 6429
410 6430
410 6431
410 6432
410 6433
410 6434
410 6435
410 6436
410 6437
410 6438
410 6439
410 6440
410 6441
410 6442
410 6443
410 6444
410 6445
410 6446
410 6447
410 6448
410 6449
410 6450
410 6451
410 6452
410 6453
410 6454
410 6455
410 6456
410 6457
410 6458
410 6459
410 6460
410 6461
410 6462
410 6463
410 6464
410 6465
410 6466
410 6467
410 6468
410 6469
410 6470
410 6471
410 6472
410 6473
410 6474
410 6475
410 6476
410 6477
410 6478
410 6479
410 6480
410 6481
410 6482
410 6483
410 6484
410 6485
410 6486
410 6487
410 6488
410 6489
410 6490
410 6491
410 6492
410 6493
410 6494
410 6495
410 6496
410 6497
410 6498
410 6499
410 6500
410 6501
410 6502
410 6503
410 6504
410 6505
410 6506
410 6507
410 6508
410 6509
410 6510
410 6511
410 6512
410 6513
410 6514
410 6515
410 6516
410 6517
410 6518
410 6519
410 6520
410 6521
410 6522
410 6523
410 6524
410 6525
410 6526
410 6527
410 6528
410 6529
410 6530
410 6531
410 6532
410 6533
410 6534
410 6535
410 6536
410 6537
410 6538
410 6539
410 6540
410 6541
410 6542
410 6543
410 6544
410 6545
410 6546
410 6547
410 6548
410 6549
410 6550
410 6551
410 6552
410 6553
410 6554
410 6555
410 6556
410 6557
410 6558
410 6559
410 6560
410 6561
410 6562
410 6563
410 6564
410 6565
410 6566
410 6567
410 6568
410 6569
410 6570
410 6571
410 6572
410 6573
410 6574
410 6575
410 6576
410 6577
410 6578
410 6579
410 6580
410 6581
410 6582
410 6583
410 6584
410 6585
410 6586
410 6587
410 6588
410 6589
410 6590
410 6591
410 6592
410 6593
410 6594
410 6595
410 6596
410 6597
410 6598
410 6599
410 6600
410 6601
410 6602
410 6603
410 6604
410 6605
410 6606
410 6607
410 6608
410 6609
410 6610
410 6611
410 6612
410 6613
410 6614
410 6615
410 6616
410 6617
410 6618
410 6619
410 6620
410 6621
410 6622
410 6623
410 6624
410 6625
410 6626
410 6627
410 6628
410 6629
410 6630
410 6631
410 6632
410 6633
410 6634
410 6635
410 6636
410 6637
410 6638
410 6639
410 6640
410 6641
410 6642
410 6643
410 6644
410 6645
410 6646
410 6647
410 6648
410 6649
410 6650
410 6651
410 6652
410 6653
410 6654
410 6655
410 6656
410 6657
410 6658
410 6659
410 6660
410 6661
410 6662
410 6663
410 6664
410 6665
410 6666
410 6667
410 6668
410 6669
410 6670
410 6671
410 6672
410 6673
410 6674
410 6675
410 6676
410 6677
410 6678
410 6679
410 6680
410 6681
410 6682
410 6683
410 6684
410 6685
410 6686
410 6687
410 6688
410 6689
410 6690
410 6691
410 6692
410 6693
410 6694
410 6695
410 6696
410 6697
410 6698
410 6699
410 6700
410 6701
410 6702
410 6703
410 6704
410 6705
410 6706
410 6707
410 6708
410 6709
410 6710
410 6711
410 6712
410 6713
410 6714
410 6715
410 6716
410 6717
410 6718
410 6719
410 6720
410 6721
410 6722
410 6723
410 6724
410 6725
410 6726
410 6727
410 6728
410 6729
410 6730
410 6731
410 6732
410 6733
410 6734
410 6735
410 6736
410 6737
410 6738
410 6739
410 6740
410 6741
410 6742
410 6743
410 6744
410 6745
410 6746
410 6747
410 6748
410 6749
410 6750
410 6751
410 6752
410 6753
410 6754
410 6755
410 6756
410 6757
410 6758
410 6759
410 6760
410 6761
410 6762
410 6763
410 6764
410 6765
410 6766
410 6767
410 6768
410 6769
410 6770
410 6771
410 6772
410 6773
410 6774
410 6775
410 6776
410 6777
410 6778
410 6779
410 6780
410 6781
410 6782
410 6783
410 6784
410 6785
410 6786
410 6787
410 6788
410 6789
410 6790
410 6791
410 6792
410 6793
410 6794
410 6795
410 6796
410 6797
410 6798
410 6799
410 6800
410 6801
410 6802
410 6803
410 6804
410 6805
410 6806
410 6807
410 6808
410 6809
410 6810
410 6811
410 6812
410 6813
410 6814
410 6815
410 6816
410 6817
410 6818
410 6819
410 6820
410 6821
411 4783
412 4818
413 4842
414 4936
415 4974
416 5052
417 5122
417 5352
417 5371
417 5386
418 6823
418 6824
418 6883
418 6884
418 6885
418 6886
418 6888
418 6889
418 6890
418 6891
418 6892
418 6893
418 6894
418 6895
418 6896
418 6897
418 6898
418 6899
418 6900
418 6901
418 6902
418 6903
418 6904
418 6905
418 6906
418 6907
418 6908
418 6909
418 6910
418 6911
418 6912
418 6913
418 6914
418 6915
418 6916
418 6917
418 6918
418 6919
418 6920
418 6921
418 6922
418 6923
418 6924
418 6925
418 6926
418 6927
418 6928
418 6929
418 6930
418 6931
418 6932
418 6933
418 6934
418 6935
418 6938
418 6945
418 6946
418 6949
418 6950
418 6951
418 6952
418 6954
418 6955
418 6961
418 6962
418 6963
418 6964
418 6965
418 6966
418 6968
418 6969
418 6970
418 6973
418 6974
418 6975
418 6976
418 6977
418 6978
418 6979
418 6980
418 6981
418 6985
418 6987
418 6988
418 6989
418 6990
418 6991
418 6992
418 6993
418 7002
418 7003
418 7004
418 7005
418 7006
418 7007
418 7008
418 7024
418 7025
418 7026
418 7027
418 7028
418 7029
418 7030
418 7031
418 7032
418 7035
418 7038
418 7039
418 7040
418 7041
418 7042
418 7045
418 7046
418 7047
418 7048
418 7049
418 7050
418 7051
418 7052
418 7053
418 7054
418 7056
418 7057
418 7058
418 7059
418 7060
418 7061
418 7062
418 7063
418 7064
418 7065
418 7066
418 7067
418 7069
418 7070
418 7071
418 7072
418 7073
418 7075
418 7080
418 7082
418 7083
418 7084
418 7085
418 7086
418 7087
418 7089
418 7090
418 7091
418 7092
418 7093
418 7094
418 7095
418 7168
418 7169
418 7170
418 7171
418 7172
418 7173
418 7174
418 7175
418 7176
418 7177
418 7178
418 7179
418 7180
418 7181
418 7182
418 7183
418 7184
418 7185
418 7186
418 7187
418 7188
418 7189
418 7190
418 7191
418 7192
418 7193
418 7194
418 7195
418 7196
418 7197
418 7198
418 7199
418 7200
418 7201
418 7202
418 7203
418 7204
418 7205
418 7206
418 7207
418 7208
418 7209
418 7210
418 7211
418 7212
418 7213
418 7214
418 7215
418 7216
418 7217
418 7218
418 7219
418 7220
418 7221
418 7222
418 7223
418 7224
418 7225
418 7226
418 7227
418 7228
418 7229
418 7230
418 7231
418 7232
418 7233
418 7234
418 7235
418 7236
418 7237
418 7238
418 7239
418 7240
418 7241
418 7242
418 7243
418 7244
418 7245
418 7246
418 7247
418 7248
418 7249
418 7250
418 7251
418 7252
418 7253
418 7254
418 7255
418 7256
418 7257
418 7258
418 7259
418 7260
418 7261
418 7262
418 7264
418 7265
418 7266
418 7267
418 7268
418 7269
418 7271
418 7272
418 7273
418 7274
418 7275
418 7276
418 7278
418 7279
418 7280
418 7281
418 7282
418 7284
418 7285
418 7286
418 7288
418 7289
418 7290
418 7291
418 7303
418 7308
418 7315
418 7316
418 7317
418 7331
418 7332
418 7333
418 7334
418 7335
418 7336
418 7337
418 7338
418 7339
418 7340
418 7341
418 7342
418 7343
418 7344
418 7345
418 7346
418 7347
418 7349
418 7350
418 7352
418 7353
418 7355
418 7356
418 7357
418 7358
418 7359
418 7361
418 7362
418 7363
418 7364
418 7365
418 7367
418 7368
418 7369
418 7370
418 7371
418 7373
418 7374
418 7375
418 7378
418 7391
418 7392
418 7393
418 7394
418 7395
418 7396
418 7400
418 7401
418 7402
418 7403
418 7404
418 7405
418 7406
418 7407
418 7408
418 7409
418 7410
418 7411
418 7412
418 7413
418 7414
418 7415
418 7419
418 7420
418 7421
418 7422
418 7424
418 7425
418 7428
418 7429
418 7430
418 7431
418 7432
418 7433
418 7434
418 7435
418 7436
418 7437
418 7438
418 7439
418 7440
418 7442
418 7444
418 7445
418 7446
418 7447
418 7448
418 7450
418 7452
418 7453
418 7457
418 7460
418 7461
418 7462
418 7463
418 7464
418 7465
418 7469
418 7470
418 7471
418 7472
418 7473
418 7482
418 7553
418 7631
418 7666
418 7667
418 7668
418 7709
418 7712
418 7713
418 7764
418 7765
418 7766
418 7767
418 7787
418 7788
418 7789
418 7790
418 7791
418 7792
418 7795
418 7806
418 7808
418 7809
418 7810
418 7811
418 7812
418 7823
418 7824
418 7831
418 7832
418 7833
418 7834
418 7836
418 7837
418 7847
418 7848
418 7849
418 7852
419 6880
419 7907
420 6966
420 7909
421 7074
422 7096
422 7097
422 7101
422 7106
423 7099
424 7100
425 7107
425 7108
426 7126
427 7133
428 7134
429 7136
429 7137
429 7138
430 7145
430 7416
430 7417
430 7418
431 7147
432 7204
432 7850
433 7263
434 7292
434 7297
434 7298
434 7300
434 7302
434 7304
434 7305
434 7319
434 7320
434 7321
434 7322
434 7323
434 7324
434 7325
434 7326
434 7327
434 7328
434 7329
434 7330
435 7313
435 7314
435 7900
436 7348
437 7354
437 7366
437 7376
438 7360
439 7390
440 7400
441 7413
441 7906
442 7421
442 7423
443 7426
443 7427
444 7443
445 7466
446 7482
446 7554
447 7610
447 7889
447 7890
447 7891
447 7892
447 7893
448 7793
448 7794
449 7796
449 7797
449 7798
449 7799
449 7800
449 7801
449 7802
449 7803
449 7804
449 7805
449 7807
449 7830
449 7835
450 7813
450 7814
450 7815
450 7816
450 7817
450 7818
450 7819
450 7820
450 7821
450 7822
450 7825
450 7826
450 7827
450 7828
450 7829
451 7853
451 7854
452 7876
453 7883
454 7903
454 7904
455 7908
456 8890
456 8894
2 3 4 5 6 7 8 9 10 11 12 13 14 15 16 17 18 19 20 21 22 23 24 25 26 27 28 29 30 31 32 33 34 35 36 37 38 39 40 41 42 43 44 45 46 47 48 49 50 51 52 53 54 55 56 57 58 59 60 61 62 63 64 65 66 67 68 69 70 71 72 73 74 75 76 77 78 79 80 81 82 83 84 85 86 87 88 89 90 91 92 93 94 95 96 97 98 99 100 101 102 103 104 105 106 107 108 109 110 111 112 113 114 115 116 117 118 119 120 121 122 123 124 125 126 127 128 129 130 131 132 133 134 135 136 137 138 139 140 141 142 143 144 145 146 147 148 149 150 151 152 153 154 155 156 157 158 159 160 161 162 163 164 165 166 167 168 169 170 171 172 173 174 175 176 177 178 179 180 181 182 183 184 185 186 187 188 189 190 191 192 193 194 195 196 197 198 199 200 1 2 3 4 5 6 7 8 9 10 11 12 13 14 15 16 17 18 19 20 21 22 23 24 25 26 27 28 29 30 31 32 33 34 35 36 37 38 39 40 41 42 43 44 45 46 47 48 49 50 51 52 53 54 55 56 57 58 59 60 61 62 63 64 65 66 67 68 69 70 71 72 73 74 75 76 77 78 79 80 81 82 83 84 85 86 87 88 89 90 91 92 93 94 95 96 97 98 99 100 101 102 103 104 105 106 107 108 109 110 111 112 113 114 115 116 117 118 119 120 121 122 123 124 125 126 127 128 129 130 131 132 133 134 135 136 137 138 139 140 141 142 143 144 145 146 147 148 149 150 151 152 153 154 155 156 157 158 159 160 161 162 163 164 165 166 167 168 169 170 171 172 173 174 175 176 177 178 179 180 181 182 183 184 185 186 187 188 189 190 191 192 193 194 195 196 197 198 199 200 1 2 3 4 5 6 7 8 9 10 11 12 13 14 15 16 17 18 19 20 21 22 23 24 25 26 27 28 29 30 31 32 33 34 35 36 37 38 39 40 41 42 43 44 45 46 47 48 49 50 51 52 53 54 55 56 57 
2 3 4 5 6 7 8 9 10 11 12 13 14 15 16 17 18 19 20 21 22 23 24 25 26 27 28 29 30 31 32 33 34 35 36 37 38 39 40 41 42 43 44 45 46 47 48 49 50 51 52 53 54 55 56 57 58 59 60 61 62 63 64 65 66 67 68 69 70 71 72 73 74 75 76 77 78 79 80 81 82 83 84 85 86 87 88 89 90 91 92 93 94 95 96 97 98 99 100 101 102 103 104 105 106 107 108 109 110 111 112 113 114 115 116 117 118 119 120 121 122 123 124 125 126 127 128 129 130 131 132 133 134 135 136 137 138 139 140 141 142 143 144 145 146 147 148 149 150 151 152 153 154 155 156 157 158 159 160 161 162 163 164 165 166 167 168 169 170 171 172 173 174 175 176 177 178 179 180 181 182 183 184 185 186 187 188 189 190 191 192 193 194 195 196 197 198 199 200 1 2 3 4 5 6 7 8 9 10 11 12 13 14 15 16 17 18 19 20 21 22 23 24 25 26 27 28 29 30 31 32 33 34 35 36 37 38 39 40 41 42 43 44 45 46 47 48 49 50 51 52 53 54 55 56 57 58 59 60 61 62 63 64 65 66 67 68 69 70 71 72 73 74 75 76 77 78 79 80 81 82 83 84 85 86 87 88 89 90 91 92 93 94 95 96 97 98 99 100 101 102 103 104 105 106 107 108 109 110 111 112 113 114 115 116 117 118 119 120 121 122 123 124 125 126 127 128 129 130 131 132 133 134 135 136 137 138 139 140 141 142 143 144 145 146 147 148 149 150 151 152 153 154 155 156 157 158 159 160 161 162 163 164 165 166 167 168 169 170 171 172 173 174 175 176 177 178 179 180 181 182 183 184 185 186 187 188 189 190 191 192 193 194 195 196 197 198 199 200 1 2 3 4 5 6 7 8 9 10 11 12 13 14 15 16 17 18 19 20 21 22 23 24 25 26 27 28 29 30 31 32 33 34 35 36 37 38 39 40 41 42 43 44 45 46 47 48 49 50 51 52 53 54 55 56 57 58 59 60 61 62 63 64 65 66 67 68 69 70 71 72 73 74 75 76 77 78 79 80 81 82 83 84 85 86 87 88 89 90 91 92 93 94 95 96 97 98 99 100 101 102 103 104 105 106 107 108 109 110 111 112 113 114 115 116 117 118 119 120 121 122 123 124 125 126 127 128 129 130 131 132 133 134 135 136 137 138 139 140 141 142 143 144 145 146 147 148 149 150 151 152 153 154 155 156 157 158 159 160 161 162 163 164 165 166 167 168 169 170 171 172 173 174 175 176 177 178 179 180 181 182 183 184 185 186 187 188 189 190 191 192 193 194 195 196 197 198 199 200 1 2 3 4 5 6 7 8 9 10 11 12 13 14 15 16 17 18 19 20 21 22 23 24 25 26 27 28 29 30 31 32 33 34 35 36 37 38 39 40 41 42 43 44 45 46 47 48 49 50 51 52 53 54 55 56 57 58 59 60 61 62 63 64 65 66 67 68 69 70 71 72 73 74 75 76 77 78 79 80 81 82 83 84 85 86 87 88 89 90 91 92 93 94 95 96 97 98 99 100 101 102 103 104 105 106 107 108 109 110 111 112 113 114 115 116 117 118 119 120 121 122 123 124 125 126 127 128 129 130 131 132 133 134 135 136 137 138 139 140 141 142 143 144 145 146 147 148 149 150 151 152 153 154 155 156 157 158 159 160 161 162 163 164 165 166 167 168 169 170 171 172 173 174 175 176 177 178 179 180 181 182 183 184 185 186 187 188 189 190 191 192 193 194 195 196 197 198 199 200 1 2 3 4 5 6 7 8 9 10 11 12 13 14 15 16 17 18 19 20 21 22 23 24 25 26 27 28 29 30 31 32 33 34 35 36 37 38 39 40 41 42 43 44 45 46 47 48 49 50 51 52 53 54 55 56 57 58 59 60 61 62 63 64 65 66 67 68 69 70 71 72 73 74 75 76 77 78 79 80 81 82 83 84 85 86 87 88 89 90 91 92 93 94 95 96 97 98 99 100 101 102 103 104 105 106 107 108 109 110 111 112 113 114 115 116 117 118 119 120 121 122 123 124 125 126 127 128 129 130 131 132 133 134 135 136 137 138 139 140 141 142 143 144 145 146 147 148 149 150 151 152 153 154 155 156 157 158 159 160 161 162 163 164 165 166 167 168 169 170 171 172 173 174 175 176 177 178 179 180 181 182 183 184 185 186 187 188 189 190 191 192 193 194 195 196 197 198 199 200 1 2 3 4 5 6 7 8 9 10 11 12 13 14 15 16 17 18 19 20 21 22 23 24 25 26 27 28 29 30 31 32 33 34 35 36 37 38 39 40 41 42 43 44 45 46 47 48 49 50 51 52 53 54 55 56 57 58 59 60 61 62 63 64 65 66 67 68 69 70 71 72 73 74 75 76 77 78 79 80 81 82 83 84 85 86 87 88 89 90 91 92 93 94 95 96 97 98 99 100 101 102 103 104 105 106 107 108 109 110 111 112 113 114 115 116 117 118 119 120 121 122 123 124 125 126 127 128 129 130 131 132 133 134 135 136 137 138 139 140 141 142 143 144 145 146 147 148 149 150 151 152 153 154 155 156 157 158 159 160 161 162 163 164 165 166 167 168 169 170 171 172 173 174 175 176 177 178 179 180 181 182 183 184 185 186 187 188 189 190 191 192 193 194 195 196 197 198 199 200 1 2 3 4 5 6 7 8 9 10 11 12 13 14 15 16 17 18 19 20 21 22 23 24 25 26 27 28 29 30 31 32 33 34 35 36 37 38 39 40 41 42 43 44 45 46 47 48 49 50 51 52 53 54 55 56 57 58 59 60 61 62 63 64 65 66 67 68 69 70 71 72 73 74 75 76 77 78 79 80 81 82 83 84 85 86 87 88 89 90 91 92 93 94 95 96 97 98 99 100 101 102 103 104 105 106 107 108 109 110 111 112 113 114 115 116 117 118 119 120 121 122 123 124 125 126 127 128 129 130 131 132 133 134 135 136 137 138 139 140 141 142 143 144 145 146 147 148 149 150 151 152 153 154 155 156 157 158 159 160 161 162 163 164 165 166 167 168 169 170 171 172 173 174 175 176 177 178 179 180 181 182 183 184 185 186 187 188 189 190 191 192 193 194 195 196 197 198 199 200 1 2 3 4 5 6 7 8 9 10 11 12 13 14 15 16 17 18 19 20 21 22 23 24 25 26 27 28 29 30 31 32 33 34 35 36 37 38 39 40 41 42 43 44 45 46 47 48 49 50 51 52 53 54 55 56 57 58 59 60 61 62 63 64 65 66 67 68 69 70 71 72 73 74 75 76 77 78 79 80 81 82 83 84 85 86 87 88 89 90 91 92 93 94 95 96 97 98 99 100 101 102 103 104 105 106 107 108 109 110 111 112 113 114 115 116 117 118 119 120 121 122 123 124 125 126 127 128 129 130 131 132 133 134 135 136 137 138 139 140 141 142 143 144 145 146 147 148 149 150 151 152 153 154 155 156 157 158 159 160 161 162 163 164 165 166 167 168 169 170 171 172 173 174 175 176 177 178 179 180 181 182 183 184 185 186 187 188 189 190 191 192 193 194 195 196 197 198 199 200 1 2 3 4 5 6 7 8 9 10 11 12 13 14 15 16 17 18 19 20 21 22 23 24 25 26 27 28 29 30 31 32 33 34 35 36 37 38 39 40 41 42 43 44 45 46 47 48 49 50 51 52 53 54 55 56 57 58 59 60 61 62 63 64 65 66 67 68 69 70 71 72 73 74 75 76 77 78 79 80 81 82 83 84 85 86 87 88 89 90 91 92 93 94 95 96 97 98 99 100 101 102 103 104 105 106 107 108 109 110 111 112 113 114 115 116 117 118 119 120 121 122 123 124 125 126 127 128 129 130 131 132 133 134 135 136 137 138 139 140 141 142 143 144 145 146 147 148 149 150 151 152 153 154 155 156 157 158 159 160 161 162 163 164 165 166 167 168 169 170 171 172 173 174 175 176 177 178 179 180 181 182 183 184 185 186 187 188 189 190 191 192 193 194 195 196 197 198 199 200 1 2 3 4 5 6 7 8 9 10 11 12 13 14 15 16 17 18 19 20 21 22 23 24 25 26 27 28 29 30 31 32 33 34 35 36 37 38 39 40 41 42 43 44 45 46 47 48 49 50 51 52 53 54 55 56 57 58 59 60 61 62 63 64 65 66 67 68 69 70 71 72 73 74 75 76 77 78 79 80 81 82 83 84 85 86 87 88 89 90 91 92 93 94 95 96 97 98 99 100 101 102 103 104 105 106 107 108 109 110 111 112 113 114 115 116 117 118 119 120 121 122 123 124 125 126 127 128 129 130 131 132 133 134 135 136 137 138 139 140 141 142 143 144 145 146 147 148 149 150 151 152 153 154 155 156 157 158 159 160 161 162 163 164 165 166 167 168 169 170 171 172 173 174 175 176 177 178 179 180 181 182 183 184 185 186 187 188 189 190 191 192 193 194 195 196 197 198 199 200 1 2 3 4 5 6 7 8 9 10 11 12 13 14 15 16 17 18 19 20 21 22 23 24 25 26 27 28 29 30 31 32 33 34 35 36 37 38 39 40 41 42 43 44 45 46 47 48 49 50 51 52 53 54 55 56 57 58 59 60 61 62 63 64 65 66 67 68 69 70 71 72 73 74 75 76 77 78 79 80 81 82 83 84 85 86 87 88 89 90 91 92 93 94 95 96 97 98 99 100 101 102 103 104 105 106 107 108 109 110 111 112 113 114 115 116 117 118 119 120 121 122 123 124 125 126 127 128 129 130 131 132 133 134 135 136 137 138 139 140 141 142 143 144 145 146 147 148 149 150 151 152 153 154 155 156 157 158 159 160 161 162 163 164 165 166 167 168 169 170 171 172 173 174 175 176 177 178 179 180 181 182 183 184 185 186 187 188 189 190 191 192 193 194 195 196 197 198 199 200 1 2 3 4 5 6 7 8 9 10 11 12 13 14 15 16 17 18 19 20 21 22 23 24 25 26 27 28 29 30 31 32 33 34 35 36 37 38 39 40 41 42 43 44 45 46 47 48 49 50 51 52 53 54 55 56 57 58 59 60 61 62 63 64 65 66 67 68 69 70 71 72 73 74 75 76 77 78 79 80 81 82 83 84 85 86 87 88 89 90 91 92 93 94 95 96 97 98 99 100 101 102 103 104 105 106 107 108 109 110 111 112 113 114 115 116 117 118 119 120 121 122 123 124 125 126 127 128 129 130 131 132 133 134 135 136 137 138 139 140 141 142 143 144 145 146 147 148 149 150 151 152 153 154 155 156 157 158 159 160 161 162 163 164 165 166 167 168 169 170 171 172 173 174 175 176 177 178 179 180 181 182 183 184 185 186 187 188 189 190 191 192 193 194 195 196 197 198 199 200 1 2 3 4 5 6 7 8 9 10 11 12 13 14 15 16 17 18 19 20 21 22 23 24 25 26 27 28 29 30 31 32 33 34 35 36 37 38 39 40 41 42 43 44 45 46 47 48 49 50 51 52 53 54 55 56 57 58 59 60 61 62 63 64 65 66 67 68 69 70 71 72 73 74 75 76 77 78 79 80 81 82 83 84 85 86 87 88 89 90 91 92 93 94 95 96 97 98 99 100 101 102 103 104 105 106 107 108 109 110 111 112 113 114 115 116 117 118 119 120 121 122 123 124 125 126 127 128 129 130 131 132 133 134 135 136 137 138 139 140 141 142 143 144 145 146 147 148 149 150 151 152 153 154 155 156 157 158 159 160 161 162 163 164 165 166 167 168 169 170 171 172 173 174 175 176 177 178 179 180 181 182 183 184 185 186 187 188 189 190 191 192 193 194 195 196 197 198 199 200 1 2 3 4 5 6 7 8 9 10 11 12 13 14 15 16 17 18 19 20 21 22 23 24 25 26 27 28 29 30 31 32 33 34 35 36 37 38 39 40 41 42 43 44 45 46 47 48 49 50 51 52 53 54 55 56 57 58 59 60 61 62 63 64 65 66 67 68 69 70 71 72 73 74 75 76 77 78 79 80 81 82 83 84 85 86 87 88 89 90 91 92 93 94 95 96 97 98 99 100 101 102 103 104 105 106 107 108 109 110 111 112 113 114 115 116 117 118 119 120 121 122 123 124 125 126 127 128 129 130 131 132 133 134 135 136 137 138 139 140 141 142 143 144 145 146 147 148 149 150 151 152 153 154 155 156 157 158 159 160 161 162 163 164 165 166 167 168 169 170 171 172 173 174 175 176 177 178 179 180 181 182 183 184 185 186 187 188 189 190 191 192 193 194 195 196 197 198 199 200 1 2 3 4 5 6 7 8 9 10 11 12 13 14 15 16 17 18 19 20 21 22 23 24 25 26 27 28 29 30 31 32 33 34 35 36 37 38 39 40 41 42 43 44 45 46 47 48 49 50 51 52 53 54 55 56 57 58 59 60 61 62 63 64 65 66 67 68 69 70 71 72 73 74 75 76 77 78 79 80 81 82 83 84 85 86 87 88 89 90 91 92 93 94 95 96 97 98 99 100 101 102 103 104 105 106 107 108 109 110 111 112 113 114 115 116 117 118 119 120 121 122 123 124 125 126 127 128 129 130 131 132 133 134 135 136 137 138 139 140 141 142 143 144 145 146 147 148 149 150 151 152 153 154 155 156 157 158 159 160 161 162 163 164 165 166 167 168 169 170 171 172 173 174 175 176 177 178 179 180 181 182 183 184 185 186 187 188 189 190 191 192 193 194 195 196 197 198 199 200 1 2 3 4 5 6 7 8 9 10 11 12 13 14 15 16 17 18 19 20 21 22 23 24 25 26 27 28 29 30 31 32 33 34 35 36 37 38 39 40 41 42 43 44 45 46 47 48 49 50 51 52 53 54 55 56 57 58 59 60 61 62 63 64 65 66 67 68 69 70 71 72 73 74 75 76 77 78 79 80 81 82 83 84 85 86 87 88 89 90 91 92 93 94 95 96 97 98 99 100 101 102 103 104 105 106 107 108 109 110 111 112 113 114 115 116 117 118 119 120 121 122 123 124 125 126 127 128 129 130 131 132 133 134 135 136 137 138 139 140 141 142 143 144 145 146 147 148 149 150 151 152 153 154 155 156 157 158 159 160 161 162 163 164 165 166 167 168 169 170 171 172 173 174 175 176 177 178 179 180 181 182 183 184 185 186 187 188 189 190 191 192 193 194 195 196 197 198 199 200 1 2 3 4 5 6 7 8 9 10 11 12 13 14 15 16 17 18 19 20 21 22 23 24 25 26 27 28 29 30 31 32 33 34 35 36 37 38 39 40 41 42 43 44 45 46 47 48 49 50 51 52 53 54 55 56 57 58 59 60 61 62 63 64 65 66 67 68 69 70 71 72 73 74 75 76 77 78 79 80 81 82 83 84 85 86 87 88 89 90 91 92 93 94 95 96 97 98 99 100 101 102 103 104 105 106 107 108 109 110 111 112 113 114 115 116 117 118 119 120 121 122 123 124 125 126 127 128 129 130 131 132 133 134 135 136 137 138 139 140 141 142 143 144 145 146 147 148 149 150 151 152 153 154 155 156 157 158 159 160 161 162 163 164 165 166 167 168 169 170 171 172 173 174 175 176 177 178 179 180 181 182 183 184 185 186 187 188 189 190 191 192 193 194 195 196 197 198 199 200 1 2 3 4 5 6 7 8 9 10 11 12 13 14 15 16 17 18 19 20 21 22 23 24 25 26 27 28 29 30 31 32 33 34 35 36 37 38 39 40 41 42 43 44 45 46 47 48 49 50 51 52 53 54 55 56 57 58 59 60 61 62 63 64 65 66 67 68 69 70 71 72 73 74 75 76 77 78 79 80 81 82 83 84 85 86 87 88 89 90 91 92 93 94 95 96 97 98 99 100 101 102 103 104 105 106 107 108 109 110 111 112 113 114 115 116 117 118 119 120 121 122 123 124 125 126 127 128 129 130 131 132 133 134 135 136 137 138 139 140 141 142 143 144 145 146 147 148 149 150 151 152 153 154 155 156 157 158 159 160 161 162 163 164 165 166 167 168 169 170 171 172 173 174 175 176 177 178 179 180 181 182 183 184 185 186 187 188 189 190 191 192 193 194 195 196 197 198 199 200 1 2 3 4 5 6 7 8 9 10 11 12 13 14 15 16 17 18 19 20 21 22 23 24 25 26 27 28 29 30 31 32 33 34 35 36 37 38 39 40 41 42 43 44 45 46 47 48 49 50 51 52 53 54 55 56 57 58 59 60 61 62 63 64 65 66 67 68 69 70 71 72 73 74 75 76 77 78 79 80 81 82 83 84 85 86 87 88 89 90 91 92 93 94 95 96 97 98 99 100 101 102 103 104 105 106 107 108 109 110 111 112 113 114 115 116 117 118 119 120 121 122 123 124 125 126 127 128 129 130 131 132 133 134 135 136 137 138 139 140 141 142 143 144 145 146 147 148 149 150 151 152 153 154 155 156 157 158 159 160 161 162 163 164 165 166 167 168 169 170 171 172 173 174 175 176 177 178 179 180 181 182 183 184 185 186 187 188 189 190 191 192 193 194 195 196 197 198 199 200 1 2 3 4 5 6 7 8 9 10 11 12 13 14 15 16 17 18 19 20 21 22 23 24 25 26 27 28 29 30 31 32 33 34 35 36 37 38 39 40 41 42 43 44 45 46 47 48 49 50 51 52 53 54 55 56 57 58 59 60 61 62 63 64 65 66 67 68 69 70 71 72 73 74 75 76 77 78 79 80 81 82 83 84 85 86 87 88 89 90 91 92 93 94 95 96 97 98 99 100 101 102 103 104 105 106 107 108 109 110 111 112 113 114 115 116 117 118 119 120 121 122 123 124 125 126 127 128 129 130 131 132 133 134 135 136 137 138 139 140 141 142 143 144 145 146 147 148 149 150 151 152 153 154 155 156 157 158 159 160 161 162 163 164 165 166 167 168 169 170 171 172 173 174 175 176 177 178 179 180 181 182 183 184 185 186 187 188 189 190 191 192 193 194 195 196 197 198 199 200 1 2 3 4 5 6 7 8 9 10 11 12 13 14 15 16 17 18 19 20 21 22 23 24 25 26 27 28 29 30 31 32 33 34 35 36 37 38 39 40 41 42 43 44 45 46 47 48 49 50 51 52 53 54 55 56 57 58 59 60 61 62 63 64 65 66 67 68 69 70 71 72 73 74 75 76 77 78 79 80 81 82 83 84 85 86 87 88 89 90 91 92 93 94 95 96 97 98 99 100 101 102 103 104 105 106 107 108 109 110 111 112 113 114 115 116 117 118 119 120 121 122 123 124 125 126 127 128 129 130 131 132 133 134 135 136 137 138 139 140 141 142 143 144 145 146 147 148 149 150 151 152 153 154 155 156 157 158 159 160 161 162 163 164 165 166 167 168 169 170 171 172 173 174 175 176 177 178 179 180 181 182 183 184 185 186 187 188 189 190 191 192 193 194 195 196 197 198 199 200 1 2 3 4 5 6 7 8 9 10 11 12 13 14 15 16 17 18 19 20 21 22 23 24 25 26 27 28 29 30 31 32 33 34 35 36 37 38 39 40 41 42 43 44 45 46 47 48 49 50 51 52 53 54 55 56 57 58 59 60 61 62 63 64 65 66 67 68 69 70 71 72 73 74 75 76 77 78 79 80 81 82 83 84 85 86 87 88 89 90 91 92 93 94 95 96 97 98 99 100 101 102 103 104 105 106 107 108 109 110 111 112 113 114 115 116 117 118 119 120 121 122 123 124 125 126 127 128 129 130 131 132 133 134 135 136 137 138 139 140 141 142 143 144 145 146 147 148 149 150 151 152 153 154 155 156 157 158 159 160 161 162 163 164 165 166 167 168 169 170 171 172 173 174 175 176 177 178 179 180 181 182 183 184 185 186 187 188 189 190 191 192 193 194 195 196 197 198 199 200 1 2 3 4 5 6 7 8 9 10 11 12 13 14 15 16 17 18 19 20 21 22 23 24 25 26 27 28 29 30 31 32 33 34 35 36 37 38 39 40 41 42 43 44 45 46 47 48 49 50 51 52 53 54 55 56 57 58 59 60 61 62 63 64 65 66 67 68 69 70 71 72 73 74 75 76 77 78 79 80 81 82 83 84 85 86 87 88 89 90 91 92 93 94 95 96 97 98 99 100 101 102 103 104 105 106 107 108 109 110 111 112 113 114 115 116 117 118 119 120 121 122 123 124 125 126 127 128 129 130 131 132 133 134 135 136 137 138 139 140 141 142 143 144 145 146 147 148 149 150 151 152 153 154 155 156 157 158 159 160 161 162 163 164 165 166 167 168 169 170 171 172 173 174 175 176 177 178 179 180 181 182 183 184 185 186 187 188 189 190 191 192 193 194 195 196 197 198 199 200 1 2 3 4 5 6 7 8 9 10 11 12 13 14 15 16 17 18 19 20 21 22 23 24 25 26 27 28 29 30 31 32 33 34 35 36 37 38 39 40 41 42 43 44 45 46 47 48 49 50 51 52 53 54 55 56 57 58 59 60 61 62 63 64 65 66 67 68 69 70 71 72 73 74 75 76 77 78 79 80 81 82 83 84 85 86 87 88 89 90 91 92 93 94 95 96 97 98 99 100 101 102 103 104 105 106 107 108 109 110 111 112 113 114 115 116 117 118 119 120 121 122 123 124 125 126 127 128 129 130 131 132 133 134 135 136 137 138 139 140 141 142 143 144 145 146 147 148 149 150 151 152 153 154 155 156 157 158 159 160 161 162 163 164 165 166 167 168 169 170 171 172 173 174 175 176 177 178 179 180 181 182 183 184 185 186 187 188 189 190 191 192 193 194 195 196 197 198 199 200 1 2 3 4 5 6 7 8 9 10 11 12 13 14 15 16 17 18 19 20 21 22 23 24 25 26 27 28 29 30 31 32 33 34 35 36 37 38 39 40 41 42 43 44 45 46 47 48 49 50 51 52 53 54 55 56 57 58 59 60 61 62 63 64 65 66 67 68 69 70 71 72 73 74 75 76 77 78 79 80 81 82 83 84 85 86 87 88 89 90 91 92 93 94 95 96 97 98 99 100 101 102 103 104 105 106 107 108 109 110 111 112 113 114 115 116 117 118 119 120 121 122 123 124 125 126 127 128 129 130 131 132 133 134 135 136 137 138 139 140 141 142 143 144 145 146 147 148 149 150 151 152 153 154 155 156 157 158 159 160 161 162 163 164 165 166 167 168 169 170 171 172 173 174 175 176 177 178 179 180 181 182 183 184 185 186 187 188 189 190 191 192 193 194 195 196 197 198 199 200 1 2 3 4 5 6 7 8 9 10 11 12 13 14 15 16 17 18 19 20 21 22 23 24 25 26 27 28 29 30 31 32 33 34 35 36 37 38 39 40 41 42 43 44 45 46 47 48 49 50 51 52 53 54 55 56 57 58 59 60 61 62 63 64 65 66 67 68 69 70 71 72 73 74 75 76 77 78 79 80 81 82 83 84 85 86 87 88 89 90 91 92 93 94 95 96 97 98 99 100 101 102 103 104 105 106 107 108 109 110 111 112 113 114 115 116 117 118 119 120 121 122 123 124 125 126 127 128 129 130 131 132 133 134 135 136 137 138 139 140 141 142 143 144 145 146 147 148 149 150 151 152 153 154 155 156 157 158 159 160 161 162 163 164 165 166 167 168 169 170 171 172 173 174 175 176 177 178 179 180 181 182 183 184 185 186 187 188 189 190 191 192 193 194 195 196 197 198 199 200 1 2 3 4 5 6 7 8 9 10 11 12 13 14 15 16 17 18 19 20 21 22 23 24 25 26 27 28 29 30 31 32 33 34 35 36 37 38 39 40 41 42 43 44 45 46 47 48 49 50 51 52 53 54 55 56 57 58 59 60 61 62 63 64 65 66 67 68 69 70 71 72 73 74 75 76 77 78 79 80 81 82 83 84 85 86 87 88 89 90 91 92 93 94 95 96 97 98 99 100 101 102 103 104 105 106 107 108 109 110 111 112 113 114 115 116 117 118 119 120 121 122 123 124 125 126 127 128 129 130 131 132 133 134 135 136 137 138 139 140 141 142 143 144 145 146 147 148 149 150 151 152 153 154 155 156 157 158 159 160 161 162 163 164 165 166 167 168 169 170 171 172 173 174 175 176 177 178 179 180 181 182 183 184 185 186 187 188 189 190 191 192 193 194 195 196 197 198 199 200 1 2 3 4 5 6 7 8 9 10 11 12 13 14 15 16 17 18 19 20 21 22 23 24 25 26 27 28 29 30 31 32 33 34 35 36 37 38 39 40 41 42 43 44 45 46 47 48 49 50 51 52 53 54 55 56 57 58 59 60 61 62 63 64 65 66 67 68 69 70 71 72 73 74 75 76 77 78 79 80 81 82 83 84 85 86 87 88 89 90 91 92 93 94 95 96 97 98 99 100 101 102 103 104 105 106 107 108 109 110 111 112 113 114 115 116 117 118 119 120 121 122 123 124 125 126 127 128 129 130 131 132 133 134 135 136 137 138 139 140 141 142 143 144 145 146 147 148 149 150 151 152 153 154 155 156 157 158 159 160 161 162 163 164 165 166 167 168 169 170 171 172 173 174 175 176 177 178 179 180 181 182 183 184 185 186 187 188 189 190 191 192 193 194 195 196 197 198 199 200 1 2 3 4 5 6 7 8 9 10 11 12 13 14 15 16 17 18 19 20 21 22 23 24 25 26 27 28 29 30 31 32 33 34 35 36 37 38 39 40 41 42 43 44 45 46 47 48 49 50 51 52 53 54 55 56 57 58 59 60 61 62 63 64 65 66 67 68 69 70 71 72 73 74 75 76 77 78 79 80 81 82 83 84 85 86 87 88 89 90 91 92 93 94 95 96 97 98 99 100 101 102 103 104 105 106 107 108 109 110 111 112 113 114 115 116 117 118 119 120 121 122 123 124 125 126 127 128 129 130 131 132 133 134 135 136 137 138 139 140 141 142 143 144 145 146 147 148 149 150 151 152 153 154 155 156 157 158 159 160 161 162 163 164 165 166 167 168 169 170 171 172 173 174 175 176 177 178 179 180 181 182 183 184 185 186 187 188 189 190 191 192 193 194 195 196 197 198 199 200 1 2 3 4 5 6 7 8 9 10 11 12 13 14 15 16 17 18 19 20 21 22 23 24 25 26 27 28 29 30 31 32 33 34 35 36 37 38 39 40 41 42 43 44 45 46 47 48 49 50 51 52 53 54 55 56 57 58 59 60 61 62 63 64 65 66 67 68 69 70 71 72 73 74 75 76 77 78 79 80 81 82 83 84 85 86 87 88 89 90 91 92 93 94 95 96 97 98 99 100 101 102 103 104 105 106 107 108 109 110 111 112 113 114 115 116 117 118 119 120 121 122 123 124 125 126 127 128 129 130 131 132 133 134 135 136 137 138 139 140 141 142 143 144 145 146 147 148 149 150 151 152 153 154 155 156 157 158 159 160 161 162 163 164 165 166 167 168 169 170 171 172 173 174 175 176 177 178 179 180 181 182 183 184 185 186 187 188 189 190 191 192 193 194 195 196 197 198 199 200 1 2 3 4 5 6 7 8 9 10 11 12 13 14 15 16 17 18 19 20 21 22 23 24 25 26 27 28 29 30 31 32 33 34 35 36 37 38 39 40 41 42 43 44 45 46 47 48 49 50 51 52 53 54 55 56 57 58 59 60 61 62 63 64 65 66 67 68 69 70 71 72 73 74 75 76 77 78 79 80 81 82 83 84 85 86 87 88 89 90 91 92 93 94 95 96 97 98 99 100 101 102 103 104 105 106 107 108 109 110 111 112 113 114 115 116 117 118 119 120 121 122 123 124 125 126 127 128 129 130 131 132 133 134 135 136 137 138 139 140 141 142 143 144 145 146 147 148 149 150 151 152 153 154 155 156 157 158 159 160 161 162 163 164 165 166 167 168 169 170 171 172 173 174 175 176 177 178 179 180 181 182 183 184 185 186 187 188 189 190 191 192 193 194 195 196 197 198 199 200 1 2 3 4 5 6 7 8 9 10 11 12 13 14 15 16 17 18 19 20 21 22 23 24 25 26 27 28 29 30 31 32 33 34 35 36 37 38 39 40 41 42 43 44 45 46 47 48 49 50 51 52 53 54 55 56 57 58 59 60 61 62 63 64 65 66 67 68 69 70 71 72 73 74 75 76 77 78 79 80 81 82 83 84 85 86 87 88 89 90 91 92 93 94 95 96 97 98 99 100 101 102 103 104 105 106 107 108 109 110 111 112 113 114 115 116 117 118 119 120 121 122 123 124 125 126 127 128 129 130 131 132 133 134 135 136 137 138 139 140 141 142 143 144 145 146 147 148 149 150 151 152 153 154 155 156 157 158 159 160 161 162 163 164 165 166 167 168 169 170 171 172 173 174 175 176 177 178 179 180 181 182 183 184 185 186 187 188 189 190 191 192 193 194 195 196 197 198 199 200 1 2 3 4 5 6 7 8 9 10 11 12 13 14 15 16 17 18 19 20 21 22 23 24 25 26 27 28 29 30 31 32 33 34 35 36 37 38 39 40 41 42 43 44 45 46 47 48 49 50 51 52 53 54 55 56 57 58 59 60 61 62 63 64 65 66 67 68 69 70 71 72 73 74 75 76 77 78 79 80 81 82 83 84 85 86 87 88 89 90 91 92 93 94 95 96 97 98 99 100 101 102 103 104 105 106 107 108 109 110 111 112 113 114 115 116 117 118 119 120 121 122 123 124 125 126 127 128 129 130 131 132 133 134 135 136 137 138 139 140 141 142 143 144 145 146 147 148 149 150 151 152 153 154 155 156 157 158 159 160 161 162 163 164 165 166 167 168 169 170 171 172 173 174 175 176 177 178 179 180 181 182 183 184 185 186 187 188 189 190 191 192 193 194 195 196 197 198 199 200 1 2 3 4 5 6 7 8 9 10 11 12 13 14 15 16 17 18 19 20 21 22 23 24 25 26 27 28 29 30 31 32 33 34 35 36 37 38 39 40 41 42 43 44 45 46 47 48 49 50 51 52 53 54 55 56 57 58 59 60 61 62 63 64 65 66 67 68 69 70 71 72 73 74 75 76 77 78 79 80 81 82 83 84 85 86 87 88 89 90 91 92 93 94 95 96 97 98 99 100 101 102 103 104 105 106 107 108 109 110 111 112 113 114 115 116 117 118 119 120 121 122 123 124 125 126 127 128 129 130 131 132 133 134 135 136 137 138 139 140 141 142 143 144 145 146 147 148 149 150 151 152 153 154 155 156 157 158 159 160 161 162 163 164 165 166 167 168 169 170 171 172 173 174 175 176 177 178 179 180 181 182 183 184 185 186 187 188 189 190 191 192 193 194 195 196 197 198 199 200 1 2 3 4 5 6 7 8 9 10 11 12 13 14 15 16 17 18 19 20 21 22 23 24 25 26 27 28 29 30 31 32 33 34 35 36 37 38 39 40 41 42 43 44 45 46 47 48 49 50 51 52 53 54 55 56 57 58 59 60 61 62 63 64 65 66 67 68 69 70 71 72 73 74 75 76 77 78 79 80 81 82 83 84 85 86 87 88 89 90 91 92 93 94 95 96 97 98 99 100 101 102 103 104 105 106 107 108 109 110 111 112 113 114 115 116 117 118 119 120 121 122 123 124 125 126 127 128 129 130 131 132 133 134 135 136 137 138 139 140 141 142 143 144 145 146 147 148 149 150 151 152 153 154 155 156 157 158 159 160 161 162 163 164 165 166 167 168 169 170 171 172 173 174 175 176 177 178 179 180 181 182 183 184 185 186 187 188 189 190 191 192 193 194 195 196 197 198 199 200 1 2 3 4 5 6 7 8 9 10 11 12 13 14 15 16 17 18 19 20 21 22 23 24 25 26 27 28 29 30 31 32 33 34 35 36 37 38 39 40 41 42 43 44 45 46 47 48 49 50 51 52 53 54 55 56 57 58 59 60 61 62 63 64 65 66 67 68 69 70 71 72 73 74 75 76 77 78 79 80 81 82 83 84 85 86 87 88 89 90 91 92 93 94 95 96 97 98 99 100 101 102 103 104 105 106 107 108 109 110 111 112 113 114 115 116 117 118 119 120 121 122 123 124 125 126 127 128 129 130 131 132 133 134 135 136 137 138 139 140 141 142 143 144 145 146 147 148 149 150 151 152 153 154 155 156 157 158 159 160 161 162 163 164 165 166 167 168 169 170 171 172 173 174 175 176 177 178 179 180 181 182 183 184 185 186 187 188 189 190 191 192 193 194 195 196 197 198 199 200 1 2 3 4 5 6 7 8 9 10 11 12 13 14 15 16 17 18 19 20 21 22 23 24 25 26 27 28 29 30 31 32 33 34 35 36 37 38 39 40 41 42 43 44 45 46 47 48 49 50 51 52 53 54 55 56 57 58 59 60 61 62 63 64 65 66 67 68 69 70 71 72 73 74 75 76 77 78 79 80 81 82 83 84 85 86 87 88 89 90 91 92 93 94 95 96 97 98 99 100 101 102 103 104 105 106 107 108 109 110 111 112 113 114 115 116 117 118 119 120 121 122 123 124 125 126 127 128 129 130 131 132 133 134 135 136 137 138 139 140 141 142 143 144 145 146 147 148 149 150 151 152 153 154 155 156 157 158 159 160 161 162 163 164 165 166 167 168 169 170 171 172 173 174 175 176 177 178 179 180 181 182 183 184 185 186 187 188 189 190 191 192 193 194 195 196 197 198 199 200 1 2 3 4 5 6 7 8 9 10 11 12 13 14 15 16 17 18 19 20 21 22 23 24 25 26 27 28 29 30 31 32 33 34 35 36 37 38 39 40 41 42 43 44 45 46 47 48 49 50 51 52 53 54 55 56 57 58 59 60 61 62 63 64 65 66 67 68 69 70 71 72 73 74 75 76 77 78 79 80 81 82 83 84 85 86 87 88 89 90 91 92 93 94 95 96 97 98 99 100 101 102 103 104 105 106 107 108 109 110 111 112 113 114 115 116 117 118 119 120 121 122 123 124 125 126 127 128 129 130 131 132 133 134 135 136 137 138 139 140 141 142 143 144 145 146 147 148 149 150 151 152 153 154 155 156 157 158 159 160 161 162 163 164 165 166 167 168 169 170 171 172 173 174 175 176 177 178 179 180 181 182 183 184 185 186 187 188 189 190 191 192 193 194 195 196 197 198 199 200 1 2 3 4 5 6 7 8 9 10 11 12 13 14 15 16 17 18 19 20 21 22 23 24 25 26 27 28 29 30 31 32 33 34 35 36 37 38 39 40 41 42 43 44 45 46 47 48 49 50 51 52 53 54 55 56 57 58 59 60 61 62 63 64 65 66 67 68 69 70 71 72 73 74 75 76 77 78 79 80 81 82 83 84 85 86 87 88 89 90 91 92 93 94 95 96 97 98 99 100 101 102 103 104 105 106 107 108 109 110 111 112 113 114 115 116 117 118 119 120 121 122 123 124 125 126 127 128 129 130 131 132 133 134 135 136 137 138 139 140 141 142 143 144 145 146 147 148 149 150 151 152 153 154 155 156 157 158 159 160 161 162 163 164 165 166 167 168 169 170 171 172 173 174 175 176 177 178 179 180 181 182 183 184 185 186 187 188 189 190 191 192 193 194 195 196 197 198 199 200 1 2 3 4 5 6 7 8 9 10 11 12 13 14 15 16 17 18 19 20 21 22 23 24 25 26 27 28 29 30 31 32 33 34 35 36 37 38 39 40 41 42 43 44 45 46 47 48 49 50 51 52 53 54 55 56 57 58 59 60 61 62 63 64 65 66 67 68 69 70 71 72 73 74 75 76 77 78 79 80 81 82 83 84 85 86 87 88 89 90 91 92 93 94 95 96 97 98 99 100 101 102 103 104 105 106 107 108 109 110 111 112 113 114 115 116 117 118 119 120 121 122 123 124 125 126 127 128 129 130 131 132 133 134 135 136 137 138 139 140 141 142 143 144 145 146 147 148 149 150 151 152 153 154 155 156 157 158 159 160 161 162 163 164 165 166 167 168 169 170 171 172 173 174 175 176 177 178 179 180 181 182 183 184 185 186 187 188 189 190 191 192 193 194 195 196 197 198 199 200 1 2 3 4 5 6 7 8 9 10 11 12 13 14 15 16 17 18 19 20 21 22 23 24 25 26 27 28 29 30 31 32 33 34 35 36 37 38 39 40 41 42 43 44 45 46 47 48 49 50 51 52 53 54 55 56 57 58 59 60 61 62 63 64 65 66 67 68 69 70 71 72 73 74 75 76 77 78 79 80 81 82 83 84 85 86 87 88 89 90 91 92 93 94 95 96 97 98 99 100 101 102 103 104 105 106 107 108 109 110 111 112 113 114 115 116 117 118 119 120 121 122 123 124 125 126 127 128 129 130 131 132 133 134 135 136 137 138 139 140 141 142 143 144 145 146 147 148 149 150 151 152 153 154 155 156 157 158 159 160 161 162 163 164 165 166 167 168 169 170 171 172 173 174 175 176 177 178 179 180 181 182 183 184 185 186 187 188 189 190 191 192 193 194 195 196 197 198 199 200 1 2 3 4 5 6 7 8 9 10 11 12 13 14 15 16 17 18 19 20 21 22 23 24 25 26 27 28 29 30 31 32 33 34 35 36 37 38 39 40 41 42 43 44 45 46 47 48 49 50 51 52 53 54 55 56 57 58 59 60 61 62 63 64 65 66 67 68 69 70 71 72 73 74 75 76 77 78 79 80 81 82 83 84 85 86 87 88 89 90 91 92 93 94 95 96 97 98 99 100 101 102 103 104 105 106 107 108 109 110 111 112 113 114 115 116 117 118 119 120 121 122 123 124 125 126 127 128 129 130 131 132 133 134 135 136 137 138 139 140 141 142 143 144 145 146 147 148 149 150 151 152 153 154 155 156 157 158 159 160 161 162 163 164 165 166 167 168 169 170 171 172 173 174 175 176 177 178 179 180 181 182 183 184 185 186 187 188 189 190 191 192 193 194 195 196 197 198 199 200 1 2 3 4 5 6 7 8 9 10 11 12 13 14 15 16 17 18 19 20 21 22 23 24 25 26 27 28 29 30 31 32 33 34 35 36 37 38 39 40 41 42 43 44 45 46 47 48 49 50 51 52 53 54 55 56 57 58 59 60 61 62 63 64 65 66 67 68 69 70 71 72 73 74 75 76 77 78 79 80 81 82 83 84 85 86 87 88 89 90 91 92 93 94 95 96 97 98 99 100 101 102 103 104 105 106 107 108 109 110 111 112 113 114 115 116 117 118 119 120 121 122 123 124 125 126 127 128 129 130 131 132 133 134 135 136 137 138 139 140 141 142 143 144 145 146 147 148 149 150 151 152 153 154 155 156 157 158 159 160 161 162 163 164 165 166 167 168 169 170 171 172 173 174 175 176 177 178 179 180 181 182 183 184 185 186 187 188 189 190 191 192 193 194 195 196 197 198 199 200 1 2 3 4 5 6 7 8 9 10 11 12 13 14 15 16 17 18 19 20 21 22 23 24 25 26 27 28 29 30 31 32 33 34 35 36 37 38 39 40 41 42 43 44 45 46 47 48 49 50 51 52 53 54 55 56 57 58 59 60 61 62 63 64 65 66 67 68 69 70 71 72 73 74 75 76 77 78 79 80 81 82 83 84 85 86 87 88 89 90 91 92 93 94 95 96 97 98 99 100 101 102 103 104 105 106 107 108 109 110 111 112 113 114 115 116 117 118 119 120 121 122 123 124 125 126 127 128 129 130 131 132 133 134 135 136 137 138 139 140 141 142 143 144 145 146 147 148 149 150 151 152 153 154 155 156 157 158 159 160 161 162 163 164 165 166 167 168 169 170 171 172 173 174 175 176 177 178 179 180 181 182 183 184 185 186 187 188 189 190 191 192 193 194 195 196 197 198 199 200 1 2 3 4 5 6 7 8 9 10 11 12 13 14 15 16 17 18 19 20 21 22 23 24 25 26 27 28 29 30 31 32 33 34 35 36 37 38 39 40 41 42 43 44 45 46 47 48 49 50 51 52 53 54 55 56 57 58 59 60 61 62 63 64 65 66 67 68 69 70 71 72 73 74 75 76 77 78 79 80 81 82 83 84 85 86 87 88 89 90 91 92 93 94 95 96 97 98 99 100 101 102 103 104 105 106 107 108 109 110 111 112 113 114 115 116 117 118 119 120 121 122 123 124 125 126 127 128 129 130 131 132 133 134 135 136 137 138 139 140 141 142 143 144 145 146 147 148 149 150 151 152 153 154 155 156 157 158 159 160 161 162 163 164 165 166 167 168 169 170 171 172 173 174 175 176 177 178 179 180 181 182 183 184 185 186 187 188 189 190 191 192 193 194 195 196 197 198 199 200 1 2 3 4 5 6 7 8 9 10 11 12 13 14 15 16 17 18 19 20 21 22 23 24 25 26 27 28 29 30 31 32 33 34 35 36 37 38 39 40 41 42 43 44 45 46 47 48 49 50 51 52 53 54 55 56 57 58 59 60 61 62 63 64 65 66 67 68 69 70 71 72 73 74 75 76 77 78 79 80 81 82 83 84 85 86 87 88 89 90 91 92 93 94 95 96 97 98 99 100 101 102 103 104 105 106 107 108 109 110 111 112 113 114 115 116 117 118 119 120 121 122 123 124 125 126 127 128 129 130 131 132 133 134 135 136 137 138 139 140 141 142 143 144 145 146 147 148 149 150 151 152 153 154 155 156 157 158 159 160 161 162 163 164 165 166 167 168 169 170 171 172 173 174 175 176 177 178 179 180 181 182 183 184 185 186 187 188 189 190 191 192 193 194 195 196 197 198 199 200 1 2 3 4 5 6 7 8 9 10 11 12 13 14 15 16 17 18 19 20 21 22 23 24 25 26 27 28 29 30 31 32 33 34 35 36 37 38 39 40 41 42 43 44 45 46 47 48 49 50 51 52 53 54 55 56 57 58 59 60 61 62 63 64 65 66 67 68 69 70 71 72 73 74 75 76 77 78 79 80 81 82 83 84 85 86 87 88 89 90 91 92 93 94 95 96 97 98 99 100 101 102 103 104 105 106 107 108 109 110 111 112 113 114 115 116 117 118 119 120 121 122 123 124 125 126 127 128 129 130 131 132 133 134 135 136 137 138 139 140 141 142 143 144 145 146 147 148 149 150 151 152 153 154 155 156 157 158 159 160 161 162 163 164 165 166 167 168 169 170 171 172 173 174 175 176 177 178 179 180 181 182 183 184 185 186 187 188 189 190 191 192 193 194 195 196 197 198 199 200 1 2 3 4 5 6 7 8 9 10 11 12 13 14 15 16 17 18 19 20 21 22 23 24 25 26 27 28 29 30 31 32 33 34 35 36 37 38 39 40 41 42 43 44 45 46 47 48 49 50 51 52 53 54 55 56 57 58 59 60 61 62 63 64 65 66 67 68 69 70 71 72 73 74 75 76 77 78 79 80 81 82 83 84 85 86 87 88 89 90 91 92 93 94 95 96 97 98 99 100 101 102 103 104 105 106 107 108 109 110 111 112 113 114 115 116 117 118 119 120 121 122 123 124 125 126 127 128 129 130 131 132 133 134 135 136 137 138 139 140 141 142 143 144 145 146 147 148 149 150 151 152 153 154 155 156 157 158 159 160 161 162 163 164 165 166 167 168 169 170 171 172 173 174 175 176 177 178 179 180 181 182 183 184 185 186 187 188 189 190 191 192 193 194 195 196 197 198 199 200 1 2 3 4 5 6 7 8 9 10 11 12 13 14 15 16 17 18 19 20 21 22 23 24 25 26 27 28 29 30 31 32 33 34 35 36 37 38 39 40 41 42 43 44 45 46 47 48 49 50 51 52 53 54 55 56 57 58 59 60 61 62 63 64 65 66 67 68 69 70 71 72 73 74 75 76 77 78 79 80 81 82 83 84 85 86 87 88 89 90 91 92 93 94 95 96 97 98 99 100 101 102 103 104 105 106 107 108 109 110 111 112 113 114 115 116 117 118 119 120 121 122 123 124 125 126 127 128 129 130 131 132 133 134 135 136 137 138 139 140 141 142 143 144 145 146 147 148 149 150 151 152 153 154 155 156 157 158 159 160 161 162 163 164 165 166 167 168 169 170 171 172 173 174 175 176 177 178 179 180 181 182 183 184 185 186 187 188 189 190 191 192 193 194 195 196 197 198 199 200 1 2 3 
