507 8598 16085 1500
1 1
1 2
1 3
1 4
1 5
1 6
1 7
1 8
1 9
1 10
1 11
1 12
1 13
1 14
1 15
1 16
1 17
1 18
1 19
1 20
1 21
1 22
1 23
1 24
1 25
1 26
1 27
1 744
1 777
1 4775
2 1
2 2
2 3
2 4
2 5
2 7
2 8
2 9
2 10
2 11
2 12
2 13
2 15
2 16
2 17
2 18
2 19
2 20
2 21
2 22
2 23
2 24
2 25
2 26
2 30
2 31
2 32
2 37
2 41
2 43
2 48
2 49
2 52
2 53
2 55
2 56
2 60
2 62
2 72
2 73
2 74
2 75
2 76
2 77
2 78
2 81
2 82
2 83
2 84
2 85
2 86
2 87
2 88
2 90
2 91
2 92
2 94
2 95
2 96
2 97
2 98
2 99
2 100
2 101
2 102
2 113
2 114
2 116
2 117
2 118
2 119
2 121
2 122
2 123
2 124
2 125
2 126
2 127
2 128
2 129
2 131
2 133
2 136
2 138
2 140
2 145
2 146
2 148
2 151
2 153
2 154
2 156
2 157
2 158
2 159
2 160
2 161
2 162
2 163
2 164
2 165
2 167
2 168
2 169
2 170
2 171
2 172
2 174
2 175
2 176
2 177
2 178
2 179
2 180
2 181
2 182
2 183
2 184
2 185
2 186
2 187
2 188
2 189
2 191
2 194
2 195
2 196
2 197
2 198
2 201
2 203
2 227
2 229
2 230
2 231
2 232
2 233
2 237
2 241
2 246
2 247
2 248
2 249
2 252
2 254
2 255
2 258
2 259
2 260
2 263
2 273
2 283
2 286
2 287
2 288
2 289
2 291
2 302
2 303
2 304
2 305
2 307
2 311
2 312
2 313
2 316
2 317
2 320
2 322
2 324
2 330
2 333
2 334
2 335
2 339
2 340
2 341
2 342
2 343
2 344
2 345
2 346
2 364
2 365
2 368
2 371
2 375
2 380
2 381
2 385
2 397
2 400
2 401
2 404
2 405
2 408
2 409
2 411
2 413
2 414
2 419
2 420
2 422
2 423
2 424
2 425
2 426
2 427
2 428
2 429
2 433
2 434
2 437
2 446
2 447
2 448
2 449
2 450
2 451
2 452
2 453
2 456
2 457
2 458
2 459
2 461
2 462
2 464
2 465
2 466
2 467
2 468
2 495
2 498
2 527
2 545
2 584
2 589
2 591
2 593
2 605
2 621
2 622
2 624
2 625
2 626
2 627
2 628
2 629
2 632
2 641
2 645
2 663
2 664
2 665
2 666
2 667
2 668
2 669
2 670
2 671
2 679
2 680
2 681
2 682
2 684
2 685
2 686
2 687
2 688
2 689
2 690
2 691
2 692
2 693
2 694
2 695
2 696
2 697
2 698
2 699
2 700
2 702
2 708
2 711
2 712
2 714
2 715
2 716
2 717
2 720
2 730
2 734
2 735
2 736
2 737
2 738
2 739
2 741
2 743
2 744
2 745
2 746
2 747
2 748
2 749
2 750
2 751
2 752
2 753
2 754
2 755
2 756
2 759
2 762
2 764
2 766
2 777
2 779
2 823
2 850
2 851
2 854
2 886
2 887
2 888
2 889
2 890
2 925
2 926
2 950
2 965
2 966
2 981
2 1016
2 1017
2 1018
2 1019
2 1025
2 1048
2 1049
2 1052
2 1058
2 1080
2 1081
2 1098
2 1120
2 1121
2 1122
2 1123
2 1124
2 1125
2 1129
2 1240
2 1241
2 1242
2 1261
2 1262
2 1263
2 1264
2 1423
2 1511
2 1528
2 1529
2 1531
2 1563
2 1695
2 1698
2 1711
2 2524
2 2525
2 2546
2 2551
2 2555
2 2572
2 2573
2 2574
2 2575
2 2576
2 2580
2 2635
2 2636
2 2646
2 2647
2 2663
2 2664
2 2665
2 2681
2 2699
2 2914
2 3042
2 3055
2 3116
2 3257
2 3268
2 3294
2 3319
2 3369
2 3555
2 3560
2 3855
2 3953
2 3975
2 3976
2 4074
2 4485
2 4486
2 4775
2 4961
2 5017
2 5164
2 5211
2 5216
2 5227
2 5248
2 5306
2 5307
2 5634
2 5644
2 5649
2 5841
3 5
3 17
3 21
3 37
3 53
3 78
3 82
3 100
3 118
3 128
3 183
3 203
3 263
3 681
3 747
3 1097
3 2831
3 2869
3 2915
3 3271
3 3279
3 3294
3 3300
3 3352
3 3360
3 3410
3 3502
3 3503
3 3606
3 3666
3 3667
3 3722
3 3750
3 3763
3 3767
3 3810
3 3814
3 3884
3 3963
3 4127
3 4338
3 4345
3 4501
3 4528
3 4694
3 4775
3 4954
3 4959
3 5008
3 5009
3 5017
3 5024
3 5026
3 5028
3 5034
3 5037
3 5040
3 5095
3 5130
3 5164
3 5172
3 5175
3 5184
3 5185
3 5223
3 5224
3 5235
3 5244
3 5299
3 5379
3 5395
3 5507
3 5677
3 5773
3 5775
3 5832
3 5833
3 6611
3 6718
3 6836
3 7058
3 7097
3 7257
3 7350
3 7373
3 7382
3 7385
3 7387
3 7395
3 7401
3 7412
3 7413
3 7422
3 7446
3 7453
3 7456
3 7543
3 7550
3 7609
3 7612
3 7629
3 7630
3 7631
3 7632
3 7633
3 7635
3 7638
3 7641
3 7642
3 7645
3 7646
3 7647
3 7648
3 7649
3 7650
3 7655
3 7656
3 7659
3 7660
3 7661
3 7662
3 7663
3 7664
3 7665
3 7666
3 7667
3 7668
3 7669
3 7670
3 7671
3 7681
3 7682
3 7683
3 7684
3 7685
3 7686
3 7687
3 7688
3 7689
3 7690
3 7691
3 7692
3 7693
3 7694
3 7695
3 7696
3 7697
3 7698
3 7699
3 7700
3 7701
3 7702
3 7703
3 7704
3 7705
3 7706
3 7707
3 7708
3 7710
3 7711
3 7712
3 7713
3 7714
3 7715
3 7716
3 7717
3 7718
3 7721
3 7722
3 7724
3 7725
3 7727
3 7729
3 7730
3 7732
3 7738
3 7740
3 7741
3 7746
3 7748
3 7749
3 7785
3 7808
3 7809
3 7810
3 7811
3 7812
3 7813
3 7814
3 7815
3 7816
3 7821
3 7822
3 7823
3 7824
3 7826
3 7827
3 7829
3 7830
3 7831
3 7833
3 7834
3 7835
3 7836
3 7837
3 7838
3 7839
3 7840
3 7841
3 7842
3 7843
3 7846
3 7848
3 7850
3 7853
3 7854
3 7855
3 7856
3 7857
3 7858
3 7859
3 7860
3 7861
3 7862
3 7863
3 7864
3 7865
3 7866
3 7867
3 7868
3 7869
3 7870
3 7871
3 7872
3 7873
3 7874
3 7875
3 7876
3 7877
3 7878
3 7879
3 7880
3 7882
3 7883
3 7884
3 7885
3 7886
3 7887
3 7888
3 7889
3 7890
3 7891
3 7892
3 7893
3 7894
3 7895
3 7896
3 7897
3 7898
3 7899
3 7900
3 7901
3 7902
3 7903
3 7904
3 7905
3 7906
3 7907
3 7908
3 7909
3 7910
3 7911
3 7912
3 7913
3 7914
3 7915
3 7916
3 7917
3 7918
3 7920
3 7921
3 7922
3 7923
3 7924
3 7925
3 7928
3 7933
3 7936
3 7937
3 7938
3 7939
3 7941
3 7958
3 7960
3 7961
3 7962
3 7963
3 7969
3 7970
3 7974
3 7975
3 7976
3 7977
3 7980
3 7984
3 7986
3 7987
3 7990
3 7991
3 7992
3 7993
3 7994
3 7995
3 7997
3 7998
3 7999
3 8000
3 8001
3 8005
3 8006
3 8007
3 8008
3 8009
3 8012
3 8016
3 8018
3 8019
3 8020
3 8024
3 8028
3 8030
3 8031
3 8041
3 8042
3 8045
3 8050
3 8051
3 8054
3 8056
3 8057
3 8058
3 8059
3 8068
3 8071
3 8072
3 8074
3 8075
3 8079
3 8080
3 8081
3 8082
3 8083
3 8084
3 8085
3 8086
3 8087
3 8088
3 8155
4 6
4 27
4 31
4 32
4 37
4 40
4 41
4 44
4 53
4 121
4 122
4 173
4 425
4 453
4 454
4 455
4 460
4 559
4 1098
4 5017
5 10
5 22
5 744
5 4775
5 6611
5 7302
5 7864
5 7892
6 10
7 12
7 18
7 20
7 21
7 53
7 75
7 78
7 82
7 87
7 88
7 99
7 100
7 118
7 119
7 125
7 129
7 131
7 136
7 140
7 151
7 158
7 165
7 167
7 170
7 183
7 184
7 191
7 194
7 227
7 237
7 238
7 241
7 247
7 263
7 282
7 283
7 286
7 303
7 312
7 333
7 344
7 578
7 681
7 741
7 1052
7 1097
7 1125
7 1332
7 1695
7 1697
7 1698
7 1699
7 1700
7 1701
7 1702
7 1703
7 1704
7 1705
7 1706
7 1707
7 1708
7 1709
7 1710
7 1711
7 1884
7 1885
7 2099
7 2869
7 2877
7 2912
7 2985
7 2992
7 3001
7 3258
7 3259
7 3306
7 3315
7 3333
7 3344
7 3354
7 3360
7 3394
7 3501
7 3504
7 3508
7 3518
7 3528
7 3566
7 3568
7 3584
7 3590
7 3603
7 3608
7 3616
7 3628
7 3629
7 3642
7 3670
7 3679
7 3682
7 3808
7 3828
7 3843
7 3848
7 3882
7 3896
7 3897
7 3911
7 3940
7 3963
7 4046
7 4059
7 4063
7 4116
7 4118
7 4122
7 4261
7 4338
7 4349
7 4450
7 4498
7 4521
7 4543
7 4638
7 4660
7 4775
7 4947
7 4954
7 4959
7 4963
7 4971
7 5008
7 5017
7 5024
7 5026
7 5028
7 5034
7 5037
7 5056
7 5130
7 5172
7 5173
7 5174
7 5175
7 5176
7 5215
7 5299
7 5346
7 5436
7 5479
7 5522
7 5525
7 5748
7 5749
7 5771
7 5772
7 5773
7 5774
7 5775
7 5852
7 5853
7 6269
7 6301
7 7325
7 7343
7 7344
7 7345
7 7346
7 7347
7 7348
7 7350
7 7351
7 7352
7 7357
7 7358
7 7359
7 7363
7 7364
7 7369
7 7373
7 7374
7 7375
7 7376
7 7377
7 7378
7 7379
7 7380
7 7381
7 7382
7 7383
7 7384
7 7385
7 7386
7 7387
7 7389
7 7390
7 7392
7 7393
7 7395
7 7396
7 7398
7 7399
7 7401
7 7403
7 7404
7 7412
7 7413
7 7415
7 7446
7 7447
7 7449
7 7453
7 7456
7 7492
7 7493
7 7494
7 7495
7 7497
7 7498
7 7499
7 7500
7 7501
7 7502
7 7503
7 7504
7 7505
7 7506
7 7507
7 7508
7 7509
7 7523
7 7524
7 7525
7 7526
7 7527
7 7528
7 7531
7 7532
7 7533
7 7534
7 7535
7 7536
7 7537
7 7538
7 7539
7 7540
7 7541
7 7542
7 7543
7 7547
7 7548
7 7549
7 7551
7 7561
7 7597
7 7602
7 7609
7 7610
7 7611
7 7612
7 7613
7 7614
7 7617
7 7618
7 7619
7 7620
7 7622
7 7623
7 7624
7 7625
7 7626
7 7627
7 7628
7 7629
7 7630
7 7631
7 7632
7 7633
7 7634
7 7635
7 7636
7 7638
7 7639
7 7644
7 7650
7 7651
7 7652
7 7653
7 7654
7 7657
7 7658
7 7709
7 7717
7 7719
7 7720
7 7723
7 7724
7 7725
7 7726
7 7727
7 7728
7 7731
7 7732
7 7733
7 7734
7 7736
7 7737
7 7739
7 7741
7 7742
7 7743
7 7744
7 7745
7 7750
7 7751
7 7752
7 7753
7 7754
7 7755
7 7756
7 7757
7 7758
7 7759
7 7760
7 7761
7 7762
7 7763
7 7764
7 7765
7 7766
7 7767
7 7768
7 7769
7 7770
7 7771
7 7772
7 7773
7 7774
7 7775
7 7776
7 7777
7 7778
7 7779
7 7780
7 7781
7 7782
7 7785
7 7786
7 7787
7 7788
7 7789
7 7790
7 7791
7 7792
7 7793
7 7794
7 7795
7 7796
7 7797
7 7798
7 7799
7 7800
7 7801
7 7802
7 7803
7 7804
7 7805
7 7806
7 7807
7 7816
7 7817
7 7819
7 7820
7 7826
7 7827
7 7828
7 7844
7 7845
7 7846
7 7847
7 7848
7 7849
7 7850
7 7851
7 7856
7 7903
7 7913
7 7926
7 7927
7 7928
7 7929
7 7930
7 7931
7 7932
7 7933
7 7934
7 7935
7 7941
7 7942
7 7943
7 7944
7 7945
7 7946
7 7947
7 7948
7 7949
7 7950
7 7951
7 7952
7 7953
7 7954
7 7955
7 7956
7 7957
7 7958
7 7959
7 7960
7 7966
7 7967
7 7968
7 7969
7 7970
7 7971
7 7972
7 7973
7 7978
7 7979
7 7981
7 7982
7 7983
7 7988
7 7989
7 7990
7 7991
7 7995
7 8002
7 8003
7 8004
7 8009
7 8012
7 8013
7 8014
7 8015
7 8016
7 8017
7 8018
7 8019
7 8020
7 8021
7 8022
7 8023
7 8024
7 8025
7 8026
7 8027
7 8029
7 8032
7 8033
7 8034
7 8035
7 8036
7 8037
7 8038
7 8039
7 8044
7 8045
7 8046
7 8047
7 8048
7 8049
7 8050
7 8054
7 8068
7 8069
7 8071
7 8072
7 8074
7 8082
7 8084
7 8085
7 8086
7 8087
7 8089
7 8090
7 8094
7 8095
7 8096
7 8097
7 8098
7 8099
7 8100
7 8101
7 8102
7 8103
7 8104
7 8105
7 8106
7 8107
7 8108
7 8109
7 8110
7 8111
7 8112
7 8113
7 8125
7 8127
7 8129
7 8155
7 8157
7 8158
7 8161
7 8162
7 8170
7 8171
7 8172
7 8173
7 8174
7 8175
7 8179
7 8182
7 8195
7 8246
7 8251
7 8252
7 8253
7 8265
7 8549
8 14
8 21
8 30
8 31
8 32
8 33
8 34
8 35
8 36
8 37
8 38
8 39
8 41
8 42
8 43
8 44
8 45
8 46
8 47
8 48
8 49
8 50
8 51
8 52
8 53
8 54
8 55
8 56
8 57
8 58
8 59
8 60
8 61
8 62
8 63
8 64
8 65
8 66
8 67
8 68
8 69
8 70
8 73
8 75
8 76
8 77
8 78
8 79
8 80
8 90
8 91
8 92
8 95
8 98
8 99
8 100
8 102
8 108
8 109
8 110
8 111
8 112
8 113
8 117
8 118
8 119
8 121
8 122
8 125
8 129
8 131
8 132
8 133
8 134
8 135
8 136
8 137
8 138
8 139
8 140
8 141
8 142
8 143
8 144
8 145
8 146
8 147
8 148
8 149
8 150
8 151
8 152
8 155
8 156
8 158
8 159
8 160
8 161
8 164
8 165
8 166
8 167
8 169
8 170
8 173
8 177
8 182
8 183
8 190
8 191
8 192
8 193
8 194
8 199
8 200
8 201
8 202
8 203
8 204
8 205
8 206
8 207
8 208
8 209
8 210
8 211
8 212
8 213
8 214
8 215
8 216
8 217
8 218
8 219
8 220
8 221
8 222
8 223
8 224
8 225
8 226
8 227
8 228
8 231
8 235
8 236
8 237
8 238
8 239
8 240
8 241
8 242
8 243
8 244
8 245
8 247
8 250
8 251
8 253
8 256
8 257
8 261
8 262
8 263
8 265
8 266
8 267
8 268
8 269
8 270
8 271
8 272
8 274
8 275
8 276
8 277
8 278
8 279
8 280
8 281
8 282
8 283
8 284
8 285
8 286
8 290
8 292
8 293
8 294
8 295
8 296
8 297
8 298
8 299
8 300
8 301
8 305
8 306
8 307
8 308
8 309
8 310
8 312
8 313
8 314
8 315
8 318
8 319
8 320
8 325
8 326
8 327
8 328
8 329
8 331
8 332
8 333
8 334
8 335
8 336
8 337
8 338
8 346
8 347
8 348
8 349
8 350
8 351
8 352
8 353
8 354
8 355
8 356
8 357
8 358
8 359
8 360
8 361
8 362
8 363
8 366
8 367
8 368
8 369
8 370
8 371
8 372
8 373
8 374
8 375
8 376
8 377
8 378
8 379
8 382
8 383
8 384
8 386
8 387
8 388
8 389
8 390
8 391
8 392
8 393
8 394
8 395
8 396
8 397
8 398
8 399
8 402
8 403
8 406
8 407
8 412
8 415
8 416
8 417
8 418
8 423
8 424
8 438
8 439
8 440
8 441
8 442
8 443
8 444
8 445
8 457
8 459
8 463
8 469
8 470
8 471
8 472
8 473
8 474
8 475
8 476
8 477
8 478
8 479
8 480
8 481
8 482
8 483
8 484
8 485
8 486
8 487
8 488
8 489
8 490
8 491
8 492
8 493
8 494
8 495
8 496
8 497
8 499
8 500
8 501
8 502
8 503
8 504
8 505
8 506
8 507
8 508
8 509
8 510
8 511
8 513
8 514
8 515
8 516
8 517
8 518
8 519
8 520
8 521
8 522
8 523
8 524
8 525
8 526
8 527
8 528
8 529
8 530
8 531
8 532
8 533
8 534
8 535
8 536
8 537
8 538
8 539
8 540
8 541
8 542
8 543
8 544
8 545
8 546
8 547
8 548
8 549
8 550
8 551
8 552
8 553
8 554
8 555
8 556
8 557
8 558
8 560
8 561
8 562
8 563
8 564
8 565
8 566
8 567
8 568
8 569
8 570
8 571
8 572
8 573
8 574
8 575
8 576
8 577
8 578
8 583
8 586
8 587
8 590
8 592
8 593
8 598
8 599
8 600
8 601
8 602
8 603
8 604
8 605
8 606
8 607
8 608
8 609
8 610
8 611
8 612
8 613
8 614
8 615
8 616
8 617
8 618
8 619
8 630
8 631
8 633
8 634
8 635
8 636
8 637
8 638
8 639
8 640
8 641
8 642
8 643
8 644
8 645
8 646
8 647
8 650
8 651
8 652
8 653
8 654
8 655
8 656
8 657
8 658
8 659
8 660
8 661
8 662
8 672
8 673
8 674
8 675
8 676
8 677
8 678
8 679
8 680
8 681
8 683
8 701
8 703
8 704
8 705
8 706
8 707
8 709
8 710
8 713
8 716
8 717
8 718
8 719
8 721
8 735
8 741
8 744
8 751
8 761
8 767
8 768
8 769
8 770
8 771
8 772
8 779
8 780
8 781
8 782
8 783
8 784
8 785
8 786
8 787
8 788
8 789
8 790
8 791
8 792
8 793
8 794
8 795
8 796
8 797
8 798
8 799
8 800
8 801
8 802
8 803
8 804
8 805
8 806
8 807
8 808
8 809
8 810
8 811
8 812
8 813
8 814
8 815
8 816
8 817
8 818
8 819
8 820
8 821
8 822
8 823
8 824
8 825
8 826
8 827
8 828
8 829
8 830
8 831
8 832
8 833
8 834
8 835
8 836
8 837
8 838
8 840
8 841
8 842
8 843
8 844
8 845
8 846
8 847
8 848
8 849
8 850
8 852
8 853
8 854
8 855
8 856
8 857
8 858
8 859
8 860
8 861
8 862
8 863
8 864
8 865
8 866
8 867
8 868
8 869
8 870
8 871
8 872
8 873
8 874
8 875
8 876
8 877
8 878
8 879
8 880
8 881
8 882
8 883
8 884
8 885
8 888
8 891
8 892
8 893
8 894
8 895
8 896
8 897
8 898
8 899
8 900
8 901
8 902
8 903
8 904
8 905
8 906
8 907
8 908
8 909
8 910
8 911
8 912
8 913
8 914
8 915
8 916
8 917
8 918
8 919
8 920
8 921
8 922
8 923
8 924
8 927
8 928
8 929
8 930
8 931
8 932
8 934
8 935
8 937
8 938
8 939
8 940
8 941
8 942
8 943
8 944
8 946
8 947
8 948
8 949
8 950
8 951
8 952
8 953
8 954
8 955
8 956
8 957
8 958
8 959
8 960
8 961
8 962
8 963
8 964
8 965
8 967
8 970
8 973
8 974
8 975
8 976
8 977
8 978
8 979
8 980
8 981
8 982
8 983
8 984
8 988
8 989
8 990
8 992
8 993
8 994
8 995
8 996
8 999
8 1000
8 1002
8 1003
8 1006
8 1007
8 1008
8 1012
8 1013
8 1014
8 1018
8 1022
8 1023
8 1024
8 1025
8 1026
8 1027
8 1028
8 1029
8 1030
8 1031
8 1032
8 1033
8 1034
8 1036
8 1037
8 1039
8 1041
8 1042
8 1044
8 1045
8 1047
8 1048
8 1051
8 1053
8 1054
8 1056
8 1057
8 1058
8 1059
8 1060
8 1061
8 1062
8 1063
8 1064
8 1065
8 1067
8 1072
8 1076
8 1077
8 1081
8 1082
8 1083
8 1084
8 1085
8 1086
8 1087
8 1088
8 1089
8 1090
8 1093
8 1094
8 1095
8 1096
8 1097
8 1098
8 1100
8 1102
8 1103
8 1104
8 1106
8 1108
8 1111
8 1112
8 1113
8 1118
8 1119
8 1120
8 1128
8 1131
8 1132
8 1133
8 1134
8 1135
8 1136
8 1137
8 1138
8 1139
8 1140
8 1141
8 1142
8 1143
8 1144
8 1145
8 1146
8 1149
8 1150
8 1151
8 1152
8 1153
8 1154
8 1155
8 1156
8 1157
8 1158
8 1159
8 1168
8 1169
8 1170
8 1171
8 1172
8 1173
8 1174
8 1175
8 1176
8 1177
8 1178
8 1179
8 1180
8 1182
8 1183
8 1184
8 1185
8 1187
8 1188
8 1190
8 1191
8 1192
8 1194
8 1195
8 1196
8 1197
8 1198
8 1199
8 1201
8 1203
8 1205
8 1206
8 1207
8 1208
8 1209
8 1210
8 1211
8 1212
8 1213
8 1214
8 1215
8 1216
8 1217
8 1219
8 1221
8 1222
8 1224
8 1225
8 1226
8 1228
8 1229
8 1230
8 1231
8 1232
8 1233
8 1234
8 1235
8 1236
8 1237
8 1239
8 1242
8 1244
8 1245
8 1246
8 1247
8 1250
8 1251
8 1252
8 1253
8 1254
8 1255
8 1256
8 1257
8 1258
8 1259
8 1260
8 1262
8 1263
8 1264
8 1270
8 1271
8 1272
8 1273
8 1274
8 1275
8 1276
8 1277
8 1278
8 1279
8 1280
8 1281
8 1282
8 1284
8 1285
8 1286
8 1287
8 1288
8 1289
8 1292
8 1293
8 1294
8 1295
8 1296
8 1297
8 1298
8 1300
8 1301
8 1302
8 1303
8 1307
8 1310
8 1311
8 1313
8 1315
8 1316
8 1317
8 1318
8 1319
8 1322
8 1323
8 1324
8 1325
8 1326
8 1328
8 1330
8 1332
8 1333
8 1334
8 1335
8 1336
8 1337
8 1338
8 1339
8 1340
8 1341
8 1342
8 1343
8 1344
8 1345
8 1346
8 1347
8 1348
8 1349
8 1350
8 1351
8 1352
8 1354
8 1356
8 1357
8 1358
8 1360
8 1361
8 1362
8 1364
8 1367
8 1368
8 1369
8 1370
8 1371
8 1373
8 1374
8 1375
8 1376
8 1377
8 1378
8 1380
8 1383
8 1384
8 1386
8 1387
8 1388
8 1390
8 1397
8 1398
8 1399
8 1400
8 1401
8 1402
8 1404
8 1405
8 1406
8 1409
8 1411
8 1412
8 1413
8 1415
8 1417
8 1418
8 1419
8 1420
8 1421
8 1422
8 1423
8 1424
8 1425
8 1426
8 1427
8 1428
8 1429
8 1430
8 1431
8 1432
8 1433
8 1434
8 1435
8 1436
8 1437
8 1438
8 1440
8 1441
8 1444
8 1445
8 1446
8 1449
8 1453
8 1455
8 1456
8 1457
8 1458
8 1459
8 1460
8 1461
8 1462
8 1463
8 1465
8 1466
8 1467
8 1468
8 1469
8 1471
8 1472
8 1473
8 1474
8 1476
8 1477
8 1478
8 1484
8 1486
8 1487
8 1488
8 1490
8 1491
8 1492
8 1493
8 1494
8 1495
8 1497
8 1500
8 1502
8 1503
8 1504
8 1505
8 1506
8 1507
8 1508
8 1509
8 1510
8 1511
8 1512
8 1513
8 1514
8 1515
8 1516
8 1517
8 1518
8 1519
8 1520
8 1521
8 1522
8 1523
8 1524
8 1525
8 1528
8 1529
8 1530
8 1531
8 1532
8 1533
8 1534
8 1535
8 1536
8 1537
8 1538
8 1539
8 1540
8 1541
8 1542
8 1543
8 1544
8 1545
8 1546
8 1547
8 1548
8 1549
8 1550
8 1551
8 1552
8 1553
8 1554
8 1555
8 1556
8 1557
8 1558
8 1559
8 1560
8 1561
8 1562
8 1563
8 1564
8 1565
8 1566
8 1567
8 1568
8 1569
8 1570
8 1571
8 1572
8 1573
8 1574
8 1575
8 1576
8 1577
8 1578
8 1579
8 1580
8 1581
8 1582
8 1583
8 1584
8 1585
8 1586
8 1587
8 1588
8 1589
8 1590
8 1591
8 1592
8 1593
8 1594
8 1595
8 1597
8 1599
8 1600
8 1601
8 1602
8 1603
8 1604
8 1605
8 1606
8 1607
8 1608
8 1609
8 1610
8 1611
8 1612
8 1613
8 1614
8 1615
8 1616
8 1617
8 1618
8 1619
8 1620
8 1621
8 1622
8 1623
8 1624
8 1625
8 1626
8 1627
8 1628
8 1629
8 1630
8 1631
8 1633
8 1634
8 1635
8 1636
8 1637
8 1638
8 1639
8 1640
8 1641
8 1642
8 1643
8 1644
8 1645
8 1646
8 1647
8 1648
8 1649
8 1650
8 1651
8 1652
8 1653
8 1654
8 1655
8 1656
8 1657
8 1658
8 1659
8 1660
8 1661
8 1662
8 1663
8 1664
8 1665
8 1666
8 1667
8 1668
8 1669
8 1670
8 1671
8 1672
8 1673
8 1674
8 1675
8 1676
8 1677
8 1678
8 1679
8 1680
8 1681
8 1682
8 1683
8 1684
8 1685
8 1686
8 1687
8 1688
8 1689
8 1690
8 1691
8 1692
8 1693
8 1694
8 1695
8 1696
8 1697
8 1698
8 1699
8 1700
8 1701
8 1702
8 1703
8 1704
8 1705
8 1706
8 1707
8 1708
8 1709
8 1710
8 1711
8 1712
8 1713
8 1715
8 1716
8 1717
8 1718
8 1719
8 1720
8 1721
8 1722
8 1723
8 1724
8 1725
8 1727
8 1728
8 1729
8 1730
8 1731
8 1732
8 1733
8 1734
8 1735
8 1736
8 1737
8 1738
8 1739
8 1740
8 1741
8 1742
8 1743
8 1744
8 1745
8 1746
8 1747
8 1748
8 1749
8 1750
8 1751
8 1752
8 1753
8 1754
8 1755
8 1756
8 1757
8 1758
8 1759
8 1760
8 1761
8 1762
8 1763
8 1764
8 1765
8 1766
8 1767
8 1768
8 1769
8 1770
8 1771
8 1772
8 1773
8 1774
8 1775
8 1776
8 1777
8 1778
8 1779
8 1780
8 1781
8 1782
8 1783
8 1784
8 1785
8 1786
8 1787
8 1788
8 1789
8 1790
8 1791
8 1792
8 1793
8 1794
8 1795
8 1796
8 1797
8 1798
8 1799
8 1800
8 1801
8 1802
8 1803
8 1804
8 1805
8 1806
8 1807
8 1808
8 1809
8 1810
8 1811
8 1812
8 1813
8 1814
8 1815
8 1816
8 1817
8 1818
8 1819
8 1820
8 1822
8 1823
8 1824
8 1825
8 1826
8 1827
8 1828
8 1829
8 1830
8 1831
8 1832
8 1833
8 1834
8 1835
8 1836
8 1837
8 1838
8 1839
8 1840
8 1841
8 1842
8 1843
8 1844
8 1845
8 1846
8 1847
8 1849
8 1850
8 1851
8 1852
8 1853
8 1854
8 1855
8 1856
8 1857
8 1858
8 1859
8 1860
8 1861
8 1862
8 1863
8 1864
8 1865
8 1866
8 1867
8 1868
8 1869
8 1870
8 1871
8 1872
8 1873
8 1874
8 1875
8 1876
8 1877
8 1878
8 1879
8 1880
8 1881
8 1882
8 1883
8 1884
8 1885
8 1886
8 1887
8 1888
8 1889
8 1890
8 1891
8 1892
8 1893
8 1894
8 1895
8 1896
8 1897
8 1898
8 1899
8 1900
8 1901
8 1902
8 1903
8 1904
8 1905
8 1906
8 1907
8 1908
8 1909
8 1910
8 1911
8 1912
8 1913
8 1914
8 1915
8 1916
8 1917
8 1918
8 1919
8 1920
8 1921
8 1922
8 1923
8 1924
8 1925
8 1926
8 1927
8 1928
8 1929
8 1930
8 1931
8 1932
8 1933
8 1934
8 1935
8 1936
8 1937
8 1938
8 1939
8 1940
8 1941
8 1942
8 1943
8 1944
8 1945
8 1946
8 1947
8 1948
8 1949
8 1950
8 1951
8 1952
8 1953
8 1954
8 1955
8 1956
8 1957
8 1958
8 1959
8 1960
8 1961
8 1962
8 1963
8 1964
8 1965
8 1966
8 1967
8 1968
8 1969
8 1970
8 1971
8 1972
8 1973
8 1974
8 1975
8 1976
8 1977
8 1978
8 1979
8 1980
8 1981
8 1982
8 1983
8 1984
8 1985
8 1986
8 1987
8 1988
8 1989
8 1990
8 1991
8 1992
8 1993
8 1994
8 1995
8 1996
8 1997
8 1998
8 1999
8 2000
8 2001
8 2002
8 2003
8 2004
8 2005
8 2006
8 2007
8 2008
8 2009
8 2010
8 2011
8 2012
8 2013
8 2014
8 2015
8 2016
8 2017
8 2018
8 2019
8 2020
8 2021
8 2022
8 2023
8 2024
8 2025
8 2026
8 2027
8 2028
8 2029
8 2030
8 2031
8 2032
8 2033
8 2034
8 2035
8 2036
8 2037
8 2038
8 2039
8 2040
8 2041
8 2042
8 2043
8 2044
8 2045
8 2046
8 2047
8 2048
8 2049
8 2050
8 2051
8 2052
8 2053
8 2054
8 2055
8 2056
8 2057
8 2058
8 2059
8 2060
8 2061
8 2062
8 2063
8 2064
8 2065
8 2066
8 2067
8 2068
8 2069
8 2070
8 2071
8 2072
8 2073
8 2074
8 2075
8 2076
8 2077
8 2078
8 2079
8 2080
8 2081
8 2082
8 2083
8 2084
8 2085
8 2086
8 2087
8 2088
8 2089
8 2090
8 2091
8 2092
8 2093
8 2094
8 2095
8 2096
8 2097
8 2098
8 2099
8 2100
8 2101
8 2102
8 2103
8 2104
8 2105
8 2106
8 2107
8 2108
8 2109
8 2110
8 2111
8 2112
8 2113
8 2114
8 2115
8 2116
8 2117
8 2118
8 2119
8 2120
8 2121
8 2122
8 2123
8 2124
8 2125
8 2126
8 2127
8 2128
8 2129
8 2130
8 2131
8 2132
8 2133
8 2134
8 2135
8 2136
8 2137
8 2138
8 2139
8 2140
8 2141
8 2142
8 2143
8 2144
8 2145
8 2146
8 2147
8 2148
8 2149
8 2150
8 2151
8 2152
8 2153
8 2154
8 2155
8 2156
8 2157
8 2158
8 2159
8 2160
8 2161
8 2162
8 2163
8 2164
8 2165
8 2166
8 2167
8 2168
8 2169
8 2170
8 2171
8 2172
8 2173
8 2174
8 2175
8 2176
8 2177
8 2178
8 2179
8 2180
8 2181
8 2182
8 2183
8 2184
8 2185
8 2186
8 2187
8 2188
8 2189
8 2190
8 2191
8 2192
8 2193
8 2194
8 2195
8 2196
8 2197
8 2198
8 2199
8 2200
8 2201
8 2202
8 2203
8 2204
8 2205
8 2206
8 2207
8 2208
8 2209
8 2210
8 2211
8 2212
8 2213
8 2214
8 2215
8 2217
8 2218
8 2219
8 2220
8 2221
8 2222
8 2223
8 2224
8 2225
8 2226
8 2229
8 2230
8 2231
8 2232
8 2233
8 2234
8 2235
8 2237
8 2238
8 2239
8 2251
8 2252
8 2253
8 2254
8 2255
8 2256
8 2257
8 2258
8 2259
8 2260
8 2261
8 2262
8 2263
8 2264
8 2265
8 2266
8 2267
8 2268
8 2269
8 2270
8 2271
8 2272
8 2273
8 2274
8 2275
8 2276
8 2277
8 2278
8 2279
8 2280
8 2282
8 2283
8 2284
8 2285
8 2286
8 2287
8 2288
8 2289
8 2290
8 2291
8 2292
8 2293
8 2294
8 2295
8 2296
8 2297
8 2298
8 2299
8 2300
8 2301
8 2302
8 2303
8 2304
8 2305
8 2306
8 2307
8 2308
8 2309
8 2310
8 2311
8 2312
8 2313
8 2314
8 2315
8 2316
8 2317
8 2318
8 2319
8 2320
8 2321
8 2322
8 2323
8 2324
8 2325
8 2326
8 2327
8 2328
8 2329
8 2330
8 2331
8 2332
8 2333
8 2334
8 2335
8 2336
8 2337
8 2338
8 2339
8 2340
8 2341
8 2342
8 2345
8 2346
8 2347
8 2348
8 2349
8 2350
8 2352
8 2353
8 2354
8 2355
8 2356
8 2357
8 2358
8 2360
8 2361
8 2362
8 2363
8 2364
8 2365
8 2366
8 2367
8 2368
8 2369
8 2372
8 2373
8 2374
8 2375
8 2376
8 2377
8 2378
8 2379
8 2380
8 2381
8 2382
8 2383
8 2384
8 2385
8 2386
8 2387
8 2388
8 2389
8 2390
8 2391
8 2392
8 2393
8 2394
8 2395
8 2396
8 2397
8 2398
8 2399
8 2400
8 2401
8 2402
8 2403
8 2404
8 2405
8 2406
8 2407
8 2408
8 2409
8 2410
8 2411
8 2412
8 2413
8 2414
8 2415
8 2416
8 2417
8 2418
8 2419
8 2420
8 2421
8 2423
8 2424
8 2425
8 2426
8 2427
8 2429
8 2430
8 2431
8 2432
8 2433
8 2434
8 2435
8 2437
8 2438
8 2439
8 2440
8 2441
8 2442
8 2443
8 2444
8 2445
8 2446
8 2447
8 2448
8 2449
8 2450
8 2451
8 2452
8 2453
8 2454
8 2455
8 2456
8 2457
8 2458
8 2459
8 2460
8 2461
8 2462
8 2463
8 2464
8 2465
8 2466
8 2467
8 2468
8 2469
8 2470
8 2471
8 2472
8 2473
8 2474
8 2475
8 2476
8 2477
8 2478
8 2479
8 2480
8 2481
8 2482
8 2483
8 2484
8 2485
8 2486
8 2487
8 2488
8 2489
8 2490
8 2491
8 2492
8 2493
8 2494
8 2495
8 2496
8 2497
8 2498
8 2499
8 2500
8 2501
8 2502
8 2503
8 2504
8 2505
8 2506
8 2507
8 2508
8 2509
8 2510
8 2511
8 2512
8 2513
8 2514
8 2515
8 2517
8 2518
8 2519
8 2520
8 2521
8 2522
8 2523
8 2527
8 2528
8 2529
8 2530
8 2531
8 2532
8 2533
8 2534
8 2535
8 2536
8 2537
8 2538
8 2539
8 2540
8 2541
8 2542
8 2543
8 2544
8 2545
8 2546
8 2547
8 2548
8 2549
8 2550
8 2551
8 2552
8 2553
8 2554
8 2555
8 2556
8 2557
8 2559
8 2560
8 2561
8 2562
8 2563
8 2564
8 2566
8 2567
8 2568
8 2569
8 2573
8 2578
8 2579
8 2582
8 2583
8 2584
8 2585
8 2586
8 2587
8 2588
8 2589
8 2590
8 2591
8 2592
8 2593
8 2594
8 2595
8 2596
8 2597
8 2598
8 2599
8 2600
8 2601
8 2602
8 2603
8 2604
8 2605
8 2606
8 2607
8 2608
8 2609
8 2610
8 2611
8 2612
8 2613
8 2614
8 2615
8 2616
8 2617
8 2618
8 2619
8 2620
8 2621
8 2622
8 2623
8 2624
8 2625
8 2626
8 2627
8 2628
8 2629
8 2630
8 2631
8 2632
8 2633
8 2634
8 2637
8 2638
8 2639
8 2640
8 2641
8 2642
8 2643
8 2644
8 2645
8 2646
8 2648
8 2649
8 2650
8 2651
8 2652
8 2653
8 2654
8 2655
8 2656
8 2657
8 2658
8 2659
8 2660
8 2661
8 2662
8 2663
8 2664
8 2666
8 2667
8 2668
8 2669
8 2670
8 2671
8 2672
8 2673
8 2674
8 2675
8 2676
8 2677
8 2678
8 2679
8 2680
8 2681
8 2682
8 2683
8 2684
8 2685
8 2686
8 2687
8 2688
8 2689
8 2690
8 2691
8 2692
8 2693
8 2694
8 2695
8 2696
8 2697
8 2698
8 2700
8 2701
8 2702
8 2703
8 2704
8 2705
8 2706
8 2707
8 2708
8 2709
8 2710
8 2711
8 2712
8 2713
8 2714
8 2715
8 2716
8 2717
8 2718
8 2719
8 2720
8 2721
8 2722
8 2723
8 2724
8 2727
8 2728
8 2729
8 2730
8 2731
8 2732
8 2733
8 2734
8 2735
8 2736
8 2737
8 2738
8 2739
8 2740
8 2741
8 2742
8 2743
8 2744
8 2745
8 2746
8 2747
8 2748
8 2749
8 2750
8 2751
8 2752
8 2756
8 2757
8 2762
8 2763
8 2764
8 2765
8 2766
8 2767
8 2768
8 2769
8 2770
8 2771
8 2772
8 2773
8 2774
8 2775
8 2776
8 2777
8 2778
8 2779
8 2780
8 2781
8 2782
8 2783
8 2784
8 2785
8 2786
8 2787
8 2788
8 2789
8 2791
8 2792
8 2793
8 2795
8 2796
8 2799
8 2800
8 2801
8 2802
8 2803
8 2804
8 2805
8 2806
8 2807
8 2808
8 2809
8 2813
8 2814
8 2815
8 2816
8 2817
8 2818
8 2819
8 2820
8 2821
8 2822
8 2823
8 2824
8 2826
8 2827
8 2828
8 2829
8 2830
8 2831
8 2834
8 2835
8 2836
8 2837
8 2838
8 2841
8 2842
8 2843
8 2844
8 2845
8 2846
8 2847
8 2848
8 2849
8 2850
8 2851
8 2852
8 2853
8 2854
8 2856
8 2859
8 2860
8 2861
8 2862
8 2863
8 2864
8 2865
8 2866
8 2867
8 2868
8 2869
8 2870
8 2871
8 2872
8 2873
8 2874
8 2875
8 2876
8 2877
8 2878
8 2879
8 2882
8 2883
8 2884
8 2910
8 2911
8 2912
8 2913
8 2914
8 2915
8 2916
8 2917
8 2918
8 2919
8 2920
8 2921
8 2922
8 2923
8 2924
8 2925
8 2926
8 2927
8 2928
8 2929
8 2930
8 2931
8 2932
8 2933
8 2934
8 2935
8 2936
8 2937
8 2938
8 2940
8 2941
8 2953
8 2954
8 2955
8 2956
8 2957
8 2958
8 2959
8 2960
8 2961
8 2962
8 2963
8 2964
8 2965
8 2966
8 2967
8 2968
8 2969
8 2970
8 2971
8 2972
8 2973
8 2982
8 2983
8 2984
8 2985
8 2986
8 2987
8 2988
8 2989
8 2990
8 2991
8 2992
8 2993
8 2994
8 2995
8 2996
8 2997
8 2998
8 2999
8 3000
8 3001
8 3002
8 3003
8 3004
8 3005
8 3006
8 3007
8 3008
8 3009
8 3010
8 3011
8 3026
8 3049
8 3050
8 3051
8 3052
8 3053
8 3054
8 3055
8 3056
8 3057
8 3058
8 3059
8 3060
8 3061
8 3062
8 3063
8 3064
8 3065
8 3066
8 3067
8 3068
8 3069
8 3070
8 3071
8 3072
8 3073
8 3074
8 3075
8 3076
8 3077
8 3078
8 3079
8 3080
8 3081
8 3082
8 3083
8 3084
8 3085
8 3086
8 3087
8 3088
8 3089
8 3090
8 3091
8 3092
8 3093
8 3094
8 3095
8 3096
8 3105
8 3108
8 3110
8 3112
8 3113
8 3114
8 3115
8 3116
8 3117
8 3118
8 3119
8 3124
8 3125
8 3126
8 3127
8 3128
8 3129
8 3130
8 3131
8 3132
8 3133
8 3134
8 3135
8 3136
8 3137
8 3143
8 3144
8 3157
8 3158
8 3159
8 3160
8 3161
8 3162
8 3163
8 3164
8 3165
8 3166
8 3167
8 3168
8 3169
8 3170
8 3171
8 3172
8 3173
8 3199
8 3200
8 3203
8 3205
8 3206
8 3207
8 3222
8 3223
8 3224
8 3225
8 3226
8 3227
8 3228
8 3229
8 3230
8 3231
8 3232
8 3234
8 3235
8 3236
8 3237
8 3238
8 3239
8 3240
8 3241
8 3243
8 3247
8 3250
8 3251
8 3252
8 3254
8 3255
8 3256
8 3257
8 3258
8 3259
8 3260
8 3261
8 3262
8 3263
8 3267
8 3268
8 3269
8 3271
8 3272
8 3273
8 3274
8 3275
8 3276
8 3277
8 3278
8 3279
8 3280
8 3281
8 3282
8 3287
8 3288
8 3291
8 3292
8 3293
8 3294
8 3298
8 3299
8 3302
8 3303
8 3304
8 3305
8 3306
8 3307
8 3308
8 3309
8 3310
8 3312
8 3314
8 3315
8 3316
8 3318
8 3321
8 3322
8 3326
8 3327
8 3329
8 3330
8 3331
8 3332
8 3333
8 3334
8 3335
8 3339
8 3340
8 3341
8 3342
8 3343
8 3344
8 3346
8 3347
8 3348
8 3349
8 3350
8 3352
8 3354
8 3356
8 3358
8 3359
8 3360
8 3361
8 3363
8 3364
8 3365
8 3366
8 3367
8 3368
8 3369
8 3371
8 3374
8 3375
8 3376
8 3377
8 3381
8 3382
8 3383
8 3386
8 3387
8 3388
8 3389
8 3390
8 3391
8 3392
8 3393
8 3394
8 3395
8 3396
8 3397
8 3398
8 3399
8 3400
8 3401
8 3402
8 3403
8 3404
8 3405
8 3408
8 3500
8 3501
8 3502
8 3503
8 3504
8 3505
8 3506
8 3507
8 3508
8 3509
8 3510
8 3511
8 3512
8 3513
8 3514
8 3515
8 3516
8 3517
8 3518
8 3519
8 3520
8 3521
8 3522
8 3523
8 3524
8 3525
8 3526
8 3527
8 3528
8 3529
8 3530
8 3531
8 3532
8 3533
8 3534
8 3535
8 3536
8 3537
8 3538
8 3539
8 3540
8 3541
8 3542
8 3543
8 3544
8 3545
8 3546
8 3547
8 3548
8 3549
8 3550
8 3551
8 3552
8 3553
8 3554
8 3555
8 3556
8 3557
8 3558
8 3559
8 3561
8 3562
8 3563
8 3564
8 3565
8 3566
8 3567
8 3568
8 3569
8 3570
8 3571
8 3572
8 3573
8 3574
8 3575
8 3576
8 3577
8 3578
8 3579
8 3580
8 3581
8 3582
8 3583
8 3584
8 3585
8 3586
8 3587
8 3588
8 3589
8 3590
8 3591
8 3592
8 3593
8 3594
8 3595
8 3596
8 3597
8 3598
8 3599
8 3600
8 3601
8 3602
8 3603
8 3604
8 3605
8 3606
8 3607
8 3608
8 3609
8 3610
8 3611
8 3612
8 3613
8 3614
8 3615
8 3616
8 3617
8 3618
8 3619
8 3620
8 3621
8 3622
8 3623
8 3624
8 3625
8 3626
8 3627
8 3628
8 3629
8 3630
8 3631
8 3632
8 3633
8 3634
8 3635
8 3636
8 3637
8 3638
8 3639
8 3640
8 3641
8 3642
8 3643
8 3644
8 3645
8 3646
8 3647
8 3648
8 3649
8 3650
8 3651
8 3652
8 3653
8 3654
8 3655
8 3656
8 3657
8 3658
8 3659
8 3660
8 3661
8 3662
8 3663
8 3664
8 3665
8 3666
8 3667
8 3668
8 3669
8 3670
8 3672
8 3673
8 3674
8 3675
8 3676
8 3677
8 3678
8 3679
8 3680
8 3681
8 3682
8 3683
8 3684
8 3697
8 3698
8 3699
8 3700
8 3701
8 3702
8 3703
8 3704
8 3705
8 3718
8 3719
8 3720
8 3721
8 3722
8 3723
8 3724
8 3733
8 3750
8 3751
8 3752
8 3753
8 3754
8 3755
8 3756
8 3757
8 3758
8 3759
8 3760
8 3761
8 3762
8 3763
8 3764
8 3765
8 3777
8 3778
8 3779
8 3780
8 3781
8 3782
8 3783
8 3784
8 3785
8 3804
8 3805
8 3806
8 3807
8 3808
8 3809
8 3810
8 3811
8 3813
8 3814
8 3824
8 3825
8 3826
8 3827
8 3828
8 3829
8 3831
8 3832
8 3833
8 3834
8 3835
8 3838
8 3839
8 3840
8 3841
8 3842
8 3843
8 3844
8 3845
8 3846
8 3847
8 3848
8 3849
8 3850
8 3851
8 3852
8 3853
8 3854
8 3856
8 3857
8 3858
8 3859
8 3860
8 3861
8 3862
8 3863
8 3864
8 3865
8 3866
8 3867
8 3868
8 3869
8 3870
8 3871
8 3872
8 3873
8 3874
8 3875
8 3876
8 3877
8 3878
8 3879
8 3880
8 3881
8 3882
8 3883
8 3884
8 3885
8 3886
8 3887
8 3888
8 3889
8 3890
8 3891
8 3892
8 3893
8 3894
8 3895
8 3896
8 3897
8 3898
8 3899
8 3900
8 3901
8 3902
8 3903
8 3904
8 3905
8 3906
8 3907
8 3908
8 3909
8 3910
8 3911
8 3912
8 3913
8 3914
8 3915
8 3916
8 3917
8 3918
8 3919
8 3920
8 3921
8 3922
8 3923
8 3924
8 3925
8 3926
8 3927
8 3928
8 3929
8 3930
8 3931
8 3932
8 3933
8 3934
8 3935
8 3936
8 3937
8 3938
8 3939
8 3940
8 3941
8 3942
8 3943
8 3944
8 3945
8 3946
8 3947
8 3948
8 3949
8 3950
8 3951
8 3952
8 3953
8 3954
8 3955
8 3956
8 3957
8 3958
8 3959
8 3960
8 3961
8 3962
8 3963
8 3964
8 3965
8 3966
8 3967
8 3968
8 3969
8 3970
8 3971
8 3972
8 3973
8 3974
8 3975
8 3976
8 3977
8 3979
8 3983
8 3984
8 3985
8 3986
8 3987
8 3988
8 3989
8 3990
8 3991
8 3992
8 3993
8 3994
8 3995
8 3996
8 3997
8 3998
8 3999
8 4000
8 4001
8 4002
8 4003
8 4004
8 4005
8 4006
8 4007
8 4008
8 4009
8 4010
8 4011
8 4012
8 4013
8 4014
8 4015
8 4016
8 4017
8 4018
8 4019
8 4020
8 4021
8 4022
8 4023
8 4024
8 4025
8 4026
8 4027
8 4028
8 4030
8 4033
8 4035
8 4036
8 4037
8 4038
8 4039
8 4040
8 4041
8 4042
8 4043
8 4044
8 4045
8 4046
8 4047
8 4048
8 4049
8 4050
8 4051
8 4052
8 4053
8 4054
8 4055
8 4056
8 4057
8 4058
8 4059
8 4060
8 4061
8 4062
8 4063
8 4065
8 4067
8 4068
8 4070
8 4071
8 4072
8 4073
8 4074
8 4075
8 4076
8 4077
8 4078
8 4079
8 4080
8 4081
8 4082
8 4083
8 4084
8 4085
8 4086
8 4087
8 4088
8 4089
8 4090
8 4091
8 4092
8 4093
8 4094
8 4095
8 4096
8 4097
8 4098
8 4099
8 4104
8 4106
8 4107
8 4108
8 4109
8 4110
8 4111
8 4112
8 4113
8 4116
8 4117
8 4118
8 4119
8 4120
8 4121
8 4122
8 4123
8 4124
8 4125
8 4126
8 4127
8 4128
8 4129
8 4130
8 4131
8 4132
8 4133
8 4134
8 4135
8 4136
8 4137
8 4138
8 4139
8 4140
8 4141
8 4142
8 4143
8 4145
8 4146
8 4147
8 4148
8 4149
8 4150
8 4151
8 4152
8 4153
8 4154
8 4155
8 4156
8 4157
8 4158
8 4159
8 4160
8 4161
8 4162
8 4163
8 4164
8 4165
8 4166
8 4167
8 4168
8 4169
8 4170
8 4171
8 4172
8 4173
8 4174
8 4175
8 4176
8 4177
8 4178
8 4179
8 4180
8 4181
8 4182
8 4183
8 4184
8 4185
8 4186
8 4187
8 4188
8 4189
8 4190
8 4191
8 4192
8 4193
8 4194
8 4195
8 4196
8 4197
8 4198
8 4199
8 4200
8 4201
8 4202
8 4203
8 4204
8 4205
8 4206
8 4207
8 4208
8 4209
8 4210
8 4211
8 4212
8 4213
8 4214
8 4215
8 4216
8 4217
8 4218
8 4219
8 4220
8 4221
8 4222
8 4223
8 4224
8 4225
8 4226
8 4227
8 4228
8 4229
8 4230
8 4231
8 4232
8 4233
8 4234
8 4235
8 4236
8 4237
8 4238
8 4239
8 4240
8 4241
8 4242
8 4243
8 4244
8 4245
8 4246
8 4247
8 4248
8 4249
8 4250
8 4251
8 4252
8 4253
8 4254
8 4255
8 4256
8 4257
8 4258
8 4259
8 4260
8 4261
8 4262
8 4263
8 4264
8 4265
8 4266
8 4267
8 4268
8 4269
8 4270
8 4271
8 4272
8 4273
8 4274
8 4275
8 4276
8 4277
8 4278
8 4279
8 4280
8 4281
8 4282
8 4283
8 4284
8 4285
8 4286
8 4287
8 4288
8 4289
8 4290
8 4291
8 4292
8 4293
8 4294
8 4295
8 4296
8 4297
8 4298
8 4299
8 4300
8 4301
8 4302
8 4303
8 4304
8 4305
8 4306
8 4307
8 4308
8 4309
8 4310
8 4311
8 4312
8 4313
8 4314
8 4315
8 4316
8 4317
8 4318
8 4319
8 4320
8 4321
8 4322
8 4323
8 4324
8 4325
8 4326
8 4327
8 4328
8 4329
8 4330
8 4331
8 4332
8 4333
8 4334
8 4335
8 4336
8 4337
8 4338
8 4339
8 4340
8 4341
8 4342
8 4343
8 4344
8 4345
8 4348
8 4349
8 4350
8 4351
8 4352
8 4353
8 4354
8 4355
8 4356
8 4357
8 4358
8 4359
8 4360
8 4361
8 4362
8 4363
8 4364
8 4365
8 4366
8 4367
8 4368
8 4369
8 4370
8 4371
8 4372
8 4373
8 4374
8 4375
8 4376
8 4377
8 4378
8 4417
8 4418
8 4419
8 4420
8 4421
8 4422
8 4423
8 4424
8 4425
8 4426
8 4427
8 4428
8 4449
8 4450
8 4451
8 4454
8 4455
8 4457
8 4458
8 4462
8 4463
8 4464
8 4465
8 4466
8 4468
8 4472
8 4473
8 4474
8 4475
8 4476
8 4477
8 4478
8 4479
8 4480
8 4481
8 4482
8 4483
8 4484
8 4487
8 4488
8 4489
8 4490
8 4491
8 4492
8 4493
8 4494
8 4495
8 4496
8 4497
8 4498
8 4499
8 4500
8 4501
8 4502
8 4503
8 4504
8 4505
8 4506
8 4507
8 4508
8 4509
8 4510
8 4511
8 4512
8 4513
8 4514
8 4515
8 4516
8 4517
8 4518
8 4519
8 4520
8 4521
8 4522
8 4523
8 4524
8 4525
8 4526
8 4527
8 4528
8 4529
8 4530
8 4531
8 4532
8 4533
8 4534
8 4535
8 4536
8 4537
8 4538
8 4539
8 4540
8 4541
8 4542
8 4543
8 4546
8 4547
8 4549
8 4631
8 4632
8 4633
8 4634
8 4635
8 4636
8 4637
8 4638
8 4639
8 4640
8 4641
8 4642
8 4643
8 4644
8 4645
8 4646
8 4647
8 4648
8 4649
8 4650
8 4651
8 4652
8 4653
8 4654
8 4655
8 4656
8 4660
8 4661
8 4663
8 4664
8 4665
8 4666
8 4667
8 4669
8 4670
8 4673
8 4674
8 4675
8 4677
8 4679
8 4683
8 4684
8 4685
8 5017
9 21
9 37
9 53
9 68
9 69
9 78
9 82
9 84
9 88
9 118
9 158
9 165
9 169
9 173
9 177
9 189
9 198
9 227
9 237
9 241
9 249
9 263
9 303
9 307
9 344
9 455
9 653
9 681
9 744
9 754
9 755
9 1052
9 1056
9 1082
9 1097
9 1098
9 1125
9 1137
9 1185
9 1311
9 1319
9 1417
9 1425
9 1486
9 1696
9 1698
9 2199
9 2808
9 2885
9 2964
9 3009
9 3060
9 3116
9 3121
9 3259
9 3266
9 3269
9 3270
9 3289
9 3294
9 3299
9 3351
9 3353
9 3357
9 3360
9 3407
9 3511
9 3513
9 3550
9 3622
9 3737
9 3738
9 3739
9 3855
9 3874
9 3909
9 3999
9 4043
9 4319
9 4417
9 4442
9 4443
9 4444
9 4445
9 4467
9 4779
9 4791
9 4896
9 4915
9 4920
9 4921
9 4924
9 4949
9 4954
9 4959
9 4971
9 4977
9 4986
9 4996
9 4997
9 5002
9 5008
9 5011
9 5013
9 5017
9 5020
9 5021
9 5022
9 5024
9 5026
9 5029
9 5037
9 5056
9 5059
9 5060
9 5095
9 5100
9 5101
9 5121
9 5125
9 5130
9 5133
9 5145
9 5146
9 5168
9 5171
9 5172
9 5173
9 5174
9 5176
9 5188
9 5235
9 5279
9 5280
9 5296
9 5318
9 5337
9 5345
9 5358
9 5362
9 5373
9 5376
9 5380
9 5389
9 5390
9 5428
9 5446
9 5471
9 5476
9 5492
9 5497
9 5500
9 5502
9 5503
9 5512
9 5516
9 5537
9 5539
9 5541
9 5548
9 5553
9 5555
9 5557
9 5561
9 5563
9 5569
9 5570
9 5575
9 5593
9 5600
9 5602
9 5615
9 5616
9 5620
9 5621
9 5622
9 5624
9 5647
9 5657
9 5667
9 5671
9 5678
9 5680
9 5681
9 5682
9 5683
9 5685
9 5702
9 5719
9 5725
9 5726
9 5730
9 5744
9 5750
9 5752
9 5755
9 5756
9 5757
9 5758
9 5759
9 5763
9 5764
9 5765
9 5766
9 5768
9 5769
9 5770
9 5771
9 5772
9 5773
9 5774
9 5775
9 5776
9 5777
9 5778
9 5779
9 5782
9 5783
9 5784
9 5790
9 5791
9 5793
9 5796
9 5797
9 5799
9 5800
9 5801
9 5803
9 5804
9 5805
9 5807
9 5819
9 5820
9 5821
9 5822
9 5827
9 5828
9 5829
9 5830
9 5831
9 5832
9 5833
9 5834
9 5835
9 5836
9 5837
9 5838
9 5839
9 5841
9 5842
9 5844
9 5845
9 5846
9 5847
9 5849
9 5850
9 5851
9 5852
9 5853
9 5854
9 5855
9 5856
9 5857
9 5858
9 5859
9 5860
9 5861
9 5862
9 5863
9 5864
9 5865
9 5866
9 5867
9 5868
9 5869
9 5870
9 5881
9 5882
9 5883
9 5891
9 5892
9 5894
9 5895
9 5896
9 5897
9 5898
9 5899
9 5900
9 5901
9 5902
9 5903
9 5904
9 5905
9 5906
9 5909
9 5910
9 5911
9 5912
9 5913
9 5914
9 5915
9 5916
9 5917
9 5918
9 5919
9 5920
9 5921
9 5922
9 5923
9 5925
9 5926
9 5928
9 5930
9 5932
9 5933
9 5934
9 5935
9 5936
9 5937
9 5938
9 5939
9 5942
9 5943
9 5944
9 5945
9 5946
9 5947
9 5948
9 5949
9 5950
9 5951
9 5952
9 5953
9 5954
9 5955
9 5956
9 5957
9 5958
9 5959
9 5960
9 5961
9 5963
9 5964
9 5965
9 5967
9 5969
9 5982
9 5986
9 5987
9 5988
9 5989
9 5990
9 6005
9 6016
9 6017
9 6023
9 6024
9 6025
9 6026
9 6027
9 6031
9 6039
9 6040
9 6041
9 6042
9 6043
9 6044
9 6045
9 6046
9 6047
9 6048
9 6049
9 6050
9 6051
9 6052
9 6053
9 6054
9 6056
9 6057
9 6058
9 6059
9 6060
9 6061
9 6062
9 6063
9 6066
9 6067
9 6068
9 6069
9 6070
9 6071
9 6072
9 6073
9 6074
9 6075
9 6076
9 6077
9 6078
9 6079
9 6082
9 6083
9 6084
9 6085
9 6086
9 6088
9 6089
9 6090
9 6091
9 6092
9 6093
9 6094
9 6095
9 6096
9 6097
9 6098
9 6099
9 6100
9 6101
9 6102
9 6103
9 6104
9 6107
9 6108
9 6109
9 6110
9 6111
9 6112
9 6114
9 6117
9 6118
9 6119
9 6126
9 6127
9 6148
9 6149
9 6150
9 6151
9 6152
9 6153
9 6154
9 6160
9 6161
9 6162
9 6163
9 6164
9 6165
9 6166
9 6167
9 6168
9 6169
9 6170
9 6171
9 6172
9 6173
9 6174
9 6175
9 6176
9 6178
9 6180
9 6181
9 6182
9 6183
9 6184
9 6185
9 6191
9 6192
9 6193
9 6194
9 6195
9 6196
9 6197
9 6200
9 6202
9 6203
9 6204
9 6205
9 6206
9 6207
9 6208
9 6209
9 6210
9 6212
9 6214
9 6215
9 6216
9 6218
9 6219
9 6228
9 6230
9 6231
9 6232
9 6233
9 6234
9 6238
9 6240
9 6259
9 6260
9 6261
9 6264
9 6269
9 6270
9 6271
9 6272
9 6273
9 6274
9 6275
9 6285
9 6286
9 6287
9 6288
9 6289
9 6290
9 6295
9 6296
9 6297
9 6298
9 6299
9 6300
9 6301
9 6302
9 6303
9 6304
9 6305
9 6324
9 6343
9 6344
9 6345
9 6346
9 6347
9 6348
9 6349
9 6351
9 6352
9 6353
9 6354
9 6355
9 6356
9 6357
9 6358
9 6360
9 6366
9 6371
9 6372
9 6383
9 6384
9 6385
9 6390
9 6395
9 6447
9 6475
9 6476
9 6491
9 6492
9 6493
9 6494
9 6495
9 6522
9 6523
9 6524
9 6525
9 6526
9 6527
9 6528
9 6529
9 6530
9 6531
9 6532
9 6533
9 6534
9 6535
9 6536
9 6537
9 6538
9 6539
9 6540
9 6541
9 6542
9 6543
9 6544
9 6545
9 6546
9 6547
9 6548
9 6549
9 6550
9 6551
9 6552
9 6553
9 6554
9 6555
9 6556
9 6557
9 6558
9 6559
9 6560
9 6561
9 6562
9 6563
9 6564
9 6565
9 6566
9 6611
9 6617
9 6618
9 6648
9 6667
9 6670
9 6678
9 6680
9 6681
9 6685
9 6692
9 6694
9 6700
9 6707
9 6708
9 6709
9 6710
9 6711
9 6712
9 6713
9 6714
9 6719
9 6724
9 6734
9 6737
9 6744
9 6749
9 6757
9 6763
9 6769
9 6779
9 6800
9 6806
9 6807
9 6808
9 6809
9 6810
9 6811
9 6812
9 6813
9 6814
9 6815
9 6816
9 6817
9 6818
9 6819
9 6820
9 6821
9 6822
9 6823
9 6824
9 6825
9 6826
9 6827
9 6828
9 6829
9 6937
9 6996
9 7065
9 7097
9 7240
9 7242
9 7245
9 7274
9 7277
9 7280
9 7294
9 7320
9 7321
9 7322
9 7323
9 7325
9 7328
9 7361
9 7364
9 7365
9 7366
9 7369
9 7373
9 7374
9 7375
9 7382
9 7387
9 7392
9 7404
9 7405
9 7406
9 7407
9 7408
9 7409
9 7410
9 7411
9 7412
9 7414
9 7415
9 7419
9 7456
9 7464
9 7489
9 7514
9 7516
9 7521
9 7530
9 7538
9 7543
9 7612
9 7617
9 7621
9 7635
9 7637
9 7717
9 7731
9 7732
9 7783
9 7784
9 7785
9 7970
9 8072
9 8073
9 8155
9 8196
9 8198
9 8199
9 8200
9 8201
9 8202
9 8218
9 8223
9 8224
9 8246
9 8287
9 8302
9 8552
9 8555
9 8556
9 8557
9 8558
9 8562
9 8565
10 28
10 29
10 5017
11 30
11 121
11 122
11 430
11 431
11 432
11 435
11 436
12 30
12 41
12 53
12 3242
12 3245
13 30
13 53
13 78
13 81
13 94
13 118
13 127
13 151
13 159
13 165
13 167
13 170
13 183
13 191
13 198
13 227
13 237
13 238
13 241
13 263
13 312
13 364
13 468
13 681
13 754
13 1097
13 1332
13 1698
13 2738
13 2871
13 2915
13 2958
13 2988
13 3059
13 3207
13 3300
13 3360
13 3508
13 3882
13 3928
13 4869
13 4883
13 4884
13 4885
13 4886
13 4887
13 4888
13 4889
13 4890
13 4891
13 4892
13 4893
13 4894
13 4895
13 4897
13 4898
13 4899
13 4900
13 4901
13 4902
13 4905
13 4912
13 4914
13 4915
13 4917
13 4918
13 4919
13 4920
13 4921
13 4922
13 4923
13 4927
13 4928
13 4929
13 4930
13 4931
13 4934
13 4935
13 4936
13 4937
13 4938
13 4939
13 4940
13 4950
13 4951
13 4952
13 4953
13 4954
13 4961
13 4968
13 4969
13 4970
13 4972
13 4978
13 4979
13 4980
13 4981
13 4982
13 4983
13 4984
13 4989
13 4990
13 4992
13 4993
13 4995
13 4996
13 4997
13 4998
13 4999
13 5003
13 5004
13 5005
13 5006
13 5007
13 5011
13 5012
13 5014
13 5015
13 5016
13 5017
13 5018
13 5019
13 5020
13 5021
13 5022
13 5023
13 5025
13 5037
13 5063
13 5064
13 5067
13 5074
13 5076
13 5081
13 5082
13 5084
13 5088
13 5089
13 5090
13 5091
13 5092
13 5093
13 5094
13 5097
13 5098
13 5099
13 5100
13 5101
13 5102
13 5104
13 5105
13 5106
13 5107
13 5111
13 5112
13 5114
13 5115
13 5117
13 5118
13 5119
13 5121
13 5123
13 5124
13 5125
13 5138
13 5143
13 5144
13 5145
13 5147
13 5148
13 5150
13 5151
13 5152
13 5153
13 5159
13 5173
13 5174
13 5176
13 5190
13 5192
13 5193
13 5195
13 5198
13 5199
13 5200
13 5201
13 5236
13 5237
13 5238
13 5239
13 5249
13 5251
13 5252
13 5253
13 5254
13 5255
13 5256
13 5257
13 5258
13 5259
13 5260
13 5261
13 5262
13 5264
13 5265
13 5288
13 5290
13 5292
13 5297
13 5298
13 5299
13 5300
13 5302
13 5303
13 5311
13 5329
13 5330
13 5331
13 5332
13 5338
13 5342
13 5343
13 5344
13 5345
13 5386
13 5387
13 5388
13 5389
13 5391
13 5422
13 5470
13 5534
13 5601
13 5646
13 5647
13 5648
13 5680
13 5681
13 5682
13 5683
13 5685
13 5686
13 5687
13 5688
13 5689
13 5690
13 5691
13 5703
13 5708
13 5782
13 5796
13 5797
13 5884
13 6140
13 6178
13 6179
13 6228
13 6284
13 6288
13 6289
13 6290
13 6291
13 6292
13 6293
13 6294
13 6302
13 7543
14 35
14 6444
14 7231
15 35
15 37
15 51
15 52
15 54
15 55
15 59
15 60
15 66
15 78
15 118
15 125
15 150
15 151
15 159
15 160
15 161
15 165
15 167
15 170
15 183
15 191
15 201
15 202
15 203
15 205
15 206
15 207
15 208
15 211
15 214
15 227
15 237
15 238
15 240
15 275
15 282
15 283
15 284
15 286
15 295
15 299
15 303
15 312
15 344
15 352
15 358
15 361
15 389
15 393
15 499
15 528
15 535
15 537
15 556
15 557
15 558
15 561
15 585
15 599
15 600
15 614
15 620
15 625
15 635
15 639
15 644
15 649
15 654
15 655
15 656
15 657
15 658
15 662
15 673
15 681
15 716
15 717
15 718
15 719
15 728
15 767
15 769
15 788
15 789
15 790
15 792
15 795
15 799
15 804
15 810
15 821
15 834
15 842
15 844
15 900
15 901
15 928
15 947
15 970
15 975
15 1023
15 1042
15 1052
15 1063
15 1085
15 1092
15 1097
15 1111
15 1133
15 1142
15 1169
15 1191
15 1195
15 1206
15 1222
15 1245
15 1262
15 1263
15 1272
15 1282
15 1303
15 1334
15 1341
15 1346
15 1368
15 1400
15 1428
15 1458
15 1468
15 1494
15 1529
15 1544
15 1545
15 1560
15 1599
15 1634
15 1676
15 1697
15 1698
15 1699
15 1701
15 1702
15 1703
15 1704
15 1706
15 1707
15 1709
15 1710
15 1718
15 1725
15 1729
15 1738
15 1744
15 1749
15 1753
15 1754
15 1760
15 1778
15 1801
15 1846
15 1889
15 1909
15 1914
15 1916
15 1921
15 1942
15 1990
15 2015
15 2057
15 2072
15 2095
15 2099
15 2122
15 2138
15 2139
15 2140
15 2141
15 2142
15 2143
15 2144
15 2145
15 2146
15 2147
15 2148
15 2149
15 2150
15 2151
15 2152
15 2153
15 2154
15 2155
15 2156
15 2157
15 2158
15 2159
15 2160
15 2208
15 2574
15 2575
15 2583
15 2609
15 2610
15 2611
15 2612
15 2613
15 2614
15 2615
15 2616
15 2617
15 2618
15 2619
15 2620
15 2621
15 2622
15 2623
15 2624
15 2625
15 2626
15 2627
15 2628
15 2629
15 2630
15 2631
15 2632
15 2633
15 2634
15 2660
15 2722
15 2868
15 2871
15 2874
15 2912
15 2915
15 2926
15 2958
15 2965
15 2967
15 2983
15 2985
15 2988
15 2992
15 2993
15 3055
15 3072
15 3116
15 3131
15 3135
15 3209
15 3259
15 3279
15 3294
15 3298
15 3321
15 3344
15 3347
15 3379
15 3412
15 3474
15 3475
15 3476
15 3477
15 3478
15 3479
15 3480
15 3481
15 3482
15 3483
15 3484
15 3485
15 3486
15 3487
15 3488
15 3489
15 3490
15 3491
15 3492
15 3493
15 3494
15 3495
15 3496
15 3497
15 3498
15 3499
15 3503
15 3560
15 3698
15 3844
15 3914
15 3918
15 3928
15 4035
15 4122
15 4269
15 4293
15 4445
15 4528
15 4545
15 4624
15 4656
15 4661
15 4663
15 4670
15 4674
15 4677
15 4679
15 4683
15 4691
15 4692
15 4887
15 4892
15 4928
15 4929
15 4930
15 4975
15 4976
15 4977
15 5035
15 5073
15 5106
15 5138
15 5149
15 5191
15 5194
15 5252
15 5274
15 5303
15 5312
15 5334
15 5364
15 5365
15 5366
15 5395
15 5411
15 5416
15 5419
15 5424
15 5444
15 5456
15 5495
15 5509
15 5531
15 5545
15 5572
15 5588
15 5596
15 5613
15 5618
15 5627
15 5639
15 5642
15 5651
15 5655
15 5669
15 5674
15 5688
15 5691
15 5697
15 5705
15 5710
15 5716
15 5722
15 5736
15 5739
15 5746
15 5757
15 5760
15 5765
15 5769
15 5783
15 5790
15 5794
15 5802
15 5809
15 5813
15 5814
15 5815
15 5816
15 5817
15 5818
15 5821
15 5831
15 5833
15 5836
15 5838
15 5840
15 5851
15 5860
15 5861
15 5867
15 5875
15 5893
15 5898
15 5905
15 5911
15 5917
15 5920
15 5923
15 5927
15 5932
15 5935
15 5941
15 5946
15 5947
15 5953
15 5955
15 5962
15 5966
15 5969
15 5977
15 5980
15 5989
15 5999
15 6003
15 6008
15 6013
15 6027
15 6033
15 6041
15 6050
15 6059
15 6068
15 6074
15 6085
15 6092
15 6093
15 6101
15 6116
15 6123
15 6152
15 6164
15 6169
15 6174
15 6182
15 6187
15 6195
15 6235
15 6245
15 6253
15 6277
15 6278
15 6285
15 6297
15 6304
15 6353
15 6354
15 6355
15 6371
15 6394
15 6396
15 6398
15 6415
15 6431
15 6433
15 6492
15 6583
15 6584
15 6585
15 6586
15 6587
15 6588
15 6589
15 6593
15 6595
15 6713
15 6714
15 6717
15 6754
15 6804
15 6869
15 6879
15 6880
15 6892
15 6895
15 6896
15 6902
15 6903
15 6910
15 6913
15 6919
15 6928
15 6938
15 6940
15 6949
15 6954
15 6956
15 6960
15 6964
15 6976
15 6980
15 6989
15 6991
15 7012
15 7018
15 7022
15 7026
15 7033
15 7042
15 7049
15 7101
15 7109
15 7112
15 7121
15 7153
15 7154
15 7155
15 7190
15 7229
15 7263
15 7264
15 7265
15 7268
15 7305
15 7321
15 7327
15 7329
15 7334
15 7354
15 7356
15 7380
15 7498
15 7532
15 7553
15 7554
15 7556
15 7562
15 7572
15 7573
15 7578
15 7580
15 7582
15 7588
15 7590
15 7620
15 7655
15 7666
15 7685
15 7738
15 7751
15 7812
15 7818
15 7827
15 7838
15 7850
15 7909
15 7910
15 7928
15 7962
15 7987
15 8003
15 8014
15 8022
15 8048
15 8099
15 8100
15 8106
15 8107
15 8111
15 8115
15 8128
15 8172
15 8246
15 8247
15 8248
15 8252
16 35
16 37
16 39
16 46
16 50
16 51
16 52
16 54
16 55
16 59
16 66
16 68
16 69
16 78
16 111
16 118
16 149
16 150
16 159
16 160
16 165
16 167
16 169
16 183
16 200
16 201
16 202
16 203
16 205
16 206
16 207
16 213
16 214
16 215
16 216
16 217
16 218
16 219
16 220
16 221
16 240
16 272
16 275
16 276
16 282
16 284
16 286
16 295
16 297
16 299
16 301
16 303
16 344
16 348
16 349
16 352
16 358
16 359
16 361
16 378
16 389
16 390
16 393
16 394
16 403
16 416
16 417
16 439
16 440
16 441
16 442
16 444
16 471
16 472
16 473
16 474
16 499
16 503
16 516
16 522
16 524
16 528
16 533
16 535
16 537
16 544
16 545
16 556
16 557
16 558
16 561
16 585
16 599
16 600
16 611
16 614
16 620
16 625
16 635
16 639
16 644
16 645
16 649
16 654
16 655
16 656
16 657
16 658
16 662
16 681
16 703
16 707
16 713
16 716
16 717
16 718
16 719
16 728
16 751
16 756
16 759
16 767
16 768
16 769
16 786
16 788
16 789
16 790
16 791
16 792
16 795
16 799
16 804
16 806
16 810
16 812
16 821
16 834
16 836
16 837
16 842
16 844
16 900
16 901
16 918
16 928
16 938
16 947
16 970
16 971
16 975
16 977
16 992
16 1012
16 1023
16 1042
16 1048
16 1052
16 1061
16 1063
16 1064
16 1085
16 1086
16 1089
16 1092
16 1095
16 1097
16 1098
16 1102
16 1103
16 1111
16 1118
16 1119
16 1133
16 1137
16 1142
16 1153
16 1155
16 1169
16 1191
16 1195
16 1201
16 1206
16 1213
16 1219
16 1222
16 1245
16 1254
16 1262
16 1263
16 1264
16 1272
16 1275
16 1282
16 1303
16 1317
16 1319
16 1334
16 1338
16 1340
16 1346
16 1348
16 1368
16 1377
16 1400
16 1402
16 1404
16 1412
16 1413
16 1419
16 1420
16 1428
16 1457
16 1458
16 1468
16 1494
16 1523
16 1529
16 1544
16 1545
16 1558
16 1560
16 1571
16 1582
16 1599
16 1600
16 1634
16 1656
16 1658
16 1661
16 1672
16 1676
16 1679
16 1681
16 1685
16 1695
16 1697
16 1698
16 1702
16 1707
16 1709
16 1717
16 1718
16 1725
16 1729
16 1738
16 1739
16 1740
16 1741
16 1743
16 1744
16 1745
16 1746
16 1748
16 1750
16 1751
16 1753
16 1754
16 1755
16 1756
16 1760
16 1765
16 1774
16 1778
16 1801
16 1846
16 1851
16 1880
16 1889
16 1909
16 1914
16 1915
16 1916
16 1921
16 1942
16 1974
16 1988
16 1990
16 2005
16 2015
16 2057
16 2072
16 2092
16 2095
16 2122
16 2133
16 2138
16 2139
16 2140
16 2141
16 2142
16 2143
16 2144
16 2145
16 2146
16 2147
16 2148
16 2149
16 2150
16 2151
16 2152
16 2153
16 2154
16 2155
16 2156
16 2157
16 2158
16 2159
16 2160
16 2168
16 2188
16 2208
16 2212
16 2232
16 2238
16 2269
16 2289
16 2291
16 2346
16 2349
16 2395
16 2414
16 2433
16 2443
16 2456
16 2465
16 2523
16 2543
16 2544
16 2553
16 2574
16 2575
16 2583
16 2584
16 2585
16 2609
16 2610
16 2611
16 2612
16 2613
16 2614
16 2615
16 2616
16 2617
16 2618
16 2619
16 2620
16 2621
16 2622
16 2623
16 2624
16 2625
16 2626
16 2627
16 2628
16 2629
16 2630
16 2631
16 2632
16 2633
16 2634
16 2655
16 2670
16 2694
16 2695
16 2722
16 2726
16 2752
16 2756
16 2801
16 2803
16 2810
16 2864
16 2926
16 2958
16 2985
16 2988
16 2992
16 2996
16 2997
16 3010
16 3013
16 3014
16 3015
16 3016
16 3017
16 3018
16 3019
16 3020
16 3021
16 3029
16 3031
16 3034
16 3036
16 3038
16 3040
16 3044
16 3072
16 3126
16 3201
16 3204
16 3208
16 3223
16 3237
16 3255
16 3265
16 3268
16 3269
16 3284
16 3298
16 3321
16 3322
16 3379
16 3404
16 3412
16 3474
16 3475
16 3476
16 3477
16 3478
16 3479
16 3480
16 3481
16 3482
16 3483
16 3484
16 3485
16 3486
16 3487
16 3488
16 3489
16 3490
16 3491
16 3492
16 3493
16 3494
16 3495
16 3496
16 3497
16 3498
16 3499
16 3525
16 3562
16 3632
16 3657
16 3698
16 3733
16 3844
16 3909
16 3910
16 3914
16 4006
16 4115
16 4142
16 4143
16 4198
16 4278
16 4293
16 4341
16 4467
16 4544
16 4545
16 4624
16 4631
16 4637
16 4645
16 4648
16 4654
16 4656
16 4661
16 4663
16 4670
16 4674
16 4677
16 4679
16 4683
16 4688
16 4691
16 4692
16 4710
16 4774
16 4814
16 4887
16 4892
16 4914
16 4928
16 4929
16 4930
16 4944
16 4949
16 4963
16 4975
16 4976
16 4977
16 5013
16 5035
16 5046
16 5048
16 5073
16 5079
16 5106
16 5123
16 5127
16 5138
16 5149
16 5191
16 5194
16 5252
16 5274
16 5278
16 5303
16 5312
16 5334
16 5340
16 5364
16 5365
16 5366
16 5411
16 5416
16 5419
16 5424
16 5444
16 5456
16 5460
16 5495
16 5509
16 5519
16 5531
16 5545
16 5572
16 5588
16 5596
16 5613
16 5618
16 5627
16 5630
16 5636
16 5637
16 5639
16 5642
16 5651
16 5655
16 5669
16 5674
16 5688
16 5691
16 5697
16 5705
16 5710
16 5716
16 5722
16 5727
16 5736
16 5739
16 5746
16 5757
16 5760
16 5765
16 5769
16 5783
16 5790
16 5794
16 5795
16 5809
16 5813
16 5814
16 5815
16 5816
16 5817
16 5818
16 5820
16 5821
16 5831
16 5836
16 5838
16 5840
16 5851
16 5860
16 5861
16 5867
16 5875
16 5876
16 5893
16 5898
16 5905
16 5911
16 5917
16 5920
16 5923
16 5927
16 5932
16 5935
16 5941
16 5946
16 5947
16 5953
16 5955
16 5962
16 5966
16 5969
16 5977
16 5978
16 5980
16 5989
16 5999
16 6003
16 6008
16 6013
16 6027
16 6033
16 6034
16 6041
16 6045
16 6046
16 6050
16 6054
16 6059
16 6063
16 6068
16 6070
16 6074
16 6076
16 6085
16 6089
16 6092
16 6093
16 6101
16 6103
16 6104
16 6116
16 6123
16 6143
16 6152
16 6164
16 6169
16 6172
16 6174
16 6182
16 6187
16 6195
16 6209
16 6225
16 6226
16 6227
16 6235
16 6245
16 6253
16 6255
16 6275
16 6277
16 6278
16 6285
16 6293
16 6297
16 6304
16 6349
16 6351
16 6353
16 6354
16 6355
16 6371
16 6398
16 6405
16 6431
16 6432
16 6492
16 6495
16 6544
16 6569
16 6573
16 6576
16 6581
16 6582
16 6583
16 6584
16 6585
16 6586
16 6587
16 6588
16 6589
16 6590
16 6591
16 6592
16 6593
16 6594
16 6595
16 6596
16 6597
16 6598
16 6600
16 6647
16 6653
16 6656
16 6661
16 6665
16 6666
16 6675
16 6683
16 6684
16 6687
16 6689
16 6695
16 6704
16 6705
16 6713
16 6714
16 6717
16 6723
16 6724
16 6727
16 6728
16 6729
16 6732
16 6733
16 6736
16 6743
16 6745
16 6746
16 6747
16 6754
16 6775
16 6776
16 6777
16 6780
16 6781
16 6799
16 6802
16 6804
16 6849
16 6864
16 6869
16 6870
16 6879
16 6880
16 6891
16 6892
16 6895
16 6896
16 6902
16 6903
16 6906
16 6910
16 6912
16 6913
16 6914
16 6919
16 6920
16 6925
16 6928
16 6930
16 6932
16 6935
16 6938
16 6940
16 6949
16 6954
16 6956
16 6959
16 6960
16 6964
16 6971
16 6976
16 6978
16 6980
16 6981
16 6986
16 6989
16 6990
16 6991
16 6992
16 6998
16 7002
16 7003
16 7008
16 7012
16 7018
16 7025
16 7026
16 7033
16 7034
16 7035
16 7036
16 7042
16 7049
16 7059
16 7062
16 7063
16 7069
16 7070
16 7072
16 7083
16 7084
16 7101
16 7109
16 7112
16 7121
16 7122
16 7124
16 7153
16 7154
16 7155
16 7158
16 7168
16 7181
16 7182
16 7184
16 7190
16 7201
16 7207
16 7208
16 7211
16 7219
16 7228
16 7229
16 7263
16 7264
16 7265
16 7267
16 7268
16 7273
16 7289
16 7292
16 7293
16 7297
16 7305
16 7306
16 7310
16 7321
16 7324
16 7327
16 7329
16 7334
16 7351
16 7354
16 7356
16 7380
16 7498
16 7532
16 7553
16 7554
16 7556
16 7562
16 7563
16 7564
16 7567
16 7570
16 7572
16 7573
16 7578
16 7579
16 7580
16 7582
16 7583
16 7588
16 7590
16 7620
16 7655
16 7656
16 7666
16 7675
16 7676
16 7677
16 7685
16 7738
16 7804
16 7812
16 7818
16 7827
16 7831
16 7838
16 7850
16 7909
16 7910
16 7928
16 7962
16 7963
16 7987
16 8003
16 8014
16 8022
16 8048
16 8100
16 8107
16 8111
16 8115
16 8116
16 8117
16 8128
16 8172
16 8247
16 8248
16 8252
17 37
17 41
17 53
17 361
17 2187
17 2216
17 2217
17 2227
17 2228
17 2236
17 2239
17 2240
17 2241
17 2242
17 2243
17 2244
17 2245
17 2246
17 2247
17 2248
17 2249
17 2250
17 2319
17 2433
17 2465
17 2544
17 2585
17 3594
17 4278
18 37
18 48
18 53
18 84
18 88
18 151
18 159
18 165
18 167
18 170
18 173
18 177
18 191
18 227
18 237
18 238
18 263
18 265
18 356
18 422
18 423
18 437
18 446
18 531
18 583
18 659
18 660
18 681
18 708
18 744
18 750
18 754
18 854
18 935
18 1014
18 1082
18 1098
18 1213
18 1486
18 2235
18 2392
18 2540
18 2883
18 3009
18 3129
18 3360
18 3410
18 3550
18 3767
18 3814
18 4549
18 4775
18 4888
18 4891
18 4894
18 4896
18 4897
18 4900
18 4902
18 4903
18 4904
18 4905
18 4906
18 4907
18 4908
18 4909
18 4910
18 4911
18 4912
18 4915
18 4918
18 4924
18 4925
18 4926
18 4941
18 4942
18 4943
18 4944
18 4945
18 4946
18 4947
18 4950
18 4954
18 4955
18 4956
18 4957
18 4958
18 4959
18 4960
18 4961
18 4963
18 4965
18 4966
18 4967
18 4970
18 4971
18 4972
18 4973
18 4974
18 4975
18 4976
18 4977
18 4983
18 4985
18 4986
18 4987
18 4988
18 4991
18 4994
18 5000
18 5002
18 5004
18 5008
18 5009
18 5010
18 5014
18 5015
18 5017
18 5022
18 5026
18 5028
18 5031
18 5032
18 5033
18 5034
18 5036
18 5037
18 5038
18 5040
18 5042
18 5043
18 5051
18 5052
18 5053
18 5055
18 5056
18 5057
18 5059
18 5062
18 5067
18 5069
18 5070
18 5071
18 5072
18 5073
18 5074
18 5077
18 5078
18 5079
18 5080
18 5081
18 5082
18 5083
18 5084
18 5085
18 5086
18 5087
18 5088
18 5091
18 5092
18 5093
18 5095
18 5096
18 5097
18 5102
18 5103
18 5104
18 5107
18 5108
18 5109
18 5110
18 5111
18 5113
18 5116
18 5117
18 5118
18 5119
18 5120
18 5121
18 5122
18 5124
18 5125
18 5126
18 5127
18 5128
18 5129
18 5130
18 5131
18 5135
18 5141
18 5142
18 5144
18 5158
18 5163
18 5164
18 5173
18 5178
18 5181
18 5182
18 5183
18 5184
18 5185
18 5190
18 5193
18 5199
18 5201
18 5202
18 5203
18 5204
18 5208
18 5217
18 5226
18 5228
18 5229
18 5239
18 5242
18 5243
18 5245
18 5246
18 5247
18 5249
18 5250
18 5251
18 5265
18 5272
18 5279
18 5290
18 5293
18 5301
18 5313
18 5319
18 5322
18 5328
18 5329
18 5333
18 5336
18 5337
18 5341
18 5343
18 5346
18 5348
18 5351
18 5352
18 5353
18 5354
18 5355
18 5356
18 5357
18 5358
18 5359
18 5384
18 5389
18 5390
18 5391
18 5412
18 5413
18 5415
18 5416
18 5420
18 5421
18 5427
18 5428
18 5429
18 5430
18 5432
18 5433
18 5434
18 5435
18 5436
18 5437
18 5440
18 5447
18 5453
18 5454
18 5455
18 5456
18 5457
18 5458
18 5459
18 5460
18 5461
18 5462
18 5474
18 5500
18 5529
18 5530
18 5531
18 5532
18 5533
18 5535
18 5541
18 5542
18 5543
18 5558
18 5559
18 5562
18 5581
18 5599
18 5600
18 5612
18 5613
18 5614
18 5622
18 5623
18 5624
18 5625
18 5626
18 5627
18 5628
18 5629
18 5630
18 5634
18 5650
18 5651
18 5652
18 5654
18 5655
18 5656
18 5660
18 5661
18 5667
18 5671
18 5678
18 5680
18 5684
18 5692
18 5693
18 5694
18 5696
18 5697
18 5698
18 5699
18 5703
18 5704
18 5705
18 5706
18 5707
18 5709
18 5710
18 5711
18 5719
18 5720
18 5721
18 5722
18 5723
18 5724
18 5733
18 5735
18 5736
18 5737
18 5738
18 5739
18 5740
18 5749
18 5760
18 5761
18 5786
18 5787
18 5788
18 5789
18 5792
18 5793
18 5794
18 5795
18 5808
18 5809
18 5819
18 5822
18 5823
18 5863
18 5882
18 5884
18 5891
18 5892
18 5893
18 5907
18 5918
18 5921
18 5940
18 5985
18 5991
18 5994
18 5995
18 5996
18 5997
18 5998
18 5999
18 6000
18 6001
18 6080
18 6082
18 6087
18 6120
18 6122
18 6123
18 6124
18 6137
18 6138
18 6140
18 6141
18 6142
18 6143
18 6144
18 6145
18 6146
18 6147
18 6177
18 6218
18 6219
18 6223
18 6224
18 6241
18 6242
18 6243
18 6244
18 6245
18 6246
18 6247
18 6248
18 6249
18 6250
18 6251
18 6252
18 6253
18 6254
18 6255
18 6268
18 7543
19 37
19 53
19 125
19 167
19 424
19 1263
19 1358
19 3260
19 4875
19 5017
19 5056
19 5914
19 5916
19 5919
19 5926
19 5930
19 5933
19 5936
19 5939
19 5940
19 5984
20 37
21 39
21 53
21 111
21 149
21 153
21 165
21 198
21 213
21 214
21 215
21 216
21 217
21 218
21 219
21 220
21 221
21 253
21 312
21 317
21 348
21 349
21 359
21 403
21 416
21 417
21 439
21 440
21 441
21 444
21 471
21 472
21 473
21 474
21 503
21 522
21 524
21 535
21 537
21 556
21 557
21 561
21 585
21 599
21 600
21 614
21 620
21 624
21 635
21 639
21 649
21 654
21 655
21 656
21 657
21 658
21 668
21 717
21 718
21 719
21 728
21 1125
21 1263
21 1695
21 2917
21 4688
21 4694
21 4950
21 4954
21 5008
21 5026
21 5249
21 5644
21 5779
21 5807
21 5894
21 5930
21 6044
21 6053
21 6055
21 6139
21 6186
21 6187
21 6188
21 6201
21 6202
21 6215
21 6216
21 6225
21 6226
21 6227
21 6228
21 6324
21 6327
21 6328
21 6329
21 6330
21 6331
21 6332
21 6351
21 6384
21 6388
22 39
22 50
22 51
22 52
22 54
22 55
22 60
22 66
22 111
22 118
22 149
22 150
22 151
22 160
22 161
22 165
22 167
22 170
22 191
22 200
22 202
22 203
22 205
22 206
22 207
22 213
22 215
22 216
22 217
22 218
22 219
22 220
22 221
22 227
22 237
22 238
22 240
22 272
22 275
22 276
22 283
22 284
22 295
22 299
22 301
22 303
22 348
22 349
22 352
22 358
22 359
22 361
22 378
22 389
22 390
22 393
22 403
22 416
22 417
22 439
22 440
22 441
22 444
22 471
22 472
22 473
22 474
22 499
22 503
22 516
22 522
22 524
22 528
22 535
22 537
22 545
22 558
22 611
22 614
22 620
22 635
22 639
22 644
22 645
22 649
22 654
22 655
22 656
22 657
22 658
22 662
22 673
22 717
22 719
22 728
22 768
22 769
22 786
22 789
22 790
22 792
22 795
22 799
22 804
22 806
22 810
22 812
22 821
22 834
22 836
22 837
22 842
22 900
22 901
22 918
22 928
22 938
22 970
22 975
22 1012
22 1023
22 1042
22 1048
22 1061
22 1063
22 1064
22 1086
22 1089
22 1092
22 1097
22 1102
22 1103
22 1119
22 1133
22 1142
22 1144
22 1153
22 1155
22 1169
22 1191
22 1195
22 1206
22 1217
22 1219
22 1222
22 1245
22 1254
22 1262
22 1263
22 1272
22 1282
22 1303
22 1317
22 1319
22 1334
22 1340
22 1341
22 1346
22 1368
22 1400
22 1404
22 1413
22 1419
22 1420
22 1428
22 1457
22 1458
22 1468
22 1494
22 1521
22 1523
22 1529
22 1544
22 1545
22 1560
22 1571
22 1599
22 1634
22 1656
22 1658
22 1672
22 1677
22 1679
22 1681
22 1685
22 1717
22 1718
22 1725
22 1729
22 1738
22 1739
22 1740
22 1741
22 1743
22 1744
22 1745
22 1746
22 1748
22 1749
22 1750
22 1752
22 1753
22 1754
22 1755
22 1756
22 1760
22 1765
22 1774
22 1778
22 1801
22 1846
22 1851
22 1880
22 1889
22 1909
22 1914
22 1915
22 1916
22 1921
22 1942
22 1988
22 1990
22 2005
22 2015
22 2057
22 2072
22 2092
22 2095
22 2122
22 2133
22 2138
22 2139
22 2140
22 2141
22 2142
22 2143
22 2144
22 2145
22 2146
22 2147
22 2148
22 2149
22 2150
22 2151
22 2152
22 2153
22 2154
22 2155
22 2156
22 2157
22 2158
22 2159
22 2160
22 2168
22 2208
22 2212
22 2238
22 2289
22 2395
22 2414
22 2456
22 2553
22 2574
22 2575
22 2583
22 2584
22 2609
22 2610
22 2611
22 2612
22 2613
22 2614
22 2615
22 2616
22 2617
22 2618
22 2619
22 2620
22 2621
22 2622
22 2623
22 2624
22 2625
22 2626
22 2627
22 2628
22 2629
22 2630
22 2631
22 2632
22 2633
22 2634
22 2655
22 2660
22 2694
22 2695
22 2722
22 2726
22 2801
22 2803
22 2810
22 2864
22 2868
22 2915
22 2958
22 3013
22 3014
22 3018
22 3019
22 3020
22 3021
22 3029
22 3031
22 3034
22 3036
22 3038
22 3040
22 3044
22 3126
22 3131
22 3201
22 3208
22 3209
22 3223
22 3255
22 3259
22 3265
22 3269
22 3284
22 3298
22 3321
22 3379
22 3412
22 3474
22 3475
22 3476
22 3477
22 3478
22 3479
22 3480
22 3481
22 3482
22 3483
22 3484
22 3485
22 3486
22 3487
22 3488
22 3489
22 3490
22 3491
22 3492
22 3493
22 3494
22 3495
22 3496
22 3497
22 3498
22 3499
22 3525
22 3562
22 3657
22 3698
22 3909
22 3910
22 3914
22 3987
22 4006
22 4122
22 4142
22 4143
22 4198
22 4341
22 4445
22 4467
22 4631
22 4637
22 4645
22 4648
22 4654
22 4691
22 4692
22 4710
22 4887
22 4892
22 4949
22 4975
22 4977
22 5035
22 5047
22 5048
22 5073
22 5106
22 5138
22 5149
22 5191
22 5194
22 5252
22 5274
22 5278
22 5334
22 5364
22 5365
22 5366
22 5411
22 5416
22 5419
22 5444
22 5456
22 5460
22 5495
22 5509
22 5519
22 5531
22 5572
22 5596
22 5627
22 5636
22 5637
22 5638
22 5639
22 5642
22 5655
22 5674
22 5688
22 5691
22 5697
22 5705
22 5710
22 5716
22 5722
22 5736
22 5739
22 5746
22 5757
22 5760
22 5765
22 5769
22 5783
22 5790
22 5809
22 5813
22 5814
22 5815
22 5816
22 5817
22 5818
22 5821
22 5831
22 5836
22 5840
22 5860
22 5861
22 5875
22 5876
22 5893
22 5898
22 5905
22 5911
22 5917
22 5920
22 5923
22 5927
22 5932
22 5935
22 5941
22 5946
22 5947
22 5953
22 5955
22 5962
22 5966
22 5969
22 5977
22 5978
22 5989
22 5999
22 6003
22 6008
22 6013
22 6034
22 6045
22 6092
22 6101
22 6116
22 6143
22 6172
22 6182
22 6187
22 6225
22 6255
22 6275
22 6277
22 6278
22 6293
22 6304
22 6354
22 6355
22 6392
22 6393
22 6432
22 6433
22 6495
22 6569
22 6573
22 6576
22 6581
22 6582
22 6592
22 6594
22 6597
22 6598
22 6600
22 6653
22 6656
22 6661
22 6665
22 6666
22 6683
22 6687
22 6695
22 6705
22 6714
22 6723
22 6724
22 6727
22 6728
22 6729
22 6732
22 6733
22 6736
22 6743
22 6745
22 6746
22 6747
22 6752
22 6754
22 6759
22 6775
22 6776
22 6780
22 6781
22 6802
22 6849
22 6870
22 6876
22 6891
22 6920
22 6924
22 6925
22 6932
22 6935
22 6938
22 6959
22 6971
22 6978
22 6981
22 6990
22 6992
22 6998
22 7002
22 7003
22 7022
22 7025
22 7034
22 7035
22 7036
22 7059
22 7069
22 7070
22 7072
22 7083
22 7088
22 7101
22 7122
22 7124
22 7155
22 7158
22 7181
22 7182
22 7184
22 7190
22 7201
22 7207
22 7208
22 7211
22 7219
22 7229
22 7264
22 7265
22 7268
22 7273
22 7289
22 7292
22 7293
22 7321
22 7324
22 7327
22 7329
22 7334
22 7509
22 7563
22 7564
22 7567
22 7570
22 7579
22 7583
22 7656
22 7675
22 7812
22 7827
22 7850
22 7909
22 7910
22 7962
22 7963
22 7987
22 8003
22 8014
22 8022
22 8048
22 8100
22 8107
22 8111
22 8115
22 8116
22 8117
22 8128
22 8172
22 8246
22 8247
22 8248
23 40
23 43
23 89
23 107
23 115
23 130
23 410
23 412
23 512
23 597
23 680
23 731
23 733
23 742
23 778
23 919
23 1015
23 1030
23 1073
23 1076
23 1308
23 1466
23 1501
23 1552
23 1598
23 1714
23 2263
23 2422
23 2428
23 2463
23 2515
23 2516
23 2526
23 2528
23 2535
23 2656
23 2954
23 4737
23 4740
23 4859
23 4876
23 4964
23 4967
23 5417
23 5780
23 5899
23 5940
23 6132
23 6133
23 6177
23 6216
23 6217
23 6240
23 6413
23 7404
23 8387
23 8388
23 8389
23 8390
23 8391
23 8392
23 8393
23 8394
23 8395
23 8396
23 8397
23 8398
23 8399
23 8400
23 8401
23 8402
23 8403
23 8404
23 8405
23 8406
23 8407
23 8408
23 8409
23 8410
23 8411
23 8412
23 8413
23 8414
23 8415
23 8416
23 8417
23 8418
23 8419
23 8420
23 8421
23 8422
23 8423
23 8424
23 8425
23 8426
23 8428
23 8429
23 8430
23 8431
23 8432
23 8433
23 8434
23 8435
23 8436
23 8437
23 8438
23 8439
23 8440
23 8441
23 8442
23 8443
23 8444
23 8445
23 8446
23 8447
23 8448
23 8449
23 8450
23 8451
23 8452
23 8453
23 8454
23 8455
23 8456
23 8458
23 8459
23 8460
23 8461
23 8462
23 8463
23 8464
23 8465
23 8466
23 8467
23 8468
23 8469
23 8470
23 8471
23 8472
23 8474
23 8475
23 8476
23 8477
23 8478
23 8479
23 8480
23 8481
23 8482
23 8483
23 8484
23 8485
23 8486
23 8487
23 8488
23 8489
23 8490
23 8491
23 8492
23 8493
23 8494
23 8495
23 8496
23 8497
23 8498
23 8499
23 8500
23 8501
23 8504
23 8505
23 8506
23 8507
23 8508
23 8509
23 8510
23 8511
24 41
25 41
25 53
25 57
25 68
25 92
25 121
25 122
25 226
25 263
25 479
25 681
25 761
25 813
25 916
25 941
25 942
25 943
25 945
25 948
25 953
25 955
25 968
25 969
25 970
25 980
25 984
25 985
25 986
25 994
25 997
25 1001
25 1002
25 1003
25 1004
25 1007
25 1008
25 1009
25 1010
25 1011
25 1012
25 1015
25 1032
25 1033
25 1034
25 1035
25 1037
25 1038
25 1040
25 1041
25 1042
25 1043
25 1046
25 1050
25 1066
25 1067
25 1068
25 1069
25 1070
25 1071
25 1072
25 1074
25 1075
25 1099
25 1100
25 1101
25 1102
25 1103
25 1104
25 1105
25 1106
25 1107
25 1109
25 1110
25 1111
25 1112
25 1114
25 1115
25 1116
25 1117
25 1118
25 1119
25 1126
25 1128
25 1132
25 1147
25 1148
25 1150
25 1151
25 1157
25 1158
25 1159
25 1160
25 1161
25 1162
25 1163
25 1164
25 1165
25 1166
25 1167
25 1181
25 1185
25 1186
25 1187
25 1189
25 1193
25 1199
25 1200
25 1202
25 1203
25 1204
25 1212
25 1218
25 1219
25 1220
25 1223
25 1227
25 1229
25 1232
25 1233
25 1243
25 1246
25 1247
25 1248
25 1249
25 1252
25 1253
25 1256
25 1257
25 1264
25 1265
25 1266
25 1267
25 1268
25 1283
25 1285
25 1290
25 1291
25 1292
25 1296
25 1298
25 1299
25 1302
25 1304
25 1305
25 1306
25 1309
25 1312
25 1314
25 1320
25 1321
25 1327
25 1328
25 1329
25 1330
25 1331
25 1352
25 1353
25 1355
25 1357
25 1359
25 1360
25 1365
25 1366
25 1371
25 1372
25 1373
25 1378
25 1379
25 1380
25 1381
25 1382
25 1383
25 1384
25 1385
25 1388
25 1389
25 1390
25 1391
25 1392
25 1393
25 1394
25 1395
25 1396
25 1401
25 1403
25 1405
25 1407
25 1408
25 1410
25 1414
25 1416
25 1426
25 1437
25 1439
25 1440
25 1441
25 1442
25 1443
25 1445
25 1447
25 1448
25 1450
25 1451
25 1452
25 1454
25 1455
25 1464
25 1465
25 1475
25 1478
25 1479
25 1480
25 1481
25 1482
25 1483
25 1484
25 1488
25 1490
25 1496
26 41
26 53
26 681
26 916
26 931
26 933
26 935
26 936
26 952
26 971
26 972
26 974
26 986
26 987
26 990
26 991
26 993
26 997
26 998
26 999
26 1000
26 1005
26 1008
26 1011
26 1020
26 1021
26 1024
26 1054
26 1077
26 1078
26 1079
26 1091
26 1092
26 1120
26 1126
26 1127
26 1129
26 1212
26 1238
26 1253
26 1388
26 1404
26 1429
26 1441
26 1469
26 1470
26 1475
26 1478
26 1488
26 1497
26 1498
26 1526
26 1527
26 1528
26 1530
26 4793
26 4794
26 5858
27 41
27 2529
27 2535
27 2536
28 41
28 53
28 78
28 84
28 92
28 113
28 118
28 121
28 122
28 182
28 183
28 191
28 227
28 237
28 238
28 253
28 263
28 355
28 424
28 495
28 681
28 741
28 754
28 756
28 759
28 1019
28 1082
28 1098
28 1258
28 1298
28 1311
28 1417
28 1486
28 1531
28 1696
28 1702
28 1884
28 1901
28 1948
28 1987
28 2115
28 2256
28 2319
28 2580
28 2725
28 2726
28 2727
28 2738
28 2747
28 2748
28 2753
28 2754
28 2755
28 2758
28 2759
28 2790
28 2791
28 2793
28 2794
28 2797
28 2798
28 2810
28 2811
28 2812
28 2831
28 2832
28 2833
28 2839
28 2840
28 2855
28 2857
28 2858
28 2880
28 2881
28 2885
28 2886
28 2887
28 2888
28 2889
28 2890
28 2891
28 2892
28 2893
28 2894
28 2895
28 2896
28 2897
28 2898
28 2899
28 2900
28 2901
28 2902
28 2903
28 2904
28 2905
28 2906
28 2907
28 2908
28 2909
28 2914
28 2915
28 2938
28 2942
28 2943
28 2944
28 2945
28 2946
28 2947
28 2948
28 2949
28 2950
28 2951
28 2952
28 2953
28 2958
28 2967
28 2974
28 2975
28 2976
28 2977
28 2978
28 2979
28 2980
28 2981
28 2989
28 3010
28 3046
28 3047
28 3048
28 3090
28 3097
28 3098
28 3099
28 3100
28 3101
28 3102
28 3103
28 3104
28 3105
28 3106
28 3107
28 3109
28 3111
28 3120
28 3121
28 3122
28 3123
28 3131
28 3135
28 3138
28 3139
28 3140
28 3141
28 3142
28 3145
28 3146
28 3147
28 3148
28 3149
28 3150
28 3151
28 3152
28 3153
28 3154
28 3155
28 3156
28 3157
28 3164
28 3173
28 3174
28 3175
28 3176
28 3177
28 3178
28 3179
28 3180
28 3181
28 3182
28 3183
28 3184
28 3185
28 3186
28 3187
28 3188
28 3189
28 3190
28 3191
28 3192
28 3193
28 3194
28 3195
28 3196
28 3197
28 3198
28 3201
28 3202
28 3204
28 3206
28 3208
28 3209
28 3210
28 3211
28 3212
28 3213
28 3214
28 3215
28 3216
28 3217
28 3218
28 3219
28 3220
28 3221
28 3233
28 3244
28 3246
28 3248
28 3249
28 3250
28 3251
28 3253
28 3256
28 3258
28 3260
28 3261
28 3262
28 3263
28 3264
28 3265
28 3266
28 3267
28 3268
28 3269
28 3270
28 3272
28 3277
28 3280
28 3282
28 3283
28 3284
28 3285
28 3286
28 3287
28 3289
28 3290
28 3291
28 3294
28 3295
28 3296
28 3297
28 3300
28 3301
28 3303
28 3310
28 3311
28 3313
28 3315
28 3317
28 3319
28 3320
28 3323
28 3324
28 3325
28 3328
28 3336
28 3337
28 3338
28 3345
28 3346
28 3351
28 3353
28 3355
28 3357
28 3362
28 3370
28 3372
28 3373
28 3376
28 3378
28 3379
28 3380
28 3384
28 3385
28 3405
28 3406
28 3407
28 3408
28 3409
28 3410
28 3411
28 3412
28 3413
28 3414
28 3415
28 3416
28 3417
28 3418
28 3419
28 3420
28 3421
28 3422
28 3423
28 3424
28 3425
28 3426
28 3427
28 3428
28 3429
28 3430
28 3431
28 3432
28 3433
28 3434
28 3435
28 3436
28 3437
28 3438
28 3439
28 3440
28 3441
28 3442
28 3443
28 3444
28 3445
28 3446
28 3447
28 3448
28 3449
28 3450
28 3451
28 3452
28 3453
28 3454
28 3455
28 3456
28 3457
28 3458
28 3459
28 3460
28 3461
28 3462
28 3463
28 3464
28 3465
28 3466
28 3467
28 3468
28 3469
28 3470
28 3471
28 3472
28 3473
28 3474
28 3475
28 3476
28 3477
28 3478
28 3479
28 3480
28 3481
28 3482
28 3483
28 3484
28 3485
28 3486
28 3487
28 3488
28 3489
28 3490
28 3491
28 3492
28 3493
28 3494
28 3495
28 3496
28 3497
28 3498
28 3499
28 3526
28 3527
28 3529
28 3530
28 3531
28 3537
28 3547
28 3548
28 3549
28 3550
28 3551
28 3552
28 3554
28 3555
28 3556
28 3558
28 3559
28 3563
28 3565
28 3567
28 3569
28 3570
28 3572
28 3573
28 3574
28 3576
28 3578
28 3580
28 3581
28 3583
28 3588
28 3589
28 3592
28 3593
28 3594
28 3595
28 3600
28 3605
28 3607
28 3611
28 3612
28 3618
28 3629
28 3636
28 3688
28 3689
28 3690
28 3691
28 3692
28 3693
28 3694
28 3695
28 3696
28 3705
28 3706
28 3707
28 3708
28 3709
28 3710
28 3711
28 3712
28 3713
28 3714
28 3715
28 3716
28 3717
28 3721
28 3723
28 3725
28 3726
28 3727
28 3728
28 3729
28 3730
28 3731
28 3732
28 3734
28 3735
28 3736
28 3737
28 3738
28 3739
28 3740
28 3741
28 3742
28 3743
28 3744
28 3745
28 3746
28 3747
28 3748
28 3749
28 3750
28 3753
28 3762
28 3766
28 3767
28 3768
28 3769
28 3770
28 3771
28 3772
28 3773
28 3774
28 3775
28 3776
28 3777
28 3786
28 3787
28 3788
28 3789
28 3790
28 3791
28 3792
28 3793
28 3794
28 3795
28 3796
28 3797
28 3798
28 3799
28 3800
28 3801
28 3802
28 3803
28 3812
28 3815
28 3816
28 3817
28 3818
28 3819
28 3820
28 3821
28 3822
28 3823
28 3830
28 3831
28 3834
28 3835
28 3836
28 3837
28 3838
28 3841
28 3855
28 3901
28 3978
28 3980
28 3981
28 3982
28 4029
28 4031
28 4032
28 4034
28 4045
28 4064
28 4065
28 4066
28 4067
28 4069
28 4100
28 4101
28 4102
28 4103
28 4105
28 4114
28 4115
28 4116
28 4117
28 4119
28 4251
28 4268
28 4269
28 4346
28 4347
28 4368
28 4379
28 4380
28 4381
28 4382
28 4383
28 4384
28 4385
28 4386
28 4387
28 4388
28 4389
28 4390
28 4391
28 4392
28 4393
28 4394
28 4395
28 4396
28 4397
28 4398
28 4399
28 4400
28 4401
28 4402
28 4403
28 4404
28 4405
28 4406
28 4407
28 4408
28 4409
28 4410
28 4411
28 4412
28 4413
28 4414
28 4415
28 4416
28 4429
28 4430
28 4431
28 4432
28 4433
28 4434
28 4435
28 4436
28 4437
28 4438
28 4439
28 4440
28 4441
28 4442
28 4443
28 4444
28 4445
28 4446
28 4447
28 4448
28 4449
28 4451
28 4452
28 4453
28 4456
28 4459
28 4460
28 4461
28 4467
28 4469
28 4470
28 4471
28 4476
28 4519
28 4544
28 4545
28 4546
28 4547
28 4548
28 4549
28 4550
28 4552
28 4553
28 4554
28 4555
28 4556
28 4557
28 4558
28 4559
28 4560
28 4561
28 4562
28 4563
28 4564
28 4565
28 4566
28 4567
28 4568
28 4569
28 4570
28 4571
28 4572
28 4573
28 4574
28 4575
28 4576
28 4577
28 4578
28 4579
28 4580
28 4581
28 4582
28 4583
28 4584
28 4585
28 4586
28 4587
28 4588
28 4589
28 4590
28 4591
28 4592
28 4593
28 4594
28 4595
28 4596
28 4597
28 4598
28 4599
28 4600
28 4601
28 4602
28 4603
28 4604
28 4605
28 4606
28 4607
28 4608
28 4609
28 4610
28 4611
28 4612
28 4613
28 4614
28 4615
28 4616
28 4617
28 4618
28 4619
28 4620
28 4621
28 4622
28 4623
28 4624
28 4625
28 4626
28 4627
28 4628
28 4629
28 4630
28 4633
28 4640
28 4654
28 4662
28 4671
28 4681
28 4684
28 4685
28 4686
28 4687
28 4688
28 4689
28 4690
28 4691
28 4692
28 4693
28 4694
28 4695
28 4696
28 4697
28 4698
28 4699
28 4700
28 4701
28 4702
28 4703
28 4704
28 4705
28 4706
28 4707
28 4708
28 4709
28 4710
28 4711
28 4712
28 4713
28 4714
28 4715
28 4716
28 4717
28 4718
28 4719
28 4720
28 4721
28 4722
28 4723
28 4724
28 4725
28 4726
28 4727
28 4728
28 4729
28 4730
28 4731
28 4732
28 4733
28 4734
28 4735
28 4736
28 4738
28 4739
28 4740
28 4741
28 4742
28 4743
28 4744
28 4745
28 4746
28 4747
28 4748
28 4749
28 4750
28 4751
28 4752
28 4753
28 4754
28 4756
28 4757
28 4758
28 4759
28 4760
28 4763
28 4764
28 4765
28 4766
28 4767
28 4768
28 4769
28 4770
28 4771
28 4772
28 4775
28 4777
28 4780
28 4790
28 4798
28 4799
28 4800
28 4801
28 4802
28 4803
28 4804
28 4805
28 4806
28 4807
28 4808
28 4809
28 4810
28 4811
28 4812
28 4823
28 4824
28 4825
28 4826
28 4827
28 4828
28 4829
28 4836
28 4848
28 4897
28 4902
28 4923
28 4927
28 4928
28 4929
28 4932
28 4933
28 4948
28 4949
28 4950
28 4982
28 4994
28 4995
28 5002
28 5012
28 5013
28 5015
28 5017
28 5026
28 5042
28 5054
28 5073
28 5121
28 5125
28 5132
28 5133
28 5134
28 5139
28 5140
28 5142
28 5146
28 5149
28 5154
28 5164
28 5171
28 5179
28 5180
28 5188
28 5189
28 5191
28 5194
28 5196
28 5197
28 5208
28 5235
28 5240
28 5249
28 5268
28 5289
28 5291
28 5294
28 5295
28 5296
28 5304
28 5305
28 5313
28 5318
28 5319
28 5320
28 5322
28 5323
28 5324
28 5328
28 5336
28 5375
28 5378
28 5385
28 5409
28 7543
29 41
29 53
29 3809
30 41
30 2502
30 2503
30 2581
30 4236
31 41
31 53
31 1497
31 1499
31 6405
32 42
32 51
32 52
32 53
32 55
32 99
32 101
32 139
32 160
32 161
32 164
32 200
32 201
32 202
32 204
32 205
32 206
32 255
32 260
32 276
32 279
32 298
32 326
32 328
32 333
32 335
32 374
32 378
32 383
32 386
32 436
32 452
32 485
32 486
32 487
32 490
32 492
32 493
32 499
32 517
32 541
32 542
32 545
32 611
32 628
32 641
32 645
32 667
32 669
32 670
32 671
32 681
32 689
32 691
32 696
32 714
32 786
32 788
32 811
32 812
32 817
32 819
32 830
32 833
32 836
32 837
32 848
32 918
32 938
32 939
32 943
32 946
32 963
32 966
32 970
32 977
32 982
32 983
32 992
32 1001
32 1012
32 1026
32 1028
32 1059
32 1061
32 1063
32 1082
32 1087
32 1103
32 1106
32 1120
32 1124
32 1139
32 1143
32 1153
32 1154
32 1173
32 1175
32 1177
32 1196
32 1221
32 1222
32 1242
32 1254
32 1259
32 1264
32 1287
32 1288
32 1339
32 1340
32 1341
32 1346
32 1350
32 1362
32 1375
32 1376
32 1400
32 1404
32 1420
32 1421
32 1422
32 1425
32 1457
32 1459
32 1839
32 1946
32 1947
32 1991
32 2236
32 2370
32 2573
32 2636
32 2886
32 2887
32 2888
32 2889
32 2890
32 2891
32 2892
32 2893
32 2894
32 2895
32 2896
32 2897
32 2898
32 2899
32 2900
32 2901
32 2902
32 2903
32 2904
32 2905
32 2906
32 2907
32 2908
32 2909
32 2943
32 2944
32 2945
32 2946
32 2947
32 2948
32 2949
32 2950
32 2951
32 2952
32 2975
32 2976
32 2977
32 2978
32 2979
32 2981
32 3046
32 3047
32 3097
32 3098
32 3099
32 3100
32 3101
32 3102
32 3139
32 3140
32 3141
32 3147
32 3148
32 3149
32 3153
32 3154
32 3156
32 3174
32 3175
32 3176
32 3177
32 3178
32 3179
32 3180
32 3181
32 3182
32 3183
32 3185
32 3188
32 3198
32 3264
32 3317
32 3324
32 3345
32 3353
32 3357
32 3414
32 3415
32 3416
32 3417
32 3418
32 3419
32 3420
32 3421
32 3422
32 3423
32 3424
32 3425
32 3426
32 3427
32 3428
32 3429
32 3430
32 3431
32 3432
32 3433
32 3434
32 3435
32 3436
32 3437
32 3438
32 3439
32 3440
32 3441
32 3442
32 3443
32 3516
32 3688
32 3694
32 3696
32 3726
32 3727
32 3728
32 3729
32 3730
32 3731
32 3735
32 3742
32 3775
32 3818
32 3819
32 3820
32 3865
32 3980
32 4029
32 4031
32 4032
32 4051
32 4093
32 4153
32 4245
32 4346
32 4377
32 4414
32 4415
32 4416
32 4430
32 4431
32 4432
32 4467
32 4553
32 4554
32 4556
32 4557
32 4572
32 4598
32 4599
32 4600
32 4601
32 4602
32 4603
32 4604
32 4605
32 4606
32 4607
32 4608
32 4609
32 4610
32 4611
32 4612
32 4613
32 4614
32 4615
32 4616
32 4617
32 4633
32 4723
32 4750
32 4768
32 4774
32 4790
32 4791
32 4797
32 4819
32 4820
32 4822
32 4832
32 4833
32 4854
32 4863
32 4920
32 4924
32 4946
32 5056
32 5074
32 5095
32 5100
32 5114
32 5130
32 5138
32 5146
32 5436
32 5704
32 5759
32 5856
32 5883
32 6045
32 6071
32 6172
32 6174
32 6184
32 6188
32 6209
32 6213
32 6218
32 6219
32 6221
32 6275
32 6277
32 6278
32 6279
32 6285
32 6286
32 6343
32 6355
32 6426
32 6430
32 6434
32 6442
32 6497
32 6498
32 6499
32 6500
32 6501
32 6502
32 6503
32 6504
32 6505
32 6506
32 6507
32 6508
32 6509
32 6510
32 6511
32 6512
32 6513
32 6514
32 6515
32 6516
32 6517
32 6518
32 6519
32 6520
32 6521
32 6567
32 6568
32 6571
32 6572
32 6573
32 6574
32 6575
32 6576
32 6577
32 6578
32 6579
32 6580
32 6589
32 6612
32 6613
32 6614
32 6615
32 6616
32 6619
32 6620
32 6621
32 6643
32 6647
32 6648
32 6649
32 6650
32 6651
32 6652
32 6653
32 6654
32 6655
32 6656
32 6657
32 6658
32 6659
32 6660
32 6661
32 6662
32 6663
32 6664
32 6665
32 6666
32 6667
32 6668
32 6669
32 6670
32 6671
32 6672
32 6673
32 6674
32 6675
32 6676
32 6677
32 6678
32 6679
32 6680
32 6681
32 6682
32 6683
32 6684
32 6685
32 6686
32 6687
32 6688
32 6689
32 6690
32 6691
32 6692
32 6693
32 6694
32 6695
32 6696
32 6697
32 6698
32 6699
32 6700
32 6701
32 6702
32 6703
32 6704
32 6705
32 6706
32 6720
32 6721
32 6722
32 6723
32 6724
32 6725
32 6726
32 6727
32 6728
32 6729
32 6730
32 6731
32 6732
32 6733
32 6734
32 6735
32 6736
32 6737
32 6738
32 6739
32 6740
32 6741
32 6742
32 6743
32 6744
32 6745
32 6746
32 6747
32 6748
32 6749
32 6750
32 6751
32 6752
32 6753
32 6758
32 6759
32 6760
32 6761
32 6763
32 6764
32 6765
32 6766
32 6767
32 6768
32 6769
32 6770
32 6771
32 6772
32 6773
32 6774
32 6775
32 6776
32 6777
32 6778
32 6779
32 6780
32 6781
32 6782
32 6783
32 6784
32 6785
32 6786
32 6787
32 6788
32 6789
32 6790
32 6791
32 6792
32 6793
32 6794
32 6795
32 6796
32 6797
32 6798
32 6799
32 6800
32 6801
32 6802
32 6803
32 6804
32 6805
32 6830
32 6831
32 6832
32 6833
32 6834
32 6835
32 6836
32 6837
32 6838
32 6839
32 6840
32 6841
32 6842
32 6843
32 6844
32 6845
32 6846
32 6847
32 6848
32 6849
32 6850
32 6851
32 6852
32 6853
32 6854
32 6855
32 6856
32 6857
32 6858
32 6859
32 6860
32 6861
32 6862
32 6863
32 6864
32 6865
32 6866
32 6867
32 6868
32 6869
32 6870
32 6871
32 6872
32 6873
32 6874
32 6875
32 6876
32 6877
32 6878
32 6879
32 6880
32 6881
32 6882
32 6883
32 6884
32 6885
32 6886
32 6887
32 6888
32 6889
32 6890
32 6891
32 6892
32 6893
32 6894
32 6895
32 6896
32 6897
32 6898
32 6899
32 6900
32 6901
32 6902
32 6903
32 6904
32 6905
32 6906
32 6907
32 6908
32 6909
32 6910
32 6911
32 6912
32 6913
32 6914
32 6915
32 6916
32 6917
32 6918
32 6919
32 6920
32 6921
32 6922
32 6923
32 6924
32 6925
32 6926
32 6927
32 6928
32 6929
32 6930
32 6931
32 6932
32 6933
32 6934
32 6935
32 6936
32 6937
32 6938
32 6939
32 6940
32 6941
32 6942
32 6943
32 6944
32 6945
32 6946
32 6947
32 6948
32 6949
32 6950
32 6951
32 6952
32 6953
32 6954
32 6955
32 6956
32 6957
32 6958
32 6959
32 6960
32 6961
32 6962
32 6963
32 6964
32 6965
32 6966
32 6967
32 6968
32 6969
32 6970
32 6971
32 6972
32 6973
32 6974
32 6975
32 6976
32 6977
32 6978
32 6979
32 6980
32 6981
32 6982
32 6983
32 6984
32 6985
32 6986
32 6987
32 6988
32 6989
32 6990
32 6991
32 6992
32 6993
32 6994
32 6997
32 6998
32 6999
32 7000
32 7001
32 7002
32 7003
32 7004
32 7005
32 7006
32 7007
32 7008
32 7009
32 7010
32 7011
32 7012
32 7013
32 7014
32 7015
32 7016
32 7017
32 7018
32 7019
32 7020
32 7021
32 7022
32 7023
32 7024
32 7025
32 7026
32 7027
32 7028
32 7029
32 7030
32 7031
32 7032
32 7033
32 7034
32 7035
32 7036
32 7037
32 7038
32 7039
32 7040
32 7041
32 7042
32 7043
32 7044
32 7045
32 7046
32 7047
32 7048
32 7049
32 7050
32 7051
32 7058
32 7059
32 7060
32 7061
32 7062
32 7063
32 7064
32 7065
32 7066
32 7067
32 7068
32 7069
32 7070
32 7071
32 7079
32 7080
32 7081
32 7082
32 7083
32 7084
32 7085
32 7086
32 7101
32 7102
32 7103
32 7104
32 7105
32 7106
32 7107
32 7108
32 7109
32 7110
32 7111
32 7112
32 7113
32 7114
32 7115
32 7116
32 7117
32 7118
32 7119
32 7120
32 7121
32 7122
32 7123
32 7124
32 7125
32 7126
32 7127
32 7128
32 7129
32 7130
32 7131
32 7132
32 7133
32 7134
32 7135
32 7136
32 7137
32 7138
32 7139
32 7140
32 7141
32 7142
32 7143
32 7144
32 7145
32 7146
32 7147
32 7148
32 7149
32 7150
32 7151
32 7152
32 7153
32 7154
32 7155
32 7156
32 7157
32 7158
32 7159
32 7160
32 7161
32 7162
32 7163
32 7164
32 7165
32 7166
32 7167
32 7168
32 7169
32 7170
32 7171
32 7172
32 7173
32 7174
32 7175
32 7176
32 7177
32 7178
32 7179
32 7180
32 7181
32 7182
32 7183
32 7184
32 7185
32 7186
32 7187
32 7188
32 7189
32 7190
32 7191
32 7192
32 7193
32 7199
32 7200
32 7201
32 7202
32 7203
32 7204
32 7205
32 7206
32 7207
32 7208
32 7209
32 7210
32 7211
32 7216
32 7217
32 7218
32 7219
32 7220
32 7221
32 7222
32 7223
32 7224
32 7225
32 7226
32 7227
32 7228
32 7230
32 7233
32 7234
32 7235
32 7236
32 7237
32 7238
32 7239
32 7246
32 7262
32 7263
32 7264
32 7265
32 7266
32 7267
32 7268
32 7269
32 7270
32 7271
32 7272
32 7273
32 7287
32 7288
32 7289
32 7290
32 7291
32 7292
32 7293
32 7315
32 7316
32 7324
32 7382
32 7404
32 7435
32 7436
32 7543
32 7662
32 7663
32 7717
32 7724
32 7735
32 7785
32 7926
32 7941
32 7970
32 7985
32 8019
32 8044
32 8054
32 8168
32 8169
32 8287
32 8301
33 43
33 53
33 115
33 412
33 586
33 680
33 919
33 1015
33 1030
33 1076
33 1466
33 1552
33 2263
33 2422
33 2463
33 2515
33 2528
33 2535
33 2656
33 2954
33 4740
33 4967
33 5056
33 5417
33 5780
33 5899
33 5940
33 6132
33 6177
33 6216
33 6240
33 7382
33 7404
33 8387
33 8388
33 8389
33 8390
33 8391
33 8392
33 8393
33 8394
33 8395
33 8396
33 8397
33 8398
33 8399
33 8400
33 8401
33 8402
33 8403
33 8404
33 8405
33 8406
33 8407
33 8408
33 8409
33 8410
33 8411
33 8412
33 8413
33 8414
33 8415
33 8416
33 8417
33 8418
33 8419
33 8420
33 8421
33 8422
33 8423
33 8424
33 8425
33 8426
33 8427
33 8428
33 8429
33 8430
33 8431
33 8432
33 8433
33 8434
33 8435
33 8436
33 8437
33 8438
33 8439
33 8440
33 8441
33 8442
33 8443
33 8444
33 8445
33 8446
33 8447
33 8448
33 8449
33 8450
33 8451
33 8452
33 8453
33 8454
33 8455
33 8456
33 8457
33 8458
33 8459
33 8460
33 8461
33 8462
33 8463
33 8464
33 8465
33 8466
33 8467
33 8468
33 8469
33 8470
33 8471
33 8472
33 8473
33 8474
33 8475
33 8476
33 8477
33 8478
33 8479
33 8480
33 8481
33 8482
33 8483
33 8484
33 8485
33 8486
33 8487
33 8488
33 8489
33 8490
33 8491
33 8492
33 8493
33 8494
33 8495
33 8496
33 8497
33 8498
33 8499
33 8500
33 8501
33 8502
33 8503
33 8504
33 8505
33 8506
33 8507
33 8508
33 8509
33 8510
33 8511
33 8512
34 45
34 132
34 134
34 141
34 151
34 170
34 181
34 185
34 187
34 191
34 226
34 227
34 229
34 237
34 238
34 239
34 265
34 266
34 271
34 274
34 277
34 283
34 288
34 293
34 294
34 305
34 309
34 312
34 320
34 338
34 341
34 355
34 357
34 360
34 364
34 379
34 397
34 398
34 402
34 405
34 411
34 413
34 419
34 420
34 433
34 438
34 456
34 463
34 464
34 469
34 470
34 500
34 521
34 523
34 529
34 530
34 531
34 532
34 534
34 546
34 550
34 551
34 552
34 560
34 582
34 587
34 591
34 592
34 598
34 604
34 618
34 630
34 633
34 636
34 650
34 652
34 653
34 661
34 672
34 674
34 678
34 705
34 709
34 720
34 752
34 764
34 766
34 770
34 781
34 784
34 785
34 793
34 802
34 805
34 807
34 826
34 828
34 831
34 899
34 902
34 920
34 927
34 932
34 944
34 946
34 957
34 964
34 976
34 990
34 994
34 1051
34 1056
34 1156
34 1199
34 1247
34 1250
34 1285
34 1415
34 1528
34 1569
34 1614
34 1689
34 1701
34 1703
34 1706
34 1710
34 1742
34 1971
34 1977
34 1985
34 1992
34 2001
34 2024
34 2026
34 2086
34 2099
34 2115
34 2116
34 2128
34 2187
34 2239
34 2266
34 2273
34 2285
34 2318
34 2319
34 2407
34 2426
34 2431
34 2435
34 2437
34 2445
34 2484
34 2538
34 2539
34 2592
34 2668
34 2766
34 2775
34 2776
34 2868
34 2871
34 2873
34 2874
34 2913
34 2915
34 2928
34 2961
34 2965
34 2967
34 2991
34 2993
34 3055
34 3066
34 3076
34 3114
34 3116
34 3128
34 3131
34 3135
34 3143
34 3162
34 3206
34 3225
34 3240
34 3252
34 3257
34 3259
34 3262
34 3279
34 3291
34 3294
34 3305
34 3313
34 3320
34 3333
34 3342
34 3344
34 3347
34 3362
34 3410
34 3503
34 3527
34 3537
34 3548
34 3560
34 3565
34 3592
34 3594
34 3600
34 3618
34 3625
34 3658
34 3691
34 3705
34 3721
34 3777
34 3831
34 3874
34 3894
34 3898
34 3899
34 3916
34 3918
34 3920
34 3928
34 3955
34 4035
34 4063
34 4114
34 4122
34 4140
34 4141
34 4263
34 4264
34 4269
34 4270
34 4303
34 4330
34 4331
34 4439
34 4441
34 4446
34 4451
34 4470
34 4505
34 4519
34 4528
34 4564
34 4566
34 4628
34 4630
34 4694
34 4752
34 4757
34 4763
34 4813
34 4831
34 4940
34 4950
34 4954
34 5107
34 5249
34 5395
34 5440
34 5798
34 5799
34 5802
34 5832
34 5833
34 5834
34 5837
34 5844
34 5869
34 5894
34 5919
34 5936
34 5945
34 6016
34 6043
34 6044
34 6052
34 6053
34 6061
34 6066
34 6077
34 6079
34 6083
34 6088
34 6096
34 6097
34 6126
34 6149
34 6228
34 6238
34 6267
34 6324
34 6415
34 6417
34 6433
34 7246
34 7325
34 7328
34 7387
34 7403
34 7412
34 7509
34 7599
34 7609
34 7751
34 8099
34 8106
34 8114
34 8223
34 8246
34 8253
34 8284
35 46
35 52
35 54
35 55
35 59
35 60
35 68
35 150
35 160
35 161
35 201
35 203
35 205
35 207
35 208
35 240
35 275
35 284
35 295
35 297
35 299
35 352
35 358
35 361
35 389
35 516
35 528
35 558
35 625
35 662
35 716
35 767
35 768
35 769
35 786
35 788
35 789
35 804
35 1042
35 1095
35 1098
35 1201
35 1458
35 1544
35 1754
35 2232
35 2722
35 2752
35 3265
35 3410
35 3698
35 4887
35 4892
35 4928
35 4929
35 4930
35 4949
35 4954
35 5035
35 5073
35 5079
35 5312
35 5334
35 5364
35 5365
35 5366
35 5411
35 5416
35 5424
35 5444
35 5456
35 5531
35 5545
35 5572
35 5588
35 5596
35 5613
35 5618
35 5627
35 5651
35 5655
35 5669
35 5674
35 5688
35 5697
35 5716
35 5722
35 5736
35 5739
35 5757
35 5765
35 5769
35 5783
35 5790
35 5809
35 5813
35 5814
35 5815
35 5816
35 5817
35 5818
35 5821
35 5831
35 5836
35 5851
35 5861
35 5867
35 5875
35 5893
35 5905
35 5927
35 5962
35 6003
35 6013
35 6016
35 6027
35 6033
35 6050
35 6059
35 6068
35 6074
35 6076
35 6079
35 6085
35 6093
35 6123
35 6149
35 6152
35 6164
35 6195
35 6235
35 6245
35 6253
35 6267
35 6278
35 6285
35 6297
35 6304
35 6324
35 6492
35 6584
35 6587
35 6647
35 6714
35 6870
35 6895
35 6910
35 7072
35 7109
35 7263
35 7305
35 7310
35 7329
35 7509
35 7532
35 7556
35 7562
35 7572
35 7582
35 7588
35 7599
35 7812
35 7827
35 7850
35 7909
35 7962
35 7987
35 8022
35 8048
35 8100
35 8107
35 8111
35 8115
35 8116
35 8128
36 48
36 49
36 103
36 104
36 105
36 106
36 107
36 115
36 142
36 169
36 234
37 49
37 53
37 78
37 92
37 100
37 115
37 120
37 133
37 142
37 194
37 251
37 263
37 418
37 525
37 550
37 613
37 711
37 721
37 751
37 779
37 784
37 1093
37 1098
37 1210
37 1214
37 1224
37 1304
37 1462
37 1696
37 1987
37 2914
37 3294
37 4420
37 4468
37 4647
37 4791
37 4870
37 5017
37 5591
37 5908
38 50
38 51
38 52
38 53
38 54
38 59
38 60
38 78
38 118
38 150
38 151
38 159
38 160
38 161
38 170
38 191
38 201
38 202
38 203
38 204
38 205
38 206
38 227
38 237
38 238
38 240
38 272
38 275
38 276
38 283
38 284
38 295
38 299
38 352
38 358
38 361
38 389
38 393
38 499
38 516
38 522
38 528
38 558
38 560
38 644
38 662
38 673
38 681
38 716
38 767
38 768
38 769
38 788
38 804
38 806
38 810
38 834
38 844
38 970
38 1042
38 1064
38 1086
38 1089
38 1092
38 1095
38 1098
38 1119
38 1142
38 1144
38 1155
38 1168
38 1191
38 1195
38 1217
38 1219
38 1222
38 1254
38 1263
38 1282
38 1341
38 1346
38 1400
38 1544
38 1545
38 1600
38 1676
38 1749
38 1753
38 1754
38 1765
38 1774
38 1880
38 1977
38 2133
38 2168
38 2208
38 2553
38 2660
38 2722
38 2810
38 2871
38 2915
38 2967
38 2992
38 3020
38 3021
38 3031
38 3036
38 3038
38 3040
38 3135
38 3209
38 3259
38 3404
38 3525
38 3562
38 3632
38 3698
38 3914
38 4544
38 4887
38 4892
38 4928
38 4930
38 4949
38 4975
38 4976
38 5013
38 5017
38 5035
38 5138
38 5278
38 5411
38 5424
38 5613
38 5618
38 5627
38 5630
38 5638
38 5639
38 5642
38 5651
38 5655
38 5669
38 5674
38 5697
38 5722
38 5783
38 5794
38 5795
38 5815
38 5831
38 6582
38 6588
38 6590
38 6675
38 6684
38 6727
38 6754
38 6780
38 6804
38 6880
38 6895
38 6930
38 6998
38 7033
38 7072
38 7084
38 7154
38 7190
38 7263
38 7264
38 7267
38 7297
38 7305
38 7306
38 7310
38 7321
38 7324
38 7325
38 7334
38 7354
38 7355
38 7356
38 7380
38 7387
39 51
39 54
39 59
39 66
39 161
39 201
39 205
39 207
39 240
39 284
39 295
39 299
39 352
39 358
39 558
39 681
39 716
39 788
39 1042
39 1092
39 1544
39 1545
39 1754
39 4977
39 5419
39 5992
39 5993
40 51
40 52
40 59
40 160
40 165
40 183
40 207
40 208
40 240
40 284
40 358
40 751
40 767
40 768
40 789
40 834
40 901
40 1097
40 1155
40 1263
40 1413
40 1420
40 1738
40 1754
40 2810
40 3209
40 3294
40 4122
40 5127
40 6589
40 7324
41 52
41 55
41 59
41 151
41 159
41 161
41 165
41 170
41 183
41 191
41 201
41 208
41 227
41 237
41 240
41 284
41 572
41 662
41 681
41 722
41 723
41 724
41 725
41 728
41 899
41 2024
41 3206
41 3294
42 52
42 204
42 1341
42 6589
42 7212
43 52
43 59
43 201
43 202
43 204
43 299
43 352
43 358
43 499
43 528
43 558
43 673
43 751
43 767
43 768
43 769
43 789
43 1064
43 1089
43 1092
43 1119
43 1142
43 1144
43 1195
43 1201
43 1213
43 1217
43 1219
43 1263
43 1341
43 1412
43 1413
43 1420
43 1458
43 1600
43 1676
43 1681
43 1749
43 1880
43 2095
43 2155
43 2291
43 2660
43 2752
43 3018
43 3019
43 3020
43 3021
43 3036
43 3038
43 3040
43 3044
43 3209
43 3223
43 3284
43 3404
43 3479
43 3632
43 3657
43 3698
43 4445
43 4949
43 5138
43 5194
43 5278
43 5294
43 5638
43 5642
43 5790
43 5817
43 5818
43 5875
43 5893
43 5898
43 5905
43 5980
43 6041
43 6050
43 6059
43 6092
43 6101
43 6164
43 6169
43 6174
43 6245
43 6253
43 6277
43 6278
43 6349
43 6492
43 6591
43 6647
43 6661
43 6675
43 6689
43 6705
43 6717
43 6780
43 6864
43 6869
43 6879
43 6906
43 6914
43 6986
43 7026
43 7062
43 7072
43 7168
43 7190
43 7228
43 7263
43 7265
43 7267
43 7297
43 7310
43 7356
43 7387
43 7532
43 7553
43 7554
43 7572
43 7573
43 7578
43 7580
43 7582
43 7588
43 7590
43 7620
43 7655
43 7666
43 7675
43 7676
43 7677
43 7685
43 7738
43 7812
43 7818
43 7827
43 7831
43 7928
43 7962
43 7987
43 8003
43 8014
43 8106
43 8172
43 8230
43 8231
43 8247
43 8252
43 8284
44 53
44 89
44 434
45 53
45 57
45 1098
46 53
46 86
46 93
46 648
47 53
47 264
48 53
48 118
48 198
48 241
48 321
48 323
48 327
48 751
49 53
49 405
49 410
49 412
49 598
49 4118
50 53
50 177
51 53
51 71
51 341
51 364
51 397
51 411
51 415
51 418
51 419
51 421
51 431
51 443
51 751
52 53
52 253
52 911
52 1597
52 1598
52 1632
53 53
53 177
53 588
53 590
53 2346
54 53
54 253
54 731
54 732
54 751
55 53
55 1269
55 2664
55 3006
56 53
56 92
56 754
56 756
56 757
56 758
56 759
56 760
56 761
56 764
56 776
56 1300
56 1344
56 1349
56 1352
56 1357
56 1360
56 1363
56 1415
56 4762
56 4789
56 5026
56 7243
56 7255
57 53
57 92
57 121
57 122
57 368
57 371
57 583
57 681
57 1139
57 1402
57 1485
57 1725
57 1726
57 1848
57 2310
57 2323
57 2332
57 2343
57 2344
57 2359
57 2370
57 2371
57 2825
57 2826
57 3636
57 3645
57 4551
57 4657
57 4658
57 4659
57 4680
57 4681
57 4682
57 4685
57 5762
57 5798
57 6081
58 53
58 4761
59 53
59 84
59 177
59 183
59 198
59 253
59 263
59 307
59 605
59 625
59 681
59 744
59 1014
59 1098
59 1332
59 1547
59 1577
59 1640
59 1913
59 2190
59 2192
59 2235
59 2748
59 3258
59 3670
59 3750
59 3855
59 3861
59 4040
59 4043
59 4096
59 4889
59 4894
59 4896
59 4897
59 4904
59 4906
59 4912
59 4913
59 4915
59 4916
59 4927
59 4947
59 4961
59 4962
59 4963
59 4967
59 5002
59 5017
59 5026
59 5037
59 5045
59 5046
59 5047
59 5048
59 5049
59 5050
59 5052
59 5056
59 5067
59 5118
59 5121
59 5125
59 5135
59 5136
59 5137
59 5175
59 5277
59 5278
59 5279
59 5280
59 5281
59 5285
59 5360
59 5361
59 5363
59 5373
59 5428
59 5431
59 5432
59 5435
59 5458
59 5471
59 5473
59 5474
59 5475
59 5476
59 5479
59 5480
59 5487
59 5494
59 5495
59 5496
59 5497
59 5498
59 5499
59 5500
59 5508
59 5509
59 5510
59 5521
59 5568
59 5578
59 5579
59 5580
59 5599
59 5603
59 5604
59 5605
59 5616
59 5617
59 5618
59 5619
59 5663
59 5664
59 5666
59 5667
59 5668
59 5669
59 5670
59 5692
59 5755
59 5761
59 5812
59 5813
59 5814
59 5815
59 5816
59 5817
59 5818
59 5824
59 5840
59 6037
59 6038
59 6131
59 6280
59 6281
59 6282
59 6283
59 7543
60 53
60 4955
60 4966
61 53
61 78
61 118
61 151
61 159
61 165
61 170
61 183
61 231
61 681
61 789
61 1097
61 1332
61 1344
61 1873
61 1877
61 1952
61 1970
61 1997
61 2085
61 2297
61 2382
61 3009
61 3294
61 3300
61 3360
61 3521
61 3559
61 4022
61 4050
61 4317
61 4922
61 4954
61 4986
61 5001
61 5002
61 5008
61 5011
61 5017
61 5024
61 5026
61 5028
61 5029
61 5030
61 5034
61 5035
61 5037
61 5039
61 5043
61 5044
61 5054
61 5058
61 5061
61 5084
61 5088
61 5143
61 5155
61 5156
61 5157
61 5160
61 5161
61 5162
61 5164
61 5165
61 5166
61 5167
61 5168
61 5169
61 5170
61 5171
61 5172
61 5173
61 5174
61 5175
61 5176
61 5177
61 5186
61 5187
61 5203
61 5204
61 5205
61 5206
61 5207
61 5208
61 5209
61 5210
61 5211
61 5212
61 5213
61 5214
61 5215
61 5216
61 5217
61 5218
61 5219
61 5220
61 5221
61 5222
61 5223
61 5224
61 5230
61 5231
61 5232
61 5233
61 5235
61 5244
61 5269
61 5270
61 5271
61 5299
61 5317
61 5321
61 5369
61 5370
61 5371
61 5372
61 5373
61 5379
61 5386
61 5392
61 5393
61 5394
61 5395
61 5396
61 5401
61 5402
61 5403
61 5404
61 5431
61 5471
61 5472
61 5501
61 5503
61 5538
61 5539
61 5540
61 5560
61 5561
61 5587
61 5590
61 5595
61 5602
61 5606
61 5607
61 5608
61 5609
61 5610
61 5611
61 5631
61 5632
61 5633
61 5665
61 5781
61 5782
61 5799
61 5800
61 5801
61 5802
61 5803
61 5805
61 5806
61 5807
61 5810
61 5825
61 5826
61 6029
61 6064
61 6065
61 6189
61 7524
62 53
62 681
62 4912
62 5017
62 5051
62 5052
62 5084
62 5085
63 53
63 82
63 158
63 191
63 263
63 265
63 281
63 384
63 460
63 517
63 681
63 797
63 801
63 898
63 1014
63 1280
63 1486
63 1506
63 1521
63 1970
63 2190
63 2196
63 2882
63 2883
63 2968
63 3006
63 3061
63 3062
63 3093
63 3129
63 3204
63 3238
63 3268
63 3281
63 3294
63 3299
63 3306
63 3390
63 3504
63 3526
63 3528
63 3581
63 3595
63 3670
63 3678
63 3679
63 3767
63 3836
63 3860
63 3936
63 3992
63 4108
63 4317
63 4664
63 4864
63 4912
63 4915
63 4926
63 4945
63 4960
63 5074
63 5097
63 5122
63 5136
63 5142
63 5171
63 5208
63 5240
63 5241
63 5242
63 5243
63 5245
63 5249
63 5263
63 5266
63 5267
63 5272
63 5273
63 5274
63 5275
63 5276
63 5279
63 5280
63 5282
63 5283
63 5284
63 5285
63 5286
63 5287
63 5306
63 5308
63 5309
63 5310
63 5312
63 5313
63 5314
63 5315
63 5316
63 5326
63 5327
63 5328
63 5332
63 5334
63 5335
63 5339
63 5340
63 5342
63 5346
63 5347
63 5348
63 5349
63 5350
63 5354
63 5355
63 5356
63 5359
63 5362
63 5363
63 5364
63 5365
63 5366
63 5367
63 5368
63 5374
63 5375
63 5376
63 5377
63 5381
63 5382
63 5383
63 5389
63 5391
63 5397
63 5398
63 5399
63 5400
63 5407
63 5408
63 5410
63 5411
63 5414
63 5417
63 5418
63 5419
63 5423
63 5424
63 5425
63 5426
63 5427
63 5428
63 5429
63 5437
63 5439
63 5442
63 5443
63 5444
63 5445
63 5446
63 5447
63 5448
63 5449
63 5450
63 5451
63 5452
63 5453
63 5454
63 5462
63 5463
63 5464
63 5465
63 5466
63 5467
63 5468
63 5469
63 5474
63 5475
63 5477
63 5478
63 5479
63 5481
63 5482
63 5483
63 5484
63 5485
63 5486
63 5487
63 5488
63 5489
63 5490
63 5491
63 5492
63 5493
63 5500
63 5504
63 5505
63 5506
63 5507
63 5511
63 5512
63 5513
63 5514
63 5515
63 5516
63 5517
63 5518
63 5519
63 5520
63 5521
63 5522
63 5523
63 5524
63 5525
63 5526
63 5536
63 5537
63 5544
63 5545
63 5546
63 5547
63 5548
63 5549
63 5550
63 5551
63 5552
63 5553
63 5554
63 5555
63 5556
63 5557
63 5559
63 5563
63 5564
63 5565
63 5566
63 5567
63 5568
63 5569
63 5570
63 5571
63 5572
63 5573
63 5574
63 5575
63 5582
63 5583
63 5584
63 5585
63 5586
63 5587
63 5588
63 5589
63 5591
63 5592
63 5593
63 5594
63 5595
63 5596
63 5597
63 5598
63 5599
63 5600
63 5601
63 5621
63 5635
63 5636
63 5637
63 5638
63 5639
63 5645
63 5659
63 5672
63 5673
63 5674
63 5675
63 5676
63 5677
63 5692
63 5693
63 5695
63 5700
63 5701
63 5702
63 5726
63 5741
63 5742
63 5780
63 5805
63 5862
63 5863
63 5864
63 5868
63 5871
63 5872
63 5873
63 5874
63 5875
63 5876
63 5877
63 5878
63 5879
63 5880
63 5882
63 5885
63 5886
63 5887
63 5888
63 5889
63 5924
63 5927
63 5929
63 5941
63 5971
63 5972
63 5973
63 5974
63 5975
63 5976
63 5977
63 5978
63 6030
63 6031
63 6032
63 6033
63 6034
63 6035
63 6036
63 6120
63 6128
64 53
64 263
64 681
64 1486
64 4912
64 4915
64 4954
64 5008
64 5026
64 5037
64 5176
64 5428
64 5438
64 5440
64 5441
64 5460
64 5461
64 5527
64 5528
64 5554
64 5570
64 5576
64 5577
64 5578
64 5581
64 5590
64 5591
64 5622
64 5640
64 5641
64 5642
64 5643
64 5645
64 5653
64 5657
64 5658
64 5659
64 5662
64 5679
64 5684
64 5692
64 5712
64 5713
64 5714
64 5715
64 5716
64 5717
64 5718
64 5727
64 5734
64 5743
64 5744
64 5745
64 5746
64 5747
64 5925
64 5926
64 5928
64 5929
65 53
65 69
65 141
65 318
65 320
65 532
65 533
65 550
65 592
65 609
65 681
65 704
65 736
65 751
65 756
65 763
65 773
65 805
65 827
65 846
65 849
65 853
65 899
65 1038
65 1068
65 1098
65 1105
65 1152
65 1162
65 1163
65 1200
65 1235
65 1366
65 1391
65 1392
65 1393
65 1394
65 1403
65 1526
65 1817
65 1971
65 2187
65 2285
65 2319
65 2426
65 2465
65 2488
65 2541
65 2543
65 2592
65 2658
65 2661
65 2939
65 3010
65 3206
65 3313
65 3320
65 3362
65 3592
65 3625
65 3733
65 4278
65 4303
65 4446
65 4470
65 5748
65 5749
65 5750
65 5752
65 5827
65 6232
65 6260
65 7495
65 8354
65 8355
65 8386
66 53
66 5811
67 53
67 5891
67 5897
67 5901
67 5915
67 5918
67 5931
67 5984
67 6005
68 53
68 4912
68 6229
68 6257
68 6267
68 6268
69 53
69 55
69 208
69 361
69 528
69 681
69 768
69 5017
69 6020
69 6021
70 53
70 4912
70 6120
70 6121
70 6125
71 53
71 4912
71 4954
71 5008
71 5056
71 6132
71 6159
71 6405
71 6406
72 53
72 6263
73 53
73 6335
73 6336
74 53
75 53
75 4882
76 53
77 53
78 53
79 53
80 53
80 5405
80 5406
81 53
81 5056
81 6995
82 53
82 681
82 4924
82 5017
82 5056
82 6491
82 7157
82 7274
82 7275
82 7279
82 7312
82 7313
82 7314
83 53
84 53
85 53
86 53
86 5056
86 7382
86 8242
87 53
87 297
87 3204
87 5294
87 7496
88 53
88 263
88 3010
88 3259
88 3294
88 3621
88 3622
88 3763
88 4954
88 5017
88 5037
88 5121
88 5130
88 5172
88 5175
88 5224
88 5235
88 5244
88 5379
88 7422
88 7534
88 7543
88 7671
88 7672
88 7683
88 7709
88 7717
88 7727
88 7751
88 7785
88 7789
88 7806
88 7829
88 7832
88 7848
88 7914
88 7919
88 7958
88 7960
88 7964
88 7965
88 7970
88 7976
88 7983
88 7991
88 7992
88 7993
88 7996
88 8012
88 8083
89 53
89 263
89 1082
89 4954
89 5026
89 5173
89 6491
89 7257
89 7258
89 7259
89 7260
89 7261
89 7382
89 7387
89 7401
89 7610
89 7611
89 7612
89 7614
89 7615
89 7616
89 7751
89 7785
90 53
90 118
90 170
90 173
90 263
90 443
90 642
90 1054
90 1098
90 1178
90 1212
90 1399
90 1696
90 2356
90 2782
90 2911
90 3528
90 3594
90 3811
90 4954
90 4963
90 5008
90 5017
90 5026
90 5037
90 5130
90 5172
90 5479
90 6038
90 6185
90 6256
90 6265
90 6433
90 6762
90 7047
90 7055
90 7317
90 7325
90 7344
90 7348
90 7349
90 7353
90 7354
90 7355
90 7356
90 7383
90 7386
90 7389
90 7395
90 7399
90 7401
90 7402
90 7431
90 7437
90 7500
90 7509
90 7535
90 7536
90 7544
90 7602
90 7932
90 7934
90 7940
90 8074
90 8075
90 8076
90 8155
90 8213
90 8223
90 8227
90 8228
90 8265
90 8266
91 53
92 53
92 8180
93 53
94 53
94 5017
94 5056
95 53
96 53
97 53
98 53
99 53
99 198
99 5017
99 8215
99 8216
99 8217
100 53
100 263
100 1098
100 5017
101 53
101 4954
101 5008
101 5026
101 5037
101 7361
101 7362
101 7415
101 7416
101 7418
101 7419
101 7454
101 7455
101 7472
101 7476
101 7477
101 7511
101 7512
101 7518
101 7519
101 7521
101 7522
101 7529
101 7530
101 7545
101 7546
101 7559
101 7560
102 53
102 4924
103 53
104 53
105 53
106 53
107 53
108 53
108 754
108 2698
108 7214
108 8348
108 8520
108 8528
108 8529
109 53
110 53
110 263
110 5017
110 8512
110 8549
110 8550
110 8551
110 8552
111 53
111 5017
111 7543
111 8551
111 8552
111 8553
112 53
112 6611
112 7856
112 7861
112 7864
112 7865
112 7867
112 7869
112 7871
112 7873
112 7875
112 7876
112 7878
112 7880
112 7883
112 7890
112 7892
112 7896
113 53
114 53
115 53
115 263
115 8552
116 53
117 53
117 78
117 118
117 131
117 151
117 170
117 274
117 313
117 420
117 443
117 525
117 552
117 587
117 636
117 650
117 980
117 1097
117 1115
117 1140
117 1157
117 1160
117 1172
117 1216
117 1264
117 1281
117 1360
117 1378
117 1487
117 1582
117 1584
117 1782
117 1882
117 1913
117 1947
117 2182
117 2229
117 2279
117 2285
117 2354
117 2482
117 2657
117 2704
117 2718
117 2723
117 2733
117 2822
117 2841
117 2914
117 2988
117 2989
117 2990
117 3074
117 3240
117 3249
117 3303
117 3323
117 3350
117 3394
117 3406
117 3528
117 3548
117 3682
117 3693
117 3810
117 3865
117 4118
117 4122
117 4130
117 4422
117 4446
117 4528
117 4657
117 4660
117 4861
117 4902
117 4925
117 4950
117 5008
117 5022
117 5026
117 5037
117 5074
117 5097
117 5107
117 5162
117 5166
117 5173
117 5174
117 5251
117 5362
117 5373
117 5378
117 5439
117 5527
117 5553
117 5584
117 5622
117 5632
117 5645
117 5660
117 5791
117 5793
117 5833
117 5842
117 5864
117 5895
117 5903
117 5916
117 5919
117 6054
117 6064
117 6066
117 6096
117 6148
117 6149
117 6155
117 6160
117 6167
117 6228
117 6270
117 6324
117 6351
117 6470
117 7254
117 7357
117 7378
117 7453
117 7464
117 7466
117 7602
117 7686
117 7718
117 7795
117 7807
117 7905
117 7976
117 7980
117 8009
117 8106
117 8249
117 8253
118 54
118 2456
118 2543
118 3914
118 3924
118 4445
118 4505
118 6405
118 6433
118 7751
118 8106
119 54
120 54
120 55
120 64
120 200
120 205
120 206
120 207
120 240
120 284
120 295
120 352
120 378
120 393
120 473
120 528
120 644
120 662
120 673
120 716
120 717
120 767
120 769
120 788
120 791
120 810
120 844
120 901
120 918
120 977
120 992
120 1042
120 1095
120 1201
120 1222
120 1254
120 1317
120 1338
120 1341
120 1348
120 1377
120 1412
120 1413
120 1420
120 1458
120 1521
120 1544
120 1571
120 1661
120 1738
120 1745
120 1746
120 1751
120 1752
120 1753
120 1754
120 1755
120 1774
120 1988
120 2133
120 2208
120 2212
120 2269
120 2291
120 2349
120 2620
120 2629
120 2660
120 3020
120 3038
120 3044
120 3201
120 3255
120 3322
120 3914
120 4341
120 4814
120 4929
120 4949
120 4975
120 5013
120 5046
120 5047
120 5073
120 5138
120 5294
120 5312
120 5365
120 5366
120 5416
120 5444
120 5545
120 5572
120 5588
120 5627
120 5674
120 5765
120 5769
120 5783
120 5790
120 5794
120 5814
120 5815
120 5816
120 5818
120 5821
120 5831
120 5836
120 5851
120 5861
120 5867
120 5978
120 6226
120 6227
120 6255
120 6275
120 6569
120 6582
120 6592
120 6596
120 6689
120 6704
120 6804
120 6912
120 6917
120 6938
120 7063
120 7084
120 7122
120 7190
120 7229
120 7264
120 7321
120 7324
120 7356
120 7563
120 7567
120 7570
120 7578
120 7580
121 56
122 56
122 62
122 839
123 56
123 1530
123 1596
123 3006
123 3287
123 3410
124 56
125 60
125 227
126 60
126 64
126 673
126 1752
126 8246
127 64
127 198
127 681
127 791
127 1086
127 5095
127 5124
127 5127
127 5129
127 5131
127 5224
127 6164
127 6169
127 6174
127 6182
127 6187
127 6195
127 6225
127 6226
127 6227
127 6414
127 6415
127 6416
127 6417
127 6419
127 6596
127 6729
127 6903
127 6910
127 6920
127 6981
127 7034
127 7042
127 7059
127 7070
127 7073
127 7208
127 7263
127 7265
127 7297
127 7310
127 7321
127 7327
127 7329
127 7334
127 7354
127 7355
127 7356
127 7380
127 7498
127 7524
127 7532
127 7543
127 7549
127 7550
127 7553
127 7554
127 7556
127 7562
127 7563
127 7564
127 7565
127 7566
127 7567
127 7568
127 7569
127 7570
127 7571
127 7572
127 7573
127 7574
127 7575
127 7576
127 7577
127 7578
127 7579
127 7580
127 7581
127 7582
127 7583
127 7584
127 7585
127 7586
127 7587
127 7588
127 7589
127 7590
127 7591
127 7592
127 7593
127 7594
127 7595
127 7596
127 7598
127 7599
127 7600
127 7601
127 7610
127 7620
127 7673
127 7674
127 7675
127 7676
127 7677
127 7678
127 7679
127 7680
127 7807
127 7818
127 7819
127 7827
127 7853
128 66
128 204
128 206
128 3284
128 5727
128 5779
128 6028
128 6053
128 6089
129 66
129 8297
129 8298
129 8299
130 68
131 68
131 69
131 751
131 1098
131 1974
131 4868
132 69
132 4986
132 5017
132 5731
132 6010
132 6066
132 6126
132 6149
133 69
133 544
133 681
133 720
133 751
133 759
133 1098
133 1118
133 1264
133 2465
133 2523
133 2544
133 2592
133 4876
133 5127
133 5820
133 6076
133 6126
133 6324
133 6351
134 78
134 125
134 208
134 238
134 282
134 312
134 344
134 681
134 1052
134 1097
134 1697
134 1698
134 1699
134 1701
134 1702
134 1703
134 1704
134 1706
134 1707
134 1709
134 1710
134 1742
134 1743
134 1749
134 2099
134 2868
134 2871
134 2874
134 2915
134 2928
134 2958
134 2961
134 2965
134 2967
134 2983
134 2988
134 2991
134 2992
134 2993
134 3055
134 3066
134 3072
134 3076
134 3114
134 3116
134 3128
134 3131
134 3135
134 3162
134 3225
134 3252
134 3257
134 3305
134 3333
134 3344
134 3347
134 3503
134 3527
134 3560
134 3658
134 3691
134 3844
134 3916
134 3918
134 3928
134 3955
134 4035
134 4063
134 4122
134 4140
134 4141
134 4263
134 4264
134 4269
134 4293
134 4330
134 4331
134 4519
134 4528
134 4813
134 4831
134 5303
134 5802
134 5832
134 5833
134 6395
134 6396
134 6398
134 6431
134 6432
134 8247
134 8248
135 91
135 4793
136 92
136 1308
136 1803
136 1930
136 1957
136 1992
136 2001
136 2006
136 2007
136 2358
136 2410
136 2436
136 2463
136 2657
136 3618
136 4768
137 92
137 121
137 122
137 4657
137 4776
137 4781
138 117
138 190
138 357
138 470
138 500
138 533
138 544
138 591
138 672
138 703
138 720
138 756
138 759
138 802
138 964
138 994
138 1118
138 1247
138 1264
138 1415
138 1528
138 1689
138 2239
138 2319
138 2433
138 2443
138 2465
138 2523
138 2544
138 2592
138 3237
138 3313
138 3594
138 3733
138 3899
138 4278
138 4441
138 5727
138 5820
138 5952
138 6016
138 6044
138 6046
138 6052
138 6054
138 6061
138 6063
138 6066
138 6070
138 6076
138 6077
138 6079
138 6083
138 6088
138 6089
138 6096
138 6097
138 6103
138 6104
138 6126
138 6267
138 6324
138 6351
138 6405
138 6433
138 7341
138 7342
138 7403
139 118
139 5026
139 5028
139 5175
139 5882
139 6201
139 6211
139 6212
139 6213
139 6214
139 6215
139 6216
139 6217
139 6218
139 6219
139 6220
139 6221
139 6222
139 6350
140 118
140 3294
140 5056
140 5130
140 5833
140 8196
140 8197
140 8200
140 8202
140 8203
140 8204
140 8212
140 8219
140 8220
140 8221
140 8222
140 8223
141 121
141 122
141 146
141 156
141 177
141 182
141 375
141 547
141 578
141 579
141 580
141 581
141 582
141 583
141 584
141 585
141 586
141 593
141 594
141 620
141 621
141 623
141 648
141 649
141 729
141 5017
142 121
142 122
142 584
142 593
142 602
142 659
142 679
142 680
142 686
142 751
142 5017
143 121
144 121
144 177
144 2525
144 2526
144 2528
144 2543
144 2544
144 2558
145 125
146 125
146 786
146 1697
146 1702
146 1743
146 2874
146 3342
147 130
148 135
148 160
148 237
148 678
148 1469
148 4764
148 4872
148 4877
149 137
149 144
149 265
149 277
149 402
149 463
149 470
149 560
149 676
149 828
149 899
149 1156
149 1214
149 1415
149 1803
149 3522
149 5107
150 144
150 4924
150 7734
151 159
151 182
151 183
151 191
151 3306
151 4799
151 4812
151 4813
151 4814
151 4815
151 4816
151 4817
151 4818
151 4819
151 4820
151 4821
151 4822
151 4830
151 4831
151 4832
151 4833
151 4834
151 4835
151 4836
151 4837
151 4848
151 5784
151 5820
151 6043
152 159
152 7716
152 7944
153 165
153 170
153 227
153 741
153 3116
154 167
154 531
154 5026
154 6270
154 6276
154 6277
154 6278
154 6279
155 167
155 204
155 206
155 286
155 303
155 1695
155 2912
156 167
157 170
157 1082
157 4116
157 4513
157 4954
157 5008
157 5026
157 5037
157 5500
157 5695
157 5903
157 5965
157 5968
157 5979
157 5980
157 5981
157 6002
157 6003
157 6004
157 6006
157 6007
157 6008
157 6009
157 6011
157 6012
157 6013
157 6022
157 6114
157 6115
157 6116
157 6234
157 6235
157 6236
157 6237
158 173
158 4530
158 4667
158 4668
158 4669
159 173
159 227
159 237
159 3259
159 3360
159 4256
159 4954
159 5037
159 6132
159 6133
159 6351
160 173
160 4104
160 4158
160 4954
160 6198
160 6199
160 6200
160 6345
160 6370
160 6375
160 6383
160 6384
160 6405
160 6408
160 6474
161 182
161 1597
161 4827
161 4838
161 4839
161 4840
161 4841
161 4842
161 4843
161 4844
161 4845
161 4846
161 4847
161 4849
161 4850
161 4851
161 5017
162 182
162 183
162 4849
162 4860
163 182
163 4838
163 5162
164 194
164 2877
164 3087
164 8106
165 198
166 208
167 234
167 512
168 253
169 253
169 4777
169 4782
170 253
171 253
171 5056
171 7277
171 7278
171 7279
171 7303
171 7304
171 7305
171 7306
171 7307
171 7308
171 7309
171 7310
171 7311
172 263
173 263
173 4862
174 263
174 4912
174 5056
174 5748
174 5749
174 5750
174 7382
175 263
175 4954
175 5008
175 5017
175 5026
175 7240
175 7242
175 7243
175 7244
175 7245
175 7246
175 7247
175 7248
175 7249
175 7250
175 7252
175 7253
175 7254
175 7257
175 7261
176 263
176 5017
177 263
177 5017
178 263
179 265
179 636
179 1699
179 1711
179 1882
179 2657
179 2782
179 3073
179 3129
179 3259
179 3394
179 3395
179 3532
179 3566
179 3605
179 3741
179 3865
179 4242
179 4268
179 4269
179 4435
179 4496
180 276
180 2810
180 6429
181 283
181 5754
182 390
182 2726
182 4963
182 4977
182 6016
182 6045
182 6054
182 6061
182 6063
182 6076
183 394
183 1042
183 2655
183 3223
183 3225
183 3920
183 6576
183 7412
184 426
184 642
184 687
184 703
184 705
184 2799
184 5026
184 6476
184 6707
184 6715
184 6716
184 6717
184 6718
184 6753
184 6754
184 6755
184 6756
184 6757
184 6758
184 7052
184 7053
184 7054
184 7065
184 7072
184 7073
184 7074
184 7078
184 7467
184 7468
184 7552
184 7553
184 7554
184 7555
184 7556
184 7557
184 7558
185 464
186 499
186 662
186 844
186 1191
186 1282
186 1771
186 2269
186 2926
186 2985
186 4467
186 5013
186 6714
186 7556
186 7562
186 8022
186 8048
187 583
187 5026
187 5744
187 5762
187 6267
187 8259
187 8260
187 8268
188 589
189 595
189 596
189 597
189 703
189 751
189 763
189 764
189 766
189 810
189 1044
189 1061
189 1098
189 1465
190 644
190 2469
191 681
192 681
192 6135
193 681
193 5056
193 7089
193 7090
193 7095
194 681
195 703
196 721
196 8191
197 726
197 727
198 733
198 1546
199 742
199 781
199 4505
200 754
201 765
201 766
201 1264
202 772
202 773
202 774
203 778
204 916
204 1488
204 1489
204 1490
204 1495
204 1496
205 947
205 975
205 1023
205 1063
205 1085
205 1111
205 5138
205 5890
206 953
207 994
208 1027
208 1073
208 1076
209 1049
209 2565
209 2570
209 2571
210 1050
211 1050
212 1051
212 1258
212 1947
213 1055
213 1056
213 1057
213 3687
214 1077
215 1082
215 2422
215 2428
216 1089
216 1092
216 1862
216 2035
216 2269
216 2567
217 1093
217 1179
217 1345
217 1614
217 1644
217 8374
217 8375
217 8376
217 8377
217 8378
218 1120
219 1130
219 1131
219 2273
220 1140
220 1432
220 1800
220 1882
220 1947
220 3074
220 3259
220 3501
220 3518
220 4129
220 4422
220 4427
220 4428
221 1141
221 2667
221 3823
221 4049
221 4258
221 4289
221 4301
221 4303
221 4304
221 4306
221 4311
221 4313
221 4317
221 4320
221 4333
221 4336
221 4339
221 4345
221 4489
221 4505
221 4541
222 1172
223 1219
223 2988
224 1263
225 1323
226 1410
227 1419
227 1988
227 3265
227 8176
227 8300
228 1420
228 1545
228 1738
228 2269
228 5017
228 6684
229 1424
230 1469
230 5785
230 5786
230 6340
231 1501
232 1558
232 2168
232 2573
232 2810
232 2996
232 2997
232 3404
232 4467
232 4569
232 4944
232 5460
232 6209
232 6433
232 6544
232 6777
232 6799
232 8284
233 1579
233 3287
233 5440
234 1714
235 1759
235 4778
236 1820
236 1821
237 1849
238 1914
238 1921
238 1942
238 1990
238 2015
238 2057
238 2072
238 2122
238 2138
238 2139
238 2140
238 2141
238 2142
238 2143
238 2144
238 2145
238 2146
238 2147
238 2148
238 2149
238 2150
238 2151
238 2152
238 2153
238 2154
238 2155
238 2156
238 2157
238 2158
238 2159
238 2160
238 2634
238 3298
238 3321
238 3379
238 3412
238 3474
238 3475
238 3476
238 3477
238 3478
238 3479
238 3480
238 3481
238 3482
238 3483
238 3484
238 3485
238 3486
238 3487
238 3488
238 3489
238 3490
238 3491
238 3492
238 3493
238 3494
238 3495
238 3496
238 3497
238 3498
238 3499
238 4783
238 4784
239 1947
240 1974
240 1985
240 3537
240 6444
240 7008
240 7231
240 8106
241 2092
241 2573
241 2760
241 2761
241 3010
242 2179
242 4785
242 4786
243 2199
243 3294
243 5224
243 5235
243 6491
243 7404
243 7405
243 7406
243 7407
243 7408
243 7410
243 7411
243 7414
243 7420
243 7421
243 7422
243 7423
243 7424
243 7425
243 7426
243 7427
243 7428
243 7429
243 7430
243 7431
243 7432
243 7433
243 7434
243 7435
243 7436
243 7438
243 7440
243 7441
243 7442
243 7443
243 7444
243 7445
243 7448
243 7450
244 2246
244 2247
244 2248
244 2249
244 3012
244 3013
244 3014
244 3015
244 3016
244 3017
244 3018
244 3019
244 3020
244 3021
244 3022
244 3023
244 3024
244 3025
244 3027
244 3028
244 3029
244 3030
244 3031
244 3032
244 3033
244 3034
244 3035
244 3036
244 3037
244 3038
244 3039
244 3040
244 3041
244 3043
244 3044
245 2260
245 2310
245 2311
246 2281
247 2351
247 2357
247 2437
247 5017
248 2486
248 2871
249 2515
249 2516
250 2543
250 4787
250 4788
251 2577
252 2650
253 2722
254 2765
254 3916
254 6064
254 6379
254 6380
254 6391
255 2841
255 3865
256 2917
257 2938
257 2939
258 2956
259 3006
260 3010
260 3045
260 3343
260 3350
261 3135
261 4293
262 3210
262 3219
262 4555
262 4815
262 4911
262 4954
262 5026
262 5037
262 5173
262 5455
262 6203
262 6347
262 6448
262 6567
262 6578
262 7349
262 7537
262 7619
262 7654
262 7674
262 7723
262 7783
262 7815
262 7849
262 7927
262 7964
262 7983
262 7988
262 8002
262 8013
262 8021
262 8046
262 8069
262 8103
262 8113
262 8114
262 8115
262 8116
262 8117
262 8118
262 8119
262 8120
262 8121
262 8122
262 8123
262 8124
262 8125
262 8126
262 8127
262 8128
262 8130
262 8131
262 8132
262 8133
262 8134
262 8135
262 8136
262 8137
262 8138
262 8139
262 8140
262 8141
262 8142
262 8143
262 8144
262 8145
262 8146
262 8147
262 8148
262 8149
262 8150
262 8151
262 8152
262 8153
262 8154
263 3211
263 3212
263 3213
263 3214
263 3215
263 3216
263 3217
263 3218
263 3220
263 3221
263 3351
263 3407
263 3444
263 3445
263 3446
263 3447
263 3448
263 3449
263 3450
263 3451
263 3452
263 3453
263 3454
263 3455
263 3456
263 3457
263 3458
263 3459
263 3460
263 3461
263 3462
263 3463
263 3464
263 3465
263 3466
263 3467
263 3468
263 3469
263 3470
263 3471
263 3472
263 3473
263 3707
263 3708
263 3709
263 3710
263 3711
263 3712
263 3713
263 3714
263 3715
263 3716
263 3717
263 3736
263 3743
263 3744
263 3745
263 3746
263 3747
263 3748
263 3749
263 3768
263 3769
263 3770
263 3771
263 3772
263 3773
263 3774
263 3786
263 3787
263 3788
263 3789
263 3790
263 3791
263 3792
263 3793
263 3794
263 3795
263 3796
263 3797
263 3798
263 3799
263 3800
263 3801
263 3802
263 3803
263 4379
263 4380
263 4381
263 4382
263 4383
263 4384
263 4385
263 4386
263 4387
263 4388
263 4389
263 4390
263 4391
263 4392
263 4393
263 4394
263 4395
263 4396
263 4397
263 4398
263 4399
263 4400
263 4401
263 4402
263 4403
263 4404
263 4405
263 4406
263 4407
263 4408
263 4409
263 4410
263 4411
263 4412
263 4413
263 4571
263 4573
263 4574
263 4575
263 4576
263 4577
263 4578
263 4579
263 4580
263 4581
263 4582
263 4583
263 4584
263 4585
263 4586
263 4587
263 4588
263 4589
263 4590
263 4591
263 4592
263 4593
263 4594
263 4595
263 4596
263 4597
263 4618
263 4619
263 4620
263 4621
263 4622
263 4623
263 4743
263 4744
263 4745
263 4746
263 4747
263 4748
263 4749
263 4758
263 4759
263 4760
263 4769
263 4770
263 4771
263 4796
263 4806
263 4807
263 4808
263 4809
263 4816
263 4817
263 4818
263 4834
263 4835
263 4852
263 4908
263 4909
263 4910
263 4941
263 4942
263 4974
263 4996
263 5020
263 5042
263 5072
263 5100
263 5105
263 5133
263 5145
263 5146
263 5159
263 5207
263 5253
263 5254
263 5275
263 5310
263 5333
263 5351
263 5352
263 5353
263 5357
263 5367
263 5368
263 5381
263 5382
263 5397
263 5398
263 5399
263 5400
263 5412
263 5413
263 5423
263 5425
263 5443
263 5445
263 5455
263 5457
263 5494
263 5496
263 5508
263 5510
263 5529
263 5530
263 5532
263 5533
263 5546
263 5547
263 5571
263 5573
263 5587
263 5589
263 5595
263 5597
263 5612
263 5614
263 5617
263 5619
263 5625
263 5626
263 5628
263 5629
263 5641
263 5643
263 5650
263 5652
263 5654
263 5656
263 5668
263 5670
263 5673
263 5675
263 5676
263 5689
263 5690
263 5696
263 5698
263 5699
263 5704
263 5706
263 5709
263 5711
263 5715
263 5717
263 5720
263 5721
263 5723
263 5735
263 5737
263 5738
263 5740
263 5745
263 5747
263 5756
263 5764
263 5766
263 5975
263 5976
263 5981
263 5988
263 5990
263 5996
263 5998
263 6000
263 6004
263 6007
263 6009
263 6012
263 6017
263 6024
263 6025
263 6026
263 6032
263 6035
263 6036
263 6037
263 6038
263 6040
263 6042
263 6049
263 6051
263 6057
263 6058
263 6060
263 6067
263 6069
263 6073
263 6075
263 6084
263 6086
263 6090
263 6091
263 6094
263 6095
263 6100
263 6102
263 6108
263 6109
263 6110
263 6115
263 6118
263 6121
263 6124
263 6131
263 6141
263 6142
263 6144
263 6145
263 6151
263 6153
263 6162
263 6163
263 6165
263 6166
263 6168
263 6170
263 6171
263 6175
263 6176
263 6180
263 6181
263 6183
263 6184
263 6186
263 6188
263 6193
263 6194
263 6196
263 6197
263 6204
263 6205
263 6206
263 6207
263 6208
263 6236
263 6237
263 6243
263 6244
263 6246
263 6247
263 6249
263 6252
263 6254
263 6271
263 6272
263 6274
263 6280
263 6281
263 6282
263 6283
263 6287
263 6295
263 6296
263 6298
263 6299
263 6303
263 6305
263 6327
263 6328
263 6329
263 6331
263 6332
263 6348
263 6522
263 6523
263 6524
263 6525
263 6526
263 6527
263 6528
263 6529
263 6530
263 6531
263 6532
263 6533
263 6534
263 6535
263 6536
263 6537
263 6538
263 6539
263 6540
263 6541
263 6542
263 6543
263 6544
263 6545
263 6546
263 6547
263 6548
263 6549
263 6550
263 6551
263 6552
263 6553
263 6554
263 6555
263 6556
263 6557
263 6558
263 6559
263 6560
263 6561
263 6562
263 6563
263 6564
263 6565
263 6566
263 6569
263 6570
263 6581
263 6582
263 6583
263 6584
263 6585
263 6586
263 6587
263 6588
263 6589
263 6590
263 6591
263 6592
263 6593
263 6594
263 6595
263 6596
263 6597
263 6598
263 6599
263 6600
263 6601
263 6602
263 6603
263 6604
263 6605
263 6606
263 6607
263 6608
263 6609
263 6610
263 6622
263 6623
263 6624
263 6625
263 6626
263 6627
263 6628
263 6629
263 6630
263 6631
263 6632
263 6633
263 6634
263 6635
263 6636
263 6637
263 6638
263 6639
263 6640
263 6641
263 6642
263 6643
263 6644
263 6645
263 6646
264 3259
264 7788
264 8543
265 3270
265 3876
265 3879
265 5513
266 3286
266 3355
266 4721
266 4724
266 4728
266 4741
266 4754
267 3312
268 3342
269 3528
270 3550
271 3685
271 3686
272 3723
273 3750
273 7500
273 7534
273 7543
273 8284
273 8285
273 8286
273 8287
274 3914
275 3987
275 3988
275 6433
275 7022
276 4236
277 4672
277 4673
277 4675
277 4676
277 4678
277 7610
277 7853
277 7907
277 7908
277 8079
277 8080
277 8081
277 8082
278 4681
279 4697
280 4737
281 4738
282 4755
283 4827
283 5117
284 4831
284 6343
285 4845
286 4852
287 4855
287 4867
288 4856
288 4857
289 4859
290 4865
290 6473
291 4870
292 4871
293 4873
294 4878
295 4879
295 4880
296 4881
297 4912
297 5921
298 4954
298 5225
298 5226
299 4954
299 5008
299 6370
300 4954
300 5037
300 7281
300 7282
300 7285
300 7286
300 7295
301 4954
301 7274
301 7275
301 7276
302 4954
302 8253
303 4964
303 4965
303 4967
303 5027
303 5043
303 5065
303 5066
303 5067
303 5068
303 5075
303 5108
303 5591
304 4986
305 4986
305 7198
305 7245
305 7250
305 7252
306 5017
307 5017
308 5017
309 5017
309 6464
310 5017
310 8552
311 5017
311 8287
311 8551
312 5026
312 6173
313 5026
313 7464
313 7465
313 7466
313 7529
313 7530
314 5056
315 5056
316 5056
316 7955
317 5176
317 6420
317 6421
318 5234
319 5237
319 6266
320 5263
321 5395
321 7254
321 7318
321 7319
322 5454
322 5712
323 5557
324 5575
324 5578
325 5679
326 5727
327 5728
327 5729
328 5732
329 5751
330 5753
331 5767
332 5779
333 5843
333 6453
334 5848
335 5983
336 5992
336 5993
336 6105
336 6106
336 6468
336 6469
336 6471
337 5994
338 6014
338 6015
339 6014
339 6015
339 6080
339 6129
339 6306
339 6307
339 6309
339 6310
339 6317
339 6318
339 6319
339 6320
339 6321
339 6334
339 6338
339 6339
339 6365
339 6367
339 6376
339 6377
339 6389
339 6397
339 6399
339 6400
339 6401
339 6402
339 6403
339 6404
339 6422
339 6423
339 6424
339 6425
339 6450
339 6451
339 6452
339 6454
339 6455
339 6456
339 6457
339 6458
339 6459
339 6460
339 6461
339 6462
339 6463
339 6472
339 6484
339 6485
339 6486
339 6487
339 6488
339 6489
339 6490
339 7056
339 7057
339 7091
339 7092
339 7093
339 7094
339 7096
339 7098
339 7099
339 7213
339 7283
339 7284
339 7367
339 7368
339 7370
339 7371
339 7394
339 7397
339 7451
339 7458
339 7459
339 7460
339 7462
339 7469
339 7485
339 7486
339 7487
339 7488
339 7520
339 7603
339 7604
339 7605
339 7606
339 7640
339 7747
339 7825
339 8060
339 8061
339 8062
339 8063
339 8064
339 8065
339 8066
339 8067
339 8070
339 8077
339 8078
339 8092
339 8159
339 8160
339 8181
339 8183
339 8184
339 8185
339 8186
339 8187
339 8188
339 8190
339 8191
339 8193
339 8194
339 8206
339 8207
339 8208
339 8209
339 8210
339 8214
339 8225
339 8226
339 8232
339 8233
339 8234
339 8243
339 8244
339 8257
339 8258
339 8262
339 8263
339 8279
339 8280
339 8281
339 8282
339 8290
339 8292
339 8293
339 8294
339 8295
339 8306
339 8307
339 8308
339 8309
339 8310
339 8311
339 8312
339 8313
339 8314
339 8315
339 8316
339 8317
339 8318
339 8319
339 8320
339 8321
339 8331
339 8332
339 8333
339 8334
339 8339
339 8340
339 8349
339 8350
339 8351
339 8352
339 8353
339 8354
339 8355
339 8359
339 8360
339 8363
339 8365
339 8366
339 8367
339 8368
339 8371
339 8372
339 8379
339 8380
339 8381
339 8382
339 8385
339 8386
340 6019
341 6043
341 6130
341 6132
341 6134
342 6113
342 6136
343 6126
344 6129
345 6138
345 6139
346 6155
346 6156
347 6157
347 6158
348 6185
349 6228
349 6229
350 6239
351 6251
351 6381
352 6257
353 6258
353 6447
353 6448
353 6449
354 6262
355 6308
355 6311
355 6312
355 6313
355 6314
355 6315
355 6316
355 6322
355 6323
355 6325
355 6333
355 6386
356 6324
357 6341
358 6342
359 6345
359 6445
360 6359
361 6366
362 6378
363 6383
364 6387
365 6405
366 6409
367 6410
367 6411
367 6412
368 6410
368 7076
368 7077
369 6413
370 6417
371 6418
372 6426
372 6479
372 6480
372 6481
372 7399
373 6428
374 6433
375 6433
376 6435
376 6436
377 6437
377 6438
378 6439
379 6440
379 6441
380 6443
381 6446
382 6465
383 6466
383 8192
384 6467
385 6470
386 6478
387 6482
388 6490
388 7096
388 7479
388 7480
388 7483
388 7484
388 8166
388 8167
389 6496
390 6724
390 8284
390 8570
391 7075
391 7087
391 7096
391 7100
392 7088
393 7194
393 7195
393 7337
393 7458
393 8163
393 8177
393 8178
393 8237
393 8238
393 8239
393 8240
394 7196
394 7197
395 7196
395 7197
395 8359
395 8360
395 8369
395 8370
395 8381
395 8385
395 8518
395 8519
395 8563
395 8564
396 7214
396 7215
396 7241
396 7256
396 7302
396 7457
396 7473
396 7475
396 7852
396 8093
396 8514
397 7229
398 7232
399 7246
400 7280
401 7294
402 7296
402 7297
402 7298
402 7299
402 7300
402 7301
403 7302
404 7320
404 7325
404 7326
404 7327
404 7328
404 7329
404 7330
404 7331
404 7332
404 7333
404 7334
404 7335
404 7336
404 7439
404 7489
404 7490
405 7338
406 7339
406 7340
407 7355
408 7367
409 7372
410 7388
411 7391
411 8368
411 8372
411 8383
411 8384
412 7400
413 7401
413 7412
413 7415
414 7403
415 7417
416 7452
417 7456
418 7461
419 7462
419 8522
419 8523
419 8524
419 8525
419 8526
419 8527
420 7463
421 7470
422 7471
423 7474
424 7478
425 7478
425 7643
425 8091
425 8156
425 8164
425 8165
425 8189
425 8211
425 8254
425 8255
425 8264
425 8269
425 8288
426 7481
426 7482
427 7490
428 7491
429 7509
430 7510
430 7513
431 7515
432 7517
433 7523
433 7547
433 7548
434 7607
435 7608
436 7734
436 8229
436 8230
437 7751
438 7861
438 7865
438 7867
438 7871
438 7873
438 7878
438 7880
438 7890
438 7896
439 7869
440 7881
441 7881
441 8572
442 7955
443 7984
444 8010
444 8011
445 8040
445 8052
445 8053
446 8043
447 8055
447 8250
448 8070
449 8106
449 8114
449 8223
449 8236
449 8246
450 8179
451 8194
451 8282
451 8289
451 8307
451 8540
451 8544
451 8545
451 8546
451 8560
452 8197
452 8202
452 8219
452 8515
452 8516
452 8517
453 8205
454 8218
455 8227
455 8228
456 8235
457 8241
458 8245
458 8256
459 8246
460 8246
461 8249
462 8253
463 8257
463 8361
463 8362
463 8569
464 8265
465 8283
466 8289
467 8290
467 8321
467 8322
468 8291
469 8293
470 8296
471 8303
471 8304
472 8305
473 8318
473 8319
474 8318
474 8319
474 8354
474 8355
475 8318
475 8319
475 8356
475 8357
476 8323
477 8324
478 8325
479 8326
480 8327
480 8341
481 8328
482 8329
483 8330
484 8331
484 8568
485 8335
486 8336
486 8337
487 8338
487 8344
488 8342
489 8343
490 8345
491 8346
491 8347
492 8351
492 8353
493 8358
493 8542
494 8364
495 8373
496 8520
497 8521
497 8533
497 8534
497 8535
497 8536
497 8537
497 8538
497 8539
498 8525
499 8530
499 8532
500 8531
501 8532
502 8541
503 8561
504 8566
505 8566
505 8567
506 8567
507 8573
507 8574
507 8575
507 8576
507 8577
507 8578
507 8579
507 8580
507 8581
507 8582
507 8583
507 8584
507 8585
507 8586
507 8587
507 8588
507 8589
507 8590
507 8591
507 8592
507 8593
507 8594
507 8595
507 8596
507 8597
507 8598
2 3 4 5 6 7 8 9 10 11 12 13 14 15 16 17 18 19 20 21 22 23 24 25 26 27 28 29 30 31 32 33 34 35 36 37 38 39 40 41 42 43 44 45 46 47 48 49 50 51 52 53 54 55 56 57 58 59 60 61 62 63 64 65 66 67 68 69 70 71 72 73 74 75 76 77 78 79 80 81 82 83 84 85 86 87 88 89 90 91 92 93 94 95 96 97 98 99 100 101 102 103 104 105 106 107 108 109 110 111 112 113 114 115 116 117 118 119 120 121 122 123 124 125 126 127 128 129 130 131 132 133 134 135 136 137 138 139 140 141 142 143 144 145 146 147 148 149 150 151 152 153 154 155 156 157 158 159 160 161 162 163 164 165 166 167 168 169 170 171 172 173 174 175 176 177 178 179 180 181 182 183 184 185 186 187 188 189 190 191 192 193 194 195 196 197 198 199 200 1 2 3 4 5 6 7 8 9 10 11 12 13 14 15 16 17 18 19 20 21 22 23 24 25 26 27 28 29 30 31 32 33 34 35 36 37 38 39 40 41 42 43 44 45 46 47 48 49 50 51 52 53 54 55 56 57 58 59 60 61 62 63 64 65 66 67 68 69 70 71 72 73 74 75 76 77 78 79 80 81 82 83 84 85 86 87 88 89 90 91 92 93 94 95 96 97 98 99 100 101 102 103 104 105 106 107 108 109 110 111 112 113 114 115 116 117 118 119 120 121 122 123 124 125 126 127 128 129 130 131 132 133 134 135 136 137 138 139 140 141 142 143 144 145 146 147 148 149 150 151 152 153 154 155 156 157 158 159 160 161 162 163 164 165 166 167 168 169 170 171 172 173 174 175 176 177 178 179 180 181 182 183 184 185 186 187 188 189 190 191 192 193 194 195 196 197 198 199 200 1 2 3 4 5 6 7 8 9 10 11 12 13 14 15 16 17 18 19 20 21 22 23 24 25 26 27 28 29 30 31 32 33 34 35 36 37 38 39 40 41 42 43 44 45 46 47 48 49 50 51 52 53 54 55 56 57 58 59 60 61 62 63 64 65 66 67 68 69 70 71 72 73 74 75 76 77 78 79 80 81 82 83 84 85 86 87 88 89 90 91 92 93 94 95 96 97 98 99 100 101 102 103 104 105 106 107 108 
2 3 4 5 6 7 8 9 10 11 12 13 14 15 16 17 18 19 20 21 22 23 24 25 26 27 28 29 30 31 32 33 34 35 36 37 38 39 40 41 42 43 44 45 46 47 48 49 50 51 52 53 54 55 56 57 58 59 60 61 62 63 64 65 66 67 68 69 70 71 72 73 74 75 76 77 78 79 80 81 82 83 84 85 86 87 88 89 90 91 92 93 94 95 96 97 98 99 100 101 102 103 104 105 106 107 108 109 110 111 112 113 114 115 116 117 118 119 120 121 122 123 124 125 126 127 128 129 130 131 132 133 134 135 136 137 138 139 140 141 142 143 144 145 146 147 148 149 150 151 152 153 154 155 156 157 158 159 160 161 162 163 164 165 166 167 168 169 170 171 172 173 174 175 176 177 178 179 180 181 182 183 184 185 186 187 188 189 190 191 192 193 194 195 196 197 198 199 200 1 2 3 4 5 6 7 8 9 10 11 12 13 14 15 16 17 18 19 20 21 22 23 24 25 26 27 28 29 30 31 32 33 34 35 36 37 38 39 40 41 42 43 44 45 46 47 48 49 50 51 52 53 54 55 56 57 58 59 60 61 62 63 64 65 66 67 68 69 70 71 72 73 74 75 76 77 78 79 80 81 82 83 84 85 86 87 88 89 90 91 92 93 94 95 96 97 98 99 100 101 102 103 104 105 106 107 108 109 110 111 112 113 114 115 116 117 118 119 120 121 122 123 124 125 126 127 128 129 130 131 132 133 134 135 136 137 138 139 140 141 142 143 144 145 146 147 148 149 150 151 152 153 154 155 156 157 158 159 160 161 162 163 164 165 166 167 168 169 170 171 172 173 174 175 176 177 178 179 180 181 182 183 184 185 186 187 188 189 190 191 192 193 194 195 196 197 198 199 200 1 2 3 4 5 6 7 8 9 10 11 12 13 14 15 16 17 18 19 20 21 22 23 24 25 26 27 28 29 30 31 32 33 34 35 36 37 38 39 40 41 42 43 44 45 46 47 48 49 50 51 52 53 54 55 56 57 58 59 60 61 62 63 64 65 66 67 68 69 70 71 72 73 74 75 76 77 78 79 80 81 82 83 84 85 86 87 88 89 90 91 92 93 94 95 96 97 98 99 100 101 102 103 104 105 106 107 108 109 110 111 112 113 114 115 116 117 118 119 120 121 122 123 124 125 126 127 128 129 130 131 132 133 134 135 136 137 138 139 140 141 142 143 144 145 146 147 148 149 150 151 152 153 154 155 156 157 158 159 160 161 162 163 164 165 166 167 168 169 170 171 172 173 174 175 176 177 178 179 180 181 182 183 184 185 186 187 188 189 190 191 192 193 194 195 196 197 198 199 200 1 2 3 4 5 6 7 8 9 10 11 12 13 14 15 16 17 18 19 20 21 22 23 24 25 26 27 28 29 30 31 32 33 34 35 36 37 38 39 40 41 42 43 44 45 46 47 48 49 50 51 52 53 54 55 56 57 58 59 60 61 62 63 64 65 66 67 68 69 70 71 72 73 74 75 76 77 78 79 80 81 82 83 84 85 86 87 88 89 90 91 92 93 94 95 96 97 98 99 100 101 102 103 104 105 106 107 108 109 110 111 112 113 114 115 116 117 118 119 120 121 122 123 124 125 126 127 128 129 130 131 132 133 134 135 136 137 138 139 140 141 142 143 144 145 146 147 148 149 150 151 152 153 154 155 156 157 158 159 160 161 162 163 164 165 166 167 168 169 170 171 172 173 174 175 176 177 178 179 180 181 182 183 184 185 186 187 188 189 190 191 192 193 194 195 196 197 198 199 200 1 2 3 4 5 6 7 8 9 10 11 12 13 14 15 16 17 18 19 20 21 22 23 24 25 26 27 28 29 30 31 32 33 34 35 36 37 38 39 40 41 42 43 44 45 46 47 48 49 50 51 52 53 54 55 56 57 58 59 60 61 62 63 64 65 66 67 68 69 70 71 72 73 74 75 76 77 78 79 80 81 82 83 84 85 86 87 88 89 90 91 92 93 94 95 96 97 98 99 100 101 102 103 104 105 106 107 108 109 110 111 112 113 114 115 116 117 118 119 120 121 122 123 124 125 126 127 128 129 130 131 132 133 134 135 136 137 138 139 140 141 142 143 144 145 146 147 148 149 150 151 152 153 154 155 156 157 158 159 160 161 162 163 164 165 166 167 168 169 170 171 172 173 174 175 176 177 178 179 180 181 182 183 184 185 186 187 188 189 190 191 192 193 194 195 196 197 198 199 200 1 2 3 4 5 6 7 8 9 10 11 12 13 14 15 16 17 18 19 20 21 22 23 24 25 26 27 28 29 30 31 32 33 34 35 36 37 38 39 40 41 42 43 44 45 46 47 48 49 50 51 52 53 54 55 56 57 58 59 60 61 62 63 64 65 66 67 68 69 70 71 72 73 74 75 76 77 78 79 80 81 82 83 84 85 86 87 88 89 90 91 92 93 94 95 96 97 98 99 100 101 102 103 104 105 106 107 108 109 110 111 112 113 114 115 116 117 118 119 120 121 122 123 124 125 126 127 128 129 130 131 132 133 134 135 136 137 138 139 140 141 142 143 144 145 146 147 148 149 150 151 152 153 154 155 156 157 158 159 160 161 162 163 164 165 166 167 168 169 170 171 172 173 174 175 176 177 178 179 180 181 182 183 184 185 186 187 188 189 190 191 192 193 194 195 196 197 198 199 200 1 2 3 4 5 6 7 8 9 10 11 12 13 14 15 16 17 18 19 20 21 22 23 24 25 26 27 28 29 30 31 32 33 34 35 36 37 38 39 40 41 42 43 44 45 46 47 48 49 50 51 52 53 54 55 56 57 58 59 60 61 62 63 64 65 66 67 68 69 70 71 72 73 74 75 76 77 78 79 80 81 82 83 84 85 86 87 88 89 90 91 92 93 94 95 96 97 98 99 100 101 102 103 104 105 106 107 108 109 110 111 112 113 114 115 116 117 118 119 120 121 122 123 124 125 126 127 128 129 130 131 132 133 134 135 136 137 138 139 140 141 142 143 144 145 146 147 148 149 150 151 152 153 154 155 156 157 158 159 160 161 162 163 164 165 166 167 168 169 170 171 172 173 174 175 176 177 178 179 180 181 182 183 184 185 186 187 188 189 190 191 192 193 194 195 196 197 198 199 200 1 2 3 4 5 6 7 8 9 10 11 12 13 14 15 16 17 18 19 20 21 22 23 24 25 26 27 28 29 30 31 32 33 34 35 36 37 38 39 40 41 42 43 44 45 46 47 48 49 50 51 52 53 54 55 56 57 58 59 60 61 62 63 64 65 66 67 68 69 70 71 72 73 74 75 76 77 78 79 80 81 82 83 84 85 86 87 88 89 90 91 92 93 94 95 96 97 98 99 100 101 102 103 104 105 106 107 108 109 110 111 112 113 114 115 116 117 118 119 120 121 122 123 124 125 126 127 128 129 130 131 132 133 134 135 136 137 138 139 140 141 142 143 144 145 146 147 148 149 150 151 152 153 154 155 156 157 158 159 160 161 162 163 164 165 166 167 168 169 170 171 172 173 174 175 176 177 178 179 180 181 182 183 184 185 186 187 188 189 190 191 192 193 194 195 196 197 198 199 200 1 2 3 4 5 6 7 8 9 10 11 12 13 14 15 16 17 18 19 20 21 22 23 24 25 26 27 28 29 30 31 32 33 34 35 36 37 38 39 40 41 42 43 44 45 46 47 48 49 50 51 52 53 54 55 56 57 58 59 60 61 62 63 64 65 66 67 68 69 70 71 72 73 74 75 76 77 78 79 80 81 82 83 84 85 86 87 88 89 90 91 92 93 94 95 96 97 98 99 100 101 102 103 104 105 106 107 108 109 110 111 112 113 114 115 116 117 118 119 120 121 122 123 124 125 126 127 128 129 130 131 132 133 134 135 136 137 138 139 140 141 142 143 144 145 146 147 148 149 150 151 152 153 154 155 156 157 158 159 160 161 162 163 164 165 166 167 168 169 170 171 172 173 174 175 176 177 178 179 180 181 182 183 184 185 186 187 188 189 190 191 192 193 194 195 196 197 198 199 200 1 2 3 4 5 6 7 8 9 10 11 12 13 14 15 16 17 18 19 20 21 22 23 24 25 26 27 28 29 30 31 32 33 34 35 36 37 38 39 40 41 42 43 44 45 46 47 48 49 50 51 52 53 54 55 56 57 58 59 60 61 62 63 64 65 66 67 68 69 70 71 72 73 74 75 76 77 78 79 80 81 82 83 84 85 86 87 88 89 90 91 92 93 94 95 96 97 98 99 100 101 102 103 104 105 106 107 108 109 110 111 112 113 114 115 116 117 118 119 120 121 122 123 124 125 126 127 128 129 130 131 132 133 134 135 136 137 138 139 140 141 142 143 144 145 146 147 148 149 150 151 152 153 154 155 156 157 158 159 160 161 162 163 164 165 166 167 168 169 170 171 172 173 174 175 176 177 178 179 180 181 182 183 184 185 186 187 188 189 190 191 192 193 194 195 196 197 198 199 200 1 2 3 4 5 6 7 8 9 10 11 12 13 14 15 16 17 18 19 20 21 22 23 24 25 26 27 28 29 30 31 32 33 34 35 36 37 38 39 40 41 42 43 44 45 46 47 48 49 50 51 52 53 54 55 56 57 58 59 60 61 62 63 64 65 66 67 68 69 70 71 72 73 74 75 76 77 78 79 80 81 82 83 84 85 86 87 88 89 90 91 92 93 94 95 96 97 98 99 100 101 102 103 104 105 106 107 108 109 110 111 112 113 114 115 116 117 118 119 120 121 122 123 124 125 126 127 128 129 130 131 132 133 134 135 136 137 138 139 140 141 142 143 144 145 146 147 148 149 150 151 152 153 154 155 156 157 158 159 160 161 162 163 164 165 166 167 168 169 170 171 172 173 174 175 176 177 178 179 180 181 182 183 184 185 186 187 188 189 190 191 192 193 194 195 196 197 198 199 200 1 2 3 4 5 6 7 8 9 10 11 12 13 14 15 16 17 18 19 20 21 22 23 24 25 26 27 28 29 30 31 32 33 34 35 36 37 38 39 40 41 42 43 44 45 46 47 48 49 50 51 52 53 54 55 56 57 58 59 60 61 62 63 64 65 66 67 68 69 70 71 72 73 74 75 76 77 78 79 80 81 82 83 84 85 86 87 88 89 90 91 92 93 94 95 96 97 98 99 100 101 102 103 104 105 106 107 108 109 110 111 112 113 114 115 116 117 118 119 120 121 122 123 124 125 126 127 128 129 130 131 132 133 134 135 136 137 138 139 140 141 142 143 144 145 146 147 148 149 150 151 152 153 154 155 156 157 158 159 160 161 162 163 164 165 166 167 168 169 170 171 172 173 174 175 176 177 178 179 180 181 182 183 184 185 186 187 188 189 190 191 192 193 194 195 196 197 198 199 200 1 2 3 4 5 6 7 8 9 10 11 12 13 14 15 16 17 18 19 20 21 22 23 24 25 26 27 28 29 30 31 32 33 34 35 36 37 38 39 40 41 42 43 44 45 46 47 48 49 50 51 52 53 54 55 56 57 58 59 60 61 62 63 64 65 66 67 68 69 70 71 72 73 74 75 76 77 78 79 80 81 82 83 84 85 86 87 88 89 90 91 92 93 94 95 96 97 98 99 100 101 102 103 104 105 106 107 108 109 110 111 112 113 114 115 116 117 118 119 120 121 122 123 124 125 126 127 128 129 130 131 132 133 134 135 136 137 138 139 140 141 142 143 144 145 146 147 148 149 150 151 152 153 154 155 156 157 158 159 160 161 162 163 164 165 166 167 168 169 170 171 172 173 174 175 176 177 178 179 180 181 182 183 184 185 186 187 188 189 190 191 192 193 194 195 196 197 198 199 200 1 2 3 4 5 6 7 8 9 10 11 12 13 14 15 16 17 18 19 20 21 22 23 24 25 26 27 28 29 30 31 32 33 34 35 36 37 38 39 40 41 42 43 44 45 46 47 48 49 50 51 52 53 54 55 56 57 58 59 60 61 62 63 64 65 66 67 68 69 70 71 72 73 74 75 76 77 78 79 80 81 82 83 84 85 86 87 88 89 90 91 92 93 94 95 96 97 98 99 100 101 102 103 104 105 106 107 108 109 110 111 112 113 114 115 116 117 118 119 120 121 122 123 124 125 126 127 128 129 130 131 132 133 134 135 136 137 138 139 140 141 142 143 144 145 146 147 148 149 150 151 152 153 154 155 156 157 158 159 160 161 162 163 164 165 166 167 168 169 170 171 172 173 174 175 176 177 178 179 180 181 182 183 184 185 186 187 188 189 190 191 192 193 194 195 196 197 198 199 200 1 2 3 4 5 6 7 8 9 10 11 12 13 14 15 16 17 18 19 20 21 22 23 24 25 26 27 28 29 30 31 32 33 34 35 36 37 38 39 40 41 42 43 44 45 46 47 48 49 50 51 52 53 54 55 56 57 58 59 60 61 62 63 64 65 66 67 68 69 70 71 72 73 74 75 76 77 78 79 80 81 82 83 84 85 86 87 88 89 90 91 92 93 94 95 96 97 98 99 100 101 102 103 104 105 106 107 108 109 110 111 112 113 114 115 116 117 118 119 120 121 122 123 124 125 126 127 128 129 130 131 132 133 134 135 136 137 138 139 140 141 142 143 144 145 146 147 148 149 150 151 152 153 154 155 156 157 158 159 160 161 162 163 164 165 166 167 168 169 170 171 172 173 174 175 176 177 178 179 180 181 182 183 184 185 186 187 188 189 190 191 192 193 194 195 196 197 198 199 200 1 2 3 4 5 6 7 8 9 10 11 12 13 14 15 16 17 18 19 20 21 22 23 24 25 26 27 28 29 30 31 32 33 34 35 36 37 38 39 40 41 42 43 44 45 46 47 48 49 50 51 52 53 54 55 56 57 58 59 60 61 62 63 64 65 66 67 68 69 70 71 72 73 74 75 76 77 78 79 80 81 82 83 84 85 86 87 88 89 90 91 92 93 94 95 96 97 98 99 100 101 102 103 104 105 106 107 108 109 110 111 112 113 114 115 116 117 118 119 120 121 122 123 124 125 126 127 128 129 130 131 132 133 134 135 136 137 138 139 140 141 142 143 144 145 146 147 148 149 150 151 152 153 154 155 156 157 158 159 160 161 162 163 164 165 166 167 168 169 170 171 172 173 174 175 176 177 178 179 180 181 182 183 184 185 186 187 188 189 190 191 192 193 194 195 196 197 198 199 200 1 2 3 4 5 6 7 8 9 10 11 12 13 14 15 16 17 18 19 20 21 22 23 24 25 26 27 28 29 30 31 32 33 34 35 36 37 38 39 40 41 42 43 44 45 46 47 48 49 50 51 52 53 54 55 56 57 58 59 60 61 62 63 64 65 66 67 68 69 70 71 72 73 74 75 76 77 78 79 80 81 82 83 84 85 86 87 88 89 90 91 92 93 94 95 96 97 98 99 100 101 102 103 104 105 106 107 108 109 110 111 112 113 114 115 116 117 118 119 120 121 122 123 124 125 126 127 128 129 130 131 132 133 134 135 136 137 138 139 140 141 142 143 144 145 146 147 148 149 150 151 152 153 154 155 156 157 158 159 160 161 162 163 164 165 166 167 168 169 170 171 172 173 174 175 176 177 178 179 180 181 182 183 184 185 186 187 188 189 190 191 192 193 194 195 196 197 198 199 200 1 2 3 4 5 6 7 8 9 10 11 12 13 14 15 16 17 18 19 20 21 22 23 24 25 26 27 28 29 30 31 32 33 34 35 36 37 38 39 40 41 42 43 44 45 46 47 48 49 50 51 52 53 54 55 56 57 58 59 60 61 62 63 64 65 66 67 68 69 70 71 72 73 74 75 76 77 78 79 80 81 82 83 84 85 86 87 88 89 90 91 92 93 94 95 96 97 98 99 100 101 102 103 104 105 106 107 108 109 110 111 112 113 114 115 116 117 118 119 120 121 122 123 124 125 126 127 128 129 130 131 132 133 134 135 136 137 138 139 140 141 142 143 144 145 146 147 148 149 150 151 152 153 154 155 156 157 158 159 160 161 162 163 164 165 166 167 168 169 170 171 172 173 174 175 176 177 178 179 180 181 182 183 184 185 186 187 188 189 190 191 192 193 194 195 196 197 198 199 200 1 2 3 4 5 6 7 8 9 10 11 12 13 14 15 16 17 18 19 20 21 22 23 24 25 26 27 28 29 30 31 32 33 34 35 36 37 38 39 40 41 42 43 44 45 46 47 48 49 50 51 52 53 54 55 56 57 58 59 60 61 62 63 64 65 66 67 68 69 70 71 72 73 74 75 76 77 78 79 80 81 82 83 84 85 86 87 88 89 90 91 92 93 94 95 96 97 98 99 100 101 102 103 104 105 106 107 108 109 110 111 112 113 114 115 116 117 118 119 120 121 122 123 124 125 126 127 128 129 130 131 132 133 134 135 136 137 138 139 140 141 142 143 144 145 146 147 148 149 150 151 152 153 154 155 156 157 158 159 160 161 162 163 164 165 166 167 168 169 170 171 172 173 174 175 176 177 178 179 180 181 182 183 184 185 186 187 188 189 190 191 192 193 194 195 196 197 198 199 200 1 2 3 4 5 6 7 8 9 10 11 12 13 14 15 16 17 18 19 20 21 22 23 24 25 26 27 28 29 30 31 32 33 34 35 36 37 38 39 40 41 42 43 44 45 46 47 48 49 50 51 52 53 54 55 56 57 58 59 60 61 62 63 64 65 66 67 68 69 70 71 72 73 74 75 76 77 78 79 80 81 82 83 84 85 86 87 88 89 90 91 92 93 94 95 96 97 98 99 100 101 102 103 104 105 106 107 108 109 110 111 112 113 114 115 116 117 118 119 120 121 122 123 124 125 126 127 128 129 130 131 132 133 134 135 136 137 138 139 140 141 142 143 144 145 146 147 148 149 150 151 152 153 154 155 156 157 158 159 160 161 162 163 164 165 166 167 168 169 170 171 172 173 174 175 176 177 178 179 180 181 182 183 184 185 186 187 188 189 190 191 192 193 194 195 196 197 198 199 200 1 2 3 4 5 6 7 8 9 10 11 12 13 14 15 16 17 18 19 20 21 22 23 24 25 26 27 28 29 30 31 32 33 34 35 36 37 38 39 40 41 42 43 44 45 46 47 48 49 50 51 52 53 54 55 56 57 58 59 60 61 62 63 64 65 66 67 68 69 70 71 72 73 74 75 76 77 78 79 80 81 82 83 84 85 86 87 88 89 90 91 92 93 94 95 96 97 98 99 100 101 102 103 104 105 106 107 108 109 110 111 112 113 114 115 116 117 118 119 120 121 122 123 124 125 126 127 128 129 130 131 132 133 134 135 136 137 138 139 140 141 142 143 144 145 146 147 148 149 150 151 152 153 154 155 156 157 158 159 160 161 162 163 164 165 166 167 168 169 170 171 172 173 174 175 176 177 178 179 180 181 182 183 184 185 186 187 188 189 190 191 192 193 194 195 196 197 198 199 200 1 2 3 4 5 6 7 8 9 10 11 12 13 14 15 16 17 18 19 20 21 22 23 24 25 26 27 28 29 30 31 32 33 34 35 36 37 38 39 40 41 42 43 44 45 46 47 48 49 50 51 52 53 54 55 56 57 58 59 60 61 62 63 64 65 66 67 68 69 70 71 72 73 74 75 76 77 78 79 80 81 82 83 84 85 86 87 88 89 90 91 92 93 94 95 96 97 98 99 100 101 102 103 104 105 106 107 108 109 110 111 112 113 114 115 116 117 118 119 120 121 122 123 124 125 126 127 128 129 130 131 132 133 134 135 136 137 138 139 140 141 142 143 144 145 146 147 148 149 150 151 152 153 154 155 156 157 158 159 160 161 162 163 164 165 166 167 168 169 170 171 172 173 174 175 176 177 178 179 180 181 182 183 184 185 186 187 188 189 190 191 192 193 194 195 196 197 198 199 200 1 2 3 4 5 6 7 8 9 10 11 12 13 14 15 16 17 18 19 20 21 22 23 24 25 26 27 28 29 30 31 32 33 34 35 36 37 38 39 40 41 42 43 44 45 46 47 48 49 50 51 52 53 54 55 56 57 58 59 60 61 62 63 64 65 66 67 68 69 70 71 72 73 74 75 76 77 78 79 80 81 82 83 84 85 86 87 88 89 90 91 92 93 94 95 96 97 98 99 100 101 102 103 104 105 106 107 108 109 110 111 112 113 114 115 116 117 118 119 120 121 122 123 124 125 126 127 128 129 130 131 132 133 134 135 136 137 138 139 140 141 142 143 144 145 146 147 148 149 150 151 152 153 154 155 156 157 158 159 160 161 162 163 164 165 166 167 168 169 170 171 172 173 174 175 176 177 178 179 180 181 182 183 184 185 186 187 188 189 190 191 192 193 194 195 196 197 198 199 200 1 2 3 4 5 6 7 8 9 10 11 12 13 14 15 16 17 18 19 20 21 22 23 24 25 26 27 28 29 30 31 32 33 34 35 36 37 38 39 40 41 42 43 44 45 46 47 48 49 50 51 52 53 54 55 56 57 58 59 60 61 62 63 64 65 66 67 68 69 70 71 72 73 74 75 76 77 78 79 80 81 82 83 84 85 86 87 88 89 90 91 92 93 94 95 96 97 98 99 100 101 102 103 104 105 106 107 108 109 110 111 112 113 114 115 116 117 118 119 120 121 122 123 124 125 126 127 128 129 130 131 132 133 134 135 136 137 138 139 140 141 142 143 144 145 146 147 148 149 150 151 152 153 154 155 156 157 158 159 160 161 162 163 164 165 166 167 168 169 170 171 172 173 174 175 176 177 178 179 180 181 182 183 184 185 186 187 188 189 190 191 192 193 194 195 196 197 198 199 200 1 2 3 4 5 6 7 8 9 10 11 12 13 14 15 16 17 18 19 20 21 22 23 24 25 26 27 28 29 30 31 32 33 34 35 36 37 38 39 40 41 42 43 44 45 46 47 48 49 50 51 52 53 54 55 56 57 58 59 60 61 62 63 64 65 66 67 68 69 70 71 72 73 74 75 76 77 78 79 80 81 82 83 84 85 86 87 88 89 90 91 92 93 94 95 96 97 98 99 100 101 102 103 104 105 106 107 108 109 110 111 112 113 114 115 116 117 118 119 120 121 122 123 124 125 126 127 128 129 130 131 132 133 134 135 136 137 138 139 140 141 142 143 144 145 146 147 148 149 150 151 152 153 154 155 156 157 158 159 160 161 162 163 164 165 166 167 168 169 170 171 172 173 174 175 176 177 178 179 180 181 182 183 184 185 186 187 188 189 190 191 192 193 194 195 196 197 198 199 200 1 2 3 4 5 6 7 8 9 10 11 12 13 14 15 16 17 18 19 20 21 22 23 24 25 26 27 28 29 30 31 32 33 34 35 36 37 38 39 40 41 42 43 44 45 46 47 48 49 50 51 52 53 54 55 56 57 58 59 60 61 62 63 64 65 66 67 68 69 70 71 72 73 74 75 76 77 78 79 80 81 82 83 84 85 86 87 88 89 90 91 92 93 94 95 96 97 98 99 100 101 102 103 104 105 106 107 108 109 110 111 112 113 114 115 116 117 118 119 120 121 122 123 124 125 126 127 128 129 130 131 132 133 134 135 136 137 138 139 140 141 142 143 144 145 146 147 148 149 150 151 152 153 154 155 156 157 158 159 160 161 162 163 164 165 166 167 168 169 170 171 172 173 174 175 176 177 178 179 180 181 182 183 184 185 186 187 188 189 190 191 192 193 194 195 196 197 198 199 200 1 2 3 4 5 6 7 8 9 10 11 12 13 14 15 16 17 18 19 20 21 22 23 24 25 26 27 28 29 30 31 32 33 34 35 36 37 38 39 40 41 42 43 44 45 46 47 48 49 50 51 52 53 54 55 56 57 58 59 60 61 62 63 64 65 66 67 68 69 70 71 72 73 74 75 76 77 78 79 80 81 82 83 84 85 86 87 88 89 90 91 92 93 94 95 96 97 98 99 100 101 102 103 104 105 106 107 108 109 110 111 112 113 114 115 116 117 118 119 120 121 122 123 124 125 126 127 128 129 130 131 132 133 134 135 136 137 138 139 140 141 142 143 144 145 146 147 148 149 150 151 152 153 154 155 156 157 158 159 160 161 162 163 164 165 166 167 168 169 170 171 172 173 174 175 176 177 178 179 180 181 182 183 184 185 186 187 188 189 190 191 192 193 194 195 196 197 198 199 200 1 2 3 4 5 6 7 8 9 10 11 12 13 14 15 16 17 18 19 20 21 22 23 24 25 26 27 28 29 30 31 32 33 34 35 36 37 38 39 40 41 42 43 44 45 46 47 48 49 50 51 52 53 54 55 56 57 58 59 60 61 62 63 64 65 66 67 68 69 70 71 72 73 74 75 76 77 78 79 80 81 82 83 84 85 86 87 88 89 90 91 92 93 94 95 96 97 98 99 100 101 102 103 104 105 106 107 108 109 110 111 112 113 114 115 116 117 118 119 120 121 122 123 124 125 126 127 128 129 130 131 132 133 134 135 136 137 138 139 140 141 142 143 144 145 146 147 148 149 150 151 152 153 154 155 156 157 158 159 160 161 162 163 164 165 166 167 168 169 170 171 172 173 174 175 176 177 178 179 180 181 182 183 184 185 186 187 188 189 190 191 192 193 194 195 196 197 198 199 200 1 2 3 4 5 6 7 8 9 10 11 12 13 14 15 16 17 18 19 20 21 22 23 24 25 26 27 28 29 30 31 32 33 34 35 36 37 38 39 40 41 42 43 44 45 46 47 48 49 50 51 52 53 54 55 56 57 58 59 60 61 62 63 64 65 66 67 68 69 70 71 72 73 74 75 76 77 78 79 80 81 82 83 84 85 86 87 88 89 90 91 92 93 94 95 96 97 98 99 100 101 102 103 104 105 106 107 108 109 110 111 112 113 114 115 116 117 118 119 120 121 122 123 124 125 126 127 128 129 130 131 132 133 134 135 136 137 138 139 140 141 142 143 144 145 146 147 148 149 150 151 152 153 154 155 156 157 158 159 160 161 162 163 164 165 166 167 168 169 170 171 172 173 174 175 176 177 178 179 180 181 182 183 184 185 186 187 188 189 190 191 192 193 194 195 196 197 198 199 200 1 2 3 4 5 6 7 8 9 10 11 12 13 14 15 16 17 18 19 20 21 22 23 24 25 26 27 28 29 30 31 32 33 34 35 36 37 38 39 40 41 42 43 44 45 46 47 48 49 50 51 52 53 54 55 56 57 58 59 60 61 62 63 64 65 66 67 68 69 70 71 72 73 74 75 76 77 78 79 80 81 82 83 84 85 86 87 88 89 90 91 92 93 94 95 96 97 98 99 100 101 102 103 104 105 106 107 108 109 110 111 112 113 114 115 116 117 118 119 120 121 122 123 124 125 126 127 128 129 130 131 132 133 134 135 136 137 138 139 140 141 142 143 144 145 146 147 148 149 150 151 152 153 154 155 156 157 158 159 160 161 162 163 164 165 166 167 168 169 170 171 172 173 174 175 176 177 178 179 180 181 182 183 184 185 186 187 188 189 190 191 192 193 194 195 196 197 198 199 200 1 2 3 4 5 6 7 8 9 10 11 12 13 14 15 16 17 18 19 20 21 22 23 24 25 26 27 28 29 30 31 32 33 34 35 36 37 38 39 40 41 42 43 44 45 46 47 48 49 50 51 52 53 54 55 56 57 58 59 60 61 62 63 64 65 66 67 68 69 70 71 72 73 74 75 76 77 78 79 80 81 82 83 84 85 86 87 88 89 90 91 92 93 94 95 96 97 98 99 100 101 102 103 104 105 106 107 108 109 110 111 112 113 114 115 116 117 118 119 120 121 122 123 124 125 126 127 128 129 130 131 132 133 134 135 136 137 138 139 140 141 142 143 144 145 146 147 148 149 150 151 152 153 154 155 156 157 158 159 160 161 162 163 164 165 166 167 168 169 170 171 172 173 174 175 176 177 178 179 180 181 182 183 184 185 186 187 188 189 190 191 192 193 194 195 196 197 198 199 200 1 2 3 4 5 6 7 8 9 10 11 12 13 14 15 16 17 18 19 20 21 22 23 24 25 26 27 28 29 30 31 32 33 34 35 36 37 38 39 40 41 42 43 44 45 46 47 48 49 50 51 52 53 54 55 56 57 58 59 60 61 62 63 64 65 66 67 68 69 70 71 72 73 74 75 76 77 78 79 80 81 82 83 84 85 86 87 88 89 90 91 92 93 94 95 96 97 98 99 100 101 102 103 104 105 106 107 108 109 110 111 112 113 114 115 116 117 118 119 120 121 122 123 124 125 126 127 128 129 130 131 132 133 134 135 136 137 138 139 140 141 142 143 144 145 146 147 148 149 150 151 152 153 154 155 156 157 158 159 160 161 162 163 164 165 166 167 168 169 170 171 172 173 174 175 176 177 178 179 180 181 182 183 184 185 186 187 188 189 190 191 192 193 194 195 196 197 198 199 200 1 2 3 4 5 6 7 8 9 10 11 12 13 14 15 16 17 18 19 20 21 22 23 24 25 26 27 28 29 30 31 32 33 34 35 36 37 38 39 40 41 42 43 44 45 46 47 48 49 50 51 52 53 54 55 56 57 58 59 60 61 62 63 64 65 66 67 68 69 70 71 72 73 74 75 76 77 78 79 80 81 82 83 84 85 86 87 88 89 90 91 92 93 94 95 96 97 98 99 100 101 102 103 104 105 106 107 108 109 110 111 112 113 114 115 116 117 118 119 120 121 122 123 124 125 126 127 128 129 130 131 132 133 134 135 136 137 138 139 140 141 142 143 144 145 146 147 148 149 150 151 152 153 154 155 156 157 158 159 160 161 162 163 164 165 166 167 168 169 170 171 172 173 174 175 176 177 178 179 180 181 182 183 184 185 186 187 188 189 190 191 192 193 194 195 196 197 198 199 200 1 2 3 4 5 6 7 8 9 10 11 12 13 14 15 16 17 18 19 20 21 22 23 24 25 26 27 28 29 30 31 32 33 34 35 36 37 38 39 40 41 42 43 44 45 46 47 48 49 50 51 52 53 54 55 56 57 58 59 60 61 62 63 64 65 66 67 68 69 70 71 72 73 74 75 76 77 78 79 80 81 82 83 84 85 86 87 88 89 90 91 92 93 94 95 96 97 98 99 100 101 102 103 104 105 106 107 108 109 110 111 112 113 114 115 116 117 118 119 120 121 122 123 124 125 126 127 128 129 130 131 132 133 134 135 136 137 138 139 140 141 142 143 144 145 146 147 148 149 150 151 152 153 154 155 156 157 158 159 160 161 162 163 164 165 166 167 168 169 170 171 172 173 174 175 176 177 178 179 180 181 182 183 184 185 186 187 188 189 190 191 192 193 194 195 196 197 198 199 200 1 2 3 4 5 6 7 8 9 10 11 12 13 14 15 16 17 18 19 20 21 22 23 24 25 26 27 28 29 30 31 32 33 34 35 36 37 38 39 40 41 42 43 44 45 46 47 48 49 50 51 52 53 54 55 56 57 58 59 60 61 62 63 64 65 66 67 68 69 70 71 72 73 74 75 76 77 78 79 80 81 82 83 84 85 86 87 88 89 90 91 92 93 94 95 96 97 98 99 100 101 102 103 104 105 106 107 108 109 110 111 112 113 114 115 116 117 118 119 120 121 122 123 124 125 126 127 128 129 130 131 132 133 134 135 136 137 138 139 140 141 142 143 144 145 146 147 148 149 150 151 152 153 154 155 156 157 158 159 160 161 162 163 164 165 166 167 168 169 170 171 172 173 174 175 176 177 178 179 180 181 182 183 184 185 186 187 188 189 190 191 192 193 194 195 196 197 198 199 200 1 2 3 4 5 6 7 8 9 10 11 12 13 14 15 16 17 18 19 20 21 22 23 24 25 26 27 28 29 30 31 32 33 34 35 36 37 38 39 40 41 42 43 44 45 46 47 48 49 50 51 52 53 54 55 56 57 58 59 60 61 62 63 64 65 66 67 68 69 70 71 72 73 74 75 76 77 78 79 80 81 82 83 84 85 86 87 88 89 90 91 92 93 94 95 96 97 98 99 100 101 102 103 104 105 106 107 108 109 110 111 112 113 114 115 116 117 118 119 120 121 122 123 124 125 126 127 128 129 130 131 132 133 134 135 136 137 138 139 140 141 142 143 144 145 146 147 148 149 150 151 152 153 154 155 156 157 158 159 160 161 162 163 164 165 166 167 168 169 170 171 172 173 174 175 176 177 178 179 180 181 182 183 184 185 186 187 188 189 190 191 192 193 194 195 196 197 198 199 200 1 2 3 4 5 6 7 8 9 10 11 12 13 14 15 16 17 18 19 20 21 22 23 24 25 26 27 28 29 30 31 32 33 34 35 36 37 38 39 40 41 42 43 44 45 46 47 48 49 50 51 52 53 54 55 56 57 58 59 60 61 62 63 64 65 66 67 68 69 70 71 72 73 74 75 76 77 78 79 80 81 82 83 84 85 86 87 88 89 90 91 92 93 94 95 96 97 98 99 100 101 102 103 104 105 106 107 108 109 110 111 112 113 114 115 116 117 118 119 120 121 122 123 124 125 126 127 128 129 130 131 132 133 134 135 136 137 138 139 140 141 142 143 144 145 146 147 148 149 150 151 152 153 154 155 156 157 158 159 160 161 162 163 164 165 166 167 168 169 170 171 172 173 174 175 176 177 178 179 180 181 182 183 184 185 186 187 188 189 190 191 192 193 194 195 196 197 198 199 200 1 2 3 4 5 6 7 8 9 10 11 12 13 14 15 16 17 18 19 20 21 22 23 24 25 26 27 28 29 30 31 32 33 34 35 36 37 38 39 40 41 42 43 44 45 46 47 48 49 50 51 52 53 54 55 56 57 58 59 60 61 62 63 64 65 66 67 68 69 70 71 72 73 74 75 76 77 78 79 80 81 82 83 84 85 86 87 88 89 90 91 92 93 94 95 96 97 98 99 100 101 102 103 104 105 106 107 108 109 110 111 112 113 114 115 116 117 118 119 120 121 122 123 124 125 126 127 128 129 130 131 132 133 134 135 136 137 138 139 140 141 142 143 144 145 146 147 148 149 150 151 152 153 154 155 156 157 158 159 160 161 162 163 164 165 166 167 168 169 170 171 172 173 174 175 176 177 178 179 180 181 182 183 184 185 186 187 188 189 190 191 192 193 194 195 196 197 198 199 200 1 2 3 4 5 6 7 8 9 10 11 12 13 14 15 16 17 18 19 20 21 22 23 24 25 26 27 28 29 30 31 32 33 34 35 36 37 38 39 40 41 42 43 44 45 46 47 48 49 50 51 52 53 54 55 56 57 58 59 60 61 62 63 64 65 66 67 68 69 70 71 72 73 74 75 76 77 78 79 80 81 82 83 84 85 86 87 88 89 90 91 92 93 94 95 96 97 98 99 100 101 102 103 104 105 106 107 108 109 110 111 112 113 114 115 116 117 118 119 120 121 122 123 124 125 126 127 128 129 130 131 132 133 134 135 136 137 138 139 140 141 142 143 144 145 146 147 148 149 150 151 152 153 154 155 156 157 158 159 160 161 162 163 164 165 166 167 168 169 170 171 172 173 174 175 176 177 178 179 180 181 182 183 184 185 186 187 188 189 190 191 192 193 194 195 196 197 198 199 200 1 2 3 4 5 6 7 8 9 10 11 12 13 14 15 16 17 18 19 20 21 22 23 24 25 26 27 28 29 30 31 32 33 34 35 36 37 38 39 40 41 42 43 44 45 46 47 48 49 50 51 52 53 54 55 56 57 58 59 60 61 62 63 64 65 66 67 68 69 70 71 72 73 74 75 76 77 78 79 80 81 82 83 84 85 86 87 88 89 90 91 92 93 94 95 96 97 98 99 100 101 102 103 104 105 106 107 108 109 110 111 112 113 114 115 116 117 118 119 120 121 122 123 124 125 126 127 128 129 130 131 132 133 134 135 136 137 138 139 140 141 142 143 144 145 146 147 148 149 150 151 152 153 154 155 156 157 158 159 160 161 162 163 164 165 166 167 168 169 170 171 172 173 174 175 176 177 178 179 180 181 182 183 184 185 186 187 188 189 190 191 192 193 194 195 196 197 198 199 200 1 2 3 4 5 6 7 8 9 10 11 12 13 14 15 16 17 18 19 20 21 22 23 24 25 26 27 28 29 30 31 32 33 34 35 36 37 38 39 40 41 42 43 44 45 46 47 48 49 50 51 52 53 54 55 56 57 58 59 60 61 62 63 64 65 66 67 68 69 70 71 72 73 74 75 76 77 78 79 80 81 82 83 84 85 86 87 88 89 90 91 92 93 94 95 96 97 98 99 100 101 102 103 104 105 106 107 108 109 110 111 112 113 114 115 116 117 118 119 120 121 122 123 124 125 126 127 128 129 130 131 132 133 134 135 136 137 138 139 140 141 142 143 144 145 146 147 148 149 150 151 152 153 154 155 156 157 158 159 160 161 162 163 164 165 166 167 168 169 170 171 172 173 174 175 176 177 178 179 180 181 182 183 184 185 186 187 188 189 190 191 192 193 194 195 196 197 198 199 200 1 2 3 4 5 6 7 8 9 10 11 12 13 14 15 16 17 18 19 20 21 22 23 24 25 26 27 28 29 30 31 32 33 34 35 36 37 38 39 40 41 42 43 44 45 46 47 48 49 50 51 52 53 54 55 56 57 58 59 60 61 62 63 64 65 66 67 68 69 70 71 72 73 74 75 76 77 78 79 80 81 82 83 84 85 86 87 88 89 90 91 92 93 94 95 96 97 98 99 100 101 102 103 104 105 106 107 108 109 110 111 112 113 114 115 116 117 118 119 120 121 122 123 124 125 126 127 128 129 130 131 132 133 134 135 136 137 138 139 140 141 142 143 144 145 146 147 148 149 150 151 152 153 154 155 156 157 158 159 160 161 162 163 164 165 166 167 168 169 170 171 172 173 174 175 176 177 178 179 180 181 182 183 184 185 186 187 188 189 190 191 192 193 194 195 196 197 198 199 200 1 2 3 4 5 6 7 8 9 10 11 12 13 14 15 16 17 18 19 20 21 22 23 24 25 26 27 28 29 30 31 32 33 34 35 36 37 38 39 40 41 42 43 44 45 46 47 48 49 50 51 52 53 54 55 56 57 58 59 60 61 62 63 64 65 66 67 68 69 70 71 72 73 74 75 76 77 78 79 80 81 82 83 84 85 86 87 88 89 90 91 92 93 94 95 96 97 98 99 100 101 102 103 104 105 106 107 108 109 110 111 112 113 114 115 116 117 118 119 120 121 122 123 124 125 126 127 128 129 130 131 132 133 134 135 136 137 138 139 140 141 142 143 144 145 146 147 148 149 150 151 152 153 154 155 156 157 158 159 160 161 162 163 164 165 166 167 168 169 170 171 172 173 174 175 176 177 178 179 180 181 182 183 184 185 186 187 188 189 190 191 192 193 194 195 196 197 198 199 
