559 12175 17008 1500
1 1
1 61
1 64
1 65
1 66
1 67
1 68
1 69
1 70
1 963
2 2
2 3
2 4
2 5
2 6
2 7
2 8
2 9
2 10
2 11
2 12
2 13
2 14
2 15
2 16
2 17
2 18
2 19
2 20
2 21
2 22
2 23
2 24
2 25
2 26
2 27
2 28
2 29
2 30
2 31
2 32
2 33
2 34
2 35
2 36
2 37
2 38
2 39
2 40
2 41
2 42
2 43
2 44
2 45
2 46
2 47
2 48
2 49
2 50
2 51
2 52
2 72
2 73
2 74
2 75
2 76
2 139
2 2464
2 3120
2 3128
2 3832
2 4463
2 4464
2 4465
2 4466
2 4467
3 2
3 3
3 4
3 5
3 6
3 7
3 8
3 9
3 10
3 11
3 12
3 13
3 14
3 15
3 16
3 17
3 18
3 19
3 20
3 21
3 22
3 23
3 24
3 25
3 26
3 27
3 28
3 29
3 30
3 31
3 32
3 33
3 34
3 35
3 36
3 37
3 38
3 39
3 40
3 41
3 42
3 43
3 44
3 45
3 46
3 47
3 48
3 49
3 50
3 51
3 52
3 53
3 56
3 57
3 58
3 62
3 72
3 73
3 74
3 75
3 76
3 98
3 99
3 130
3 131
3 136
3 137
3 138
3 139
3 154
3 163
3 165
3 178
3 191
3 199
3 209
3 222
3 223
3 251
3 254
3 255
3 265
3 307
3 308
3 309
3 310
3 328
3 331
3 1701
3 4463
3 4464
3 4465
3 4466
3 4467
4 2
4 3
4 38
4 61
4 62
4 67
4 74
4 80
4 97
4 121
4 140
4 143
4 145
4 152
4 176
4 208
4 209
4 229
4 246
4 250
4 312
4 314
4 315
4 326
4 338
4 339
4 347
4 374
4 377
4 382
4 394
4 450
4 521
4 524
4 535
4 536
4 537
4 541
4 546
4 551
4 578
4 580
4 603
4 650
4 651
4 708
4 709
4 710
4 712
4 715
4 736
4 741
4 794
4 797
4 799
4 803
4 805
4 807
4 810
4 814
4 815
4 821
4 822
4 823
4 826
4 827
4 831
4 833
4 834
4 835
4 836
4 842
4 843
4 846
4 853
4 855
4 870
4 873
4 894
4 941
4 948
4 975
4 986
4 1018
4 1020
4 1035
4 1036
4 1076
4 1107
4 1108
4 1192
4 1195
4 1203
4 1208
4 1215
4 1218
4 1224
4 1225
4 1226
4 1227
4 1233
4 1447
4 1451
4 1484
4 1485
4 1601
4 1701
4 1710
4 1716
4 1717
4 1718
4 1719
4 1720
4 1721
4 1722
4 1723
4 1724
4 1725
4 1726
4 1727
4 1728
4 1729
4 1730
4 1731
4 1732
4 1733
4 1734
4 1735
4 1736
4 1737
4 1738
4 1739
4 1740
4 1741
4 1742
4 1743
4 1744
4 1745
4 1746
4 1747
4 1748
4 1749
4 1750
4 1751
4 1752
4 1754
4 1755
4 1756
4 1757
4 1758
4 1759
4 1760
4 1761
4 1762
4 1763
4 1764
4 1765
4 1766
4 1767
4 1768
4 1769
4 1770
4 1771
4 1772
4 1773
4 1774
4 1775
4 1776
4 1777
4 1778
4 1779
4 1780
4 1781
4 1782
4 1783
4 1784
4 1785
4 1786
4 1787
4 1788
4 1789
4 1790
4 1791
4 1792
4 1793
4 1794
4 1795
4 1796
4 1797
4 1798
4 1799
4 1800
4 1801
4 1802
4 1803
4 1804
4 1805
4 1806
4 1807
4 1808
4 1809
4 1810
4 1811
4 1812
4 1813
4 1814
4 1815
4 1816
4 1817
4 1818
4 1819
4 1820
4 1821
4 1843
4 1861
4 1880
4 1882
4 1920
4 1927
4 1940
4 1945
4 1952
4 1959
4 1960
4 1962
4 1979
4 1980
4 1981
4 1982
4 1983
4 1984
4 1985
4 1986
4 1987
4 1988
4 1989
4 1990
4 1991
4 1992
4 1993
4 1994
4 1995
4 1996
4 1997
4 1998
4 1999
4 2000
4 2001
4 2002
4 2003
4 2005
4 2006
4 2007
4 2008
4 2009
4 2010
4 2011
4 2012
4 2013
4 2014
4 2015
4 2048
4 2094
4 2151
4 2159
4 2191
4 2192
4 2199
4 2212
4 2259
4 2280
4 2286
4 2330
4 2331
4 2335
4 2408
4 2442
4 2453
4 2464
4 2470
4 2471
4 2473
4 2474
4 2524
4 2569
4 2692
4 2749
4 2972
4 2977
4 2996
4 2999
4 3000
4 3001
4 3002
4 3003
4 3006
4 3013
4 3014
4 3015
4 3016
4 3018
4 3019
4 3023
4 3024
4 3028
4 3031
4 3039
4 3047
4 3048
4 3050
4 3055
4 3072
4 3075
4 3082
4 3089
4 3097
4 3098
4 3113
4 3119
4 3120
4 3125
4 3128
4 3130
4 3131
4 3134
4 3144
4 3247
4 3272
4 3278
4 3282
4 3283
4 3284
4 3285
4 3289
4 3328
4 3350
4 3409
4 3412
4 3427
4 3428
4 3429
4 3489
4 3490
4 3491
4 3492
4 3494
4 3495
4 3496
4 3497
4 3498
4 3500
4 3501
4 3503
4 3509
4 3510
4 3512
4 3514
4 3516
4 3517
4 3533
4 3534
4 3535
4 3536
4 3578
4 3586
4 3587
4 3588
4 3589
4 3590
4 3591
4 3592
4 3593
4 3594
4 3609
4 3614
4 3620
4 3621
4 3622
4 3623
4 3624
4 3625
4 3628
4 3633
4 3651
4 3669
4 3690
4 3727
4 3739
4 3810
4 3813
4 3814
4 3815
4 3816
4 3819
4 3820
4 3821
4 3822
4 3823
4 3824
4 3825
4 3826
4 3829
4 3830
4 3831
4 3832
4 3833
4 3865
4 3866
4 3867
4 3928
4 3956
4 3970
4 4011
4 4101
4 4341
4 4431
4 4485
5 2
5 73
5 2280
5 2443
5 3350
6 3
7 3
7 2440
7 2442
7 2464
7 3131
7 3988
7 4599
8 38
8 53
8 57
8 59
8 60
8 61
8 62
8 69
8 77
8 101
8 105
8 110
8 113
8 114
8 115
8 118
8 119
8 120
8 122
8 124
8 125
8 126
8 127
8 148
8 152
8 153
8 154
8 158
8 170
8 171
8 172
8 179
8 192
8 202
8 203
8 209
8 217
8 223
8 224
8 229
8 235
8 245
8 252
8 253
8 256
8 307
8 313
8 331
8 374
8 391
8 706
8 716
8 718
8 725
8 736
8 745
8 780
8 790
8 855
8 858
8 870
8 919
8 927
8 942
8 964
8 967
8 968
8 969
8 970
8 971
8 972
8 973
8 974
8 976
8 981
8 984
8 986
8 1011
8 1014
8 1016
8 1018
8 1029
8 1039
8 1047
8 1050
8 1053
8 1056
8 1058
8 1060
8 1069
8 1071
8 1072
8 1073
8 1077
8 1087
8 1089
8 1102
8 1117
8 1118
8 1151
8 1152
8 1199
8 1221
8 1222
8 1224
8 1227
8 1230
8 1233
8 1234
8 1244
8 1262
8 1263
8 1264
8 1451
8 1601
8 1708
8 1710
8 1729
8 1766
8 1820
8 1864
8 1912
8 1920
8 1945
8 1962
8 1971
8 1974
8 2017
8 2038
8 2083
8 2084
8 2131
8 2150
8 2151
8 2159
8 2160
8 2175
8 2176
8 2184
8 2191
8 2193
8 2259
8 2264
8 2265
8 2266
8 2267
8 2281
8 2305
8 2307
8 2316
8 2329
8 2332
8 2333
8 2334
8 2335
8 2337
8 2338
8 2339
8 2340
8 2341
8 2351
8 2353
8 2354
8 2355
8 2356
8 2357
8 2358
8 2359
8 2360
8 2361
8 2362
8 2363
8 2364
8 2365
8 2366
8 2367
8 2370
8 2371
8 2372
8 2373
8 2374
8 2375
8 2376
8 2379
8 2428
8 2432
8 2434
8 2435
8 2436
8 2437
8 2438
8 2439
8 2440
8 2441
8 2442
8 2443
8 2445
8 2446
8 2447
8 2452
8 2453
8 2464
8 2473
8 2475
8 2478
8 2479
8 2480
8 2505
8 2513
8 2514
8 2556
8 2569
8 2617
8 2623
8 2630
8 2631
8 2642
8 2643
8 2700
8 2701
8 2742
8 2747
8 2749
8 2761
8 2773
8 2777
8 2790
8 2795
8 2807
8 2819
8 2832
8 2833
8 2834
8 2835
8 2840
8 2841
8 2892
8 2926
8 2933
8 2942
8 2943
8 2944
8 2945
8 2946
8 2953
8 2965
8 2972
8 2977
8 2978
8 2996
8 2997
8 2998
8 3001
8 3002
8 3003
8 3006
8 3007
8 3008
8 3009
8 3018
8 3024
8 3031
8 3050
8 3055
8 3078
8 3113
8 3160
8 3161
8 3162
8 3254
8 3284
8 3436
8 3469
8 3471
8 3487
8 3492
8 3513
8 3514
8 3517
8 3575
8 3576
8 3580
8 3581
8 3614
8 3631
8 3646
8 3647
8 3651
8 3690
8 3727
8 3845
8 3848
8 3858
8 3859
8 3860
8 3861
8 3862
8 4048
8 4053
8 4101
8 4166
8 4598
8 4599
8 4625
8 4733
8 4846
8 4934
8 4935
8 5141
8 5156
8 5369
8 6843
8 6876
8 6952
8 7483
8 7763
8 7764
8 7767
8 7959
8 8008
8 8017
8 8048
8 8084
8 8169
8 8197
8 8213
8 8216
8 8217
8 8259
8 8260
8 8273
8 8281
8 8295
8 8298
8 8300
8 8301
8 8304
8 8305
8 8306
8 8310
8 8311
8 8312
8 8313
8 8314
8 8315
8 8319
8 8320
8 8321
8 8322
8 8323
8 8324
8 8325
8 8326
8 8482
8 8551
8 8552
8 8553
8 8615
8 8616
8 8654
8 8755
8 8756
8 8757
8 8783
8 8784
9 38
9 66
9 69
9 74
9 80
9 84
9 85
9 86
9 87
9 88
9 89
9 96
9 102
9 105
9 112
9 115
9 120
9 140
9 152
9 154
9 163
9 209
9 210
9 212
9 214
9 217
9 218
9 219
9 245
9 267
9 268
9 330
9 338
9 342
9 346
9 347
9 381
9 383
9 401
9 402
9 429
9 431
9 432
9 450
9 462
9 476
9 478
9 481
9 482
9 485
9 488
9 490
9 492
9 494
9 495
9 498
9 499
9 500
9 501
9 502
9 504
9 506
9 507
9 508
9 509
9 510
9 511
9 512
9 513
9 514
9 516
9 517
9 518
9 521
9 524
9 535
9 541
9 546
9 551
9 553
9 569
9 570
9 580
9 581
9 583
9 587
9 597
9 608
9 609
9 611
9 614
9 619
9 624
9 627
9 662
9 673
9 676
9 701
9 704
9 715
9 716
9 734
9 744
9 747
9 748
9 749
9 764
9 768
9 769
9 770
9 771
9 774
9 781
9 782
9 793
9 794
9 797
9 803
9 805
9 807
9 810
9 814
9 815
9 823
9 826
9 827
9 831
9 833
9 834
9 835
9 836
9 842
9 843
9 855
9 858
9 873
9 894
9 941
9 1013
9 1018
9 1020
9 1029
9 1041
9 1058
9 1072
9 1091
9 1154
9 1157
9 1158
9 1159
9 1160
9 1161
9 1162
9 1163
9 1164
9 1166
9 1167
9 1168
9 1169
9 1170
9 1171
9 1172
9 1173
9 1174
9 1175
9 1176
9 1178
9 1187
9 1189
9 1191
9 1213
9 1214
9 1215
9 1221
9 1223
9 1234
9 1261
9 1480
9 1481
9 1574
9 1601
9 1710
9 1711
9 1716
9 1717
9 1718
9 1719
9 1720
9 1721
9 1722
9 1723
9 1724
9 1725
9 1726
9 1727
9 1728
9 1729
9 1730
9 1731
9 1732
9 1733
9 1734
9 1735
9 1736
9 1737
9 1738
9 1739
9 1740
9 1741
9 1742
9 1743
9 1744
9 1745
9 1746
9 1747
9 1748
9 1749
9 1750
9 1751
9 1752
9 1754
9 1755
9 1756
9 1757
9 1758
9 1759
9 1760
9 1761
9 1762
9 1763
9 1764
9 1765
9 1766
9 1767
9 1768
9 1769
9 1770
9 1771
9 1772
9 1773
9 1774
9 1775
9 1776
9 1777
9 1778
9 1779
9 1780
9 1781
9 1782
9 1783
9 1784
9 1785
9 1786
9 1787
9 1788
9 1789
9 1790
9 1791
9 1792
9 1793
9 1794
9 1795
9 1796
9 1797
9 1798
9 1799
9 1800
9 1801
9 1802
9 1803
9 1804
9 1805
9 1806
9 1807
9 1808
9 1809
9 1810
9 1811
9 1812
9 1813
9 1814
9 1815
9 1816
9 1817
9 1818
9 1819
9 1820
9 1821
9 1822
9 1823
9 1824
9 1825
9 1826
9 1827
9 1828
9 1829
9 1831
9 1832
9 1833
9 1834
9 1835
9 1836
9 1837
9 1838
9 1839
9 1840
9 1841
9 1842
9 1843
9 1844
9 1845
9 1846
9 1847
9 1848
9 1849
9 1850
9 1851
9 1852
9 1853
9 1854
9 1855
9 1856
9 1857
9 1858
9 1859
9 1860
9 1861
9 1862
9 1863
9 1864
9 1865
9 1866
9 1867
9 1868
9 1869
9 1870
9 1871
9 1872
9 1873
9 1874
9 1875
9 1876
9 1877
9 1878
9 1879
9 1880
9 1881
9 1882
9 1883
9 1884
9 1885
9 1886
9 1887
9 1888
9 1889
9 1890
9 1891
9 1892
9 1893
9 1894
9 1895
9 1896
9 1897
9 1898
9 1899
9 1900
9 1901
9 1906
9 1907
9 1908
9 1909
9 1910
9 1911
9 1912
9 1913
9 1914
9 1915
9 1916
9 1917
9 1918
9 1919
9 1920
9 1921
9 1922
9 1923
9 1924
9 1925
9 1926
9 1927
9 1928
9 1929
9 1930
9 1931
9 1932
9 1933
9 1934
9 1935
9 1936
9 1937
9 1938
9 1939
9 1940
9 1941
9 1942
9 1943
9 1944
9 1945
9 1946
9 1947
9 1948
9 1949
9 1950
9 1951
9 1952
9 1953
9 1954
9 1955
9 1956
9 1957
9 1958
9 1959
9 1960
9 1961
9 1962
9 1963
9 1964
9 1965
9 1966
9 1967
9 1968
9 1969
9 1970
9 1971
9 1972
9 1973
9 1974
9 1975
9 1976
9 1977
9 1978
9 1979
9 1980
9 1981
9 1982
9 1983
9 1984
9 1985
9 1986
9 1987
9 1988
9 1989
9 1990
9 1991
9 1992
9 1993
9 1994
9 1995
9 1996
9 1997
9 1998
9 1999
9 2000
9 2001
9 2002
9 2003
9 2005
9 2006
9 2007
9 2008
9 2009
9 2010
9 2011
9 2012
9 2013
9 2014
9 2015
9 2044
9 2096
9 2129
9 2159
9 2196
9 2251
9 2253
9 2279
9 2280
9 2285
9 2295
9 2305
9 2321
9 2326
9 2335
9 2373
9 2375
9 2376
9 2453
9 2464
9 2493
9 2524
9 2533
9 2547
9 2617
9 3018
9 3039
9 3160
9 3182
9 3217
9 3328
9 3513
9 3514
9 3521
9 3544
9 3547
9 3628
9 3727
9 3810
9 3831
9 3845
9 3846
9 3850
9 3851
9 3852
9 3853
9 3854
9 3855
9 3856
9 3857
9 3863
9 3864
9 3874
9 3875
9 3876
9 3877
9 3878
9 3879
9 3881
9 3882
9 3884
9 3885
9 3887
9 3890
9 3892
9 3894
9 3895
9 3896
9 3897
9 3898
9 3899
9 3920
9 3921
9 3922
9 3923
9 3926
9 3927
9 3928
9 3929
9 3930
9 3931
9 3932
9 3933
9 3934
9 3935
9 3936
9 3937
9 3938
9 3939
9 3940
9 3941
9 3942
9 3943
9 3944
9 3945
9 3947
9 3948
9 3949
9 3950
9 3951
9 3952
9 3953
9 3954
9 3955
9 3971
9 3972
9 3973
9 3974
9 3975
9 3976
9 3977
9 3978
9 3979
9 3980
9 3981
9 3982
9 3985
9 3988
9 3989
9 3990
9 3991
9 3992
9 3993
9 3994
9 3996
9 3997
9 3998
9 3999
9 4000
9 4001
9 4006
9 4007
9 4008
9 4009
9 4010
9 4014
9 4015
9 4017
9 4018
9 4019
9 4020
9 4021
9 4022
9 4023
9 4024
9 4027
9 4028
9 4030
9 4048
9 4050
9 4053
9 4054
9 4055
9 4056
9 4057
9 4058
9 4059
9 4060
9 4061
9 4062
9 4063
9 4064
9 4085
9 4089
9 4090
9 4091
9 4092
9 4093
9 4094
9 4095
9 4096
9 4097
9 4098
9 4099
9 4101
9 4102
9 4103
9 4104
9 4105
9 4106
9 4107
9 4110
9 4111
9 4114
9 4126
9 4130
9 4132
9 4138
9 4139
9 4142
9 4166
9 4173
9 4181
9 4182
9 4183
9 4215
9 4216
9 4217
9 4233
9 4242
9 4243
9 4244
9 4280
9 4283
9 4284
9 4285
9 4286
9 4287
9 4292
9 4358
9 4374
9 4375
9 4381
9 4382
9 4426
9 4427
9 4428
9 5238
10 53
10 56
10 58
10 59
10 60
10 61
10 109
11 53
12 53
12 57
12 59
12 77
12 78
12 79
12 80
12 81
12 82
12 83
12 84
12 85
12 86
12 87
12 88
12 89
12 90
12 91
12 92
12 93
12 94
12 95
12 96
12 97
12 98
12 99
12 100
12 101
12 102
12 103
12 104
12 105
12 106
12 107
12 108
12 109
12 110
12 111
12 112
12 113
12 114
12 115
12 116
12 117
12 118
12 119
12 120
12 121
12 122
12 123
12 124
12 125
12 126
12 127
12 132
12 133
12 134
12 135
12 150
12 155
12 166
12 191
12 192
12 196
12 254
12 257
12 258
12 266
12 267
12 268
12 269
12 272
12 321
12 322
12 323
12 324
12 332
12 333
12 334
12 335
12 397
12 398
12 536
12 537
12 599
12 600
12 601
12 602
12 603
12 604
12 605
12 606
12 607
13 53
13 56
13 57
13 59
13 60
13 61
13 62
13 66
13 77
13 79
13 80
13 81
13 82
13 83
13 84
13 85
13 86
13 87
13 88
13 91
13 92
13 93
13 94
13 95
13 96
13 97
13 99
13 100
13 101
13 102
13 103
13 104
13 105
13 106
13 107
13 108
13 109
13 110
13 111
13 119
13 129
13 130
13 131
13 134
13 135
13 140
13 141
13 142
13 143
13 144
13 145
13 146
13 147
13 148
13 149
13 150
13 151
13 152
13 153
13 154
13 155
13 156
13 157
13 158
13 159
13 160
13 161
13 162
13 164
13 165
13 173
13 175
13 176
13 177
13 178
13 179
13 180
13 181
13 182
13 183
13 184
13 185
13 186
13 187
13 188
13 189
13 190
13 191
13 192
13 193
13 194
13 195
13 196
13 197
13 198
13 199
13 200
13 201
13 202
13 203
13 204
13 205
13 206
13 207
13 208
13 209
13 210
13 211
13 212
13 213
13 214
13 215
13 216
13 217
13 218
13 219
13 220
13 221
13 222
13 223
13 224
13 225
13 226
13 227
13 228
13 229
13 230
13 231
13 232
13 233
13 234
13 235
13 236
13 237
13 238
13 239
13 240
13 241
13 242
13 243
13 244
13 245
13 246
13 248
13 250
13 251
13 252
13 253
13 254
13 255
13 256
13 259
13 260
13 261
13 262
13 263
13 270
13 271
13 273
13 274
13 275
13 276
13 277
13 278
13 279
13 280
13 281
13 282
13 283
13 284
13 285
13 286
13 287
13 288
13 289
13 290
13 291
13 292
13 293
13 294
13 295
13 296
13 297
13 298
13 299
13 300
13 301
13 302
13 303
13 304
13 305
13 306
13 307
13 312
13 319
13 320
13 326
13 329
13 330
13 331
13 373
13 387
13 388
13 389
13 390
13 391
13 392
13 515
13 525
13 700
13 711
13 729
13 735
13 736
13 739
13 742
13 747
13 748
13 785
13 791
13 918
13 919
13 920
13 921
13 922
13 923
13 924
13 925
13 926
13 927
13 942
13 963
13 1035
13 1036
13 1037
13 1038
13 1039
13 1046
13 1047
13 1048
13 1058
13 1059
13 1060
13 1061
13 1062
13 1063
13 1064
13 1065
13 1066
13 1067
13 1068
13 1069
13 1070
13 1071
13 1072
13 1073
13 1074
13 1075
13 1262
14 53
14 851
14 852
15 53
15 175
15 776
15 777
15 863
15 952
15 953
15 954
15 955
15 956
15 957
15 958
15 959
15 960
15 961
16 53
16 57
16 88
16 97
16 98
16 100
16 101
16 102
16 103
16 104
16 105
16 107
16 108
16 109
16 110
16 111
16 117
16 191
16 219
16 220
16 221
16 222
16 223
16 376
16 744
16 776
16 783
16 845
16 858
16 986
16 1005
16 1006
16 1018
16 1019
16 1020
16 1021
16 1022
16 1023
16 1024
16 1025
16 1026
16 1027
16 1028
16 1029
17 53
17 57
17 209
17 2004
17 2017
17 2379
17 2380
17 2453
17 2556
17 2569
17 2634
17 2749
17 2910
17 4101
18 53
19 53
19 59
19 104
19 119
19 209
19 739
19 742
19 944
19 965
19 981
19 1018
19 1054
19 1076
19 1077
19 1078
19 1079
19 1082
19 1084
19 1085
19 1151
19 2133
19 2134
19 2135
19 2136
19 2137
19 2138
19 2139
19 2140
19 2141
19 2144
19 2145
19 2146
19 2147
19 2150
19 2151
19 2152
19 2153
19 2154
19 2155
19 2156
19 2157
19 2158
19 2159
19 2160
19 2161
19 2162
19 2163
19 2164
19 2165
19 2166
19 2167
19 2168
19 2169
19 2170
19 2171
19 2172
19 2173
19 2174
19 2175
19 2176
19 2177
19 2178
19 2179
19 2180
19 2181
19 2182
19 2183
19 2184
19 2185
19 2186
19 2187
19 2188
19 2189
19 2190
19 2191
19 2199
19 2216
19 2217
19 2218
19 2225
19 2335
19 2341
19 2434
19 2475
19 2552
19 2749
19 2972
19 3128
19 3344
19 3412
19 5054
19 6727
19 6843
19 7074
19 7547
19 7740
19 7753
19 7754
19 7755
19 7756
19 7757
19 7758
19 7759
19 8128
19 8148
19 8198
20 57
20 97
20 105
20 111
20 115
20 382
20 725
20 730
20 733
20 737
20 738
20 1014
20 1021
20 1109
20 1131
20 1706
20 1709
20 1715
20 1904
20 1905
20 2018
20 2019
20 2219
20 2220
20 2221
20 2222
20 2223
20 2224
20 2265
20 2266
20 2267
20 2281
20 2282
20 2305
20 4185
20 7483
21 57
21 152
21 153
21 209
21 930
21 931
21 932
21 933
21 934
21 937
21 939
21 940
21 1207
21 1712
21 2380
21 2434
21 2453
21 2454
21 2466
21 2469
21 2470
21 2471
21 2472
21 2473
21 2474
21 2475
21 2479
21 2480
21 2483
21 2501
21 2505
21 2515
21 2530
21 2531
21 2532
21 2542
21 2543
21 2544
21 2545
21 2546
21 2547
21 2548
21 2549
21 2556
21 2557
21 2558
21 2566
21 2567
21 2569
21 2570
21 2571
21 2572
21 2573
21 2574
21 2575
21 2576
21 2577
21 2578
21 2579
21 2580
21 2581
21 2582
21 2583
21 2594
21 2595
21 2596
21 2623
21 2749
21 3597
21 3631
22 57
23 57
23 153
23 748
23 1824
23 2038
23 2473
23 2505
23 3575
23 4342
23 4672
23 5886
24 57
24 60
24 62
24 66
24 80
24 81
24 83
24 84
24 85
24 86
24 93
24 132
24 134
24 135
24 166
24 192
24 220
24 221
24 222
24 223
24 259
24 267
24 268
24 307
24 311
24 312
24 323
24 324
24 326
24 327
24 334
24 335
24 352
24 373
24 375
24 376
24 377
24 378
24 379
24 380
24 390
24 396
24 398
24 402
24 429
24 431
24 432
24 450
24 462
24 476
24 478
24 481
24 482
24 485
24 488
24 490
24 492
24 494
24 495
24 498
24 499
24 500
24 501
24 502
24 504
24 506
24 507
24 508
24 509
24 510
24 511
24 512
24 513
24 514
24 516
24 517
24 518
24 521
24 524
24 535
24 541
24 546
24 551
24 553
24 569
24 570
24 578
24 579
24 580
24 581
24 583
24 587
24 597
24 599
24 602
24 604
24 605
24 606
24 607
24 611
24 614
24 619
24 624
24 627
24 651
24 662
24 673
24 676
24 701
24 704
24 707
24 708
24 709
24 710
24 714
24 723
24 725
24 727
24 728
24 730
24 733
24 735
24 736
24 737
24 738
24 739
24 741
24 747
24 748
24 749
24 750
24 751
24 752
24 753
24 773
24 775
24 783
24 786
24 787
24 797
24 798
24 799
24 801
24 803
24 805
24 807
24 810
24 814
24 815
24 821
24 822
24 823
24 826
24 827
24 831
24 833
24 834
24 835
24 836
24 842
24 843
24 845
24 846
24 847
24 873
24 890
24 891
24 919
24 927
24 942
24 947
24 954
24 955
24 956
24 957
24 958
24 959
24 960
24 967
24 975
24 976
24 981
24 998
24 1011
24 1018
24 1022
24 1023
24 1024
24 1025
24 1026
24 1027
24 1028
24 1039
24 1047
24 1050
24 1053
24 1054
24 1055
24 1056
24 1059
24 1063
24 1077
24 1078
24 1079
24 1081
24 1082
24 1085
24 1089
24 1102
24 1111
24 1118
24 1119
24 1122
24 1125
24 1131
24 1157
24 1158
24 1159
24 1160
24 1161
24 1162
24 1164
24 1166
24 1167
24 1168
24 1169
24 1170
24 1171
24 1172
24 1173
24 1174
24 1175
24 1176
24 1178
24 1192
24 1200
24 1206
24 1208
24 1222
24 1223
24 1224
24 1226
24 1227
24 1230
24 1250
24 1263
24 1298
24 1447
24 1480
24 1535
24 1701
24 1708
24 1710
24 1716
24 1717
24 1718
24 1719
24 1720
24 1721
24 1722
24 1723
24 1724
24 1725
24 1726
24 1727
24 1728
24 1729
24 1730
24 1731
24 1732
24 1733
24 1734
24 1735
24 1736
24 1737
24 1738
24 1739
24 1740
24 1741
24 1742
24 1743
24 1744
24 1745
24 1746
24 1747
24 1748
24 1749
24 1750
24 1751
24 1752
24 1754
24 1755
24 1756
24 1757
24 1758
24 1759
24 1760
24 1761
24 1762
24 1763
24 1764
24 1765
24 1766
24 1767
24 1768
24 1769
24 1770
24 1771
24 1772
24 1773
24 1774
24 1775
24 1776
24 1777
24 1778
24 1779
24 1780
24 1781
24 1782
24 1783
24 1784
24 1785
24 1786
24 1787
24 1788
24 1789
24 1790
24 1791
24 1792
24 1793
24 1794
24 1795
24 1796
24 1797
24 1798
24 1799
24 1800
24 1801
24 1802
24 1803
24 1804
24 1805
24 1806
24 1807
24 1808
24 1809
24 1810
24 1811
24 1812
24 1813
24 1814
24 1815
24 1816
24 1817
24 1818
24 1819
24 1820
24 1821
24 1822
24 1823
24 1824
24 1825
24 1826
24 1827
24 1828
24 1829
24 1831
24 1832
24 1833
24 1834
24 1835
24 1836
24 1837
24 1838
24 1839
24 1840
24 1841
24 1842
24 1843
24 1844
24 1845
24 1846
24 1847
24 1848
24 1849
24 1850
24 1851
24 1852
24 1853
24 1854
24 1855
24 1856
24 1857
24 1858
24 1859
24 1860
24 1861
24 1862
24 1863
24 1864
24 1865
24 1866
24 1867
24 1868
24 1869
24 1870
24 1871
24 1872
24 1873
24 1874
24 1875
24 1876
24 1877
24 1878
24 1879
24 1880
24 1881
24 1882
24 1883
24 1884
24 1885
24 1886
24 1887
24 1888
24 1889
24 1890
24 1891
24 1892
24 1893
24 1894
24 1895
24 1896
24 1897
24 1898
24 1899
24 1900
24 1901
24 1902
24 1905
24 1906
24 1907
24 1908
24 1909
24 1910
24 1911
24 1912
24 1913
24 1914
24 1915
24 1916
24 1917
24 1918
24 1919
24 1920
24 1921
24 1922
24 1923
24 1924
24 1925
24 1926
24 1927
24 1928
24 1929
24 1930
24 1932
24 1933
24 1934
24 1935
24 1936
24 1937
24 1938
24 1939
24 1940
24 1941
24 1942
24 1943
24 1944
24 1945
24 1946
24 1947
24 1948
24 1949
24 1950
24 1951
24 1952
24 1953
24 1954
24 1955
24 1956
24 1957
24 1958
24 1959
24 1960
24 1961
24 1962
24 1963
24 1964
24 1965
24 1966
24 1967
24 1968
24 1969
24 1970
24 1971
24 1972
24 1973
24 1974
24 1975
24 1976
24 1977
24 1978
24 1979
24 1980
24 1981
24 1982
24 1983
24 1984
24 1985
24 1986
24 1987
24 1988
24 1989
24 1990
24 1991
24 1992
24 1993
24 1994
24 1995
24 1996
24 1997
24 1998
24 1999
24 2000
24 2001
24 2002
24 2003
24 2005
24 2006
24 2007
24 2008
24 2009
24 2010
24 2011
24 2012
24 2013
24 2014
24 2015
24 2018
24 2019
24 2028
24 2029
24 2030
24 2031
24 2034
24 2035
24 2036
24 2037
24 2038
24 2039
24 2040
24 2041
24 2042
24 2043
24 2047
24 2065
24 2073
24 2075
24 2082
24 2090
24 2094
24 2124
24 2125
24 2136
24 2138
24 2140
24 2146
24 2150
24 2151
24 2153
24 2155
24 2156
24 2162
24 2164
24 2170
24 2172
24 2173
24 2174
24 2175
24 2176
24 2177
24 2178
24 2180
24 2181
24 2182
24 2184
24 2185
24 2186
24 2187
24 2188
24 2189
24 2190
24 2191
24 2199
24 2225
24 2232
24 2233
24 2258
24 2260
24 2266
24 2273
24 2274
24 2286
24 2304
24 2332
24 2333
24 2338
24 2350
24 2352
24 2365
24 2469
24 2470
24 2471
24 2472
24 2475
24 2479
24 2480
24 2619
24 2773
24 2777
24 2790
24 2795
24 2832
24 2834
24 2835
24 2942
24 2943
24 2944
24 2945
24 2946
24 3007
24 3031
24 3055
24 3076
24 3078
24 3254
24 3278
24 3282
24 3283
24 3284
24 3412
24 3469
24 3514
24 3516
24 3575
24 3831
24 3930
24 3937
24 3938
24 3939
24 3950
24 3954
24 3972
24 3973
24 3974
24 3978
24 3979
24 3980
24 4103
24 4139
24 4166
24 4285
24 4358
24 4485
24 4672
24 4685
24 4701
24 4714
24 4767
24 4779
24 5039
24 5156
24 5173
24 5324
24 5325
24 5445
24 5455
24 6532
24 6535
24 6537
24 6538
24 6551
24 6552
24 6562
24 6588
24 6598
24 6622
24 6658
24 6680
24 6701
24 6702
24 6705
24 6706
24 6727
24 6756
24 6757
24 6758
24 6782
24 6783
24 6791
24 6792
24 6793
24 6794
24 6795
24 6796
24 6846
24 6859
24 6860
24 6865
24 6866
24 6867
24 6868
24 6869
24 6870
24 6872
24 6876
24 6877
24 6891
24 6892
24 6893
24 6894
24 6899
24 6900
24 6901
24 6902
24 6903
24 6904
24 6905
24 6906
24 6927
24 6928
24 6929
24 6932
24 6933
24 6939
24 6971
24 6987
24 6988
24 7008
24 7018
24 7019
24 7020
24 7047
24 7048
24 7049
24 7051
24 7052
24 7053
24 7055
24 7056
24 7103
24 7104
24 7105
24 7107
24 7108
24 7109
24 7115
24 7116
24 7117
24 7154
24 7191
24 7218
24 7222
24 7223
24 7224
24 7225
24 7226
24 7227
24 7228
24 7231
24 7244
24 7267
24 7325
24 7326
24 7327
24 7328
24 7329
24 7330
24 7331
24 7332
24 7333
24 7334
24 7344
24 7345
24 7346
24 7347
24 7348
24 7349
24 7350
24 7351
24 7352
24 7353
24 7354
24 7355
24 7357
24 7358
24 7359
24 7360
24 7361
24 7362
24 7363
24 7377
24 7378
24 7387
24 7399
24 7400
24 7401
24 7402
24 7403
24 7404
24 7405
24 7406
24 7407
24 7408
24 7409
24 7410
24 7411
24 7412
24 7414
24 7415
24 7423
24 7424
24 7433
24 7438
24 7444
24 7445
24 7446
24 7447
24 7448
24 7449
24 7450
24 7453
24 7457
24 7458
24 7483
24 7512
24 7522
24 7530
24 7531
24 7532
24 7533
24 7534
24 7535
24 7536
24 7540
24 7541
24 7542
24 7543
24 7544
24 7545
24 7546
24 7547
24 7548
24 7549
24 7550
24 7551
24 7552
24 7553
24 7554
24 7555
24 7556
24 7557
24 7558
24 7559
24 7560
24 7561
24 7562
24 7563
24 7564
24 7565
24 7566
24 7567
24 7568
24 7569
24 7570
24 7571
24 7572
24 7573
24 7574
24 7575
24 7576
24 7577
24 7578
24 7579
24 7580
24 7581
24 7582
24 7583
24 7584
24 7585
24 7586
24 7587
24 7588
24 7589
24 7590
24 7591
24 7592
24 7593
24 7594
24 7595
24 7596
24 7597
24 7598
24 7599
24 7600
24 7601
24 7602
24 7603
24 7604
24 7605
24 7606
24 7607
24 7608
24 7609
24 7610
24 7611
24 7612
24 7613
24 7614
24 7616
24 7617
24 7618
24 7619
24 7620
24 7621
24 7623
24 7624
24 7625
24 7626
24 7627
24 7628
24 7629
24 7630
24 7631
24 7632
24 7633
24 7634
24 7635
24 7636
24 7637
24 7638
24 7639
24 7640
24 7641
24 7642
24 7643
24 7644
24 7645
24 7646
24 7647
24 7648
24 7649
24 7650
24 7651
24 7652
24 7653
24 7654
24 7655
24 7656
24 7657
24 7658
24 7659
24 7660
24 7661
24 7662
24 7663
24 7664
24 7665
24 7666
24 7667
24 7668
24 7669
24 7670
24 7671
24 7672
24 7673
24 7674
24 7675
24 7676
24 7677
24 7678
24 7679
24 7680
24 7681
24 7682
24 7683
24 7684
24 7685
24 7686
24 7687
24 7688
24 7689
24 7690
24 7695
24 7696
24 7697
24 7698
24 7699
24 7700
24 7701
24 7702
24 7703
24 7704
24 7705
24 7706
24 7707
24 7708
24 7709
24 7725
24 7726
24 7727
24 7728
24 7729
24 7730
24 7731
24 7732
24 7733
24 7734
24 7737
24 7740
24 7801
24 7895
24 7905
24 7906
24 7907
24 7909
24 7910
24 7921
24 7940
24 7941
24 7949
24 7950
24 7951
24 7952
24 7953
24 7956
24 7957
24 7958
24 7964
24 7965
24 7966
24 7967
24 7968
24 7969
24 7970
24 7971
24 7972
24 7973
24 7974
24 7975
24 7976
24 7977
24 7978
24 7979
24 7980
24 7981
24 7982
24 7983
24 7984
24 7985
24 7986
24 7987
24 7988
24 7989
24 7990
24 7991
24 7992
24 7993
24 7994
24 7995
24 7996
24 7997
24 7998
24 7999
24 8048
24 8107
24 8115
24 8121
24 8122
24 8123
24 8124
24 8125
24 8126
24 8127
24 8128
24 8129
24 8130
24 8131
24 8132
24 8133
24 8134
24 8135
24 8136
24 8137
24 8138
24 8139
24 8140
24 8141
24 8142
24 8143
24 8144
24 8145
24 8146
24 8147
24 8148
24 8149
24 8150
24 8151
24 8152
24 8153
24 8154
24 8155
24 8156
24 8157
24 8158
24 8159
24 8160
24 8161
24 8162
24 8163
24 8164
24 8165
24 8166
24 8167
24 8170
24 8171
24 8172
24 8173
24 8174
24 8175
24 8176
24 8177
24 8178
24 8179
24 8180
24 8181
24 8182
24 8183
24 8198
24 8207
24 8208
24 8209
24 8210
24 8211
24 8212
24 8213
24 8214
24 8215
24 8216
24 8217
24 8218
24 8229
24 8230
24 8231
24 8232
24 8238
24 8239
24 8240
24 8241
24 8242
24 8245
24 8246
24 8247
24 8248
24 8249
24 8250
24 8251
24 8252
24 8253
24 8254
24 8255
24 8256
24 8257
24 8266
24 8267
24 8268
24 8269
24 8270
24 8274
24 8275
24 8276
24 8277
24 8289
24 8290
24 8291
24 8316
24 8331
24 8332
24 8338
24 8339
24 8340
24 8341
24 8342
24 8343
24 8344
24 8345
24 8346
24 8347
24 8348
24 8349
24 8350
24 8351
24 8352
24 8353
24 8354
24 8355
24 8356
24 8371
24 8372
24 8377
24 8378
24 8379
24 8380
24 8381
24 8402
24 8403
24 8404
24 8405
24 8406
24 8407
24 8408
24 8409
24 8410
24 8418
24 8419
24 8420
24 8421
24 8422
24 8429
24 8430
24 8431
24 8432
24 8433
24 8434
24 8435
24 8436
24 8437
24 8438
24 8443
24 8444
24 8445
24 8446
24 8447
24 8448
24 8449
24 8450
24 8451
24 8452
24 8453
24 8454
24 8455
24 8456
24 8457
24 8458
24 8459
24 8460
24 8461
24 8462
24 8463
24 8464
24 8465
24 8466
24 8467
24 8468
24 8469
24 8470
24 8471
24 8472
24 8485
24 8486
24 8487
24 8488
24 8489
24 8490
24 8491
24 8492
24 8493
24 8494
24 8495
24 8496
24 8497
24 8498
24 8499
24 8500
24 8523
24 8524
24 8525
24 8526
24 8527
24 8528
24 8529
24 8530
24 8534
24 8622
24 8623
24 8624
24 8625
24 8626
24 8627
24 8628
24 8629
24 8630
24 8631
24 8632
24 8633
24 8634
24 8635
24 8636
24 8637
24 8638
24 8639
24 8640
24 8641
24 8642
24 8643
24 8644
24 8645
24 8646
24 8647
24 8648
24 8649
24 8655
24 8656
24 8661
24 8662
24 8663
24 8664
24 8665
24 8666
24 8667
24 8671
24 8672
24 8673
24 8674
24 8675
24 8676
24 8677
24 8678
24 8679
24 8680
24 8681
24 8682
24 8683
24 8684
24 8685
24 8686
24 8687
24 8688
24 8689
24 8690
24 8691
24 8692
24 8693
24 8694
24 8695
24 8696
24 8697
24 8698
24 8699
24 8700
24 8701
24 8702
24 8715
24 8716
24 8717
24 8718
24 8719
24 8720
24 8721
24 8722
24 8728
24 8729
24 8730
24 8731
24 8732
24 8733
24 8736
24 8737
24 8738
24 8739
24 8740
24 8741
24 8758
24 8759
24 8760
24 8761
24 8762
24 8763
24 8764
24 8765
24 8766
24 8767
24 8768
24 8769
24 8770
24 8771
24 8772
24 8773
24 8812
24 8813
24 8814
24 8815
24 8816
24 8817
24 8818
24 8819
24 8820
24 8821
24 8831
24 8832
24 8833
24 8834
24 8835
24 8836
24 8837
24 8838
24 8839
24 8840
24 8841
24 8842
24 8843
24 8844
24 8845
24 8846
24 8847
24 8848
24 8849
24 8850
24 8851
24 8852
24 8853
24 8854
24 8855
24 8856
24 8857
24 8858
24 8859
24 8864
24 8865
24 8866
24 8867
24 8868
24 8869
24 8870
24 8871
24 8872
24 8873
24 8874
24 8875
24 8876
24 8877
24 8878
24 8879
24 8880
24 8881
24 8882
24 8883
24 8884
24 8885
24 8886
24 8887
24 8888
24 8889
24 8890
24 8891
24 8892
24 8893
24 8894
24 8895
24 8896
24 8897
24 8898
24 8899
24 8900
24 8901
24 8902
24 8903
24 8904
24 8905
24 8907
24 8908
24 8909
24 8910
24 8911
24 8912
24 8913
24 8914
24 8915
24 8916
24 8917
24 8918
24 8919
24 8920
24 8921
24 8922
24 8923
24 8924
24 8925
24 8926
24 8927
24 8928
24 8929
24 8930
24 8931
24 8932
24 8933
24 8934
24 8935
24 8936
24 8937
24 8938
24 8939
24 8940
24 8941
24 8942
24 8943
24 8944
24 8945
24 8946
24 8947
24 8948
24 8949
24 8950
24 8951
24 8952
24 8953
24 8954
24 8955
24 8956
24 8957
24 8958
24 8959
24 8960
24 8961
24 8962
24 8963
24 8964
24 8965
24 8966
24 8967
24 8968
24 8969
24 8970
24 8971
24 8972
24 8973
24 8974
24 8975
24 8976
24 8977
24 8978
24 8979
24 8980
24 8981
24 8982
24 8983
24 8984
24 8985
24 8986
24 8987
24 8988
24 8989
24 8990
24 8991
24 8992
24 8993
24 8994
24 8995
24 8996
24 8997
24 8998
24 8999
24 9000
24 9001
24 9002
24 9003
24 9004
24 9005
24 9006
24 9007
24 9008
24 9009
24 9010
24 9011
24 9012
24 9013
24 9014
24 9015
24 9016
24 9017
24 9018
24 9019
24 9020
24 9021
24 9022
24 9023
24 9024
24 9025
24 9026
24 9027
24 9028
24 9029
24 9030
24 9031
24 9032
24 9033
24 9034
24 9035
24 9036
24 9037
24 9038
24 9039
24 9040
24 9041
24 9042
24 9043
24 9044
24 9045
24 9046
24 9047
24 9048
24 9049
24 9050
24 9051
24 9052
24 9053
24 9054
24 9055
24 9056
24 9057
24 9058
24 9059
24 9060
24 9061
24 9062
24 9063
24 9064
24 9065
24 9066
24 9067
24 9068
24 9069
24 9070
24 9071
24 9072
24 9073
24 9074
24 9075
24 9076
24 9077
24 9078
24 9079
24 9080
24 9081
24 9082
24 9083
24 9084
24 9085
24 9086
24 9087
24 9088
24 9089
24 9090
24 9091
24 9092
24 9093
24 9094
24 9095
24 9096
24 9097
24 9098
24 9099
24 9100
24 9101
24 9102
24 9103
24 9104
24 9105
24 9106
24 9107
24 9108
24 9109
24 9110
24 9111
24 9112
24 9113
24 9114
24 9115
24 9116
24 9117
24 9118
24 9119
24 9120
24 9121
24 9122
24 9123
24 9124
24 9125
24 9126
24 9127
24 9128
24 9129
24 9130
24 9131
24 9132
24 9133
24 9134
24 9135
24 9136
24 9137
24 9138
24 9139
24 9140
24 9141
24 9142
24 9143
24 9144
24 9145
24 9146
24 9147
24 9148
24 9149
24 9150
24 9151
24 9152
24 9153
24 9154
24 9155
24 9156
24 9157
24 9158
24 9159
24 9160
24 9161
24 9162
24 9163
24 9164
24 9165
24 9166
24 9167
24 9168
24 9169
24 9170
24 9171
24 9172
24 9173
24 9174
24 9175
24 9176
24 9177
24 9178
24 9179
24 9180
24 9181
24 9182
24 9183
24 9184
24 9185
24 9186
24 9187
24 9188
24 9189
24 9190
24 9191
24 9192
24 9193
24 9194
24 9195
24 9196
24 9197
24 9198
24 9199
24 9200
24 9201
24 9202
24 9203
24 9204
24 9205
24 9206
24 9207
24 9208
24 9209
24 9210
24 9211
24 9212
24 9213
24 9214
24 9215
24 9216
24 9217
24 9218
24 9219
24 9220
24 9221
24 9222
24 9223
24 9224
24 9225
24 9226
24 9227
24 9228
24 9229
24 9230
24 9231
24 9232
24 9233
24 9234
24 9235
24 9236
24 9237
24 9238
24 9239
24 9240
24 9241
24 9242
24 9243
24 9244
24 9245
24 9246
24 9247
24 9248
24 9249
24 9250
24 9251
24 9252
24 9253
24 9254
24 9255
24 9256
24 9257
24 9258
24 9259
24 9260
24 9261
24 9262
24 9263
24 9264
24 9265
24 9266
24 9267
24 9268
24 9269
24 9270
24 9271
24 9272
24 9273
24 9274
24 9275
24 9276
24 9277
24 9278
24 9279
24 9280
24 9281
24 9282
24 9283
24 9284
24 9285
24 9286
24 9287
24 9288
24 9289
24 9290
24 9291
24 9292
24 9293
24 9294
24 9295
24 9296
24 9297
24 9298
24 9299
24 9300
24 9301
24 9302
24 9303
24 9304
24 9305
24 9306
24 9307
24 9308
24 9309
24 9310
24 9311
24 9312
24 9313
24 9314
24 9315
24 9316
24 9317
24 9318
24 9319
24 9320
24 9321
24 9322
24 9323
24 9324
24 9325
24 9326
24 9327
24 9328
24 9329
24 9330
24 9331
24 9332
24 9333
24 9334
24 9335
24 9336
24 9337
24 9338
24 9339
24 9340
24 9341
24 9342
24 9343
24 9344
24 9345
24 9346
24 9347
24 9348
24 9349
24 9350
24 9351
24 9352
24 9353
24 9354
24 9355
24 9356
24 9357
24 9358
24 9359
24 9360
24 9361
24 9362
24 9363
24 9364
24 9365
24 9366
24 9367
24 9368
24 9369
24 9370
24 9371
24 9372
24 9373
24 9374
24 9375
24 9376
24 9377
24 9378
24 9379
24 9380
24 9381
24 9382
24 9383
24 9384
24 9385
24 9386
24 9387
24 9388
24 9389
24 9390
24 9391
24 9392
24 9393
24 9394
24 9395
24 9396
24 9397
24 9398
24 9399
24 9400
24 9401
24 9402
24 9403
24 9404
24 9405
24 9406
24 9407
24 9408
24 9409
24 9410
24 9411
24 9412
24 9413
24 9414
24 9415
24 9416
24 9417
24 9418
24 9419
24 9420
24 9421
24 9422
24 9423
24 9424
24 9425
24 9426
24 9427
24 9428
24 9429
24 9430
24 9431
24 9432
24 9433
24 9434
24 9435
24 9436
24 9437
24 9438
24 9439
24 9440
24 9441
24 9442
24 9443
24 9444
24 9445
24 9446
24 9447
24 9448
24 9449
24 9450
24 9451
24 9454
24 9455
24 9456
24 9457
24 9458
24 9459
24 9460
24 9461
24 9462
24 9463
24 9464
24 9465
24 9466
24 9467
24 9468
24 9469
24 9470
24 9471
24 9472
24 9473
24 9474
24 9475
24 9476
24 9477
24 9478
24 9479
24 9480
24 9481
24 9482
24 9483
24 9484
24 9485
24 9486
24 9487
24 9488
24 9489
24 9490
24 9491
24 9492
24 9493
24 9494
24 9495
24 9496
24 9497
24 9498
24 9499
24 9500
24 9501
24 9502
24 9503
24 9504
24 9505
24 9506
24 9507
24 9508
24 9509
24 9510
24 9511
24 9512
24 9513
24 9514
24 9515
24 9516
24 9517
24 9518
24 9519
24 9520
24 9521
24 9522
24 9523
24 9524
24 9525
24 9526
24 9527
24 9528
24 9529
24 9530
24 9531
24 9532
24 9533
24 9534
24 9535
24 9536
24 9537
24 9538
24 9539
24 9540
24 9541
24 9542
24 9543
24 9544
24 9545
24 9546
24 9547
24 9548
24 9549
24 9550
24 9551
24 9552
24 9553
24 9554
24 9555
24 9556
24 9557
24 9558
24 9559
24 9560
24 9561
24 9562
24 9563
24 9564
24 9565
24 9566
24 9567
24 9568
24 9569
24 9570
24 9571
24 9572
24 9573
24 9574
24 9575
24 9576
24 9577
24 9578
24 9579
24 9580
24 9581
24 9582
24 9583
24 9584
24 9585
24 9586
24 9588
24 9589
24 9590
24 9591
24 9592
24 9593
24 9594
24 9595
24 9596
24 9597
24 9598
24 9599
24 9600
24 9601
24 9602
24 9603
24 9604
24 9605
24 9606
24 9607
24 9608
24 9609
24 9610
24 9611
24 9612
24 9613
24 9614
24 9615
24 9616
24 9617
24 9618
24 9619
24 9620
24 9621
24 9622
24 9623
24 9624
24 9625
24 9626
24 9627
24 9628
24 9629
24 9630
24 9631
24 9632
24 9634
24 9635
24 9636
24 9722
24 9723
24 9724
24 9725
24 9726
24 9727
24 9728
24 9729
24 9730
24 9731
24 9732
24 9733
24 9734
24 9735
24 9736
24 9737
24 9738
24 9740
24 9741
24 9742
24 9743
24 9744
24 9745
24 9746
24 9747
24 9749
24 9750
24 9751
24 9752
24 9753
24 9754
24 9756
24 9757
24 9758
24 9759
24 9760
24 9761
24 9762
24 9763
24 9764
24 9765
24 9766
24 9767
24 9768
24 9769
24 9770
24 9771
24 9772
24 9774
24 9775
24 9776
24 9777
24 9778
24 9779
24 9780
24 9781
24 9782
24 9783
24 9784
24 9785
24 9786
24 9787
24 9788
24 9790
24 9791
24 9792
24 9793
24 9794
24 9795
24 9796
24 9797
24 9798
24 9799
24 9800
24 9801
24 9802
24 9803
24 9804
24 9805
24 9806
24 9807
24 9808
24 9809
24 9810
24 9811
24 9812
24 9813
24 9814
24 9815
24 9816
24 9817
24 9818
24 9819
24 9820
24 9821
24 9822
24 9823
24 9824
24 9825
24 9826
24 9827
24 9828
24 9829
24 9830
24 9831
24 9832
24 9833
24 9834
24 9835
24 9836
24 9837
24 9838
24 9839
24 9840
24 9841
24 9842
24 9843
24 9844
24 9845
24 9846
24 9847
24 9848
24 9849
24 9850
24 9851
24 9852
24 9855
24 9856
24 9857
24 9858
24 9859
24 9860
24 9861
24 9862
24 9863
24 9864
24 9865
24 9866
24 9867
24 9868
24 9869
24 9870
24 9871
24 9872
24 9873
24 9874
24 9875
24 9876
24 9877
24 9878
24 9879
24 9880
24 9881
24 9882
24 9883
24 9884
24 9885
24 9886
24 9887
24 9888
24 9889
24 9890
24 9891
24 9892
24 9893
24 9894
24 9895
24 9896
24 9897
24 9898
24 9899
24 9900
24 9901
24 9902
24 9903
24 9904
24 9905
24 9906
24 9907
24 9908
24 9909
24 9910
24 9911
24 9912
24 9913
24 9914
24 9915
24 9916
24 9917
24 9918
24 9919
24 9920
24 9921
24 9922
24 9923
24 9924
24 9925
24 9926
24 9927
24 9928
24 9929
24 9930
24 9931
24 9932
24 9933
24 9934
24 9935
24 9936
24 9937
24 9938
24 9939
24 9940
24 9941
24 9942
24 9943
24 9944
24 9945
24 9946
24 9947
24 9948
24 9949
24 9950
24 9951
24 9952
24 9953
24 9954
24 9955
24 9956
24 9957
24 9958
24 9959
24 9960
24 9961
24 9962
24 9963
24 9964
24 9965
24 9966
24 9967
24 9968
24 9969
24 9970
24 9971
24 9972
24 9973
24 9974
24 9975
24 9976
24 9977
24 9978
24 9979
24 9980
24 9981
24 9982
24 9983
24 9984
24 9985
24 9986
24 9987
24 9988
24 9989
24 9990
24 9991
24 9992
24 9993
24 9994
24 9995
24 9996
24 9997
24 9998
24 9999
24 10000
24 10001
24 10002
24 10003
24 10004
24 10005
24 10006
24 10007
24 10008
24 10009
24 10010
24 10011
24 10012
24 10013
24 10014
24 10015
24 10016
24 10017
24 10018
24 10019
24 10020
24 10021
24 10022
24 10023
24 10024
24 10025
24 10026
24 10027
24 10028
24 10029
24 10030
24 10031
24 10032
24 10033
24 10034
24 10035
24 10036
24 10037
24 10038
24 10039
24 10040
24 10041
24 10042
24 10043
24 10044
24 10045
24 10046
24 10047
24 10048
24 10049
24 10050
24 10051
24 10052
24 10053
24 10054
24 10055
24 10056
24 10057
24 10058
24 10059
24 10060
24 10061
24 10062
24 10063
24 10064
24 10065
24 10066
24 10067
24 10068
24 10069
24 10070
24 10071
24 10072
24 10073
24 10074
24 10075
24 10076
24 10077
24 10078
24 10079
24 10080
24 10081
24 10082
24 10083
24 10084
24 10085
24 10086
24 10087
24 10088
24 10089
24 10090
24 10091
24 10092
24 10093
24 10094
24 10095
24 10096
24 10097
24 10098
24 10099
24 10100
24 10101
24 10102
24 10103
24 10104
24 10105
24 10106
24 10108
24 10109
24 10110
24 10111
24 10112
24 10113
24 10114
24 10115
24 10116
24 10117
24 10118
24 10119
24 10120
24 10121
24 10122
24 10123
24 10124
24 10125
24 10126
24 10127
24 10128
24 10129
24 10130
24 10131
24 10132
24 10133
24 10134
24 10135
24 10136
24 10137
24 10138
24 10139
24 10140
24 10141
24 10142
24 10143
24 10144
24 10145
24 10146
24 10147
24 10148
24 10149
24 10150
24 10151
24 10152
24 10153
24 10154
24 10155
24 10156
24 10157
24 10158
24 10159
24 10160
24 10161
24 10162
24 10163
24 10164
24 10165
24 10166
24 10167
24 10168
24 10169
24 10170
24 10171
24 10172
24 10173
24 10174
24 10175
24 10176
24 10177
24 10178
24 10179
24 10180
24 10181
24 10182
24 10183
24 10184
24 10185
24 10186
24 10187
24 10188
24 10189
24 10190
24 10191
24 10192
24 10193
24 10194
24 10195
24 10196
24 10197
24 10198
24 10199
24 10200
24 10201
24 10202
24 10203
24 10204
24 10205
24 10206
24 10207
24 10208
24 10209
24 10210
24 10211
24 10212
24 10213
24 10214
24 10215
24 10216
24 10217
24 10218
24 10219
24 10220
24 10221
24 10222
24 10223
24 10224
24 10225
24 10226
24 10227
24 10228
24 10229
24 10230
24 10231
24 10232
24 10233
24 10234
24 10235
24 10236
24 10237
24 10238
24 10239
24 10240
24 10241
24 10242
24 10243
24 10244
24 10245
24 10246
24 10247
24 10248
24 10249
24 10250
24 10251
24 10252
24 10253
24 10254
24 10255
24 10256
24 10257
24 10258
24 10259
24 10260
24 10261
24 10263
24 10264
24 10265
24 10266
24 10267
24 10268
24 10269
24 10270
24 10271
24 10272
24 10273
24 10274
24 10275
24 10276
24 10277
24 10278
24 10279
24 10280
24 10281
24 10282
24 10283
24 10284
24 10285
24 10286
24 10287
24 10288
24 10289
24 10290
24 10291
24 10292
24 10293
24 10294
24 10295
24 10296
24 10297
24 10298
24 10299
24 10300
24 10301
24 10302
24 10303
24 10304
24 10305
24 10306
24 10307
24 10308
24 10309
24 10310
24 10311
24 10312
24 10313
24 10314
24 10315
24 10316
24 10317
24 10318
24 10319
24 10320
24 10321
24 10322
24 10323
24 10324
24 10325
24 10326
24 10327
24 10328
24 10329
24 10330
24 10331
24 10332
24 10333
24 10334
24 10335
24 10336
24 10337
24 10338
24 10339
24 10340
24 10341
24 10342
24 10343
24 10344
24 10345
24 10346
24 10347
24 10348
24 10349
24 10350
24 10351
24 10352
24 10353
24 10354
24 10355
24 10356
24 10357
24 10358
24 10359
24 10360
24 10361
24 10362
24 10363
24 10364
24 10365
24 10366
24 10367
24 10368
24 10369
24 10370
24 10371
24 10372
24 10373
24 10374
24 10375
24 10376
24 10377
24 10378
24 10379
24 10380
24 10381
24 10382
24 10383
24 10384
24 10385
24 10386
24 10387
24 10388
24 10389
24 10390
24 10391
24 10392
24 10393
24 10394
24 10395
24 10396
24 10397
24 10398
24 10399
24 10400
24 10401
24 10402
24 10403
24 10404
24 10405
24 10406
24 10407
24 10408
24 10409
24 10410
24 10411
24 10412
24 10413
24 10414
24 10415
24 10416
24 10417
24 10418
24 10419
24 10420
24 10421
24 10422
24 10423
24 10424
24 10425
24 10426
24 10427
24 10428
24 10429
24 10430
24 10431
24 10432
24 10433
24 10434
24 10435
24 10436
24 10437
24 10438
24 10439
24 10440
24 10441
24 10442
24 10443
24 10444
24 10445
24 10446
24 10447
24 10448
24 10449
24 10450
24 10451
24 10452
24 10453
24 10454
24 10455
24 10456
24 10457
24 10458
24 10459
24 10460
24 10461
24 10462
24 10463
24 10464
24 10465
24 10466
24 10467
24 10468
24 10469
24 10470
24 10471
24 10472
24 10473
24 10474
24 10475
24 10476
24 10477
24 10478
24 10479
24 10480
24 10481
24 10482
24 10483
24 10484
24 10485
24 10486
24 10487
24 10490
24 10491
24 10492
24 10493
24 10494
24 10495
24 10496
24 10497
24 10498
24 10499
24 10500
24 10501
24 10502
24 10503
24 10504
24 10505
24 10506
24 10507
24 10508
24 10509
24 10510
24 10511
24 10512
24 10513
24 10514
24 10515
24 10516
24 10517
24 10518
24 10519
24 10520
24 10521
24 10522
24 10523
24 10524
24 10525
24 10526
24 10527
24 10528
24 10529
24 10530
24 10531
24 10532
24 10533
24 10534
24 10535
24 10536
24 10537
24 10538
24 10539
24 10540
24 10541
24 10542
24 10543
24 10544
24 10545
24 10546
24 10547
24 10548
24 10549
24 10550
24 10551
24 10552
24 10553
24 10554
24 10555
24 10556
24 10557
24 10558
24 10559
24 10560
24 10561
24 10562
24 10563
24 10564
24 10565
24 10566
24 10567
24 10568
24 10569
24 10570
24 10571
24 10572
24 10573
24 10574
24 10575
24 10576
24 10577
24 10578
24 10579
24 10580
24 10581
24 10582
24 10583
24 10584
24 10585
24 10586
24 10587
24 10588
24 10589
24 10590
24 10591
24 10592
24 10593
24 10594
24 10595
24 10596
24 10597
24 10598
24 10599
24 10600
24 10601
24 10602
24 10603
24 10604
24 10605
24 10606
24 10607
24 10608
24 10609
24 10610
24 10611
24 10612
24 10613
24 10614
24 10615
24 10616
24 10617
24 10618
24 10619
24 10620
24 10621
24 10636
24 10637
24 10639
24 10640
24 10657
24 10658
24 10659
24 10660
24 10661
24 10662
24 10663
24 10664
24 10677
24 10678
24 10679
24 10683
24 10684
24 10685
24 10686
24 10687
24 10688
24 10689
24 10690
24 10691
24 10692
24 10693
24 10694
24 10695
24 10696
24 10697
24 10698
24 10699
24 10700
24 10701
24 10702
24 10703
24 10704
24 10705
24 10706
24 10707
24 10708
24 10720
24 10725
24 10727
24 10730
24 10732
24 10733
24 10734
24 10735
24 10736
24 10737
24 10738
24 10739
24 10740
24 10754
24 10755
24 10756
24 10757
24 10758
24 10759
24 10761
24 10762
24 10763
24 10764
24 10765
24 10766
24 10767
24 10768
24 10769
24 10770
24 10771
24 10772
24 10773
24 10774
24 10775
24 10776
24 10777
24 10778
24 10779
24 10780
24 10781
24 10782
24 10783
24 10784
24 10785
24 10786
24 10787
24 10788
24 10789
24 10790
24 10791
24 10792
24 10793
24 10794
24 10795
24 10796
24 10797
24 10798
24 10799
24 10800
24 10801
24 10802
24 10803
24 10804
24 10805
24 10806
24 10807
24 10808
24 10809
24 10810
24 10811
24 10812
24 10813
24 10814
24 10815
24 10816
24 10817
24 10818
24 10819
24 10820
24 10821
24 10822
24 10823
24 10824
24 10825
24 10826
24 10827
24 10828
24 10829
24 10830
24 10831
24 10834
24 10835
24 10836
24 10837
24 10838
24 10839
24 10840
24 10841
24 10842
24 10843
24 10844
24 10845
24 10846
24 10847
24 10848
24 10849
24 10850
24 10851
24 10852
24 10853
24 10891
24 10893
24 10894
24 10895
24 10896
24 10897
24 10898
24 10899
24 10913
24 10914
24 10915
24 10916
24 10917
24 10918
24 10919
24 10920
24 10921
24 10922
24 10923
24 10924
24 10925
24 10926
24 10927
24 10928
24 10929
24 10930
24 10931
24 10932
24 10933
24 10934
24 10935
24 10936
24 10937
24 10938
24 10939
24 10940
24 10941
24 10942
24 10943
24 10944
24 10945
24 10946
24 10947
24 10948
24 10949
24 10950
24 10951
24 10952
24 10953
24 10954
24 10955
24 10956
24 10957
24 10958
24 10959
24 10960
24 10961
24 10962
24 10963
24 10964
24 10965
24 10966
24 10967
24 10968
24 10969
24 10970
24 10971
24 10972
24 10973
24 10974
24 10975
24 10976
24 10977
24 10978
24 10979
24 10980
24 10981
24 10982
24 10983
24 10984
24 10985
24 10986
24 10987
24 10988
24 10989
24 10991
24 10992
24 10993
24 10994
24 10995
24 11043
24 11044
24 11045
24 11046
24 11184
24 11185
24 11186
24 11187
24 11226
24 11227
24 11228
24 11229
24 11230
24 11231
24 11232
24 11233
24 11234
24 11235
24 11236
24 11237
24 11238
24 11239
24 11240
24 11241
24 11242
24 11243
24 11290
24 11291
24 11292
24 11293
24 11294
24 11295
24 11296
24 11297
24 11298
24 11299
24 11300
24 11301
24 11302
24 11303
24 11304
24 11305
24 11306
24 11307
24 11408
24 11409
24 11410
24 11411
24 11412
24 11413
24 11414
24 11415
24 11416
24 11417
24 11418
24 11419
24 11420
24 11421
24 11422
24 11423
24 11424
24 11425
24 11426
24 11427
24 11428
24 11429
24 11430
24 11431
24 11598
24 11599
24 11600
24 11601
24 11602
24 11603
24 11604
24 11605
24 11606
24 11607
24 11608
24 11609
24 11610
24 11611
24 11612
24 11613
24 11614
24 11615
24 11616
24 11617
24 11618
24 11619
24 11620
24 11621
24 11622
24 11623
24 11624
24 12003
25 57
25 191
25 208
25 209
25 706
25 748
25 847
25 849
25 890
25 954
25 955
25 956
25 957
25 958
25 959
25 960
25 1061
25 1077
25 1118
25 1154
25 1712
25 1902
25 1903
25 2023
25 2024
25 2043
25 2082
25 2083
25 2084
25 2085
25 2086
25 2094
25 2096
25 2097
25 2123
25 2131
25 2198
25 2304
25 2379
25 2432
25 2453
25 2569
25 2617
25 2619
25 2620
25 2749
25 3076
25 3469
25 3690
25 3786
25 7930
25 11081
25 11087
25 11088
26 57
26 59
26 98
26 193
26 777
26 1018
26 5053
26 9691
26 11058
26 12112
26 12115
27 57
27 59
27 98
27 153
27 193
27 229
27 777
27 810
27 1018
27 1102
27 1151
27 2150
27 2181
27 2333
27 2334
27 2335
27 2434
27 2630
27 2631
27 2642
27 2643
27 3007
27 4142
27 7344
27 7726
27 7731
27 7732
27 7734
27 7737
27 7801
27 7817
27 8515
27 8516
27 8534
27 8551
27 8552
27 8559
27 8560
27 8561
27 8562
27 8563
27 8564
27 8565
27 8566
27 8567
27 8568
27 8569
27 8570
27 8571
27 8572
27 8573
27 8574
27 8575
27 8576
27 8577
27 8578
27 8579
27 8580
27 8581
27 8582
27 8583
27 8584
27 8585
27 8586
27 8587
27 8588
27 8589
27 8590
27 8591
27 8592
27 8593
27 8594
27 8595
27 8596
27 8597
27 8598
27 8599
27 8600
27 8601
27 8602
27 8603
27 8604
27 8605
27 8607
27 8608
27 8621
27 8671
27 8672
27 8673
27 8674
27 8675
27 8676
27 8705
27 8706
27 8707
27 8710
27 8711
27 8712
27 8713
27 8714
27 8736
27 8743
27 8744
27 8745
27 8746
27 8747
27 8748
27 8749
27 8752
27 8754
27 8775
27 8776
27 8777
27 10855
27 10856
27 10857
27 10858
27 11314
27 12149
27 12161
28 58
29 59
29 97
29 100
29 109
29 113
29 744
29 745
29 746
29 778
29 779
29 780
30 59
30 801
30 860
30 891
30 1055
30 1200
30 1206
30 1230
30 1263
30 1701
30 2023
30 2026
30 2027
30 2028
30 2029
30 2030
30 2031
30 2034
30 2035
30 2036
30 2037
30 2038
30 2039
30 2040
30 2041
30 2042
30 2044
30 2045
30 2046
30 2047
30 2051
30 2052
30 2210
30 2211
30 2212
30 2832
31 59
31 67
31 70
31 91
31 115
31 120
31 131
31 146
31 147
31 152
31 153
31 154
31 156
31 157
31 158
31 173
31 178
31 200
31 209
31 210
31 211
31 214
31 225
31 228
31 229
31 234
31 330
31 706
31 736
31 986
31 1062
31 1087
31 1118
31 1207
31 2131
31 2159
31 2259
31 2262
31 2264
31 2398
31 2399
31 2400
31 2401
31 2402
31 2403
31 2404
31 2405
31 2406
31 2407
31 2408
31 2409
31 2410
31 2411
31 2412
31 2413
31 2414
31 2415
31 2416
31 2417
31 2418
31 2419
31 2420
31 2421
31 2422
31 2423
31 2424
31 2425
31 2426
31 2427
31 2445
31 2455
31 2456
31 2457
31 2458
31 2459
31 2460
31 2461
31 2462
31 2463
31 2465
31 2467
31 2468
31 2484
31 2487
31 2489
31 2490
31 2491
31 2492
31 2493
31 2494
31 2516
31 2517
31 2518
31 2519
31 2520
31 2521
31 2522
31 2523
31 2524
31 2525
31 2526
31 2527
31 2528
31 2529
31 2533
31 2569
31 2588
31 2589
31 2590
31 2591
31 2592
31 2593
31 2660
31 2661
31 2663
31 2664
31 2665
31 2667
31 2668
31 2669
31 2670
31 2671
31 2673
31 2674
31 2675
31 2676
31 2692
31 2693
31 2694
31 2695
31 2696
31 2697
31 2749
31 2808
31 2809
31 2892
31 2926
31 2953
31 3002
31 3008
31 3080
31 3081
31 3088
31 3089
31 3091
31 3098
31 3099
31 3100
31 3101
31 3102
31 3103
31 3104
31 3105
31 3106
31 3107
31 3108
31 3118
31 3144
31 3145
31 3179
31 3180
31 3182
31 3183
31 3184
31 3190
31 3200
31 3201
31 3202
31 3203
31 3204
31 3205
31 3206
31 3207
31 3208
31 3209
31 3217
31 3218
31 3219
31 3220
31 3254
31 3284
31 3299
31 3300
31 3323
31 3324
31 3346
31 3347
31 3377
31 3409
31 3425
31 3430
31 3431
31 3435
31 3436
31 3437
31 3438
31 3439
31 3440
31 3441
31 3442
31 3443
31 3444
31 3445
31 3446
31 3447
31 3448
31 3449
31 3450
31 3451
31 3452
31 3459
31 3460
31 3508
31 3521
31 3522
31 3523
31 3524
31 3525
31 3526
31 3527
31 3528
31 3529
31 3530
31 3531
31 3532
31 3535
31 3536
31 3537
31 3538
31 3539
31 3540
31 3541
31 3542
31 3543
31 3544
31 3545
31 3546
31 3547
31 3548
31 3549
31 3550
31 3551
31 3552
31 3553
31 3554
31 3555
31 3556
31 3557
31 3558
31 3559
31 3560
31 3561
31 3562
31 3563
31 3564
31 3565
31 3566
31 3567
31 3568
31 3569
31 3570
31 3571
31 3572
31 3573
31 3574
31 3581
31 3600
31 3601
31 3602
31 3603
31 3604
31 3605
31 3606
31 3607
31 3609
31 3610
31 3611
31 3612
31 3613
31 3628
31 3643
31 3645
31 3646
31 3647
31 3727
31 3748
31 3749
31 3750
31 3751
31 3753
31 3754
31 3755
31 3756
31 3757
31 3768
31 3774
31 3776
31 3777
31 3779
31 3780
31 3781
31 3782
31 3783
31 3784
31 3785
31 3786
31 3787
31 3788
31 3790
31 3791
31 3793
31 3797
31 3804
31 3922
31 3928
31 3957
31 3958
31 3959
31 3960
31 3961
31 3962
31 3963
31 3964
31 3965
31 3966
31 3967
31 4003
31 4004
31 4005
31 4029
31 4031
31 4032
31 4033
31 4035
31 4036
31 4037
31 4038
31 4039
31 4040
31 4041
31 4042
31 4043
31 4048
31 4065
31 4066
31 4067
31 4068
31 4069
31 4070
31 4071
31 4072
31 4073
31 4074
31 4075
31 4076
31 4077
31 4078
31 4079
31 4080
31 4081
31 4082
31 4083
31 4122
31 4123
31 4124
31 4133
31 4134
31 4135
31 4136
31 4140
31 4144
31 4145
31 4146
31 4147
31 4150
31 4151
31 4152
31 4155
31 4157
31 4158
31 4161
31 4162
31 4163
31 4186
31 4187
31 4188
31 4189
31 4190
31 4191
31 4192
31 4193
31 4194
31 4195
31 4196
31 4197
31 4198
31 4199
31 4200
31 4201
31 4202
31 4203
31 4204
31 4205
31 4206
31 4207
31 4208
31 4209
31 4210
31 4225
31 4226
31 4227
31 4228
31 4231
31 4232
31 4233
31 4234
31 4235
31 4236
31 4239
31 4240
31 4247
31 4260
31 4261
31 4262
31 4263
31 4264
31 4265
31 4266
31 4267
31 4268
31 4269
31 4270
31 4271
31 4272
31 4273
31 4274
31 4275
31 4279
31 4330
31 4331
31 4332
31 4333
31 4334
31 4335
31 4336
31 4337
31 4338
31 4339
31 4340
31 4341
31 4342
31 4343
31 4344
31 4345
31 4346
31 4347
31 4348
31 4349
31 4350
31 4351
31 4352
31 4353
31 4354
31 4356
31 4361
31 4372
31 4457
31 4460
31 4665
31 4666
31 4667
31 4668
31 4669
31 4701
31 4703
31 4719
31 4821
31 4875
31 4876
31 4949
31 4966
31 4977
31 4978
31 4979
31 5002
31 5003
31 5004
31 5007
31 5046
31 5081
31 5090
31 5091
31 5100
31 5101
31 5362
31 5455
31 5456
32 59
32 66
32 77
32 79
32 80
32 81
32 82
32 84
32 85
32 86
32 88
32 93
32 94
32 95
32 96
32 97
32 100
32 101
32 102
32 103
32 104
32 105
32 106
32 107
32 108
32 109
32 110
32 111
32 112
32 113
32 114
32 115
32 116
32 117
32 118
32 119
32 120
32 121
32 122
32 123
32 124
32 125
32 126
32 127
32 132
32 135
32 148
32 166
32 175
32 176
32 191
32 192
32 205
32 206
32 215
32 216
32 220
32 221
32 222
32 223
32 245
32 259
32 264
32 266
32 267
32 268
32 269
32 270
32 272
32 307
32 309
32 311
32 312
32 313
32 321
32 323
32 324
32 325
32 326
32 327
32 331
32 333
32 335
32 338
32 346
32 347
32 374
32 375
32 376
32 377
32 378
32 379
32 380
32 387
32 388
32 390
32 396
32 398
32 402
32 429
32 431
32 432
32 450
32 462
32 465
32 476
32 478
32 481
32 482
32 485
32 488
32 490
32 492
32 494
32 495
32 498
32 499
32 500
32 501
32 502
32 504
32 506
32 507
32 508
32 509
32 510
32 511
32 512
32 513
32 514
32 516
32 517
32 518
32 521
32 524
32 525
32 535
32 537
32 541
32 546
32 551
32 553
32 569
32 570
32 578
32 579
32 580
32 581
32 583
32 587
32 597
32 599
32 602
32 604
32 605
32 606
32 607
32 609
32 611
32 614
32 619
32 624
32 627
32 662
32 673
32 676
32 701
32 704
32 706
32 707
32 708
32 709
32 710
32 711
32 713
32 718
32 720
32 723
32 725
32 727
32 728
32 733
32 734
32 736
32 737
32 738
32 739
32 741
32 742
32 744
32 745
32 747
32 748
32 749
32 757
32 759
32 764
32 768
32 772
32 773
32 775
32 779
32 780
32 782
32 783
32 784
32 785
32 790
32 793
32 794
32 797
32 801
32 803
32 805
32 807
32 810
32 814
32 815
32 822
32 823
32 826
32 827
32 831
32 833
32 834
32 835
32 836
32 842
32 843
32 845
32 846
32 850
32 853
32 855
32 870
32 873
32 890
32 891
32 900
32 903
32 919
32 927
32 942
32 948
32 953
32 954
32 955
32 956
32 957
32 958
32 959
32 960
32 964
32 965
32 967
32 968
32 969
32 970
32 971
32 972
32 973
32 974
32 975
32 976
32 977
32 981
32 984
32 998
32 1009
32 1011
32 1012
32 1013
32 1014
32 1015
32 1016
32 1022
32 1023
32 1024
32 1025
32 1026
32 1027
32 1028
32 1036
32 1038
32 1039
32 1040
32 1046
32 1047
32 1053
32 1054
32 1055
32 1056
32 1057
32 1076
32 1077
32 1078
32 1079
32 1082
32 1084
32 1085
32 1087
32 1089
32 1111
32 1117
32 1118
32 1122
32 1123
32 1124
32 1126
32 1131
32 1151
32 1154
32 1157
32 1158
32 1159
32 1160
32 1162
32 1163
32 1164
32 1165
32 1166
32 1167
32 1168
32 1169
32 1171
32 1172
32 1174
32 1176
32 1178
32 1182
32 1187
32 1188
32 1189
32 1191
32 1192
32 1193
32 1194
32 1197
32 1199
32 1200
32 1202
32 1206
32 1214
32 1215
32 1221
32 1222
32 1225
32 1231
32 1232
32 1234
32 1235
32 1244
32 1245
32 1250
32 1258
32 1261
32 1263
32 1264
32 1269
32 1270
32 1271
32 1294
32 1295
32 1296
32 1297
32 1298
32 1299
32 1300
32 1301
32 1302
32 1303
32 1304
32 1305
32 1306
32 1307
32 1308
32 1309
32 1310
32 1311
32 1312
32 1313
32 1314
32 1315
32 1316
32 1317
32 1318
32 1319
32 1320
32 1321
32 1322
32 1323
32 1324
32 1325
32 1326
32 1327
32 1328
32 1329
32 1330
32 1331
32 1332
32 1333
32 1334
32 1335
32 1336
32 1337
32 1338
32 1339
32 1340
32 1341
32 1342
32 1343
32 1344
32 1345
32 1346
32 1347
32 1348
32 1349
32 1350
32 1351
32 1352
32 1353
32 1354
32 1355
32 1356
32 1357
32 1358
32 1359
32 1360
32 1361
32 1362
32 1363
32 1364
32 1365
32 1366
32 1367
32 1368
32 1369
32 1370
32 1371
32 1372
32 1373
32 1374
32 1375
32 1376
32 1377
32 1378
32 1379
32 1380
32 1381
32 1382
32 1383
32 1385
32 1386
32 1387
32 1388
32 1389
32 1390
32 1391
32 1392
32 1393
32 1394
32 1395
32 1396
32 1397
32 1398
32 1399
32 1400
32 1401
32 1402
32 1403
32 1404
32 1405
32 1406
32 1407
32 1408
32 1409
32 1410
32 1411
32 1412
32 1413
32 1414
32 1415
32 1416
32 1417
32 1418
32 1419
32 1420
32 1421
32 1422
32 1423
32 1424
32 1425
32 1426
32 1427
32 1428
32 1429
32 1430
32 1431
32 1432
32 1433
32 1434
32 1435
32 1436
32 1437
32 1438
32 1439
32 1440
32 1441
32 1442
32 1443
32 1444
32 1445
32 1446
32 1448
32 1449
32 1450
32 1452
32 1453
32 1454
32 1455
32 1456
32 1457
32 1458
32 1459
32 1460
32 1461
32 1462
32 1463
32 1464
32 1465
32 1466
32 1467
32 1468
32 1469
32 1470
32 1471
32 1472
32 1473
32 1474
32 1475
32 1476
32 1477
32 1478
32 1479
32 1480
32 1481
32 1482
32 1483
32 1487
32 1488
32 1489
32 1490
32 1491
32 1492
32 1493
32 1494
32 1495
32 1496
32 1497
32 1498
32 1499
32 1500
32 1501
32 1502
32 1503
32 1504
32 1505
32 1506
32 1507
32 1508
32 1509
32 1510
32 1511
32 1512
32 1513
32 1514
32 1515
32 1516
32 1517
32 1518
32 1519
32 1520
32 1521
32 1522
32 1523
32 1524
32 1525
32 1526
32 1527
32 1528
32 1530
32 1531
32 1532
32 1533
32 1534
32 1535
32 1536
32 1537
32 1538
32 1539
32 1540
32 1541
32 1542
32 1543
32 1544
32 1545
32 1546
32 1547
32 1548
32 1549
32 1550
32 1551
32 1552
32 1553
32 1554
32 1555
32 1556
32 1557
32 1558
32 1559
32 1560
32 1561
32 1562
32 1563
32 1564
32 1565
32 1566
32 1567
32 1568
32 1569
32 1570
32 1571
32 1572
32 1573
32 1574
32 1575
32 1576
32 1577
32 1578
32 1579
32 1580
32 1581
32 1582
32 1583
32 1584
32 1585
32 1586
32 1587
32 1588
32 1589
32 1590
32 1591
32 1592
32 1593
32 1594
32 1595
32 1596
32 1597
32 1598
32 1599
32 1600
32 1601
32 1602
32 1603
32 1604
32 1605
32 1606
32 1607
32 1608
32 1609
32 1610
32 1611
32 1612
32 1613
32 1614
32 1615
32 1616
32 1617
32 1618
32 1619
32 1620
32 1621
32 1622
32 1623
32 1624
32 1625
32 1626
32 1627
32 1628
32 1629
32 1630
32 1631
32 1632
32 1633
32 1634
32 1635
32 1636
32 1637
32 1638
32 1639
32 1640
32 1641
32 1642
32 1643
32 1644
32 1645
32 1646
32 1647
32 1648
32 1649
32 1650
32 1651
32 1652
32 1653
32 1654
32 1655
32 1656
32 1657
32 1658
32 1659
32 1660
32 1661
32 1662
32 1663
32 1664
32 1665
32 1666
32 1667
32 1668
32 1669
32 1670
32 1671
32 1672
32 1673
32 1674
32 1675
32 1676
32 1677
32 1678
32 1679
32 1680
32 1681
32 1682
32 1683
32 1684
32 1685
32 1686
32 1687
32 1688
32 1689
32 1690
32 1691
32 1698
32 1703
32 1704
32 1705
32 1706
32 1707
32 1708
32 1709
32 1710
32 1711
32 1715
32 1716
32 1717
32 1718
32 1719
32 1720
32 1721
32 1722
32 1723
32 1724
32 1725
32 1726
32 1727
32 1728
32 1729
32 1730
32 1731
32 1732
32 1733
32 1734
32 1735
32 1736
32 1737
32 1738
32 1739
32 1740
32 1741
32 1742
32 1743
32 1744
32 1745
32 1746
32 1747
32 1748
32 1749
32 1750
32 1751
32 1752
32 1754
32 1755
32 1756
32 1757
32 1758
32 1759
32 1760
32 1761
32 1762
32 1763
32 1764
32 1765
32 1766
32 1767
32 1768
32 1769
32 1770
32 1771
32 1772
32 1773
32 1774
32 1775
32 1776
32 1777
32 1778
32 1779
32 1780
32 1781
32 1782
32 1783
32 1784
32 1785
32 1786
32 1787
32 1788
32 1789
32 1790
32 1791
32 1792
32 1793
32 1794
32 1795
32 1796
32 1797
32 1798
32 1799
32 1800
32 1801
32 1802
32 1803
32 1804
32 1805
32 1806
32 1807
32 1808
32 1809
32 1810
32 1811
32 1812
32 1813
32 1814
32 1815
32 1816
32 1817
32 1818
32 1819
32 1820
32 1821
32 1822
32 1823
32 1824
32 1825
32 1826
32 1827
32 1828
32 1829
32 1831
32 1832
32 1833
32 1834
32 1835
32 1836
32 1837
32 1838
32 1839
32 1840
32 1841
32 1842
32 1843
32 1844
32 1845
32 1846
32 1847
32 1848
32 1849
32 1850
32 1851
32 1852
32 1853
32 1854
32 1855
32 1856
32 1857
32 1858
32 1859
32 1860
32 1861
32 1862
32 1863
32 1864
32 1865
32 1866
32 1867
32 1868
32 1869
32 1870
32 1871
32 1872
32 1873
32 1874
32 1875
32 1876
32 1877
32 1878
32 1879
32 1880
32 1881
32 1882
32 1883
32 1884
32 1885
32 1886
32 1887
32 1888
32 1889
32 1890
32 1891
32 1892
32 1893
32 1894
32 1895
32 1896
32 1897
32 1898
32 1899
32 1900
32 1901
32 1906
32 1907
32 1908
32 1909
32 1910
32 1911
32 1912
32 1913
32 1914
32 1915
32 1916
32 1917
32 1918
32 1919
32 1920
32 1921
32 1922
32 1923
32 1924
32 1925
32 1926
32 1927
32 1928
32 1929
32 1930
32 1931
32 1932
32 1933
32 1934
32 1935
32 1936
32 1937
32 1938
32 1939
32 1940
32 1941
32 1942
32 1943
32 1944
32 1945
32 1946
32 1947
32 1948
32 1949
32 1950
32 1951
32 1952
32 1953
32 1954
32 1955
32 1956
32 1957
32 1958
32 1959
32 1960
32 1961
32 1962
32 1963
32 1964
32 1965
32 1966
32 1967
32 1968
32 1969
32 1970
32 1971
32 1972
32 1973
32 1974
32 1975
32 1976
32 1977
32 1978
32 1979
32 1980
32 1981
32 1982
32 1983
32 1984
32 1985
32 1986
32 1987
32 1988
32 1989
32 1990
32 1991
32 1992
32 1993
32 1994
32 1995
32 1996
32 1997
32 1998
32 1999
32 2000
32 2001
32 2002
32 2003
32 2005
32 2006
32 2007
32 2008
32 2009
32 2010
32 2011
32 2012
32 2013
32 2014
32 2015
32 2017
32 2018
32 2019
32 2023
32 2025
32 2026
32 2028
32 2029
32 2030
32 2034
32 2035
32 2036
32 2038
32 2040
32 2041
32 2042
32 2045
32 2053
32 2058
32 2059
32 2060
32 2063
32 2068
32 2069
32 2070
32 2075
32 2077
32 2081
32 2082
32 2091
32 2092
32 2097
32 2098
32 2106
32 2114
32 2123
32 2129
32 2138
32 2140
32 2146
32 2150
32 2151
32 2153
32 2155
32 2156
32 2159
32 2162
32 2164
32 2170
32 2172
32 2173
32 2175
32 2176
32 2181
32 2182
32 2191
32 2192
32 2198
32 2210
32 2212
32 2225
32 2251
32 2259
32 2262
32 2264
32 2272
32 2285
32 2286
32 2295
32 2305
32 2307
32 2308
32 2309
32 2310
32 2326
32 2329
32 2330
32 2332
32 2337
32 2352
32 2353
32 2362
32 2365
32 2432
32 2445
32 2457
32 2458
32 2469
32 2473
32 2474
32 2479
32 2480
32 2483
32 2487
32 2516
32 2524
32 2533
32 2552
32 2590
32 2660
32 2692
32 2795
32 2819
32 2832
32 2834
32 2835
32 2933
32 2942
32 2943
32 2944
32 2945
32 2946
32 2998
32 2999
32 3001
32 3002
32 3003
32 3007
32 3008
32 3031
32 3108
32 3118
32 3162
32 3182
32 3278
32 3283
32 3284
32 3409
32 3469
32 3492
32 3513
32 3514
32 3516
32 3575
32 3610
32 3613
32 3643
32 3645
32 3669
32 3690
32 3781
32 3831
32 3884
32 3887
32 3892
32 3898
32 3899
32 3900
32 3901
32 3902
32 3903
32 3904
32 3905
32 3906
32 3907
32 3908
32 3909
32 3910
32 3911
32 3912
32 3913
32 3914
32 3915
32 3916
32 3932
32 3971
32 3997
33 60
33 170
33 172
33 321
33 391
33 706
33 927
33 954
33 1056
33 2052
33 2083
33 2211
33 2339
33 2341
33 2358
33 2359
33 2361
33 2364
33 2367
33 2370
33 2446
33 2623
33 2630
33 2631
33 2643
33 2953
33 2978
33 3161
33 3576
33 3614
33 3647
33 3751
33 3804
33 3813
33 3845
33 3960
33 4846
33 5369
34 63
35 66
36 66
36 77
36 215
36 251
36 321
36 739
36 927
36 1711
36 2087
36 2088
37 66
37 77
37 321
38 67
38 68
38 179
38 214
38 229
38 248
38 255
38 279
38 314
38 315
38 316
38 317
38 318
38 391
38 712
38 780
38 790
38 873
38 894
38 941
38 943
38 962
38 977
38 978
38 979
38 980
38 999
38 1104
38 1151
38 1195
38 2103
38 2104
38 2150
38 2159
38 2617
38 10711
39 71
40 77
40 80
40 266
40 267
40 268
40 269
40 727
40 793
40 865
40 947
40 1126
40 1187
40 1188
40 1189
40 1191
40 1480
40 1481
40 1529
40 1571
40 1573
40 1574
40 1693
40 1694
40 1695
40 1696
40 1697
41 77
41 91
41 179
41 215
41 229
41 251
41 381
41 608
41 736
41 739
41 906
41 963
41 1057
41 1219
41 1262
41 1710
41 1711
41 2193
41 2316
41 2338
41 2354
41 2355
41 2371
41 2642
41 2701
41 2819
41 2910
41 3521
41 3646
41 3810
41 3948
41 4431
41 4685
42 88
42 102
42 115
42 117
42 118
42 140
42 309
43 88
43 104
43 107
43 115
43 178
43 306
43 381
43 382
43 383
43 384
43 385
43 386
43 393
43 394
43 395
44 88
44 717
44 719
45 88
45 166
45 781
45 782
46 88
46 866
46 867
46 869
46 871
46 872
46 873
46 874
46 875
46 876
46 877
46 878
46 879
46 880
46 881
46 882
46 883
46 884
46 885
46 886
46 887
46 888
46 889
47 88
47 115
47 1003
47 1004
47 1008
47 1009
48 91
48 178
48 306
48 892
48 1106
49 91
49 131
49 153
49 179
49 1151
50 97
50 111
50 723
50 731
50 868
50 1162
50 1186
50 1217
50 1222
50 1224
50 1230
50 1231
50 1232
50 1710
50 1711
50 1716
50 1717
50 1718
50 1719
50 1720
50 1721
50 1722
50 1723
50 1724
50 1725
50 1726
50 1727
50 1728
50 1729
50 1730
50 1731
50 1732
50 1733
50 1734
50 1735
50 1736
50 1737
50 1738
50 1739
50 1740
50 1741
50 1742
50 1743
50 1744
50 1745
50 1746
50 1747
50 1748
50 1749
50 1750
50 1751
50 1752
50 1754
50 1755
50 1756
50 1757
50 1758
50 1759
50 1760
50 1761
50 1762
50 1763
50 1764
50 1765
50 1766
50 1767
50 1768
50 1769
50 1770
50 1771
50 1772
50 1773
50 1774
50 1775
50 1776
50 1777
50 1778
50 1779
50 1780
50 1781
50 1782
50 1783
50 1784
50 1785
50 1786
50 1787
50 1788
50 1789
50 1790
50 1791
50 1792
50 1793
50 1794
50 1795
50 1796
50 1797
50 1798
50 1799
50 1800
50 1801
50 1802
50 1803
50 1804
50 1805
50 1806
50 1807
50 1808
50 1809
50 1810
50 1811
50 1812
50 1813
50 1814
50 1815
50 1816
50 1817
50 1818
50 1819
50 1820
50 1821
50 1822
50 1823
50 1824
50 1825
50 1826
50 1827
50 1828
50 1829
50 1832
50 1833
50 1834
50 1835
50 1836
50 1837
50 1838
50 1839
50 1840
50 1841
50 1842
50 1843
50 1844
50 1845
50 1846
50 1847
50 1849
50 1850
50 1851
50 1852
50 1853
50 1854
50 1855
50 1856
50 1857
50 1858
50 1859
50 1860
50 1861
50 1862
50 1863
50 1864
50 1865
50 1866
50 1867
50 1868
50 1869
50 1870
50 1871
50 1872
50 1873
50 1874
50 1875
50 1876
50 1877
50 1878
50 1879
50 1880
50 1881
50 1883
50 1884
50 1885
50 1886
50 1887
50 1888
50 1889
50 1890
50 1891
50 1892
50 1893
50 1894
50 1895
50 1896
50 1897
50 1898
50 1899
50 1900
50 1901
50 1906
50 1907
50 1908
50 1909
50 1910
50 1911
50 1912
50 1913
50 1914
50 1915
50 1916
50 1918
50 1919
50 1920
50 1921
50 1922
50 1923
50 1924
50 1925
50 1926
50 1927
50 1928
50 1929
50 1930
50 1931
50 1932
50 1933
50 1934
50 1935
50 1936
50 1937
50 1938
50 1939
50 1940
50 1941
50 1942
50 1943
50 1944
50 1945
50 1946
50 1947
50 1948
50 1949
50 1950
50 1951
50 1952
50 1953
50 1954
50 1955
50 1956
50 1957
50 1958
50 1959
50 1960
50 1961
50 1962
50 1963
50 1964
50 1965
50 1966
50 1967
50 1968
50 1969
50 1970
50 1971
50 1973
50 1976
50 1977
50 1978
50 1979
50 1980
50 1981
50 1982
50 1983
50 1984
50 1985
50 1986
50 1987
50 1988
50 1989
50 1990
50 1991
50 1992
50 1993
50 1994
50 1995
50 1996
50 1997
50 1998
50 1999
50 2000
50 2001
50 2002
50 2003
50 2005
50 2006
50 2007
50 2008
50 2009
50 2010
50 2011
50 2012
50 2013
50 2014
50 2015
50 2138
50 2307
50 2363
50 2790
50 3514
50 3792
50 4196
50 4284
50 5173
50 5445
50 6961
50 7480
50 7483
50 7771
51 100
51 743
51 744
51 745
52 100
52 113
52 790
53 101
53 114
54 101
54 104
54 727
54 981
54 982
54 985
54 986
55 102
55 336
55 337
55 338
55 339
55 340
55 341
55 342
55 343
55 344
55 345
55 346
55 347
55 348
55 349
55 350
55 351
55 352
55 353
55 354
55 355
55 356
55 357
55 358
55 359
55 360
55 361
55 362
55 363
55 364
55 365
55 366
55 367
55 368
55 369
55 370
55 371
55 372
55 373
55 377
55 378
55 379
55 380
55 400
55 401
55 402
55 403
55 404
55 405
55 406
55 407
55 408
55 409
55 410
55 411
55 412
55 413
55 414
55 415
55 416
55 417
55 418
55 421
55 422
55 423
55 424
55 425
55 426
55 427
55 428
55 429
55 430
55 431
55 432
55 433
55 434
55 435
55 436
55 437
55 438
55 439
55 440
55 441
55 442
55 443
55 449
55 450
55 451
55 452
55 453
55 454
55 455
55 456
55 457
55 458
55 459
55 460
55 461
55 462
55 463
55 464
55 475
55 476
55 477
55 478
55 479
55 480
55 481
55 482
55 483
55 484
55 485
55 486
55 487
55 488
55 489
55 490
55 491
55 492
55 493
55 494
55 495
55 496
55 497
55 498
55 499
55 500
55 501
55 502
55 503
55 504
55 505
55 506
55 507
55 508
55 509
55 510
55 511
55 512
55 513
55 514
55 519
55 520
55 521
55 522
55 523
55 524
55 526
55 527
55 528
55 529
55 530
55 531
55 532
55 533
55 534
55 535
55 538
55 539
55 540
55 541
55 542
55 543
55 544
55 545
55 546
55 547
55 548
55 549
55 550
55 551
55 552
55 553
55 554
55 555
55 556
55 557
55 558
55 559
55 560
55 561
55 562
55 563
55 564
55 565
55 566
55 567
55 568
55 569
55 570
55 571
55 572
55 573
55 574
55 575
55 576
55 577
55 582
55 583
55 584
55 585
55 586
55 587
55 588
55 589
55 590
55 591
55 592
55 593
55 594
55 595
55 596
55 597
55 598
55 608
55 609
55 610
55 611
55 612
55 613
55 614
55 615
55 616
55 617
55 618
55 619
55 620
55 621
55 622
55 623
55 624
55 625
55 626
55 627
55 628
55 629
55 630
55 631
55 632
55 633
55 634
55 635
55 636
55 637
55 638
55 639
55 640
55 641
55 642
55 643
55 644
55 645
55 646
55 647
55 648
55 649
55 650
55 651
55 652
55 653
55 654
55 655
55 656
55 657
55 658
55 659
55 660
55 661
55 662
55 663
55 664
55 665
55 666
55 667
55 668
55 669
55 670
55 671
55 672
55 673
55 674
55 675
55 676
55 677
55 678
55 679
55 680
55 681
55 682
55 683
55 684
55 685
55 686
55 687
55 688
55 689
55 690
55 691
55 692
55 693
55 694
55 695
55 696
55 697
55 698
55 699
55 701
55 702
55 703
55 704
55 847
55 3831
56 102
56 117
56 140
56 270
56 271
56 272
56 714
56 761
56 762
56 763
56 1041
56 1042
56 1043
56 1044
56 3880
57 102
57 1691
57 1692
57 2089
58 103
59 103
59 118
60 104
60 119
60 736
61 104
61 739
62 104
62 254
62 742
62 747
62 748
62 749
62 750
62 751
62 752
62 753
63 104
63 119
63 742
63 964
63 965
63 966
63 967
63 968
63 969
63 970
63 971
63 972
63 973
63 974
63 975
63 976
63 1076
63 1077
63 1078
63 1079
63 1082
63 1083
63 1084
63 1085
64 104
64 119
64 1056
64 1057
65 104
65 115
66 105
66 713
67 107
67 122
67 774
67 854
67 855
67 856
67 857
67 858
67 859
68 110
68 119
68 251
68 255
69 111
69 127
69 153
70 112
70 153
70 722
70 723
70 724
70 725
70 730
70 731
70 732
70 733
70 737
70 738
71 112
72 112
72 209
72 774
72 1011
72 1016
72 1017
73 112
73 1087
74 112
74 113
74 153
74 1257
74 1264
74 1265
74 1266
74 1267
74 1268
74 1269
74 1270
74 1271
74 1272
74 1273
74 1274
74 1275
74 1276
74 1277
74 1278
74 1279
74 1280
74 1281
74 1282
74 1283
74 1284
74 1285
74 1286
74 1287
74 1288
74 1289
74 1290
74 1291
74 1292
74 1293
74 1294
74 1295
74 1296
74 1297
74 1298
74 1299
74 1300
74 1301
74 1302
74 1303
74 1304
74 1305
74 1306
74 1307
74 1308
74 1309
74 1310
74 1311
74 1312
74 1313
74 1314
74 1315
74 1316
74 1317
74 1318
74 1319
74 1320
74 1321
74 1322
74 1323
74 1324
74 1325
74 1326
74 1327
74 1328
74 1329
74 1330
74 1331
74 1332
74 1333
74 1334
74 1335
74 1336
74 1337
74 1338
74 1339
74 1340
74 1341
74 1342
74 1343
74 1344
74 1345
74 1346
74 1347
74 1348
74 1349
74 1350
74 1351
74 1352
74 1353
74 1354
74 1355
74 1356
74 1357
74 1358
74 1359
74 1360
74 1361
74 1362
74 1363
74 1364
74 1365
74 1366
74 1367
74 1368
74 1369
74 1370
74 1371
74 1372
74 1373
74 1374
74 1375
74 1376
74 1377
74 1378
74 1379
74 1380
74 1381
74 1382
74 1383
74 1384
74 1385
74 1386
74 1387
74 1388
74 1389
74 1390
74 1391
74 1392
74 1393
74 1394
74 1395
74 1396
74 1397
74 1398
74 1399
74 1400
74 1401
74 1402
74 1403
74 1404
74 1405
74 1406
74 1407
74 1408
74 1409
74 1410
74 1411
74 1412
74 1413
74 1414
74 1415
74 1416
74 1417
74 1418
74 1419
74 1420
74 1421
74 1422
74 1423
74 1424
74 1425
74 1426
74 1427
74 1428
74 1429
74 1430
74 1431
74 1432
74 1433
74 1434
74 1435
74 1436
74 1437
74 1438
74 1439
74 1440
74 1441
74 1442
74 1443
74 1444
74 1445
74 1446
74 1448
74 1449
74 1450
74 1452
74 1453
74 1454
74 1455
74 1456
74 1457
74 1458
74 1459
74 1460
74 1461
74 1462
74 1463
74 1464
74 1465
74 1466
74 1467
74 1468
74 1469
74 1470
74 1471
74 1472
74 1473
74 1474
74 1475
74 1476
74 1477
74 1478
74 1479
74 1487
74 1488
74 1489
74 1490
74 1491
74 1492
74 1493
74 1494
74 1495
74 1496
74 1497
74 1498
74 1499
74 1500
74 1501
74 1502
74 1503
74 1504
74 1505
74 1506
74 1507
74 1508
74 1509
74 1510
74 1511
74 1512
74 1513
74 1514
74 1515
74 1516
74 1517
74 1518
74 1519
74 1520
74 1521
74 1522
74 1523
74 1524
74 1525
74 1526
74 1527
74 1528
74 1530
74 1531
74 1532
74 1533
74 1534
74 1535
74 1536
74 1537
74 1538
74 1539
74 1540
74 1541
74 1542
74 1543
74 1544
74 1545
74 1546
74 1547
74 1548
74 1549
74 1550
74 1551
74 1552
74 1553
74 1554
74 1555
74 1556
74 1557
74 1558
74 1559
74 1560
74 1568
74 1569
74 1570
74 1572
74 1575
74 1576
74 1577
74 1578
74 1579
74 1580
74 1581
74 1582
74 1583
74 1584
74 1585
74 1586
74 1587
74 1588
74 1589
74 1590
74 1591
74 1592
74 1593
74 1594
74 1595
74 1596
74 1597
74 1598
74 1599
74 1600
74 1601
74 1602
74 1603
74 1604
74 1605
74 1606
74 1607
74 1608
74 1609
74 1610
74 1611
74 1612
74 1613
74 1614
74 1615
74 1616
74 1617
74 1618
74 1619
74 1620
74 1621
74 1622
74 1623
74 1624
74 1625
74 1626
74 1627
74 1628
74 1629
74 1630
74 1631
74 1632
74 1633
74 1634
74 1635
74 1636
74 1637
74 1638
74 1639
74 1640
74 1641
74 1642
74 1643
74 1644
74 1645
74 1646
74 1647
74 1648
74 1649
74 1650
74 1651
74 1652
74 1653
74 1654
74 1655
74 1656
74 1657
74 1658
74 1659
74 1660
74 1661
74 1662
74 1663
74 1664
74 1665
74 1666
74 1667
74 1668
74 1669
74 1670
74 1671
74 1672
74 1673
74 1674
74 1675
74 1676
74 1677
74 1678
74 1679
74 1680
74 1681
74 1682
74 1683
74 1684
74 1685
74 1686
74 1687
74 1688
74 1689
74 1690
74 2053
74 2056
74 2057
74 2058
74 2059
74 2060
74 2062
74 2063
74 2064
74 2065
74 2066
74 2067
74 2068
74 2069
74 2070
74 2071
74 2072
74 2073
74 2074
74 2075
74 2076
74 2077
75 112
75 774
75 2261
75 2262
76 113
76 125
76 2165
76 2172
76 4844
76 4845
76 4846
77 113
77 10647
77 10648
77 11013
77 11028
77 11029
77 11031
77 11042
77 11688
77 11689
77 11707
77 11713
77 11714
77 11783
77 12030
77 12041
77 12043
77 12044
77 12057
77 12058
77 12075
78 115
78 792
78 797
78 800
79 115
79 858
80 115
80 1213
80 1214
80 1215
80 1216
81 115
81 774
81 5410
82 116
82 123
82 159
82 163
82 232
82 244
82 249
82 257
82 935
82 936
82 1030
82 1031
82 1032
82 1033
82 1045
82 2219
82 2221
82 2222
82 2223
82 2224
82 2416
82 2933
82 3101
82 3786
82 3850
82 3851
82 3853
82 3854
82 3855
82 3856
82 3863
82 3864
82 3901
82 3909
82 5547
82 5603
82 5604
82 5631
82 5730
82 5740
82 5934
82 5953
82 6510
82 6980
82 7017
82 7377
82 7533
82 7534
82 7536
83 117
84 117
85 117
86 119
86 711
87 119
87 890
87 2309
87 2310
87 2552
88 119
88 209
88 250
88 735
88 890
88 2159
88 2260
88 2309
88 2310
88 2385
88 2386
88 2393
88 2394
88 2396
88 2397
88 2429
88 3504
88 3505
88 3582
88 3953
88 3994
88 5027
88 5369
88 5397
88 6472
88 6532
88 6533
88 6535
88 6537
88 6538
88 6544
88 6545
88 6546
88 6547
88 6558
88 6559
88 6563
88 6587
88 6716
88 7771
89 121
89 2192
90 122
90 1088
90 1089
91 122
92 122
93 122
93 2316
94 125
94 127
94 2044
94 3994
94 10712
94 11020
94 11058
94 11075
94 11077
94 11081
94 11087
94 11135
94 11156
94 11162
94 11183
94 11218
94 11223
94 11225
94 11250
94 11256
94 11265
94 11266
94 11267
94 11268
94 11269
94 11270
94 11271
94 11272
94 11273
94 11276
94 11277
94 11278
94 11311
94 11387
94 11395
94 11396
94 11403
94 11405
94 11406
94 11407
94 11453
94 11509
94 11543
94 11544
94 11551
94 11561
94 11564
94 11569
94 11574
94 11683
94 11706
94 11835
94 11836
94 11886
94 11889
94 12006
94 12071
94 12097
94 12098
94 12100
94 12107
94 12116
94 12120
94 12128
94 12131
94 12134
94 12135
94 12138
95 127
95 222
95 1087
95 3739
96 127
96 11015
96 11019
96 11020
96 11023
96 11024
97 129
97 251
97 311
97 312
97 326
97 1040
97 1151
97 2144
97 2146
97 2150
97 2151
97 5054
97 7927
97 8103
97 8107
97 8108
97 8109
97 8110
97 8111
97 8113
97 8115
98 129
99 130
100 131
100 209
100 895
100 1034
100 1116
100 1127
100 1128
100 1129
100 1130
100 1136
100 1140
100 1141
100 1143
100 1144
100 1149
100 1153
100 1177
100 1196
100 1198
100 1204
100 1205
100 1210
100 1246
100 1248
100 1249
100 1252
100 1253
100 1254
100 1256
100 2050
100 2054
100 2055
100 2061
100 2105
100 2107
100 2108
100 2109
100 2111
100 2112
100 2113
100 2115
100 2116
100 2117
100 2118
100 2119
100 2126
100 2203
100 2204
100 2205
100 2206
100 2207
100 2208
100 2209
100 2213
100 2215
100 2229
100 2234
100 2235
100 2239
100 2240
100 2241
100 2242
100 2243
100 2244
100 2245
100 2254
100 2255
100 2277
100 2278
100 2296
100 2297
100 2298
100 2300
100 2302
100 2306
100 2311
100 2313
100 2314
100 2315
100 2317
100 2320
100 2346
100 2347
100 2348
100 2349
100 2368
100 2382
100 2387
100 2388
100 2389
100 2444
100 2449
100 2496
100 2497
100 2498
100 2499
100 2500
100 2502
100 2503
100 2504
100 2506
100 2507
100 2508
100 2509
100 2603
100 2688
100 2689
100 2727
100 2814
100 2816
100 2820
100 2821
100 2829
100 2830
100 2880
100 2948
100 2949
100 2950
100 2951
100 2970
100 2995
100 3062
100 3066
100 3067
100 3251
100 3372
100 3373
100 3374
100 3487
100 3760
100 3761
100 3762
100 3763
100 3838
100 4175
100 4177
100 4255
100 4256
100 4385
100 4386
100 4387
100 4388
100 4553
100 4564
100 4577
100 4656
100 4663
100 4808
100 4810
100 4811
100 4815
100 4816
100 4819
100 4820
100 4825
100 4830
100 4831
100 4838
100 4839
100 4840
100 4880
100 4881
100 5106
100 5111
100 5112
100 5195
100 5196
100 5531
100 5537
100 5573
100 5574
100 5581
100 5603
100 5604
100 5631
100 5683
100 5730
100 5735
100 5827
100 5830
100 5831
100 5920
100 5923
100 5941
100 5952
100 5953
100 6043
101 148
102 152
102 1099
103 152
103 153
103 219
103 222
103 845
103 870
103 948
103 963
103 982
103 1020
103 1069
103 1142
103 1190
103 1192
103 1197
103 1199
103 1200
103 1201
103 1202
103 1203
103 1206
103 1207
103 1208
103 1212
103 1216
103 1217
103 1218
103 1219
103 1220
103 1221
103 1234
103 1235
103 1244
103 1245
103 1250
103 1251
103 1258
103 1260
103 1261
103 1263
103 1486
103 1699
103 2022
103 2032
103 2749
104 152
105 153
106 153
107 153
108 153
108 2025
109 153
110 153
111 153
112 153
112 5898
113 153
114 153
114 2333
114 3007
115 153
116 166
116 174
117 169
117 192
117 209
117 2027
117 2749
118 169
118 170
118 2027
118 2052
118 2153
118 2211
119 169
119 172
119 252
119 391
119 1228
119 1229
119 2027
119 2052
119 2211
119 2358
119 2359
119 2360
119 2361
119 2371
119 2446
119 2478
119 2953
119 3161
119 3581
119 3646
119 3751
119 3804
119 3813
119 3953
120 169
120 252
120 2027
120 2132
120 2142
120 2148
120 2478
120 3580
120 3581
120 3923
120 4805
120 4806
121 172
122 175
123 179
124 192
124 234
124 2569
124 2749
125 192
125 1700
125 1701
126 192
126 955
126 4932
126 4933
126 4934
126 4935
126 5039
126 5040
126 5041
126 5042
127 193
127 4372
128 205
128 706
128 707
129 205
130 208
130 209
130 222
130 223
130 2176
130 2556
130 2561
130 2562
130 2563
130 2564
130 2569
130 2749
130 2759
130 3009
131 209
131 222
131 306
132 209
132 2093
133 209
133 306
133 1030
133 1034
133 2087
133 2088
134 209
134 3736
134 3741
135 209
135 2229
136 209
136 2569
136 2749
137 209
137 2379
137 2453
137 2749
138 209
139 209
140 209
141 209
141 920
141 2394
141 2397
141 2514
141 2540
141 2570
141 2626
141 2628
141 2713
141 2716
141 2802
141 2813
141 2838
141 2863
141 2870
141 2896
141 2902
141 2907
141 2912
141 2913
141 2961
141 2962
141 2974
141 2993
141 3017
141 3030
141 3058
141 3070
141 3087
141 3123
141 3135
141 3142
141 3154
141 3176
141 3194
141 3197
141 3224
141 3228
141 3308
141 3311
141 3335
141 3350
141 3356
141 3357
141 3371
141 3390
141 3403
141 3408
141 3421
141 3455
141 3458
141 3470
141 3474
141 3477
141 3594
141 3598
141 3626
141 3634
141 3691
141 3695
141 3729
141 3731
141 3772
141 3796
141 3799
141 3848
141 3873
141 3919
141 3969
141 4016
141 4034
141 4046
141 4120
141 4141
141 4154
141 4211
141 4230
141 4305
141 4307
141 4311
141 4317
141 4321
141 4359
141 4369
141 4396
141 4405
141 4423
141 4517
141 4543
141 4544
141 4555
141 4592
141 4627
141 4660
141 4692
141 4699
141 4700
141 4706
141 4712
141 4731
141 4734
141 4747
141 4752
141 4756
141 4769
141 4772
141 4801
141 4818
141 4828
141 4833
141 4842
141 4867
141 4900
141 4908
141 4965
141 4975
141 4982
141 5013
141 5014
141 5037
141 5055
141 5056
141 5060
141 5075
141 5088
141 5104
141 5109
141 5110
141 5130
141 5136
141 5138
141 5142
141 5221
141 5231
141 5250
141 5254
141 5281
141 5282
141 5283
141 5310
141 5353
141 5415
141 5540
141 5596
141 5617
141 5688
141 5689
141 5705
141 5758
141 5773
141 5811
141 6047
141 6048
141 6049
141 6050
141 6051
141 6052
141 6053
141 6054
141 6055
141 6056
141 6057
141 6058
141 6059
141 6060
141 6061
141 6062
141 6063
141 6064
141 6065
141 6066
141 6067
141 6068
141 6069
141 6070
141 6071
141 6072
141 6073
141 6074
141 6075
141 6076
141 6077
141 6078
141 6079
141 6080
141 6081
141 6082
141 6083
141 6084
141 6085
141 6086
141 6087
141 6088
141 6089
141 6090
141 6091
141 6092
141 6093
141 6094
141 6095
141 6096
141 6097
141 6098
141 6099
141 6100
141 6101
141 6102
141 6103
141 6104
141 6105
141 6106
141 6107
141 6108
141 6109
141 6110
141 6111
141 6112
141 6113
141 6114
141 6115
141 6116
141 6117
141 6118
141 6119
141 6120
141 6121
141 6122
141 6123
141 6124
141 6125
141 6126
141 6127
141 6128
141 6129
141 6130
141 6131
141 6132
141 6133
141 6134
141 6135
141 6136
141 6137
141 6138
141 6139
141 6140
141 6141
141 6142
141 6143
141 6144
141 6145
141 6146
141 6147
141 6148
141 6149
141 6150
141 6151
141 6152
141 6153
141 6154
141 6155
141 6156
141 6157
141 6158
141 6159
141 6160
141 6161
141 6162
141 6163
141 6164
141 6165
141 6166
141 6167
141 6168
141 6169
141 6170
141 6171
141 6172
141 6173
141 6174
141 6175
141 6176
141 6177
141 6178
141 6179
141 6180
141 6181
141 6182
141 6183
141 6184
141 6185
141 6186
141 6187
141 6188
141 6189
141 6190
141 6191
141 6192
141 6193
141 6194
141 6195
141 6196
141 6197
141 6198
141 6199
141 6200
141 6201
141 6202
141 6203
141 6204
141 6205
141 6206
141 6207
141 6208
141 6209
141 6210
141 6211
141 6212
141 6213
141 6214
141 6215
141 6216
141 6217
141 6218
141 6219
141 6220
141 6221
141 6222
141 6223
141 6224
141 6225
141 6226
141 6227
141 6228
141 6229
141 6230
141 6231
141 6232
141 6233
141 6234
141 6235
141 6236
141 6237
141 6238
141 6239
141 6240
141 6241
141 6242
141 6243
141 6244
141 6245
141 6246
141 6247
141 6248
141 6249
141 6250
141 6251
141 6252
141 6253
141 6254
141 6255
141 6256
141 6257
141 6258
141 6259
141 6260
141 6261
141 6262
141 6263
141 6264
141 6265
141 6266
141 6267
141 6268
141 6269
141 6270
141 6271
141 6272
141 6273
141 6274
141 6275
141 6276
141 6277
141 6278
141 6279
141 6280
141 6281
141 6282
141 6283
141 6284
141 6285
141 6286
141 6287
141 6288
141 6289
141 6290
141 6291
141 6292
141 6293
141 6294
141 6295
141 6296
141 6297
141 6298
141 6299
141 6300
141 6301
141 6302
141 6303
141 6304
141 6305
141 6306
141 6307
141 6308
141 6309
141 6310
141 6311
141 6312
141 6313
141 6314
141 6315
141 6316
141 6317
141 6318
141 6319
141 6320
141 6321
141 6322
141 6323
141 6324
141 6325
141 6326
141 6327
141 6328
141 6329
141 6330
141 6331
141 6332
141 6333
141 6334
141 6335
141 6336
141 6337
141 6338
141 6339
141 6340
141 6341
141 6342
141 6343
141 6344
141 6345
141 6346
141 6347
141 6348
141 6349
141 6350
141 6351
141 6352
141 6353
141 6354
141 6355
141 6356
141 6357
141 6358
141 6359
141 6360
141 6361
141 6362
141 6363
141 6364
141 6365
141 6366
141 6367
141 6368
141 6369
141 6370
141 6371
141 6372
141 6373
141 6374
141 6375
141 6376
141 6377
141 6378
141 6379
141 6380
141 6381
141 6382
141 6383
141 6384
141 6385
141 6386
141 6387
141 6388
141 6389
141 6390
141 6391
141 6392
141 6393
141 6394
141 6409
141 11224
142 209
143 209
144 223
144 845
145 223
145 1702
145 2016
146 223
147 223
148 229
148 444
148 445
148 446
148 447
148 1712
148 6965
149 245
149 246
149 254
149 713
149 780
149 894
149 919
149 920
149 927
149 928
149 930
149 931
149 932
149 933
149 934
149 935
149 936
149 937
149 938
149 939
149 940
149 941
150 245
151 246
151 525
151 2259
151 2264
152 253
152 11058
153 267
153 1126
153 1187
153 1188
153 1189
153 1191
154 321
155 377
156 378
156 379
157 381
157 725
157 1151
157 2144
157 2165
157 2166
157 2167
157 2175
158 387
159 388
160 395
160 399
160 920
160 928
160 952
160 1052
160 2121
160 2394
160 2397
160 2540
160 2570
160 2626
160 2628
160 2713
160 2716
160 2802
160 2813
160 2838
160 2863
160 2870
160 2896
160 2902
160 2907
160 2912
160 2913
160 2961
160 2962
160 2974
160 2993
160 3017
160 3030
160 3058
160 3070
160 3087
160 3123
160 3135
160 3142
160 3154
160 3176
160 3194
160 3197
160 3224
160 3228
160 3308
160 3311
160 3313
160 3335
160 3356
160 3357
160 3371
160 3390
160 3403
160 3408
160 3421
160 3455
160 3458
160 3470
160 3474
160 3477
160 3594
160 3598
160 3626
160 3634
160 3691
160 3695
160 3729
160 3731
160 3772
160 3796
160 3799
160 3848
160 3873
160 3919
160 3969
160 4016
160 4034
160 4046
160 4120
160 4141
160 4154
160 4211
160 4230
160 4305
160 4307
160 4311
160 4317
160 4321
160 4359
160 4369
160 4396
160 4405
160 4423
160 4517
160 4543
160 4544
160 4555
160 4592
160 4627
160 4660
160 4692
160 4699
160 4700
160 4706
160 4712
160 4731
160 4734
160 4747
160 4752
160 4756
160 4769
160 4772
160 4801
160 4818
160 4828
160 4833
160 4842
160 4867
160 4900
160 4908
160 4965
160 4975
160 4982
160 5013
160 5014
160 5037
160 5055
160 5056
160 5060
160 5075
160 5088
160 5104
160 5109
160 5110
160 5130
160 5136
160 5138
160 5142
160 5221
160 5231
160 5250
160 5254
160 5310
160 5353
160 5540
160 5596
160 5617
160 5688
160 5689
160 5705
160 5758
160 5773
160 5811
160 6047
160 6048
160 6049
160 6050
160 6051
160 6052
160 6053
160 6054
160 6055
160 6056
160 6057
160 6058
160 6059
160 6060
160 6061
160 6062
160 6063
160 6064
160 6065
160 6066
160 6067
160 6068
160 6069
160 6070
160 6071
160 6072
160 6073
160 6074
160 6075
160 6076
160 6077
160 6078
160 6079
160 6080
160 6081
160 6082
160 6083
160 6084
160 6085
160 6086
160 6087
160 6088
160 6089
160 6090
160 6091
160 6092
160 6093
160 6094
160 6095
160 6096
160 6097
160 6098
160 6099
160 6100
160 6101
160 6102
160 6103
160 6104
160 6105
160 6106
160 6107
160 6108
160 6109
160 6110
160 6111
160 6112
160 6113
160 6115
160 6116
160 6117
160 6118
160 6119
160 6120
160 6121
160 6122
160 6123
160 6124
160 6125
160 6126
160 6127
160 6128
160 6129
160 6130
160 6131
160 6132
160 6133
160 6134
160 6135
160 6136
160 6137
160 6138
160 6139
160 6140
160 6141
160 6142
160 6143
160 6144
160 6145
160 6146
160 6147
160 6148
160 6150
160 6151
160 6152
160 6153
160 6154
160 6155
160 6156
160 6157
160 6158
160 6159
160 6160
160 6161
160 6162
160 6163
160 6164
160 6165
160 6166
160 6167
160 6168
160 6169
160 6170
160 6171
160 6172
160 6174
160 6175
160 6176
160 6177
160 6178
160 6179
160 6180
160 6181
160 6182
160 6183
160 6184
160 6185
160 6186
160 6187
160 6188
160 6189
160 6190
160 6191
160 6192
160 6193
160 6194
160 6195
160 6196
160 6197
160 6198
160 6199
160 6200
160 6201
160 6202
160 6203
160 6204
160 6205
160 6206
160 6207
160 6208
160 6209
160 6210
160 6211
160 6212
160 6213
160 6214
160 6215
160 6217
160 6218
160 6219
160 6220
160 6221
160 6222
160 6223
160 6224
160 6225
160 6226
160 6227
160 6228
160 6229
160 6230
160 6231
160 6232
160 6233
160 6234
160 6235
160 6236
160 6237
160 6238
160 6239
160 6240
160 6241
160 6242
160 6243
160 6244
160 6245
160 6246
160 6247
160 6248
160 6249
160 6250
160 6251
160 6252
160 6253
160 6254
160 6255
160 6256
160 6257
160 6258
160 6259
160 6260
160 6261
160 6262
160 6263
160 6264
160 6265
160 6266
160 6267
160 6268
160 6269
160 6270
160 6271
160 6272
160 6273
160 6274
160 6275
160 6276
160 6277
160 6278
160 6279
160 6280
160 6281
160 6282
160 6283
160 6284
160 6285
160 6286
160 6287
160 6288
160 6289
160 6290
160 6291
160 6292
160 6293
160 6294
160 6295
160 6296
160 6297
160 6298
160 6299
160 6300
160 6301
160 6302
160 6303
160 6304
160 6305
160 6306
160 6307
160 6308
160 6309
160 6310
160 6311
160 6312
160 6313
160 6314
160 6315
160 6316
160 6317
160 6318
160 6319
160 6320
160 6321
160 6322
160 6323
160 6324
160 6325
160 6326
160 6327
160 6328
160 6329
160 6330
160 6331
160 6332
160 6333
160 6334
160 6335
160 6336
160 6337
160 6338
160 6339
160 6340
160 6341
160 6342
160 6343
160 6344
160 6345
160 6346
160 6347
160 6348
160 6349
160 6350
160 6351
160 6352
160 6353
160 6354
160 6355
160 6356
160 6357
160 6358
160 6359
160 6360
160 6361
160 6362
160 6363
160 6364
160 6365
160 6366
160 6367
160 6368
160 6369
160 6370
160 6371
160 6372
160 6373
160 6374
160 6375
160 6376
160 6377
160 6378
160 6379
160 6380
160 6381
160 6382
160 6383
160 6384
160 6385
160 6386
160 6387
160 6388
160 6389
160 6390
160 6391
160 6392
160 6393
160 6394
161 419
161 420
162 445
162 7424
163 465
163 466
163 467
163 468
163 469
163 470
163 471
163 472
163 473
163 474
163 754
163 755
163 756
163 757
164 465
165 570
165 597
166 650
166 708
166 709
166 710
167 673
167 7817
167 12156
168 705
169 711
169 902
169 1053
169 1054
169 2138
169 2161
169 2260
169 2310
169 2453
169 5173
169 6561
169 6562
169 6563
169 6567
169 6568
169 6569
169 6570
169 6572
169 6574
169 6575
169 6583
169 6587
169 6588
169 6592
169 6593
169 6594
169 6596
169 6597
169 6598
169 6622
169 6623
169 6624
169 6625
169 6634
169 6635
169 6646
169 6648
169 6658
169 6674
169 6675
169 6676
169 6677
169 6678
169 6679
169 6680
169 6681
169 6682
169 6683
169 6684
169 6685
169 6686
169 6687
169 6700
169 6701
169 6702
169 6703
169 6704
169 6705
169 6706
169 6707
169 6708
169 6709
169 6710
169 6711
169 6712
169 6713
169 6727
169 6728
169 6729
169 6730
169 6731
169 6745
169 6746
169 6747
169 6748
169 6749
169 6750
169 6751
169 6752
169 6753
169 6754
169 6755
169 6756
169 6757
169 6758
169 6771
169 6772
169 6773
169 6774
169 6775
169 6776
169 6777
169 6778
169 6782
169 6783
169 6784
169 6785
169 6786
169 6787
169 6788
169 6789
169 6790
169 6791
169 6792
169 6793
169 6794
169 6795
169 6796
169 6797
169 6798
169 6846
169 6859
169 6860
169 6861
169 6865
169 6866
169 6867
169 6868
169 6869
169 6870
169 6871
169 6872
169 6873
169 6874
169 6875
169 6876
169 6877
169 6878
169 6879
169 6889
169 6891
169 6892
169 6893
169 6894
169 6895
169 6896
169 6897
169 6898
169 6899
169 6900
169 6901
169 6902
169 6903
169 6904
169 6905
169 6906
169 6921
169 6922
169 6923
169 6924
169 6925
169 6926
169 6927
169 6928
169 6929
169 6930
169 6931
169 6932
169 6933
169 6939
169 6940
169 6941
169 6942
169 6943
169 6944
169 6945
169 6946
169 6952
169 6953
169 6954
169 6955
169 6956
169 6957
169 6958
169 6961
169 6962
169 6968
169 6969
169 6970
169 6971
169 6972
169 6973
169 6974
169 6975
169 6976
169 6977
169 6978
169 6979
169 6980
169 6981
169 6987
169 6988
169 6989
169 6991
169 6992
169 6993
169 6994
169 6995
169 6996
169 6997
169 7001
169 7008
169 7016
169 7017
169 7018
169 7019
169 7020
169 7021
169 7022
169 7025
169 7037
169 7038
169 7039
169 7040
169 7041
169 7042
169 7043
169 7044
169 7045
169 7047
169 7048
169 7049
169 7050
169 7051
169 7052
169 7053
169 7054
169 7055
169 7056
169 7062
169 7063
169 7064
169 7065
169 7066
169 7086
169 7097
169 7098
169 7099
169 7100
169 7101
169 7102
169 7103
169 7104
169 7105
169 7106
169 7107
169 7108
169 7109
169 7115
169 7116
169 7117
169 7118
169 7119
169 7120
169 7132
169 7143
169 7154
169 7177
169 7178
169 7190
169 7191
169 7192
169 7193
169 7194
169 7195
169 7199
169 7200
169 7201
169 7202
169 7206
169 7212
169 7213
169 7214
169 7215
169 7216
169 7218
169 7221
169 7222
169 7223
169 7224
169 7225
169 7226
169 7227
169 7228
169 7229
169 7230
169 7231
169 7232
169 7234
169 7235
169 7236
169 7237
169 7238
169 7239
169 7240
169 7241
169 7242
169 7243
169 7244
169 7248
169 7261
169 7262
169 7267
169 7288
169 7291
169 7292
169 7293
169 7297
169 7298
169 7299
169 7300
169 7301
169 7302
169 7304
169 7310
169 7311
169 7312
169 7313
169 7314
169 7315
169 7316
169 7317
169 7318
169 7319
169 7320
170 715
171 715
172 721
173 727
174 736
175 736
176 736
177 739
178 740
179 742
179 2044
179 4485
179 4646
179 4701
179 5466
180 744
180 984
181 745
181 759
181 760
182 745
182 870
182 893
183 764
183 765
183 766
183 767
183 768
183 769
183 770
183 771
183 772
183 3971
184 773
185 774
186 780
187 780
188 780
188 5272
189 780
190 784
190 850
191 785
192 795
193 796
194 797
194 799
194 802
194 803
194 804
194 805
194 806
194 807
194 808
194 809
194 810
194 811
194 812
194 813
194 814
194 815
194 816
194 817
194 818
194 819
194 820
194 821
194 823
194 824
194 825
194 826
194 827
194 828
194 829
194 830
194 831
194 832
194 833
194 834
194 835
194 836
194 837
194 838
194 839
194 840
194 841
194 842
194 843
194 844
194 846
195 797
195 799
196 822
197 863
198 891
198 1073
199 895
200 896
200 897
200 898
200 899
200 900
200 901
200 905
200 906
200 907
200 908
200 909
200 910
200 911
200 912
200 913
200 914
200 915
200 916
200 917
201 903
201 904
202 906
202 963
202 987
202 988
203 908
203 2336
204 919
205 919
206 919
207 919
208 919
209 919
210 919
211 927
211 6534
211 6535
211 6536
211 6537
211 6538
211 6551
211 6552
212 945
212 946
213 948
213 12124
214 950
214 989
215 951
215 963
216 953
217 953
218 953
219 954
220 963
220 5886
221 983
221 5050
221 5917
221 6405
221 6444
221 6469
221 7877
222 986
222 2335
222 2368
223 986
224 990
225 991
226 993
227 994
227 995
228 996
228 997
228 998
229 1000
229 1099
229 1100
230 1001
230 1002
231 1007
232 1014
232 1247
233 1014
234 1018
235 1020
235 1071
235 2946
235 3739
235 6587
235 7488
236 1024
237 1030
237 1031
237 1032
237 1034
238 1030
238 1031
238 2226
238 2227
238 2383
238 2384
239 1032
239 1033
239 1045
239 1113
239 1114
240 1033
240 2425
241 1049
241 2110
242 1052
243 1053
244 1054
245 1058
245 1080
245 1081
246 1078
246 1079
247 1086
248 1087
248 2933
248 2942
248 2943
248 2944
248 2945
248 2946
249 1087
249 4777
249 4821
250 1087
251 1087
252 1087
252 10712
252 10716
252 10719
252 10720
252 10725
252 10727
252 10728
252 10729
252 10730
252 10732
252 10733
252 10734
252 10735
252 10736
252 10737
252 10738
252 10739
252 10740
252 10741
252 10742
252 10743
252 10744
252 10745
252 10746
252 10747
252 10748
252 10749
252 10750
252 10751
252 10752
252 10753
252 10754
252 10755
252 10756
252 10757
252 10758
252 10759
252 10854
252 10859
252 10860
252 10861
252 10862
252 10863
252 10864
252 10865
252 10866
252 10867
252 10868
252 10869
252 10870
252 10871
252 10872
252 10873
252 10874
252 10875
252 10876
252 10878
252 10879
252 10880
252 10881
252 10882
252 10883
252 10884
252 10885
252 10886
252 10887
252 10888
252 11059
252 11060
252 11061
252 11062
252 11063
252 11064
252 11065
252 11066
252 11067
252 11068
252 11069
252 11070
252 11071
252 11072
252 11078
252 11080
252 11082
252 11083
252 11084
252 11085
252 11086
252 11089
252 11090
252 11091
252 11096
252 11097
252 11098
252 11099
252 11100
252 11101
252 11102
252 11103
252 11104
252 11105
252 11106
252 11107
252 11108
252 11109
252 11110
252 11112
252 11113
252 11114
252 11115
252 11117
252 11118
252 11119
252 11120
252 11121
252 11122
252 11123
252 11124
252 11125
252 11126
252 11127
252 11128
252 11129
252 11130
252 11131
252 11136
252 11137
252 11138
252 11139
252 11140
252 11141
252 11142
252 11143
252 11144
252 11145
252 11146
252 11147
252 11148
252 11149
252 11150
252 11151
252 11152
252 11153
252 11165
252 11166
252 11167
252 11168
252 11169
252 11170
252 11171
252 11172
252 11173
252 11174
252 11175
252 11176
252 11177
252 11178
252 11179
252 11180
252 11181
252 11182
252 11192
252 11193
252 11194
252 11195
252 11196
252 11197
252 11198
252 11199
252 11200
252 11201
252 11202
252 11203
252 11205
252 11206
252 11207
252 11208
252 11209
252 11210
252 11211
252 11212
252 11213
252 11214
252 11215
252 11216
252 11217
252 11219
252 11220
252 11221
252 11222
252 11254
252 11255
252 11257
252 11258
252 11259
252 11260
252 11261
252 11262
252 11263
252 11279
252 11280
252 11281
252 11282
252 11283
252 11284
252 11285
252 11286
252 11287
252 11288
252 11289
252 11316
252 11317
252 11318
252 11319
252 11320
252 11321
252 11322
252 11323
252 11324
252 11325
252 11326
252 11327
252 11328
252 11329
252 11330
252 11331
252 11332
252 11333
252 11334
252 11335
252 11336
252 11337
252 11338
252 11339
252 11340
252 11341
252 11342
252 11343
252 11344
252 11345
252 11346
252 11347
252 11348
252 11349
252 11350
252 11351
252 11352
252 11353
252 11354
252 11356
252 11357
252 11358
252 11359
252 11360
252 11361
252 11362
252 11364
252 11365
252 11366
252 11367
252 11368
252 11369
252 11370
252 11371
252 11372
252 11374
252 11375
252 11376
252 11377
252 11378
252 11379
252 11380
252 11381
252 11382
252 11383
252 11384
252 11385
252 11386
252 11391
252 11392
252 11393
252 11394
252 11432
252 11433
252 11434
252 11435
252 11436
252 11437
252 11438
252 11439
252 11440
252 11441
252 11442
252 11443
252 11444
252 11445
252 11446
252 11447
252 11449
252 11450
252 11451
252 11452
252 11457
252 11458
252 11459
252 11460
252 11461
252 11462
252 11463
252 11464
252 11465
252 11466
252 11467
252 11468
252 11469
252 11470
252 11471
252 11472
252 11473
252 11474
252 11475
252 11476
252 11477
252 11478
252 11479
252 11480
252 11481
252 11482
252 11483
252 11487
252 11488
252 11489
252 11490
252 11491
252 11492
252 11493
252 11494
252 11495
252 11496
252 11497
252 11498
252 11499
252 11500
252 11502
252 11503
252 11504
252 11505
252 11506
252 11511
252 11512
252 11513
252 11514
252 11515
252 11516
252 11517
252 11518
252 11519
252 11520
252 11521
252 11522
252 11523
252 11524
252 11525
252 11526
252 11527
252 11528
252 11529
252 11530
252 11531
252 11532
252 11533
252 11534
252 11535
252 11536
252 11537
252 11538
252 11580
252 11581
252 11582
252 11583
252 11585
252 11586
252 11587
252 11588
252 11589
252 11590
252 11595
252 11596
252 11625
252 11626
252 11627
252 11628
252 11629
252 11630
252 11631
252 11632
252 11633
252 11634
252 11635
252 11636
252 11637
252 11638
252 11639
252 11640
252 11647
252 11648
252 11649
252 11650
252 11651
252 11652
252 11653
252 11654
252 11655
252 11656
252 11657
252 11658
252 11659
252 11660
252 11661
252 11662
252 11663
252 11664
252 11665
252 11666
252 11667
252 11668
252 11669
252 11670
252 11671
252 11672
252 11673
252 11674
252 11675
252 11676
252 11677
252 11678
252 11679
252 11680
252 11681
252 11682
252 11692
252 11693
252 11694
252 11695
252 11696
252 11697
252 11698
252 11699
252 11700
252 11701
252 11702
252 11703
252 11704
252 11705
252 11710
252 11711
252 11712
252 11715
252 11716
252 11717
252 11718
252 11719
252 11720
252 11721
252 11722
252 11723
252 11724
252 11725
252 11726
252 11727
252 11728
252 11729
252 11730
252 11731
252 11732
252 11733
252 11734
252 11735
252 11736
252 11737
252 11738
252 11739
252 11740
252 11741
252 11742
252 11743
252 11744
252 11745
252 11746
252 11747
252 11748
252 11749
252 11750
252 11751
252 11752
252 11753
252 11754
252 11755
252 11756
252 11757
252 11758
252 11759
252 11760
252 11761
252 11762
252 11763
252 11764
252 11765
252 11766
252 11767
252 11768
252 11769
252 11770
252 11771
252 11772
252 11773
252 11774
252 11775
252 11776
252 11777
252 11778
252 11779
252 11780
252 11781
252 11782
252 11785
252 11786
252 11787
252 11789
252 11790
252 11791
252 11792
252 11793
252 11794
252 11795
252 11796
252 11797
252 11798
252 11799
252 11800
252 11801
252 11802
252 11803
252 11804
252 11805
252 11806
252 11807
252 11808
252 11809
252 11810
252 11811
252 11812
252 11813
252 11814
252 11815
252 11816
252 11817
252 11818
252 11819
252 11820
252 11821
252 11822
252 11823
252 11824
252 11825
252 11826
252 11827
252 11828
252 11829
252 11830
252 11831
252 11832
252 11841
252 11842
252 11843
252 11844
252 11845
252 11846
252 11847
252 11848
252 11849
252 11850
252 11851
252 11852
252 11853
252 11854
252 11855
252 11856
252 11857
252 11858
252 11859
252 11860
252 11861
252 11862
252 11863
252 11864
252 11865
252 11866
252 11867
252 11868
252 11869
252 11870
252 11871
252 11872
252 11873
252 11874
252 11875
252 11876
252 11877
252 11878
252 11879
252 11880
252 11892
252 11893
252 11894
252 11895
252 11896
252 11897
252 11898
252 11899
252 11900
252 11901
252 11902
252 11903
252 11904
252 11905
252 11906
252 11907
252 11908
252 11909
252 11910
252 11911
252 11912
252 11913
252 11914
252 11915
252 11916
252 11917
252 11918
252 11919
252 11920
252 11921
252 11922
252 11923
252 11924
252 11925
252 11929
252 11930
252 11931
252 11932
252 11933
252 11934
252 11935
252 11936
252 11937
252 11938
252 11939
252 11940
252 11941
252 11942
252 11943
252 11944
252 11945
252 11946
252 11947
252 11948
252 11949
252 11950
252 11951
252 11952
252 11953
252 11954
252 11955
252 11956
252 11957
252 11958
252 11959
252 11960
252 11962
252 11963
252 11964
252 11965
252 11966
252 11967
252 11968
252 11969
252 11970
252 11971
252 11972
252 11973
252 11974
252 11975
252 11976
252 11977
252 11978
252 11979
252 11980
252 11981
252 11982
252 11983
252 11984
252 11985
252 11986
252 11987
252 11988
252 11989
252 11990
252 11991
252 11992
252 11993
252 11994
252 11995
252 11996
252 12010
252 12011
252 12012
252 12013
252 12014
252 12015
252 12016
252 12017
252 12018
252 12019
252 12020
252 12021
252 12022
252 12023
252 12024
252 12025
252 12026
252 12027
252 12046
252 12047
252 12048
252 12049
252 12050
252 12051
252 12052
252 12053
252 12054
252 12055
252 12059
252 12060
252 12061
252 12062
252 12063
252 12064
252 12065
252 12066
252 12067
253 1090
253 1110
254 1092
255 1095
255 1096
256 1098
256 1103
257 1101
257 2749
258 1102
258 2830
258 4175
258 5724
258 5725
258 5739
258 5740
258 9642
258 9643
259 1102
260 1112
260 1211
260 2079
260 2159
260 2749
261 1116
262 1117
263 1118
264 1121
264 1122
264 1123
264 1124
264 1125
265 1132
265 1133
265 1134
265 1135
265 1137
265 1138
265 1139
265 1145
265 1146
265 1147
265 1148
265 1209
266 1150
267 1154
267 1162
267 1163
267 1164
267 1165
267 1166
267 1169
268 1172
269 1174
270 1178
271 1179
271 1180
271 1181
272 1182
272 1183
273 1182
274 1182
275 1182
276 1182
277 1182
278 1182
279 1182
280 1182
281 1182
282 1182
283 1182
284 1182
285 1182
286 1182
287 1182
288 1182
289 1182
290 1182
291 1184
292 1185
293 1186
294 1201
295 1208
295 2105
296 1208
296 2197
297 1211
297 2091
297 2092
298 1218
298 1701
298 2094
298 5330
299 1222
299 1223
299 1224
299 1225
299 1226
299 1227
299 1236
299 1237
299 1238
299 1239
299 1240
299 1241
299 1242
299 1243
300 1230
300 1231
300 1232
301 1233
302 1244
302 3974
302 7817
302 11156
302 12161
302 12162
303 1255
304 1262
305 1447
305 1451
306 1484
306 1485
307 1484
307 2287
307 2288
307 2289
307 2290
307 2291
307 2292
307 2293
308 1708
308 2199
308 2874
308 5748
308 5831
308 5945
308 5946
308 6028
308 6406
308 7150
309 1710
309 1711
310 1712
310 1713
310 1714
311 1712
311 6886
311 6887
312 1729
313 1753
314 1753
315 1830
316 2017
317 2020
318 2021
318 2120
318 2749
319 2044
319 10712
319 11274
319 11484
319 11485
319 11552
319 11553
319 11554
319 11555
319 11556
319 11557
319 11558
319 11559
319 11563
319 11564
319 11574
319 11644
319 11645
319 11690
319 12004
320 2044
320 3994
320 10712
320 11156
320 11510
320 11570
320 11574
320 11683
320 11835
320 11889
321 2078
322 2080
323 2084
323 2085
324 2095
325 2096
326 2098
327 2099
328 2102
329 2114
329 2121
330 2127
330 2865
331 2130
332 2138
332 3759
333 2143
334 2150
334 2153
334 2181
335 2150
335 2212
335 2479
335 2505
335 2749
335 4962
336 2151
337 2159
338 2159
339 2159
340 2159
341 2159
342 2176
343 2191
344 2191
345 2192
346 2194
347 2200
348 2201
349 2202
350 2214
350 3831
351 2215
351 2243
351 2327
351 2328
351 2344
351 2345
351 2501
351 2718
351 2720
352 2228
353 2237
353 2238
353 2243
353 2246
354 2247
354 2248
354 2283
354 2313
354 2645
354 2709
354 2737
354 3652
354 3654
354 3655
355 2249
355 2250
356 2249
356 2250
356 3434
356 3487
356 5070
356 5123
356 5631
356 5730
356 5888
356 5889
356 5941
356 5952
356 6652
356 6719
356 6720
356 7741
356 8085
356 8086
356 8244
356 8389
356 8538
356 8539
357 2256
357 2257
357 2268
357 2269
357 2280
357 2312
357 2322
357 2323
357 2450
357 2609
357 4925
357 5020
357 5529
357 5544
357 6462
358 2256
358 5525
359 2258
360 2259
360 2264
361 2263
362 2270
362 2271
363 2279
364 2280
365 2284
366 2296
367 2299
368 2308
369 2319
370 2324
371 2325
372 2325
372 2431
372 2599
372 2655
372 2711
372 2714
372 2826
372 2857
372 2934
372 3036
372 4153
372 4241
372 4277
372 4484
373 2330
373 2331
374 2330
375 2335
375 2378
376 2341
376 5895
377 2342
377 2343
378 2353
378 2749
378 2807
378 2833
378 2834
378 2835
378 4932
378 6605
379 2369
380 2377
381 2390
381 2391
381 2392
381 2430
382 2395
383 2408
383 3628
383 3727
383 4283
383 4284
383 4372
383 4457
383 4485
383 4574
384 2433
385 2442
386 2451
387 2451
387 6012
387 6506
387 7474
387 8537
387 8734
387 10628
387 11888
388 2473
389 2474
390 2476
390 2477
391 2481
391 2485
391 2486
392 2482
393 2488
394 2495
394 4219
395 2501
395 3338
396 2505
397 2510
397 2511
397 2512
397 2515
397 2534
397 2535
397 2536
397 2537
397 2538
397 2539
397 2540
397 2541
397 2550
397 2551
397 2553
397 2554
397 2555
397 2559
397 2560
397 2565
397 2568
397 2584
397 2585
397 2586
397 2587
397 2597
397 2598
397 2600
397 2601
397 2602
397 2604
397 2605
397 2606
397 2607
397 2608
397 2610
397 2611
397 2612
397 2613
397 2614
397 2615
397 2616
397 2617
397 2618
397 2621
397 2622
397 2624
397 2625
397 2626
397 2627
397 2628
397 2629
397 2632
397 2633
397 2635
397 2636
397 2637
397 2638
397 2639
397 2640
397 2641
397 2644
397 2645
397 2646
397 2647
397 2648
397 2649
397 2650
397 2651
397 2652
397 2653
397 2654
397 2656
397 2657
397 2658
397 2659
397 2662
397 2666
397 2672
397 2677
397 2678
397 2679
397 2680
397 2681
397 2682
397 2683
397 2684
397 2685
397 2686
397 2687
397 2690
397 2691
397 2698
397 2699
397 2702
397 2703
397 2704
397 2705
397 2706
397 2707
397 2708
397 2710
397 2712
397 2713
397 2715
397 2716
397 2717
397 2719
397 2721
397 2722
397 2723
397 2724
397 2725
397 2726
397 2728
397 2729
397 2730
397 2731
397 2732
397 2733
397 2734
397 2735
397 2736
397 2738
397 2739
397 2740
397 2741
397 2743
397 2744
397 2745
397 2746
397 2748
397 2750
397 2751
397 2752
397 2753
397 2754
397 2755
397 2756
397 2757
397 2760
397 2762
397 2763
397 2764
397 2765
397 2766
397 2767
397 2768
397 2769
397 2770
397 2771
397 2772
397 2774
397 2775
397 2776
397 2778
397 2779
397 2780
397 2781
397 2782
397 2783
397 2784
397 2785
397 2786
397 2787
397 2788
397 2789
397 2791
397 2792
397 2793
397 2794
397 2796
397 2797
397 2798
397 2799
397 2800
397 2801
397 2802
397 2803
397 2804
397 2805
397 2806
397 2807
397 2810
397 2811
397 2812
397 2813
397 2815
397 2817
397 2818
397 2822
397 2823
397 2824
397 2825
397 2827
397 2828
397 2830
397 2831
397 2836
397 2837
397 2838
397 2839
397 2842
397 2844
397 2845
397 2846
397 2847
397 2848
397 2849
397 2850
397 2851
397 2852
397 2853
397 2854
397 2855
397 2856
397 2857
397 2858
397 2859
397 2860
397 2861
397 2862
397 2863
397 2864
397 2866
397 2867
397 2868
397 2869
397 2870
397 2871
397 2872
397 2873
397 2874
397 2875
397 2876
397 2877
397 2878
397 2879
397 2881
397 2882
397 2883
397 2884
397 2885
397 2886
397 2887
397 2888
397 2889
397 2890
397 2891
397 2893
397 2894
397 2895
397 2896
397 2897
397 2898
397 2899
397 2900
397 2901
397 2902
397 2903
397 2904
397 2905
397 2906
397 2907
397 2908
397 2909
397 2911
397 2912
397 2913
397 2914
397 2915
397 2916
397 2917
397 2918
397 2919
397 2920
397 2921
397 2922
397 2923
397 2925
397 2927
397 2928
397 2929
397 2930
397 2931
397 2932
397 2935
397 2936
397 2937
397 2938
397 2939
397 2941
397 2947
397 2952
397 2954
397 2955
397 2956
397 2957
397 2958
397 2959
397 2960
397 2961
397 2962
397 2966
397 2967
397 2968
397 2969
397 2971
397 2973
397 2974
397 2975
397 2976
397 2979
397 2980
397 2981
397 2982
397 2983
397 2984
397 2985
397 2986
397 2987
397 2988
397 2989
397 2990
397 2991
397 2992
397 2993
397 2994
397 2996
397 3004
397 3005
397 3010
397 3011
397 3012
397 3017
397 3020
397 3021
397 3022
397 3025
397 3026
397 3027
397 3029
397 3030
397 3032
397 3033
397 3034
397 3035
397 3037
397 3038
397 3040
397 3041
397 3042
397 3043
397 3044
397 3045
397 3046
397 3049
397 3051
397 3052
397 3053
397 3054
397 3056
397 3057
397 3058
397 3059
397 3061
397 3062
397 3063
397 3064
397 3065
397 3068
397 3069
397 3070
397 3071
397 3073
397 3074
397 3075
397 3077
397 3079
397 3083
397 3084
397 3085
397 3086
397 3087
397 3090
397 3092
397 3093
397 3094
397 3095
397 3096
397 3109
397 3110
397 3111
397 3112
397 3114
397 3115
397 3116
397 3117
397 3121
397 3122
397 3123
397 3124
397 3126
397 3127
397 3129
397 3132
397 3133
397 3135
397 3136
397 3137
397 3138
397 3139
397 3140
397 3141
397 3142
397 3143
397 3146
397 3147
397 3148
397 3149
397 3150
397 3151
397 3152
397 3153
397 3154
397 3155
397 3156
397 3157
397 3158
397 3159
397 3163
397 3164
397 3165
397 3166
397 3167
397 3168
397 3169
397 3170
397 3171
397 3172
397 3173
397 3174
397 3175
397 3176
397 3177
397 3178
397 3181
397 3185
397 3187
397 3188
397 3189
397 3191
397 3192
397 3193
397 3194
397 3195
397 3196
397 3197
397 3198
397 3199
397 3210
397 3211
397 3212
397 3213
397 3214
397 3215
397 3216
397 3221
397 3222
397 3223
397 3224
397 3225
397 3226
397 3227
397 3228
397 3229
397 3230
397 3231
397 3232
397 3233
397 3234
397 3235
397 3236
397 3237
397 3238
397 3240
397 3241
397 3242
397 3243
397 3244
397 3245
397 3246
397 3248
397 3250
397 3252
397 3253
397 3255
397 3256
397 3257
397 3258
397 3259
397 3260
397 3261
397 3262
397 3263
397 3264
397 3265
397 3266
397 3267
397 3268
397 3269
397 3270
397 3271
397 3272
397 3274
397 3275
397 3276
397 3279
397 3280
397 3281
397 3286
397 3287
397 3288
397 3290
397 3291
397 3292
397 3293
397 3294
397 3295
397 3296
397 3297
397 3298
397 3301
397 3302
397 3303
397 3304
397 3305
397 3306
397 3307
397 3308
397 3309
397 3310
397 3311
397 3314
397 3315
397 3316
397 3317
397 3318
397 3319
397 3320
397 3321
397 3322
397 3325
397 3326
397 3327
397 3329
397 3330
397 3331
397 3332
397 3333
397 3334
397 3335
397 3336
397 3337
397 3339
397 3340
397 3341
397 3342
397 3343
397 3345
397 3348
397 3349
397 3351
397 3352
397 3353
397 3354
397 3355
397 3356
397 3357
397 3358
397 3359
397 3360
397 3361
397 3362
397 3363
397 3365
397 3368
397 3369
397 3370
397 3371
397 3375
397 3376
397 3378
397 3379
397 3380
397 3381
397 3382
397 3383
397 3384
397 3385
397 3386
397 3387
397 3388
397 3389
397 3390
397 3391
397 3392
397 3393
397 3395
397 3396
397 3397
397 3398
397 3399
397 3400
397 3401
397 3402
397 3403
397 3404
397 3405
397 3406
397 3407
397 3408
397 3410
397 3411
397 3413
397 3414
397 3415
397 3416
397 3417
397 3418
397 3419
397 3420
397 3421
397 3422
397 3423
397 3424
397 3426
397 3432
397 3433
397 3434
397 3453
397 3454
397 3455
397 3456
397 3457
397 3458
397 3461
397 3462
397 3463
397 3464
397 3465
397 3466
397 3467
397 3468
397 3470
397 3473
397 3474
397 3475
397 3476
397 3477
397 3478
397 3479
397 3480
397 3481
397 3482
397 3483
397 3484
397 3485
397 3486
397 3488
397 3493
397 3499
397 3502
397 3506
397 3507
397 3511
397 3515
397 3518
397 3519
397 3520
397 3577
397 3579
397 3583
397 3584
397 3585
397 3595
397 3596
397 3598
397 3599
397 3608
397 3615
397 3616
397 3617
397 3618
397 3619
397 3626
397 3627
397 3629
397 3630
397 3632
397 3633
397 3634
397 3635
397 3636
397 3637
397 3638
397 3639
397 3640
397 3641
397 3642
397 3644
397 3648
397 3649
397 3650
397 3653
397 3656
397 3657
397 3658
397 3659
397 3660
397 3661
397 3662
397 3663
397 3664
397 3665
397 3666
397 3667
397 3668
397 3670
397 3671
397 3672
397 3673
397 3674
397 3675
397 3676
397 3677
397 3678
397 3679
397 3680
397 3681
397 3682
397 3683
397 3684
397 3685
397 3686
397 3687
397 3688
397 3689
397 3691
397 3692
397 3693
397 3694
397 3695
397 3696
397 3697
397 3698
397 3699
397 3700
397 3701
397 3702
397 3703
397 3704
397 3705
397 3706
397 3707
397 3708
397 3709
397 3710
397 3711
397 3712
397 3713
397 3714
397 3715
397 3716
397 3717
397 3718
397 3719
397 3720
397 3721
397 3722
397 3723
397 3724
397 3725
397 3726
397 3727
397 3728
397 3729
397 3730
397 3731
397 3732
397 3733
397 3734
397 3735
397 3737
397 3738
397 3740
397 3742
397 3743
397 3744
397 3745
397 3746
397 3747
397 3752
397 3758
397 3764
397 3765
397 3766
397 3769
397 3770
397 3771
397 3772
397 3773
397 3775
397 3778
397 3789
397 3794
397 3795
397 3796
397 3798
397 3799
397 3800
397 3801
397 3802
397 3803
397 3805
397 3806
397 3807
397 3808
397 3809
397 3811
397 3812
397 3817
397 3818
397 3827
397 3828
397 3829
397 3834
397 3835
397 3836
397 3837
397 3838
397 3839
397 3840
397 3841
397 3842
397 3843
397 3844
397 3847
397 3849
397 3868
397 3869
397 3870
397 3871
397 3872
397 3873
397 3883
397 3886
397 3888
397 3889
397 3891
397 3893
397 3917
397 3918
397 3919
397 3924
397 3925
397 3946
397 3968
397 3969
397 3983
397 3984
397 3986
397 3987
397 3995
397 4002
397 4012
397 4013
397 4016
397 4025
397 4026
397 4034
397 4044
397 4045
397 4046
397 4047
397 4049
397 4051
397 4052
397 4084
397 4086
397 4087
397 4088
397 4100
397 4108
397 4109
397 4112
397 4113
397 4115
397 4116
397 4117
397 4118
397 4119
397 4120
397 4121
397 4125
397 4127
397 4128
397 4129
397 4131
397 4137
397 4141
397 4143
397 4148
397 4149
397 4154
397 4156
397 4159
397 4160
397 4164
397 4165
397 4168
397 4169
397 4170
397 4171
397 4172
397 4174
397 4176
397 4178
397 4179
397 4180
397 4184
397 4211
397 4212
397 4213
397 4214
397 4218
397 4220
397 4221
397 4222
397 4223
397 4224
397 4229
397 4230
397 4237
397 4238
397 4245
397 4246
397 4248
397 4249
397 4250
397 4251
397 4252
397 4253
397 4254
397 4257
397 4258
397 4259
397 4276
397 4278
397 4281
397 4282
397 4283
397 4288
397 4289
397 4290
397 4291
397 4293
397 4294
397 4295
397 4296
397 4297
397 4298
397 4299
397 4300
397 4301
397 4302
397 4303
397 4304
397 4305
397 4306
397 4307
397 4308
397 4309
397 4310
397 4311
397 4312
397 4313
397 4314
397 4315
397 4316
397 4317
397 4318
397 4319
397 4320
397 4321
397 4322
397 4323
397 4324
397 4325
397 4326
397 4327
397 4328
397 4329
397 4355
397 4357
397 4359
397 4360
397 4362
397 4363
397 4364
397 4365
397 4366
397 4367
397 4368
397 4369
397 4370
397 4371
397 4373
397 4376
397 4377
397 4378
397 4379
397 4380
397 4383
397 4384
397 4389
397 4390
397 4391
397 4392
397 4393
397 4394
397 4395
397 4396
397 4397
397 4398
397 4399
397 4400
397 4401
397 4402
397 4403
397 4404
397 4405
397 4406
397 4407
397 4408
397 4409
397 4410
397 4411
397 4412
397 4413
397 4414
397 4415
397 4416
397 4417
397 4418
397 4419
397 4420
397 4421
397 4422
397 4423
397 4424
397 4425
397 4429
397 4430
397 4432
397 4433
397 4434
397 4435
397 4436
397 4437
397 4438
397 4439
397 4440
397 4442
397 4443
397 4444
397 4445
397 4446
397 4447
397 4448
397 4449
397 4450
397 4451
397 4452
397 4453
397 4454
397 4455
397 4456
397 4458
397 4459
397 4461
397 4462
397 4468
397 4469
397 4470
397 4471
397 4472
397 4473
397 4474
397 4475
397 4478
397 4479
397 4480
397 4481
397 4482
397 4483
397 4487
397 4488
397 4489
397 4490
397 4491
397 4492
397 4493
397 4494
397 4495
397 4496
397 4497
397 4498
397 4499
397 4500
397 4501
397 4502
397 4503
397 4504
397 4505
397 4506
397 4507
397 4508
397 4509
397 4510
397 4511
397 4512
397 4513
397 4514
397 4515
397 4516
397 4517
397 4518
397 4519
397 4520
397 4521
397 4522
397 4523
397 4524
397 4525
397 4526
397 4527
397 4528
397 4529
397 4530
397 4531
397 4532
397 4533
397 4534
397 4535
397 4536
397 4537
397 4538
397 4539
397 4540
397 4541
397 4542
397 4543
397 4544
397 4545
397 4546
397 4549
397 4550
397 4551
397 4552
397 4554
397 4555
397 4556
397 4557
397 4558
397 4559
397 4560
397 4561
397 4562
397 4563
397 4564
397 4565
397 4566
397 4567
397 4568
397 4569
397 4570
397 4571
397 4572
397 4573
397 4576
397 4578
397 4579
397 4580
397 4581
397 4582
397 4583
397 4584
397 4585
397 4586
397 4587
397 4588
397 4589
397 4590
397 4591
397 4592
397 4593
397 4594
397 4595
397 4596
397 4597
397 4600
397 4601
397 4602
397 4603
397 4604
397 4605
397 4606
397 4607
397 4608
397 4609
397 4610
397 4611
397 4612
397 4613
397 4614
397 4615
397 4616
397 4617
397 4618
397 4619
397 4620
397 4621
397 4622
397 4623
397 4624
397 4626
397 4627
397 4628
397 4629
397 4630
397 4631
397 4632
397 4633
397 4634
397 4635
397 4636
397 4637
397 4638
397 4639
397 4640
397 4641
397 4642
397 4643
397 4644
397 4645
397 4647
397 4648
397 4649
397 4650
397 4651
397 4652
397 4653
397 4654
397 4655
397 4657
397 4658
397 4659
397 4660
397 4661
397 4662
397 4664
397 4670
397 4673
397 4674
397 4675
397 4676
397 4677
397 4678
397 4679
397 4680
397 4681
397 4682
397 4683
397 4684
397 4686
397 4687
397 4688
397 4689
397 4690
397 4691
397 4692
397 4693
397 4694
397 4695
397 4696
397 4697
397 4698
397 4699
397 4700
397 4702
397 4704
397 4705
397 4706
397 4707
397 4708
397 4709
397 4710
397 4711
397 4712
397 4715
397 4716
397 4717
397 4718
397 4719
397 4720
397 4721
397 4722
397 4723
397 4724
397 4725
397 4726
397 4727
397 4728
397 4729
397 4730
397 4731
397 4732
397 4734
397 4735
397 4736
397 4737
397 4738
397 4739
397 4740
397 4741
397 4743
397 4744
397 4746
397 4747
397 4748
397 4749
397 4750
397 4751
397 4752
397 4753
397 4754
397 4755
397 4756
397 4757
397 4758
397 4759
397 4760
397 4762
397 4763
397 4764
397 4765
397 4766
397 4768
397 4769
397 4770
397 4771
397 4772
397 4773
397 4774
397 4775
397 4776
397 4778
397 4780
397 4782
397 4783
397 4785
397 4787
397 4788
397 4789
397 4790
397 4791
397 4792
397 4793
397 4794
397 4795
397 4796
397 4797
397 4798
397 4799
397 4801
397 4802
397 4803
397 4804
397 4807
397 4809
397 4811
397 4812
397 4813
397 4814
397 4817
397 4818
397 4822
397 4823
397 4824
397 4827
397 4828
397 4829
397 4832
397 4833
397 4834
397 4835
397 4836
397 4837
397 4841
397 4842
397 4843
397 4847
397 4848
397 4849
397 4850
397 4851
397 4852
397 4853
397 4854
397 4855
397 4856
397 4857
397 4858
397 4859
397 4860
397 4861
397 4862
397 4863
397 4864
397 4865
397 4866
397 4867
397 4868
397 4869
397 4870
397 4871
397 4872
397 4873
397 4874
397 4877
397 4878
397 4879
397 4882
397 4883
397 4884
397 4885
397 4886
397 4887
397 4888
397 4889
397 4890
397 4891
397 4892
397 4893
397 4894
397 4895
397 4896
397 4897
397 4898
397 4899
397 4900
397 4901
397 4902
397 4903
397 4904
397 4905
397 4906
397 4907
397 4908
397 4909
397 4910
397 4911
397 4912
397 4913
397 4914
397 4916
397 4917
397 4919
397 4920
397 4921
397 4922
397 4923
397 4924
397 4925
397 4927
397 4928
397 4929
397 4930
397 4931
397 4936
397 4937
397 4938
397 4939
397 4940
397 4941
397 4942
397 4943
397 4944
397 4945
397 4946
397 4947
397 4948
397 4950
397 4951
397 4952
397 4953
397 4954
397 4955
397 4956
397 4957
397 4958
397 4959
397 4961
397 4963
397 4964
397 4965
397 4967
397 4969
397 4970
397 4971
397 4972
397 4975
397 4976
397 4980
397 4981
397 4982
397 4983
397 4984
397 4985
397 4986
397 4987
397 4988
397 4989
397 4990
397 4991
397 4992
397 4993
397 4994
397 4995
397 4996
397 4997
397 4998
397 4999
397 5001
397 5005
397 5006
397 5008
397 5009
397 5010
397 5011
397 5012
397 5013
397 5014
397 5015
397 5016
397 5017
397 5018
397 5019
397 5020
397 5021
397 5022
397 5023
397 5024
397 5025
397 5026
397 5028
397 5029
397 5030
397 5031
397 5032
397 5033
397 5034
397 5035
397 5036
397 5037
397 5038
397 5043
397 5044
397 5045
397 5047
397 5048
397 5049
397 5050
397 5051
397 5052
397 5053
397 5055
397 5056
397 5057
397 5058
397 5059
397 5060
397 5062
397 5063
397 5064
397 5065
397 5066
397 5067
397 5068
397 5069
397 5070
397 5071
397 5072
397 5073
397 5074
397 5075
397 5076
397 5077
397 5078
397 5079
397 5080
397 5082
397 5083
397 5084
397 5085
397 5086
397 5087
397 5088
397 5089
397 5092
397 5093
397 5094
397 5095
397 5096
397 5097
397 5098
397 5099
397 5102
397 5103
397 5104
397 5105
397 5107
397 5108
397 5109
397 5110
397 5113
397 5114
397 5115
397 5116
397 5117
397 5118
397 5119
397 5120
397 5121
397 5122
397 5123
397 5124
397 5125
397 5126
397 5127
397 5129
397 5130
397 5131
397 5132
397 5133
397 5134
397 5135
397 5136
397 5138
397 5139
397 5142
397 5143
397 5144
397 5145
397 5146
397 5147
397 5148
397 5149
397 5150
397 5151
397 5152
397 5153
397 5154
397 5155
397 5157
397 5158
397 5159
397 5160
397 5161
397 5162
397 5163
397 5164
397 5165
397 5166
397 5167
397 5168
397 5170
397 5171
397 5172
397 5174
397 5175
397 5176
397 5177
397 5178
397 5179
397 5180
397 5181
397 5182
397 5183
397 5184
397 5185
397 5186
397 5187
397 5188
397 5189
397 5190
397 5191
397 5192
397 5193
397 5194
397 5197
397 5198
397 5199
397 5201
397 5203
397 5204
397 5205
397 5206
397 5207
397 5208
397 5209
397 5210
397 5211
397 5212
397 5213
397 5214
397 5215
397 5216
397 5217
397 5218
397 5219
397 5220
397 5221
397 5222
397 5223
397 5224
397 5225
397 5226
397 5227
397 5228
397 5229
397 5231
397 5232
397 5233
397 5234
397 5235
397 5236
397 5237
397 5239
397 5241
397 5242
397 5243
397 5244
397 5245
397 5246
397 5247
397 5248
397 5249
397 5250
397 5251
397 5252
397 5253
397 5254
397 5255
397 5256
397 5257
397 5258
397 5259
397 5260
397 5261
397 5262
397 5263
397 5264
397 5265
397 5266
397 5267
397 5268
397 5269
397 5270
397 5273
397 5274
397 5275
397 5276
397 5277
397 5278
397 5279
397 5280
397 5284
397 5285
397 5286
397 5287
397 5288
397 5289
397 5290
397 5291
397 5292
397 5293
397 5294
397 5295
397 5296
397 5297
397 5298
397 5299
397 5300
397 5301
397 5302
397 5303
397 5304
397 5305
397 5306
397 5307
397 5308
397 5309
397 5310
397 5311
397 5312
397 5313
397 5314
397 5315
397 5316
397 5317
397 5318
397 5319
397 5320
397 5321
397 5322
397 5323
397 5327
397 5328
397 5329
397 5331
397 5332
397 5333
397 5334
397 5335
397 5336
397 5337
397 5338
397 5339
397 5340
397 5341
397 5342
397 5343
397 5344
397 5345
397 5346
397 5347
397 5348
397 5349
397 5350
397 5351
397 5352
397 5353
397 5354
397 5355
397 5356
397 5357
397 5358
397 5359
397 5360
397 5361
397 5363
397 5364
397 5365
397 5366
397 5367
397 5368
397 5370
397 5371
397 5372
397 5373
397 5374
397 5375
397 5376
397 5377
397 5378
397 5379
397 5380
397 5381
397 5382
397 5383
397 5384
397 5385
397 5386
397 5387
397 5388
397 5389
397 5390
397 5391
397 5392
397 5393
397 5394
397 5395
397 5396
397 5398
397 5399
397 5400
397 5401
397 5402
397 5403
397 5404
397 5405
397 5406
397 5407
397 5408
397 5409
397 5411
397 5412
397 5413
397 5414
397 5416
397 5417
397 5418
397 5419
397 5420
397 5421
397 5422
397 5423
397 5424
397 5425
397 5426
397 5427
397 5428
397 5429
397 5430
397 5431
397 5432
397 5433
397 5434
397 5435
397 5437
397 5438
397 5439
397 5440
397 5441
397 5442
397 5443
397 5444
397 5446
397 5447
397 5448
397 5449
397 5450
397 5451
397 5452
397 5453
397 5454
397 5458
397 5459
397 5460
397 5461
397 5462
397 5463
397 5464
397 5465
397 5467
397 5468
397 5469
397 5470
397 5471
397 5472
397 5473
397 5474
397 5475
397 5476
397 5477
397 5478
397 5479
397 5480
397 5481
397 5482
397 5483
397 5484
397 5485
397 5486
397 5487
397 5488
397 5489
397 5490
397 5491
397 5492
397 5493
397 5494
397 5495
397 5496
397 5497
397 5498
397 5499
397 5500
397 5501
397 5502
397 5503
397 5504
397 5505
397 5506
397 5507
397 5509
397 5510
397 5511
397 5512
397 5513
397 5514
397 5515
397 5516
397 5517
397 5518
397 5519
397 5520
397 5521
397 5522
397 5523
397 5524
397 5527
397 5528
397 5530
397 5532
397 5533
397 5534
397 5535
397 5536
397 5538
397 5539
397 5540
397 5541
397 5542
397 5543
397 5545
397 5546
397 5548
397 5550
397 5551
397 5552
397 5553
397 5554
397 5555
397 5556
397 5558
397 5559
397 5560
397 5562
397 5563
397 5564
397 5565
397 5566
397 5567
397 5568
397 5569
397 5570
397 5571
397 5573
397 5575
397 5576
397 5577
397 5578
397 5579
397 5580
397 5582
397 5583
397 5584
397 5585
397 5586
397 5587
397 5588
397 5589
397 5590
397 5591
397 5592
397 5593
397 5594
397 5595
397 5596
397 5597
397 5598
397 5599
397 5600
397 5601
397 5602
397 5605
397 5608
397 5609
397 5610
397 5611
397 5612
397 5613
397 5614
397 5615
397 5616
397 5617
397 5618
397 5619
397 5620
397 5621
397 5622
397 5623
397 5624
397 5625
397 5626
397 5627
397 5628
397 5629
397 5630
397 5632
397 5633
397 5634
397 5635
397 5636
397 5638
397 5639
397 5640
397 5641
397 5642
397 5648
397 5649
397 5650
397 5651
397 5652
397 5653
397 5654
397 5656
397 5657
397 5658
397 5659
397 5660
397 5661
397 5662
397 5663
397 5664
397 5665
397 5666
397 5667
397 5668
397 5669
397 5670
397 5671
397 5672
397 5673
397 5674
397 5675
397 5676
397 5677
397 5678
397 5679
397 5680
397 5681
397 5682
397 5683
397 5684
397 5685
397 5686
397 5687
397 5688
397 5689
397 5690
397 5691
397 5692
397 5693
397 5694
397 5695
397 5696
397 5697
397 5698
397 5699
397 5700
397 5701
397 5702
397 5703
397 5704
397 5705
397 5706
397 5707
397 5708
397 5709
397 5710
397 5711
397 5712
397 5713
397 5714
397 5715
397 5716
397 5717
397 5718
397 5719
397 5720
397 5721
397 5722
397 5723
397 5724
397 5726
397 5727
397 5728
397 5729
397 5731
397 5732
397 5733
397 5734
397 5735
397 5736
397 5737
397 5738
397 5741
397 5742
397 5743
397 5744
397 5745
397 5746
397 5747
397 5748
397 5749
397 5750
397 5751
397 5752
397 5753
397 5754
397 5755
397 5756
397 5757
397 5758
397 5759
397 5760
397 5761
397 5762
397 5763
397 5764
397 5765
397 5767
397 5768
397 5769
397 5770
397 5771
397 5772
397 5773
397 5774
397 5775
397 5776
397 5777
397 5778
397 5779
397 5780
397 5781
397 5782
397 5783
397 5784
397 5785
397 5786
397 5787
397 5788
397 5789
397 5790
397 5792
397 5793
397 5794
397 5795
397 5796
397 5797
397 5799
397 5800
397 5802
397 5803
397 5804
397 5805
397 5806
397 5807
397 5808
397 5809
397 5810
397 5811
397 5812
397 5813
397 5814
397 5815
397 5816
397 5817
397 5818
397 5820
397 5821
397 5822
397 5823
397 5824
397 5825
397 5826
397 5829
397 5832
397 5833
397 5834
397 5835
397 5836
397 5837
397 5838
397 5839
397 5844
397 5846
397 5847
397 5848
397 5849
397 5850
397 5851
397 5852
397 5853
397 5854
397 5855
397 5856
397 5857
397 5858
397 5859
397 5860
397 5861
397 5862
397 5863
397 5865
397 5866
397 5869
397 5872
397 5873
397 5874
397 5876
397 5877
397 5878
397 5879
397 5880
397 5882
397 5883
397 5887
397 5890
397 5891
397 5892
397 5896
397 5897
397 5899
397 5900
397 5901
397 5902
397 5903
397 5904
397 5905
397 5906
397 5907
397 5908
397 5909
397 5910
397 5911
397 5912
397 5913
397 5914
397 5915
397 5916
397 5917
397 5918
397 5919
397 5921
397 5922
397 5924
397 5925
397 5926
397 5927
397 5928
397 5929
397 5930
397 5931
397 5932
397 5933
397 5935
397 5936
397 5937
397 5939
397 5940
397 5943
397 5944
397 5949
397 5950
397 5951
397 5954
397 5955
397 5957
397 5958
397 5959
397 5960
397 5961
397 5962
397 5963
397 5964
397 5965
397 5966
397 5967
397 5968
397 5969
397 5970
397 5971
397 5972
397 5973
397 5974
397 5975
397 5976
397 5977
397 5978
397 5979
397 5980
397 5981
397 5982
397 5983
397 5984
397 5985
397 5986
397 5987
397 5988
397 5989
397 5990
397 5991
397 5992
397 5993
397 5994
397 5995
397 5996
397 5997
397 5998
397 5999
397 6000
397 6001
397 6002
397 6003
397 6004
397 6005
397 6006
397 6007
397 6008
397 6009
397 6010
397 6011
397 6012
397 6013
397 6014
397 6015
397 6016
397 6017
397 6018
397 6019
397 6020
397 6021
397 6022
397 6023
397 6024
397 6025
397 6026
397 6027
397 6028
397 6029
397 6030
397 6031
397 6032
397 6033
397 6034
397 6035
397 6036
397 6037
397 6038
397 6039
397 6040
397 6041
397 6042
397 6044
397 6045
397 6046
397 6395
397 6396
397 6397
397 6398
397 6399
397 6400
397 6401
397 6402
397 6403
397 6404
397 6405
397 6407
397 6408
397 6410
397 6411
397 6412
397 6413
397 6414
397 6415
397 6416
397 6417
397 6418
397 6420
397 6421
397 6422
397 6423
397 6424
397 6425
397 6426
397 6427
397 6428
397 6429
397 6430
397 6431
397 6432
397 6433
397 6434
397 6435
397 6436
397 6437
397 6438
397 6439
397 6440
397 6441
397 6442
397 6443
397 6445
397 6446
397 6447
397 6448
397 6450
397 6451
397 6452
397 6453
397 6454
397 6455
397 6456
397 6457
397 6458
397 6459
397 6460
397 6461
397 6463
397 6465
397 6466
397 6467
397 6468
397 6470
397 6473
397 6474
397 6475
397 6476
397 6477
397 6478
397 6480
397 6482
397 6483
397 6484
397 6485
397 6486
397 6487
397 6488
397 6489
397 6490
397 6491
397 6492
397 6493
397 6494
397 6495
397 6496
397 6497
397 6498
397 6499
397 6500
397 6501
397 6502
397 6503
397 6504
397 6505
397 6506
397 6507
397 6508
397 6509
397 6511
397 6512
397 6513
397 6514
397 6515
397 6516
397 6517
397 6518
397 6519
397 6520
397 6521
397 6522
397 6523
397 6524
397 6525
397 6526
397 6527
397 6528
397 6529
397 6530
397 6531
397 6533
397 6539
397 6540
397 6541
397 6542
397 6543
397 6548
397 6549
397 6550
397 6553
397 6554
397 6555
397 6556
397 6557
397 6560
397 6561
397 6564
397 6566
397 6571
397 6573
397 6576
397 6577
397 6578
397 6579
397 6580
397 6581
397 6582
397 6584
397 6585
397 6586
397 6589
397 6590
397 6591
397 6595
397 6599
397 6600
397 6601
397 6602
397 6603
397 6604
397 6606
397 6607
397 6608
397 6609
397 6610
397 6611
397 6612
397 6613
397 6614
397 6615
397 6616
397 6617
397 6618
397 6619
397 6620
397 6621
397 6626
397 6627
397 6628
397 6629
397 6630
397 6631
397 6632
397 6633
397 6636
397 6637
397 6638
397 6639
397 6641
397 6642
397 6643
397 6644
397 6645
397 6647
397 6649
397 6650
397 6651
397 6652
397 6653
397 6654
397 6655
397 6656
397 6657
397 6659
397 6660
397 6661
397 6662
397 6663
397 6664
397 6665
397 6666
397 6667
397 6668
397 6669
397 6670
397 6671
397 6672
397 6673
397 6688
397 6689
397 6690
397 6691
397 6692
397 6693
397 6694
397 6695
397 6696
397 6697
397 6698
397 6699
397 6714
397 6715
397 6717
397 6718
397 6721
397 6722
397 6723
397 6724
397 6725
397 6726
397 6732
397 6733
397 6734
397 6735
397 6736
397 6738
397 6739
397 6741
397 6742
397 6743
397 6744
397 6759
397 6760
397 6761
397 6762
397 6763
397 6764
397 6765
397 6766
397 6767
397 6768
397 6769
397 6770
397 6779
397 6780
397 6781
397 6799
397 6800
397 6801
397 6802
397 6804
397 6805
397 6806
397 6807
397 6808
397 6809
397 6810
397 6811
397 6812
397 6813
397 6814
397 6815
397 6816
397 6817
397 6818
397 6819
397 6820
397 6821
397 6822
397 6823
397 6824
397 6825
397 6826
397 6827
397 6828
397 6829
397 6830
397 6831
397 6832
397 6833
397 6834
397 6835
397 6836
397 6837
397 6838
397 6839
397 6840
397 6841
397 6842
397 6844
397 6845
397 6847
397 6848
397 6849
397 6850
397 6851
397 6852
397 6853
397 6854
397 6855
397 6856
397 6857
397 6858
397 6862
397 6864
397 6880
397 6881
397 6882
397 6883
397 6885
397 6886
397 6888
397 6890
397 6907
397 6908
397 6909
397 6910
397 6919
397 6920
397 6934
397 6935
397 6936
397 6937
397 6938
397 6947
397 6948
397 6949
397 6951
397 6959
397 6960
397 6963
397 6964
397 6966
397 6982
397 6983
397 6984
397 6985
397 6986
397 6990
397 6998
397 6999
397 7000
397 7002
397 7003
397 7004
397 7006
397 7007
397 7009
397 7010
397 7011
397 7012
397 7013
397 7014
397 7015
397 7023
397 7024
397 7026
397 7027
397 7028
397 7036
397 7046
397 7057
397 7058
397 7059
397 7060
397 7061
397 7067
397 7068
397 7069
397 7070
397 7071
397 7072
397 7073
397 7075
397 7076
397 7077
397 7078
397 7079
397 7080
397 7081
397 7082
397 7083
397 7084
397 7085
397 7087
397 7088
397 7089
397 7091
397 7092
397 7093
397 7094
397 7095
397 7096
397 7110
397 7111
397 7112
397 7113
397 7114
397 7121
397 7122
397 7123
397 7124
397 7125
397 7126
397 7127
397 7128
397 7129
397 7130
397 7131
397 7133
397 7134
397 7135
397 7136
397 7137
397 7138
397 7139
397 7141
397 7142
397 7144
397 7145
397 7146
397 7147
397 7148
397 7149
397 7151
397 7152
397 7153
397 7155
397 7157
397 7158
397 7159
397 7160
397 7162
397 7163
397 7164
397 7165
397 7166
397 7167
397 7168
397 7169
397 7171
397 7172
397 7173
397 7174
397 7175
397 7176
397 7179
397 7180
397 7181
397 7182
397 7183
397 7184
397 7185
397 7186
397 7187
397 7188
397 7189
397 7196
397 7197
397 7198
397 7203
397 7204
397 7205
397 7207
397 7208
397 7209
397 7210
397 7211
397 7217
397 7219
397 7220
397 7233
397 7245
397 7246
397 7247
397 7249
397 7252
397 7253
397 7255
397 7256
397 7257
397 7258
397 7259
397 7260
397 7263
397 7264
397 7268
397 7278
397 7284
397 7285
397 7286
397 7287
397 7289
397 7290
397 7294
397 7295
397 7296
397 7303
397 7305
397 7306
397 7307
397 7308
397 7309
397 7321
397 7322
397 7323
397 7324
397 7335
397 7336
397 7337
397 7342
397 7343
397 7356
397 7364
397 7365
397 7366
397 7367
397 7368
397 7369
397 7370
397 7371
397 7372
397 7373
397 7374
397 7375
397 7376
397 7379
397 7380
397 7381
397 7382
397 7383
397 7384
397 7385
397 7386
397 7388
397 7389
397 7390
397 7391
397 7392
397 7393
397 7394
397 7395
397 7396
397 7397
397 7398
397 7413
397 7416
397 7417
397 7418
397 7419
397 7420
397 7421
397 7422
397 7425
397 7426
397 7427
397 7428
397 7429
397 7430
397 7431
397 7432
397 7434
397 7435
397 7436
397 7437
397 7439
397 7440
397 7441
397 7442
397 7443
397 7452
397 7454
397 7455
397 7456
397 7459
397 7460
397 7461
397 7462
397 7463
397 7465
397 7466
397 7467
397 7468
397 7469
397 7470
397 7471
397 7472
397 7473
397 7474
397 7475
397 7476
397 7477
397 7479
397 7482
397 7484
397 7485
397 7486
397 7487
397 7488
397 7489
397 7490
397 7491
397 7492
397 7493
397 7494
397 7495
397 7496
397 7497
397 7499
397 7500
397 7501
397 7502
397 7503
397 7504
397 7505
397 7506
397 7507
397 7508
397 7509
397 7510
397 7511
397 7513
397 7514
397 7515
397 7516
397 7517
397 7518
397 7519
397 7520
397 7521
397 7523
397 7524
397 7525
397 7526
397 7527
397 7529
397 7537
397 7538
397 7539
397 7615
397 7622
397 7691
397 7692
397 7693
397 7694
397 7710
397 7711
397 7713
397 7714
397 7715
397 7716
397 7717
397 7718
397 7719
397 7720
397 7721
397 7722
397 7723
397 7724
397 7735
397 7736
397 7738
397 7739
397 7742
397 7743
397 7744
397 7745
397 7746
397 7747
397 7748
397 7749
397 7750
397 7751
397 7752
397 7760
397 7761
397 7762
397 7765
397 7766
397 7768
397 7769
397 7770
397 7772
397 7773
397 7774
397 7775
397 7776
397 7777
397 7778
397 7779
397 7780
397 7781
397 7782
397 7783
397 7784
397 7785
397 7786
397 7787
397 7788
397 7789
397 7790
397 7791
397 7792
397 7793
397 7794
397 7795
397 7796
397 7797
397 7798
397 7799
397 7800
397 7802
397 7803
397 7805
397 7806
397 7807
397 7808
397 7809
397 7810
397 7811
397 7812
397 7813
397 7814
397 7815
397 7816
397 7817
397 7818
397 7819
397 7820
397 7821
397 7822
397 7823
397 7825
397 7826
397 7827
397 7828
397 7829
397 7830
397 7835
397 7836
397 7837
397 7838
397 7839
397 7840
397 7842
397 7843
397 7844
397 7845
397 7846
397 7847
397 7848
397 7849
397 7850
397 7851
397 7852
397 7853
397 7854
397 7855
397 7856
397 7857
397 7858
397 7859
397 7860
397 7861
397 7862
397 7863
397 7864
397 7865
397 7866
397 7867
397 7868
397 7869
397 7870
397 7873
397 7874
397 7875
397 7876
397 7878
397 7879
397 7880
397 7881
397 7882
397 7883
397 7884
397 7885
397 7886
397 7888
397 7889
397 7890
397 7891
397 7892
397 7893
397 7894
397 7896
397 7897
397 7898
397 7899
397 7900
397 7901
397 7902
397 7903
397 7904
397 7908
397 7911
397 7912
397 7913
397 7914
397 7915
397 7916
397 7917
397 7918
397 7919
397 7920
397 7922
397 7923
397 7924
397 7925
397 7926
397 7928
397 7929
397 7931
397 7932
397 7933
397 7934
397 7935
397 7936
397 7937
397 7938
397 7939
397 7942
397 7943
397 7944
397 7945
397 7946
397 7947
397 7948
397 7954
397 7955
397 7960
397 7961
397 7962
397 7963
397 8000
397 8001
397 8002
397 8003
397 8004
397 8005
397 8006
397 8007
397 8009
397 8010
397 8011
397 8012
397 8013
397 8014
397 8015
397 8016
397 8018
397 8019
397 8020
397 8021
397 8022
397 8023
397 8024
397 8025
397 8026
397 8029
397 8030
397 8031
397 8032
397 8033
397 8034
397 8035
397 8036
397 8037
397 8038
397 8040
397 8041
397 8042
397 8043
397 8044
397 8045
397 8046
397 8047
397 8049
397 8050
397 8051
397 8052
397 8053
397 8056
397 8057
397 8058
397 8059
397 8060
397 8061
397 8062
397 8063
397 8064
397 8065
397 8066
397 8067
397 8068
397 8069
397 8070
397 8071
397 8072
397 8073
397 8074
397 8075
397 8076
397 8077
397 8078
397 8079
397 8080
397 8081
397 8082
397 8083
397 8087
397 8088
397 8089
397 8090
397 8091
397 8092
397 8093
397 8094
397 8095
397 8096
397 8097
397 8098
397 8099
397 8100
397 8101
397 8102
397 8104
397 8105
397 8106
397 8112
397 8114
397 8116
397 8117
397 8118
397 8119
397 8120
397 8168
397 8184
397 8185
397 8186
397 8187
397 8188
397 8189
397 8190
397 8191
397 8192
397 8193
397 8194
397 8195
397 8196
397 8199
397 8200
397 8201
397 8202
397 8203
397 8204
397 8205
397 8206
397 8219
397 8220
397 8221
397 8222
397 8223
397 8224
397 8225
397 8226
397 8227
397 8228
397 8233
397 8234
397 8235
397 8236
397 8237
397 8243
397 8258
397 8261
397 8262
397 8263
397 8264
397 8265
397 8271
397 8272
397 8278
397 8279
397 8280
397 8282
397 8283
397 8284
397 8285
397 8286
397 8287
397 8288
397 8292
397 8293
397 8294
397 8296
397 8297
397 8299
397 8302
397 8303
397 8307
397 8308
397 8309
397 8317
397 8318
397 8327
397 8328
397 8329
397 8330
397 8333
397 8334
397 8335
397 8336
397 8337
397 8357
397 8358
397 8359
397 8360
397 8361
397 8362
397 8363
397 8364
397 8365
397 8366
397 8367
397 8368
397 8369
397 8370
397 8373
397 8374
397 8375
397 8376
397 8382
397 8383
397 8384
397 8385
397 8386
397 8387
397 8388
397 8390
397 8391
397 8392
397 8393
397 8394
397 8395
397 8396
397 8397
397 8398
397 8399
397 8400
397 8401
397 8411
397 8412
397 8413
397 8414
397 8415
397 8416
397 8417
397 8423
397 8424
397 8425
397 8426
397 8427
397 8428
397 8439
397 8440
397 8441
397 8442
397 8473
397 8474
397 8475
397 8476
397 8477
397 8478
397 8479
397 8480
397 8481
397 8483
397 8484
397 8501
397 8502
397 8503
397 8504
397 8505
397 8507
397 8508
397 8509
397 8510
397 8511
397 8512
397 8513
397 8514
397 8517
397 8518
397 8519
397 8520
397 8521
397 8522
397 8531
397 8532
397 8533
397 8535
397 8536
397 8538
397 8540
397 8541
397 8542
397 8543
397 8544
397 8545
397 8546
397 8547
397 8548
397 8549
397 8550
397 8554
397 8555
397 8556
397 8557
397 8558
397 8606
397 8609
397 8610
397 8611
397 8612
397 8613
397 8614
397 8617
397 8618
397 8619
397 8620
397 8650
397 8651
397 8652
397 8653
397 8657
397 8658
397 8659
397 8660
397 8668
397 8669
397 8670
397 8703
397 8704
397 8708
397 8709
397 8723
397 8724
397 8725
397 8726
397 8727
397 8735
397 8742
397 8750
397 8751
397 8753
397 8774
397 8778
397 8779
397 8780
397 8781
397 8782
397 8785
397 8786
397 8787
397 8788
397 8789
397 8790
397 8791
397 8792
397 8793
397 8794
397 8795
397 8796
397 8797
397 8798
397 8799
397 8800
397 8801
397 8802
397 8803
397 8804
397 8805
397 8806
397 8807
397 8808
397 8809
397 8810
397 8811
397 8822
397 8823
397 8824
397 8825
397 8826
397 8827
397 8828
397 8829
397 8830
397 8860
397 8861
397 8862
397 8863
397 8906
397 9452
397 9453
397 9587
397 9633
397 9637
397 9638
397 9639
397 9644
397 9645
397 9646
397 9647
397 9648
397 9649
397 9650
397 9651
397 9652
397 9653
397 9654
397 9655
397 9656
397 9657
397 9658
397 9659
397 9660
397 9661
397 9662
397 9663
397 9664
397 9665
397 9666
397 9667
397 9668
397 9669
397 9670
397 9671
397 9672
397 9673
397 9674
397 9675
397 9676
397 9677
397 9678
397 9679
397 9680
397 9682
397 9683
397 9684
397 9685
397 9686
397 9687
397 9688
397 9689
397 9690
397 9691
397 9692
397 9693
397 9694
397 9695
397 9696
397 9697
397 9698
397 9699
397 9700
397 9701
397 9702
397 9703
397 9704
397 9705
397 9706
397 9707
397 9708
397 9709
397 9710
397 9711
397 9712
397 9713
397 9714
397 9715
397 9716
397 9717
397 9718
397 9719
397 9720
397 9721
397 9739
397 9748
397 9755
397 9853
397 9854
397 10107
397 10262
397 10488
397 10489
397 10622
397 10623
397 10624
397 10625
397 10626
397 10627
397 10629
397 10630
397 10631
397 10632
397 10633
397 10634
397 10635
397 10638
397 10641
397 10642
397 10643
397 10644
397 10645
397 10646
397 10649
397 10650
397 10651
397 10652
397 10653
397 10654
397 10655
397 10656
397 10665
397 10666
397 10667
397 10669
397 10670
397 10671
397 10672
397 10673
397 10674
397 10675
397 10676
397 10680
397 10681
397 10682
397 10709
397 10711
397 10713
397 10714
397 10715
397 10717
397 10718
397 10721
397 10722
397 10723
397 10724
397 10726
397 10731
397 10760
397 10832
397 10833
397 10877
397 10889
397 10890
397 10892
397 10900
397 10901
397 10902
397 10903
397 10904
397 10905
397 10906
397 10907
397 10908
397 10909
397 10910
397 10911
397 10912
397 10990
397 10996
397 10998
397 10999
397 11000
397 11001
397 11002
397 11003
397 11004
397 11005
397 11006
397 11007
397 11008
397 11009
397 11010
397 11011
397 11012
397 11014
397 11016
397 11018
397 11021
397 11022
397 11025
397 11026
397 11027
397 11030
397 11033
397 11034
397 11035
397 11036
397 11037
397 11038
397 11039
397 11040
397 11041
397 11047
397 11048
397 11049
397 11050
397 11051
397 11052
397 11053
397 11054
397 11055
397 11056
397 11057
397 11058
397 11073
397 11074
397 11076
397 11079
397 11092
397 11093
397 11094
397 11095
397 11111
397 11116
397 11132
397 11133
397 11134
397 11154
397 11155
397 11157
397 11158
397 11159
397 11160
397 11161
397 11163
397 11164
397 11188
397 11189
397 11190
397 11191
397 11204
397 11244
397 11245
397 11247
397 11248
397 11249
397 11251
397 11264
397 11275
397 11308
397 11310
397 11312
397 11313
397 11315
397 11355
397 11363
397 11373
397 11388
397 11389
397 11390
397 11397
397 11399
397 11400
397 11401
397 11402
397 11404
397 11448
397 11454
397 11455
397 11456
397 11501
397 11507
397 11540
397 11545
397 11546
397 11547
397 11548
397 11549
397 11550
397 11560
397 11562
397 11565
397 11566
397 11567
397 11568
397 11571
397 11572
397 11573
397 11576
397 11577
397 11578
397 11579
397 11591
397 11594
397 11597
397 11642
397 11643
397 11646
397 11684
397 11685
397 11686
397 11687
397 11708
397 11709
397 11784
397 11788
397 11833
397 11834
397 11837
397 11838
397 11840
397 11881
397 11883
397 11884
397 11885
397 11887
397 11890
397 11891
397 11926
397 11927
397 11928
397 11961
397 11997
397 11998
397 12000
397 12001
397 12002
397 12007
397 12008
397 12009
397 12028
397 12029
397 12031
397 12032
397 12033
397 12034
397 12036
397 12037
397 12038
397 12039
397 12040
397 12042
397 12045
397 12056
397 12068
397 12069
397 12070
397 12072
397 12073
397 12074
397 12076
397 12077
397 12078
397 12079
397 12080
397 12081
397 12082
397 12083
397 12084
397 12085
397 12086
397 12087
397 12088
397 12089
397 12091
397 12092
397 12093
397 12094
397 12095
397 12096
397 12099
397 12101
397 12102
397 12103
397 12104
397 12105
397 12106
397 12108
397 12109
397 12110
397 12111
397 12113
397 12114
397 12117
397 12118
397 12119
397 12121
397 12122
397 12123
397 12125
397 12126
397 12127
397 12129
397 12130
397 12132
397 12133
397 12136
397 12137
397 12139
397 12140
397 12141
397 12144
397 12145
397 12146
397 12147
397 12148
397 12150
397 12151
397 12152
397 12153
397 12154
397 12155
397 12157
397 12158
397 12159
397 12160
397 12161
397 12163
397 12164
397 12165
397 12166
397 12167
397 12168
397 12169
397 12170
397 12171
397 12172
397 12173
397 12174
397 12175
398 2551
399 2552
400 2617
401 2631
401 5616
401 6640
402 2680
403 2727
404 2742
405 2749
405 2758
406 2749
407 2753
407 3586
407 5727
407 5801
407 11691
408 2781
409 2795
410 2830
410 6725
410 7282
411 2843
412 2900
412 2994
412 4309
412 4388
412 4486
412 4636
412 4810
412 6740
412 7140
412 7338
412 7339
412 7340
412 7341
412 7833
412 7834
413 2923
413 2924
414 2940
415 2996
415 2997
415 2998
415 2999
415 3000
415 3001
415 3002
415 3003
415 3113
415 5455
415 5456
415 5457
415 5561
416 3007
417 3016
417 6860
417 6865
417 6866
417 6867
417 6868
417 6869
417 6870
417 6911
417 6912
417 6913
417 6914
417 6915
417 6916
417 6917
417 6918
417 7283
418 3060
419 3186
420 3239
421 3247
422 3249
422 3278
422 3282
422 3283
423 3254
424 3273
424 3284
424 3285
425 3277
426 3312
427 3313
428 3364
428 3366
429 3366
429 3367
430 3368
430 6479
431 3394
432 3487
432 4811
432 4840
432 5606
432 5607
432 5631
433 3505
434 3521
435 3628
435 4719
436 3690
437 3767
437 4167
438 3781
439 3786
440 3792
440 3890
441 3928
442 3988
442 4599
443 4142
443 8908
443 11058
443 11759
443 11903
444 4284
445 4284
445 4574
445 4575
446 4319
446 4590
446 5720
446 6449
446 7804
447 4441
448 4476
448 4477
449 4486
450 4502
450 5501
450 5508
450 5879
450 5885
450 7005
451 4505
451 4553
451 4881
452 4519
453 4520
454 4548
455 4671
455 4672
455 4685
455 4701
455 4713
455 4714
456 4672
456 4685
457 4672
457 4714
457 4767
457 5324
457 5325
457 5326
458 4693
459 4733
460 4761
460 4781
461 4773
461 5106
461 9640
461 9641
461 9646
461 9681
462 4784
463 4786
464 4811
464 4840
465 4811
465 4840
465 5603
465 5604
466 4915
467 4918
468 4926
469 4968
470 4973
471 4974
471 5230
472 5000
473 5137
474 5149
474 5528
474 7479
474 7528
474 7622
474 7712
474 7824
474 8506
475 5169
476 5173
477 5200
478 5202
479 5238
480 5240
481 5271
482 5311
482 5918
482 6510
483 5311
483 8039
484 5436
485 5532
485 5547
486 5532
486 5572
486 5729
486 5868
486 5942
487 5573
487 5574
488 5636
488 5637
488 7161
489 5655
490 5706
490 6565
491 5766
492 5779
492 5864
493 5789
494 5798
495 5819
495 5840
495 5841
495 5842
495 5843
496 5819
497 5819
497 5947
497 5956
498 5819
499 5819
499 5843
499 5870
499 5871
499 5947
500 5819
500 5875
501 5819
501 5881
502 5819
502 5840
502 5841
502 5842
502 5843
502 5875
502 5934
502 5948
503 5819
503 5871
503 5938
504 5819
505 5819
506 5819
507 5819
508 5819
509 5819
510 5845
511 5881
512 5893
513 5938
514 5947
515 5959
515 6950
516 5964
516 7156
517 6418
517 6419
518 6464
519 6471
520 6534
521 6737
521 7029
521 7030
521 7031
521 7032
521 7033
521 7034
521 7035
522 6754
523 6843
524 6843
524 11252
524 11253
524 11539
524 11541
524 11542
524 11882
524 12090
525 6863
526 6883
526 6884
527 6966
527 6967
528 6987
529 6999
529 7846
529 8027
529 8028
529 8054
529 8055
530 7170
531 7250
531 7251
531 7269
531 7270
531 7271
531 7272
531 7273
531 7274
531 7275
531 7276
531 7277
531 7279
531 7280
531 7281
532 7254
533 7265
533 7266
534 7452
535 7459
535 11246
536 7464
537 7478
538 7483
539 7498
540 7836
540 7841
540 8370
541 7871
541 7872
542 7887
543 7919
544 7963
544 11839
545 8027
546 8107
546 10668
547 9773
547 9789
548 10710
549 10712
549 11574
549 11706
549 12005
550 10997
551 11015
551 11017
551 11019
551 11020
551 11024
551 11032
551 11274
551 11398
552 11023
553 11024
554 11024
555 11087
555 11088
556 11999
557 12035
558 12107
559 12128
2 3 4 5 6 7 8 9 10 11 12 13 14 15 16 17 18 19 20 21 22 23 24 25 26 27 28 29 30 31 32 33 34 35 36 37 38 39 40 41 42 43 44 45 46 47 48 49 50 51 52 53 54 55 56 57 58 59 60 61 62 63 64 65 66 67 68 69 70 71 72 73 74 75 76 77 78 79 80 81 82 83 84 85 86 87 88 89 90 91 92 93 94 95 96 97 98 99 100 101 102 103 104 105 106 107 108 109 110 111 112 113 114 115 116 117 118 119 120 121 122 123 124 125 126 127 128 129 130 131 132 133 134 135 136 137 138 139 140 141 142 143 144 145 146 147 148 149 150 151 152 153 154 155 156 157 158 159 160 161 162 163 164 165 166 167 168 169 170 171 172 173 174 175 176 177 178 179 180 181 182 183 184 185 186 187 188 189 190 191 192 193 194 195 196 197 198 199 200 1 2 3 4 5 6 7 8 9 10 11 12 13 14 15 16 17 18 19 20 21 22 23 24 25 26 27 28 29 30 31 32 33 34 35 36 37 38 39 40 41 42 43 44 45 46 47 48 49 50 51 52 53 54 55 56 57 58 59 60 61 62 63 64 65 66 67 68 69 70 71 72 73 74 75 76 77 78 79 80 81 82 83 84 85 86 87 88 89 90 91 92 93 94 95 96 97 98 99 100 101 102 103 104 105 106 107 108 109 110 111 112 113 114 115 116 117 118 119 120 121 122 123 124 125 126 127 128 129 130 131 132 133 134 135 136 137 138 139 140 141 142 143 144 145 146 147 148 149 150 151 152 153 154 155 156 157 158 159 160 161 162 163 164 165 166 167 168 169 170 171 172 173 174 175 176 177 178 179 180 181 182 183 184 185 186 187 188 189 190 191 192 193 194 195 196 197 198 199 200 1 2 3 4 5 6 7 8 9 10 11 12 13 14 15 16 17 18 19 20 21 22 23 24 25 26 27 28 29 30 31 32 33 34 35 36 37 38 39 40 41 42 43 44 45 46 47 48 49 50 51 52 53 54 55 56 57 58 59 60 61 62 63 64 65 66 67 68 69 70 71 72 73 74 75 76 77 78 79 80 81 82 83 84 85 86 87 88 89 90 91 92 93 94 95 96 97 98 99 100 101 102 103 104 105 106 107 108 109 110 111 112 113 114 115 116 117 118 119 120 121 122 123 124 125 126 127 128 129 130 131 132 133 134 135 136 137 138 139 140 141 142 143 144 145 146 147 148 149 150 151 152 153 154 155 156 157 158 159 160 
2 3 4 5 6 7 8 9 10 11 12 13 14 15 16 17 18 19 20 21 22 23 24 25 26 27 28 29 30 31 32 33 34 35 36 37 38 39 40 41 42 43 44 45 46 47 48 49 50 51 52 53 54 55 56 57 58 59 60 61 62 63 64 65 66 67 68 69 70 71 72 73 74 75 76 77 78 79 80 81 82 83 84 85 86 87 88 89 90 91 92 93 94 95 96 97 98 99 100 101 102 103 104 105 106 107 108 109 110 111 112 113 114 115 116 117 118 119 120 121 122 123 124 125 126 127 128 129 130 131 132 133 134 135 136 137 138 139 140 141 142 143 144 145 146 147 148 149 150 151 152 153 154 155 156 157 158 159 160 161 162 163 164 165 166 167 168 169 170 171 172 173 174 175 176 177 178 179 180 181 182 183 184 185 186 187 188 189 190 191 192 193 194 195 196 197 198 199 200 1 2 3 4 5 6 7 8 9 10 11 12 13 14 15 16 17 18 19 20 21 22 23 24 25 26 27 28 29 30 31 32 33 34 35 36 37 38 39 40 41 42 43 44 45 46 47 48 49 50 51 52 53 54 55 56 57 58 59 60 61 62 63 64 65 66 67 68 69 70 71 72 73 74 75 76 77 78 79 80 81 82 83 84 85 86 87 88 89 90 91 92 93 94 95 96 97 98 99 100 101 102 103 104 105 106 107 108 109 110 111 112 113 114 115 116 117 118 119 120 121 122 123 124 125 126 127 128 129 130 131 132 133 134 135 136 137 138 139 140 141 142 143 144 145 146 147 148 149 150 151 152 153 154 155 156 157 158 159 160 161 162 163 164 165 166 167 168 169 170 171 172 173 174 175 176 177 178 179 180 181 182 183 184 185 186 187 188 189 190 191 192 193 194 195 196 197 198 199 200 1 2 3 4 5 6 7 8 9 10 11 12 13 14 15 16 17 18 19 20 21 22 23 24 25 26 27 28 29 30 31 32 33 34 35 36 37 38 39 40 41 42 43 44 45 46 47 48 49 50 51 52 53 54 55 56 57 58 59 60 61 62 63 64 65 66 67 68 69 70 71 72 73 74 75 76 77 78 79 80 81 82 83 84 85 86 87 88 89 90 91 92 93 94 95 96 97 98 99 100 101 102 103 104 105 106 107 108 109 110 111 112 113 114 115 116 117 118 119 120 121 122 123 124 125 126 127 128 129 130 131 132 133 134 135 136 137 138 139 140 141 142 143 144 145 146 147 148 149 150 151 152 153 154 155 156 157 158 159 160 161 162 163 164 165 166 167 168 169 170 171 172 173 174 175 176 177 178 179 180 181 182 183 184 185 186 187 188 189 190 191 192 193 194 195 196 197 198 199 200 1 2 3 4 5 6 7 8 9 10 11 12 13 14 15 16 17 18 19 20 21 22 23 24 25 26 27 28 29 30 31 32 33 34 35 36 37 38 39 40 41 42 43 44 45 46 47 48 49 50 51 52 53 54 55 56 57 58 59 60 61 62 63 64 65 66 67 68 69 70 71 72 73 74 75 76 77 78 79 80 81 82 83 84 85 86 87 88 89 90 91 92 93 94 95 96 97 98 99 100 101 102 103 104 105 106 107 108 109 110 111 112 113 114 115 116 117 118 119 120 121 122 123 124 125 126 127 128 129 130 131 132 133 134 135 136 137 138 139 140 141 142 143 144 145 146 147 148 149 150 151 152 153 154 155 156 157 158 159 160 161 162 163 164 165 166 167 168 169 170 171 172 173 174 175 176 177 178 179 180 181 182 183 184 185 186 187 188 189 190 191 192 193 194 195 196 197 198 199 200 1 2 3 4 5 6 7 8 9 10 11 12 13 14 15 16 17 18 19 20 21 22 23 24 25 26 27 28 29 30 31 32 33 34 35 36 37 38 39 40 41 42 43 44 45 46 47 48 49 50 51 52 53 54 55 56 57 58 59 60 61 62 63 64 65 66 67 68 69 70 71 72 73 74 75 76 77 78 79 80 81 82 83 84 85 86 87 88 89 90 91 92 93 94 95 96 97 98 99 100 101 102 103 104 105 106 107 108 109 110 111 112 113 114 115 116 117 118 119 120 121 122 123 124 125 126 127 128 129 130 131 132 133 134 135 136 137 138 139 140 141 142 143 144 145 146 147 148 149 150 151 152 153 154 155 156 157 158 159 160 161 162 163 164 165 166 167 168 169 170 171 172 173 174 175 176 177 178 179 180 181 182 183 184 185 186 187 188 189 190 191 192 193 194 195 196 197 198 199 200 1 2 3 4 5 6 7 8 9 10 11 12 13 14 15 16 17 18 19 20 21 22 23 24 25 26 27 28 29 30 31 32 33 34 35 36 37 38 39 40 41 42 43 44 45 46 47 48 49 50 51 52 53 54 55 56 57 58 59 60 61 62 63 64 65 66 67 68 69 70 71 72 73 74 75 76 77 78 79 80 81 82 83 84 85 86 87 88 89 90 91 92 93 94 95 96 97 98 99 100 101 102 103 104 105 106 107 108 109 110 111 112 113 114 115 116 117 118 119 120 121 122 123 124 125 126 127 128 129 130 131 132 133 134 135 136 137 138 139 140 141 142 143 144 145 146 147 148 149 150 151 152 153 154 155 156 157 158 159 160 161 162 163 164 165 166 167 168 169 170 171 172 173 174 175 176 177 178 179 180 181 182 183 184 185 186 187 188 189 190 191 192 193 194 195 196 197 198 199 200 1 2 3 4 5 6 7 8 9 10 11 12 13 14 15 16 17 18 19 20 21 22 23 24 25 26 27 28 29 30 31 32 33 34 35 36 37 38 39 40 41 42 43 44 45 46 47 48 49 50 51 52 53 54 55 56 57 58 59 60 61 62 63 64 65 66 67 68 69 70 71 72 73 74 75 76 77 78 79 80 81 82 83 84 85 86 87 88 89 90 91 92 93 94 95 96 97 98 99 100 101 102 103 104 105 106 107 108 109 110 111 112 113 114 115 116 117 118 119 120 121 122 123 124 125 126 127 128 129 130 131 132 133 134 135 136 137 138 139 140 141 142 143 144 145 146 147 148 149 150 151 152 153 154 155 156 157 158 159 160 161 162 163 164 165 166 167 168 169 170 171 172 173 174 175 176 177 178 179 180 181 182 183 184 185 186 187 188 189 190 191 192 193 194 195 196 197 198 199 200 1 2 3 4 5 6 7 8 9 10 11 12 13 14 15 16 17 18 19 20 21 22 23 24 25 26 27 28 29 30 31 32 33 34 35 36 37 38 39 40 41 42 43 44 45 46 47 48 49 50 51 52 53 54 55 56 57 58 59 60 61 62 63 64 65 66 67 68 69 70 71 72 73 74 75 76 77 78 79 80 81 82 83 84 85 86 87 88 89 90 91 92 93 94 95 96 97 98 99 100 101 102 103 104 105 106 107 108 109 110 111 112 113 114 115 116 117 118 119 120 121 122 123 124 125 126 127 128 129 130 131 132 133 134 135 136 137 138 139 140 141 142 143 144 145 146 147 148 149 150 151 152 153 154 155 156 157 158 159 160 161 162 163 164 165 166 167 168 169 170 171 172 173 174 175 176 177 178 179 180 181 182 183 184 185 186 187 188 189 190 191 192 193 194 195 196 197 198 199 200 1 2 3 4 5 6 7 8 9 10 11 12 13 14 15 16 17 18 19 20 21 22 23 24 25 26 27 28 29 30 31 32 33 34 35 36 37 38 39 40 41 42 43 44 45 46 47 48 49 50 51 52 53 54 55 56 57 58 59 60 61 62 63 64 65 66 67 68 69 70 71 72 73 74 75 76 77 78 79 80 81 82 83 84 85 86 87 88 89 90 91 92 93 94 95 96 97 98 99 100 101 102 103 104 105 106 107 108 109 110 111 112 113 114 115 116 117 118 119 120 121 122 123 124 125 126 127 128 129 130 131 132 133 134 135 136 137 138 139 140 141 142 143 144 145 146 147 148 149 150 151 152 153 154 155 156 157 158 159 160 161 162 163 164 165 166 167 168 169 170 171 172 173 174 175 176 177 178 179 180 181 182 183 184 185 186 187 188 189 190 191 192 193 194 195 196 197 198 199 200 1 2 3 4 5 6 7 8 9 10 11 12 13 14 15 16 17 18 19 20 21 22 23 24 25 26 27 28 29 30 31 32 33 34 35 36 37 38 39 40 41 42 43 44 45 46 47 48 49 50 51 52 53 54 55 56 57 58 59 60 61 62 63 64 65 66 67 68 69 70 71 72 73 74 75 76 77 78 79 80 81 82 83 84 85 86 87 88 89 90 91 92 93 94 95 96 97 98 99 100 101 102 103 104 105 106 107 108 109 110 111 112 113 114 115 116 117 118 119 120 121 122 123 124 125 126 127 128 129 130 131 132 133 134 135 136 137 138 139 140 141 142 143 144 145 146 147 148 149 150 151 152 153 154 155 156 157 158 159 160 161 162 163 164 165 166 167 168 169 170 171 172 173 174 175 176 177 178 179 180 181 182 183 184 185 186 187 188 189 190 191 192 193 194 195 196 197 198 199 200 1 2 3 4 5 6 7 8 9 10 11 12 13 14 15 16 17 18 19 20 21 22 23 24 25 26 27 28 29 30 31 32 33 34 35 36 37 38 39 40 41 42 43 44 45 46 47 48 49 50 51 52 53 54 55 56 57 58 59 60 61 62 63 64 65 66 67 68 69 70 71 72 73 74 75 76 77 78 79 80 81 82 83 84 85 86 87 88 89 90 91 92 93 94 95 96 97 98 99 100 101 102 103 104 105 106 107 108 109 110 111 112 113 114 115 116 117 118 119 120 121 122 123 124 125 126 127 128 129 130 131 132 133 134 135 136 137 138 139 140 141 142 143 144 145 146 147 148 149 150 151 152 153 154 155 156 157 158 159 160 161 162 163 164 165 166 167 168 169 170 171 172 173 174 175 176 177 178 179 180 181 182 183 184 185 186 187 188 189 190 191 192 193 194 195 196 197 198 199 200 1 2 3 4 5 6 7 8 9 10 11 12 13 14 15 16 17 18 19 20 21 22 23 24 25 26 27 28 29 30 31 32 33 34 35 36 37 38 39 40 41 42 43 44 45 46 47 48 49 50 51 52 53 54 55 56 57 58 59 60 61 62 63 64 65 66 67 68 69 70 71 72 73 74 75 76 77 78 79 80 81 82 83 84 85 86 87 88 89 90 91 92 93 94 95 96 97 98 99 100 101 102 103 104 105 106 107 108 109 110 111 112 113 114 115 116 117 118 119 120 121 122 123 124 125 126 127 128 129 130 131 132 133 134 135 136 137 138 139 140 141 142 143 144 145 146 147 148 149 150 151 152 153 154 155 156 157 158 159 160 161 162 163 164 165 166 167 168 169 170 171 172 173 174 175 176 177 178 179 180 181 182 183 184 185 186 187 188 189 190 191 192 193 194 195 196 197 198 199 200 1 2 3 4 5 6 7 8 9 10 11 12 13 14 15 16 17 18 19 20 21 22 23 24 25 26 27 28 29 30 31 32 33 34 35 36 37 38 39 40 41 42 43 44 45 46 47 48 49 50 51 52 53 54 55 56 57 58 59 60 61 62 63 64 65 66 67 68 69 70 71 72 73 74 75 76 77 78 79 80 81 82 83 84 85 86 87 88 89 90 91 92 93 94 95 96 97 98 99 100 101 102 103 104 105 106 107 108 109 110 111 112 113 114 115 116 117 118 119 120 121 122 123 124 125 126 127 128 129 130 131 132 133 134 135 136 137 138 139 140 141 142 143 144 145 146 147 148 149 150 151 152 153 154 155 156 157 158 159 160 161 162 163 164 165 166 167 168 169 170 171 172 173 174 175 176 177 178 179 180 181 182 183 184 185 186 187 188 189 190 191 192 193 194 195 196 197 198 199 200 1 2 3 4 5 6 7 8 9 10 11 12 13 14 15 16 17 18 19 20 21 22 23 24 25 26 27 28 29 30 31 32 33 34 35 36 37 38 39 40 41 42 43 44 45 46 47 48 49 50 51 52 53 54 55 56 57 58 59 60 61 62 63 64 65 66 67 68 69 70 71 72 73 74 75 76 77 78 79 80 81 82 83 84 85 86 87 88 89 90 91 92 93 94 95 96 97 98 99 100 101 102 103 104 105 106 107 108 109 110 111 112 113 114 115 116 117 118 119 120 121 122 123 124 125 126 127 128 129 130 131 132 133 134 135 136 137 138 139 140 141 142 143 144 145 146 147 148 149 150 151 152 153 154 155 156 157 158 159 160 161 162 163 164 165 166 167 168 169 170 171 172 173 174 175 176 177 178 179 180 181 182 183 184 185 186 187 188 189 190 191 192 193 194 195 196 197 198 199 200 1 2 3 4 5 6 7 8 9 10 11 12 13 14 15 16 17 18 19 20 21 22 23 24 25 26 27 28 29 30 31 32 33 34 35 36 37 38 39 40 41 42 43 44 45 46 47 48 49 50 51 52 53 54 55 56 57 58 59 60 61 62 63 64 65 66 67 68 69 70 71 72 73 74 75 76 77 78 79 80 81 82 83 84 85 86 87 88 89 90 91 92 93 94 95 96 97 98 99 100 101 102 103 104 105 106 107 108 109 110 111 112 113 114 115 116 117 118 119 120 121 122 123 124 125 126 127 128 129 130 131 132 133 134 135 136 137 138 139 140 141 142 143 144 145 146 147 148 149 150 151 152 153 154 155 156 157 158 159 160 161 162 163 164 165 166 167 168 169 170 171 172 173 174 175 176 177 178 179 180 181 182 183 184 185 186 187 188 189 190 191 192 193 194 195 196 197 198 199 200 1 2 3 4 5 6 7 8 9 10 11 12 13 14 15 16 17 18 19 20 21 22 23 24 25 26 27 28 29 30 31 32 33 34 35 36 37 38 39 40 41 42 43 44 45 46 47 48 49 50 51 52 53 54 55 56 57 58 59 60 61 62 63 64 65 66 67 68 69 70 71 72 73 74 75 76 77 78 79 80 81 82 83 84 85 86 87 88 89 90 91 92 93 94 95 96 97 98 99 100 101 102 103 104 105 106 107 108 109 110 111 112 113 114 115 116 117 118 119 120 121 122 123 124 125 126 127 128 129 130 131 132 133 134 135 136 137 138 139 140 141 142 143 144 145 146 147 148 149 150 151 152 153 154 155 156 157 158 159 160 161 162 163 164 165 166 167 168 169 170 171 172 173 174 175 176 177 178 179 180 181 182 183 184 185 186 187 188 189 190 191 192 193 194 195 196 197 198 199 200 1 2 3 4 5 6 7 8 9 10 11 12 13 14 15 16 17 18 19 20 21 22 23 24 25 26 27 28 29 30 31 32 33 34 35 36 37 38 39 40 41 42 43 44 45 46 47 48 49 50 51 52 53 54 55 56 57 58 59 60 61 62 63 64 65 66 67 68 69 70 71 72 73 74 75 76 77 78 79 80 81 82 83 84 85 86 87 88 89 90 91 92 93 94 95 96 97 98 99 100 101 102 103 104 105 106 107 108 109 110 111 112 113 114 115 116 117 118 119 120 121 122 123 124 125 126 127 128 129 130 131 132 133 134 135 136 137 138 139 140 141 142 143 144 145 146 147 148 149 150 151 152 153 154 155 156 157 158 159 160 161 162 163 164 165 166 167 168 169 170 171 172 173 174 175 176 177 178 179 180 181 182 183 184 185 186 187 188 189 190 191 192 193 194 195 196 197 198 199 200 1 2 3 4 5 6 7 8 9 10 11 12 13 14 15 16 17 18 19 20 21 22 23 24 25 26 27 28 29 30 31 32 33 34 35 36 37 38 39 40 41 42 43 44 45 46 47 48 49 50 51 52 53 54 55 56 57 58 59 60 61 62 63 64 65 66 67 68 69 70 71 72 73 74 75 76 77 78 79 80 81 82 83 84 85 86 87 88 89 90 91 92 93 94 95 96 97 98 99 100 101 102 103 104 105 106 107 108 109 110 111 112 113 114 115 116 117 118 119 120 121 122 123 124 125 126 127 128 129 130 131 132 133 134 135 136 137 138 139 140 141 142 143 144 145 146 147 148 149 150 151 152 153 154 155 156 157 158 159 160 161 162 163 164 165 166 167 168 169 170 171 172 173 174 175 176 177 178 179 180 181 182 183 184 185 186 187 188 189 190 191 192 193 194 195 196 197 198 199 200 1 2 3 4 5 6 7 8 9 10 11 12 13 14 15 16 17 18 19 20 21 22 23 24 25 26 27 28 29 30 31 32 33 34 35 36 37 38 39 40 41 42 43 44 45 46 47 48 49 50 51 52 53 54 55 56 57 58 59 60 61 62 63 64 65 66 67 68 69 70 71 72 73 74 75 76 77 78 79 80 81 82 83 84 85 86 87 88 89 90 91 92 93 94 95 96 97 98 99 100 101 102 103 104 105 106 107 108 109 110 111 112 113 114 115 116 117 118 119 120 121 122 123 124 125 126 127 128 129 130 131 132 133 134 135 136 137 138 139 140 141 142 143 144 145 146 147 148 149 150 151 152 153 154 155 156 157 158 159 160 161 162 163 164 165 166 167 168 169 170 171 172 173 174 175 176 177 178 179 180 181 182 183 184 185 186 187 188 189 190 191 192 193 194 195 196 197 198 199 200 1 2 3 4 5 6 7 8 9 10 11 12 13 14 15 16 17 18 19 20 21 22 23 24 25 26 27 28 29 30 31 32 33 34 35 36 37 38 39 40 41 42 43 44 45 46 47 48 49 50 51 52 53 54 55 56 57 58 59 60 61 62 63 64 65 66 67 68 69 70 71 72 73 74 75 76 77 78 79 80 81 82 83 84 85 86 87 88 89 90 91 92 93 94 95 96 97 98 99 100 101 102 103 104 105 106 107 108 109 110 111 112 113 114 115 116 117 118 119 120 121 122 123 124 125 126 127 128 129 130 131 132 133 134 135 136 137 138 139 140 141 142 143 144 145 146 147 148 149 150 151 152 153 154 155 156 157 158 159 160 161 162 163 164 165 166 167 168 169 170 171 172 173 174 175 176 177 178 179 180 181 182 183 184 185 186 187 188 189 190 191 192 193 194 195 196 197 198 199 200 1 2 3 4 5 6 7 8 9 10 11 12 13 14 15 16 17 18 19 20 21 22 23 24 25 26 27 28 29 30 31 32 33 34 35 36 37 38 39 40 41 42 43 44 45 46 47 48 49 50 51 52 53 54 55 56 57 58 59 60 61 62 63 64 65 66 67 68 69 70 71 72 73 74 75 76 77 78 79 80 81 82 83 84 85 86 87 88 89 90 91 92 93 94 95 96 97 98 99 100 101 102 103 104 105 106 107 108 109 110 111 112 113 114 115 116 117 118 119 120 121 122 123 124 125 126 127 128 129 130 131 132 133 134 135 136 137 138 139 140 141 142 143 144 145 146 147 148 149 150 151 152 153 154 155 156 157 158 159 160 161 162 163 164 165 166 167 168 169 170 171 172 173 174 175 176 177 178 179 180 181 182 183 184 185 186 187 188 189 190 191 192 193 194 195 196 197 198 199 200 1 2 3 4 5 6 7 8 9 10 11 12 13 14 15 16 17 18 19 20 21 22 23 24 25 26 27 28 29 30 31 32 33 34 35 36 37 38 39 40 41 42 43 44 45 46 47 48 49 50 51 52 53 54 55 56 57 58 59 60 61 62 63 64 65 66 67 68 69 70 71 72 73 74 75 76 77 78 79 80 81 82 83 84 85 86 87 88 89 90 91 92 93 94 95 96 97 98 99 100 101 102 103 104 105 106 107 108 109 110 111 112 113 114 115 116 117 118 119 120 121 122 123 124 125 126 127 128 129 130 131 132 133 134 135 136 137 138 139 140 141 142 143 144 145 146 147 148 149 150 151 152 153 154 155 156 157 158 159 160 161 162 163 164 165 166 167 168 169 170 171 172 173 174 175 176 177 178 179 180 181 182 183 184 185 186 187 188 189 190 191 192 193 194 195 196 197 198 199 200 1 2 3 4 5 6 7 8 9 10 11 12 13 14 15 16 17 18 19 20 21 22 23 24 25 26 27 28 29 30 31 32 33 34 35 36 37 38 39 40 41 42 43 44 45 46 47 48 49 50 51 52 53 54 55 56 57 58 59 60 61 62 63 64 65 66 67 68 69 70 71 72 73 74 75 76 77 78 79 80 81 82 83 84 85 86 87 88 89 90 91 92 93 94 95 96 97 98 99 100 101 102 103 104 105 106 107 108 109 110 111 112 113 114 115 116 117 118 119 120 121 122 123 124 125 126 127 128 129 130 131 132 133 134 135 136 137 138 139 140 141 142 143 144 145 146 147 148 149 150 151 152 153 154 155 156 157 158 159 160 161 162 163 164 165 166 167 168 169 170 171 172 173 174 175 176 177 178 179 180 181 182 183 184 185 186 187 188 189 190 191 192 193 194 195 196 197 198 199 200 1 2 3 4 5 6 7 8 9 10 11 12 13 14 15 16 17 18 19 20 21 22 23 24 25 26 27 28 29 30 31 32 33 34 35 36 37 38 39 40 41 42 43 44 45 46 47 48 49 50 51 52 53 54 55 56 57 58 59 60 61 62 63 64 65 66 67 68 69 70 71 72 73 74 75 76 77 78 79 80 81 82 83 84 85 86 87 88 89 90 91 92 93 94 95 96 97 98 99 100 101 102 103 104 105 106 107 108 109 110 111 112 113 114 115 116 117 118 119 120 121 122 123 124 125 126 127 128 129 130 131 132 133 134 135 136 137 138 139 140 141 142 143 144 145 146 147 148 149 150 151 152 153 154 155 156 157 158 159 160 161 162 163 164 165 166 167 168 169 170 171 172 173 174 175 176 177 178 179 180 181 182 183 184 185 186 187 188 189 190 191 192 193 194 195 196 197 198 199 200 1 2 3 4 5 6 7 8 9 10 11 12 13 14 15 16 17 18 19 20 21 22 23 24 25 26 27 28 29 30 31 32 33 34 35 36 37 38 39 40 41 42 43 44 45 46 47 48 49 50 51 52 53 54 55 56 57 58 59 60 61 62 63 64 65 66 67 68 69 70 71 72 73 74 75 76 77 78 79 80 81 82 83 84 85 86 87 88 89 90 91 92 93 94 95 96 97 98 99 100 101 102 103 104 105 106 107 108 109 110 111 112 113 114 115 116 117 118 119 120 121 122 123 124 125 126 127 128 129 130 131 132 133 134 135 136 137 138 139 140 141 142 143 144 145 146 147 148 149 150 151 152 153 154 155 156 157 158 159 160 161 162 163 164 165 166 167 168 169 170 171 172 173 174 175 176 177 178 179 180 181 182 183 184 185 186 187 188 189 190 191 192 193 194 195 196 197 198 199 200 1 2 3 4 5 6 7 8 9 10 11 12 13 14 15 16 17 18 19 20 21 22 23 24 25 26 27 28 29 30 31 32 33 34 35 36 37 38 39 40 41 42 43 44 45 46 47 48 49 50 51 52 53 54 55 56 57 58 59 60 61 62 63 64 65 66 67 68 69 70 71 72 73 74 75 76 77 78 79 80 81 82 83 84 85 86 87 88 89 90 91 92 93 94 95 96 97 98 99 100 101 102 103 104 105 106 107 108 109 110 111 112 113 114 115 116 117 118 119 120 121 122 123 124 125 126 127 128 129 130 131 132 133 134 135 136 137 138 139 140 141 142 143 144 145 146 147 148 149 150 151 152 153 154 155 156 157 158 159 160 161 162 163 164 165 166 167 168 169 170 171 172 173 174 175 176 177 178 179 180 181 182 183 184 185 186 187 188 189 190 191 192 193 194 195 196 197 198 199 200 1 2 3 4 5 6 7 8 9 10 11 12 13 14 15 16 17 18 19 20 21 22 23 24 25 26 27 28 29 30 31 32 33 34 35 36 37 38 39 40 41 42 43 44 45 46 47 48 49 50 51 52 53 54 55 56 57 58 59 60 61 62 63 64 65 66 67 68 69 70 71 72 73 74 75 76 77 78 79 80 81 82 83 84 85 86 87 88 89 90 91 92 93 94 95 96 97 98 99 100 101 102 103 104 105 106 107 108 109 110 111 112 113 114 115 116 117 118 119 120 121 122 123 124 125 126 127 128 129 130 131 132 133 134 135 136 137 138 139 140 141 142 143 144 145 146 147 148 149 150 151 152 153 154 155 156 157 158 159 160 161 162 163 164 165 166 167 168 169 170 171 172 173 174 175 176 177 178 179 180 181 182 183 184 185 186 187 188 189 190 191 192 193 194 195 196 197 198 199 200 1 2 3 4 5 6 7 8 9 10 11 12 13 14 15 16 17 18 19 20 21 22 23 24 25 26 27 28 29 30 31 32 33 34 35 36 37 38 39 40 41 42 43 44 45 46 47 48 49 50 51 52 53 54 55 56 57 58 59 60 61 62 63 64 65 66 67 68 69 70 71 72 73 74 75 76 77 78 79 80 81 82 83 84 85 86 87 88 89 90 91 92 93 94 95 96 97 98 99 100 101 102 103 104 105 106 107 108 109 110 111 112 113 114 115 116 117 118 119 120 121 122 123 124 125 126 127 128 129 130 131 132 133 134 135 136 137 138 139 140 141 142 143 144 145 146 147 148 149 150 151 152 153 154 155 156 157 158 159 160 161 162 163 164 165 166 167 168 169 170 171 172 173 174 175 176 177 178 179 180 181 182 183 184 185 186 187 188 189 190 191 192 193 194 195 196 197 198 199 200 1 2 3 4 5 6 7 8 9 10 11 12 13 14 15 16 17 18 19 20 21 22 23 24 25 26 27 28 29 30 31 32 33 34 35 36 37 38 39 40 41 42 43 44 45 46 47 48 49 50 51 52 53 54 55 56 57 58 59 60 61 62 63 64 65 66 67 68 69 70 71 72 73 74 75 76 77 78 79 80 81 82 83 84 85 86 87 88 89 90 91 92 93 94 95 96 97 98 99 100 101 102 103 104 105 106 107 108 109 110 111 112 113 114 115 116 117 118 119 120 121 122 123 124 125 126 127 128 129 130 131 132 133 134 135 136 137 138 139 140 141 142 143 144 145 146 147 148 149 150 151 152 153 154 155 156 157 158 159 160 161 162 163 164 165 166 167 168 169 170 171 172 173 174 175 176 177 178 179 180 181 182 183 184 185 186 187 188 189 190 191 192 193 194 195 196 197 198 199 200 1 2 3 4 5 6 7 8 9 10 11 12 13 14 15 16 17 18 19 20 21 22 23 24 25 26 27 28 29 30 31 32 33 34 35 36 37 38 39 40 41 42 43 44 45 46 47 48 49 50 51 52 53 54 55 56 57 58 59 60 61 62 63 64 65 66 67 68 69 70 71 72 73 74 75 76 77 78 79 80 81 82 83 84 85 86 87 88 89 90 91 92 93 94 95 96 97 98 99 100 101 102 103 104 105 106 107 108 109 110 111 112 113 114 115 116 117 118 119 120 121 122 123 124 125 126 127 128 129 130 131 132 133 134 135 136 137 138 139 140 141 142 143 144 145 146 147 148 149 150 151 152 153 154 155 156 157 158 159 160 161 162 163 164 165 166 167 168 169 170 171 172 173 174 175 176 177 178 179 180 181 182 183 184 185 186 187 188 189 190 191 192 193 194 195 196 197 198 199 200 1 2 3 4 5 6 7 8 9 10 11 12 13 14 15 16 17 18 19 20 21 22 23 24 25 26 27 28 29 30 31 32 33 34 35 36 37 38 39 40 41 42 43 44 45 46 47 48 49 50 51 52 53 54 55 56 57 58 59 60 61 62 63 64 65 66 67 68 69 70 71 72 73 74 75 76 77 78 79 80 81 82 83 84 85 86 87 88 89 90 91 92 93 94 95 96 97 98 99 100 101 102 103 104 105 106 107 108 109 110 111 112 113 114 115 116 117 118 119 120 121 122 123 124 125 126 127 128 129 130 131 132 133 134 135 136 137 138 139 140 141 142 143 144 145 146 147 148 149 150 151 152 153 154 155 156 157 158 159 160 161 162 163 164 165 166 167 168 169 170 171 172 173 174 175 176 177 178 179 180 181 182 183 184 185 186 187 188 189 190 191 192 193 194 195 196 197 198 199 200 1 2 3 4 5 6 7 8 9 10 11 12 13 14 15 16 17 18 19 20 21 22 23 24 25 26 27 28 29 30 31 32 33 34 35 36 37 38 39 40 41 42 43 44 45 46 47 48 49 50 51 52 53 54 55 56 57 58 59 60 61 62 63 64 65 66 67 68 69 70 71 72 73 74 75 76 77 78 79 80 81 82 83 84 85 86 87 88 89 90 91 92 93 94 95 96 97 98 99 100 101 102 103 104 105 106 107 108 109 110 111 112 113 114 115 116 117 118 119 120 121 122 123 124 125 126 127 128 129 130 131 132 133 134 135 136 137 138 139 140 141 142 143 144 145 146 147 148 149 150 151 152 153 154 155 156 157 158 159 160 161 162 163 164 165 166 167 168 169 170 171 172 173 174 175 176 177 178 179 180 181 182 183 184 185 186 187 188 189 190 191 192 193 194 195 196 197 198 199 200 1 2 3 4 5 6 7 8 9 10 11 12 13 14 15 16 17 18 19 20 21 22 23 24 25 26 27 28 29 30 31 32 33 34 35 36 37 38 39 40 41 42 43 44 45 46 47 48 49 50 51 52 53 54 55 56 57 58 59 60 61 62 63 64 65 66 67 68 69 70 71 72 73 74 75 76 77 78 79 80 81 82 83 84 85 86 87 88 89 90 91 92 93 94 95 96 97 98 99 100 101 102 103 104 105 106 107 108 109 110 111 112 113 114 115 116 117 118 119 120 121 122 123 124 125 126 127 128 129 130 131 132 133 134 135 136 137 138 139 140 141 142 143 144 145 146 147 148 149 150 151 152 153 154 155 156 157 158 159 160 161 162 163 164 165 166 167 168 169 170 171 172 173 174 175 176 177 178 179 180 181 182 183 184 185 186 187 188 189 190 191 192 193 194 195 196 197 198 199 200 1 2 3 4 5 6 7 8 9 10 11 12 13 14 15 16 17 18 19 20 21 22 23 24 25 26 27 28 29 30 31 32 33 34 35 36 37 38 39 40 41 42 43 44 45 46 47 48 49 50 51 52 53 54 55 56 57 58 59 60 61 62 63 64 65 66 67 68 69 70 71 72 73 74 75 76 77 78 79 80 81 82 83 84 85 86 87 88 89 90 91 92 93 94 95 96 97 98 99 100 101 102 103 104 105 106 107 108 109 110 111 112 113 114 115 116 117 118 119 120 121 122 123 124 125 126 127 128 129 130 131 132 133 134 135 136 137 138 139 140 141 142 143 144 145 146 147 148 149 150 151 152 153 154 155 156 157 158 159 160 161 162 163 164 165 166 167 168 169 170 171 172 173 174 175 176 177 178 179 180 181 182 183 184 185 186 187 188 189 190 191 192 193 194 195 196 197 198 199 200 1 2 3 4 5 6 7 8 9 10 11 12 13 14 15 16 17 18 19 20 21 22 23 24 25 26 27 28 29 30 31 32 33 34 35 36 37 38 39 40 41 42 43 44 45 46 47 48 49 50 51 52 53 54 55 56 57 58 59 60 61 62 63 64 65 66 67 68 69 70 71 72 73 74 75 76 77 78 79 80 81 82 83 84 85 86 87 88 89 90 91 92 93 94 95 96 97 98 99 100 101 102 103 104 105 106 107 108 109 110 111 112 113 114 115 116 117 118 119 120 121 122 123 124 125 126 127 128 129 130 131 132 133 134 135 136 137 138 139 140 141 142 143 144 145 146 147 148 149 150 151 152 153 154 155 156 157 158 159 160 161 162 163 164 165 166 167 168 169 170 171 172 173 174 175 176 177 178 179 180 181 182 183 184 185 186 187 188 189 190 191 192 193 194 195 196 197 198 199 200 1 2 3 4 5 6 7 8 9 10 11 12 13 14 15 16 17 18 19 20 21 22 23 24 25 26 27 28 29 30 31 32 33 34 35 36 37 38 39 40 41 42 43 44 45 46 47 48 49 50 51 52 53 54 55 56 57 58 59 60 61 62 63 64 65 66 67 68 69 70 71 72 73 74 75 76 77 78 79 80 81 82 83 84 85 86 87 88 89 90 91 92 93 94 95 96 97 98 99 100 101 102 103 104 105 106 107 108 109 110 111 112 113 114 115 116 117 118 119 120 121 122 123 124 125 126 127 128 129 130 131 132 133 134 135 136 137 138 139 140 141 142 143 144 145 146 147 148 149 150 151 152 153 154 155 156 157 158 159 160 161 162 163 164 165 166 167 168 169 170 171 172 173 174 175 176 177 178 179 180 181 182 183 184 185 186 187 188 189 190 191 192 193 194 195 196 197 198 199 200 1 2 3 4 5 6 7 8 9 10 11 12 13 14 15 16 17 18 19 20 21 22 23 24 25 26 27 28 29 30 31 32 33 34 35 36 37 38 39 40 41 42 43 44 45 46 47 48 49 50 51 52 53 54 55 56 57 58 59 60 61 62 63 64 65 66 67 68 69 70 71 72 73 74 75 76 77 78 79 80 81 82 83 84 85 86 87 88 89 90 91 92 93 94 95 96 97 98 99 100 101 102 103 104 105 106 107 108 109 110 111 112 113 114 115 116 117 118 119 120 121 122 123 124 125 126 127 128 129 130 131 132 133 134 135 136 137 138 139 140 141 142 143 144 145 146 147 148 149 150 151 152 153 154 155 156 157 158 159 160 161 162 163 164 165 166 167 168 169 170 171 172 173 174 175 176 177 178 179 180 181 182 183 184 185 186 187 188 189 190 191 192 193 194 195 196 197 198 199 200 1 2 3 4 5 6 7 8 9 10 11 12 13 14 15 16 17 18 19 20 21 22 23 24 25 26 27 28 29 30 31 32 33 34 35 36 37 38 39 40 41 42 43 44 45 46 47 48 49 50 51 52 53 54 55 56 57 58 59 60 61 62 63 64 65 66 67 68 69 70 71 72 73 74 75 76 77 78 79 80 81 82 83 84 85 86 87 88 89 90 91 92 93 94 95 96 97 98 99 100 101 102 103 104 105 106 107 108 109 110 111 112 113 114 115 116 117 118 119 120 121 122 123 124 125 126 127 128 129 130 131 132 133 134 135 136 137 138 139 140 141 142 143 144 145 146 147 148 149 150 151 152 153 154 155 156 157 158 159 160 161 162 163 164 165 166 167 168 169 170 171 172 173 174 175 176 177 178 179 180 181 182 183 184 185 186 187 188 189 190 191 192 193 194 195 196 197 198 199 200 1 2 3 4 5 6 7 8 9 10 11 12 13 14 15 16 17 18 19 20 21 22 23 24 25 26 27 28 29 30 31 32 33 34 35 36 37 38 39 40 41 42 43 44 45 46 47 48 49 50 51 52 53 54 55 56 57 58 59 60 61 62 63 64 65 66 67 68 69 70 71 72 73 74 75 76 77 78 79 80 81 82 83 84 85 86 87 88 89 90 91 92 93 94 95 96 97 98 99 100 101 102 103 104 105 106 107 108 109 110 111 112 113 114 115 116 117 118 119 120 121 122 123 124 125 126 127 128 129 130 131 132 133 134 135 136 137 138 139 140 141 142 143 144 145 146 147 148 149 150 151 152 153 154 155 156 157 158 159 160 161 162 163 164 165 166 167 168 169 170 171 172 173 174 175 176 177 178 179 180 181 182 183 184 185 186 187 188 189 190 191 192 193 194 195 196 197 198 199 200 1 2 3 4 5 6 7 8 9 10 11 12 13 14 15 16 17 18 19 20 21 22 23 24 25 26 27 28 29 30 31 32 33 34 35 36 37 38 39 40 41 42 43 44 45 46 47 48 49 50 51 52 53 54 55 56 57 58 59 60 61 62 63 64 65 66 67 68 69 70 71 72 73 74 75 76 77 78 79 80 81 82 83 84 85 86 87 88 89 90 91 92 93 94 95 96 97 98 99 100 101 102 103 104 105 106 107 108 109 110 111 112 113 114 115 116 117 118 119 120 121 122 123 124 125 126 127 128 129 130 131 132 133 134 135 136 137 138 139 140 141 142 143 144 145 146 147 148 149 150 151 152 153 154 155 156 157 158 159 160 161 162 163 164 165 166 167 168 169 170 171 172 173 174 175 176 177 178 179 180 181 182 183 184 185 186 187 188 189 190 191 192 193 194 195 196 197 198 199 200 1 2 3 4 5 6 7 8 9 10 11 12 13 14 15 16 17 18 19 20 21 22 23 24 25 26 27 28 29 30 31 32 33 34 35 36 37 38 39 40 41 42 43 44 45 46 47 48 49 50 51 52 53 54 55 56 57 58 59 60 61 62 63 64 65 66 67 68 69 70 71 72 73 74 75 76 77 78 79 80 81 82 83 84 85 86 87 88 89 90 91 92 93 94 95 96 97 98 99 100 101 102 103 104 105 106 107 108 109 110 111 112 113 114 115 116 117 118 119 120 121 122 123 124 125 126 127 128 129 130 131 132 133 134 135 136 137 138 139 140 141 142 143 144 145 146 147 148 149 150 151 152 153 154 155 156 157 158 159 160 161 162 163 164 165 166 167 168 169 170 171 172 173 174 175 176 177 178 179 180 181 182 183 184 185 186 187 188 189 190 191 192 193 194 195 196 197 198 199 200 1 2 3 4 5 6 7 8 9 10 11 12 13 14 15 16 17 18 19 20 21 22 23 24 25 26 27 28 29 30 31 32 33 34 35 36 37 38 39 40 41 42 43 44 45 46 47 48 49 50 51 52 53 54 55 56 57 58 59 60 61 62 63 64 65 66 67 68 69 70 71 72 73 74 75 76 77 78 79 80 81 82 83 84 85 86 87 88 89 90 91 92 93 94 95 96 97 98 99 100 101 102 103 104 105 106 107 108 109 110 111 112 113 114 115 116 117 118 119 120 121 122 123 124 125 126 127 128 129 130 131 132 133 134 135 136 137 138 139 140 141 142 143 144 145 146 147 148 149 150 151 152 153 154 155 156 157 158 159 160 161 162 163 164 165 166 167 168 169 170 171 172 173 174 175 176 177 178 179 180 181 182 183 184 185 186 187 188 189 190 191 192 193 194 195 196 197 198 199 200 1 2 3 4 5 6 7 8 9 10 11 12 13 14 15 16 17 18 19 20 21 22 23 24 25 26 27 28 29 30 31 32 33 34 35 36 37 38 39 40 41 42 43 44 45 46 47 48 49 50 51 52 53 54 55 56 57 58 59 60 61 62 63 64 65 66 67 68 69 70 71 72 73 74 75 76 77 78 79 80 81 82 83 84 85 86 87 88 89 90 91 92 93 94 95 96 97 98 99 100 101 102 103 104 105 106 107 108 109 110 111 112 113 114 115 116 117 118 119 120 121 122 123 124 125 126 127 128 129 130 131 132 133 134 135 136 137 138 139 140 141 142 143 144 145 146 147 148 149 150 151 152 153 154 155 156 157 158 159 160 161 162 163 164 165 166 167 168 169 170 171 172 173 174 175 176 177 178 179 180 181 182 183 184 185 186 187 188 189 190 191 192 193 194 195 196 197 198 199 200 1 2 3 4 5 6 7 8 9 10 11 12 13 14 15 16 17 18 19 20 21 22 23 24 25 26 27 28 29 30 31 32 33 34 35 36 37 38 39 40 41 42 43 44 45 46 47 48 49 50 51 52 53 54 55 56 57 58 59 60 61 62 63 64 65 66 67 68 69 70 71 72 73 74 75 76 77 78 79 80 81 82 83 84 85 86 87 88 89 90 91 92 93 94 95 96 97 98 99 100 101 102 103 104 105 106 107 108 109 110 111 112 113 114 115 116 117 118 119 120 121 122 123 124 125 126 127 128 129 130 131 132 133 134 135 136 137 138 139 140 141 142 143 144 145 146 147 148 149 150 151 152 153 154 155 156 157 158 159 160 161 162 163 164 165 166 167 168 169 170 171 172 173 174 175 176 177 178 179 180 181 182 183 184 185 186 187 188 189 190 191 192 193 194 195 196 197 198 199 200 1 2 3 4 5 6 7 8 9 10 11 12 13 14 15 16 17 18 19 20 21 22 23 24 25 26 27 28 29 30 31 32 33 34 35 36 37 38 39 40 41 42 43 44 45 46 47 48 49 50 51 52 53 54 55 56 57 58 59 60 61 62 63 64 65 66 67 68 69 70 71 72 73 74 75 76 77 78 79 80 81 82 83 84 85 86 87 88 89 90 91 92 93 94 95 96 97 98 99 100 101 102 103 104 105 106 107 108 109 110 111 112 113 114 115 116 117 118 119 120 121 122 123 124 125 126 127 128 129 130 131 132 133 134 135 136 137 138 139 140 141 142 143 144 145 146 147 148 149 150 151 152 153 154 155 156 157 158 159 160 161 162 163 164 165 166 167 168 169 170 171 172 173 174 175 176 177 178 179 180 181 182 183 184 185 186 187 188 189 190 191 192 193 194 195 196 197 198 199 200 1 2 3 4 5 6 7 8 9 10 11 12 13 14 15 16 17 18 19 20 21 22 23 24 25 26 27 28 29 30 31 32 33 34 35 36 37 38 39 40 41 42 43 44 45 46 47 48 49 50 51 52 53 54 55 56 57 58 59 60 61 62 63 64 65 66 67 68 69 70 71 72 73 74 75 76 77 78 79 80 81 82 83 84 85 86 87 88 89 90 91 92 93 94 95 96 97 98 99 100 101 102 103 104 105 106 107 108 109 110 111 112 113 114 115 116 117 118 119 120 121 122 123 124 125 126 127 128 129 130 131 132 133 134 135 136 137 138 139 140 141 142 143 144 145 146 147 148 149 150 151 152 153 154 155 156 157 158 159 160 161 162 163 164 165 166 167 168 169 170 171 172 173 174 175 176 177 178 179 180 181 182 183 184 185 186 187 188 189 190 191 192 193 194 195 196 197 198 199 200 1 2 3 4 5 6 7 8 9 10 11 12 13 14 15 16 17 18 19 20 21 22 23 24 25 26 27 28 29 30 31 32 33 34 35 36 37 38 39 40 41 42 43 44 45 46 47 48 49 50 51 52 53 54 55 56 57 58 59 60 61 62 63 64 65 66 67 68 69 70 71 72 73 74 75 76 77 78 79 80 81 82 83 84 85 86 87 88 89 90 91 92 93 94 95 96 97 98 99 100 101 102 103 104 105 106 107 108 109 110 111 112 113 114 115 116 117 118 119 120 121 122 123 124 125 126 127 128 129 130 131 132 133 134 135 136 137 138 139 140 141 142 143 144 145 146 147 148 149 150 151 152 153 154 155 156 157 158 159 160 161 162 163 164 165 166 167 168 169 170 171 172 173 174 175 176 177 178 179 180 181 182 183 184 185 186 187 188 189 190 191 192 193 194 195 196 197 198 199 200 1 2 3 4 5 6 7 8 9 10 11 12 13 14 15 16 17 18 19 20 21 22 23 24 25 26 27 28 29 30 31 32 33 34 35 36 37 38 39 40 41 42 43 44 45 46 47 48 49 50 51 52 53 54 55 56 57 58 59 60 61 62 63 64 65 66 67 68 69 70 71 72 73 74 75 76 77 78 79 80 81 82 83 84 85 86 87 88 89 90 91 92 93 94 95 96 97 98 99 100 101 102 103 104 105 106 107 108 109 110 111 112 113 114 115 116 117 118 119 120 121 122 123 124 125 126 127 128 129 130 131 132 133 134 135 136 137 138 139 140 141 142 143 144 145 146 147 148 149 150 151 152 153 154 155 156 157 158 159 160 161 162 163 164 165 166 167 168 169 170 171 172 173 174 175 176 177 178 179 180 181 182 183 184 185 186 187 188 189 190 191 192 193 194 195 196 197 198 199 200 1 2 3 4 5 6 7 8 9 10 11 12 13 14 15 16 17 18 19 20 21 22 23 24 25 26 27 28 29 30 31 32 33 34 35 36 37 38 39 40 41 42 43 44 45 46 47 48 49 50 51 52 53 54 55 56 57 58 59 60 61 62 63 64 65 66 67 68 69 70 71 72 73 74 75 76 77 78 79 80 81 82 83 84 85 86 87 88 89 90 91 92 93 94 95 96 97 98 99 100 101 102 103 104 105 106 107 108 109 110 111 112 113 114 115 116 117 118 119 120 121 122 123 124 125 126 127 128 129 130 131 132 133 134 135 136 137 138 139 140 141 142 143 144 145 146 147 148 149 150 151 152 153 154 155 156 157 158 159 160 161 162 163 164 165 166 167 168 169 170 171 172 173 174 175 176 177 178 179 180 181 182 183 184 185 186 187 188 189 190 191 192 193 194 195 196 197 198 199 200 1 2 3 4 5 6 7 8 9 10 11 12 13 14 15 16 17 18 19 20 21 22 23 24 25 26 27 28 29 30 31 32 33 34 35 36 37 38 39 40 41 42 43 44 45 46 47 48 49 50 51 52 53 54 55 56 57 58 59 60 61 62 63 64 65 66 67 68 69 70 71 72 73 74 75 76 77 78 79 80 81 82 83 84 85 86 87 88 89 90 91 92 93 94 95 96 97 98 99 100 101 102 103 104 105 106 107 108 109 110 111 112 113 114 115 116 117 118 119 120 121 122 123 124 125 126 127 128 129 130 131 132 133 134 135 136 137 138 139 140 141 142 143 144 145 146 147 148 149 150 151 152 153 154 155 156 157 158 159 160 161 162 163 164 165 166 167 168 169 170 171 172 173 174 175 176 177 178 179 180 181 182 183 184 185 186 187 188 189 190 191 192 193 194 195 196 197 198 199 200 1 2 3 4 5 6 7 8 9 10 11 12 13 14 15 16 17 18 19 20 21 22 23 24 25 26 27 28 29 30 31 32 33 34 35 36 37 38 39 40 41 42 43 44 45 46 47 48 49 50 51 52 53 54 55 56 57 58 59 60 61 62 63 64 65 66 67 68 69 70 71 72 73 74 75 76 77 78 79 80 81 82 83 84 85 86 87 88 89 90 91 92 93 94 95 96 97 98 99 100 101 102 103 104 105 106 107 108 109 110 111 112 113 114 115 116 117 118 119 120 121 122 123 124 125 126 127 128 129 130 131 132 133 134 135 136 137 138 139 140 141 142 143 144 145 146 147 148 149 150 151 152 153 154 155 156 157 158 159 160 161 162 163 164 165 166 167 168 169 170 171 172 173 174 175 176 177 178 179 180 181 182 183 184 185 186 187 188 189 190 191 192 193 194 195 196 197 198 199 200 1 2 3 4 5 6 7 8 9 10 11 12 13 14 15 16 17 18 19 20 21 22 23 24 25 26 27 28 29 30 31 32 33 34 35 36 37 38 39 40 41 42 43 44 45 46 47 48 49 50 51 52 53 54 55 56 57 58 59 60 61 62 63 64 65 66 67 68 69 70 71 72 73 74 75 76 77 78 79 80 81 82 83 84 85 86 87 88 89 90 91 92 93 94 95 96 97 98 99 100 101 102 103 104 105 106 107 108 109 110 111 112 113 114 115 116 117 118 119 120 121 122 123 124 125 126 127 128 129 130 131 132 133 134 135 136 137 138 139 140 141 142 143 144 145 146 147 148 149 150 151 152 153 154 155 156 157 158 159 160 161 162 163 164 165 166 167 168 169 170 171 172 173 174 175 176 177 178 179 180 181 182 183 184 185 186 187 188 189 190 191 192 193 194 195 196 197 198 199 200 1 2 3 4 5 6 7 8 9 10 11 12 13 14 15 16 17 18 19 20 21 22 23 24 25 26 27 28 29 30 31 32 33 34 35 36 37 38 39 40 41 42 43 44 45 46 47 48 49 50 51 52 53 54 55 56 57 58 59 60 61 62 63 64 65 66 67 68 69 70 71 72 73 74 75 76 77 78 79 80 81 82 83 84 85 86 87 88 89 90 91 92 93 94 95 96 97 98 99 100 101 102 103 104 105 106 107 108 109 110 111 112 113 114 115 116 117 118 119 120 121 122 123 124 125 126 127 128 129 130 131 132 133 134 135 136 137 138 139 140 141 142 143 144 145 146 147 148 149 150 151 152 153 154 155 156 157 158 159 160 161 162 163 164 165 166 167 168 169 170 171 172 173 174 175 176 177 178 179 180 181 182 183 184 185 186 187 188 189 190 191 192 193 194 195 196 197 198 199 200 1 2 3 4 5 6 7 8 9 10 11 12 13 14 15 16 17 18 19 20 21 22 23 24 25 26 27 28 29 30 31 32 33 34 35 36 37 38 39 40 41 42 43 44 45 46 47 48 49 50 51 52 53 54 55 56 57 58 59 60 61 62 63 64 65 66 67 68 69 70 71 72 73 74 75 76 77 78 79 80 81 82 83 84 85 86 87 88 89 90 91 92 93 94 95 96 97 98 99 100 101 102 103 104 105 106 107 108 109 110 111 112 113 114 115 116 117 118 119 120 121 122 123 124 125 126 127 128 129 130 131 132 133 134 135 136 137 138 139 140 141 142 143 144 145 146 147 148 149 150 151 152 153 154 155 156 157 158 159 160 161 162 163 164 165 166 167 168 169 170 171 172 173 174 175 176 177 178 179 180 181 182 183 184 185 186 187 188 189 190 191 192 193 194 195 196 197 198 199 200 1 2 3 4 5 6 7 8 9 10 11 12 13 14 15 16 17 18 19 20 21 22 23 24 25 26 27 28 29 30 31 32 33 34 35 36 37 38 39 40 41 42 43 44 45 46 47 48 49 50 51 52 53 54 55 56 57 58 59 60 61 62 63 64 65 66 67 68 69 70 71 72 73 74 75 76 77 78 79 80 81 82 83 84 85 86 87 88 89 90 91 92 93 94 95 96 97 98 99 100 101 102 103 104 105 106 107 108 109 110 111 112 113 114 115 116 117 118 119 120 121 122 123 124 125 126 127 128 129 130 131 132 133 134 135 136 137 138 139 140 141 142 143 144 145 146 147 148 149 150 151 152 153 154 155 156 157 158 159 160 161 162 163 164 165 166 167 168 169 170 171 172 173 174 175 176 177 178 179 180 181 182 183 184 185 186 187 188 189 190 191 192 193 194 195 196 197 198 199 200 1 2 3 4 5 6 7 8 9 10 11 12 13 14 15 16 17 18 19 20 21 22 23 24 25 26 27 28 29 30 31 32 33 34 35 36 37 38 39 40 41 42 43 44 45 46 47 48 49 50 51 52 53 54 55 56 57 58 59 60 61 62 63 64 65 66 67 68 69 70 71 72 73 74 75 76 77 78 79 80 81 82 83 84 85 86 87 88 89 90 91 92 93 94 95 96 97 98 99 100 101 102 103 104 105 106 107 108 109 110 111 112 113 114 115 116 117 118 119 120 121 122 123 124 125 126 127 128 129 130 131 132 133 134 135 136 137 138 139 140 141 142 143 144 145 146 147 148 149 150 151 152 153 154 155 156 157 158 159 160 161 162 163 164 165 166 167 168 169 170 171 172 173 174 175 176 177 178 179 180 181 182 183 184 185 186 187 188 189 190 191 192 193 194 195 196 197 198 199 200 1 2 3 4 5 6 7 8 9 10 11 12 13 14 15 16 17 18 19 20 21 22 23 24 25 26 27 28 29 30 31 32 33 34 35 36 37 38 39 40 41 42 43 44 45 46 47 48 49 50 51 52 53 54 55 56 57 58 59 60 61 62 63 64 65 66 67 68 69 70 71 72 73 74 75 76 77 78 79 80 81 82 83 84 85 86 87 88 89 90 91 92 93 94 95 96 97 98 99 100 101 102 103 104 105 106 107 108 109 110 111 112 113 114 115 116 117 118 119 120 121 122 123 124 125 126 127 128 129 130 131 132 133 134 135 136 137 138 139 140 141 142 143 144 145 146 147 148 149 150 151 152 153 154 155 156 157 158 159 160 161 162 163 164 165 166 167 168 169 170 171 172 173 174 175 176 177 178 179 180 181 182 183 184 185 186 187 188 189 190 191 192 193 194 195 196 197 198 199 200 1 2 3 4 5 6 7 8 9 10 11 12 13 14 15 16 17 18 19 20 21 22 23 24 25 26 27 28 29 30 31 32 33 34 35 36 37 38 39 40 41 42 43 44 45 46 47 48 49 50 51 52 53 54 55 56 57 58 59 60 61 62 63 64 65 66 67 68 69 70 71 72 73 74 75 76 77 78 79 80 81 82 83 84 85 86 87 88 89 90 91 92 93 94 95 96 97 98 99 100 101 102 103 104 105 106 107 108 109 110 111 112 113 114 115 116 117 118 119 120 121 122 123 124 125 126 127 128 129 130 131 132 133 134 135 136 137 138 139 140 141 142 143 144 145 146 147 148 149 150 151 152 153 154 155 156 157 158 159 160 161 162 163 164 165 166 167 168 169 170 171 172 173 174 175 176 177 178 179 180 181 182 183 184 185 186 187 188 189 190 191 192 193 194 195 196 197 198 199 200 1 2 3 4 5 6 7 8 9 10 11 12 13 14 15 16 17 18 19 20 21 22 23 24 25 26 27 28 29 30 31 32 33 34 35 36 37 38 39 40 41 42 43 44 45 46 47 48 49 50 51 52 53 54 55 56 57 58 59 60 61 62 63 64 65 66 67 68 69 70 71 72 73 74 75 76 77 78 79 80 81 82 83 84 85 86 87 88 89 90 91 92 93 94 95 96 97 98 99 100 101 102 103 104 105 106 107 108 109 110 111 112 113 114 115 116 117 118 119 120 121 122 123 124 125 126 127 128 129 130 131 132 133 134 135 136 137 138 139 140 141 142 143 144 145 146 147 148 149 150 151 152 153 154 155 156 157 158 159 160 161 162 163 164 165 166 167 168 169 170 171 172 173 174 175 176 177 178 179 180 181 182 183 184 185 186 187 188 189 190 191 192 193 194 195 196 197 198 199 200 1 2 3 4 5 6 7 8 9 10 11 12 13 14 15 16 17 18 19 20 21 22 23 24 25 26 27 28 29 30 31 32 33 34 35 36 37 38 39 40 41 42 43 44 45 46 47 48 49 50 51 52 53 54 55 56 57 58 59 60 61 62 63 64 65 66 67 68 69 70 71 72 73 74 75 76 77 78 79 80 81 82 83 84 85 86 87 88 89 90 91 92 93 94 95 96 97 98 99 100 101 102 103 104 105 106 107 108 109 110 111 112 113 114 115 116 117 118 119 120 121 122 123 124 125 126 127 128 129 130 131 132 133 134 135 136 137 138 139 140 141 142 143 144 145 146 147 148 149 150 151 152 153 154 155 156 157 158 159 160 161 162 163 164 165 166 167 168 169 170 171 172 173 174 175 176 177 178 179 180 181 182 183 184 185 186 187 188 189 190 191 192 193 194 195 196 197 198 199 200 1 2 3 4 5 6 7 8 9 10 11 12 13 14 15 16 17 18 19 20 21 22 23 24 25 26 27 28 29 30 31 32 33 34 35 36 37 38 39 40 41 42 43 44 45 46 47 48 49 50 51 52 53 54 55 56 57 58 59 60 61 62 63 64 65 66 67 68 69 70 71 72 73 74 75 76 77 78 79 80 81 82 83 84 85 86 87 88 89 90 91 92 93 94 95 96 97 98 99 100 101 102 103 104 105 106 107 108 109 110 111 112 113 114 115 116 117 118 119 120 121 122 123 124 125 126 127 128 129 130 131 132 133 134 135 136 137 138 139 140 141 142 143 144 145 146 147 148 149 150 151 152 153 154 155 156 157 158 159 160 161 162 163 164 165 166 167 168 169 170 171 172 173 174 175 176 
