743 8324 18576 1500
1 1
2 1
3 1
3 21
3 42
3 48
3 49
3 50
3 51
3 54
3 55
4 1
4 21
4 36
4 42
4 47
4 48
4 49
4 50
4 51
4 54
4 55
4 59
4 60
4 61
4 65
4 67
4 69
4 76
4 77
5 1
5 10
5 21
5 42
5 53
5 54
5 55
5 86
5 90
5 91
5 92
5 699
6 1
6 44
6 45
6 50
6 51
6 52
6 200
6 407
7 1
7 16
7 21
7 36
7 42
7 67
7 85
7 96
7 112
7 127
7 155
7 156
7 194
7 195
7 205
7 206
7 279
7 286
7 308
7 340
7 341
7 343
7 345
7 346
7 348
7 386
7 406
7 413
7 472
7 474
7 486
7 487
7 488
7 489
7 490
7 491
7 492
7 493
7 494
7 495
7 496
7 497
7 498
7 499
7 500
7 501
7 502
7 503
7 504
7 505
7 506
7 507
7 508
7 509
7 510
7 511
7 512
7 513
7 514
7 515
7 516
7 517
7 518
7 519
7 520
7 521
7 522
7 523
7 524
7 525
7 526
7 527
7 528
7 529
7 530
7 531
7 532
7 533
7 534
7 535
7 536
7 537
7 538
7 539
7 540
7 541
7 542
7 543
7 544
7 545
7 546
7 547
7 548
7 549
7 550
7 551
7 552
7 553
7 554
7 555
7 556
7 557
7 558
7 559
7 560
7 561
7 562
7 563
7 564
7 565
7 566
7 567
7 568
7 569
7 570
7 571
7 572
7 573
7 574
7 575
7 576
7 577
7 578
7 579
7 580
7 581
7 582
7 583
7 584
7 585
7 586
7 587
7 588
7 589
7 590
7 591
7 592
7 593
7 594
7 595
7 596
7 597
7 598
7 599
7 600
7 601
7 602
7 603
7 604
7 605
7 606
7 607
7 608
7 609
7 610
7 611
7 612
7 613
7 618
7 619
7 620
7 621
7 622
7 623
7 624
7 625
7 626
7 634
7 635
7 636
7 662
7 663
8 1
8 127
8 157
8 158
8 654
8 655
8 658
8 833
8 834
9 1
10 1
10 10
10 16
10 17
10 21
10 85
10 265
10 355
10 706
10 707
10 708
10 709
10 710
10 711
10 717
10 718
10 719
10 720
10 724
10 725
10 726
10 727
10 728
10 729
10 733
10 788
10 823
10 982
10 1033
10 1327
10 2154
10 2787
10 2796
10 2807
10 2810
10 2832
10 3012
11 1
11 16
11 34
11 36
11 42
11 44
11 46
11 48
11 49
11 50
11 51
11 52
11 64
11 67
11 90
11 96
11 97
11 98
11 99
11 100
11 111
11 112
11 124
11 125
11 126
11 127
11 141
11 142
11 154
11 155
11 194
11 195
11 200
11 206
11 215
11 279
11 283
11 306
11 308
11 309
11 310
11 311
11 340
11 341
11 342
11 343
11 345
11 346
11 347
11 348
11 372
11 378
11 390
11 399
11 400
11 406
11 407
11 422
11 486
11 487
11 488
11 489
11 497
11 499
11 501
11 503
11 505
11 507
11 509
11 510
11 511
11 512
11 513
11 514
11 515
11 516
11 517
11 518
11 519
11 520
11 521
11 522
11 523
11 524
11 525
11 526
11 527
11 528
11 529
11 538
11 539
11 540
11 541
11 542
11 543
11 544
11 545
11 546
11 547
11 548
11 549
11 550
11 551
11 552
11 553
11 554
11 555
11 556
11 557
11 558
11 559
11 560
11 561
11 563
11 564
11 566
11 567
11 568
11 569
11 570
11 571
11 572
11 573
11 574
11 575
11 576
11 577
11 578
11 579
11 580
11 581
11 582
11 583
11 584
11 585
11 586
11 587
11 588
11 589
11 591
11 593
11 594
11 596
11 597
11 598
11 599
11 600
11 601
11 602
11 603
11 604
11 605
11 606
11 607
11 608
11 609
11 610
11 611
11 612
11 613
11 618
11 619
11 620
11 621
11 622
11 623
11 624
11 625
11 626
11 634
11 674
11 680
11 703
11 704
11 713
11 714
11 731
11 734
11 736
11 737
11 738
11 739
11 741
11 744
11 745
11 746
11 747
11 748
11 749
11 750
11 751
11 753
11 754
11 755
11 758
11 759
11 760
11 761
11 762
11 764
11 766
11 767
11 769
11 770
11 771
11 773
11 774
11 775
11 776
11 777
11 779
11 784
11 787
11 789
11 790
11 792
11 795
11 798
11 799
11 800
11 801
11 804
11 806
11 807
11 808
11 809
11 810
11 813
11 816
11 823
11 828
11 829
11 839
11 841
11 842
11 844
11 847
11 848
11 852
11 853
11 855
11 856
11 864
11 865
11 866
11 867
11 869
11 870
11 871
11 872
11 880
11 882
11 887
11 888
11 890
11 892
11 894
11 898
11 904
11 905
11 909
11 911
11 912
11 914
11 919
11 921
11 923
11 924
11 925
11 931
11 933
11 934
11 936
11 938
11 941
11 944
11 945
11 946
11 947
11 949
11 951
11 952
11 953
11 955
11 957
11 958
11 965
11 966
11 967
11 971
11 973
11 976
11 978
11 979
11 980
11 981
11 987
11 992
11 994
11 996
11 997
11 998
11 999
11 1000
11 1001
11 1002
11 1003
11 1004
11 1005
11 1006
11 1008
11 1010
11 1012
11 1014
11 1017
11 1018
11 1020
11 1021
11 1026
11 1027
11 1028
11 1030
11 1038
11 1039
11 1040
11 1043
11 1044
11 1045
11 1048
11 1050
11 1051
11 1052
11 1053
11 1054
11 1057
11 1058
11 1059
11 1061
11 1062
11 1063
11 1064
11 1065
11 1066
11 1068
11 1070
11 1072
11 1074
11 1081
11 1083
11 1084
11 1087
11 1088
11 1092
11 1103
11 1104
11 1107
11 1110
11 1112
11 1118
11 1142
11 1143
11 1144
11 1145
11 1147
11 1149
11 1154
11 1157
11 1158
11 1159
11 1160
11 1163
11 1164
11 1165
11 1166
11 1167
11 1168
11 1169
11 1171
11 1172
11 1173
11 1178
11 1179
11 1180
11 1181
11 1183
11 1185
11 1187
11 1189
11 1191
11 1192
11 1193
11 1196
11 1198
11 1199
11 1201
11 1202
11 1203
11 1204
11 1205
11 1206
11 1207
11 1208
11 1209
11 1210
11 1211
11 1212
11 1213
11 1214
11 1217
11 1219
11 1222
11 1225
11 1227
11 1229
11 1230
11 1231
11 1238
11 1240
11 1246
11 1247
11 1249
11 1252
11 1253
11 1256
11 1257
11 1259
11 1261
11 1263
11 1266
11 1268
11 1272
11 1274
11 1276
11 1277
11 1278
11 1283
11 1286
11 1287
11 1290
11 1292
11 1293
11 1295
11 1298
11 1299
11 1301
11 1302
11 1309
11 1310
11 1311
11 1314
11 1317
11 1318
11 1319
11 1321
11 1322
11 1323
11 1326
11 1327
11 1328
11 1330
11 1337
11 1339
11 1340
11 1341
11 1342
11 1343
11 1351
11 1352
11 1353
11 1355
11 1356
11 1357
11 1358
11 1360
11 1362
11 1363
11 1366
11 1371
11 1378
11 1381
11 1382
11 1383
11 1384
11 1386
11 1389
11 1393
11 1395
11 1397
11 1401
11 1403
11 1404
11 1405
11 1406
11 1407
11 1409
11 1410
11 1411
11 1419
11 1423
11 1429
11 1432
11 1440
11 1441
11 1442
11 1444
11 1445
11 1447
11 1450
11 1453
11 1454
11 1456
11 1457
11 1458
11 1459
11 1460
11 1461
11 1462
11 1464
11 1467
11 1477
11 1482
11 1483
11 1485
11 1487
11 1489
11 1491
11 1492
11 1495
11 1496
11 1498
11 1500
11 1501
11 1504
11 1505
11 1506
11 1507
11 1508
11 1515
11 1517
11 1523
11 1524
11 1525
11 1529
11 1533
11 1537
11 1538
11 1540
11 1542
11 1546
11 1548
11 1549
11 1552
11 1555
11 1559
11 1562
11 1563
11 1566
11 1568
11 1569
11 1570
11 1572
11 1573
11 1575
11 1576
11 1581
11 1590
11 1591
11 1594
11 1596
11 1599
11 1606
11 1608
11 1610
11 1613
11 1620
11 1627
11 1628
11 1629
11 1631
11 1635
11 1640
11 1645
11 1646
11 1649
11 1658
11 1662
11 1666
11 1668
11 1670
11 1672
11 1676
11 1678
11 1679
11 1681
11 1683
11 1684
11 1685
11 1689
11 1695
11 1697
11 1703
11 1705
11 1710
11 1712
11 1715
11 1718
11 1723
11 1727
11 1728
11 1729
11 1731
11 1740
11 1745
11 1746
11 1752
11 1753
11 1754
11 1756
11 1759
11 1760
11 1764
11 1774
11 1775
11 1776
11 1778
11 1779
11 1780
11 1783
11 1785
11 1786
11 1790
11 1798
11 1799
11 1807
11 1808
11 1811
11 1826
11 1828
11 1848
11 1849
11 1851
11 1852
11 1854
11 1863
11 1867
11 1874
11 1875
11 1876
11 1879
11 1880
11 1882
11 1885
11 1886
11 1888
11 1894
11 1896
11 1899
11 1912
11 1914
11 1915
11 1917
11 1927
11 1931
11 1938
11 1939
11 1942
11 1961
11 1963
11 1965
11 1968
11 1970
11 1978
11 1980
11 1982
11 1991
11 1994
11 1995
11 1996
11 1997
11 2001
11 2003
11 2005
11 2010
11 2015
11 2026
11 2029
11 2030
11 2032
11 2033
11 2036
11 2037
11 2038
11 2040
11 2041
11 2042
11 2044
11 2045
11 2046
11 2047
11 2048
11 2049
11 2050
11 2051
11 2052
11 2053
11 2054
11 2055
11 2056
11 2057
11 2058
11 2059
11 2060
11 2061
11 2062
11 2063
11 2064
11 2065
11 2066
11 2067
11 2068
11 2069
11 2070
11 2071
11 2072
11 2073
11 2074
11 2075
11 2076
11 2077
11 2078
11 2079
11 2080
11 2081
11 2082
11 2083
11 2084
11 2089
11 2098
11 2100
11 2103
11 2107
11 2115
11 2117
11 2120
11 2121
11 2124
11 2132
11 2133
11 2148
11 2152
11 2153
11 2158
11 2173
11 2178
11 2183
11 2189
11 2194
11 2200
11 2213
11 2219
11 2220
11 2230
11 2240
11 2264
11 2268
11 2272
11 2274
11 2292
11 2295
11 2335
11 2337
11 2360
11 2361
11 2392
11 2401
11 2409
11 2413
11 2419
11 2427
11 2433
11 2453
11 2462
11 2464
11 2465
11 2470
11 2471
11 2478
11 2485
11 2497
11 2502
11 2504
11 2522
11 2524
11 2547
11 2549
11 2553
11 2555
11 2576
11 2586
11 2596
11 2597
11 2598
11 2599
11 2614
11 2619
11 2633
11 2639
11 2646
11 2654
11 2659
11 2661
11 2662
11 2669
11 2674
11 2682
11 2687
11 2689
11 2691
11 2695
11 2713
11 2730
11 2731
11 2746
11 2755
11 2821
11 2825
11 2827
11 2828
11 2829
11 2836
11 2837
11 2845
11 2877
11 2895
11 2899
11 2900
11 2904
11 2909
11 2910
11 2914
11 2919
11 2935
11 2937
11 2939
11 2967
11 2968
11 3016
11 3020
11 3023
11 3056
11 3068
11 3082
11 3083
11 3184
11 3186
11 3193
11 3237
11 3249
11 3559
12 1
12 15
12 16
12 34
12 36
12 39
12 42
12 44
12 45
12 46
12 47
12 48
12 49
12 50
12 51
12 52
12 64
12 67
12 85
12 90
12 96
12 97
12 98
12 100
12 111
12 112
12 124
12 125
12 126
12 127
12 141
12 142
12 154
12 155
12 156
12 194
12 195
12 200
12 206
12 215
12 279
12 283
12 286
12 306
12 308
12 309
12 310
12 311
12 312
12 340
12 341
12 342
12 345
12 346
12 347
12 348
12 355
12 372
12 376
12 378
12 390
12 399
12 400
12 407
12 413
12 422
12 430
12 472
12 486
12 487
12 488
12 489
12 497
12 499
12 501
12 503
12 505
12 507
12 509
12 510
12 511
12 512
12 513
12 514
12 515
12 516
12 517
12 518
12 519
12 520
12 521
12 522
12 523
12 524
12 525
12 526
12 527
12 528
12 529
12 530
12 531
12 532
12 533
12 534
12 535
12 536
12 537
12 538
12 539
12 540
12 541
12 542
12 543
12 544
12 545
12 546
12 547
12 548
12 549
12 550
12 551
12 552
12 553
12 554
12 555
12 556
12 557
12 558
12 559
12 560
12 561
12 562
12 563
12 564
12 565
12 566
12 567
12 568
12 569
12 570
12 571
12 572
12 573
12 574
12 575
12 576
12 577
12 578
12 579
12 580
12 581
12 582
12 583
12 584
12 585
12 586
12 587
12 588
12 589
12 590
12 591
12 592
12 593
12 594
12 595
12 596
12 597
12 598
12 599
12 600
12 601
12 602
12 603
12 604
12 605
12 606
12 607
12 608
12 609
12 610
12 611
12 612
12 613
12 618
12 619
12 620
12 621
12 622
12 623
12 624
12 625
12 626
12 634
12 635
12 674
12 680
12 702
12 704
12 705
12 713
12 714
12 729
12 731
12 733
12 734
12 735
12 737
12 738
12 739
12 740
12 741
12 742
12 743
12 744
12 745
12 746
12 747
12 748
12 749
12 750
12 751
12 752
12 753
12 754
12 755
12 757
12 758
12 759
12 760
12 761
12 762
12 764
12 766
12 767
12 768
12 771
12 772
12 773
12 774
12 775
12 776
12 777
12 782
12 783
12 784
12 785
12 786
12 787
12 788
12 789
12 790
12 792
12 794
12 795
12 798
12 799
12 800
12 801
12 802
12 805
12 806
12 807
12 808
12 809
12 813
12 816
12 821
12 824
12 826
12 828
12 829
12 832
12 836
12 839
12 840
12 841
12 842
12 844
12 847
12 848
12 850
12 852
12 853
12 854
12 855
12 856
12 857
12 858
12 859
12 860
12 862
12 864
12 865
12 866
12 867
12 869
12 870
12 871
12 872
12 873
12 874
12 875
12 878
12 881
12 882
12 885
12 886
12 887
12 890
12 892
12 893
12 895
12 897
12 898
12 911
12 912
12 914
12 915
12 919
12 923
12 924
12 925
12 929
12 930
12 931
12 932
12 933
12 934
12 936
12 938
12 939
12 940
12 941
12 943
12 944
12 945
12 946
12 948
12 950
12 951
12 952
12 953
12 955
12 958
12 960
12 965
12 966
12 967
12 971
12 973
12 974
12 976
12 978
12 979
12 980
12 981
12 991
12 992
12 994
12 996
12 997
12 998
12 999
12 1000
12 1001
12 1002
12 1003
12 1005
12 1006
12 1007
12 1008
12 1010
12 1012
12 1014
12 1015
12 1016
12 1017
12 1020
12 1021
12 1022
12 1025
12 1026
12 1028
12 1031
12 1034
12 1035
12 1039
12 1040
12 1041
12 1043
12 1044
12 1045
12 1047
12 1048
12 1049
12 1050
12 1051
12 1052
12 1053
12 1054
12 1055
12 1057
12 1058
12 1059
12 1060
12 1061
12 1062
12 1063
12 1064
12 1065
12 1066
12 1067
12 1068
12 1069
12 1070
12 1071
12 1072
12 1073
12 1077
12 1081
12 1082
12 1083
12 1084
12 1085
12 1086
12 1087
12 1088
12 1092
12 1101
12 1102
12 1103
12 1104
12 1107
12 1110
12 1111
12 1112
12 1114
12 1115
12 1118
12 1138
12 1139
12 1140
12 1141
12 1142
12 1143
12 1144
12 1145
12 1147
12 1149
12 1153
12 1154
12 1157
12 1158
12 1159
12 1160
12 1161
12 1162
12 1163
12 1164
12 1165
12 1166
12 1167
12 1168
12 1169
12 1170
12 1171
12 1172
12 1173
12 1174
12 1175
12 1177
12 1178
12 1179
12 1180
12 1181
12 1183
12 1185
12 1187
12 1188
12 1189
12 1191
12 1192
12 1193
12 1194
12 1196
12 1198
12 1199
12 1200
12 1201
12 1202
12 1203
12 1204
12 1205
12 1206
12 1207
12 1208
12 1209
12 1210
12 1211
12 1212
12 1213
12 1214
12 1216
12 1217
12 1218
12 1219
12 1221
12 1222
12 1224
12 1225
12 1226
12 1227
12 1229
12 1230
12 1231
12 1235
12 1238
12 1240
12 1246
12 1247
12 1248
12 1249
12 1250
12 1252
12 1253
12 1255
12 1256
12 1257
12 1258
12 1259
12 1260
12 1261
12 1262
12 1263
12 1266
12 1268
12 1272
12 1274
12 1275
12 1276
12 1277
12 1278
12 1281
12 1282
12 1283
12 1286
12 1287
12 1290
12 1292
12 1295
12 1296
12 1297
12 1298
12 1299
12 1301
12 1302
12 1308
12 1309
12 1310
12 1311
12 1312
12 1313
12 1314
12 1315
12 1317
12 1318
12 1319
12 1320
12 1321
12 1322
12 1323
12 1326
12 1327
12 1328
12 1330
12 1337
12 1339
12 1340
12 1341
12 1342
12 1345
12 1347
12 1351
12 1352
12 1353
12 1354
12 1355
12 1356
12 1357
12 1358
12 1360
12 1362
12 1363
12 1364
12 1366
12 1371
12 1373
12 1375
12 1377
12 1378
12 1381
12 1382
12 1383
12 1384
12 1386
12 1389
12 1395
12 1397
12 1398
12 1400
12 1401
12 1404
12 1405
12 1406
12 1407
12 1409
12 1410
12 1411
12 1419
12 1423
12 1429
12 1432
12 1434
12 1437
12 1438
12 1440
12 1441
12 1442
12 1444
12 1445
12 1447
12 1453
12 1454
12 1456
12 1457
12 1458
12 1459
12 1460
12 1461
12 1463
12 1464
12 1465
12 1466
12 1467
12 1471
12 1472
12 1474
12 1478
12 1483
12 1485
12 1486
12 1487
12 1489
12 1492
12 1495
12 1496
12 1497
12 1498
12 1500
12 1501
12 1502
12 1503
12 1504
12 1505
12 1506
12 1507
12 1508
12 1509
12 1510
12 1511
12 1515
12 1517
12 1518
12 1519
12 1520
12 1522
12 1523
12 1524
12 1525
12 1529
12 1533
12 1534
12 1537
12 1538
12 1540
12 1541
12 1542
12 1545
12 1546
12 1548
12 1549
12 1551
12 1552
12 1553
12 1554
12 1555
12 1560
12 1563
12 1564
12 1565
12 1566
12 1568
12 1569
12 1570
12 1572
12 1573
12 1575
12 1576
12 1580
12 1581
12 1583
12 1585
12 1588
12 1590
12 1591
12 1592
12 1594
12 1596
12 1599
12 1603
12 1606
12 1608
12 1610
12 1613
12 1619
12 1620
12 1622
12 1624
12 1627
12 1628
12 1629
12 1630
12 1631
12 1633
12 1634
12 1636
12 1640
12 1643
12 1645
12 1646
12 1648
12 1649
12 1650
12 1651
12 1652
12 1655
12 1658
12 1662
12 1663
12 1666
12 1668
12 1670
12 1671
12 1672
12 1673
12 1676
12 1678
12 1679
12 1680
12 1681
12 1682
12 1683
12 1684
12 1685
12 1687
12 1692
12 1695
12 1697
12 1699
12 1703
12 1705
12 1708
12 1710
12 1712
12 1713
12 1715
12 1718
12 1723
12 1727
12 1728
12 1729
12 1731
12 1735
12 1737
12 1740
12 1742
12 1745
12 1746
12 1748
12 1752
12 1753
12 1754
12 1760
12 1761
12 1764
12 1772
12 1774
12 1775
12 1776
12 1777
12 1778
12 1780
12 1783
12 1784
12 1786
12 1790
12 1798
12 1799
12 1801
12 1802
12 1806
12 1807
12 1808
12 1811
12 1813
12 1814
12 1815
12 1816
12 1817
12 1818
12 1820
12 1821
12 1824
12 1826
12 1828
12 1829
12 1830
12 1831
12 1848
12 1849
12 1851
12 1852
12 1853
12 1854
12 1855
12 1857
12 1863
12 1867
12 1870
12 1873
12 1874
12 1875
12 1876
12 1879
12 1880
12 1882
12 1883
12 1885
12 1886
12 1888
12 1894
12 1896
12 1899
12 1914
12 1915
12 1916
12 1917
12 1927
12 1930
12 1931
12 1936
12 1938
12 1939
12 1942
12 1960
12 1961
12 1962
12 1963
12 1965
12 1970
12 1977
12 1978
12 1980
12 1988
12 1991
12 1994
12 1995
12 1996
12 1997
12 2001
12 2002
12 2003
12 2005
12 2010
12 2012
12 2015
12 2017
12 2018
12 2026
12 2029
12 2030
12 2031
12 2032
12 2033
12 2035
12 2036
12 2037
12 2038
12 2040
12 2041
12 2042
12 2044
12 2045
12 2046
12 2047
12 2048
12 2049
12 2050
12 2051
12 2052
12 2053
12 2054
12 2055
12 2056
12 2057
12 2058
12 2059
12 2060
12 2061
12 2062
12 2063
12 2064
12 2065
12 2066
12 2067
12 2068
12 2069
12 2070
12 2071
12 2072
12 2073
12 2074
12 2075
12 2076
12 2077
12 2078
12 2079
12 2080
12 2081
12 2082
12 2083
12 2084
12 2088
12 2089
12 2090
12 2098
12 2099
12 2100
12 2103
12 2106
12 2107
12 2110
12 2111
12 2115
12 2117
12 2118
12 2119
12 2120
12 2124
12 2129
12 2132
12 2133
12 2134
12 2137
12 2139
12 2148
12 2153
12 2158
12 2173
12 2178
12 2183
12 2194
12 2198
12 2203
12 2204
12 2213
12 2219
12 2220
12 2221
12 2223
12 2227
12 2230
12 2238
12 2240
12 2249
12 2250
12 2265
12 2268
12 2272
12 2274
12 2292
12 2295
12 2302
12 2304
12 2308
12 2311
12 2336
12 2360
12 2361
12 2372
12 2386
12 2392
12 2401
12 2408
12 2409
12 2413
12 2419
12 2422
12 2424
12 2426
12 2427
12 2433
12 2434
12 2453
12 2456
12 2458
12 2462
12 2464
12 2470
12 2471
12 2485
12 2493
12 2497
12 2498
12 2502
12 2504
12 2520
12 2522
12 2523
12 2524
12 2531
12 2537
12 2547
12 2549
12 2553
12 2555
12 2579
12 2594
12 2597
12 2605
12 2614
12 2633
12 2634
12 2639
12 2643
12 2644
12 2646
12 2648
12 2654
12 2667
12 2670
12 2674
12 2682
12 2689
12 2691
12 2700
12 2713
12 2738
12 2741
12 2746
12 2767
12 2774
12 2781
12 2786
12 2802
12 2812
12 2815
12 2821
12 2825
12 2826
12 2827
12 2828
12 2829
12 2836
12 2837
12 2844
12 2845
12 2853
12 2882
12 2895
12 2897
12 2899
12 2904
12 2907
12 2908
12 2909
12 2914
12 2915
12 2916
12 2917
12 2922
12 2935
12 2937
12 2939
12 2942
12 2947
12 2953
12 2955
12 2961
12 2967
12 2974
12 2980
12 2983
12 2994
12 2997
12 3016
12 3019
12 3020
12 3023
12 3026
12 3027
12 3038
12 3056
12 3059
12 3064
13 1
13 49
13 154
13 195
13 322
13 422
13 636
13 665
13 733
13 749
13 762
13 771
13 792
13 794
13 795
13 801
13 816
13 828
13 832
13 841
13 844
13 889
13 924
13 934
13 947
13 1018
13 1054
13 1059
13 1062
13 1063
13 1068
13 1074
13 1077
13 1141
13 1166
13 1172
13 1208
13 1210
13 1219
13 1220
13 1227
13 1287
13 1337
13 1361
13 1377
13 1381
13 1384
13 1437
13 1444
13 1472
13 1474
13 1479
13 1505
13 1529
13 1599
13 1631
13 1643
13 1651
13 1664
13 1745
13 1790
13 1818
13 1942
13 2030
13 2050
13 2059
13 2064
13 2071
13 2081
13 2148
13 2198
13 2204
13 2223
13 2250
13 2268
13 2308
13 2498
13 2549
13 2633
13 2639
13 2877
13 2914
13 3085
13 3086
13 3087
13 3088
13 3089
13 3090
13 3091
13 3092
13 3093
13 3094
13 3095
13 3096
13 3097
13 3098
13 3099
13 3100
13 3101
13 3102
13 3103
13 3104
13 3105
13 3106
13 3107
13 3108
13 3109
13 3110
13 3111
13 3112
13 3113
13 3114
13 3115
13 3116
13 3117
13 3118
13 3119
13 3120
13 3121
13 3122
13 3123
13 3124
13 3125
13 3126
13 3127
13 3128
13 3129
13 3130
13 3131
13 3132
13 3133
13 3134
13 3135
13 3136
13 3137
13 3138
13 3139
13 3140
13 3141
13 3142
13 3143
13 3144
13 3145
13 3146
13 3147
13 3148
13 3149
13 3150
13 3151
13 3152
13 3153
13 3154
13 3155
13 3156
13 3157
13 3158
13 3159
13 3160
13 3161
13 3162
13 3163
13 3164
13 3165
13 3166
13 3167
13 3168
13 3169
13 3170
13 3171
13 3172
13 3176
13 3178
13 3179
14 1
14 67
14 96
14 111
14 407
14 580
14 600
14 602
14 605
14 699
14 1043
14 2820
14 2821
14 2822
14 2823
14 2824
14 4253
14 4254
14 4255
14 4256
14 4257
14 4258
14 4595
14 7920
15 1
15 15
15 155
15 824
15 958
15 1067
15 1068
15 1262
15 1315
15 1519
15 1563
15 1565
15 1655
15 1798
15 1814
15 1826
15 1852
15 1899
15 1927
15 1963
15 1997
15 2056
15 2294
15 2335
15 2523
15 2829
15 2833
15 2837
15 3391
15 3393
15 3506
15 3540
15 3620
15 3662
15 3668
15 3669
15 3670
15 3671
15 3672
15 3686
15 3687
15 3713
15 3714
15 3716
15 3717
15 3718
15 3723
15 3724
15 3725
15 3726
15 3826
15 4198
15 4661
15 4662
15 4663
15 4664
15 4665
15 4666
15 4667
15 4668
15 4669
15 4670
15 5275
15 5423
15 5424
15 5490
15 5491
15 5492
15 5493
15 5494
15 5495
15 5496
15 6082
15 6083
15 6096
15 6115
15 6116
15 6117
15 6118
15 6182
15 6183
15 6184
15 6185
15 6186
15 6187
16 1
17 2
18 3
19 4
20 4
20 5
20 6
20 8
20 20
20 30
20 35
20 55
20 129
20 473
20 837
20 961
20 2020
20 5344
20 5345
20 5346
20 5347
20 5348
20 5349
20 5350
20 5351
20 5352
20 5353
20 5354
20 5355
20 5356
20 5357
20 5358
20 5359
20 5360
20 5361
20 5362
20 5363
20 5364
20 5365
20 5366
20 5367
20 5368
20 5369
20 5371
20 5372
20 5373
20 5374
20 5375
20 5376
20 5377
20 5378
20 5379
20 5380
20 5381
20 5382
20 5385
20 5386
20 5387
20 5388
20 5389
20 5390
20 5391
20 5392
20 5393
20 5394
20 5395
20 5396
20 5397
20 5398
20 5399
20 5400
20 5401
20 5402
20 5403
20 5404
20 5405
20 5406
20 5407
20 5408
20 5409
20 5410
20 5411
20 5412
20 5413
20 5414
20 5415
20 5416
20 5417
20 5418
20 5419
20 5420
20 5421
20 5422
21 5
22 6
23 7
23 21
23 36
23 155
23 159
23 160
23 161
23 202
23 203
23 204
24 7
24 34
24 36
24 42
24 44
24 45
24 48
24 49
24 51
24 52
24 64
24 70
24 72
24 73
24 90
24 112
24 124
24 125
24 126
24 127
24 141
24 142
24 155
24 194
24 195
24 205
24 206
24 215
24 279
24 306
24 308
24 309
24 310
24 311
24 340
24 341
24 342
24 344
24 345
24 369
24 406
24 407
24 413
24 497
24 501
24 502
24 503
24 505
24 507
24 509
24 510
24 511
24 512
24 516
24 517
24 518
24 519
24 520
24 521
24 523
24 524
24 525
24 526
24 528
24 538
24 541
24 674
24 680
24 704
24 705
24 724
24 731
24 733
24 738
24 741
24 749
24 760
24 764
24 771
24 787
24 794
24 795
24 801
24 806
24 809
24 844
24 853
24 854
24 857
24 866
24 870
24 871
24 875
24 876
24 890
24 904
24 911
24 914
24 922
24 927
24 965
24 970
24 979
24 980
24 982
24 997
24 999
24 1000
24 1010
24 1014
24 1020
24 1033
24 1045
24 1050
24 1055
24 1061
24 1063
24 1068
24 1083
24 1084
24 1088
24 1107
24 1110
24 1117
24 1149
24 1155
24 1158
24 1180
24 1187
24 1199
24 1204
24 1209
24 1224
24 1225
24 1238
24 1256
24 1258
24 1263
24 1266
24 1268
24 1290
24 1292
24 1296
24 1301
24 1310
24 1312
24 1315
24 1317
24 1319
24 1320
24 1326
24 1355
24 1356
24 1366
24 1381
24 1383
24 1406
24 1432
24 1442
24 1502
24 1515
24 1518
24 1524
24 1525
24 1534
24 1542
24 1548
24 1570
24 1581
24 1585
24 1620
24 1622
24 1628
24 1630
24 1640
24 1671
24 1676
24 1679
24 1727
24 1739
24 1746
24 1748
24 1761
24 1778
24 1779
24 1786
24 1914
24 1916
24 1927
24 1931
24 1964
24 1978
24 1994
24 2005
24 2017
24 2035
24 2048
24 2053
24 2054
24 2056
24 2061
24 2071
24 2118
24 2124
24 2132
24 2143
24 2200
24 2219
24 2220
24 2309
24 2335
24 2370
24 2380
24 2413
24 2438
24 2462
24 2534
24 2577
24 2598
24 2718
24 2802
24 2812
24 2908
24 2953
24 2961
24 2997
24 3027
24 3233
24 3253
24 4307
24 4396
24 4874
24 5612
25 7
25 16
25 34
25 36
25 44
25 46
25 47
25 48
25 49
25 50
25 51
25 52
25 64
25 66
25 85
25 89
25 90
25 93
25 100
25 103
25 123
25 125
25 126
25 127
25 137
25 151
25 155
25 162
25 168
25 169
25 181
25 184
25 195
25 200
25 205
25 206
25 207
25 214
25 215
25 219
25 221
25 250
25 266
25 280
25 286
25 293
25 294
25 306
25 308
25 309
25 311
25 340
25 341
25 342
25 343
25 345
25 346
25 347
25 348
25 357
25 360
25 378
25 390
25 395
25 401
25 406
25 411
25 486
25 487
25 488
25 497
25 501
25 512
25 513
25 514
25 515
25 516
25 517
25 518
25 519
25 520
25 521
25 522
25 523
25 524
25 525
25 526
25 527
25 528
25 539
25 541
25 543
25 544
25 546
25 547
25 549
25 550
25 552
25 553
25 555
25 556
25 558
25 559
25 561
25 562
25 564
25 565
25 567
25 568
25 570
25 571
25 573
25 574
25 578
25 579
25 581
25 582
25 584
25 586
25 588
25 590
25 592
25 594
25 595
25 597
25 598
25 599
25 601
25 603
25 604
25 606
25 608
25 609
25 611
25 613
25 619
25 620
25 622
25 624
25 626
25 634
25 752
25 952
25 1044
25 1049
25 1051
25 1057
25 1092
25 1142
25 1145
25 1147
25 1164
25 1166
25 1168
25 1170
25 1171
25 1174
25 1175
25 1198
25 1229
25 1252
25 1340
25 1341
25 1548
25 1649
25 1936
26 8
27 9
27 32
28 10
28 12
28 13
29 10
29 195
29 316
29 356
29 644
30 10
31 10
32 10
32 1932
32 2154
32 3611
33 10
33 306
33 699
33 1912
33 3347
33 3682
33 4209
33 4292
34 11
35 11
36 15
36 27
37 15
37 34
37 57
37 85
37 90
37 127
37 215
37 311
37 340
37 342
37 376
37 378
37 390
37 407
37 422
37 512
37 517
37 519
37 534
37 535
37 536
37 538
37 775
37 794
37 795
37 807
37 857
37 958
37 998
37 1203
37 1207
37 1216
37 1249
37 1258
37 1278
37 1296
37 1384
37 1506
37 1515
37 1520
37 1560
37 1619
37 1620
37 1663
37 1676
37 1798
37 1917
37 1938
37 1939
38 15
38 34
38 90
38 110
38 127
39 15
39 16
39 46
39 333
40 15
40 16
40 34
40 44
40 46
40 49
40 50
40 52
40 85
40 90
40 112
40 155
40 194
40 195
40 200
40 215
40 286
40 306
40 308
40 310
40 311
40 340
40 341
40 343
40 346
40 348
40 376
40 378
40 407
40 422
40 469
40 472
40 486
40 487
40 488
40 489
40 497
40 499
40 501
40 503
40 505
40 507
40 509
40 512
40 516
40 520
40 521
40 522
40 523
40 526
40 527
40 528
40 529
40 532
40 533
40 534
40 535
40 539
40 540
40 543
40 546
40 547
40 555
40 556
40 561
40 562
40 567
40 568
40 599
40 604
40 609
40 613
40 622
40 624
40 626
40 634
40 636
40 674
40 714
40 731
40 734
40 737
40 744
40 745
40 746
40 750
40 751
40 752
40 753
40 754
40 755
40 757
40 758
40 761
40 762
40 764
40 766
40 767
40 768
40 772
40 773
40 774
40 775
40 776
40 779
40 788
40 790
40 794
40 795
40 799
40 800
40 801
40 802
40 814
40 828
40 829
40 842
40 844
40 848
40 852
40 865
40 866
40 867
40 869
40 870
40 880
40 895
40 897
40 898
40 911
40 912
40 914
40 915
40 932
40 933
40 936
40 938
40 945
40 948
40 953
40 954
40 955
40 958
40 960
40 965
40 966
40 973
40 978
40 980
40 992
40 996
40 997
40 998
40 999
40 1000
40 1006
40 1017
40 1022
40 1025
40 1035
40 1044
40 1047
40 1048
40 1050
40 1051
40 1054
40 1058
40 1061
40 1062
40 1064
40 1065
40 1066
40 1068
40 1071
40 1072
40 1074
40 1083
40 1086
40 1087
40 1092
40 1102
40 1104
40 1107
40 1112
40 1141
40 1144
40 1149
40 1157
40 1158
40 1161
40 1166
40 1168
40 1170
40 1173
40 1178
40 1179
40 1181
40 1183
40 1185
40 1193
40 1206
40 1207
40 1208
40 1210
40 1211
40 1213
40 1214
40 1216
40 1222
40 1230
40 1231
40 1248
40 1249
40 1250
40 1252
40 1253
40 1255
40 1257
40 1258
40 1261
40 1263
40 1268
40 1272
40 1275
40 1276
40 1278
40 1281
40 1286
40 1295
40 1296
40 1297
40 1299
40 1301
40 1302
40 1309
40 1311
40 1317
40 1321
40 1323
40 1327
40 1328
40 1330
40 1338
40 1340
40 1341
40 1347
40 1353
40 1355
40 1356
40 1357
40 1362
40 1365
40 1373
40 1375
40 1384
40 1395
40 1400
40 1401
40 1404
40 1406
40 1409
40 1411
40 1419
40 1429
40 1434
40 1438
40 1441
40 1442
40 1447
40 1453
40 1456
40 1457
40 1460
40 1463
40 1465
40 1467
40 1472
40 1474
40 1483
40 1485
40 1489
40 1494
40 1495
40 1497
40 1508
40 1509
40 1510
40 1515
40 1517
40 1518
40 1519
40 1523
40 1525
40 1533
40 1542
40 1551
40 1552
40 1553
40 1555
40 1563
40 1575
40 1576
40 1580
40 1583
40 1585
40 1588
40 1594
40 1596
40 1620
40 1624
40 1636
40 1640
40 1646
40 1650
40 1651
40 1664
40 1666
40 1672
40 1676
40 1678
40 1681
40 1685
40 1687
40 1692
40 1705
40 1710
40 1715
40 1728
40 1745
40 1757
40 1758
40 1774
40 1776
40 1777
40 1784
40 1785
40 1788
40 1790
40 1798
40 1801
40 1803
40 1819
40 1820
40 1821
40 1826
40 1828
40 1831
40 1835
40 1848
40 1849
40 1852
40 1853
40 1854
40 1855
40 1863
40 1867
40 1874
40 1875
40 1879
40 1880
40 1882
40 1883
40 1885
40 1888
40 1890
40 1894
40 1896
40 1899
40 1915
40 1917
40 1938
40 1939
40 1961
40 1962
40 1963
40 1967
40 1968
40 1988
40 1989
40 1990
40 1996
40 1997
40 2005
40 2025
40 2026
40 2027
40 2028
40 2029
40 2030
40 2033
40 2047
40 2048
40 2049
40 2050
40 2051
40 2054
40 2055
40 2056
40 2060
40 2061
40 2062
40 2066
40 2069
40 2072
40 2074
40 2075
40 2077
40 2078
40 2080
40 2081
40 2083
40 2084
40 2089
40 2090
40 2098
40 2099
40 2100
40 2110
40 2115
40 2118
40 2124
40 2127
40 2129
40 2132
40 2133
40 2137
40 2173
40 2179
40 2200
40 2204
40 2223
40 2249
40 2268
40 2292
40 2299
40 2300
40 2304
40 2360
40 2361
40 2372
40 2409
40 2424
40 2427
40 2433
40 2434
40 2458
40 2471
40 2493
40 2549
40 2555
40 2581
40 2587
40 2594
40 2634
40 2643
40 2644
40 2681
40 2713
40 2738
40 2741
40 2798
40 2801
40 2803
40 2812
40 2825
40 2826
40 2827
40 2828
40 2829
40 2837
40 2853
40 2882
40 2904
40 2914
40 2915
40 2917
40 2918
40 2968
40 2974
40 2994
40 3064
41 15
41 16
41 36
41 42
41 44
41 45
41 46
41 47
41 48
41 49
41 50
41 51
41 52
41 90
41 112
41 127
41 142
41 155
41 194
41 195
41 200
41 205
41 206
41 279
41 286
41 306
41 308
41 309
41 310
41 311
41 323
41 340
41 341
41 342
41 343
41 344
41 346
41 347
41 348
41 372
41 378
41 390
41 406
41 407
41 430
41 472
41 487
41 488
41 489
41 497
41 499
41 501
41 503
41 505
41 507
41 509
41 510
41 511
41 512
41 514
41 515
41 516
41 517
41 518
41 520
41 521
41 522
41 530
41 532
41 534
41 536
41 537
41 539
41 540
41 541
41 543
41 547
41 549
41 550
41 553
41 555
41 561
41 562
41 567
41 568
41 570
41 571
41 573
41 574
41 576
41 579
41 581
41 582
41 584
41 586
41 590
41 592
41 594
41 595
41 597
41 598
41 608
41 609
41 619
41 620
41 624
41 626
41 634
41 636
41 702
41 714
41 729
41 731
41 733
41 734
41 735
41 737
41 738
41 739
41 740
41 741
41 742
41 744
41 745
41 746
41 748
41 749
41 750
41 751
41 752
41 753
41 754
41 755
41 757
41 758
41 759
41 761
41 762
41 764
41 765
41 766
41 767
41 769
41 772
41 773
41 775
41 785
41 786
41 787
41 788
41 789
41 795
41 799
41 800
41 801
41 802
41 804
41 807
41 808
41 810
41 813
41 826
41 836
41 839
41 842
41 848
41 850
41 852
41 853
41 854
41 855
41 857
41 864
41 872
41 882
41 886
41 890
41 892
41 893
41 914
41 923
41 925
41 929
41 931
41 932
41 938
41 939
41 940
41 944
41 945
41 948
41 950
41 953
41 954
41 960
41 971
41 973
41 979
41 980
41 981
41 996
41 998
41 999
41 1001
41 1005
41 1006
41 1014
41 1015
41 1016
41 1017
41 1018
41 1021
41 1025
41 1031
41 1034
41 1040
41 1041
41 1043
41 1045
41 1047
41 1050
41 1053
41 1054
41 1055
41 1058
41 1059
41 1060
41 1061
41 1062
41 1063
41 1065
41 1066
41 1067
41 1069
41 1070
41 1071
41 1073
41 1086
41 1088
41 1092
41 1102
41 1104
41 1110
41 1142
41 1143
41 1144
41 1147
41 1149
41 1157
41 1158
41 1159
41 1161
41 1163
41 1164
41 1165
41 1166
41 1168
41 1169
41 1171
41 1172
41 1173
41 1174
41 1177
41 1178
41 1181
41 1185
41 1187
41 1192
41 1193
41 1194
41 1196
41 1199
41 1200
41 1201
41 1202
41 1203
41 1204
41 1205
41 1207
41 1208
41 1210
41 1212
41 1213
41 1214
41 1216
41 1218
41 1219
41 1221
41 1222
41 1226
41 1227
41 1229
41 1231
41 1240
41 1246
41 1248
41 1249
41 1250
41 1253
41 1256
41 1257
41 1258
41 1260
41 1261
41 1266
41 1268
41 1272
41 1274
41 1276
41 1295
41 1296
41 1301
41 1302
41 1311
41 1312
41 1313
41 1315
41 1317
41 1318
41 1319
41 1321
41 1322
41 1323
41 1328
41 1330
41 1347
41 1353
41 1355
41 1357
41 1360
41 1362
41 1363
41 1366
41 1373
41 1375
41 1377
41 1378
41 1381
41 1382
41 1383
41 1384
41 1386
41 1389
41 1397
41 1401
41 1405
41 1406
41 1407
41 1409
41 1410
41 1411
41 1419
41 1429
41 1432
41 1434
41 1437
41 1441
41 1453
41 1454
41 1456
41 1457
41 1461
41 1463
41 1465
41 1467
41 1471
41 1472
41 1483
41 1486
41 1489
41 1492
41 1495
41 1496
41 1497
41 1498
41 1500
41 1501
41 1506
41 1507
41 1508
41 1510
41 1511
41 1517
41 1518
41 1523
41 1524
41 1525
41 1538
41 1542
41 1549
41 1551
41 1552
41 1553
41 1555
41 1560
41 1563
41 1565
41 1568
41 1572
41 1575
41 1581
41 1585
41 1590
41 1591
41 1592
41 1594
41 1596
41 1606
41 1610
41 1619
41 1620
41 1627
41 1628
41 1630
41 1636
41 1640
41 1643
41 1646
41 1648
41 1650
41 1651
41 1662
41 1663
41 1666
41 1668
41 1670
41 1673
41 1676
41 1678
41 1680
41 1681
41 1683
41 1692
41 1695
41 1697
41 1703
41 1708
41 1712
41 1718
41 1728
41 1737
41 1742
41 1752
41 1754
41 1774
41 1786
41 1799
41 1808
41 1828
41 1831
41 1849
41 1854
41 1855
41 1867
41 1870
41 1873
41 1875
41 1886
41 1894
41 1917
42 15
42 36
42 142
42 828
42 862
42 915
42 965
42 981
42 1008
42 1101
42 1290
42 1676
42 1708
42 1709
42 1764
42 1803
42 1851
42 1857
42 1863
42 1874
42 1880
42 1882
42 1885
42 1886
42 1930
43 16
43 34
43 36
43 42
43 45
43 47
43 48
43 49
43 85
43 90
43 126
43 142
43 143
43 155
43 188
43 194
43 195
43 200
43 205
43 279
43 286
43 306
43 307
43 308
43 309
43 310
43 311
43 312
43 340
43 341
43 342
43 343
43 344
43 345
43 346
43 347
43 348
43 355
43 372
43 376
43 407
43 413
43 422
43 472
43 474
43 501
43 634
43 699
43 713
43 714
43 731
43 733
43 735
43 737
43 738
43 740
43 741
43 742
43 743
43 744
43 745
43 746
43 749
43 750
43 751
43 754
43 755
43 758
43 760
43 761
43 762
43 764
43 769
43 770
43 771
43 773
43 774
43 776
43 777
43 780
43 781
43 787
43 788
43 789
43 790
43 792
43 794
43 795
43 796
43 797
43 799
43 800
43 802
43 809
43 816
43 821
43 824
43 826
43 828
43 836
43 840
43 848
43 850
43 856
43 857
43 860
43 864
43 865
43 866
43 867
43 874
43 875
43 878
43 880
43 881
43 883
43 885
43 887
43 888
43 889
43 892
43 893
43 895
43 896
43 898
43 904
43 905
43 914
43 915
43 919
43 922
43 923
43 924
43 925
43 926
43 927
43 928
43 929
43 930
43 931
43 933
43 934
43 939
43 940
43 943
43 944
43 945
43 954
43 960
43 967
43 969
43 970
43 971
43 972
43 978
43 980
43 982
43 987
43 991
43 998
43 1000
43 1003
43 1004
43 1011
43 1012
43 1016
43 1017
43 1020
43 1021
43 1022
43 1034
43 1045
43 1047
43 1048
43 1049
43 1050
43 1051
43 1052
43 1055
43 1057
43 1058
43 1059
43 1060
43 1061
43 1063
43 1066
43 1069
43 1070
43 1072
43 1074
43 1075
43 1081
43 1082
43 1083
43 1084
43 1085
43 1086
43 1087
43 1088
43 1092
43 1093
43 1102
43 1103
43 1104
43 1112
43 1114
43 1115
43 1117
43 1118
43 1119
43 1120
43 1121
43 1122
43 1123
43 1124
43 1125
43 1126
43 1127
43 1128
43 1129
43 1130
43 1131
43 1132
43 1133
43 1134
43 1135
43 1136
43 1137
43 1145
43 1153
43 1154
43 1155
43 1156
43 1160
43 1161
43 1179
43 1180
43 1182
43 1184
43 1187
43 1188
43 1189
43 1191
43 1192
43 1193
43 1194
43 1196
43 1198
43 1199
43 1211
43 1213
43 1214
43 1216
43 1217
43 1219
43 1220
43 1223
43 1224
43 1228
43 1229
43 1230
43 1231
43 1235
43 1238
43 1239
43 1246
43 1252
43 1287
43 1290
43 1296
43 1297
43 1301
43 1308
43 1309
43 1310
43 1312
43 1313
43 1314
43 1316
43 1319
43 1322
43 1323
43 1325
43 1326
43 1327
43 1328
43 1330
43 1352
43 1355
43 1356
43 1357
43 1359
43 1361
43 1364
43 1365
43 1366
43 1369
43 1371
43 1373
43 1386
43 1388
43 1406
43 1423
43 1432
43 1440
43 1442
43 1447
43 1453
43 1461
43 1465
43 1467
43 1471
43 1472
43 1483
43 1486
43 1487
43 1489
43 1492
43 1498
43 1503
43 1515
43 1519
43 1533
43 1537
43 1554
43 1576
43 1580
43 1583
43 1590
43 1591
43 1592
43 1594
43 1596
43 1610
43 1613
43 1628
43 1629
43 1630
43 1636
43 1640
43 1648
43 1652
43 1663
43 1664
43 1666
43 1668
43 1676
43 1677
43 1678
43 1679
43 1680
43 1681
43 1682
43 1684
43 1685
43 1687
43 1688
43 1692
43 1697
43 1703
43 1705
43 1712
43 1718
43 1721
43 1727
43 1740
43 1756
43 1760
43 1766
43 1772
43 1774
43 1779
43 1780
43 1784
43 1785
43 1786
43 1790
43 1798
43 1852
43 1873
43 1888
43 1894
43 1899
43 1906
43 1942
43 1968
43 1995
43 2018
43 2090
43 2121
43 2227
43 2292
43 2293
43 2370
43 2401
43 2408
43 2547
43 2606
43 2634
43 2643
43 2680
43 2738
43 2741
43 2815
43 2908
43 2940
43 2941
43 3045
43 3078
43 3082
43 3178
43 3179
43 3196
43 3342
43 3343
43 3490
43 3642
43 3826
44 16
44 44
44 47
44 49
44 50
44 51
44 52
44 64
44 85
44 90
44 124
44 125
44 126
44 154
44 155
44 195
44 200
44 205
44 206
44 215
44 260
44 275
44 283
44 306
44 308
44 311
44 340
44 342
44 343
44 344
44 345
44 346
44 348
44 378
44 407
44 487
44 489
44 520
44 521
44 523
44 532
44 543
44 546
44 547
44 555
44 556
44 558
44 559
44 561
44 562
44 565
44 568
44 570
44 571
44 573
44 574
44 578
44 588
44 590
44 592
44 598
44 599
44 601
44 603
44 604
44 606
44 608
44 609
44 611
44 619
44 622
44 624
44 839
44 850
44 892
44 951
44 952
44 955
44 1060
44 1313
44 1318
45 16
45 34
45 42
45 44
45 45
45 46
45 47
45 49
45 50
45 51
45 64
45 85
45 90
45 93
45 97
45 100
45 125
45 126
45 127
45 142
45 154
45 155
45 174
45 195
45 200
45 205
45 206
45 215
45 249
45 286
45 306
45 308
45 309
45 310
45 311
45 340
45 341
45 342
45 343
45 344
45 345
45 346
45 347
45 348
45 376
45 378
45 390
45 399
45 430
45 486
45 487
45 489
45 543
45 544
45 546
45 547
45 549
45 550
45 552
45 553
45 555
45 556
45 558
45 559
45 561
45 562
45 564
45 565
45 567
45 568
45 570
45 571
45 573
45 574
45 576
45 578
45 579
45 581
45 582
45 584
45 586
45 588
45 590
45 592
45 594
45 595
45 597
45 598
45 599
45 601
45 603
45 604
45 606
45 608
45 609
45 611
45 613
45 619
45 620
45 622
45 626
45 634
45 636
45 702
45 729
45 734
45 744
45 754
45 755
45 765
45 776
45 784
45 799
45 859
45 867
45 885
45 886
45 951
45 955
45 979
45 996
45 998
45 1010
45 1021
45 1034
45 1044
45 1051
45 1055
45 1057
45 1064
45 1147
45 1163
45 1169
45 1183
45 1185
45 1202
45 1210
45 1211
45 1222
45 1230
45 1250
45 1252
45 1253
45 1261
45 1263
45 1275
45 1281
45 1301
45 1309
45 1310
45 1326
45 1327
45 1358
45 1363
45 1384
45 1406
45 1410
45 1471
45 1515
45 1518
45 1522
45 1576
45 1596
45 1606
45 1607
45 1610
45 1622
45 1651
45 1656
45 1657
45 1658
45 1660
45 1684
45 1721
45 1725
45 1742
45 1753
45 1756
45 1763
45 1786
45 1806
45 1812
45 1826
45 1827
45 1829
45 1830
45 1831
45 1832
45 1857
45 1874
45 1929
45 1931
45 1938
45 1960
45 2001
45 2081
45 2132
45 2137
45 2453
46 16
46 34
46 48
46 50
46 51
46 52
46 125
46 126
46 306
46 311
46 343
46 552
46 558
46 559
46 564
46 565
46 567
46 568
46 570
46 571
46 579
46 582
46 594
46 595
46 597
46 599
46 604
46 611
46 626
46 737
46 1340
46 1341
46 1828
46 2937
46 2939
47 16
47 34
47 36
47 42
47 44
47 45
47 46
47 47
47 50
47 51
47 52
47 85
47 90
47 114
47 115
47 125
47 126
47 127
47 142
47 155
47 195
47 205
47 206
47 215
47 279
47 286
47 306
47 308
47 309
47 310
47 311
47 340
47 342
47 344
47 372
47 378
47 406
47 407
48 16
48 34
48 36
48 44
48 45
48 46
48 47
48 49
48 50
48 51
48 52
48 64
48 85
48 90
48 100
48 112
48 126
48 127
48 141
48 142
48 155
48 194
48 195
48 200
48 205
48 206
48 215
48 279
48 286
48 306
48 308
48 309
48 310
48 311
48 340
48 341
48 342
48 343
48 344
48 345
48 346
48 348
48 355
48 372
48 378
48 390
48 399
48 400
48 406
48 407
48 409
48 422
48 486
48 487
48 497
48 499
48 501
48 503
48 505
48 507
48 509
48 510
48 511
48 515
48 517
48 518
48 520
48 521
48 522
48 523
48 524
48 525
48 526
48 527
48 528
48 529
48 530
48 531
48 532
48 533
48 534
48 535
48 536
48 537
48 538
48 539
48 540
48 541
48 544
48 546
48 547
48 549
48 550
48 552
48 553
48 555
48 556
48 558
48 559
48 561
48 562
48 564
48 565
48 567
48 568
48 570
48 571
48 573
48 574
48 576
48 578
48 579
48 582
48 584
48 586
48 588
48 592
48 594
48 595
48 597
48 598
48 599
48 601
48 603
48 604
48 606
48 608
48 609
48 611
48 613
48 619
48 620
48 624
48 626
48 634
48 674
48 702
48 713
48 729
48 731
48 735
48 739
48 740
48 741
48 742
48 745
48 748
48 749
48 752
48 753
48 754
48 755
48 759
48 761
48 762
48 765
48 766
48 771
48 772
48 773
48 774
48 775
48 776
48 777
48 784
48 785
48 786
48 787
48 789
48 790
48 794
48 795
48 798
48 800
48 804
48 806
48 807
48 809
48 813
48 821
48 828
48 829
48 832
48 836
48 839
48 841
48 844
48 850
48 852
48 857
48 864
48 866
48 867
48 869
48 871
48 872
48 896
48 911
48 912
48 915
48 917
48 923
48 933
48 934
48 948
48 951
48 952
48 953
48 954
48 955
48 958
48 965
48 966
48 973
48 992
48 994
48 997
48 998
48 1001
48 1005
48 1007
48 1008
48 1010
48 1016
48 1017
48 1020
48 1021
48 1023
48 1024
48 1035
48 1043
48 1044
48 1045
48 1047
48 1050
48 1052
48 1054
48 1057
48 1058
48 1059
48 1062
48 1065
48 1068
48 1069
48 1071
48 1072
48 1081
48 1083
48 1084
48 1086
48 1088
48 1092
48 1098
48 1100
48 1107
48 1110
48 1143
48 1144
48 1145
48 1147
48 1149
48 1154
48 1161
48 1164
48 1165
48 1166
48 1168
48 1170
48 1173
48 1174
48 1178
48 1179
48 1181
48 1185
48 1186
48 1189
48 1191
48 1192
48 1193
48 1194
48 1198
48 1203
48 1208
48 1210
48 1211
48 1212
48 1213
48 1217
48 1226
48 1231
48 1232
48 1235
48 1240
48 1246
48 1248
48 1249
48 1250
48 1253
48 1260
48 1268
48 1272
48 1274
48 1282
48 1283
48 1287
48 1296
48 1301
48 1313
48 1317
48 1319
48 1321
48 1322
48 1323
48 1326
48 1327
48 1328
48 1342
48 1343
48 1353
48 1354
48 1355
48 1357
48 1358
48 1360
48 1362
48 1381
48 1382
48 1384
48 1387
48 1389
48 1397
48 1401
48 1406
48 1407
48 1409
48 1410
48 1411
48 1419
48 1429
48 1438
48 1442
48 1456
48 1458
48 1459
48 1461
48 1467
48 1474
48 1478
48 1480
48 1483
48 1485
48 1497
48 1498
48 1500
48 1502
48 1506
48 1509
48 1511
48 1515
48 1516
48 1517
48 1518
48 1520
48 1533
48 1538
48 1540
48 1542
48 1545
48 1546
48 1549
48 1552
48 1553
48 1555
48 1563
48 1572
48 1575
48 1576
48 1585
48 1588
48 1596
48 1599
48 1610
48 1620
48 1624
48 1629
48 1630
48 1631
48 1636
48 1646
48 1666
48 1668
48 1670
48 1672
48 1676
48 1681
48 1684
48 1687
48 1705
48 1708
48 1712
48 1718
48 1729
48 1731
48 1735
48 1737
48 1742
48 1745
48 1746
48 1747
48 1753
48 1780
48 1786
48 1790
48 1798
48 1806
48 1808
48 1810
48 1811
48 1826
48 1828
48 1848
48 1849
48 1851
48 1852
48 1854
48 1858
48 1863
48 1870
48 1873
48 1874
48 1876
48 1879
48 1880
48 1882
48 1885
48 1886
48 1915
48 1916
48 1917
48 1927
48 1936
48 1938
48 1939
48 1942
48 1961
48 1965
48 1970
48 1979
48 1980
48 1985
48 1991
48 1993
48 1994
48 1995
48 1996
48 2001
48 2012
48 2017
48 2029
48 2030
48 2031
48 2032
48 2033
48 2035
48 2036
48 2038
48 2041
48 2044
48 2045
48 2046
48 2047
48 2048
48 2049
48 2050
48 2052
48 2054
48 2055
48 2058
48 2064
48 2065
48 2068
48 2069
48 2070
48 2072
48 2073
48 2074
48 2075
48 2076
48 2077
48 2078
48 2079
48 2080
48 2081
48 2082
48 2083
48 2084
48 2088
48 2089
48 2090
48 2094
48 2095
48 2098
48 2099
48 2100
48 2101
48 2103
48 2115
48 2118
48 2120
48 2132
48 2133
48 2136
48 2137
48 2138
48 2139
48 2145
48 2147
48 2150
48 2151
48 2155
48 2157
48 2158
48 2169
48 2170
48 2171
48 2176
48 2177
48 2178
48 2179
48 2180
48 2181
48 2182
48 2183
48 2184
48 2191
48 2192
48 2193
48 2194
48 2195
48 2199
48 2202
48 2204
48 2207
48 2208
48 2209
48 2210
48 2212
48 2213
48 2214
48 2215
48 2216
48 2220
48 2221
48 2222
48 2223
48 2224
48 2227
48 2230
48 2232
48 2237
48 2240
48 2242
48 2243
48 2245
48 2246
48 2250
48 2251
48 2256
48 2257
48 2261
48 2268
48 2270
48 2271
48 2272
48 2273
48 2274
48 2275
48 2280
48 2292
48 2302
48 2304
48 2308
48 2312
48 2313
48 2314
48 2315
48 2316
48 2319
48 2320
48 2323
48 2325
48 2326
48 2327
48 2328
48 2338
48 2341
48 2344
48 2349
48 2351
48 2362
48 2371
48 2397
48 2408
48 2422
48 2423
48 2425
48 2430
48 2431
48 2432
48 2434
48 2436
48 2439
48 2440
48 2441
48 2442
48 2443
48 2445
48 2446
48 2448
48 2456
48 2473
48 2485
48 2494
48 2495
48 2496
48 2500
48 2560
48 2598
48 2633
48 2638
48 2639
48 2640
48 2642
48 2645
48 2655
48 2677
48 2678
48 2689
48 2723
48 2733
48 2748
48 2751
48 2755
48 2756
48 2757
48 2758
48 2760
48 2761
48 2763
48 2764
48 2765
48 2766
48 2768
48 2769
48 2774
48 2798
48 2799
48 2825
48 2826
48 2827
48 2828
48 2829
48 2896
48 2899
48 2902
48 2903
48 2909
48 2911
48 2912
48 2913
48 2925
48 2926
48 2927
48 2939
48 2945
48 2946
48 2950
48 2969
48 2970
48 2971
48 2972
48 2973
48 2978
48 2979
48 2981
48 3016
48 3019
48 3024
48 3025
48 3032
48 3036
48 3045
48 3046
48 3048
48 3049
48 3050
48 3051
48 3052
48 3053
48 3054
48 3057
48 3069
48 3191
48 3252
48 3257
48 3258
48 3259
48 3260
48 3261
48 3264
48 3265
48 3266
48 3270
48 3271
48 3309
48 3319
48 3320
48 3321
48 3324
48 3325
48 3397
48 3409
48 3427
48 3475
48 3476
48 3477
48 3482
48 3483
48 3555
48 3556
48 3557
48 3558
48 3565
48 3598
48 3600
48 3724
48 4226
48 4227
48 4228
48 4231
48 4233
48 4237
48 4241
48 4242
48 4243
48 4275
48 4276
48 4278
48 4279
48 4280
48 4283
48 4290
48 4311
48 4312
48 4313
48 4315
48 4345
48 4388
48 4389
48 4394
48 4430
48 4431
48 4432
48 4515
48 4533
48 4534
48 4542
48 4554
48 4555
48 4556
48 4557
48 4593
48 4631
48 4632
48 4638
48 4640
48 4642
48 4643
48 4646
48 4648
48 4649
48 4650
48 4654
48 4716
48 4732
48 4733
48 4735
48 4736
48 4750
48 4758
48 4759
48 4771
48 4774
48 4797
48 4798
48 4800
48 4801
48 4802
48 4824
48 4825
48 4826
48 4838
48 4839
48 4840
48 4841
48 4846
48 4939
48 4952
48 4988
48 4989
48 5062
48 5072
48 5073
48 5074
48 5075
48 5076
48 5078
48 5079
48 5197
48 5229
48 5240
48 5272
48 5297
48 5300
48 5498
48 5499
48 5505
48 5518
48 5529
48 5557
48 5560
48 5561
48 5565
48 5585
48 5590
48 5591
48 5592
48 5594
48 5604
48 5632
48 5633
48 5635
48 5636
48 5637
48 5638
48 5639
48 5640
48 5660
48 5661
48 5671
48 5672
48 5673
48 5674
48 5675
48 5676
48 5677
48 5710
48 5711
48 5712
48 5713
48 5714
48 5716
48 5718
48 5747
48 5749
48 5757
48 5758
48 5759
48 5760
48 5833
48 5835
48 5836
48 5837
48 5838
48 5839
48 5858
48 5904
48 5905
48 5906
48 5907
48 5909
48 5910
48 5911
48 5912
48 5945
48 5947
48 5948
48 5950
48 5993
48 5994
48 5995
48 5996
48 5999
48 6000
48 6001
48 6002
48 6006
48 6007
48 6008
48 6009
48 6010
48 6012
48 6013
48 6033
48 6034
48 6090
48 6092
48 6099
48 6100
48 6101
48 6102
48 6103
48 6104
48 6106
48 6107
48 6108
48 6162
48 6238
48 6323
48 6326
48 6357
48 6362
48 6374
48 6376
48 6381
48 6382
48 6384
48 6385
48 6386
48 6388
48 6390
48 6411
48 6466
48 6468
48 6469
48 6487
48 6563
48 6618
48 6620
48 6621
48 6622
48 6623
48 6624
48 6625
48 6626
48 6640
48 6721
48 6754
48 6755
48 6798
48 6799
48 6801
48 6823
48 6835
48 6838
48 6859
48 6860
48 6861
48 6862
48 6866
48 6871
48 6873
48 6877
48 6878
48 6881
48 6888
48 6890
48 6895
48 6900
48 6901
48 6902
48 6933
48 6934
48 6935
48 6940
48 6941
48 6984
48 6985
48 7000
48 7002
48 7003
48 7004
48 7034
48 7064
48 7292
48 7317
48 7335
48 7341
48 7464
48 7465
48 7596
48 7728
48 7962
48 7965
48 8031
48 8076
48 8103
49 16
49 34
49 90
49 127
49 195
49 215
49 306
49 308
49 309
49 310
50 16
50 34
50 36
50 45
50 46
50 47
50 48
50 49
50 85
50 90
50 125
50 127
50 153
50 154
50 155
50 190
50 191
50 192
50 193
50 206
50 215
50 286
50 306
50 309
50 310
50 311
50 340
50 342
50 344
51 16
51 34
51 36
51 42
51 44
51 45
51 46
51 47
51 48
51 49
51 50
51 51
51 52
51 85
51 90
51 112
51 127
51 155
51 206
51 215
51 279
51 286
51 306
51 308
51 311
51 340
51 341
51 342
51 343
51 344
51 345
51 347
51 372
51 378
51 390
51 406
51 407
51 428
51 487
51 488
51 489
51 497
51 499
51 509
51 510
51 515
51 520
51 532
51 533
51 534
51 535
51 536
51 537
51 543
51 544
51 546
51 547
51 549
51 550
51 552
51 555
51 556
51 558
51 559
51 561
51 567
51 568
51 570
51 573
51 574
51 576
51 581
51 582
51 584
51 586
51 588
51 590
51 592
51 597
51 598
51 599
51 601
51 603
51 604
51 606
51 608
51 609
51 611
51 613
51 619
51 620
51 622
51 624
51 626
51 702
51 704
51 705
51 714
51 734
51 737
51 741
51 745
51 748
51 750
51 754
51 755
51 758
51 759
51 761
51 762
51 766
51 769
51 776
51 784
51 785
51 802
51 810
51 828
51 832
51 841
51 847
51 853
51 854
51 855
51 865
51 866
51 867
51 869
51 870
51 871
51 872
51 898
51 911
51 923
51 932
51 936
51 944
51 953
51 955
51 960
51 965
51 966
51 971
51 994
51 997
51 998
51 1000
51 1001
51 1007
51 1015
51 1016
51 1031
51 1034
51 1039
51 1040
51 1047
51 1051
51 1052
51 1055
51 1057
51 1064
51 1065
51 1072
51 1149
51 1154
51 1157
51 1158
51 1159
51 1160
51 1173
51 1174
51 1180
51 1183
51 1187
51 1193
51 1201
51 1206
51 1212
51 1225
51 1226
51 1230
51 1240
51 1246
51 1248
51 1252
51 1256
51 1260
51 1261
51 1277
51 1278
51 1295
51 1296
51 1302
51 1312
51 1319
51 1322
51 1342
51 1347
51 1355
51 1356
51 1362
51 1363
51 1378
51 1384
51 1386
51 1401
51 1406
51 1429
51 1444
51 1447
51 1458
51 1459
51 1465
51 1472
51 1479
51 1486
51 1492
51 1497
51 1500
51 1505
51 1515
51 1517
51 1551
51 1553
51 1555
51 1573
51 1575
51 1580
51 1585
51 1588
51 1596
51 1603
51 1606
51 1619
51 1620
51 1627
51 1633
51 1634
51 1636
51 1649
51 1666
51 1670
51 1676
51 1678
51 1683
51 1703
51 1708
51 1718
51 1745
51 1752
51 1775
51 1780
51 1798
51 1811
51 1826
51 1828
51 1852
51 1857
51 1863
51 1874
51 1876
51 1879
51 1882
51 1885
51 1886
52 16
52 34
52 46
52 47
52 85
52 142
52 155
52 195
52 279
52 286
52 308
52 309
52 311
52 340
52 342
52 407
52 546
52 547
52 603
52 619
52 656
52 657
52 735
52 739
52 783
52 790
52 809
52 828
52 865
52 871
52 874
52 886
52 912
52 1003
52 1017
52 1031
52 1047
52 1052
52 1058
52 1061
52 1066
52 1149
52 1158
52 1169
52 1181
52 1198
52 1211
52 1248
52 1258
52 1266
52 1286
52 1351
52 1353
52 1357
52 1360
52 1395
52 1404
52 1409
52 1442
52 1472
52 1478
52 1515
52 1520
52 1525
52 1533
52 1537
52 1555
52 1572
52 1575
52 1594
52 1619
52 1620
52 1624
52 1629
52 1640
52 1643
52 1648
52 1684
52 1687
52 1708
52 1715
52 1742
52 1746
52 1798
52 1811
52 1852
52 1853
52 1875
53 16
53 36
53 48
53 50
53 51
53 112
53 155
53 195
53 206
53 215
53 279
53 283
53 306
53 308
53 311
53 341
53 342
53 344
53 372
53 376
53 399
53 400
53 472
53 488
53 501
53 510
53 511
53 518
53 520
53 521
53 522
53 523
53 524
53 525
53 526
53 527
53 528
53 529
53 530
53 531
53 534
53 537
53 539
53 729
53 735
53 739
53 752
53 753
53 758
53 762
53 766
53 768
53 769
53 771
53 775
53 777
53 783
53 836
53 856
53 867
53 869
53 885
53 893
53 999
53 1001
53 1160
53 1173
53 1192
53 1208
53 1296
53 1301
53 1328
53 1356
53 1419
53 1437
53 1496
53 1505
53 1506
53 1515
53 1580
53 1596
53 1697
53 1715
53 1853
53 1863
53 2110
53 2828
54 16
54 34
54 46
54 47
54 49
54 50
54 64
54 127
54 155
54 160
54 200
54 204
54 206
54 215
54 341
54 342
54 347
54 348
54 449
54 486
54 487
54 497
54 505
54 510
54 514
54 515
54 516
54 517
54 518
54 521
54 529
54 540
54 541
54 543
54 544
54 546
54 547
54 549
54 550
54 552
54 555
54 556
54 561
54 562
54 564
54 565
54 567
54 568
54 570
54 571
54 573
54 574
54 578
54 579
54 584
54 586
54 588
54 590
54 592
54 594
54 595
54 597
54 598
54 603
54 604
54 608
54 609
54 611
54 613
54 619
54 620
54 622
54 702
54 704
54 705
54 729
54 733
54 777
54 789
54 801
54 880
54 938
54 941
54 953
54 1000
54 1003
54 1014
54 1016
54 1068
54 1189
54 1203
54 1230
54 1238
54 1250
54 1252
54 1258
54 1266
54 1404
54 1434
54 1437
54 1442
54 1456
54 1485
54 1515
54 1537
54 1548
54 1610
54 1649
54 1680
54 1697
54 1715
54 1718
54 1754
54 1776
54 1798
54 1896
54 1942
54 2040
54 2060
54 2078
54 2081
54 2119
54 2133
54 2174
54 2194
54 2308
55 16
55 50
55 488
55 509
55 700
55 701
55 742
55 753
55 762
55 784
55 852
55 938
55 966
55 996
55 998
55 1016
55 1088
55 1159
55 1259
55 1274
55 1442
55 1447
55 1505
55 1541
55 1603
55 1622
55 1798
55 2048
55 2050
55 2064
55 2124
56 16
56 44
56 64
56 126
56 206
56 310
56 335
56 336
56 348
56 543
56 742
56 785
56 885
56 1003
56 1568
57 16
57 34
57 36
57 42
57 44
57 46
57 47
57 48
57 49
57 50
57 51
57 52
57 64
57 85
57 90
57 112
57 125
57 126
57 127
57 141
57 142
57 155
57 156
57 194
57 195
57 200
57 205
57 206
57 215
57 279
57 286
57 306
57 308
57 309
57 310
57 311
57 312
57 330
57 340
57 341
57 342
57 343
57 344
57 345
57 346
57 347
57 348
57 376
57 378
57 390
57 406
57 407
57 422
57 472
57 486
57 487
57 488
57 489
57 497
57 499
57 501
57 503
57 505
57 507
57 509
57 510
57 511
57 512
57 513
57 514
57 515
57 516
57 517
57 518
57 519
57 520
57 521
57 522
57 523
57 524
57 525
57 526
57 527
57 528
57 529
57 530
57 531
57 532
57 533
57 534
57 535
57 536
57 537
57 538
57 539
57 540
57 541
57 543
57 544
57 546
57 547
57 549
57 550
57 552
57 553
57 555
57 556
57 558
57 559
57 561
57 562
57 564
57 565
57 567
57 568
57 570
57 571
57 573
57 574
57 576
57 578
57 579
57 581
57 582
57 584
57 586
57 588
57 590
57 592
57 594
57 595
57 597
57 598
57 599
57 601
57 603
57 604
57 606
57 608
57 609
57 611
57 613
57 619
57 620
57 622
57 624
57 626
57 634
57 636
57 645
57 646
57 665
57 666
57 674
57 702
57 703
57 705
57 713
57 714
57 729
57 731
57 733
57 734
57 735
57 737
57 738
57 740
57 741
57 742
57 744
57 745
57 746
57 748
57 749
57 751
57 752
57 753
57 755
57 757
57 758
57 759
57 762
57 764
57 765
57 766
57 767
57 768
57 769
57 771
57 772
57 773
57 774
57 775
57 776
57 777
57 778
57 783
57 785
57 787
57 789
57 790
57 794
57 795
57 796
57 797
57 798
57 799
57 800
57 801
57 802
57 803
57 806
57 807
57 809
57 813
57 814
57 816
57 820
57 824
57 826
57 828
57 829
57 832
57 836
57 839
57 841
57 842
57 844
57 847
57 848
57 849
57 852
57 854
57 856
57 857
57 862
57 864
57 865
57 866
57 867
57 869
57 870
57 871
57 872
57 873
57 874
57 881
57 882
57 886
57 890
57 893
57 900
57 904
57 910
57 911
57 912
57 914
57 915
57 923
57 925
57 930
57 932
57 933
57 934
57 938
57 939
57 941
57 945
57 948
57 949
57 950
57 951
57 952
57 953
57 954
57 955
57 965
57 966
57 971
57 973
57 974
57 978
57 979
57 980
57 981
57 991
57 992
57 994
57 996
57 997
57 998
57 1000
57 1003
57 1005
57 1006
57 1007
57 1008
57 1010
57 1011
57 1012
57 1014
57 1015
57 1017
57 1018
57 1020
57 1021
57 1025
57 1026
57 1035
57 1039
57 1040
57 1041
57 1044
57 1045
57 1047
57 1048
57 1051
57 1052
57 1053
57 1054
57 1057
57 1058
57 1059
57 1060
57 1062
57 1063
57 1065
57 1066
57 1068
57 1069
57 1070
57 1071
57 1072
57 1073
57 1081
57 1083
57 1084
57 1086
57 1088
57 1092
57 1101
57 1102
57 1107
57 1110
57 1139
57 1142
57 1143
57 1144
57 1145
57 1147
57 1149
57 1154
57 1157
57 1159
57 1160
57 1161
57 1162
57 1163
57 1164
57 1166
57 1168
57 1169
57 1170
57 1172
57 1173
57 1174
57 1175
57 1178
57 1179
57 1180
57 1181
57 1183
57 1185
57 1187
57 1189
57 1192
57 1193
57 1194
57 1196
57 1198
57 1199
57 1200
57 1201
57 1202
57 1203
57 1204
57 1205
57 1206
57 1207
57 1208
57 1209
57 1210
57 1211
57 1212
57 1213
57 1214
57 1216
57 1217
57 1219
57 1222
57 1224
57 1227
57 1229
57 1230
57 1231
57 1235
57 1238
57 1240
57 1246
57 1247
57 1248
57 1249
57 1250
57 1252
57 1253
57 1256
57 1257
57 1259
57 1260
57 1263
57 1266
57 1268
57 1272
57 1274
57 1275
57 1276
57 1277
57 1278
57 1281
57 1282
57 1283
57 1286
57 1287
57 1295
57 1296
57 1298
57 1299
57 1301
57 1302
57 1309
57 1310
57 1311
57 1312
57 1313
57 1314
57 1315
57 1317
57 1318
57 1319
57 1320
57 1321
57 1322
57 1323
57 1326
57 1327
57 1328
57 1336
57 1344
57 1346
57 1351
57 1352
57 1353
57 1355
57 1356
57 1357
57 1358
57 1360
57 1363
57 1366
57 1377
57 1378
57 1381
57 1382
57 1383
57 1384
57 1386
57 1389
57 1395
57 1397
57 1401
57 1404
57 1405
57 1406
57 1407
57 1409
57 1429
57 1432
57 1434
57 1437
57 1438
57 1440
57 1441
57 1442
57 1447
57 1453
57 1454
57 1457
57 1458
57 1459
57 1461
57 1463
57 1465
57 1467
57 1471
57 1472
57 1474
57 1478
57 1483
57 1485
57 1486
57 1489
57 1495
57 1496
57 1497
57 1498
57 1500
57 1501
57 1503
57 1505
57 1507
57 1508
57 1509
57 1510
57 1515
57 1517
57 1518
57 1520
57 1523
57 1525
57 1527
57 1528
57 1531
57 1533
57 1538
57 1540
57 1541
57 1542
57 1545
57 1546
57 1548
57 1549
57 1552
57 1553
57 1555
57 1560
57 1568
57 1570
57 1573
57 1575
57 1576
57 1580
57 1585
57 1590
57 1592
57 1596
57 1599
57 1606
57 1610
57 1613
57 1619
57 1620
57 1624
57 1627
57 1629
57 1633
57 1636
57 1641
57 1643
57 1646
57 1648
57 1649
57 1650
57 1658
57 1662
57 1666
57 1670
57 1671
57 1673
57 1676
57 1678
57 1681
57 1684
57 1685
57 1687
57 1695
57 1702
57 1703
57 1705
57 1708
57 1710
57 1715
57 1718
57 1728
57 1729
57 1731
57 1732
57 1737
57 1742
57 1745
57 1746
57 1749
57 1752
57 1753
57 1754
57 1760
57 1764
57 1769
57 1770
57 1775
57 1776
57 1780
57 1784
57 1786
57 1798
57 1799
57 1801
57 1806
57 1807
57 1808
57 1811
57 1828
57 1829
57 1831
57 1848
57 1849
57 1851
57 1852
57 1853
57 1857
57 1863
57 1867
57 1873
57 1874
57 1875
57 1876
57 1879
57 1880
57 1885
57 1886
57 1894
57 1896
57 1899
57 1901
57 1914
57 1917
57 1931
57 1936
57 1938
57 1939
57 1942
57 1960
57 1961
57 1963
57 1965
57 1968
57 1970
57 1973
57 1980
57 1988
57 1991
57 1994
57 1995
57 1996
57 1997
57 2001
57 2017
57 2029
57 2030
57 2031
57 2032
57 2033
57 2035
57 2036
57 2037
57 2038
57 2040
57 2041
57 2042
57 2043
57 2044
57 2045
57 2046
57 2047
57 2048
57 2049
57 2050
57 2051
57 2052
57 2053
57 2054
57 2055
57 2056
57 2057
57 2058
57 2059
57 2060
57 2061
57 2062
57 2063
57 2064
57 2065
57 2066
57 2067
57 2068
57 2069
57 2070
57 2071
57 2072
57 2073
57 2074
57 2075
57 2076
57 2077
57 2078
57 2079
57 2080
57 2081
57 2082
57 2083
57 2084
57 2089
57 2092
57 2100
57 2103
57 2115
57 2118
57 2120
57 2129
57 2132
57 2138
57 2140
57 2148
57 2152
57 2153
57 2158
57 2168
57 2172
57 2173
57 2183
57 2185
57 2190
57 2198
57 2221
57 2235
57 2238
57 2240
57 2250
57 2266
57 2274
57 2277
57 2294
57 2296
57 2304
57 2306
57 2308
57 2336
57 2359
57 2360
57 2366
57 2386
57 2392
57 2395
57 2408
57 2409
57 2411
57 2417
57 2420
57 2421
57 2428
57 2429
57 2434
57 2443
57 2453
57 2456
57 2458
57 2467
57 2468
57 2470
57 2471
57 2474
57 2481
57 2485
57 2493
57 2497
57 2498
57 2499
57 2504
57 2520
57 2522
57 2523
57 2524
57 2527
57 2528
57 2533
57 2542
57 2543
57 2546
57 2549
57 2550
57 2553
57 2555
57 2564
57 2567
57 2568
57 2569
57 2578
57 2579
57 2584
57 2592
57 2597
57 2603
57 2610
57 2622
57 2628
57 2633
57 2634
57 2639
57 2643
57 2644
57 2645
57 2646
57 2663
57 2664
57 2665
57 2667
57 2670
57 2674
57 2675
57 2682
57 2689
57 2691
57 2700
57 2712
57 2713
57 2715
57 2717
57 2724
57 2726
57 2738
57 2741
57 2747
57 2779
57 2781
57 2812
57 2825
57 2826
57 2828
57 2829
57 2837
57 2846
57 2899
57 2908
57 2911
57 2915
57 2919
57 2937
57 2993
57 3013
57 3033
57 3196
57 3198
57 3199
57 3333
57 6157
58 16
58 34
58 42
58 50
58 90
58 206
58 306
58 340
58 341
58 342
58 348
58 407
58 422
58 472
58 481
58 482
58 483
58 484
58 486
58 488
58 512
58 528
58 529
58 539
58 541
58 547
58 561
58 562
58 594
58 702
58 714
58 737
58 744
58 754
58 762
58 787
58 790
58 795
58 799
58 801
58 802
58 828
58 832
58 852
58 853
58 865
58 866
58 869
58 871
58 882
58 887
58 911
58 912
58 923
58 933
58 938
58 944
58 948
58 958
58 960
58 965
58 978
58 994
58 998
58 1007
58 1031
58 1039
58 1047
58 1052
58 1053
58 1062
58 1064
58 1068
58 1083
58 1086
58 1088
58 1102
58 1107
58 1118
58 1145
58 1147
58 1154
58 1159
58 1162
58 1167
58 1169
58 1181
58 1192
58 1194
58 1199
58 1204
58 1207
58 1210
58 1211
58 1212
58 1225
58 1226
58 1231
58 1248
58 1255
58 1268
58 1296
58 1302
58 1319
58 1321
58 1326
58 1340
58 1342
58 1353
58 1354
58 1357
58 1378
58 1382
58 1386
58 1400
58 1419
58 1434
58 1440
58 1447
58 1453
58 1457
58 1460
58 1465
58 1471
58 1483
58 1507
58 1508
58 1509
58 1510
58 1523
58 1524
58 1546
58 1568
58 1591
58 1594
58 1596
58 1599
58 1610
58 1620
58 1649
58 1662
58 1670
58 1695
58 1697
58 1715
58 1746
58 1786
58 1798
58 1811
58 1828
58 1848
58 1852
58 1872
58 1874
58 1876
58 1879
58 1882
58 1885
58 1886
58 1899
58 1915
58 1931
58 1938
58 1939
58 1975
58 1976
58 1988
58 1994
58 1995
58 1996
58 1997
58 2001
58 2002
58 2003
58 2004
58 2012
58 2013
58 2014
58 2035
58 2037
58 2048
58 2052
58 2053
58 2057
58 2059
58 2065
58 2068
58 2073
58 2078
58 2083
58 2099
58 2100
58 2101
58 2103
58 2117
58 2118
58 2134
58 2152
58 2204
58 2227
58 2242
58 2249
58 2250
58 2265
58 2268
58 2317
58 2318
58 2330
58 2332
58 2333
58 2394
58 2398
58 2407
58 2408
58 2409
58 2412
58 2419
58 2453
58 2458
58 2485
58 2490
58 2506
58 2509
58 2513
58 2518
58 2519
58 2523
58 2535
58 2537
58 2545
58 2547
58 2548
58 2549
58 2605
58 2606
58 2670
58 2751
58 2774
58 2781
58 2786
58 2815
58 2825
58 2828
58 2829
58 2845
58 2853
58 2910
58 2922
58 2942
58 3019
58 3045
58 3047
59 16
59 342
59 699
59 781
59 824
59 828
59 853
59 939
59 1005
59 1576
59 1852
59 1938
59 1970
59 2041
59 2052
59 2061
59 2077
59 2485
59 2899
59 3411
59 3428
59 3463
59 3506
59 3513
59 3673
59 3676
59 3685
59 3689
59 3690
59 3691
59 3693
59 3694
59 3720
59 3721
59 3722
59 3728
59 3729
59 3730
59 3731
59 3733
59 3734
59 3735
59 3736
59 3737
59 3738
59 3739
59 3740
59 3741
59 3742
59 3743
59 3744
59 3745
59 3746
59 3747
59 3748
59 3749
59 3750
59 3751
59 3752
59 3753
59 3754
59 3755
59 3756
59 3757
59 3758
59 3759
59 3760
59 3761
59 3762
59 3763
59 3764
59 3765
59 3766
59 3767
59 3768
59 3769
59 3770
59 3771
59 3772
59 3773
59 3776
59 3777
59 3778
59 3779
59 3780
59 3781
59 3782
59 3783
59 3784
59 3785
59 3786
59 3787
59 3788
59 3789
59 3790
59 3791
59 3792
59 3793
59 3794
59 3795
59 3796
59 3797
59 3798
59 3799
59 3800
59 3801
59 3802
59 3803
59 3804
59 3805
59 3806
59 3807
59 3808
59 3809
59 3810
59 3812
59 3813
59 3814
59 3815
59 3816
59 3817
59 3818
59 3819
59 3820
59 3821
59 3822
59 3823
59 3829
59 3830
59 3831
59 3832
59 3833
59 3834
59 3835
59 3836
59 3837
59 3838
59 3839
59 3840
59 3841
59 3842
59 3843
59 3844
59 3845
59 3846
59 3847
59 3848
59 3849
59 3850
59 3851
59 3852
59 3853
59 3854
59 3855
59 3856
59 3857
59 3858
59 3859
59 3860
59 3861
59 3862
59 3863
59 3864
59 3865
59 3866
59 3867
59 3868
59 3869
59 3870
59 3871
59 3872
59 3873
59 3874
59 3875
59 3876
59 3877
59 3878
59 3879
59 3880
59 3881
59 3882
59 3883
59 3884
59 3885
59 3886
59 3887
59 3888
59 3889
59 3890
59 3891
59 3892
59 3893
59 3894
59 3895
59 3896
59 3897
59 3898
59 3899
59 3900
59 3901
59 3902
59 3903
59 3904
59 3905
59 3906
59 3907
59 3908
59 3909
59 3910
59 3911
59 3912
59 3913
59 3914
59 3915
59 3916
59 3917
59 3918
59 3933
59 3951
59 3952
59 3953
59 3954
59 3955
59 3956
59 3957
59 3958
59 3959
59 3960
59 3961
59 3962
59 3963
59 3964
59 3965
59 3966
59 3967
59 3968
59 3969
59 3970
59 3971
59 3972
59 3973
59 3974
59 3975
59 3976
59 3977
59 3978
59 3979
59 3980
59 3981
59 3982
59 3983
59 3984
59 3985
59 3986
59 3987
59 3988
59 3989
59 3990
59 3991
59 3992
59 3993
59 3994
59 3995
59 3996
59 3997
59 3998
59 3999
59 4000
59 4001
59 4002
59 4003
59 4004
59 4005
59 4006
59 4007
59 4008
59 4009
59 4010
59 4011
59 4012
59 4013
59 4014
59 4015
59 4016
59 4017
59 4018
59 4019
59 4020
59 4021
59 4022
59 4023
59 4024
59 4025
59 4026
59 4027
59 4028
59 4029
59 4030
59 4031
59 4032
59 4033
59 4034
59 4035
59 4036
59 4037
59 4038
59 4039
59 4040
59 4041
59 4042
59 4043
59 4044
59 4045
59 4046
59 4047
59 4048
59 4049
59 4050
59 4051
59 4052
59 4053
59 4054
59 4055
59 4057
59 4058
59 4059
59 4060
59 4061
59 4062
59 4063
59 4064
59 4065
59 4066
59 4067
59 4068
59 4069
59 4070
59 4071
59 4072
59 4073
59 4074
59 4075
59 4076
59 4077
59 4078
59 4079
59 4080
59 4081
59 4082
59 4083
59 4084
59 4085
59 4086
59 4087
59 4088
59 4089
59 4090
59 4093
59 4094
59 4095
59 4096
59 4097
59 4098
59 4099
59 4100
59 4101
59 4102
59 4103
59 4104
59 4105
59 4106
59 4107
59 4108
59 4109
59 4110
59 4111
59 4112
59 4113
59 4114
59 4115
59 4116
59 4117
59 4118
59 4119
59 4120
59 4121
59 4122
59 4123
59 4124
59 4125
59 4126
59 4127
59 4128
59 4129
59 4130
59 4131
59 4132
59 4133
59 4134
59 4135
59 4136
59 4137
59 4138
59 4139
59 4140
59 4141
59 4142
59 4143
59 4144
59 4145
59 4146
59 4147
59 4148
59 4149
59 4150
59 4151
59 4152
59 4153
59 4154
59 4155
59 4156
59 4157
59 4158
59 4159
59 4160
59 4161
59 4162
59 4163
59 4164
59 4165
59 4166
59 4167
59 4168
59 4169
59 4170
59 4171
59 4172
59 4173
59 4174
59 4175
59 4176
59 4177
59 4178
59 4179
59 4180
59 4181
59 4182
59 4183
59 4184
59 4185
59 4186
59 4187
59 4188
59 4189
59 4190
59 4191
60 16
60 4117
61 17
61 34
61 36
61 52
61 107
61 130
61 143
61 206
62 17
62 22
62 36
62 42
62 85
62 90
62 112
62 142
62 143
62 155
62 194
62 195
62 205
62 206
62 283
62 284
62 286
62 306
62 308
62 309
62 310
62 311
62 315
62 330
62 340
62 341
62 342
62 344
62 355
62 369
62 407
62 413
62 422
62 431
62 472
62 474
62 488
62 501
62 502
62 505
62 507
62 509
62 511
62 674
62 699
62 702
62 703
62 704
62 705
62 707
62 713
62 714
62 717
62 718
62 719
62 720
62 723
62 725
62 726
62 727
62 728
62 729
62 731
62 733
62 734
62 735
62 736
62 737
62 738
62 739
62 740
62 741
62 742
62 743
62 744
62 745
62 746
62 747
62 748
62 749
62 750
62 751
62 752
62 753
62 754
62 755
62 757
62 758
62 759
62 760
62 761
62 762
62 764
62 765
62 766
62 767
62 768
62 769
62 770
62 771
62 772
62 773
62 774
62 775
62 776
62 777
62 778
62 779
62 780
62 781
62 782
62 783
62 784
62 785
62 786
62 788
62 789
62 790
62 791
62 792
62 793
62 794
62 795
62 796
62 797
62 798
62 799
62 800
62 801
62 802
62 803
62 804
62 805
62 806
62 807
62 808
62 809
62 810
62 811
62 812
62 813
62 814
62 815
62 816
62 817
62 818
62 819
62 820
62 821
62 823
62 825
62 826
62 827
62 828
62 829
62 832
62 836
62 838
62 839
62 840
62 841
62 842
62 844
62 847
62 848
62 849
62 850
62 852
62 853
62 854
62 855
62 856
62 857
62 858
62 859
62 860
62 861
62 862
62 863
62 864
62 865
62 866
62 867
62 868
62 869
62 870
62 871
62 872
62 873
62 874
62 875
62 876
62 877
62 878
62 879
62 880
62 881
62 882
62 883
62 884
62 885
62 886
62 887
62 888
62 889
62 890
62 891
62 892
62 893
62 894
62 895
62 896
62 897
62 898
62 900
62 901
62 902
62 903
62 904
62 905
62 906
62 907
62 908
62 909
62 910
62 911
62 912
62 913
62 914
62 915
62 916
62 917
62 918
62 919
62 920
62 921
62 922
62 923
62 924
62 925
62 927
62 928
62 929
62 930
62 931
62 932
62 933
62 934
62 935
62 936
62 937
62 938
62 939
62 940
62 941
62 942
62 943
62 944
62 945
62 946
62 948
62 956
62 957
62 958
62 959
62 960
62 965
62 966
62 968
62 969
62 970
62 971
62 972
62 973
62 974
62 975
62 976
62 977
62 978
62 979
62 980
62 981
62 982
62 983
62 984
62 985
62 986
62 987
62 988
62 989
62 990
62 991
62 993
62 994
62 996
62 997
62 998
62 999
62 1000
62 1001
62 1002
62 1003
62 1004
62 1005
62 1006
62 1007
62 1008
62 1009
62 1010
62 1011
62 1012
62 1013
62 1014
62 1015
62 1016
62 1017
62 1019
62 1020
62 1023
62 1024
62 1025
62 1026
62 1027
62 1028
62 1030
62 1031
62 1032
62 1033
62 1034
62 1035
62 1037
62 1038
62 1039
62 1040
62 1041
62 1042
62 1043
62 1047
62 1048
62 1049
62 1050
62 1051
62 1052
62 1053
62 1054
62 1055
62 1057
62 1058
62 1059
62 1060
62 1061
62 1062
62 1063
62 1064
62 1065
62 1066
62 1067
62 1068
62 1069
62 1070
62 1071
62 1072
62 1073
62 1074
62 1077
62 1078
62 1079
62 1080
62 1081
62 1082
62 1083
62 1084
62 1085
62 1086
62 1087
62 1088
62 1089
62 1090
62 1091
62 1093
62 1094
62 1095
62 1096
62 1097
62 1098
62 1099
62 1100
62 1101
62 1102
62 1103
62 1104
62 1105
62 1106
62 1107
62 1108
62 1109
62 1110
62 1111
62 1112
62 1113
62 1114
62 1115
62 1116
62 1117
62 1118
62 1138
62 1139
62 1140
62 1141
62 1142
62 1143
62 1144
62 1145
62 1146
62 1147
62 1148
62 1149
62 1150
62 1151
62 1152
62 1154
62 1155
62 1156
62 1157
62 1158
62 1159
62 1160
62 1161
62 1162
62 1163
62 1164
62 1165
62 1166
62 1167
62 1168
62 1169
62 1170
62 1171
62 1172
62 1173
62 1174
62 1175
62 1176
62 1177
62 1178
62 1179
62 1180
62 1181
62 1187
62 1188
62 1189
62 1190
62 1191
62 1192
62 1193
62 1194
62 1195
62 1196
62 1197
62 1198
62 1199
62 1200
62 1201
62 1202
62 1203
62 1204
62 1205
62 1206
62 1207
62 1208
62 1209
62 1210
62 1211
62 1212
62 1213
62 1214
62 1215
62 1216
62 1217
62 1218
62 1219
62 1220
62 1221
62 1222
62 1223
62 1224
62 1226
62 1227
62 1228
62 1229
62 1231
62 1232
62 1233
62 1234
62 1235
62 1236
62 1237
62 1238
62 1240
62 1241
62 1242
62 1243
62 1246
62 1247
62 1248
62 1249
62 1250
62 1251
62 1252
62 1253
62 1254
62 1255
62 1256
62 1257
62 1258
62 1259
62 1260
62 1261
62 1262
62 1263
62 1264
62 1265
62 1266
62 1267
62 1268
62 1269
62 1270
62 1271
62 1272
62 1273
62 1274
62 1275
62 1276
62 1277
62 1278
62 1279
62 1280
62 1281
62 1282
62 1283
62 1284
62 1286
62 1287
62 1288
62 1289
62 1290
62 1291
62 1292
62 1293
62 1295
62 1296
62 1297
62 1298
62 1300
62 1301
62 1302
62 1308
62 1309
62 1310
62 1311
62 1312
62 1313
62 1314
62 1315
62 1316
62 1317
62 1318
62 1319
62 1320
62 1321
62 1322
62 1323
62 1324
62 1325
62 1326
62 1327
62 1328
62 1329
62 1330
62 1331
62 1332
62 1333
62 1334
62 1335
62 1336
62 1337
62 1338
62 1342
62 1343
62 1344
62 1345
62 1346
62 1347
62 1348
62 1351
62 1352
62 1353
62 1354
62 1355
62 1356
62 1357
62 1358
62 1359
62 1360
62 1361
62 1362
62 1363
62 1364
62 1365
62 1366
62 1367
62 1369
62 1370
62 1372
62 1373
62 1374
62 1375
62 1376
62 1377
62 1378
62 1380
62 1381
62 1382
62 1383
62 1384
62 1385
62 1386
62 1387
62 1388
62 1389
62 1390
62 1391
62 1392
62 1393
62 1394
62 1395
62 1396
62 1397
62 1398
62 1399
62 1400
62 1401
62 1402
62 1403
62 1404
62 1405
62 1406
62 1407
62 1408
62 1409
62 1410
62 1411
62 1412
62 1413
62 1414
62 1415
62 1416
62 1417
62 1418
62 1419
62 1420
62 1421
62 1422
62 1423
62 1424
62 1425
62 1426
62 1427
62 1428
62 1429
62 1430
62 1431
62 1432
62 1433
62 1434
62 1435
62 1436
62 1437
62 1438
62 1439
62 1440
62 1441
62 1442
62 1443
62 1444
62 1445
62 1446
62 1447
62 1448
62 1449
62 1450
62 1451
62 1452
62 1453
62 1454
62 1455
62 1456
62 1457
62 1458
62 1459
62 1460
62 1461
62 1463
62 1464
62 1465
62 1466
62 1467
62 1468
62 1469
62 1470
62 1471
62 1472
62 1473
62 1474
62 1475
62 1476
62 1477
62 1478
62 1479
62 1480
62 1481
62 1482
62 1483
62 1484
62 1485
62 1486
62 1487
62 1488
62 1489
62 1490
62 1491
62 1492
62 1493
62 1494
62 1495
62 1496
62 1497
62 1498
62 1499
62 1500
62 1501
62 1502
62 1503
62 1504
62 1505
62 1506
62 1507
62 1508
62 1509
62 1510
62 1511
62 1512
62 1515
62 1516
62 1517
62 1518
62 1519
62 1520
62 1521
62 1522
62 1523
62 1524
62 1525
62 1526
62 1527
62 1528
62 1529
62 1530
62 1531
62 1535
62 1536
62 1537
62 1538
62 1539
62 1540
62 1541
62 1542
62 1543
62 1544
62 1545
62 1546
62 1547
62 1548
62 1549
62 1550
62 1551
62 1552
62 1553
62 1554
62 1555
62 1559
62 1560
62 1561
62 1562
62 1563
62 1564
62 1565
62 1566
62 1567
62 1568
62 1569
62 1570
62 1571
62 1572
62 1573
62 1574
62 1575
62 1576
62 1577
62 1578
62 1579
62 1580
62 1581
62 1582
62 1583
62 1584
62 1585
62 1586
62 1587
62 1588
62 1589
62 1590
62 1591
62 1592
62 1593
62 1594
62 1595
62 1596
62 1599
62 1600
62 1603
62 1604
62 1605
62 1606
62 1607
62 1608
62 1609
62 1613
62 1614
62 1615
62 1616
62 1617
62 1618
62 1619
62 1620
62 1621
62 1622
62 1623
62 1624
62 1625
62 1626
62 1627
62 1628
62 1629
62 1630
62 1631
62 1632
62 1633
62 1634
62 1635
62 1636
62 1637
62 1638
62 1639
62 1640
62 1641
62 1642
62 1643
62 1644
62 1645
62 1646
62 1647
62 1648
62 1649
62 1650
62 1651
62 1652
62 1653
62 1655
62 1656
62 1657
62 1658
62 1659
62 1660
62 1661
62 1662
62 1663
62 1664
62 1666
62 1667
62 1668
62 1669
62 1670
62 1671
62 1672
62 1673
62 1674
62 1675
62 1676
62 1677
62 1678
62 1679
62 1680
62 1681
62 1682
62 1683
62 1684
62 1685
62 1686
62 1687
62 1689
62 1690
62 1691
62 1692
62 1693
62 1694
62 1695
62 1696
62 1697
62 1698
62 1699
62 1700
62 1701
62 1702
62 1703
62 1704
62 1705
62 1706
62 1707
62 1708
62 1709
62 1710
62 1711
62 1712
62 1713
62 1714
62 1715
62 1716
62 1717
62 1718
62 1721
62 1722
62 1723
62 1725
62 1728
62 1729
62 1730
62 1731
62 1732
62 1733
62 1734
62 1735
62 1736
62 1737
62 1738
62 1739
62 1740
62 1741
62 1742
62 1743
62 1744
62 1745
62 1746
62 1747
62 1748
62 1749
62 1750
62 1751
62 1752
62 1753
62 1754
62 1755
62 1756
62 1757
62 1758
62 1759
62 1760
62 1761
62 1762
62 1763
62 1764
62 1765
62 1766
62 1767
62 1768
62 1769
62 1770
62 1771
62 1772
62 1774
62 1775
62 1778
62 1779
62 1780
62 1782
62 1783
62 1784
62 1785
62 1786
62 1789
62 1790
62 1798
62 1799
62 1800
62 1801
62 1802
62 1803
62 1804
62 1806
62 1807
62 1808
62 1809
62 1810
62 1811
62 1812
62 1813
62 1814
62 1815
62 1816
62 1817
62 1818
62 1819
62 1820
62 1821
62 1822
62 1823
62 1824
62 1826
62 1827
62 1828
62 1829
62 1830
62 1831
62 1832
62 1833
62 1834
62 1835
62 1836
62 1837
62 1838
62 1839
62 1843
62 1844
62 1845
62 1846
62 1848
62 1849
62 1850
62 1853
62 1854
62 1855
62 1856
62 1857
62 1858
62 1859
62 1860
62 1863
62 1864
62 1867
62 1868
62 1869
62 1870
62 1872
62 1873
62 1874
62 1875
62 1876
62 1877
62 1878
62 1879
62 1880
62 1881
62 1882
62 1883
62 1884
62 1885
62 1886
62 1887
62 1888
62 1889
62 1890
62 1891
62 1892
62 1894
62 1895
62 1896
62 1897
62 1898
62 1899
62 1912
62 1914
62 1915
62 1916
62 1917
62 1927
62 1928
62 1929
62 1930
62 1931
62 1942
62 1960
62 1961
62 1962
62 1963
62 1964
62 1965
62 1966
62 1967
62 1968
62 1969
62 1972
62 1973
62 1974
62 1975
62 1976
62 1977
62 1978
62 1979
62 1980
62 1981
62 1982
62 1983
62 1984
62 1985
62 1986
62 1988
62 1989
62 1990
62 1991
62 1992
62 1993
62 1994
62 1995
62 1996
62 1997
62 1998
62 1999
62 2001
62 2002
62 2003
62 2004
62 2005
62 2009
62 2010
62 2011
62 2012
62 2013
62 2014
62 2015
62 2016
62 2017
62 2020
62 2022
62 2023
62 2024
62 2025
62 2026
62 2027
62 2028
62 2032
62 2034
62 2039
62 2040
62 2043
62 2048
62 2049
62 2052
62 2053
62 2056
62 2060
62 2061
62 2062
62 2063
62 2065
62 2072
62 2076
62 2077
62 2083
62 2084
62 2087
62 2088
62 2089
62 2090
62 2091
62 2092
62 2093
62 2094
62 2095
62 2096
62 2097
62 2098
62 2099
62 2100
62 2101
62 2102
62 2103
62 2109
62 2110
62 2114
62 2115
62 2116
62 2117
62 2118
62 2119
62 2120
62 2121
62 2122
62 2123
62 2124
62 2125
62 2126
62 2127
62 2128
62 2129
62 2132
62 2133
62 2134
62 2135
62 2136
62 2137
62 2138
62 2139
62 2140
62 2144
62 2145
62 2147
62 2148
62 2149
62 2150
62 2151
62 2152
62 2153
62 2155
62 2157
62 2158
62 2159
62 2160
62 2161
62 2162
62 2163
62 2164
62 2165
62 2166
62 2167
62 2168
62 2169
62 2170
62 2171
62 2172
62 2173
62 2175
62 2176
62 2177
62 2178
62 2179
62 2180
62 2181
62 2182
62 2183
62 2184
62 2185
62 2186
62 2187
62 2188
62 2189
62 2190
62 2192
62 2193
62 2194
62 2195
62 2197
62 2198
62 2199
62 2200
62 2201
62 2202
62 2203
62 2204
62 2205
62 2206
62 2207
62 2208
62 2209
62 2210
62 2211
62 2212
62 2213
62 2214
62 2215
62 2216
62 2217
62 2218
62 2219
62 2220
62 2221
62 2222
62 2223
62 2224
62 2225
62 2227
62 2228
62 2230
62 2231
62 2232
62 2235
62 2236
62 2237
62 2238
62 2239
62 2240
62 2241
62 2242
62 2243
62 2244
62 2245
62 2246
62 2247
62 2248
62 2249
62 2250
62 2251
62 2256
62 2257
62 2258
62 2259
62 2260
62 2261
62 2263
62 2264
62 2265
62 2266
62 2268
62 2269
62 2270
62 2271
62 2272
62 2273
62 2274
62 2275
62 2276
62 2277
62 2278
62 2280
62 2285
62 2286
62 2287
62 2288
62 2289
62 2290
62 2291
62 2293
62 2294
62 2295
62 2296
62 2298
62 2299
62 2300
62 2301
62 2302
62 2303
62 2304
62 2305
62 2306
62 2307
62 2308
62 2309
62 2310
62 2311
62 2312
62 2313
62 2314
62 2315
62 2316
62 2317
62 2318
62 2319
62 2320
62 2321
62 2322
62 2323
62 2324
62 2325
62 2326
62 2327
62 2328
62 2329
62 2330
62 2331
62 2332
62 2333
62 2334
62 2335
62 2336
62 2337
62 2339
62 2340
62 2341
62 2342
62 2343
62 2344
62 2345
62 2346
62 2347
62 2348
62 2349
62 2350
62 2351
62 2352
62 2353
62 2354
62 2355
62 2356
62 2357
62 2358
62 2359
62 2360
62 2361
62 2362
62 2363
62 2366
62 2370
62 2372
62 2373
62 2374
62 2375
62 2376
62 2377
62 2378
62 2379
62 2380
62 2381
62 2382
62 2383
62 2384
62 2385
62 2386
62 2387
62 2388
62 2389
62 2390
62 2391
62 2392
62 2393
62 2394
62 2395
62 2396
62 2397
62 2398
62 2399
62 2400
62 2401
62 2402
62 2403
62 2404
62 2405
62 2406
62 2407
62 2409
62 2410
62 2411
62 2412
62 2413
62 2414
62 2415
62 2416
62 2417
62 2418
62 2419
62 2420
62 2421
62 2422
62 2423
62 2424
62 2425
62 2426
62 2427
62 2428
62 2429
62 2430
62 2431
62 2432
62 2433
62 2434
62 2435
62 2436
62 2437
62 2438
62 2439
62 2440
62 2441
62 2442
62 2443
62 2444
62 2445
62 2446
62 2447
62 2448
62 2450
62 2451
62 2453
62 2454
62 2455
62 2456
62 2457
62 2458
62 2459
62 2460
62 2461
62 2462
62 2463
62 2464
62 2465
62 2466
62 2467
62 2468
62 2470
62 2471
62 2472
62 2473
62 2474
62 2475
62 2476
62 2477
62 2478
62 2479
62 2480
62 2481
62 2482
62 2483
62 2484
62 2485
62 2486
62 2487
62 2488
62 2489
62 2490
62 2491
62 2492
62 2493
62 2494
62 2495
62 2496
62 2497
62 2498
62 2499
62 2500
62 2502
62 2503
62 2504
62 2505
62 2506
62 2507
62 2508
62 2509
62 2511
62 2513
62 2516
62 2517
62 2518
62 2519
62 2520
62 2521
62 2522
62 2523
62 2524
62 2525
62 2526
62 2527
62 2528
62 2529
62 2530
62 2531
62 2532
62 2533
62 2534
62 2535
62 2536
62 2537
62 2538
62 2539
62 2540
62 2541
62 2542
62 2543
62 2544
62 2545
62 2546
62 2547
62 2548
62 2549
62 2550
62 2551
62 2552
62 2553
62 2554
62 2555
62 2556
62 2557
62 2558
62 2559
62 2560
62 2561
62 2562
62 2563
62 2564
62 2565
62 2566
62 2567
62 2568
62 2569
62 2570
62 2572
62 2573
62 2574
62 2575
62 2576
62 2577
62 2578
62 2579
62 2580
62 2581
62 2582
62 2583
62 2584
62 2585
62 2586
62 2587
62 2588
62 2589
62 2590
62 2591
62 2592
62 2593
62 2594
62 2595
62 2596
62 2597
62 2598
62 2599
62 2600
62 2601
62 2602
62 2603
62 2604
62 2605
62 2606
62 2607
62 2608
62 2609
62 2610
62 2611
62 2612
62 2613
62 2614
62 2615
62 2616
62 2617
62 2618
62 2619
62 2620
62 2621
62 2622
62 2623
62 2624
62 2625
62 2626
62 2627
62 2628
62 2630
62 2631
62 2632
62 2633
62 2634
62 2635
62 2636
62 2637
62 2638
62 2639
62 2640
62 2641
62 2642
62 2644
62 2645
62 2646
62 2647
62 2648
62 2652
62 2653
62 2654
62 2655
62 2656
62 2657
62 2658
62 2659
62 2660
62 2661
62 2662
62 2663
62 2664
62 2665
62 2666
62 2667
62 2668
62 2669
62 2670
62 2671
62 2672
62 2673
62 2674
62 2675
62 2676
62 2677
62 2678
62 2679
62 2680
62 2681
62 2682
62 2683
62 2684
62 2686
62 2687
62 2688
62 2689
62 2691
62 2692
62 2693
62 2694
62 2695
62 2696
62 2697
62 2698
62 2699
62 2700
62 2701
62 2702
62 2703
62 2704
62 2705
62 2706
62 2707
62 2708
62 2709
62 2710
62 2711
62 2712
62 2713
62 2714
62 2715
62 2716
62 2717
62 2718
62 2719
62 2720
62 2721
62 2722
62 2723
62 2724
62 2725
62 2726
62 2727
62 2730
62 2731
62 2733
62 2734
62 2735
62 2736
62 2737
62 2738
62 2739
62 2740
62 2741
62 2742
62 2746
62 2747
62 2748
62 2749
62 2750
62 2751
62 2755
62 2756
62 2757
62 2758
62 2760
62 2761
62 2762
62 2763
62 2764
62 2765
62 2766
62 2767
62 2768
62 2769
62 2770
62 2774
62 2775
62 2776
62 2778
62 2779
62 2780
62 2781
62 2782
62 2783
62 2784
62 2785
62 2786
62 2788
62 2789
62 2790
62 2791
62 2792
62 2793
62 2794
62 2795
62 2796
62 2797
62 2798
62 2799
62 2801
62 2802
62 2803
62 2804
62 2807
62 2808
62 2812
62 2815
62 2833
62 2834
62 2835
62 2836
62 2837
62 2843
62 2845
62 2846
62 2847
62 2849
62 2852
62 2853
62 2854
62 2855
62 2856
62 2857
62 2858
62 2859
62 2860
62 2861
62 2862
62 2863
62 2864
62 2865
62 2874
62 2877
62 2882
62 2883
62 2884
62 2885
62 2886
62 2887
62 2888
62 2889
62 2890
62 2891
62 2892
62 2893
62 2894
62 2895
62 2896
62 2900
62 2901
62 2902
62 2903
62 2904
62 2905
62 2906
62 2907
62 2908
62 2909
62 2910
62 2911
62 2912
62 2913
62 2914
62 2915
62 2916
62 2917
62 2918
62 2919
62 2920
62 2921
62 2922
62 2923
62 2924
62 2925
62 2926
62 2927
62 2928
62 2929
62 2930
62 2931
62 2932
62 2942
62 2947
62 2948
62 2949
62 2950
62 2954
62 2955
62 2956
62 2957
62 2958
62 2959
62 2960
62 2961
62 2962
62 2963
62 2964
62 2968
62 2969
62 2970
62 2971
62 2972
62 2973
62 2974
62 2975
62 2976
62 2978
62 2979
62 2980
62 2983
62 2991
62 2992
62 2993
62 2997
62 3004
62 3005
62 3006
62 3008
62 3009
62 3010
62 3011
62 3013
62 3014
62 3015
62 3016
62 3017
62 3018
62 3019
62 3020
62 3021
62 3022
62 3023
62 3024
62 3025
62 3026
62 3027
62 3028
62 3029
62 3030
62 3031
62 3032
62 3033
62 3034
62 3035
62 3036
62 3037
62 3038
62 3039
62 3040
62 3041
62 3044
62 3045
62 3046
62 3047
62 3048
62 3049
62 3050
62 3051
62 3052
62 3053
62 3054
62 3055
62 3056
62 3057
62 3058
62 3059
62 3064
62 3065
62 3078
62 3079
62 3080
62 3082
62 3083
62 3084
62 3173
62 3174
62 3175
62 3177
62 3178
62 3179
62 3181
62 3184
62 3185
62 3186
62 3187
62 3188
62 3189
62 3190
62 3191
62 3192
62 3193
62 3198
62 3199
62 3200
62 3201
62 3202
62 3203
62 3204
62 3205
62 3206
62 3208
62 3210
62 3211
62 3212
62 3213
62 3214
62 3222
62 3223
62 3224
62 3227
62 3228
62 3229
62 3230
62 3231
62 3232
62 3233
62 3234
62 3235
62 3236
62 3237
62 3238
62 3244
62 3246
62 3247
62 3248
62 3249
62 3250
62 3251
62 3252
62 3253
62 3254
62 3255
62 3256
62 3257
62 3258
62 3259
62 3260
62 3261
62 3264
62 3265
62 3266
62 3267
62 3268
62 3269
62 3272
62 3279
62 3280
62 3281
62 3282
62 3283
62 3284
62 3285
62 3286
62 3287
62 3288
62 3289
62 3290
62 3291
62 3292
62 3293
62 3294
62 3295
62 3296
62 3297
62 3298
62 3299
62 3300
62 3301
62 3302
62 3303
62 3304
62 3305
62 3306
62 3308
62 3309
62 3310
62 3311
62 3312
62 3313
62 3314
62 3315
62 3316
62 3317
62 3318
62 3319
62 3320
62 3321
62 3326
62 3327
62 3328
62 3329
62 3330
62 3331
62 3333
62 3334
62 3336
62 3337
62 3338
62 3339
62 3342
62 3345
62 3346
62 3347
62 3348
62 3349
62 3350
62 3351
62 3352
62 3353
62 3354
62 3355
62 3356
62 3357
62 3359
62 3360
62 3361
62 3362
62 3363
62 3364
62 3365
62 3366
62 3367
62 3369
62 3380
62 3381
62 3382
62 3383
62 3384
62 3386
62 3389
62 3390
62 3391
62 3393
62 3394
62 3402
62 3403
62 3404
62 3406
62 3407
62 3408
62 3409
62 3410
62 3411
62 3412
62 3413
62 3414
62 3415
62 3416
62 3417
62 3418
62 3419
62 3420
62 3421
62 3422
62 3423
62 3424
62 3425
62 3426
62 3427
62 3428
62 3429
62 3430
62 3431
62 3432
62 3433
62 3434
62 3435
62 3436
62 3437
62 3438
62 3439
62 3440
62 3442
62 3443
62 3449
62 3452
62 3453
62 3454
62 3455
62 3456
62 3457
62 3458
62 3459
62 3460
62 3461
62 3464
62 3465
62 3466
62 3467
62 3468
62 3472
62 3473
62 3474
62 3475
62 3476
62 3477
62 3478
62 3479
62 3480
62 3481
62 3482
62 3483
62 3484
62 3485
62 3490
62 3491
62 3492
62 3493
62 3494
62 3495
62 3496
62 3497
62 3498
62 3499
62 3500
62 3501
62 3502
62 3503
62 3504
62 3505
62 3507
62 3508
62 3509
62 3510
62 3511
62 3512
62 3513
62 3514
62 3517
62 3518
62 3519
62 3521
62 3522
62 3525
62 3526
62 3529
62 3530
62 3534
62 3546
62 3547
62 3548
62 3549
62 3550
62 3551
62 3552
62 3553
62 3554
62 3555
62 3556
62 3557
62 3558
62 3559
62 3560
62 3561
62 3562
62 3563
62 3564
62 3565
62 3566
62 3567
62 3568
62 3569
62 3570
62 3571
62 3572
62 3573
62 3574
62 3575
62 3576
62 3577
62 3578
62 3579
62 3580
62 3581
62 3582
62 3583
62 3584
62 3585
62 3586
62 3598
62 3599
62 3600
62 3601
62 3602
62 3603
62 3604
62 3605
62 3606
62 3607
62 3618
62 3624
62 3631
62 3642
62 3645
62 3657
62 3662
62 3663
62 3671
62 3672
62 3678
62 3700
62 3713
62 3714
62 3715
62 3825
62 3826
62 3827
62 3828
62 4206
62 4208
62 4210
62 4212
62 4222
62 4225
62 4226
62 4227
62 4228
62 4229
62 4230
62 4234
62 4237
62 4238
62 4239
62 4240
62 4241
62 4242
62 4243
62 4244
62 4247
62 4265
62 4266
62 4267
62 4268
62 4269
62 4270
62 4271
62 4272
62 4273
62 4274
62 4275
62 4276
62 4277
62 4278
62 4279
62 4280
62 4281
62 4282
62 4283
62 4284
62 4285
62 4286
62 4293
62 4297
62 4298
62 4299
62 4300
62 4301
62 4305
62 4306
62 4307
62 4308
62 4309
62 4311
62 4312
62 4313
62 4314
62 4315
62 4316
62 4317
62 4318
62 4319
62 4320
62 4321
62 4322
62 4325
62 4326
62 4327
62 4328
62 4329
62 4330
62 4331
62 4332
62 4333
62 4334
62 4335
62 4336
62 4337
62 4338
62 4339
62 4340
62 4341
62 4342
62 4343
62 4344
62 4345
62 4346
62 4347
62 4348
62 4349
62 4350
62 4351
62 4352
62 4353
62 4354
62 4355
62 4356
62 4357
62 4358
62 4359
62 4360
62 4361
62 4362
62 4363
62 4364
62 4365
62 4366
62 4367
62 4368
62 4369
62 4370
62 4376
62 4381
62 4382
62 4383
62 4384
62 4385
62 4386
62 4387
62 4388
62 4389
62 4390
62 4391
62 4392
62 4401
62 4405
62 4406
62 4411
62 4412
62 4415
62 4416
62 4516
62 4517
62 4518
62 4533
62 4534
62 4537
62 4538
62 4539
62 4542
62 4544
62 4561
62 4563
62 4565
62 4577
62 4581
62 4583
62 4599
62 4600
62 4620
62 4630
62 4642
62 4665
62 4684
62 4688
62 4689
62 4690
62 4691
62 4692
62 4693
62 4694
62 4695
62 4696
62 4697
62 4698
62 4699
62 4700
62 4701
62 4702
62 4703
62 4704
62 4713
62 4716
62 4720
62 4723
62 4749
62 4759
62 4771
62 4776
62 4780
62 4781
62 4783
62 4787
62 4789
62 4790
62 4793
62 4794
62 4798
62 4799
62 4800
62 4801
62 4802
62 4803
62 4809
62 4822
62 4826
62 4838
62 4843
62 4848
62 4852
62 4855
62 4860
62 4865
62 4868
62 4869
62 4872
62 4878
62 4880
62 4884
62 4888
62 4891
62 4893
62 4897
62 4899
62 4902
62 4910
62 4911
62 4915
62 4918
62 4926
62 4934
62 4937
62 4938
62 4943
62 4949
62 4958
62 4963
62 4975
62 4979
62 4982
62 4983
62 4990
62 4994
62 5003
62 5004
62 5005
62 5006
62 5016
62 5020
62 5023
62 5033
62 5037
62 5052
62 5054
62 5059
62 5066
62 5067
62 5077
62 5081
62 5082
62 5090
62 5092
62 5113
62 5119
62 5120
62 5121
62 5132
62 5150
62 5153
62 5159
62 5169
62 5193
62 5194
62 5201
62 5205
62 5211
62 5212
62 5233
62 5236
62 5237
62 5241
62 5242
62 5260
62 5274
62 5282
62 5314
62 5326
62 5338
62 5339
62 5423
62 5426
62 5427
62 5428
62 5429
62 5432
62 5433
62 5449
62 5482
62 5495
62 5496
62 5520
62 5543
62 5548
62 5550
62 5556
62 5560
62 5561
62 5564
62 5565
62 5578
62 5599
62 5600
62 5647
62 5654
62 5658
62 5667
62 5669
62 5671
62 5705
62 5709
62 5717
62 5718
62 5721
62 5723
62 5725
62 5746
62 5749
62 5751
62 5752
62 5755
62 5756
62 5758
62 5762
62 5767
62 5768
62 5770
62 5771
62 5776
62 5777
62 5778
62 5783
62 5786
62 5803
62 5808
62 5810
62 5824
62 5827
62 5829
62 5832
62 5840
62 5848
62 5849
62 5850
62 5851
62 5852
62 5853
62 5854
62 5855
62 5856
62 5857
62 5860
62 5861
62 5862
62 5863
62 5864
62 5865
62 5866
62 5867
62 5868
62 5869
62 5870
62 5871
62 5872
62 5873
62 5874
62 5875
62 5876
62 5877
62 5878
62 5879
62 5880
62 5881
62 5882
62 5883
62 5884
62 5885
62 5886
62 5887
62 5888
62 5889
62 5890
62 5891
62 5892
62 5893
62 5894
62 5895
62 5897
62 5898
62 5899
62 5900
62 5901
62 5904
62 5905
62 5906
62 5908
62 5909
62 5910
62 5911
62 5912
62 5916
62 5917
62 5918
62 5919
62 5923
62 5924
62 5925
62 5926
62 5927
62 5928
62 5929
62 5930
62 5931
62 5932
62 5933
62 5934
62 5935
62 5936
62 5937
62 5941
62 5942
62 5943
62 5944
62 5947
62 5948
62 5949
62 5950
62 5956
62 5967
62 5980
62 5982
62 5983
62 5984
62 5985
62 5986
62 5987
62 5988
62 5989
62 5990
62 5991
62 5992
62 5993
62 5994
62 5995
62 5996
62 5997
62 5998
62 5999
62 6000
62 6001
62 6002
62 6005
62 6006
62 6007
62 6008
62 6009
62 6010
62 6011
62 6012
62 6013
62 6014
62 6016
62 6017
62 6018
62 6019
62 6020
62 6021
62 6022
62 6023
62 6024
62 6025
62 6026
62 6027
62 6028
62 6029
62 6030
62 6031
62 6032
62 6033
62 6034
62 6035
62 6036
62 6037
62 6038
62 6039
62 6040
62 6041
62 6042
62 6043
62 6044
62 6045
62 6046
62 6047
62 6048
62 6049
62 6050
62 6051
62 6052
62 6053
62 6054
62 6055
62 6056
62 6057
62 6058
62 6059
62 6060
62 6061
62 6062
62 6063
62 6064
62 6065
62 6066
62 6067
62 6068
62 6069
62 6070
62 6071
62 6072
62 6073
62 6075
62 6080
62 6085
62 6090
62 6091
62 6092
62 6093
62 6094
62 6095
62 6097
62 6098
62 6099
62 6100
62 6101
62 6102
62 6103
62 6104
62 6105
62 6106
62 6107
62 6108
62 6109
62 6110
62 6111
62 6112
62 6113
62 6114
62 6119
62 6120
62 6121
62 6122
62 6123
62 6124
62 6125
62 6126
62 6127
62 6128
62 6129
62 6130
62 6131
62 6132
62 6133
62 6134
62 6135
62 6136
62 6137
62 6138
62 6139
62 6140
62 6141
62 6142
62 6143
62 6144
62 6145
62 6146
62 6147
62 6148
62 6149
62 6150
62 6151
62 6152
62 6153
62 6154
62 6155
62 6156
62 6157
62 6158
62 6159
62 6160
62 6161
62 6162
62 6163
62 6164
62 6165
62 6166
62 6167
62 6168
62 6169
62 6170
62 6171
62 6172
62 6173
62 6174
62 6175
62 6176
62 6177
62 6178
62 6179
62 6180
62 6181
62 6188
62 6189
62 6190
62 6191
62 6192
62 6193
62 6194
62 6195
62 6196
62 6197
62 6198
62 6199
62 6200
62 6201
62 6202
62 6203
62 6204
62 6205
62 6206
62 6207
62 6208
62 6209
62 6210
62 6211
62 6212
62 6213
62 6214
62 6215
62 6216
62 6217
62 6218
62 6219
62 6220
62 6221
62 6222
62 6223
62 6224
62 6225
62 6226
62 6227
62 6228
62 6232
62 6233
62 6234
62 6235
62 6236
62 6237
62 6238
62 6239
62 6240
62 6241
62 6242
62 6243
62 6244
62 6245
62 6246
62 6247
62 6248
62 6249
62 6250
62 6251
62 6252
62 6253
62 6254
62 6255
62 6256
62 6257
62 6258
62 6259
62 6260
62 6261
62 6262
62 6263
62 6264
62 6265
62 6266
62 6267
62 6268
62 6269
62 6270
62 6271
62 6272
62 6273
62 6274
62 6275
62 6276
62 6277
62 6278
62 6279
62 6280
62 6281
62 6282
62 6283
62 6284
62 6285
62 6286
62 6287
62 6288
62 6289
62 6290
62 6291
62 6292
62 6293
62 6294
62 6295
62 6296
62 6297
62 6298
62 6299
62 6300
62 6301
62 6302
62 6303
62 6304
62 6305
62 6306
62 6307
62 6308
62 6309
62 6310
62 6311
62 6312
62 6313
62 6314
62 6315
62 6316
62 6317
62 6318
62 6319
62 6320
62 6321
62 6322
62 6323
62 6324
62 6325
62 6326
62 6327
62 6328
62 6329
62 6330
62 6331
62 6332
62 6333
62 6334
62 6335
62 6336
62 6337
62 6338
62 6341
62 6342
62 6343
62 6344
62 6345
62 6346
62 6347
62 6348
62 6349
62 6350
62 6351
62 6352
62 6353
62 6354
62 6355
62 6356
62 6357
62 6358
62 6359
62 6360
62 6361
62 6362
62 6363
62 6364
62 6365
62 6366
62 6367
62 6368
62 6369
62 6370
62 6371
62 6372
62 6373
62 6374
62 6375
62 6376
62 6377
62 6378
62 6379
62 6380
62 6381
62 6382
62 6383
62 6384
62 6385
62 6386
62 6387
62 6388
62 6389
62 6390
62 6391
62 6392
62 6393
62 6394
62 6395
62 6396
62 6397
62 6398
62 6399
62 6400
62 6401
62 6402
62 6403
62 6404
62 6405
62 6406
62 6407
62 6408
62 6409
62 6410
62 6411
62 6412
62 6413
62 6414
62 6415
62 6416
62 6417
62 6418
62 6422
62 6426
62 6427
62 6428
62 6429
62 6430
62 6431
62 6432
62 6433
62 6434
62 6435
62 6436
62 6437
62 6438
62 6439
62 6440
62 6441
62 6442
62 6443
62 6444
62 6445
62 6446
62 6447
62 6448
62 6449
62 6450
62 6451
62 6452
62 6453
62 6454
62 6455
62 6456
62 6457
62 6458
62 6459
62 6460
62 6461
62 6462
62 6463
62 6464
62 6465
62 6466
62 6467
62 6468
62 6469
62 6470
62 6471
62 6472
62 6473
62 6475
62 6476
62 6477
62 6478
62 6479
62 6480
62 6481
62 6482
62 6483
62 6484
62 6485
62 6486
62 6487
62 6488
62 6489
62 6490
62 6491
62 6492
62 6493
62 6494
62 6495
62 6496
62 6497
62 6498
62 6499
62 6500
62 6501
62 6502
62 6503
62 6504
62 6505
62 6506
62 6507
62 6508
62 6509
62 6510
62 6511
62 6512
62 6513
62 6514
62 6515
62 6516
62 6517
62 6518
62 6519
62 6520
62 6521
62 6522
62 6523
62 6524
62 6525
62 6526
62 6527
62 6528
62 6529
62 6530
62 6531
62 6532
62 6533
62 6534
62 6535
62 6536
62 6537
62 6538
62 6539
62 6540
62 6541
62 6542
62 6543
62 6544
62 6545
62 6546
62 6547
62 6548
62 6549
62 6550
62 6551
62 6552
62 6553
62 6554
62 6556
62 6557
62 6558
62 6559
62 6560
62 6561
62 6562
62 6563
62 6564
62 6565
62 6566
62 6567
62 6568
62 6569
62 6570
62 6571
62 6572
62 6573
62 6574
62 6575
62 6576
62 6577
62 6578
62 6579
62 6580
62 6581
62 6582
62 6583
62 6584
62 6585
62 6586
62 6587
62 6588
62 6589
62 6590
62 6591
62 6592
62 6593
62 6594
62 6595
62 6596
62 6597
62 6598
62 6599
62 6600
62 6601
62 6602
62 6603
62 6606
62 6610
62 6612
62 6613
62 6614
62 6615
62 6616
62 6617
62 6618
62 6619
62 6620
62 6621
62 6622
62 6623
62 6624
62 6625
62 6626
62 6627
62 6628
62 6629
62 6630
62 6631
62 6633
62 6634
62 6635
62 6636
62 6637
62 6639
62 6640
62 6641
62 6642
62 6643
62 6644
62 6645
62 6646
62 6647
62 6648
62 6649
62 6650
62 6651
62 6652
62 6653
62 6654
62 6655
62 6656
62 6657
62 6658
62 6659
62 6660
62 6661
62 6662
62 6663
62 6664
62 6665
62 6666
62 6671
62 6672
62 6673
62 6674
62 6675
62 6676
62 6677
62 6678
62 6679
62 6680
62 6681
62 6682
62 6683
62 6684
62 6685
62 6686
62 6687
62 6688
62 6689
62 6690
62 6691
62 6692
62 6693
62 6694
62 6695
62 6696
62 6697
62 6698
62 6699
62 6700
62 6701
62 6702
62 6703
62 6704
62 6705
62 6706
62 6707
62 6708
62 6709
62 6710
62 6711
62 6712
62 6713
62 6714
62 6715
62 6716
62 6717
62 6718
62 6719
62 6720
62 6721
62 6722
62 6723
62 6724
62 6725
62 6728
62 6729
62 6730
62 6731
62 6732
62 6733
62 6734
62 6735
62 6736
62 6737
62 6739
62 6740
62 6741
62 6742
62 6743
62 6744
62 6745
62 6746
62 6747
62 6748
62 6750
62 6753
62 6754
62 6755
62 6756
62 6757
62 6758
62 6759
62 6760
62 6761
62 6762
62 6763
62 6764
62 6765
62 6766
62 6767
62 6768
62 6769
62 6770
62 6796
62 6797
62 6798
62 6799
62 6806
62 6807
62 6808
62 6809
62 6810
62 6811
62 6812
62 6813
62 6814
62 6816
62 6817
62 6818
62 6819
62 6820
62 6821
62 6822
62 6823
62 6824
62 6825
62 6826
62 6827
62 6828
62 6829
62 6830
62 6831
62 6833
62 6834
62 6835
62 6836
62 6837
62 6838
62 6839
62 6840
62 6841
62 6842
62 6843
62 6844
62 6845
62 6846
62 6847
62 6848
62 6856
62 6858
62 6859
62 6860
62 6864
62 6869
62 6870
62 6871
62 6872
62 6873
62 6874
62 6876
62 6884
62 6885
62 6886
62 6887
62 6888
62 6889
62 6890
62 6891
62 6892
62 6893
62 6896
62 6898
62 6899
62 6900
62 6901
62 6902
62 6903
62 6904
62 6905
62 6906
62 6917
62 6919
62 6932
62 6933
62 6934
62 6935
62 6936
62 6937
62 6939
62 6940
62 6941
62 6942
62 6943
62 6944
62 6945
62 6946
62 6947
62 6948
62 6949
62 6950
62 6951
62 6952
62 6982
62 6983
62 6984
62 6985
62 6986
62 6987
62 6988
62 6989
62 6990
62 6991
62 6992
62 6993
62 6994
62 6995
62 6996
62 6997
62 6999
62 7000
62 7001
62 7002
62 7003
62 7004
62 7025
62 7062
62 7065
62 7066
62 7070
62 7071
62 7075
62 7076
62 7077
62 7078
62 7079
62 7080
62 7081
62 7082
62 7083
62 7084
62 7085
62 7086
62 7087
62 7088
62 7089
62 7090
62 7091
62 7092
62 7093
62 7094
62 7095
62 7096
62 7097
62 7098
62 7099
62 7100
62 7101
62 7102
62 7103
62 7104
62 7105
62 7106
62 7107
62 7108
62 7124
62 7125
62 7126
62 7128
62 7129
62 7130
62 7131
62 7132
62 7133
62 7134
62 7135
62 7136
62 7137
62 7138
62 7139
62 7140
62 7141
62 7142
62 7143
62 7144
62 7145
62 7146
62 7147
62 7148
62 7149
62 7150
62 7151
62 7152
62 7153
62 7154
62 7155
62 7156
62 7157
62 7158
62 7159
62 7160
62 7161
62 7162
62 7163
62 7170
62 7171
62 7172
62 7173
62 7174
62 7175
62 7176
62 7177
62 7178
62 7179
62 7180
62 7181
62 7182
62 7183
62 7184
62 7185
62 7186
62 7187
62 7188
62 7189
62 7190
62 7191
62 7192
62 7193
62 7194
62 7195
62 7196
62 7197
62 7198
62 7199
62 7200
62 7201
62 7202
62 7203
62 7204
62 7205
62 7206
62 7207
62 7208
62 7209
62 7210
62 7211
62 7212
62 7213
62 7214
62 7215
62 7216
62 7217
62 7218
62 7219
62 7220
62 7221
62 7222
62 7223
62 7225
62 7226
62 7227
62 7228
62 7229
62 7230
62 7231
62 7232
62 7233
62 7234
62 7235
62 7236
62 7237
62 7238
62 7248
62 7249
62 7250
62 7251
62 7252
62 7253
62 7254
62 7255
62 7258
62 7259
62 7260
62 7261
62 7262
62 7263
62 7264
62 7265
62 7266
62 7267
62 7268
62 7269
62 7270
62 7271
62 7272
62 7273
62 7274
62 7277
62 7278
62 7280
62 7281
62 7282
62 7283
62 7284
62 7285
62 7286
62 7287
62 7292
62 7293
62 7294
62 7295
62 7296
62 7297
62 7298
62 7299
62 7300
62 7301
62 7302
62 7303
62 7304
62 7305
62 7306
62 7307
62 7308
62 7309
62 7310
62 7311
62 7312
62 7313
62 7314
62 7315
62 7316
62 7317
62 7318
62 7319
62 7320
62 7321
62 7322
62 7323
62 7326
62 7327
62 7328
62 7329
62 7331
62 7332
62 7334
62 7335
62 7336
62 7337
62 7338
62 7339
62 7340
62 7342
62 7343
62 7344
62 7345
62 7348
62 7349
62 7350
62 7351
62 7352
62 7353
62 7354
62 7355
62 7356
62 7357
62 7358
62 7359
62 7360
62 7361
62 7362
62 7363
62 7364
62 7365
62 7366
62 7367
62 7368
62 7369
62 7370
62 7371
62 7372
62 7373
62 7374
62 7375
62 7376
62 7377
62 7378
62 7379
62 7380
62 7381
62 7382
62 7383
62 7384
62 7385
62 7386
62 7387
62 7388
62 7389
62 7390
62 7391
62 7392
62 7393
62 7394
62 7395
62 7396
62 7397
62 7398
62 7399
62 7400
62 7401
62 7402
62 7403
62 7404
62 7405
62 7406
62 7407
62 7408
62 7409
62 7410
62 7411
62 7413
62 7414
62 7415
62 7416
62 7417
62 7418
62 7419
62 7420
62 7421
62 7422
62 7423
62 7424
62 7425
62 7426
62 7427
62 7428
62 7429
62 7430
62 7431
62 7432
62 7433
62 7434
62 7435
62 7436
62 7437
62 7438
62 7439
62 7440
62 7441
62 7442
62 7443
62 7444
62 7445
62 7446
62 7447
62 7448
62 7449
62 7450
62 7451
62 7452
62 7453
62 7454
62 7455
62 7456
62 7457
62 7458
62 7459
62 7462
62 7463
62 7464
62 7465
62 7466
62 7467
62 7468
62 7469
62 7470
62 7471
62 7472
62 7473
62 7474
62 7475
62 7476
62 7477
62 7478
62 7479
62 7480
62 7481
62 7482
62 7483
62 7484
62 7485
62 7486
62 7487
62 7488
62 7489
62 7490
62 7491
62 7492
62 7493
62 7494
62 7495
62 7496
62 7497
62 7498
62 7499
62 7500
62 7501
62 7502
62 7503
62 7504
62 7505
62 7506
62 7507
62 7508
62 7509
62 7510
62 7511
62 7512
62 7513
62 7514
62 7515
62 7516
62 7517
62 7518
62 7519
62 7520
62 7521
62 7522
62 7523
62 7524
62 7525
62 7526
62 7527
62 7528
62 7529
62 7530
62 7531
62 7532
62 7533
62 7534
62 7535
62 7536
62 7537
62 7538
62 7539
62 7540
62 7541
62 7542
62 7543
62 7544
62 7553
62 7554
62 7555
62 7556
62 7557
62 7558
62 7559
62 7560
62 7561
62 7562
62 7563
62 7564
62 7565
62 7566
62 7567
62 7568
62 7569
62 7570
62 7571
62 7572
62 7573
62 7574
62 7575
62 7576
62 7577
62 7578
62 7579
62 7580
62 7581
62 7582
62 7583
62 7584
62 7585
62 7586
62 7587
62 7588
62 7589
62 7590
62 7591
62 7592
62 7593
62 7594
62 7595
62 7596
62 7597
62 7598
62 7599
62 7600
62 7601
62 7602
62 7603
62 7604
62 7605
62 7606
62 7607
62 7608
62 7609
62 7610
62 7611
62 7612
62 7613
62 7614
62 7615
62 7616
62 7617
62 7618
62 7619
62 7620
62 7621
62 7622
62 7623
62 7632
62 7724
62 7725
62 7726
62 7727
62 7728
62 7729
62 7730
62 7734
62 7735
62 7736
62 7737
62 7738
62 7739
62 7824
62 7825
62 7826
62 7827
62 7828
62 7838
62 7903
62 7904
62 7905
62 7906
62 7910
62 7913
62 7915
62 8005
62 8069
62 8070
62 8071
62 8072
62 8073
62 8074
62 8075
62 8076
62 8077
62 8081
62 8082
62 8083
62 8091
62 8092
62 8093
62 8099
62 8100
62 8101
62 8102
62 8103
62 8104
62 8105
62 8106
62 8107
62 8109
62 8112
62 8113
62 8114
62 8115
62 8116
62 8118
62 8119
62 8127
62 8128
62 8129
62 8130
62 8131
62 8132
62 8133
62 8134
62 8135
62 8136
62 8137
62 8138
62 8139
62 8141
62 8142
62 8143
62 8144
62 8145
62 8146
62 8147
62 8148
62 8149
62 8150
62 8151
62 8152
62 8153
62 8154
62 8155
62 8156
62 8168
62 8169
62 8170
62 8171
62 8173
62 8174
62 8175
62 8176
62 8178
62 8179
62 8194
62 8198
62 8199
62 8200
62 8201
62 8202
62 8203
62 8204
62 8205
62 8206
62 8207
62 8208
62 8209
62 8210
62 8211
62 8212
62 8213
62 8214
62 8215
62 8216
62 8217
62 8218
62 8219
62 8220
62 8221
62 8222
62 8223
62 8224
62 8225
62 8226
62 8227
62 8228
62 8229
62 8230
62 8231
62 8232
62 8233
62 8234
62 8235
62 8236
62 8237
62 8238
62 8239
62 8240
62 8241
62 8246
62 8247
62 8248
62 8249
62 8250
62 8251
62 8252
62 8253
62 8254
62 8255
62 8256
62 8257
62 8258
62 8259
62 8260
62 8261
62 8262
62 8263
62 8264
62 8265
62 8266
62 8271
62 8272
62 8283
62 8284
62 8285
62 8286
62 8287
62 8288
62 8289
62 8290
62 8291
62 8292
62 8293
62 8294
62 8295
62 8296
62 8297
62 8298
62 8303
62 8304
62 8305
62 8306
62 8307
62 8308
62 8309
62 8310
62 8311
62 8312
62 8313
62 8314
62 8316
62 8317
62 8318
62 8319
62 8320
62 8321
62 8322
62 8323
62 8324
63 18
63 19
64 20
65 21
66 21
67 21
68 22
68 90
68 210
69 23
70 24
70 25
71 26
72 26
72 168
72 348
72 737
72 746
72 748
72 769
72 777
72 810
72 893
72 1297
72 1363
72 2646
73 26
73 75
73 111
73 136
73 146
73 222
73 223
73 225
73 229
73 230
73 234
73 235
73 236
73 237
73 238
73 246
73 247
73 248
73 267
73 269
73 271
73 272
73 277
73 278
73 292
73 299
73 300
73 301
73 302
73 303
73 304
73 305
73 334
73 338
73 339
73 349
73 362
73 363
73 364
73 366
73 367
73 368
73 370
73 371
73 373
73 374
73 375
73 379
73 380
73 403
73 404
73 405
73 419
73 420
73 423
73 424
73 425
73 426
73 427
73 428
73 435
73 436
73 441
73 442
73 443
73 444
73 445
73 446
73 447
73 456
73 461
73 470
73 476
73 477
73 638
73 639
73 640
73 641
73 642
73 643
73 653
73 664
73 669
73 670
73 671
73 673
73 694
73 695
73 696
73 697
73 698
73 722
73 831
73 843
73 845
73 846
73 1781
73 1787
73 1791
73 1792
73 1793
73 1794
73 1795
73 1796
73 1797
73 1840
73 1861
73 1862
73 1865
73 1903
73 1904
73 1907
73 1918
73 1919
73 1941
73 1943
73 1944
73 1945
73 1946
73 1947
73 1948
73 1950
73 1951
73 1953
73 1958
73 1959
73 2019
73 2021
73 2085
73 2086
73 2146
73 2196
73 2262
73 2469
73 2571
73 2752
73 2753
73 2754
73 2866
73 2867
73 2868
73 2869
73 2870
73 3001
73 3002
73 3003
73 3061
73 3062
73 3216
73 3217
73 3218
73 3219
73 3220
73 3379
73 3396
73 3486
73 3487
73 3627
73 3628
73 3629
73 3630
73 3632
73 3633
73 3634
73 3640
73 3641
73 3649
73 3650
73 3651
73 3652
73 3653
73 3654
73 3655
73 3660
73 3661
73 4199
73 4200
73 4201
73 4261
73 4262
73 4551
73 4553
73 4559
73 4584
73 4628
73 4639
73 4644
73 4676
73 4677
73 4680
73 4705
73 4807
73 4811
73 4813
73 4814
73 4998
73 4999
73 5027
73 5097
73 5196
73 5197
73 5342
73 6784
74 26
74 34
74 90
74 112
74 127
74 155
74 206
74 215
74 306
74 308
74 309
74 340
74 342
74 343
74 344
74 345
74 390
74 411
74 487
74 488
74 497
74 499
74 505
74 509
74 510
74 511
74 513
74 514
74 515
74 516
74 517
74 519
74 520
74 521
74 522
74 523
74 524
74 525
74 526
74 527
74 528
74 529
74 530
74 531
74 532
74 533
74 534
74 537
74 538
74 539
74 540
74 546
74 581
74 588
74 590
74 592
74 598
74 599
74 606
74 619
74 620
74 622
74 794
74 841
74 853
74 992
74 997
74 1018
74 1039
74 1047
74 1051
74 1052
74 1062
74 1066
74 1092
74 1107
74 1142
74 1143
74 1154
74 1183
74 1231
74 1278
74 1296
74 1327
74 1442
74 1610
75 28
76 30
77 30
77 55
77 111
77 144
77 473
77 699
77 837
77 2020
77 4523
77 4953
77 5343
77 5344
77 5345
77 5346
77 5347
77 5348
77 5349
77 5350
77 5351
77 5352
77 5353
77 5354
77 5355
77 5356
77 5357
77 5358
77 5359
77 5360
77 5361
77 5362
77 5363
77 5364
77 5365
77 5366
77 5367
77 5368
77 5369
77 5370
77 5371
77 5372
77 5373
77 5374
77 5375
77 5376
77 5377
77 5378
77 5379
77 5380
77 5381
77 5382
77 5383
77 5384
77 5385
77 5386
77 5387
77 5388
77 5389
77 5390
77 5391
77 5392
77 5393
77 5394
77 5395
77 5396
77 5397
77 5398
77 5399
77 5400
77 5401
77 5402
77 5403
77 5404
77 5405
77 5406
77 5407
77 5408
77 5409
77 5410
77 5411
77 5412
77 5413
77 5414
77 5415
77 5416
77 5417
77 5418
77 5419
77 5420
77 5421
77 5422
78 31
79 33
80 34
81 34
81 44
81 45
81 46
81 47
81 48
81 49
81 50
81 51
81 52
82 34
82 42
82 46
82 48
82 85
82 90
82 156
82 205
82 311
82 340
82 344
82 516
82 520
82 536
82 713
82 738
82 782
82 860
82 965
82 979
82 981
82 1016
82 1088
82 1143
82 1154
82 1181
82 1191
82 1240
82 1308
82 1364
82 1441
82 1442
82 1485
82 1518
82 1599
82 1620
82 1666
82 1764
82 1802
82 1851
83 34
83 36
83 39
83 42
83 44
83 45
83 46
83 47
83 49
83 50
83 51
83 52
83 64
83 67
83 75
83 90
83 96
83 100
83 111
83 112
83 125
83 126
83 127
83 142
83 154
83 194
83 195
83 200
83 205
83 206
83 215
83 308
83 309
83 310
83 312
83 322
83 340
83 341
83 345
83 347
83 372
83 405
83 499
83 501
83 505
83 507
83 510
83 541
83 545
83 547
83 566
83 572
83 587
83 588
83 589
83 600
83 602
83 605
83 607
83 610
83 612
83 618
83 621
83 623
83 625
83 665
83 704
83 729
83 731
83 738
83 749
83 752
83 760
83 765
83 767
83 773
83 779
83 787
83 794
83 795
83 854
83 856
83 911
83 923
83 931
83 941
83 952
83 979
83 1084
83 1158
83 1166
83 1177
83 1180
83 1191
83 1201
83 1206
83 1209
83 1210
83 1212
83 1224
83 1248
83 1256
83 1259
83 1261
83 1263
83 1276
83 1308
83 1309
83 1314
83 1326
83 1342
83 1356
83 1359
83 1371
83 1386
83 1398
83 1410
83 1423
83 1432
83 1437
83 1441
83 1445
83 1504
83 1515
83 1518
83 1525
83 1537
83 1553
83 1566
83 1576
83 1580
83 1581
83 1594
83 1608
83 1613
83 1619
83 1622
83 1645
83 1651
83 1658
83 1679
83 1687
83 1703
83 1705
83 1728
83 1746
83 1778
83 1786
83 1826
83 1914
83 1965
83 1991
83 1995
83 2005
83 2009
83 2010
83 2015
83 2022
83 2023
83 2034
83 2039
83 2054
83 2084
83 2102
83 2106
83 2117
83 2119
83 2124
83 2132
83 2821
83 2980
84 34
84 64
84 90
84 103
84 104
84 105
84 106
84 125
84 126
84 127
85 34
85 50
85 157
85 158
85 159
85 160
85 161
85 714
85 803
85 804
85 864
85 912
85 998
85 1202
85 1208
85 1216
85 1387
85 1521
85 1525
85 1576
85 1619
85 1670
85 1799
85 1810
85 2159
85 2160
85 2161
85 2162
85 2163
85 2164
85 2165
85 2169
85 2170
85 2171
85 2175
85 2177
85 2178
85 2201
85 2202
85 2210
85 2259
85 2268
85 2270
85 2271
85 2274
85 2275
85 2280
85 2302
85 2344
85 2349
85 2418
85 2473
85 2660
85 2699
85 2776
85 3017
85 3021
85 3182
85 3183
85 3287
85 3318
85 3319
85 3320
85 3321
85 3336
85 3337
85 3386
85 3420
85 3421
85 3422
85 3423
85 3424
85 3432
85 3433
85 3434
85 3435
85 3436
85 3437
85 3438
85 3440
85 3495
85 3501
85 3623
85 4241
85 4243
85 4278
85 4394
85 4533
85 4534
85 4593
85 4656
85 4760
85 4761
85 4762
85 4797
85 4798
85 4800
85 4801
85 4802
85 4840
85 4845
85 4846
85 4916
85 4917
85 5557
85 5560
85 5561
85 5564
85 5565
85 5590
85 5591
85 5592
85 5594
85 5632
85 5633
85 5635
85 5636
85 5637
85 5638
85 5639
85 5640
85 5671
85 5672
85 5673
85 5674
85 5675
85 5676
85 5677
85 5705
85 5747
85 5748
85 5861
85 5870
85 5891
85 5892
85 5895
85 5897
85 5901
85 5904
85 5905
85 5907
85 5947
85 5948
85 5962
85 5996
85 5999
85 6002
85 6007
85 6008
85 6009
85 6010
85 6012
85 6026
85 6027
85 6037
85 6092
85 6099
85 6100
85 6101
85 6103
85 6104
85 6106
85 6107
85 6323
85 6324
85 6325
85 6326
85 6327
85 6358
85 6373
85 6557
85 6558
85 6559
85 6560
85 6875
85 6877
85 6878
85 6881
85 6890
85 6984
85 7003
85 7004
85 7290
85 7291
85 7436
85 7724
85 7727
85 7728
86 34
86 90
86 111
86 125
86 126
86 136
86 144
86 145
86 155
86 164
87 34
88 34
88 64
88 137
88 138
88 139
88 148
88 195
88 205
88 286
88 306
88 308
88 340
88 343
88 344
88 348
88 378
88 390
88 407
88 430
89 34
89 42
89 48
89 49
89 50
89 85
89 90
89 125
89 126
89 155
89 194
89 195
89 200
89 205
89 206
89 215
89 249
89 279
89 286
89 308
89 309
89 311
89 340
89 341
89 342
89 343
89 344
89 345
89 346
89 347
89 378
89 390
89 406
89 407
89 457
89 460
89 486
89 487
89 488
89 489
89 497
89 543
89 546
89 547
89 555
89 570
89 573
89 576
89 578
89 579
89 588
89 590
89 594
89 598
89 599
89 601
89 603
89 604
89 608
89 619
89 620
89 624
89 705
89 734
89 739
89 745
89 746
89 748
89 751
89 760
89 762
89 768
89 789
89 806
89 816
89 828
89 839
89 844
89 847
89 848
89 853
89 854
89 855
89 857
89 862
89 866
89 869
89 870
89 871
89 912
89 933
89 938
89 952
89 955
89 965
89 979
89 980
89 994
89 998
89 1001
89 1006
89 1020
89 1039
89 1040
89 1043
89 1066
89 1070
89 1071
89 1149
89 1173
89 1199
89 1208
89 1231
89 1256
89 1261
89 1296
89 1299
89 1310
89 1311
89 1353
89 1355
89 1357
89 1382
89 1397
89 1461
89 1467
89 1508
89 1515
89 1619
89 1630
89 1684
89 1798
89 1811
89 1852
89 1882
90 34
90 195
90 205
90 306
90 309
90 553
90 567
90 685
90 686
90 742
90 850
90 992
90 1260
90 1507
90 1636
90 1708
90 1847
90 1965
90 2107
91 34
91 112
91 206
91 312
91 341
91 390
91 488
91 497
91 499
91 501
91 503
91 505
91 507
91 509
91 562
91 566
91 579
91 590
91 592
91 624
91 705
91 713
91 755
91 758
91 762
91 768
91 769
91 785
91 807
91 813
91 814
91 844
91 847
91 853
91 866
91 867
91 890
91 958
91 997
91 1018
91 1040
91 1045
91 1047
91 1060
91 1065
91 1068
91 1072
91 1088
91 1092
91 1174
91 1179
91 1183
91 1201
91 1235
91 1244
91 1247
91 1250
91 1295
91 1318
91 1323
91 1351
91 1357
91 1429
91 1447
91 1453
91 1461
91 1497
91 1507
91 1508
91 1509
91 1510
91 1511
91 1517
91 1518
91 1519
91 1520
91 1525
91 1546
91 1565
91 1591
91 1594
91 1596
91 1610
91 1628
91 1695
91 1729
91 1738
91 1742
91 1753
91 1754
91 1780
91 1790
91 1798
91 1801
91 1802
91 1806
91 1854
91 1873
91 1874
91 1875
91 1882
91 1885
91 1886
92 34
92 36
92 85
92 112
92 155
92 195
92 311
92 342
92 407
92 422
92 541
92 547
92 659
92 702
92 731
92 740
92 741
92 744
92 749
92 758
92 764
92 765
92 769
92 773
92 779
92 801
92 808
92 813
92 816
92 826
92 828
92 829
92 841
92 844
92 855
92 864
92 870
92 871
92 872
92 886
92 890
92 932
92 933
92 936
92 938
92 966
92 979
92 994
92 996
92 997
92 1000
92 1001
92 1016
92 1020
92 1021
92 1039
92 1044
92 1047
92 1048
92 1051
92 1053
92 1058
92 1063
92 1067
92 1068
92 1070
92 1071
92 1083
92 1088
92 1092
92 1102
92 1107
92 1149
92 1158
92 1160
92 1166
92 1173
92 1187
92 1192
92 1207
92 1211
92 1212
92 1216
92 1217
92 1229
92 1231
92 1248
92 1256
92 1258
92 1276
92 1296
92 1302
92 1326
92 1327
92 1355
92 1357
92 1397
92 1401
92 1409
92 1429
92 1440
92 1442
92 1467
92 1471
92 1472
92 1474
92 1506
92 1511
92 1515
92 1522
92 1525
92 1546
92 1552
92 1575
92 1585
92 1594
92 1610
92 1619
92 1620
92 1622
92 1627
92 1643
92 1648
92 1662
92 1680
92 1685
92 1705
92 1708
92 1715
92 1728
92 1753
92 1754
92 1760
92 1798
92 1811
92 1828
92 1852
92 1873
92 1875
92 1938
92 1939
92 1942
92 2744
92 2745
93 34
94 35
95 36
95 142
95 143
96 36
97 36
97 37
97 42
97 111
97 220
97 286
97 310
97 871
97 893
97 1000
97 1261
97 1277
97 1286
97 1313
97 1398
97 1437
97 1447
97 1486
97 1518
97 1585
97 1829
97 2026
97 2032
97 2033
97 2040
97 2041
97 2047
97 2067
97 2079
97 2812
97 2876
97 3229
97 3710
97 3786
97 3797
97 3812
97 3849
97 3875
97 3896
97 3924
97 3935
97 3939
97 3941
97 3951
97 4002
97 4081
97 4093
97 4094
97 4095
97 4096
97 4097
97 4098
97 4099
97 4107
97 4108
97 4109
97 4110
97 4111
97 4112
97 4113
97 4153
97 4181
97 4196
97 5005
97 7918
97 7920
97 7985
98 36
98 412
99 36
99 49
99 85
99 142
99 155
99 206
99 215
99 308
99 311
99 341
99 342
99 407
99 488
99 489
99 497
99 499
99 501
99 538
99 544
99 564
99 565
99 598
99 599
99 601
99 603
99 619
99 729
99 741
99 745
99 762
99 764
99 766
99 771
99 776
99 809
99 847
99 850
99 870
99 871
99 892
99 933
99 944
99 960
99 966
99 976
99 997
99 999
99 1000
99 1015
99 1031
99 1048
99 1054
99 1060
99 1077
99 1088
99 1141
99 1143
99 1147
99 1149
99 1167
99 1168
99 1175
99 1179
99 1189
99 1193
99 1194
99 1196
99 1206
99 1212
99 1213
99 1248
99 1250
99 1253
99 1257
99 1261
99 1282
99 1283
99 1295
99 1296
99 1302
99 1312
99 1314
99 1319
99 1326
99 1353
99 1354
99 1363
99 1389
99 1406
99 1419
99 1434
99 1447
99 1458
99 1464
99 1472
99 1485
99 1486
99 1498
99 1500
99 1505
99 1524
99 1555
99 1572
99 1576
99 1620
99 1629
99 1705
99 1742
99 1748
99 1790
99 1811
99 1882
99 1885
99 1896
99 1931
99 1960
99 1962
99 1965
99 1972
99 1996
99 1997
99 2029
99 2031
99 2040
99 2043
99 2045
99 2058
99 2078
99 2079
99 2083
99 2084
99 2090
99 2120
99 2148
99 2158
99 2220
99 2268
99 2274
99 2281
99 2282
99 2381
99 2419
99 2458
99 2505
99 2526
99 2529
99 2530
99 2531
99 2549
99 2579
99 2648
99 2667
99 2689
99 2897
99 2899
99 2908
99 2936
99 2947
99 2953
100 36
100 64
100 206
100 734
100 775
100 853
100 1072
100 1149
100 1180
100 1181
100 1185
100 1189
100 1199
100 1275
100 1354
100 1383
100 1411
100 1419
100 1496
100 1497
100 1517
100 1525
100 1545
100 1576
100 1591
100 1728
100 1729
100 1854
100 1873
100 1939
100 1970
100 1995
100 2030
100 2037
100 2047
100 2049
100 2059
100 2071
100 2078
100 2083
100 2089
100 2194
100 2203
100 2240
100 2427
100 2433
100 2654
100 2689
100 2691
100 2895
101 36
101 42
101 310
101 343
101 346
101 413
101 486
101 538
101 555
101 620
101 753
101 794
101 795
101 829
101 887
101 952
101 953
101 958
101 960
101 976
101 1014
101 1035
101 1044
101 1057
101 1073
101 1144
101 1147
101 1165
101 1166
101 1185
101 1207
101 1238
101 1249
101 1319
101 1330
101 1489
101 1511
101 1549
101 1554
101 1633
101 1651
101 1658
101 1663
101 1676
101 1801
101 1806
101 1896
101 1916
101 1965
101 2003
101 2120
101 2134
101 2401
101 2531
101 2667
101 2682
101 2689
101 2815
101 2825
101 2826
101 2845
101 2909
102 36
103 38
104 39
104 64
104 638
105 39
105 99
105 563
105 680
105 1003
105 1153
105 1167
105 1298
105 1410
105 1629
105 1712
105 1767
105 1928
105 2018
105 2111
105 2124
105 2614
105 2997
105 3023
105 3811
105 4396
106 40
106 41
107 42
107 44
107 45
107 49
107 50
107 64
107 112
107 200
107 306
107 311
107 343
107 345
107 372
107 400
107 406
107 407
107 472
107 486
107 510
107 512
107 513
107 514
107 515
107 520
107 523
107 524
107 525
107 526
107 527
107 528
107 529
107 535
107 539
107 544
107 546
107 547
107 556
107 567
107 573
107 574
107 578
107 588
107 590
107 592
107 603
107 624
108 42
108 100
108 124
108 141
108 206
108 286
108 311
108 407
108 497
108 542
108 544
108 589
108 600
108 602
108 623
108 750
108 789
108 795
108 848
108 870
108 923
108 971
108 1031
108 1047
108 1159
108 1169
108 1174
108 1191
108 1202
108 1212
108 1266
108 1283
108 1298
108 1339
108 1406
108 1434
108 1471
108 1509
108 1619
108 1640
108 1658
108 1678
108 1681
108 1705
108 1708
108 1783
108 1852
108 1880
108 1899
108 2073
109 43
110 43
111 43
111 275
111 276
111 341
112 44
113 44
113 119
113 120
114 44
114 45
114 48
114 49
114 51
114 52
114 85
114 155
114 205
114 283
114 293
114 306
114 308
114 310
114 311
114 340
114 341
114 342
114 344
114 345
114 378
114 406
114 422
114 472
114 474
114 488
114 489
114 713
114 714
114 754
114 760
114 764
114 784
114 786
114 787
114 788
114 794
114 795
114 798
114 799
114 800
114 802
114 804
114 805
114 806
114 809
114 814
114 816
114 824
114 828
114 829
114 842
114 848
114 854
114 856
114 858
114 864
114 866
114 867
114 869
114 871
114 872
114 873
114 880
114 882
114 883
114 886
114 890
114 892
114 893
114 895
114 898
114 909
114 910
114 912
114 914
114 915
114 930
114 931
114 933
114 934
114 936
114 938
114 940
114 941
114 944
114 945
114 946
114 960
114 965
114 966
114 971
114 973
114 976
114 996
114 997
114 998
114 999
114 1000
114 1001
114 1003
114 1005
114 1006
114 1007
114 1008
114 1014
114 1015
114 1016
114 1025
114 1026
114 1028
114 1031
114 1035
114 1040
114 1041
114 1043
114 1045
114 1047
114 1048
114 1049
114 1050
114 1051
114 1052
114 1053
114 1054
114 1055
114 1058
114 1059
114 1062
114 1063
114 1064
114 1065
114 1067
114 1068
114 1069
114 1070
114 1071
114 1072
114 1073
114 1077
114 1081
114 1082
114 1083
114 1084
114 1086
114 1087
114 1088
114 1092
114 1101
114 1102
114 1103
114 1104
114 1107
114 1110
114 1111
114 1138
114 1139
114 1141
114 1142
114 1143
114 1144
114 1145
114 1147
114 1149
114 1157
114 1158
114 1159
114 1160
114 1161
114 1162
114 1163
114 1164
114 1165
114 1166
114 1167
114 1168
114 1169
114 1170
114 1171
114 1172
114 1173
114 1174
114 1175
114 1177
114 1178
114 1179
114 1180
114 1181
114 1185
114 1187
114 1188
114 1189
114 1193
114 1198
114 1200
114 1201
114 1202
114 1203
114 1204
114 1205
114 1206
114 1207
114 1208
114 1209
114 1210
114 1211
114 1212
114 1213
114 1214
114 1216
114 1217
114 1218
114 1221
114 1222
114 1224
114 1225
114 1226
114 1227
114 1229
114 1231
114 1235
114 1238
114 1240
114 1246
114 1247
114 1253
114 1255
114 1258
114 1260
114 1261
114 1262
114 1263
114 1266
114 1272
114 1275
114 1282
114 1286
114 1287
114 1290
114 1295
114 1296
114 1297
114 1298
114 1301
114 1302
114 1309
114 1314
114 1317
114 1326
114 1327
114 1337
114 1342
114 1345
114 1347
114 1351
114 1352
114 1353
114 1354
114 1357
114 1358
114 1360
114 1362
114 1363
114 1364
114 1366
114 1371
114 1377
114 1378
114 1381
114 1382
114 1383
114 1384
114 1386
114 1389
114 1395
114 1398
114 1400
114 1401
114 1404
114 1405
114 1407
114 1409
114 1410
114 1411
114 1419
114 1432
114 1434
114 1442
114 1444
114 1445
114 1447
114 1454
114 1456
114 1457
114 1458
114 1459
114 1460
114 1465
114 1466
114 1467
114 1471
114 1472
114 1474
114 1478
114 1479
114 1483
114 1485
114 1486
114 1487
114 1489
114 1492
114 1495
114 1496
114 1500
114 1501
114 1502
114 1504
114 1505
114 1506
114 1515
114 1519
114 1522
114 1523
114 1524
114 1537
114 1540
114 1541
114 1542
114 1545
114 1546
114 1548
114 1549
114 1551
114 1554
114 1555
114 1560
114 1563
114 1564
114 1565
114 1566
114 1568
114 1569
114 1570
114 1572
114 1573
114 1575
114 1576
114 1580
114 1581
114 1583
114 1588
114 1590
114 1591
114 1592
114 1594
114 1603
114 1606
114 1608
114 1610
114 1613
114 1619
114 1620
114 1627
114 1629
114 1630
114 1633
114 1634
114 1640
114 1643
114 1646
114 1649
114 1650
114 1651
114 1652
114 1655
114 1658
114 1662
114 1663
114 1664
114 1666
114 1668
114 1670
114 1672
114 1673
114 1676
114 1678
114 1679
114 1680
114 1681
114 1683
114 1684
114 1687
114 1695
114 1697
114 1703
114 1705
114 1710
114 1712
114 1713
114 1715
114 1718
114 1723
114 1727
114 1728
114 1731
114 1737
114 1740
114 1742
114 1745
114 1746
114 1752
114 1761
114 1772
114 1775
114 1778
114 1780
114 1783
114 1786
114 1798
114 1799
114 1807
114 1808
114 1811
114 1813
114 1814
114 1815
114 1817
114 1818
114 1824
114 1852
114 1857
114 1863
114 1867
114 1870
114 1873
114 1875
114 1883
114 1894
114 1896
114 1914
114 1938
114 1997
114 2050
114 2052
114 2075
114 2080
114 2100
114 2292
114 2295
114 2302
114 2401
114 2409
114 2815
114 2907
115 45
115 46
115 85
115 215
115 308
115 520
115 944
115 1045
115 1104
116 45
116 97
116 157
116 195
116 309
116 406
116 488
116 575
116 713
116 733
116 734
116 757
116 775
116 777
116 790
116 807
116 808
116 841
116 848
116 852
116 867
116 890
116 934
116 960
116 1000
116 1031
116 1039
116 1045
116 1047
116 1064
116 1068
116 1072
116 1088
116 1144
116 1157
116 1181
116 1187
116 1199
116 1201
116 1206
116 1212
116 1240
116 1276
116 1282
116 1297
116 1327
116 1360
116 1386
116 1495
116 1498
116 1500
116 1510
116 1533
116 1548
116 1553
116 1573
116 1575
116 1576
116 1580
116 1585
116 1591
116 1596
116 1649
116 1798
116 1811
116 1899
116 1938
116 1939
116 1965
116 1988
116 1995
116 2010
116 2037
116 2041
116 2052
116 2059
116 2065
116 2069
116 2071
116 2075
116 2089
116 2118
116 2174
116 2409
116 2413
116 2633
116 2689
116 2741
116 2825
117 45
117 50
117 64
117 112
117 215
117 286
117 306
117 340
117 486
117 704
117 731
117 739
117 740
117 741
117 742
117 745
117 746
117 750
117 751
117 755
117 784
117 790
117 880
117 919
117 932
117 948
117 952
117 996
117 1001
117 1003
117 1048
117 1143
117 1167
117 1207
117 1221
117 1252
117 1309
117 1318
117 1404
117 1406
117 1419
117 1438
117 1457
117 1465
117 1498
117 1508
117 1518
117 1525
117 1748
117 1960
117 2030
117 2070
117 2083
117 2089
117 2090
117 2204
117 2227
117 2424
117 2434
117 2994
118 45
118 2268
119 45
119 195
119 897
119 2738
119 4994
120 46
120 204
120 347
120 473
121 46
122 46
122 47
122 48
122 51
122 90
122 127
122 156
122 206
122 215
122 217
122 256
122 308
122 309
122 311
122 340
122 497
122 511
122 518
122 519
122 729
122 734
122 758
122 766
122 794
122 829
122 864
122 890
122 897
122 909
122 965
122 1047
122 1154
122 1263
122 1266
122 1268
122 1281
122 1317
122 1322
122 1357
122 1366
122 1373
122 1382
122 1407
122 1551
122 1563
122 1591
122 1599
122 1643
122 1697
122 1708
122 1826
122 1931
122 1942
122 2049
122 2070
122 2077
122 2153
122 2699
123 46
123 49
123 50
123 127
123 195
123 200
123 215
123 273
123 274
123 306
123 309
123 310
123 343
123 674
123 702
123 739
123 808
123 826
123 936
123 944
123 1050
123 1154
123 1191
123 1200
123 1406
123 1540
123 1790
123 2073
124 46
124 49
124 85
124 125
124 127
124 155
124 215
124 290
124 291
124 308
124 311
124 343
124 406
124 407
124 472
124 735
124 747
124 751
124 759
124 790
124 795
124 813
124 824
124 828
124 869
124 870
124 872
124 954
124 965
124 980
124 1006
124 1007
124 1010
124 1034
124 1040
124 1071
124 1142
124 1143
124 1149
124 1193
124 1226
124 1246
124 1249
124 1363
124 1381
124 1406
124 1407
124 1442
124 1467
124 1478
124 1533
124 1552
124 1563
124 1576
124 1651
124 1742
124 1764
124 1863
124 1875
124 1995
124 2061
124 2064
124 2089
124 2124
124 2135
124 2179
124 2198
124 2250
124 2272
125 46
125 206
125 308
125 309
125 311
125 341
125 342
125 406
125 407
125 513
125 514
125 524
125 530
125 531
125 532
125 533
125 534
125 535
125 536
125 537
125 539
125 614
125 702
125 739
125 740
125 741
125 744
125 751
125 759
125 794
125 841
125 842
125 850
125 853
125 854
125 867
125 871
125 874
125 885
125 886
125 887
125 919
125 966
125 997
125 998
125 1005
125 1041
125 1047
125 1061
125 1066
125 1071
125 1087
125 1118
125 1158
125 1171
125 1191
125 1194
125 1199
125 1206
125 1207
125 1213
125 1240
125 1248
125 1256
125 1261
125 1276
125 1297
125 1319
125 1321
125 1323
125 1355
125 1375
125 1419
125 1429
125 1437
125 1438
125 1447
125 1453
125 1497
125 1498
125 1529
125 1533
125 1546
125 1569
125 1576
125 1624
125 1628
125 1630
125 1631
125 1636
125 1735
125 1760
125 1774
125 1775
125 1776
125 1777
125 1802
125 1930
125 2088
125 2983
125 2997
125 3045
126 46
126 129
126 739
126 753
127 46
127 64
127 90
127 97
127 141
127 162
127 173
127 174
127 195
127 207
127 215
127 261
127 308
127 309
127 343
127 344
127 503
127 507
127 512
127 518
127 535
127 539
127 598
127 601
127 680
127 806
127 808
127 1282
127 1351
127 1576
127 1746
127 1997
127 2062
128 46
128 3332
129 47
130 47
130 68
131 48
131 111
131 173
131 174
131 261
132 48
132 311
132 327
132 328
132 378
133 49
133 52
133 125
133 126
133 155
133 215
133 271
133 287
133 1246
134 50
134 165
134 166
135 52
135 200
135 294
135 406
135 552
135 588
135 971
135 1297
135 1315
135 1360
135 1483
135 1576
135 1692
135 2103
135 2158
136 52
136 64
136 112
136 125
136 126
136 140
136 141
136 142
136 154
136 194
136 200
136 215
136 343
136 344
136 345
136 347
136 348
136 358
136 390
136 486
136 487
136 489
136 521
136 543
136 544
136 546
136 547
136 549
136 550
136 555
136 556
136 561
136 562
136 566
136 567
136 568
136 570
136 571
136 573
136 574
136 578
136 579
136 581
136 582
136 584
136 586
136 588
136 590
136 592
136 594
136 595
136 597
136 598
136 599
136 601
136 603
136 604
136 606
136 608
136 609
136 611
136 613
136 619
136 620
136 624
136 626
136 731
136 737
136 738
136 740
136 761
136 773
136 790
136 807
136 832
136 852
136 932
136 947
136 951
136 952
136 955
136 998
136 1005
136 1021
136 1039
136 1054
136 1055
136 1057
136 1064
136 1066
136 1072
136 1088
136 1104
136 1168
136 1212
136 1226
136 1258
136 1283
136 1286
136 1296
136 1340
136 1351
136 1400
136 1440
136 1461
136 1515
136 1553
136 1752
136 1852
136 1896
136 1916
136 2057
136 2062
136 2064
136 2115
136 2634
137 52
137 142
137 306
137 311
137 509
137 510
137 511
137 512
137 513
137 514
137 515
137 516
137 517
137 518
137 519
137 521
137 523
137 524
137 525
137 527
137 529
137 530
137 531
137 532
137 533
137 534
137 535
137 536
137 537
137 752
137 773
137 775
137 779
137 783
137 789
137 802
137 839
137 842
137 862
137 865
137 867
137 870
137 874
137 890
137 897
137 938
137 940
137 944
137 951
137 952
137 992
137 1000
137 1003
137 1031
137 1047
137 1050
137 1051
137 1055
137 1066
137 1067
137 1070
137 1088
137 1107
137 1145
137 1147
137 1158
137 1171
137 1172
137 1173
137 1181
137 1189
137 1192
137 1204
137 1208
137 1210
137 1213
137 1217
137 1218
137 1230
137 1238
137 1253
137 1256
137 1301
137 1313
137 1323
137 1326
137 1351
137 1353
137 1355
137 1366
137 1400
137 1405
137 1409
137 1410
137 1419
137 1429
137 1432
137 1441
137 1442
137 1457
137 1463
137 1489
137 1508
137 1510
137 1515
137 1517
137 1519
137 1522
137 1525
137 1538
137 1551
137 1553
137 1554
137 1566
137 1581
137 1596
137 1622
137 1651
137 1668
137 1685
137 1687
137 1695
137 1708
137 1731
137 1745
137 1753
137 1784
137 1790
137 1799
137 1849
137 1852
137 1863
137 1873
137 1914
137 1942
137 1962
137 1994
137 1995
137 1996
137 2017
137 2047
137 2052
137 2078
137 2107
137 2153
137 2179
137 2198
137 2203
137 2240
137 2292
137 2308
137 2471
137 2502
137 2643
138 56
139 58
140 61
140 462
140 463
140 466
140 467
140 668
140 675
140 677
140 1379
140 1905
140 5571
141 61
141 205
142 61
143 62
143 63
143 64
144 64
144 90
144 111
144 125
144 126
144 142
144 200
144 205
144 215
144 308
144 311
144 340
144 343
144 348
144 486
144 487
144 573
144 590
144 758
144 967
144 976
144 1159
144 1259
144 1447
144 1454
144 1517
144 1565
144 1596
144 1746
144 1970
144 2308
145 64
145 90
145 141
145 194
145 195
145 209
145 215
145 308
145 344
145 347
145 348
145 488
145 501
145 503
145 516
145 634
145 788
145 829
145 841
145 867
145 923
145 943
145 973
145 1040
145 1088
145 1287
145 1315
145 1384
145 1538
145 1575
145 1619
145 1620
145 2178
146 64
146 90
146 154
146 200
146 205
146 215
146 286
146 306
146 308
146 313
146 314
146 343
146 345
146 346
146 390
146 406
147 64
147 136
147 206
147 215
147 280
148 66
148 124
148 125
148 126
149 66
149 79
149 85
149 104
149 107
149 115
149 137
149 154
149 155
149 169
149 170
149 215
149 219
149 286
149 306
149 341
149 378
149 400
149 430
149 752
149 898
149 914
149 973
149 998
149 1006
149 1248
149 1276
149 1309
149 1371
149 1384
149 1437
149 1487
149 1509
149 1545
149 1551
149 1570
149 1801
150 70
150 71
150 143
150 194
150 286
150 914
150 981
150 1371
150 2502
150 2614
151 74
152 78
152 79
152 80
152 81
152 82
152 83
152 84
152 87
152 88
153 85
154 85
154 340
154 372
154 1630
155 85
155 154
155 200
155 206
155 309
155 311
155 340
155 343
155 407
155 486
155 489
155 497
155 501
155 505
155 509
155 519
155 599
155 615
155 729
155 747
155 764
155 772
155 773
155 832
155 880
155 1035
155 1185
155 1214
155 1246
155 1729
156 85
157 85
157 112
157 206
157 286
157 306
157 340
157 406
157 767
157 790
157 864
157 867
157 890
157 893
157 911
157 939
157 960
157 1035
157 1039
157 1069
157 1084
157 1147
157 1161
157 1208
157 1214
157 1277
157 1314
157 1327
157 1466
157 1580
157 1596
157 1678
157 1685
157 1852
157 2062
157 2115
157 2667
158 85
158 155
158 200
158 306
158 343
158 344
158 345
158 346
158 348
158 406
158 407
158 636
158 699
158 702
158 704
158 705
158 733
158 734
158 736
158 738
158 740
158 745
158 746
158 748
158 750
158 752
158 755
158 757
158 759
158 760
158 763
158 765
158 766
158 767
158 768
158 772
158 773
158 774
158 775
158 778
158 779
158 780
158 782
158 783
158 784
158 785
158 786
158 787
158 788
158 790
158 792
158 796
158 797
158 798
158 801
158 803
158 804
158 805
158 806
158 807
158 808
158 810
158 811
158 812
158 813
158 814
158 815
158 832
158 839
158 841
158 842
158 847
158 849
158 852
158 853
158 854
158 855
158 856
158 857
158 858
158 859
158 860
158 862
158 865
158 866
158 867
158 869
158 870
158 871
158 872
158 873
158 874
158 877
158 879
158 882
158 890
158 892
158 897
158 898
158 905
158 911
158 912
158 914
158 920
158 921
158 924
158 938
158 946
158 947
158 948
158 949
158 950
158 951
158 952
158 953
158 954
158 955
158 956
158 959
158 960
158 961
158 962
158 963
158 965
158 966
158 967
158 969
158 973
158 974
158 979
158 980
158 981
158 982
158 983
158 984
158 985
158 988
158 989
158 990
158 991
158 992
158 994
158 996
158 997
158 998
158 999
158 1000
158 1001
158 1002
158 1003
158 1004
158 1010
158 1018
158 1022
158 1037
158 1038
158 1039
158 1040
158 1041
158 1043
158 1044
158 1047
158 1055
158 1070
158 1072
158 1092
158 1111
158 1138
158 1139
158 1140
158 1141
158 1149
158 1159
158 1183
158 1286
158 1296
158 1299
158 1381
158 1442
158 1467
158 1515
158 1576
158 1596
158 1936
158 1939
158 1994
158 1997
158 2018
158 2029
158 2030
158 2031
158 2032
158 2033
158 2035
158 2036
158 2037
158 2038
158 2040
158 2041
158 2042
158 2044
158 2045
158 2046
158 2047
158 2048
158 2049
158 2050
158 2051
158 2053
158 2054
158 2055
158 2056
158 2057
158 2058
158 2059
158 2060
158 2061
158 2062
158 2063
158 2064
158 2065
158 2066
158 2067
158 2068
158 2069
158 2070
158 2071
158 2072
158 2073
158 2074
158 2075
158 2076
158 2077
158 2078
158 2079
158 2080
158 2081
158 2082
158 2083
158 2104
158 2105
158 2106
158 2107
158 2108
158 2111
158 2112
158 2113
159 85
159 355
159 413
159 2153
159 3399
160 89
160 125
160 126
161 90
161 111
161 122
161 123
161 127
162 94
163 95
163 96
163 97
163 98
163 99
163 100
163 101
163 125
164 99
165 102
165 196
166 104
166 111
167 108
168 111
168 147
169 111
169 157
169 158
169 159
170 111
171 111
171 114
171 115
171 116
172 111
172 251
172 252
172 253
172 254
173 111
173 352
174 111
175 111
175 131
176 111
176 418
177 111
178 111
179 111
179 699
179 2154
179 2848
179 2850
179 3180
180 111
180 341
180 1305
180 1306
180 1307
181 111
181 1029
182 111
183 111
184 111
185 111
185 3683
186 111
187 111
187 637
187 4449
188 111
188 4547
188 4548
189 111
190 111
191 111
192 111
193 111
194 111
194 755
195 111
196 111
197 112
197 936
197 1002
197 1442
197 1927
197 1938
197 1939
197 1940
198 117
198 118
199 121
200 125
200 396
200 397
200 398
200 3625
200 3626
201 126
201 306
201 343
201 486
201 487
201 489
201 541
201 543
201 544
201 546
201 553
201 555
201 556
201 561
201 562
201 570
201 571
201 573
201 576
201 578
201 588
201 590
201 592
201 598
201 599
201 601
201 603
201 604
201 606
201 608
201 613
201 619
201 622
201 624
201 729
201 908
201 921
201 950
201 954
201 1088
201 1092
201 1142
201 1183
201 1185
201 1191
201 1214
201 1231
201 1340
201 1341
201 1372
201 1397
201 1406
201 1440
201 1461
201 1580
201 1677
201 1709
201 1936
201 1974
201 1983
201 2107
201 2177
201 2187
201 2236
201 2311
201 2368
201 2374
201 2422
201 2454
201 2480
201 2486
201 2551
201 2570
201 2589
201 2602
201 2657
201 2673
201 2708
201 2720
201 2793
201 2795
201 2901
201 3080
201 3173
201 3181
201 3189
201 3203
201 3208
201 3229
201 3232
201 3244
201 3262
201 3263
201 3265
201 3288
201 3345
202 127
202 699
202 738
202 749
202 772
202 774
202 775
202 798
202 801
202 802
202 803
202 806
202 807
202 808
202 813
202 816
202 839
202 841
202 842
202 847
202 850
202 890
202 994
202 1005
202 1038
202 1442
202 1538
202 1798
202 1960
202 1976
202 1994
202 2030
202 2031
202 2032
202 2033
202 2035
202 2036
202 2037
202 2038
202 2040
202 2041
202 2042
202 2044
202 2045
202 2046
202 2047
202 2048
202 2049
202 2050
202 2051
202 2052
202 2053
202 2054
202 2055
202 2056
202 2059
202 2062
202 2066
202 2067
202 2068
202 2069
202 2070
202 2071
202 2072
202 2073
202 2075
202 2076
202 2079
202 2080
202 2081
202 2082
202 2083
202 2111
202 2240
202 2364
202 2426
202 2601
202 2629
202 2700
202 2802
202 2812
202 2899
202 2914
202 2955
202 2961
202 2965
202 2966
202 2967
202 3244
202 3345
202 3351
202 3367
202 3395
202 3540
202 3658
202 3670
202 3696
202 3698
202 3702
202 3710
202 3733
202 3747
202 3753
202 3765
202 3776
202 3785
202 3791
202 3795
202 3801
202 3805
202 3811
203 127
203 155
204 128
204 150
204 771
204 901
204 918
204 1020
204 1089
204 1257
204 1319
204 1346
204 1365
204 1570
204 1599
204 1651
204 1681
204 1746
204 1849
204 1863
204 1979
204 1981
204 2129
204 2222
204 2296
204 2504
204 2519
204 2619
204 2771
204 2847
204 2853
204 2993
204 3081
204 3181
204 3452
204 3573
204 3714
204 3791
204 3827
204 3888
204 3932
204 3970
204 3985
204 4039
204 4074
204 4102
204 4133
204 4247
204 4268
204 4773
204 4779
204 4820
204 4871
204 4937
204 5039
204 5160
204 5233
204 5237
205 132
206 133
207 134
207 135
208 136
208 280
209 140
209 358
210 141
210 806
211 141
211 1713
212 141
212 1876
213 142
214 149
215 151
216 152
216 365
217 153
217 154
217 244
217 245
218 154
219 155
220 155
220 279
220 343
220 471
220 472
221 155
221 355
221 788
221 806
221 814
221 866
221 890
221 958
221 1330
221 1419
221 1554
221 1798
221 1942
221 2037
221 2052
221 2366
221 2767
221 2781
221 2806
221 2812
221 2815
221 2817
222 163
223 164
224 167
225 169
226 170
227 171
228 172
229 175
229 176
230 177
231 178
232 179
233 180
234 181
234 182
234 184
234 185
235 183
236 186
236 187
236 322
237 186
237 187
237 392
237 393
237 394
237 399
237 400
238 195
238 255
238 283
238 293
238 422
238 474
238 699
238 784
238 798
238 802
238 804
238 805
238 806
238 807
238 809
238 813
238 814
238 816
238 824
238 829
238 847
238 848
238 849
238 853
238 854
238 856
238 857
238 858
238 871
238 872
238 873
238 874
238 876
238 880
238 882
238 883
238 886
238 889
238 890
238 892
238 893
238 895
238 898
238 908
238 909
238 910
238 914
238 915
238 927
238 929
238 930
238 931
238 933
238 934
238 936
238 938
238 940
238 941
238 944
238 945
238 946
238 958
238 971
238 973
238 976
238 979
238 994
238 1005
238 1006
238 1007
238 1008
238 1014
238 1015
238 1016
238 1025
238 1026
238 1028
238 1031
238 1035
238 1047
238 1048
238 1049
238 1050
238 1051
238 1052
238 1053
238 1054
238 1055
238 1058
238 1059
238 1062
238 1063
238 1064
238 1065
238 1067
238 1068
238 1069
238 1070
238 1071
238 1072
238 1073
238 1076
238 1077
238 1078
238 1087
238 1101
238 1107
238 1110
238 1111
238 1112
238 1138
238 1139
238 1140
238 1141
238 1142
238 1143
238 1144
238 1145
238 1147
238 1157
238 1158
238 1160
238 1161
238 1162
238 1163
238 1164
238 1165
238 1166
238 1167
238 1168
238 1169
238 1170
238 1171
238 1172
238 1173
238 1174
238 1175
238 1177
238 1178
238 1179
238 1180
238 1181
238 1185
238 1187
238 1188
238 1189
238 1198
238 1200
238 1201
238 1202
238 1203
238 1204
238 1205
238 1206
238 1207
238 1208
238 1209
238 1210
238 1211
238 1212
238 1213
238 1214
238 1216
238 1218
238 1221
238 1222
238 1225
238 1226
238 1227
238 1229
238 1235
238 1238
238 1240
238 1245
238 1246
238 1247
238 1248
238 1249
238 1250
238 1253
238 1255
238 1257
238 1258
238 1259
238 1260
238 1261
238 1262
238 1263
238 1266
238 1268
238 1272
238 1274
238 1275
238 1276
238 1277
238 1281
238 1282
238 1283
238 1286
238 1295
238 1298
238 1300
238 1301
238 1302
238 1303
238 1304
238 1309
238 1314
238 1317
238 1318
238 1323
238 1330
238 1338
238 1339
238 1340
238 1341
238 1342
238 1347
238 1351
238 1353
238 1354
238 1358
238 1360
238 1361
238 1362
238 1363
238 1364
238 1372
238 1377
238 1378
238 1381
238 1382
238 1383
238 1384
238 1389
238 1391
238 1395
238 1397
238 1398
238 1400
238 1401
238 1403
238 1404
238 1405
238 1407
238 1409
238 1410
238 1411
238 1419
238 1429
238 1432
238 1434
238 1435
238 1437
238 1438
238 1440
238 1441
238 1442
238 1444
238 1445
238 1454
238 1456
238 1457
238 1458
238 1460
238 1466
238 1475
238 1476
238 1478
238 1479
238 1482
238 1485
238 1487
238 1488
238 1495
238 1496
238 1497
238 1500
238 1501
238 1502
238 1504
238 1505
238 1506
238 1507
238 1508
238 1509
238 1510
238 1517
238 1518
238 1522
238 1523
238 1524
238 1525
238 1533
238 1535
238 1540
238 1541
238 1542
238 1545
238 1546
238 1548
238 1549
238 1551
238 1552
238 1553
238 1554
238 1555
238 1560
238 1563
238 1564
238 1566
238 1568
238 1569
238 1570
238 1572
238 1573
238 1575
238 1576
238 1581
238 1583
238 1585
238 1588
238 1589
238 1608
238 1619
238 1620
238 1624
238 1627
238 1631
238 1633
238 1641
238 1643
238 1646
238 1649
238 1650
238 1651
238 1655
238 1658
238 1661
238 1662
238 1664
238 1669
238 1670
238 1683
238 1710
238 1711
238 1713
238 1715
238 1716
238 1728
238 1731
238 1737
238 1745
238 1746
238 1761
238 1762
238 1768
238 1775
238 1783
238 1799
238 1807
238 1808
238 1811
238 1816
238 1818
238 1821
238 1822
238 1824
238 1826
238 1828
238 1829
238 1867
238 1870
238 1883
238 1894
238 1896
238 1914
238 1915
238 1917
238 2907
238 3741
238 3742
238 3826
238 3937
238 4169
238 7862
238 7869
239 195
240 195
241 195
242 195
242 792
242 1272
242 1373
242 1505
242 1610
242 2037
242 2223
242 2897
243 195
243 3002
243 4678
243 4679
243 7908
244 195
244 315
245 197
245 198
246 199
247 201
248 205
249 205
249 376
249 413
249 439
249 450
250 206
250 616
250 617
250 704
250 976
251 207
252 208
253 211
254 212
255 214
256 215
256 249
256 250
256 378
257 218
258 219
259 220
260 221
261 224
261 226
261 227
261 228
261 231
261 232
261 233
261 239
261 240
261 241
261 243
261 288
262 238
262 462
262 699
262 2179
262 4549
263 242
264 250
265 257
266 258
266 298
267 259
268 262
269 263
270 264
271 266
272 270
273 271
274 279
275 279
275 1920
276 281
277 285
278 286
279 286
280 286
280 4202
281 289
282 295
283 296
284 297
285 306
285 995
286 306
286 309
286 731
286 806
286 886
286 890
286 966
286 1206
286 1237
286 1382
286 1447
286 1555
286 1708
286 1790
286 1964
286 2009
286 2305
286 2367
286 2368
286 2369
286 2370
286 2512
286 2514
286 2515
286 2651
286 2690
286 2726
286 2727
286 2728
286 2732
286 2735
286 2759
286 2771
286 2772
286 2777
286 2808
286 2812
286 2813
286 2814
286 2817
286 2831
286 2833
286 2837
286 2843
286 2944
286 2986
286 2987
286 3233
286 3620
286 3621
286 3622
286 3663
286 3664
286 3665
286 3666
286 3667
286 4216
287 306
287 1177
288 309
288 939
289 311
289 487
289 713
289 997
289 1039
289 1212
289 1221
289 1301
289 1314
289 1540
289 1568
289 1697
289 1790
289 2029
289 2032
289 2046
289 2047
289 2064
289 2073
289 2089
289 2100
289 2178
289 2250
289 2433
289 2547
289 2826
290 312
291 312
292 312
292 340
292 347
292 376
292 472
292 634
292 699
292 800
292 958
292 1010
292 1070
292 1072
292 1074
292 1092
292 1141
292 1178
292 1272
292 1330
292 1467
292 1515
292 1519
292 1554
292 1657
292 1692
292 1784
292 1888
292 1994
292 2029
292 2030
292 2031
292 2032
292 2035
292 2036
292 2037
292 2040
292 2041
292 2042
292 2044
292 2045
292 2046
292 2047
292 2048
292 2049
292 2050
292 2051
292 2053
292 2054
292 2055
292 2056
292 2057
292 2058
292 2059
292 2060
292 2061
292 2062
292 2063
292 2064
292 2065
292 2066
292 2067
292 2068
292 2070
292 2071
292 2072
292 2073
292 2075
292 2076
292 2077
292 2078
292 2079
292 2080
292 2081
292 2082
292 2083
292 2250
292 2810
292 2899
292 2904
292 3411
292 3468
292 3523
292 3669
292 3670
292 3672
292 3689
292 3690
292 3693
292 3694
292 3696
292 3702
292 3708
292 3715
292 3716
292 3718
292 3720
292 3722
292 3728
292 3729
292 3731
292 3734
292 3736
292 3738
292 3740
292 3742
292 3743
292 3744
292 3745
292 3746
292 3747
292 3748
292 3749
292 3750
292 3752
292 3754
292 3757
292 3758
292 3760
292 3761
292 3762
292 3764
292 3768
292 3773
292 3775
292 3779
292 3781
292 3782
292 3784
292 3786
292 3790
292 3792
292 3796
292 3798
292 3800
292 3802
292 3804
292 3814
292 3815
292 3830
292 3831
292 3833
292 3862
292 3869
292 3871
292 3872
292 3874
292 3875
292 3879
292 3881
292 3882
292 3884
292 3889
292 3890
292 3892
292 3898
292 3900
292 3903
292 3906
292 3909
292 3913
292 3921
292 3927
292 3931
292 3932
292 3934
292 4006
292 4011
292 4015
292 4022
292 4023
292 4024
292 4026
292 4033
292 4042
292 4044
292 4046
292 4049
292 4052
292 4053
292 4088
292 4089
292 4090
292 4114
292 4116
292 4117
292 4142
292 4149
292 4152
292 4154
292 4182
292 4183
292 4186
292 4187
292 4188
292 4189
292 4190
292 4191
292 4259
292 4260
292 4395
292 4530
292 5231
292 5310
292 5492
292 5670
292 5824
292 6616
292 6990
292 7020
292 7058
292 7634
292 7635
292 7636
292 7637
292 7638
292 7639
292 7640
292 7641
292 7642
292 7643
292 7644
292 7645
292 7646
292 7647
292 7648
292 7649
292 7650
292 7651
292 7652
292 7653
292 7654
292 7655
292 7656
292 7657
292 7658
292 7659
292 7660
292 7661
292 7662
292 7663
292 7664
292 7665
292 7666
292 7667
292 7668
292 7669
292 7670
292 7671
292 7672
292 7673
292 7674
292 7675
292 7676
292 7677
292 7678
292 7679
292 7680
292 7681
292 7682
292 7683
292 7684
292 7685
292 7686
292 7687
292 7688
292 7689
292 7690
292 7691
292 7692
292 7693
292 7694
292 7695
292 7696
292 7697
292 7698
292 7699
292 7700
292 7701
292 7702
292 7703
292 7704
292 7705
292 7706
292 7707
292 7708
292 7709
292 7710
292 7711
292 7712
292 7713
292 7714
292 7715
292 7716
292 7717
292 7718
292 7719
292 7720
292 7721
292 7722
292 7723
292 7730
292 7731
292 7732
292 7733
292 7740
292 7741
292 7742
292 7743
292 7744
292 7745
292 7746
292 7747
292 7748
292 7749
292 7750
292 7751
292 7752
292 7753
292 7754
292 7755
292 7756
292 7757
292 7758
292 7759
292 7760
292 7761
292 7763
292 7764
292 7765
292 7766
292 7767
292 7768
292 7769
292 7770
292 7771
292 7772
292 7773
292 7774
292 7775
292 7776
292 7777
292 7778
292 7779
292 7780
292 7781
292 7782
292 7783
292 7784
292 7785
292 7786
292 7787
292 7788
292 7789
292 7790
292 7791
292 7792
292 7793
292 7794
292 7795
292 7796
292 7797
292 7798
292 7799
292 7800
292 7801
292 7802
292 7803
292 7804
292 7805
292 7806
292 7807
292 7808
292 7809
292 7810
292 7811
292 7812
292 7815
292 7816
292 7817
292 7818
292 7819
292 7820
292 7821
292 7822
292 7823
292 7829
292 7830
292 7831
292 7832
292 7833
292 7834
292 7835
292 7836
292 7837
292 7839
292 7840
292 7841
292 7842
292 7843
292 7844
292 7845
292 7846
292 7847
292 7848
292 7849
292 7850
292 7851
292 7853
292 7854
292 7855
292 7856
292 7857
292 7858
292 7859
292 7860
292 7861
292 7862
292 7863
292 7864
292 7865
292 7866
292 7867
292 7868
292 7869
292 7870
292 7871
292 7872
292 7873
292 7874
292 7875
292 7876
292 7877
292 7878
292 7879
292 7880
292 7881
292 7882
292 7883
292 7884
292 7885
292 7886
292 7887
292 7888
292 7889
292 7890
292 7891
292 7892
292 7893
292 7894
292 7895
292 7896
292 7897
292 7898
292 7899
292 7900
292 7917
293 321
294 322
294 5743
295 324
296 325
297 326
298 329
299 331
300 332
300 497
300 757
300 761
300 1799
301 337
302 340
302 735
302 802
302 818
302 878
302 1052
302 1081
302 1147
302 1220
302 1263
302 1790
303 340
303 369
303 699
303 911
303 1047
303 1052
303 1081
303 1147
303 1263
303 1357
303 1524
303 1631
303 1790
303 1812
303 1813
303 1816
303 1817
303 1818
303 1819
303 1820
303 1830
303 2048
303 2827
303 3253
303 3720
303 3799
303 4007
303 4023
303 4259
303 5543
303 7056
303 7057
303 7058
303 7070
303 7366
303 8220
303 8223
303 8227
303 8229
303 8231
303 8234
303 8236
303 8239
303 8240
303 8241
303 8249
303 8250
303 8261
303 8262
303 8272
304 341
305 341
305 376
305 547
305 735
305 741
305 773
305 776
305 814
305 824
305 892
305 960
305 1057
305 1060
305 1069
305 1102
305 1118
305 1145
305 1161
305 1168
305 1174
305 1205
305 1274
305 1309
305 1359
305 1366
305 1377
305 1384
305 1438
305 1444
305 1457
305 1459
305 1465
305 1509
305 1549
305 1564
305 1599
305 1655
305 1676
305 1708
305 1754
305 1760
305 1790
305 1896
305 1915
305 1960
305 2099
305 2240
305 2413
305 2456
305 2485
305 2504
305 2537
305 2633
305 2667
305 2691
306 342
306 1266
307 344
307 768
307 1038
307 1275
307 2218
307 2780
307 3044
307 3604
307 3612
307 4194
307 4195
308 346
308 1957
309 350
310 351
311 353
312 354
313 355
313 662
313 778
313 990
313 1346
313 1657
313 2832
313 2874
313 3232
313 3383
313 3770
313 3945
313 4034
313 4082
313 4084
313 4086
313 4567
313 4921
314 357
315 360
316 369
316 722
316 1933
316 2233
317 369
318 372
318 384
318 385
318 386
319 376
320 377
321 378
322 378
323 381
324 382
325 383
326 387
327 388
328 389
328 1956
329 390
329 430
330 391
331 395
331 1467
331 2029
331 2073
331 4194
332 401
333 401
333 8157
334 402
335 406
336 408
337 409
338 410
339 413
339 3060
340 414
341 415
342 416
343 417
344 421
345 422
345 1083
346 428
346 445
346 631
346 632
346 687
346 688
346 692
346 693
346 1925
346 1926
347 429
347 627
348 431
349 432
349 433
350 434
351 437
351 440
351 445
351 448
352 449
352 2174
353 451
353 452
353 628
353 669
353 1922
353 1934
353 1935
353 2839
353 2840
353 2841
353 2842
354 453
354 454
355 453
355 454
355 4676
355 4677
355 4972
355 4973
355 5097
355 5196
355 5706
355 5707
355 7115
355 7116
356 455
357 457
357 458
357 459
357 460
358 461
358 1066
358 1163
358 1597
358 4371
359 464
360 468
361 472
362 475
363 478
364 479
365 480
366 485
367 485
368 486
369 520
369 679
369 680
369 681
369 682
370 555
370 556
370 667
371 576
372 629
372 630
373 633
374 639
375 647
376 648
377 648
377 650
377 651
378 649
379 652
380 659
381 659
381 2743
381 2744
382 660
382 661
383 667
384 672
385 676
386 684
387 684
387 1046
387 1902
387 1910
387 1923
387 1924
387 1952
387 2007
387 2141
387 2142
387 2229
387 2984
387 2985
387 2998
387 2999
387 3043
387 3066
387 3215
387 3335
388 685
388 686
389 689
390 690
390 691
391 699
391 753
391 1211
392 699
393 699
393 932
393 1673
393 1831
393 1835
393 1836
393 1838
393 1839
393 1843
393 2253
393 2254
393 2255
393 4138
394 699
395 699
395 1798
395 1970
395 1994
395 2018
395 2029
395 2837
395 3540
395 3673
395 3967
395 3971
395 3973
395 3975
395 3977
395 3979
395 3981
395 3983
395 3987
395 3989
395 3991
395 5483
395 5560
395 5561
395 5563
395 5565
395 5647
395 5657
395 6774
395 6775
395 6779
395 6802
396 699
397 699
398 702
399 702
399 767
399 2899
399 3668
399 4665
399 5483
399 5497
399 5558
399 5559
399 5566
399 5567
399 5568
400 707
401 707
401 721
401 837
402 717
402 2116
403 717
404 717
404 5656
405 723
405 2154
406 725
406 726
407 725
408 725
409 727
410 730
411 732
412 733
413 733
413 1636
414 748
415 749
415 898
415 911
415 1263
415 1610
415 1811
415 1867
415 2031
415 2047
415 2110
415 2141
415 2433
416 755
416 773
416 933
416 934
416 1072
416 1107
416 1143
416 1213
416 1440
416 1572
416 1575
416 1591
416 1962
416 2036
416 2044
416 2741
417 755
417 5866
418 756
419 768
420 774
420 1629
421 786
421 2179
421 4884
421 6563
422 791
423 796
424 806
425 822
426 829
426 3392
427 835
427 4552
428 848
429 848
429 1065
429 1292
429 1560
429 1630
429 1774
429 1955
429 2084
429 2267
430 848
430 1342
430 1950
430 1951
430 2073
430 2132
430 2654
431 851
432 854
433 858
434 893
434 2838
435 899
436 910
437 912
437 2017
438 914
439 934
440 939
440 1643
440 2837
440 6096
440 6097
440 6098
441 940
441 5199
441 5200
441 6953
441 6954
441 6957
441 6998
442 980
442 1003
442 1033
442 1156
442 1503
442 1779
442 1981
442 2124
442 2598
442 4428
443 988
443 1515
443 2380
443 3754
443 3884
443 4376
443 4521
443 4522
444 999
445 1005
446 1014
447 1014
447 4196
448 1026
449 1043
449 2810
449 2837
449 2899
449 4719
449 5508
449 7862
449 7869
450 1047
450 1083
450 3429
451 1049
452 1049
452 1054
452 1203
452 1217
452 3824
453 1052
454 1054
454 1250
454 2982
455 1056
456 1075
457 1081
457 1147
457 1202
457 6882
458 1081
459 1107
459 1204
460 1110
461 1147
461 1220
461 1585
462 1155
462 1321
462 1896
462 1965
462 1978
462 2005
462 2026
462 2453
462 3244
462 4851
463 1158
463 2154
464 1158
465 1159
466 1160
466 1668
467 1171
467 4645
468 1199
469 1203
470 1211
471 1220
472 1230
472 1397
473 1252
474 1259
475 1262
475 1293
475 1781
475 2062
475 2771
475 2837
475 3393
475 8105
476 1263
477 1295
478 1298
479 1314
480 1314
481 1315
482 1319
483 1327
484 1327
485 1349
485 1350
486 1352
486 1737
487 1358
488 1358
489 1467
489 3710
490 1486
491 1489
491 3239
492 1503
493 1515
494 1532
495 1548
496 1554
497 1596
497 1970
497 1971
498 1596
499 1601
500 1631
501 1636
502 1649
503 1649
504 1654
505 1662
506 1665
506 1719
506 1720
507 1676
508 1708
509 1729
510 1746
510 4400
511 1773
511 2880
512 1785
513 1785
514 1788
515 1790
516 1790
516 1937
516 4814
516 4999
516 5122
516 5123
517 1798
518 1807
519 1817
520 1824
520 5510
521 1840
522 1847
523 1870
524 1892
525 1900
526 1906
527 1908
528 1909
529 1912
530 1920
530 7224
531 1921
532 1949
532 5540
533 1950
533 1951
534 1954
535 1959
535 3220
535 3340
535 3628
535 6004
535 6771
535 6772
535 6773
535 6805
536 1970
537 1980
538 1987
539 2008
540 2030
540 2046
540 2069
540 2070
540 2079
540 2081
540 3926
541 2032
541 3702
542 2033
542 3690
542 3701
542 3705
543 2035
544 2037
544 2068
545 2038
545 2047
545 2837
545 3663
545 3691
545 3698
545 3711
546 2038
547 2041
548 2041
548 2837
548 3693
548 3697
548 3699
548 3703
548 3704
548 3707
548 3709
548 7460
548 7461
549 2041
549 3875
550 2042
550 3689
550 3696
550 3700
550 3712
551 2042
552 2042
553 2043
554 2047
554 3694
554 3695
555 2047
556 2052
557 2052
557 3341
558 2053
558 2081
558 3743
559 2053
559 3686
559 3692
559 3708
560 2056
560 3676
560 3706
561 2061
562 2071
562 3774
562 3775
562 3808
562 3809
562 4259
562 7058
562 7639
562 7646
562 7647
562 7651
562 7659
562 7662
562 7667
562 7713
562 7751
562 7777
562 7813
562 7814
563 2082
564 2083
565 2116
566 2131
567 2134
567 5301
568 2154
569 2221
570 2226
571 2234
572 2279
573 2283
574 2297
575 2458
575 3329
575 3719
575 3745
575 4372
575 4373
575 4374
575 4375
576 2498
577 2649
577 4221
578 2650
579 2685
579 3653
579 3654
579 4651
579 4652
580 2729
581 2807
582 2807
582 6815
583 2807
583 5325
584 2809
585 2810
586 2810
587 2811
588 2812
588 4061
589 2816
590 2818
590 2819
591 2844
592 2845
593 2863
594 2871
594 3000
595 2876
596 2881
597 2884
598 2895
599 2898
599 2899
600 2934
600 2935
600 2937
600 2938
600 2939
601 3067
602 3070
602 3071
602 3072
602 3073
603 3074
603 3075
603 3340
604 3076
605 3221
606 3322
607 3374
607 3375
608 3376
608 3377
609 3379
609 3661
609 3674
610 3400
611 3401
612 3401
612 6793
613 3506
614 3506
615 3506
616 3506
616 4398
617 3523
617 3728
617 3729
617 4594
618 3523
619 3543
619 3544
620 3543
620 4540
620 4541
621 3543
622 3543
622 4541
622 5329
623 3545
624 3614
624 3619
625 3615
626 3648
627 3653
627 3654
628 3653
628 3654
628 4649
628 4650
629 3659
630 3662
630 3670
631 3675
632 3677
633 3681
634 3684
635 3686
635 5957
635 5968
635 5969
635 5981
635 6073
636 3687
637 3727
638 3732
638 3896
639 3740
640 3751
640 3752
641 3759
641 8110
642 3764
643 3767
644 3769
645 3806
645 7920
646 3816
647 3818
648 3818
649 3890
650 3902
651 3911
651 4395
651 4396
652 3919
653 3935
654 3951
655 3979
656 3979
656 3980
656 4543
657 3984
658 3994
659 4052
660 4071
660 4081
661 4129
662 4145
662 4154
662 6791
662 7919
663 4188
664 4188
665 4199
665 7907
666 4209
667 4259
667 4260
668 4263
668 4264
669 4304
670 4310
671 4399
672 4413
672 4414
672 5726
673 4449
674 4519
674 4520
675 4524
675 4525
675 4526
675 5828
676 4528
677 4529
678 4529
678 4531
679 4530
680 4530
680 7991
681 4532
682 4536
683 4550
684 4551
684 6801
685 4560
686 4595
686 6953
686 6954
686 6955
686 6956
686 6957
686 6958
686 8095
686 8096
686 8097
686 8098
687 4595
687 4601
687 4602
687 4603
687 4604
687 4605
687 4606
687 4607
687 4608
687 4609
687 4610
687 4611
687 4612
687 4613
688 4623
689 4628
689 4644
690 4653
691 4655
692 4681
693 4687
694 4705
695 4806
696 4815
696 4816
697 4964
698 5025
699 5049
699 5050
700 5199
701 5309
702 5423
703 5653
704 5708
704 5841
704 5842
704 5843
704 5844
704 5845
704 5846
704 5847
705 5728
706 5825
707 5917
708 5938
709 6003
710 6091
711 6183
712 6339
712 6340
713 6632
714 6667
715 6776
716 6777
717 6780
717 6782
718 6785
718 6786
718 6788
718 6789
718 6790
718 6792
718 6794
718 6795
719 6803
719 6804
720 6957
721 7063
722 7113
722 7114
723 7256
724 7570
725 7633
726 7852
727 7902
728 7918
729 7918
730 7921
730 7922
730 7923
730 7924
730 7925
730 7926
730 7927
730 7928
730 7929
731 7925
731 7935
731 7936
731 7943
731 7945
731 7946
731 7947
731 7948
731 7949
731 7950
731 7954
731 7959
731 7960
731 7961
731 7962
731 7963
731 7964
731 7965
731 7966
731 7967
731 7968
731 7969
731 7970
731 7971
731 7972
731 7974
731 7975
731 7976
731 7977
731 7978
731 7979
731 7980
731 7981
731 7982
731 7983
731 7984
731 7985
731 7986
731 7987
731 7988
731 7989
731 7993
731 7994
731 7995
731 7996
731 7997
731 7998
731 7999
731 8000
731 8001
731 8002
731 8003
731 8004
731 8006
731 8007
731 8008
731 8009
731 8010
731 8011
731 8012
731 8013
731 8014
731 8015
731 8016
731 8018
731 8019
731 8020
731 8021
731 8023
731 8024
731 8025
731 8026
731 8027
731 8028
731 8029
731 8030
731 8031
731 8032
731 8033
731 8034
731 8035
731 8036
731 8037
731 8038
731 8039
731 8040
731 8041
731 8042
731 8043
731 8044
731 8045
731 8046
731 8047
731 8048
731 8049
731 8050
731 8051
731 8052
731 8053
731 8054
731 8055
731 8056
731 8057
731 8058
731 8059
731 8060
731 8061
731 8062
731 8063
731 8064
731 8065
731 8066
731 8067
731 8068
732 7930
733 7931
733 7932
733 7933
733 7934
733 7935
733 7936
733 7937
733 7938
733 7939
733 7940
733 7941
733 7942
733 7943
733 7944
734 7951
734 7952
734 7953
734 7955
734 7957
734 7958
735 7951
736 7956
737 8084
738 8158
738 8159
739 8160
739 8161
739 8162
739 8163
739 8164
739 8165
739 8166
739 8172
739 8177
739 8180
739 8181
739 8182
739 8183
739 8184
739 8185
739 8186
739 8187
739 8188
739 8189
739 8190
739 8191
739 8192
739 8193
739 8195
739 8196
739 8197
739 8242
739 8243
739 8244
739 8245
739 8267
739 8268
739 8269
739 8270
739 8273
739 8274
739 8275
739 8276
739 8277
739 8278
739 8299
739 8301
739 8302
739 8315
740 8167
741 8279
742 8280
743 8300
2 3 4 5 6 7 8 9 10 11 12 13 14 15 16 17 18 19 20 21 22 23 24 25 26 27 28 29 30 31 32 33 34 35 36 37 38 39 40 41 42 43 44 45 46 47 48 49 50 51 52 53 54 55 56 57 58 59 60 61 62 63 64 65 66 67 68 69 70 71 72 73 74 75 76 77 78 79 80 81 82 83 84 85 86 87 88 89 90 91 92 93 94 95 96 97 98 99 100 101 102 103 104 105 106 107 108 109 110 111 112 113 114 115 116 117 118 119 120 121 122 123 124 125 126 127 128 129 130 131 132 133 134 135 136 137 138 139 140 141 142 143 144 145 146 147 148 149 150 151 152 153 154 155 156 157 158 159 160 161 162 163 164 165 166 167 168 169 170 171 172 173 174 175 176 177 178 179 180 181 182 183 184 185 186 187 188 189 190 191 192 193 194 195 196 197 198 199 200 1 2 3 4 5 6 7 8 9 10 11 12 13 14 15 16 17 18 19 20 21 22 23 24 25 26 27 28 29 30 31 32 33 34 35 36 37 38 39 40 41 42 43 44 45 46 47 48 49 50 51 52 53 54 55 56 57 58 59 60 61 62 63 64 65 66 67 68 69 70 71 72 73 74 75 76 77 78 79 80 81 82 83 84 85 86 87 88 89 90 91 92 93 94 95 96 97 98 99 100 101 102 103 104 105 106 107 108 109 110 111 112 113 114 115 116 117 118 119 120 121 122 123 124 125 126 127 128 129 130 131 132 133 134 135 136 137 138 139 140 141 142 143 144 145 146 147 148 149 150 151 152 153 154 155 156 157 158 159 160 161 162 163 164 165 166 167 168 169 170 171 172 173 174 175 176 177 178 179 180 181 182 183 184 185 186 187 188 189 190 191 192 193 194 195 196 197 198 199 200 1 2 3 4 5 6 7 8 9 10 11 12 13 14 15 16 17 18 19 20 21 22 23 24 25 26 27 28 29 30 31 32 33 34 35 36 37 38 39 40 41 42 43 44 45 46 47 48 49 50 51 52 53 54 55 56 57 58 59 60 61 62 63 64 65 66 67 68 69 70 71 72 73 74 75 76 77 78 79 80 81 82 83 84 85 86 87 88 89 90 91 92 93 94 95 96 97 98 99 100 101 102 103 104 105 106 107 108 109 110 111 112 113 114 115 116 117 118 119 120 121 122 123 124 125 126 127 128 129 130 131 132 133 134 135 136 137 138 139 140 141 142 143 144 145 146 147 148 149 150 151 152 153 154 155 156 157 158 159 160 161 162 163 164 165 166 167 168 169 170 171 172 173 174 175 176 177 178 179 180 181 182 183 184 185 186 187 188 189 190 191 192 193 194 195 196 197 198 199 200 1 2 3 4 5 6 7 8 9 10 11 12 13 14 15 16 17 18 19 20 21 22 23 24 25 26 27 28 29 30 31 32 33 34 35 36 37 38 39 40 41 42 43 44 45 46 47 48 49 50 51 52 53 54 55 56 57 58 59 60 61 62 63 64 65 66 67 68 69 70 71 72 73 74 75 76 77 78 79 80 81 82 83 84 85 86 87 88 89 90 91 92 93 94 95 96 97 98 99 100 101 102 103 104 105 106 107 108 109 110 111 112 113 114 115 116 117 118 119 120 121 122 123 124 125 126 127 128 129 130 131 132 133 134 135 136 137 138 139 140 141 142 143 144 
2 3 4 5 6 7 8 9 10 11 12 13 14 15 16 17 18 19 20 21 22 23 24 25 26 27 28 29 30 31 32 33 34 35 36 37 38 39 40 41 42 43 44 45 46 47 48 49 50 51 52 53 54 55 56 57 58 59 60 61 62 63 64 65 66 67 68 69 70 71 72 73 74 75 76 77 78 79 80 81 82 83 84 85 86 87 88 89 90 91 92 93 94 95 96 97 98 99 100 101 102 103 104 105 106 107 108 109 110 111 112 113 114 115 116 117 118 119 120 121 122 123 124 125 126 127 128 129 130 131 132 133 134 135 136 137 138 139 140 141 142 143 144 145 146 147 148 149 150 151 152 153 154 155 156 157 158 159 160 161 162 163 164 165 166 167 168 169 170 171 172 173 174 175 176 177 178 179 180 181 182 183 184 185 186 187 188 189 190 191 192 193 194 195 196 197 198 199 200 1 2 3 4 5 6 7 8 9 10 11 12 13 14 15 16 17 18 19 20 21 22 23 24 25 26 27 28 29 30 31 32 33 34 35 36 37 38 39 40 41 42 43 44 45 46 47 48 49 50 51 52 53 54 55 56 57 58 59 60 61 62 63 64 65 66 67 68 69 70 71 72 73 74 75 76 77 78 79 80 81 82 83 84 85 86 87 88 89 90 91 92 93 94 95 96 97 98 99 100 101 102 103 104 105 106 107 108 109 110 111 112 113 114 115 116 117 118 119 120 121 122 123 124 125 126 127 128 129 130 131 132 133 134 135 136 137 138 139 140 141 142 143 144 145 146 147 148 149 150 151 152 153 154 155 156 157 158 159 160 161 162 163 164 165 166 167 168 169 170 171 172 173 174 175 176 177 178 179 180 181 182 183 184 185 186 187 188 189 190 191 192 193 194 195 196 197 198 199 200 1 2 3 4 5 6 7 8 9 10 11 12 13 14 15 16 17 18 19 20 21 22 23 24 25 26 27 28 29 30 31 32 33 34 35 36 37 38 39 40 41 42 43 44 45 46 47 48 49 50 51 52 53 54 55 56 57 58 59 60 61 62 63 64 65 66 67 68 69 70 71 72 73 74 75 76 77 78 79 80 81 82 83 84 85 86 87 88 89 90 91 92 93 94 95 96 97 98 99 100 101 102 103 104 105 106 107 108 109 110 111 112 113 114 115 116 117 118 119 120 121 122 123 124 125 126 127 128 129 130 131 132 133 134 135 136 137 138 139 140 141 142 143 144 145 146 147 148 149 150 151 152 153 154 155 156 157 158 159 160 161 162 163 164 165 166 167 168 169 170 171 172 173 174 175 176 177 178 179 180 181 182 183 184 185 186 187 188 189 190 191 192 193 194 195 196 197 198 199 200 1 2 3 4 5 6 7 8 9 10 11 12 13 14 15 16 17 18 19 20 21 22 23 24 25 26 27 28 29 30 31 32 33 34 35 36 37 38 39 40 41 42 43 44 45 46 47 48 49 50 51 52 53 54 55 56 57 58 59 60 61 62 63 64 65 66 67 68 69 70 71 72 73 74 75 76 77 78 79 80 81 82 83 84 85 86 87 88 89 90 91 92 93 94 95 96 97 98 99 100 101 102 103 104 105 106 107 108 109 110 111 112 113 114 115 116 117 118 119 120 121 122 123 124 125 126 127 128 129 130 131 132 133 134 135 136 137 138 139 140 141 142 143 144 145 146 147 148 149 150 151 152 153 154 155 156 157 158 159 160 161 162 163 164 165 166 167 168 169 170 171 172 173 174 175 176 177 178 179 180 181 182 183 184 185 186 187 188 189 190 191 192 193 194 195 196 197 198 199 200 1 2 3 4 5 6 7 8 9 10 11 12 13 14 15 16 17 18 19 20 21 22 23 24 25 26 27 28 29 30 31 32 33 34 35 36 37 38 39 40 41 42 43 44 45 46 47 48 49 50 51 52 53 54 55 56 57 58 59 60 61 62 63 64 65 66 67 68 69 70 71 72 73 74 75 76 77 78 79 80 81 82 83 84 85 86 87 88 89 90 91 92 93 94 95 96 97 98 99 100 101 102 103 104 105 106 107 108 109 110 111 112 113 114 115 116 117 118 119 120 121 122 123 124 125 126 127 128 129 130 131 132 133 134 135 136 137 138 139 140 141 142 143 144 145 146 147 148 149 150 151 152 153 154 155 156 157 158 159 160 161 162 163 164 165 166 167 168 169 170 171 172 173 174 175 176 177 178 179 180 181 182 183 184 185 186 187 188 189 190 191 192 193 194 195 196 197 198 199 200 1 2 3 4 5 6 7 8 9 10 11 12 13 14 15 16 17 18 19 20 21 22 23 24 25 26 27 28 29 30 31 32 33 34 35 36 37 38 39 40 41 42 43 44 45 46 47 48 49 50 51 52 53 54 55 56 57 58 59 60 61 62 63 64 65 66 67 68 69 70 71 72 73 74 75 76 77 78 79 80 81 82 83 84 85 86 87 88 89 90 91 92 93 94 95 96 97 98 99 100 101 102 103 104 105 106 107 108 109 110 111 112 113 114 115 116 117 118 119 120 121 122 123 124 125 126 127 128 129 130 131 132 133 134 135 136 137 138 139 140 141 142 143 144 145 146 147 148 149 150 151 152 153 154 155 156 157 158 159 160 161 162 163 164 165 166 167 168 169 170 171 172 173 174 175 176 177 178 179 180 181 182 183 184 185 186 187 188 189 190 191 192 193 194 195 196 197 198 199 200 1 2 3 4 5 6 7 8 9 10 11 12 13 14 15 16 17 18 19 20 21 22 23 24 25 26 27 28 29 30 31 32 33 34 35 36 37 38 39 40 41 42 43 44 45 46 47 48 49 50 51 52 53 54 55 56 57 58 59 60 61 62 63 64 65 66 67 68 69 70 71 72 73 74 75 76 77 78 79 80 81 82 83 84 85 86 87 88 89 90 91 92 93 94 95 96 97 98 99 100 101 102 103 104 105 106 107 108 109 110 111 112 113 114 115 116 117 118 119 120 121 122 123 124 125 126 127 128 129 130 131 132 133 134 135 136 137 138 139 140 141 142 143 144 145 146 147 148 149 150 151 152 153 154 155 156 157 158 159 160 161 162 163 164 165 166 167 168 169 170 171 172 173 174 175 176 177 178 179 180 181 182 183 184 185 186 187 188 189 190 191 192 193 194 195 196 197 198 199 200 1 2 3 4 5 6 7 8 9 10 11 12 13 14 15 16 17 18 19 20 21 22 23 24 25 26 27 28 29 30 31 32 33 34 35 36 37 38 39 40 41 42 43 44 45 46 47 48 49 50 51 52 53 54 55 56 57 58 59 60 61 62 63 64 65 66 67 68 69 70 71 72 73 74 75 76 77 78 79 80 81 82 83 84 85 86 87 88 89 90 91 92 93 94 95 96 97 98 99 100 101 102 103 104 105 106 107 108 109 110 111 112 113 114 115 116 117 118 119 120 121 122 123 124 125 126 127 128 129 130 131 132 133 134 135 136 137 138 139 140 141 142 143 144 145 146 147 148 149 150 151 152 153 154 155 156 157 158 159 160 161 162 163 164 165 166 167 168 169 170 171 172 173 174 175 176 177 178 179 180 181 182 183 184 185 186 187 188 189 190 191 192 193 194 195 196 197 198 199 200 1 2 3 4 5 6 7 8 9 10 11 12 13 14 15 16 17 18 19 20 21 22 23 24 25 26 27 28 29 30 31 32 33 34 35 36 37 38 39 40 41 42 43 44 45 46 47 48 49 50 51 52 53 54 55 56 57 58 59 60 61 62 63 64 65 66 67 68 69 70 71 72 73 74 75 76 77 78 79 80 81 82 83 84 85 86 87 88 89 90 91 92 93 94 95 96 97 98 99 100 101 102 103 104 105 106 107 108 109 110 111 112 113 114 115 116 117 118 119 120 121 122 123 124 125 126 127 128 129 130 131 132 133 134 135 136 137 138 139 140 141 142 143 144 145 146 147 148 149 150 151 152 153 154 155 156 157 158 159 160 161 162 163 164 165 166 167 168 169 170 171 172 173 174 175 176 177 178 179 180 181 182 183 184 185 186 187 188 189 190 191 192 193 194 195 196 197 198 199 200 1 2 3 4 5 6 7 8 9 10 11 12 13 14 15 16 17 18 19 20 21 22 23 24 25 26 27 28 29 30 31 32 33 34 35 36 37 38 39 40 41 42 43 44 45 46 47 48 49 50 51 52 53 54 55 56 57 58 59 60 61 62 63 64 65 66 67 68 69 70 71 72 73 74 75 76 77 78 79 80 81 82 83 84 85 86 87 88 89 90 91 92 93 94 95 96 97 98 99 100 101 102 103 104 105 106 107 108 109 110 111 112 113 114 115 116 117 118 119 120 121 122 123 124 125 126 127 128 129 130 131 132 133 134 135 136 137 138 139 140 141 142 143 144 145 146 147 148 149 150 151 152 153 154 155 156 157 158 159 160 161 162 163 164 165 166 167 168 169 170 171 172 173 174 175 176 177 178 179 180 181 182 183 184 185 186 187 188 189 190 191 192 193 194 195 196 197 198 199 200 1 2 3 4 5 6 7 8 9 10 11 12 13 14 15 16 17 18 19 20 21 22 23 24 25 26 27 28 29 30 31 32 33 34 35 36 37 38 39 40 41 42 43 44 45 46 47 48 49 50 51 52 53 54 55 56 57 58 59 60 61 62 63 64 65 66 67 68 69 70 71 72 73 74 75 76 77 78 79 80 81 82 83 84 85 86 87 88 89 90 91 92 93 94 95 96 97 98 99 100 101 102 103 104 105 106 107 108 109 110 111 112 113 114 115 116 117 118 119 120 121 122 123 124 125 126 127 128 129 130 131 132 133 134 135 136 137 138 139 140 141 142 143 144 145 146 147 148 149 150 151 152 153 154 155 156 157 158 159 160 161 162 163 164 165 166 167 168 169 170 171 172 173 174 175 176 177 178 179 180 181 182 183 184 185 186 187 188 189 190 191 192 193 194 195 196 197 198 199 200 1 2 3 4 5 6 7 8 9 10 11 12 13 14 15 16 17 18 19 20 21 22 23 24 25 26 27 28 29 30 31 32 33 34 35 36 37 38 39 40 41 42 43 44 45 46 47 48 49 50 51 52 53 54 55 56 57 58 59 60 61 62 63 64 65 66 67 68 69 70 71 72 73 74 75 76 77 78 79 80 81 82 83 84 85 86 87 88 89 90 91 92 93 94 95 96 97 98 99 100 101 102 103 104 105 106 107 108 109 110 111 112 113 114 115 116 117 118 119 120 121 122 123 124 125 126 127 128 129 130 131 132 133 134 135 136 137 138 139 140 141 142 143 144 145 146 147 148 149 150 151 152 153 154 155 156 157 158 159 160 161 162 163 164 165 166 167 168 169 170 171 172 173 174 175 176 177 178 179 180 181 182 183 184 185 186 187 188 189 190 191 192 193 194 195 196 197 198 199 200 1 2 3 4 5 6 7 8 9 10 11 12 13 14 15 16 17 18 19 20 21 22 23 24 25 26 27 28 29 30 31 32 33 34 35 36 37 38 39 40 41 42 43 44 45 46 47 48 49 50 51 52 53 54 55 56 57 58 59 60 61 62 63 64 65 66 67 68 69 70 71 72 73 74 75 76 77 78 79 80 81 82 83 84 85 86 87 88 89 90 91 92 93 94 95 96 97 98 99 100 101 102 103 104 105 106 107 108 109 110 111 112 113 114 115 116 117 118 119 120 121 122 123 124 125 126 127 128 129 130 131 132 133 134 135 136 137 138 139 140 141 142 143 144 145 146 147 148 149 150 151 152 153 154 155 156 157 158 159 160 161 162 163 164 165 166 167 168 169 170 171 172 173 174 175 176 177 178 179 180 181 182 183 184 185 186 187 188 189 190 191 192 193 194 195 196 197 198 199 200 1 2 3 4 5 6 7 8 9 10 11 12 13 14 15 16 17 18 19 20 21 22 23 24 25 26 27 28 29 30 31 32 33 34 35 36 37 38 39 40 41 42 43 44 45 46 47 48 49 50 51 52 53 54 55 56 57 58 59 60 61 62 63 64 65 66 67 68 69 70 71 72 73 74 75 76 77 78 79 80 81 82 83 84 85 86 87 88 89 90 91 92 93 94 95 96 97 98 99 100 101 102 103 104 105 106 107 108 109 110 111 112 113 114 115 116 117 118 119 120 121 122 123 124 125 126 127 128 129 130 131 132 133 134 135 136 137 138 139 140 141 142 143 144 145 146 147 148 149 150 151 152 153 154 155 156 157 158 159 160 161 162 163 164 165 166 167 168 169 170 171 172 173 174 175 176 177 178 179 180 181 182 183 184 185 186 187 188 189 190 191 192 193 194 195 196 197 198 199 200 1 2 3 4 5 6 7 8 9 10 11 12 13 14 15 16 17 18 19 20 21 22 23 24 25 26 27 28 29 30 31 32 33 34 35 36 37 38 39 40 41 42 43 44 45 46 47 48 49 50 51 52 53 54 55 56 57 58 59 60 61 62 63 64 65 66 67 68 69 70 71 72 73 74 75 76 77 78 79 80 81 82 83 84 85 86 87 88 89 90 91 92 93 94 95 96 97 98 99 100 101 102 103 104 105 106 107 108 109 110 111 112 113 114 115 116 117 118 119 120 121 122 123 124 125 126 127 128 129 130 131 132 133 134 135 136 137 138 139 140 141 142 143 144 145 146 147 148 149 150 151 152 153 154 155 156 157 158 159 160 161 162 163 164 165 166 167 168 169 170 171 172 173 174 175 176 177 178 179 180 181 182 183 184 185 186 187 188 189 190 191 192 193 194 195 196 197 198 199 200 1 2 3 4 5 6 7 8 9 10 11 12 13 14 15 16 17 18 19 20 21 22 23 24 25 26 27 28 29 30 31 32 33 34 35 36 37 38 39 40 41 42 43 44 45 46 47 48 49 50 51 52 53 54 55 56 57 58 59 60 61 62 63 64 65 66 67 68 69 70 71 72 73 74 75 76 77 78 79 80 81 82 83 84 85 86 87 88 89 90 91 92 93 94 95 96 97 98 99 100 101 102 103 104 105 106 107 108 109 110 111 112 113 114 115 116 117 118 119 120 121 122 123 124 125 126 127 128 129 130 131 132 133 134 135 136 137 138 139 140 141 142 143 144 145 146 147 148 149 150 151 152 153 154 155 156 157 158 159 160 161 162 163 164 165 166 167 168 169 170 171 172 173 174 175 176 177 178 179 180 181 182 183 184 185 186 187 188 189 190 191 192 193 194 195 196 197 198 199 200 1 2 3 4 5 6 7 8 9 10 11 12 13 14 15 16 17 18 19 20 21 22 23 24 25 26 27 28 29 30 31 32 33 34 35 36 37 38 39 40 41 42 43 44 45 46 47 48 49 50 51 52 53 54 55 56 57 58 59 60 61 62 63 64 65 66 67 68 69 70 71 72 73 74 75 76 77 78 79 80 81 82 83 84 85 86 87 88 89 90 91 92 93 94 95 96 97 98 99 100 101 102 103 104 105 106 107 108 109 110 111 112 113 114 115 116 117 118 119 120 121 122 123 124 125 126 127 128 129 130 131 132 133 134 135 136 137 138 139 140 141 142 143 144 145 146 147 148 149 150 151 152 153 154 155 156 157 158 159 160 161 162 163 164 165 166 167 168 169 170 171 172 173 174 175 176 177 178 179 180 181 182 183 184 185 186 187 188 189 190 191 192 193 194 195 196 197 198 199 200 1 2 3 4 5 6 7 8 9 10 11 12 13 14 15 16 17 18 19 20 21 22 23 24 25 26 27 28 29 30 31 32 33 34 35 36 37 38 39 40 41 42 43 44 45 46 47 48 49 50 51 52 53 54 55 56 57 58 59 60 61 62 63 64 65 66 67 68 69 70 71 72 73 74 75 76 77 78 79 80 81 82 83 84 85 86 87 88 89 90 91 92 93 94 95 96 97 98 99 100 101 102 103 104 105 106 107 108 109 110 111 112 113 114 115 116 117 118 119 120 121 122 123 124 125 126 127 128 129 130 131 132 133 134 135 136 137 138 139 140 141 142 143 144 145 146 147 148 149 150 151 152 153 154 155 156 157 158 159 160 161 162 163 164 165 166 167 168 169 170 171 172 173 174 175 176 177 178 179 180 181 182 183 184 185 186 187 188 189 190 191 192 193 194 195 196 197 198 199 200 1 2 3 4 5 6 7 8 9 10 11 12 13 14 15 16 17 18 19 20 21 22 23 24 25 26 27 28 29 30 31 32 33 34 35 36 37 38 39 40 41 42 43 44 45 46 47 48 49 50 51 52 53 54 55 56 57 58 59 60 61 62 63 64 65 66 67 68 69 70 71 72 73 74 75 76 77 78 79 80 81 82 83 84 85 86 87 88 89 90 91 92 93 94 95 96 97 98 99 100 101 102 103 104 105 106 107 108 109 110 111 112 113 114 115 116 117 118 119 120 121 122 123 124 125 126 127 128 129 130 131 132 133 134 135 136 137 138 139 140 141 142 143 144 145 146 147 148 149 150 151 152 153 154 155 156 157 158 159 160 161 162 163 164 165 166 167 168 169 170 171 172 173 174 175 176 177 178 179 180 181 182 183 184 185 186 187 188 189 190 191 192 193 194 195 196 197 198 199 200 1 2 3 4 5 6 7 8 9 10 11 12 13 14 15 16 17 18 19 20 21 22 23 24 25 26 27 28 29 30 31 32 33 34 35 36 37 38 39 40 41 42 43 44 45 46 47 48 49 50 51 52 53 54 55 56 57 58 59 60 61 62 63 64 65 66 67 68 69 70 71 72 73 74 75 76 77 78 79 80 81 82 83 84 85 86 87 88 89 90 91 92 93 94 95 96 97 98 99 100 101 102 103 104 105 106 107 108 109 110 111 112 113 114 115 116 117 118 119 120 121 122 123 124 125 126 127 128 129 130 131 132 133 134 135 136 137 138 139 140 141 142 143 144 145 146 147 148 149 150 151 152 153 154 155 156 157 158 159 160 161 162 163 164 165 166 167 168 169 170 171 172 173 174 175 176 177 178 179 180 181 182 183 184 185 186 187 188 189 190 191 192 193 194 195 196 197 198 199 200 1 2 3 4 5 6 7 8 9 10 11 12 13 14 15 16 17 18 19 20 21 22 23 24 25 26 27 28 29 30 31 32 33 34 35 36 37 38 39 40 41 42 43 44 45 46 47 48 49 50 51 52 53 54 55 56 57 58 59 60 61 62 63 64 65 66 67 68 69 70 71 72 73 74 75 76 77 78 79 80 81 82 83 84 85 86 87 88 89 90 91 92 93 94 95 96 97 98 99 100 101 102 103 104 105 106 107 108 109 110 111 112 113 114 115 116 117 118 119 120 121 122 123 124 125 126 127 128 129 130 131 132 133 134 135 136 137 138 139 140 141 142 143 144 145 146 147 148 149 150 151 152 153 154 155 156 157 158 159 160 161 162 163 164 165 166 167 168 169 170 171 172 173 174 175 176 177 178 179 180 181 182 183 184 185 186 187 188 189 190 191 192 193 194 195 196 197 198 199 200 1 2 3 4 5 6 7 8 9 10 11 12 13 14 15 16 17 18 19 20 21 22 23 24 25 26 27 28 29 30 31 32 33 34 35 36 37 38 39 40 41 42 43 44 45 46 47 48 49 50 51 52 53 54 55 56 57 58 59 60 61 62 63 64 65 66 67 68 69 70 71 72 73 74 75 76 77 78 79 80 81 82 83 84 85 86 87 88 89 90 91 92 93 94 95 96 97 98 99 100 101 102 103 104 105 106 107 108 109 110 111 112 113 114 115 116 117 118 119 120 121 122 123 124 125 126 127 128 129 130 131 132 133 134 135 136 137 138 139 140 141 142 143 144 145 146 147 148 149 150 151 152 153 154 155 156 157 158 159 160 161 162 163 164 165 166 167 168 169 170 171 172 173 174 175 176 177 178 179 180 181 182 183 184 185 186 187 188 189 190 191 192 193 194 195 196 197 198 199 200 1 2 3 4 5 6 7 8 9 10 11 12 13 14 15 16 17 18 19 20 21 22 23 24 25 26 27 28 29 30 31 32 33 34 35 36 37 38 39 40 41 42 43 44 45 46 47 48 49 50 51 52 53 54 55 56 57 58 59 60 61 62 63 64 65 66 67 68 69 70 71 72 73 74 75 76 77 78 79 80 81 82 83 84 85 86 87 88 89 90 91 92 93 94 95 96 97 98 99 100 101 102 103 104 105 106 107 108 109 110 111 112 113 114 115 116 117 118 119 120 121 122 123 124 125 126 127 128 129 130 131 132 133 134 135 136 137 138 139 140 141 142 143 144 145 146 147 148 149 150 151 152 153 154 155 156 157 158 159 160 161 162 163 164 165 166 167 168 169 170 171 172 173 174 175 176 177 178 179 180 181 182 183 184 185 186 187 188 189 190 191 192 193 194 195 196 197 198 199 200 1 2 3 4 5 6 7 8 9 10 11 12 13 14 15 16 17 18 19 20 21 22 23 24 25 26 27 28 29 30 31 32 33 34 35 36 37 38 39 40 41 42 43 44 45 46 47 48 49 50 51 52 53 54 55 56 57 58 59 60 61 62 63 64 65 66 67 68 69 70 71 72 73 74 75 76 77 78 79 80 81 82 83 84 85 86 87 88 89 90 91 92 93 94 95 96 97 98 99 100 101 102 103 104 105 106 107 108 109 110 111 112 113 114 115 116 117 118 119 120 121 122 123 124 125 126 127 128 129 130 131 132 133 134 135 136 137 138 139 140 141 142 143 144 145 146 147 148 149 150 151 152 153 154 155 156 157 158 159 160 161 162 163 164 165 166 167 168 169 170 171 172 173 174 175 176 177 178 179 180 181 182 183 184 185 186 187 188 189 190 191 192 193 194 195 196 197 198 199 200 1 2 3 4 5 6 7 8 9 10 11 12 13 14 15 16 17 18 19 20 21 22 23 24 25 26 27 28 29 30 31 32 33 34 35 36 37 38 39 40 41 42 43 44 45 46 47 48 49 50 51 52 53 54 55 56 57 58 59 60 61 62 63 64 65 66 67 68 69 70 71 72 73 74 75 76 77 78 79 80 81 82 83 84 85 86 87 88 89 90 91 92 93 94 95 96 97 98 99 100 101 102 103 104 105 106 107 108 109 110 111 112 113 114 115 116 117 118 119 120 121 122 123 124 125 126 127 128 129 130 131 132 133 134 135 136 137 138 139 140 141 142 143 144 145 146 147 148 149 150 151 152 153 154 155 156 157 158 159 160 161 162 163 164 165 166 167 168 169 170 171 172 173 174 175 176 177 178 179 180 181 182 183 184 185 186 187 188 189 190 191 192 193 194 195 196 197 198 199 200 1 2 3 4 5 6 7 8 9 10 11 12 13 14 15 16 17 18 19 20 21 22 23 24 25 26 27 28 29 30 31 32 33 34 35 36 37 38 39 40 41 42 43 44 45 46 47 48 49 50 51 52 53 54 55 56 57 58 59 60 61 62 63 64 65 66 67 68 69 70 71 72 73 74 75 76 77 78 79 80 81 82 83 84 85 86 87 88 89 90 91 92 93 94 95 96 97 98 99 100 101 102 103 104 105 106 107 108 109 110 111 112 113 114 115 116 117 118 119 120 121 122 123 124 125 126 127 128 129 130 131 132 133 134 135 136 137 138 139 140 141 142 143 144 145 146 147 148 149 150 151 152 153 154 155 156 157 158 159 160 161 162 163 164 165 166 167 168 169 170 171 172 173 174 175 176 177 178 179 180 181 182 183 184 185 186 187 188 189 190 191 192 193 194 195 196 197 198 199 200 1 2 3 4 5 6 7 8 9 10 11 12 13 14 15 16 17 18 19 20 21 22 23 24 25 26 27 28 29 30 31 32 33 34 35 36 37 38 39 40 41 42 43 44 45 46 47 48 49 50 51 52 53 54 55 56 57 58 59 60 61 62 63 64 65 66 67 68 69 70 71 72 73 74 75 76 77 78 79 80 81 82 83 84 85 86 87 88 89 90 91 92 93 94 95 96 97 98 99 100 101 102 103 104 105 106 107 108 109 110 111 112 113 114 115 116 117 118 119 120 121 122 123 124 125 126 127 128 129 130 131 132 133 134 135 136 137 138 139 140 141 142 143 144 145 146 147 148 149 150 151 152 153 154 155 156 157 158 159 160 161 162 163 164 165 166 167 168 169 170 171 172 173 174 175 176 177 178 179 180 181 182 183 184 185 186 187 188 189 190 191 192 193 194 195 196 197 198 199 200 1 2 3 4 5 6 7 8 9 10 11 12 13 14 15 16 17 18 19 20 21 22 23 24 25 26 27 28 29 30 31 32 33 34 35 36 37 38 39 40 41 42 43 44 45 46 47 48 49 50 51 52 53 54 55 56 57 58 59 60 61 62 63 64 65 66 67 68 69 70 71 72 73 74 75 76 77 78 79 80 81 82 83 84 85 86 87 88 89 90 91 92 93 94 95 96 97 98 99 100 101 102 103 104 105 106 107 108 109 110 111 112 113 114 115 116 117 118 119 120 121 122 123 124 125 126 127 128 129 130 131 132 133 134 135 136 137 138 139 140 141 142 143 144 145 146 147 148 149 150 151 152 153 154 155 156 157 158 159 160 161 162 163 164 165 166 167 168 169 170 171 172 173 174 175 176 177 178 179 180 181 182 183 184 185 186 187 188 189 190 191 192 193 194 195 196 197 198 199 200 1 2 3 4 5 6 7 8 9 10 11 12 13 14 15 16 17 18 19 20 21 22 23 24 25 26 27 28 29 30 31 32 33 34 35 36 37 38 39 40 41 42 43 44 45 46 47 48 49 50 51 52 53 54 55 56 57 58 59 60 61 62 63 64 65 66 67 68 69 70 71 72 73 74 75 76 77 78 79 80 81 82 83 84 85 86 87 88 89 90 91 92 93 94 95 96 97 98 99 100 101 102 103 104 105 106 107 108 109 110 111 112 113 114 115 116 117 118 119 120 121 122 123 124 125 126 127 128 129 130 131 132 133 134 135 136 137 138 139 140 141 142 143 144 145 146 147 148 149 150 151 152 153 154 155 156 157 158 159 160 161 162 163 164 165 166 167 168 169 170 171 172 173 174 175 176 177 178 179 180 181 182 183 184 185 186 187 188 189 190 191 192 193 194 195 196 197 198 199 200 1 2 3 4 5 6 7 8 9 10 11 12 13 14 15 16 17 18 19 20 21 22 23 24 25 26 27 28 29 30 31 32 33 34 35 36 37 38 39 40 41 42 43 44 45 46 47 48 49 50 51 52 53 54 55 56 57 58 59 60 61 62 63 64 65 66 67 68 69 70 71 72 73 74 75 76 77 78 79 80 81 82 83 84 85 86 87 88 89 90 91 92 93 94 95 96 97 98 99 100 101 102 103 104 105 106 107 108 109 110 111 112 113 114 115 116 117 118 119 120 121 122 123 124 125 126 127 128 129 130 131 132 133 134 135 136 137 138 139 140 141 142 143 144 145 146 147 148 149 150 151 152 153 154 155 156 157 158 159 160 161 162 163 164 165 166 167 168 169 170 171 172 173 174 175 176 177 178 179 180 181 182 183 184 185 186 187 188 189 190 191 192 193 194 195 196 197 198 199 200 1 2 3 4 5 6 7 8 9 10 11 12 13 14 15 16 17 18 19 20 21 22 23 24 25 26 27 28 29 30 31 32 33 34 35 36 37 38 39 40 41 42 43 44 45 46 47 48 49 50 51 52 53 54 55 56 57 58 59 60 61 62 63 64 65 66 67 68 69 70 71 72 73 74 75 76 77 78 79 80 81 82 83 84 85 86 87 88 89 90 91 92 93 94 95 96 97 98 99 100 101 102 103 104 105 106 107 108 109 110 111 112 113 114 115 116 117 118 119 120 121 122 123 124 125 126 127 128 129 130 131 132 133 134 135 136 137 138 139 140 141 142 143 144 145 146 147 148 149 150 151 152 153 154 155 156 157 158 159 160 161 162 163 164 165 166 167 168 169 170 171 172 173 174 175 176 177 178 179 180 181 182 183 184 185 186 187 188 189 190 191 192 193 194 195 196 197 198 199 200 1 2 3 4 5 6 7 8 9 10 11 12 13 14 15 16 17 18 19 20 21 22 23 24 25 26 27 28 29 30 31 32 33 34 35 36 37 38 39 40 41 42 43 44 45 46 47 48 49 50 51 52 53 54 55 56 57 58 59 60 61 62 63 64 65 66 67 68 69 70 71 72 73 74 75 76 77 78 79 80 81 82 83 84 85 86 87 88 89 90 91 92 93 94 95 96 97 98 99 100 101 102 103 104 105 106 107 108 109 110 111 112 113 114 115 116 117 118 119 120 121 122 123 124 125 126 127 128 129 130 131 132 133 134 135 136 137 138 139 140 141 142 143 144 145 146 147 148 149 150 151 152 153 154 155 156 157 158 159 160 161 162 163 164 165 166 167 168 169 170 171 172 173 174 175 176 177 178 179 180 181 182 183 184 185 186 187 188 189 190 191 192 193 194 195 196 197 198 199 200 1 2 3 4 5 6 7 8 9 10 11 12 13 14 15 16 17 18 19 20 21 22 23 24 25 26 27 28 29 30 31 32 33 34 35 36 37 38 39 40 41 42 43 44 45 46 47 48 49 50 51 52 53 54 55 56 57 58 59 60 61 62 63 64 65 66 67 68 69 70 71 72 73 74 75 76 77 78 79 80 81 82 83 84 85 86 87 88 89 90 91 92 93 94 95 96 97 98 99 100 101 102 103 104 105 106 107 108 109 110 111 112 113 114 115 116 117 118 119 120 121 122 123 124 125 126 127 128 129 130 131 132 133 134 135 136 137 138 139 140 141 142 143 144 145 146 147 148 149 150 151 152 153 154 155 156 157 158 159 160 161 162 163 164 165 166 167 168 169 170 171 172 173 174 175 176 177 178 179 180 181 182 183 184 185 186 187 188 189 190 191 192 193 194 195 196 197 198 199 200 1 2 3 4 5 6 7 8 9 10 11 12 13 14 15 16 17 18 19 20 21 22 23 24 25 26 27 28 29 30 31 32 33 34 35 36 37 38 39 40 41 42 43 44 45 46 47 48 49 50 51 52 53 54 55 56 57 58 59 60 61 62 63 64 65 66 67 68 69 70 71 72 73 74 75 76 77 78 79 80 81 82 83 84 85 86 87 88 89 90 91 92 93 94 95 96 97 98 99 100 101 102 103 104 105 106 107 108 109 110 111 112 113 114 115 116 117 118 119 120 121 122 123 124 125 126 127 128 129 130 131 132 133 134 135 136 137 138 139 140 141 142 143 144 145 146 147 148 149 150 151 152 153 154 155 156 157 158 159 160 161 162 163 164 165 166 167 168 169 170 171 172 173 174 175 176 177 178 179 180 181 182 183 184 185 186 187 188 189 190 191 192 193 194 195 196 197 198 199 200 1 2 3 4 5 6 7 8 9 10 11 12 13 14 15 16 17 18 19 20 21 22 23 24 25 26 27 28 29 30 31 32 33 34 35 36 37 38 39 40 41 42 43 44 45 46 47 48 49 50 51 52 53 54 55 56 57 58 59 60 61 62 63 64 65 66 67 68 69 70 71 72 73 74 75 76 77 78 79 80 81 82 83 84 85 86 87 88 89 90 91 92 93 94 95 96 97 98 99 100 101 102 103 104 105 106 107 108 109 110 111 112 113 114 115 116 117 118 119 120 121 122 123 124 125 126 127 128 129 130 131 132 133 134 135 136 137 138 139 140 141 142 143 144 145 146 147 148 149 150 151 152 153 154 155 156 157 158 159 160 161 162 163 164 165 166 167 168 169 170 171 172 173 174 175 176 177 178 179 180 181 182 183 184 185 186 187 188 189 190 191 192 193 194 195 196 197 198 199 200 1 2 3 4 5 6 7 8 9 10 11 12 13 14 15 16 17 18 19 20 21 22 23 24 25 26 27 28 29 30 31 32 33 34 35 36 37 38 39 40 41 42 43 44 45 46 47 48 49 50 51 52 53 54 55 56 57 58 59 60 61 62 63 64 65 66 67 68 69 70 71 72 73 74 75 76 77 78 79 80 81 82 83 84 85 86 87 88 89 90 91 92 93 94 95 96 97 98 99 100 101 102 103 104 105 106 107 108 109 110 111 112 113 114 115 116 117 118 119 120 121 122 123 124 125 126 127 128 129 130 131 132 133 134 135 136 137 138 139 140 141 142 143 144 145 146 147 148 149 150 151 152 153 154 155 156 157 158 159 160 161 162 163 164 165 166 167 168 169 170 171 172 173 174 175 176 177 178 179 180 181 182 183 184 185 186 187 188 189 190 191 192 193 194 195 196 197 198 199 200 1 2 3 4 5 6 7 8 9 10 11 12 13 14 15 16 17 18 19 20 21 22 23 24 25 26 27 28 29 30 31 32 33 34 35 36 37 38 39 40 41 42 43 44 45 46 47 48 49 50 51 52 53 54 55 56 57 58 59 60 61 62 63 64 65 66 67 68 69 70 71 72 73 74 75 76 77 78 79 80 81 82 83 84 85 86 87 88 89 90 91 92 93 94 95 96 97 98 99 100 101 102 103 104 105 106 107 108 109 110 111 112 113 114 115 116 117 118 119 120 121 122 123 124 125 126 127 128 129 130 131 132 133 134 135 136 137 138 139 140 141 142 143 144 145 146 147 148 149 150 151 152 153 154 155 156 157 158 159 160 161 162 163 164 165 166 167 168 169 170 171 172 173 174 175 176 177 178 179 180 181 182 183 184 185 186 187 188 189 190 191 192 193 194 195 196 197 198 199 200 1 2 3 4 5 6 7 8 9 10 11 12 13 14 15 16 17 18 19 20 21 22 23 24 25 26 27 28 29 30 31 32 33 34 35 36 37 38 39 40 41 42 43 44 45 46 47 48 49 50 51 52 53 54 55 56 57 58 59 60 61 62 63 64 65 66 67 68 69 70 71 72 73 74 75 76 77 78 79 80 81 82 83 84 85 86 87 88 89 90 91 92 93 94 95 96 97 98 99 100 101 102 103 104 105 106 107 108 109 110 111 112 113 114 115 116 117 118 119 120 121 122 123 124 125 126 127 128 129 130 131 132 133 134 135 136 137 138 139 140 141 142 143 144 145 146 147 148 149 150 151 152 153 154 155 156 157 158 159 160 161 162 163 164 165 166 167 168 169 170 171 172 173 174 175 176 177 178 179 180 181 182 183 184 185 186 187 188 189 190 191 192 193 194 195 196 197 198 199 200 1 2 3 4 5 6 7 8 9 10 11 12 13 14 15 16 17 18 19 20 21 22 23 24 25 26 27 28 29 30 31 32 33 34 35 36 37 38 39 40 41 42 43 44 45 46 47 48 49 50 51 52 53 54 55 56 57 58 59 60 61 62 63 64 65 66 67 68 69 70 71 72 73 74 75 76 77 78 79 80 81 82 83 84 85 86 87 88 89 90 91 92 93 94 95 96 97 98 99 100 101 102 103 104 105 106 107 108 109 110 111 112 113 114 115 116 117 118 119 120 121 122 123 124 125 126 127 128 129 130 131 132 133 134 135 136 137 138 139 140 141 142 143 144 145 146 147 148 149 150 151 152 153 154 155 156 157 158 159 160 161 162 163 164 165 166 167 168 169 170 171 172 173 174 175 176 177 178 179 180 181 182 183 184 185 186 187 188 189 190 191 192 193 194 195 196 197 198 199 200 1 2 3 4 5 6 7 8 9 10 11 12 13 14 15 16 17 18 19 20 21 22 23 24 25 26 27 28 29 30 31 32 33 34 35 36 37 38 39 40 41 42 43 44 45 46 47 48 49 50 51 52 53 54 55 56 57 58 59 60 61 62 63 64 65 66 67 68 69 70 71 72 73 74 75 76 77 78 79 80 81 82 83 84 85 86 87 88 89 90 91 92 93 94 95 96 97 98 99 100 101 102 103 104 105 106 107 108 109 110 111 112 113 114 115 116 117 118 119 120 121 122 123 124 125 126 127 128 129 130 131 132 133 134 135 136 137 138 139 140 141 142 143 144 145 146 147 148 149 150 151 152 153 154 155 156 157 158 159 160 161 162 163 164 165 166 167 168 169 170 171 172 173 174 175 176 177 178 179 180 181 182 183 184 185 186 187 188 189 190 191 192 193 194 195 196 197 198 199 200 1 2 3 4 5 6 7 8 9 10 11 12 13 14 15 16 17 18 19 20 21 22 23 24 25 26 27 28 29 30 31 32 33 34 35 36 37 38 39 40 41 42 43 44 45 46 47 48 49 50 51 52 53 54 55 56 57 58 59 60 61 62 63 64 65 66 67 68 69 70 71 72 73 74 75 76 77 78 79 80 81 82 83 84 85 86 87 88 89 90 91 92 93 94 95 96 97 98 99 100 101 102 103 104 105 106 107 108 109 110 111 112 113 114 115 116 117 118 119 120 121 122 123 124 125 126 127 128 129 130 131 132 133 134 135 136 137 138 139 140 141 142 143 144 145 146 147 148 149 150 151 152 153 154 155 156 157 158 159 160 161 162 163 164 165 166 167 168 169 170 171 172 173 174 175 176 177 178 179 180 181 182 183 184 185 186 187 188 189 190 191 192 193 194 195 196 197 198 199 200 1 2 3 4 5 6 7 8 9 10 11 12 13 14 15 16 17 18 19 20 21 22 23 24 25 26 27 28 29 30 31 32 33 34 35 36 37 38 39 40 41 42 43 44 45 46 47 48 49 50 51 52 53 54 55 56 57 58 59 60 61 62 63 64 65 66 67 68 69 70 71 72 73 74 75 76 77 78 79 80 81 82 83 84 85 86 87 88 89 90 91 92 93 94 95 96 97 98 99 100 101 102 103 104 105 106 107 108 109 110 111 112 113 114 115 116 117 118 119 120 121 122 123 124 125 
