868 11957 19180 1500
1 1
1 443
1 444
1 480
1 941
1 3218
2 2
2 33
2 432
2 9023
3 2
3 42
3 137
3 312
3 444
3 595
3 1003
3 2707
3 6469
3 8906
4 2
4 10
4 65
4 135
4 138
4 259
4 290
4 291
4 292
4 297
4 298
4 303
4 315
4 341
4 432
4 655
4 696
4 870
4 3218
4 6467
4 6470
4 6474
5 2
5 445
5 542
5 1694
5 1714
5 1793
5 1794
5 1819
5 1843
5 1844
5 1846
5 1850
5 1863
5 1976
5 1996
5 2098
5 3229
5 3236
5 3245
5 3267
5 3268
5 3397
5 3415
5 4264
5 4623
5 4624
5 4976
5 5212
5 5213
5 5813
5 5814
5 5816
5 5817
5 8793
5 8802
5 8803
5 8806
5 8929
5 8932
5 8933
5 8935
5 8936
5 8937
5 8938
5 8943
5 8944
5 8946
5 8947
5 8948
5 8956
5 8957
5 8987
5 8988
5 8989
5 9018
5 9019
5 9020
5 9021
5 9022
5 9023
5 9025
5 9026
5 9034
5 9043
5 9044
5 9047
5 9048
5 9049
5 9050
5 9051
5 9052
5 9053
5 9068
5 9106
5 9121
5 9122
5 9157
5 9158
5 9159
5 9160
5 9161
5 9163
5 9172
5 9174
5 9189
5 9198
5 9199
5 9200
5 9201
5 9206
5 9229
5 9230
5 9231
5 9250
5 9271
5 9272
5 9273
5 9279
5 9280
5 9312
5 9313
5 9317
5 9320
5 9321
5 9322
5 9325
5 9326
5 9327
5 9329
5 9332
5 9333
5 9334
5 9356
5 9374
5 9390
5 9393
5 9395
5 9397
5 9398
5 9399
5 9401
5 9402
5 9409
5 9419
5 9420
5 9437
5 9438
5 9470
5 9489
5 9490
5 9491
5 9506
5 9507
5 9534
5 9535
5 9536
5 9632
5 9633
5 9634
5 9635
5 9636
5 9684
5 9685
5 9686
5 9706
5 9707
5 9724
5 9749
5 9750
5 9751
5 9752
5 9847
5 9882
5 9897
5 9902
5 9938
5 9965
5 9966
5 9967
5 9968
5 9969
5 9970
5 9971
5 9974
5 9975
5 9976
5 9977
5 9978
5 9979
5 9980
5 9981
5 9982
5 9986
5 9987
5 10028
5 10029
5 10030
5 10031
5 10043
5 10044
5 10100
5 10101
5 10103
5 10105
5 10106
5 10107
5 10110
5 10111
5 10118
5 10119
5 10120
5 10130
5 10148
5 10149
5 10150
5 10151
5 10153
5 10154
5 10155
5 10156
5 10160
5 10163
5 10164
5 10184
5 11475
6 3
6 4
6 413
7 4
7 5
7 7
7 8
7 9
7 13
7 14
7 15
7 19
7 20
7 21
7 22
7 23
7 24
7 25
7 26
7 27
7 28
7 29
7 33
7 36
7 37
7 38
7 39
7 40
7 41
7 42
7 43
7 44
7 45
7 46
7 47
7 48
7 49
7 50
7 51
7 52
7 53
7 56
7 58
7 60
7 61
7 62
7 63
7 64
7 65
7 66
7 67
7 68
7 69
7 70
7 71
7 72
7 73
7 74
7 75
7 76
7 77
7 78
7 79
7 81
7 82
7 83
7 84
7 85
7 86
7 87
7 88
7 89
7 90
7 91
7 92
7 94
7 95
7 96
7 97
7 98
7 99
7 101
7 103
7 104
7 105
7 106
7 107
7 108
7 109
7 111
7 112
7 113
7 115
7 120
7 121
7 123
7 124
7 125
7 126
7 127
7 128
7 129
7 130
7 131
7 132
7 133
7 134
7 135
7 136
7 137
7 138
7 139
7 140
7 141
7 142
7 143
7 144
7 145
7 146
7 147
7 150
7 164
7 165
7 166
7 167
7 168
7 169
7 170
7 171
7 172
7 173
7 174
7 175
7 176
7 177
7 178
7 179
7 180
7 181
7 182
7 183
7 184
7 185
7 186
7 187
7 188
7 189
7 190
7 191
7 192
7 197
7 198
7 199
7 200
7 201
7 202
7 203
7 204
7 205
7 206
7 207
7 208
7 209
7 210
7 211
7 212
7 213
7 214
7 215
7 216
7 217
7 218
7 219
7 220
7 221
7 222
7 223
7 224
7 225
7 226
7 227
7 228
7 229
7 230
7 231
7 232
7 233
7 234
7 235
7 236
7 237
7 238
7 239
7 240
7 241
7 242
7 243
7 244
7 245
7 246
7 247
7 248
7 249
7 250
7 251
7 253
7 254
7 256
7 257
7 258
7 259
7 260
7 266
7 267
7 268
7 269
7 270
7 271
7 272
7 273
7 274
7 275
7 276
7 277
7 278
7 279
7 280
7 281
7 282
7 283
7 284
7 285
7 287
7 301
7 303
7 305
7 306
7 307
7 316
7 317
7 318
7 319
7 320
7 321
7 322
7 323
7 324
7 328
7 329
7 330
7 331
7 332
7 333
7 334
7 335
7 338
7 341
7 342
7 343
7 346
7 347
7 348
7 349
7 370
7 373
7 374
7 375
7 376
7 381
7 382
7 389
7 391
7 393
7 394
7 395
7 396
7 397
7 398
7 399
7 400
7 405
7 408
7 410
7 412
7 413
7 414
7 415
7 416
7 420
7 421
7 423
7 424
7 438
7 443
7 455
7 456
7 458
7 472
7 473
7 474
7 475
7 480
7 488
7 491
7 492
7 493
7 494
7 495
7 496
7 497
7 498
7 500
7 501
7 502
7 503
7 505
7 506
7 515
7 517
7 523
7 526
7 527
7 528
7 529
7 532
7 533
7 534
7 535
7 536
7 537
7 542
7 545
7 546
7 548
7 549
7 550
7 551
7 552
7 553
7 554
7 555
7 556
7 557
7 558
7 559
7 560
7 561
7 563
7 564
7 565
7 566
7 567
7 568
7 570
7 571
7 572
7 573
7 574
7 575
7 576
7 577
7 578
7 579
7 580
7 581
7 583
7 584
7 585
7 586
7 588
7 589
7 591
7 592
7 593
7 594
7 595
7 596
7 597
7 598
7 599
7 605
7 606
7 610
7 622
7 627
7 628
7 630
7 633
7 639
7 641
7 644
7 645
7 646
7 647
7 648
7 649
7 656
7 696
7 795
7 798
7 807
7 809
7 810
7 811
7 812
7 813
7 815
7 816
7 817
7 818
7 819
7 821
7 831
7 854
7 858
7 861
7 862
7 863
7 864
7 871
7 872
7 873
7 874
7 875
7 876
7 877
7 878
7 879
7 880
7 881
7 882
7 883
7 884
7 886
7 887
7 888
7 889
7 890
7 891
7 892
7 893
7 895
7 896
7 897
7 898
7 900
7 901
7 902
7 903
7 904
7 926
7 948
7 956
7 964
7 966
7 967
7 968
7 980
7 987
7 1018
7 1031
7 1045
7 1052
7 1053
7 1065
7 1067
7 1077
7 1078
7 1085
7 1090
7 1094
7 1099
7 1107
7 1109
7 1121
7 1128
7 1130
7 1131
7 1138
7 1141
7 1143
7 1145
7 1147
7 1148
7 1149
7 1159
7 1169
7 1187
7 1189
7 1195
7 1196
7 1203
7 1206
7 1209
7 1211
7 1212
7 1213
7 1214
7 1215
7 1218
7 1222
7 1224
7 1263
7 1266
7 1272
7 1280
7 1285
7 1310
7 1318
7 1369
7 1375
7 1385
7 1404
7 1405
7 1406
7 1407
7 1408
7 1409
7 1410
7 1412
7 1414
7 1415
7 1416
7 1417
7 1418
7 1419
7 1420
7 1421
7 1422
7 1423
7 1424
7 1425
7 1426
7 1427
7 1428
7 1429
7 1430
7 1431
7 1432
7 1433
7 1434
7 1435
7 1436
7 1437
7 1438
7 1439
7 1440
7 1441
7 1442
7 1443
7 1444
7 1452
7 1456
7 1459
7 1460
7 1461
7 1462
7 1463
7 1464
7 1465
7 1466
7 1467
7 1487
7 1489
7 1490
7 1491
7 1492
7 1493
7 1494
7 1495
7 1497
7 1514
7 1515
7 1516
7 1526
7 1527
7 1547
7 1627
7 1634
7 1668
7 1675
7 1678
7 1681
7 1687
7 1688
7 1689
7 1690
7 1691
7 1699
7 1700
7 1703
7 1704
7 1734
7 1735
7 1736
7 1737
7 1738
7 1739
7 1740
7 1741
7 1742
7 1743
7 1746
7 1747
7 1748
7 1749
7 1751
7 1752
7 1753
7 1754
7 1755
7 1757
7 1758
7 1759
7 1760
7 1761
7 1762
7 1763
7 1764
7 1765
7 1768
7 1769
7 1770
7 1771
7 1772
7 1773
7 1774
7 1775
7 1776
7 1777
7 1778
7 1780
7 1781
7 1782
7 1783
7 1784
7 1785
7 1786
7 1787
7 1788
7 1789
7 1790
7 1791
7 1792
7 1798
7 1806
7 1821
7 1834
7 1835
7 1837
7 1838
7 1839
7 1840
7 1841
7 1848
7 1849
7 1970
7 1983
7 1985
7 1988
7 2004
7 2008
7 2009
7 2010
7 2011
7 2012
7 2013
7 2014
7 2015
7 2016
7 2017
7 2018
7 2019
7 2020
7 2021
7 2022
7 2081
7 2082
7 2083
7 2084
7 2085
7 2103
7 2107
7 2108
7 2109
7 2110
7 2111
7 2112
7 2113
7 2114
7 2115
7 2122
7 2123
7 2124
7 2125
7 2126
7 2127
7 2129
7 2130
7 2131
7 2150
7 2151
7 2250
7 2264
7 2267
7 2294
7 2368
7 2372
7 2499
7 2604
7 2605
7 2608
7 2699
7 2700
7 2701
7 2702
7 2703
7 2704
7 2705
7 2706
7 2707
7 2708
7 2709
7 2710
7 2847
7 3180
7 3181
7 3182
7 3183
7 3184
7 3185
7 3186
7 3187
7 3188
7 3223
7 3237
7 3238
7 3239
7 3240
7 3241
7 3242
7 3243
7 3244
7 3246
7 3251
7 3252
7 3253
7 3864
7 4404
7 4453
7 4458
7 4500
7 4598
7 4683
7 4881
7 4897
7 4969
7 4970
7 5368
7 5480
7 5700
7 5728
7 5763
7 5779
7 5967
7 5992
7 5993
7 5995
7 5996
7 5997
7 6000
7 6457
7 6458
7 6459
7 6460
7 6461
7 6462
7 6463
7 6464
7 6465
7 6466
7 6467
7 6468
7 6469
7 6470
7 6471
7 6472
7 6473
7 6474
7 6475
7 6505
7 6507
7 6508
7 6509
7 6511
7 6514
7 6528
7 6537
7 6542
7 6543
7 6544
7 6545
7 6546
7 6549
7 6577
7 6740
7 6807
7 6875
7 6876
7 6877
7 7003
7 7007
7 7016
7 7017
7 7018
7 7019
7 7076
7 7077
7 7078
7 7079
7 7080
7 7081
7 7082
7 7083
7 7085
7 7087
7 7088
7 7090
7 7091
7 7092
7 7177
7 7661
7 7763
7 7764
7 7765
7 7766
7 7767
7 7768
7 7769
7 7770
7 7772
7 7774
7 7775
7 7906
7 7907
7 7908
7 7909
7 7910
7 7911
7 7912
7 7913
7 7914
7 7915
7 7916
7 7917
7 7953
7 8085
7 8125
7 8129
7 8130
7 8131
7 8132
7 8133
7 8134
7 8135
7 8189
7 8219
7 8698
7 8702
7 8703
7 8704
7 8756
7 8760
7 8782
7 8801
7 8807
7 8824
7 8829
7 8830
7 8831
7 8872
7 8874
7 8876
7 8888
7 8939
7 8958
7 8963
7 8978
7 9037
7 9083
7 9085
7 9104
7 9119
7 9155
7 9179
7 9180
7 9183
7 9258
7 9278
7 9295
7 9335
7 9341
7 9354
7 9355
7 9406
7 9430
7 9431
7 9461
7 9474
7 9475
7 9476
7 9477
7 9478
7 9479
7 9480
7 9481
7 9512
7 9513
7 9514
7 9520
7 9522
7 9523
7 9524
7 9525
7 9526
7 9527
7 9528
7 9529
7 9530
7 9531
7 9539
7 9540
7 9544
7 9557
7 9577
7 9645
7 9646
7 9647
7 9648
7 9649
7 9653
7 9658
7 9661
7 9662
7 9668
7 9669
7 9670
7 9671
7 9672
7 9673
7 9674
7 9680
7 9687
7 9688
7 9691
7 9692
7 9693
7 9694
7 9695
7 9696
7 9697
7 9698
7 9699
7 9700
7 9701
7 9702
7 9703
7 9704
7 9705
7 9711
7 9713
7 9714
7 9725
7 9732
7 9733
7 9735
7 9736
7 9737
7 9738
7 9739
7 9741
7 9742
7 9743
7 9744
7 9745
7 9754
7 9755
7 9756
7 9760
7 9761
7 9762
7 9766
7 9781
7 9782
7 9783
7 9784
7 9786
7 9787
7 9788
7 9790
7 9791
7 9792
7 9794
7 9798
7 9799
7 9800
7 9826
7 9827
7 9828
7 9832
7 9835
7 9837
7 9838
7 9839
7 9840
7 9841
7 9845
7 9848
7 9849
7 9850
7 9851
7 9854
7 9857
7 9859
7 9860
7 9861
7 9862
7 9863
7 9864
7 9865
7 9866
7 9867
7 9868
7 9869
7 9870
7 9871
7 9872
7 9873
7 9874
7 9875
7 9876
7 9877
7 9878
7 9879
7 9883
7 9884
7 9885
7 9886
7 9887
7 9888
7 9893
7 9898
7 9899
7 9900
7 9901
7 9909
7 9914
7 9915
7 9943
7 9944
7 9945
7 9946
7 9947
7 9954
7 9955
7 9962
7 9963
7 9964
7 9972
7 9983
7 9984
7 9985
7 9992
7 9993
7 9994
7 10018
7 10019
7 10020
7 10021
7 10053
7 10064
7 10065
7 10066
7 10095
7 10096
7 10109
7 10114
7 10115
7 10121
7 10122
7 10123
7 10124
7 10125
7 10136
7 10137
7 10138
7 10155
7 10166
7 10167
7 10168
7 10169
7 10170
7 10171
7 10173
7 10183
7 10337
7 10360
7 10361
7 10362
7 10370
7 10371
7 10372
7 10373
7 10374
7 10375
7 10379
7 10380
7 10381
7 10384
7 10385
7 10386
7 10387
7 10388
7 10389
7 10390
7 10391
7 10393
7 10394
7 10395
7 10396
7 10397
7 10398
7 10399
7 10400
7 10401
7 10407
7 10408
7 10409
7 10411
7 10412
7 10413
7 10414
7 10415
7 10416
7 10417
7 10419
7 10420
7 10421
7 10422
7 10423
7 10424
7 10425
7 10426
7 10427
7 10428
7 10429
7 10430
7 10433
7 10434
7 10435
7 10436
7 10437
7 10438
7 10439
7 10440
7 10441
7 10442
7 10443
7 10444
7 10445
7 10446
7 10447
7 10448
7 10449
7 10450
7 10451
7 10452
7 10453
7 10455
7 10456
7 10457
7 10458
7 10459
7 10460
7 10461
7 10462
7 10463
7 10464
7 10465
7 10469
7 10470
7 10471
7 10474
7 10475
7 10476
7 10477
7 10479
7 10480
7 10481
7 10482
7 10483
7 10484
7 10485
7 10486
7 10487
7 10488
7 10489
7 10491
7 10492
7 10493
7 10494
7 10496
7 10497
7 10498
7 10499
7 10500
7 10501
7 10502
7 10503
7 10504
7 10505
7 10506
7 10507
7 10510
7 10511
7 10514
7 10515
7 10516
7 10517
7 10518
7 10519
7 10520
7 10521
7 10522
7 10523
7 10524
7 10525
7 10528
7 10529
7 10530
7 10531
7 10533
7 10534
7 10543
7 10546
7 10547
7 10548
7 10549
7 10550
7 10551
7 10552
7 10553
7 10554
7 10557
7 10558
7 10559
7 10560
7 10570
7 10571
7 10572
7 10573
7 10574
7 10575
7 10576
7 10577
7 10578
7 10579
7 10580
7 10581
7 10582
7 10583
7 10584
7 10585
7 10586
7 10587
7 10588
7 10593
7 10594
7 10595
7 10596
7 10597
7 10599
7 10600
7 10601
7 10602
7 10603
7 10604
7 10606
7 10607
7 10608
7 10609
7 10610
7 10616
7 10617
7 10618
7 10619
7 10620
7 10621
7 10622
7 10623
7 10624
7 10625
7 10626
7 10642
7 10644
7 10645
7 10646
7 10647
7 10648
7 10649
7 10650
7 10651
7 10652
7 10653
7 10654
7 10655
7 10656
7 10657
7 10658
7 10659
7 10660
7 10661
7 10662
7 10663
7 10664
7 10665
7 10667
7 10668
7 10669
7 10672
7 10673
7 10674
7 10675
7 10676
7 10677
7 10678
7 10679
7 10680
7 10681
7 10682
7 10683
7 10685
7 10686
7 10687
7 10692
7 10693
7 10694
7 10695
7 10696
7 10697
7 10698
7 10699
7 10700
7 10701
7 10702
7 10703
7 10704
7 10705
7 10706
7 10707
7 10708
7 10709
7 10710
7 10711
7 10712
7 10713
7 10714
7 10715
7 10716
7 10717
7 10718
7 10719
7 10720
7 10721
7 10722
7 10723
7 10724
7 10725
7 10726
7 10727
7 10728
7 10729
7 10730
7 10731
7 10732
7 10733
7 10734
7 10735
7 10736
7 10737
7 10738
7 10739
7 10740
7 10741
7 10742
7 10743
7 10744
7 10745
7 10747
7 10748
7 10749
7 10750
7 10751
7 10752
7 10753
7 10754
7 10755
7 10756
7 10757
7 10758
7 10759
7 10765
7 10766
7 10773
7 10774
7 10775
7 10776
7 10777
7 10778
7 10779
7 10780
7 10781
7 10782
7 10783
7 10784
7 10785
7 10786
7 10787
7 10798
7 10802
7 10803
7 10804
7 10805
7 10806
7 10807
7 10808
7 10811
7 10812
7 10813
7 10814
7 10815
7 10816
7 10817
7 10818
7 10819
7 10820
7 10821
7 10822
7 10823
7 10824
7 10825
7 10826
7 10827
7 10828
7 10829
7 10830
7 10831
7 10832
7 10833
7 10834
7 10835
7 10836
7 10837
7 10838
7 10839
7 10840
7 10841
7 10842
7 10843
7 10844
7 10845
7 10846
7 10847
7 10848
7 10849
7 10850
7 10851
7 10852
7 10853
7 10854
7 10855
7 10856
7 10857
7 10858
7 10859
7 10860
7 10861
7 10862
7 10863
7 10864
7 10865
7 10866
7 10867
7 10868
7 10869
7 10870
7 10871
7 10872
7 10873
7 10874
7 10875
7 10876
7 10877
7 10878
7 10879
7 10880
7 10881
7 10882
7 10883
7 10884
7 10885
7 10886
7 10887
7 10888
7 10889
7 10890
7 10891
7 10892
7 10893
7 10894
7 10895
7 10896
7 10897
7 10898
7 10899
7 10900
7 10901
7 10902
7 10903
7 10904
7 10905
7 10906
7 10907
7 10908
7 10909
7 10910
7 10911
7 10912
7 10913
7 10914
7 10915
7 10916
7 10917
7 10918
7 10919
7 10920
7 10921
7 10922
7 10923
7 10924
7 10925
7 10926
7 10927
7 10928
7 10929
7 10930
7 10931
7 10932
7 10933
7 10934
7 10935
7 10936
7 10937
7 10938
7 10939
7 10940
7 10941
7 10942
7 10943
7 10944
7 10945
7 10946
7 10947
7 10948
7 10949
7 10950
7 10951
7 10952
7 10953
7 10954
7 10955
7 10956
7 10957
7 10958
7 10959
7 10960
7 10961
7 10962
7 10963
7 10964
7 10965
7 10966
7 10967
7 10968
7 10969
7 10972
7 10973
7 10974
7 10975
7 10976
7 10977
7 10978
7 10979
7 10980
7 10981
7 10982
7 10983
7 10984
7 10985
7 10986
7 10987
7 10988
7 10990
7 10991
7 10992
7 10993
7 10994
7 10995
7 10996
7 10997
7 10998
7 10999
7 11000
7 11004
7 11006
7 11012
7 11013
7 11014
7 11022
7 11023
7 11024
7 11025
7 11026
7 11027
7 11028
7 11029
7 11030
7 11031
7 11032
7 11033
7 11034
7 11035
7 11036
7 11037
7 11038
7 11039
7 11040
7 11041
7 11042
7 11043
7 11044
7 11045
7 11046
7 11047
7 11048
7 11049
7 11050
7 11051
7 11052
7 11053
7 11055
7 11056
7 11057
7 11066
7 11068
7 11069
7 11071
7 11072
7 11074
7 11075
7 11076
7 11077
7 11078
7 11079
7 11080
7 11081
7 11082
7 11083
7 11084
7 11085
7 11086
7 11087
7 11089
7 11090
7 11091
7 11092
7 11093
7 11094
7 11095
7 11097
7 11098
7 11099
7 11106
7 11108
7 11109
7 11110
7 11111
7 11112
7 11113
7 11114
7 11115
7 11116
7 11117
7 11118
7 11119
7 11120
7 11121
7 11122
7 11123
7 11124
7 11125
7 11126
7 11127
7 11128
7 11129
7 11130
7 11131
7 11132
7 11133
7 11134
7 11135
7 11136
7 11137
7 11138
7 11139
7 11141
7 11142
7 11146
7 11147
7 11148
7 11149
7 11150
7 11151
7 11152
7 11153
7 11154
7 11155
7 11157
7 11158
7 11159
7 11160
7 11161
7 11162
7 11163
7 11164
7 11166
7 11168
7 11169
7 11170
7 11171
7 11172
7 11173
7 11174
7 11175
7 11176
7 11177
7 11178
7 11179
7 11180
7 11181
7 11182
7 11183
7 11184
7 11185
7 11186
7 11187
7 11188
7 11189
7 11190
7 11191
7 11192
7 11195
7 11196
7 11197
7 11198
7 11199
7 11200
7 11201
7 11202
7 11203
7 11204
7 11205
7 11206
7 11207
7 11208
7 11210
7 11211
7 11212
7 11213
7 11214
7 11215
7 11217
7 11218
7 11219
7 11220
7 11221
7 11222
7 11223
7 11224
7 11225
7 11226
7 11227
7 11228
7 11229
7 11230
7 11231
7 11232
7 11233
7 11234
7 11235
7 11236
7 11237
7 11238
7 11239
7 11240
7 11241
7 11243
7 11244
7 11245
7 11246
7 11247
7 11249
7 11253
7 11254
7 11258
7 11259
7 11260
7 11267
7 11269
7 11270
7 11271
7 11272
7 11273
7 11274
7 11275
7 11276
7 11277
7 11279
7 11280
7 11281
7 11282
7 11283
7 11284
7 11285
7 11286
7 11287
7 11288
7 11289
7 11290
7 11291
7 11292
7 11293
7 11294
7 11295
7 11296
7 11297
7 11298
7 11299
7 11300
7 11301
7 11302
7 11303
7 11304
7 11305
7 11306
7 11307
7 11308
7 11309
7 11310
7 11311
7 11312
7 11313
7 11314
7 11315
7 11316
7 11317
7 11318
7 11319
7 11320
7 11321
7 11322
7 11323
7 11324
7 11325
7 11326
7 11327
7 11328
7 11329
7 11330
7 11331
7 11332
7 11333
7 11334
7 11335
7 11336
7 11337
7 11338
7 11339
7 11340
7 11341
7 11342
7 11343
7 11344
7 11345
7 11346
7 11347
7 11349
7 11350
7 11355
7 11356
7 11359
7 11361
7 11362
7 11363
7 11367
7 11368
7 11370
7 11372
7 11373
7 11375
7 11376
7 11377
7 11378
7 11379
7 11380
7 11381
7 11385
7 11386
7 11387
7 11388
7 11389
7 11390
7 11391
7 11392
7 11393
7 11394
7 11395
7 11396
7 11397
7 11398
7 11399
7 11400
7 11401
7 11402
7 11403
7 11404
7 11407
7 11408
7 11409
7 11414
7 11416
7 11424
7 11425
7 11426
7 11427
7 11435
7 11436
7 11437
7 11438
7 11439
7 11440
7 11441
7 11451
7 11452
7 11453
7 11456
7 11457
7 11460
7 11461
7 11464
7 11465
7 11466
7 11467
7 11468
7 11469
7 11470
7 11471
7 11472
7 11473
7 11474
7 11476
7 11477
7 11478
7 11479
7 11480
7 11481
7 11491
7 11497
7 11498
7 11499
7 11500
7 11501
7 11502
7 11506
7 11507
7 11508
7 11509
7 11510
7 11511
7 11512
7 11513
7 11514
7 11515
7 11516
7 11517
7 11518
7 11519
7 11520
7 11521
7 11522
7 11523
7 11524
7 11525
7 11526
7 11527
7 11528
7 11529
7 11530
7 11531
7 11532
7 11533
7 11534
7 11535
7 11536
7 11537
7 11538
7 11539
7 11540
7 11541
7 11542
7 11544
7 11545
7 11546
7 11547
7 11551
7 11552
7 11553
7 11554
7 11555
7 11556
7 11557
7 11558
7 11581
7 11585
7 11586
7 11607
7 11608
7 11621
7 11622
7 11623
7 11624
7 11625
7 11626
7 11627
7 11742
7 11745
7 11819
7 11825
7 11946
8 4
8 5
8 7
8 8
8 9
8 13
8 14
8 18
8 19
8 20
8 21
8 22
8 23
8 24
8 25
8 26
8 27
8 28
8 32
8 33
8 35
8 36
8 37
8 38
8 39
8 40
8 41
8 42
8 43
8 44
8 45
8 46
8 47
8 48
8 49
8 50
8 51
8 52
8 53
8 54
8 55
8 56
8 60
8 61
8 62
8 63
8 64
8 65
8 66
8 67
8 68
8 69
8 70
8 71
8 72
8 73
8 74
8 77
8 78
8 81
8 82
8 83
8 85
8 86
8 87
8 88
8 89
8 90
8 91
8 92
8 94
8 95
8 96
8 97
8 99
8 100
8 101
8 102
8 103
8 104
8 108
8 109
8 110
8 111
8 112
8 115
8 120
8 121
8 123
8 124
8 125
8 126
8 127
8 128
8 129
8 130
8 131
8 132
8 133
8 134
8 135
8 136
8 137
8 138
8 139
8 145
8 146
8 147
8 148
8 149
8 150
8 151
8 152
8 153
8 154
8 155
8 156
8 157
8 158
8 159
8 160
8 161
8 162
8 163
8 164
8 165
8 166
8 167
8 168
8 169
8 170
8 171
8 172
8 173
8 174
8 175
8 176
8 178
8 179
8 182
8 183
8 184
8 185
8 186
8 187
8 188
8 189
8 190
8 191
8 192
8 199
8 204
8 217
8 218
8 219
8 220
8 221
8 222
8 223
8 224
8 225
8 227
8 228
8 229
8 230
8 231
8 232
8 233
8 234
8 235
8 236
8 237
8 238
8 239
8 240
8 241
8 242
8 243
8 244
8 245
8 246
8 253
8 254
8 257
8 258
8 259
8 266
8 267
8 270
8 271
8 272
8 275
8 277
8 278
8 279
8 280
8 281
8 282
8 303
8 305
8 306
8 307
8 319
8 323
8 326
8 327
8 332
8 333
8 334
8 335
8 336
8 338
8 341
8 342
8 343
8 348
8 350
8 351
8 352
8 353
8 354
8 355
8 356
8 357
8 358
8 359
8 360
8 361
8 362
8 363
8 364
8 365
8 366
8 367
8 368
8 369
8 370
8 371
8 372
8 373
8 374
8 375
8 376
8 377
8 378
8 379
8 380
8 381
8 382
8 383
8 384
8 385
8 386
8 387
8 388
8 389
8 390
8 391
8 392
8 393
8 394
8 401
8 402
8 403
8 404
8 405
8 406
8 407
8 408
8 409
8 410
8 411
8 412
8 413
8 414
8 415
8 416
8 420
8 421
8 422
8 423
8 424
8 429
8 430
8 431
8 438
8 448
8 449
8 451
8 455
8 456
8 457
8 458
8 465
8 466
8 467
8 468
8 472
8 476
8 480
8 491
8 492
8 493
8 494
8 495
8 496
8 497
8 498
8 499
8 500
8 501
8 502
8 503
8 504
8 505
8 506
8 507
8 508
8 509
8 510
8 511
8 512
8 513
8 514
8 515
8 516
8 517
8 518
8 519
8 520
8 521
8 522
8 523
8 524
8 525
8 526
8 527
8 529
8 533
8 534
8 535
8 536
8 539
8 547
8 548
8 549
8 550
8 554
8 555
8 557
8 558
8 559
8 560
8 561
8 563
8 564
8 566
8 567
8 570
8 571
8 572
8 573
8 574
8 575
8 576
8 577
8 578
8 579
8 580
8 581
8 583
8 584
8 585
8 587
8 588
8 589
8 591
8 592
8 595
8 597
8 600
8 601
8 602
8 603
8 604
8 605
8 606
8 607
8 608
8 609
8 610
8 611
8 612
8 613
8 614
8 615
8 616
8 617
8 618
8 619
8 620
8 621
8 622
8 623
8 624
8 625
8 626
8 627
8 628
8 630
8 633
8 635
8 636
8 637
8 638
8 639
8 640
8 642
8 644
8 645
8 646
8 647
8 648
8 649
8 650
8 651
8 652
8 653
8 654
8 655
8 656
8 657
8 658
8 659
8 661
8 662
8 663
8 664
8 665
8 666
8 667
8 668
8 669
8 670
8 671
8 672
8 673
8 674
8 675
8 676
8 677
8 678
8 679
8 680
8 681
8 682
8 683
8 684
8 685
8 686
8 687
8 688
8 689
8 690
8 691
8 692
8 693
8 694
8 695
8 696
8 697
8 698
8 699
8 700
8 701
8 702
8 703
8 704
8 705
8 706
8 707
8 708
8 709
8 710
8 711
8 712
8 713
8 714
8 715
8 716
8 717
8 718
8 719
8 720
8 721
8 722
8 723
8 724
8 725
8 726
8 727
8 728
8 729
8 730
8 731
8 732
8 733
8 734
8 735
8 736
8 737
8 738
8 739
8 740
8 741
8 742
8 743
8 744
8 745
8 746
8 747
8 748
8 749
8 750
8 751
8 752
8 753
8 754
8 755
8 756
8 757
8 758
8 759
8 760
8 761
8 762
8 763
8 764
8 765
8 766
8 767
8 768
8 769
8 770
8 771
8 772
8 773
8 774
8 775
8 776
8 777
8 778
8 779
8 780
8 781
8 782
8 783
8 784
8 785
8 786
8 787
8 788
8 789
8 790
8 791
8 792
8 793
8 794
8 795
8 797
8 801
8 802
8 803
8 804
8 805
8 806
8 807
8 808
8 809
8 810
8 811
8 812
8 814
8 820
8 821
8 822
8 823
8 824
8 825
8 826
8 827
8 828
8 829
8 830
8 831
8 832
8 833
8 834
8 835
8 836
8 837
8 838
8 839
8 840
8 841
8 842
8 843
8 844
8 845
8 846
8 847
8 848
8 849
8 850
8 851
8 852
8 853
8 854
8 855
8 856
8 857
8 858
8 861
8 863
8 864
8 865
8 869
8 870
8 884
8 900
8 908
8 909
8 910
8 911
8 912
8 913
8 914
8 915
8 919
8 920
8 921
8 926
8 931
8 932
8 933
8 935
8 937
8 943
8 944
8 946
8 948
8 956
8 959
8 960
8 961
8 962
8 963
8 964
8 965
8 966
8 967
8 968
8 969
8 970
8 971
8 972
8 973
8 974
8 975
8 976
8 977
8 978
8 980
8 987
8 989
8 990
8 991
8 994
8 996
8 997
8 999
8 1007
8 1009
8 1011
8 1016
8 1031
8 1032
8 1033
8 1051
8 1056
8 1057
8 1058
8 1059
8 1060
8 1061
8 1065
8 1067
8 1068
8 1069
8 1071
8 1072
8 1074
8 1077
8 1078
8 1079
8 1080
8 1081
8 1082
8 1083
8 1084
8 1085
8 1086
8 1087
8 1088
8 1089
8 1090
8 1091
8 1092
8 1093
8 1094
8 1095
8 1096
8 1097
8 1098
8 1099
8 1100
8 1101
8 1102
8 1105
8 1106
8 1107
8 1109
8 1110
8 1113
8 1115
8 1116
8 1119
8 1120
8 1121
8 1122
8 1123
8 1125
8 1126
8 1128
8 1129
8 1131
8 1135
8 1137
8 1138
8 1139
8 1140
8 1141
8 1142
8 1144
8 1145
8 1146
8 1148
8 1149
8 1151
8 1153
8 1156
8 1159
8 1160
8 1162
8 1163
8 1164
8 1165
8 1166
8 1167
8 1168
8 1169
8 1170
8 1171
8 1172
8 1173
8 1174
8 1175
8 1176
8 1177
8 1178
8 1179
8 1180
8 1181
8 1182
8 1183
8 1184
8 1185
8 1186
8 1187
8 1189
8 1190
8 1191
8 1192
8 1193
8 1194
8 1195
8 1196
8 1197
8 1198
8 1199
8 1203
8 1206
8 1224
8 1227
8 1229
8 1230
8 1231
8 1232
8 1240
8 1241
8 1243
8 1245
8 1248
8 1251
8 1253
8 1255
8 1257
8 1258
8 1260
8 1261
8 1262
8 1263
8 1264
8 1265
8 1266
8 1267
8 1268
8 1269
8 1270
8 1271
8 1272
8 1274
8 1279
8 1280
8 1281
8 1285
8 1287
8 1292
8 1293
8 1294
8 1296
8 1297
8 1298
8 1299
8 1300
8 1302
8 1304
8 1306
8 1307
8 1308
8 1309
8 1310
8 1311
8 1312
8 1314
8 1323
8 1328
8 1330
8 1332
8 1379
8 1385
8 1386
8 1387
8 1388
8 1389
8 1390
8 1391
8 1393
8 1394
8 1411
8 1412
8 1413
8 1416
8 1446
8 1447
8 1448
8 1453
8 1458
8 1459
8 1472
8 1474
8 1475
8 1476
8 1477
8 1478
8 1498
8 1514
8 1515
8 1527
8 1529
8 1530
8 1582
8 1583
8 1618
8 1623
8 1624
8 1657
8 1677
8 1686
8 1705
8 1727
8 1761
8 1798
8 1819
8 1824
8 1831
8 1832
8 1834
8 1835
8 1840
8 1845
8 1876
8 1877
8 1878
8 1879
8 1880
8 1881
8 1882
8 1883
8 1884
8 1885
8 1886
8 1887
8 1888
8 1889
8 1890
8 1891
8 1892
8 1893
8 1894
8 1895
8 1896
8 1897
8 1898
8 1899
8 1900
8 1901
8 1902
8 1903
8 1904
8 1905
8 1906
8 1907
8 1908
8 1909
8 1910
8 1911
8 1912
8 1913
8 1914
8 1915
8 1916
8 1917
8 1918
8 1919
8 1920
8 1921
8 1922
8 1923
8 1924
8 1925
8 1926
8 1927
8 1928
8 1929
8 1930
8 1931
8 1932
8 1933
8 1970
8 1973
8 1985
8 1987
8 2006
8 2007
8 2012
8 2013
8 2028
8 2054
8 2061
8 2084
8 2086
8 2107
8 2122
8 2128
8 2159
8 2201
8 2259
8 2262
8 2263
8 2379
8 2387
8 2393
8 2420
8 2421
8 2484
8 2486
8 2726
8 2765
8 2784
8 2847
8 2858
8 2886
8 2950
8 2989
8 2992
8 3019
8 3133
8 3174
8 3176
8 3177
8 3178
8 3179
8 3190
8 3191
8 3192
8 3194
8 3196
8 3197
8 3198
8 3199
8 3200
8 3201
8 3202
8 3203
8 3204
8 3205
8 3206
8 3207
8 3208
8 3209
8 3210
8 3211
8 3213
8 3214
8 3215
8 3217
8 3219
8 3221
8 3223
8 3224
8 3227
8 3386
8 3404
8 3427
8 3429
8 3458
8 3462
8 3583
8 3585
8 3655
8 3675
8 3714
8 3803
8 3808
8 3810
8 3832
8 4029
8 4124
8 4231
8 4268
8 4461
8 4479
8 4533
8 4584
8 4598
8 4641
8 4683
8 4779
8 4835
8 4867
8 4868
8 4874
8 4915
8 4944
8 4970
8 4975
8 4984
8 4985
8 4987
8 4990
8 4997
8 5010
8 5011
8 5014
8 5015
8 5016
8 5020
8 5024
8 5026
8 5029
8 5032
8 5035
8 5036
8 5039
8 5040
8 5048
8 5052
8 5055
8 5058
8 5062
8 5071
8 5073
8 5075
8 5081
8 5082
8 5083
8 5088
8 5100
8 5103
8 5108
8 5113
8 5120
8 5122
8 5132
8 5167
8 5257
8 5284
8 5330
8 5335
8 5351
8 5430
8 5457
8 5697
8 5730
8 5741
8 5756
8 5764
8 5826
8 5916
8 5971
8 5999
8 6196
8 6226
8 6237
8 6246
8 6259
8 6282
8 6283
8 6378
8 6585
8 6586
8 6640
8 6881
8 7008
8 7205
8 7425
8 7763
8 7954
8 7956
8 7959
8 8065
8 8159
8 8250
8 8312
8 8313
8 8701
8 8707
8 8708
8 8709
8 8751
8 8754
8 8760
8 8762
8 8765
8 8766
8 8774
8 8775
8 8780
8 8781
8 8782
8 8786
8 8789
8 8790
8 8792
8 8797
8 8801
8 8962
8 8963
8 8967
8 8978
8 9104
8 9221
8 9335
8 9341
8 9355
8 9451
8 9466
8 9467
8 9468
8 9471
8 9557
8 9656
8 9658
8 9698
8 9701
8 9713
8 9714
8 9727
8 9728
8 9732
8 9745
8 9759
8 9761
8 9762
8 9765
8 9773
8 9789
8 9802
8 9824
8 9825
8 9845
8 9859
8 9909
8 9910
8 9911
8 9915
8 9916
8 9917
8 9918
8 9919
8 9920
8 9921
8 9922
8 9923
8 9924
8 9925
8 9926
8 9927
8 9928
8 9929
8 9930
8 9931
8 9932
8 9933
8 9934
8 9936
8 9937
8 9946
8 9949
8 9950
8 9952
8 9953
8 9954
8 9972
8 9973
8 9988
8 9991
8 9999
8 10015
8 10017
8 10021
8 10036
8 10037
8 10066
8 10095
8 10115
8 10131
8 10132
8 10133
8 10134
8 10137
8 10139
8 10144
8 10145
8 10155
8 10157
8 10158
8 10159
8 10174
8 10175
8 10183
8 10342
8 10348
8 10349
8 10352
8 10360
8 10361
8 10362
8 10370
8 10371
8 10373
8 10376
8 10377
8 10379
8 10380
8 10381
8 10393
8 10398
8 10401
8 10408
8 10409
8 10410
8 10414
8 10417
8 10420
8 10423
8 10424
8 10430
8 10433
8 10434
8 10435
8 10440
8 10441
8 10443
8 10444
8 10474
8 10499
8 10508
8 10512
8 10513
8 10519
8 10521
8 10525
8 10527
8 10528
8 10532
8 10535
8 10538
8 10539
8 10540
8 10544
8 10545
8 10556
8 10567
8 10568
8 10604
8 10611
8 10625
8 10638
8 10639
8 10662
8 10665
8 10668
8 10686
8 10688
8 10694
8 10706
8 10727
8 10728
8 10729
8 10730
8 10741
8 10760
8 10762
8 10763
8 10764
8 10798
8 10801
8 11012
8 11049
8 11050
8 11056
8 11057
8 11058
8 11059
8 11073
8 11088
8 11094
8 11097
8 11106
8 11107
8 11256
8 11257
8 11267
8 11350
8 11428
8 11442
8 11443
8 11458
8 11459
8 11462
8 11463
8 11469
8 11473
8 11474
8 11481
8 11482
8 11486
8 11487
8 11492
8 11493
8 11497
8 11504
8 11505
8 11548
8 11549
8 11575
8 11576
8 11584
8 11597
8 11609
8 11619
8 11620
8 11628
8 11629
8 11630
8 11632
8 11633
8 11637
8 11638
8 11742
8 11748
8 11749
8 11753
8 11754
8 11861
8 11862
8 11952
8 11953
9 4
9 5
9 7
9 8
9 104
9 119
9 139
9 153
9 154
9 155
9 156
9 157
9 158
9 159
9 160
9 161
9 162
9 277
9 278
9 455
9 472
9 493
9 498
9 523
9 555
9 650
9 651
9 960
9 1139
9 1144
9 1278
9 1293
9 1372
9 1635
9 1637
9 1933
9 2008
9 2009
9 2252
9 3240
9 4436
9 5808
9 6003
9 6468
9 6507
9 6510
9 6512
9 6513
9 6578
9 6579
9 6580
9 6581
9 6582
9 6583
9 6686
9 6687
9 6688
9 6689
9 7079
9 7662
9 7663
9 7664
9 7665
9 7666
9 7667
9 9184
9 9456
9 9457
9 9458
9 9459
9 9544
9 9849
9 10164
9 10372
9 10382
9 10402
9 10403
9 10405
9 10466
9 10522
9 10579
9 11093
9 11103
9 11236
9 11509
9 11510
9 11586
9 11649
9 11667
10 4
10 7
10 8
10 10
10 14
10 23
10 37
10 42
10 65
10 67
10 74
10 77
10 81
10 83
10 104
10 108
10 109
10 112
10 121
10 135
10 137
10 139
10 145
10 147
10 153
10 154
10 155
10 156
10 157
10 158
10 159
10 160
10 161
10 162
10 163
10 164
10 166
10 167
10 168
10 200
10 259
10 270
10 286
10 288
10 289
10 290
10 291
10 292
10 293
10 296
10 297
10 298
10 299
10 303
10 310
10 312
10 315
10 348
10 384
10 393
10 420
10 443
10 444
10 472
10 480
10 490
10 493
10 494
10 518
10 523
10 562
10 570
10 593
10 595
10 598
10 604
10 652
10 653
10 654
10 655
10 656
10 657
10 659
10 676
10 696
10 726
10 747
10 781
10 784
10 802
10 803
10 870
10 882
10 896
10 899
10 915
10 916
10 929
10 935
10 961
10 980
10 981
10 987
10 991
10 1031
10 1085
10 1090
10 1096
10 1106
10 1116
10 1144
10 1203
10 1216
10 1225
10 1226
10 1230
10 1241
10 1318
10 1363
10 1369
10 1373
10 1445
10 1446
10 1448
10 1449
10 1452
10 1453
10 1454
10 1467
10 1634
10 2003
10 2259
10 2264
10 2291
10 2707
10 3218
10 3225
10 3397
10 4431
10 4457
10 4471
10 4626
10 4897
10 5154
10 5155
10 5700
10 5992
10 5993
10 5996
10 5997
10 6388
10 6395
10 6457
10 6467
10 6468
10 6469
10 6470
10 6471
10 6473
10 6474
10 6505
10 6511
10 6513
10 6525
10 6542
10 6549
10 6682
10 6684
10 6686
10 6687
10 6688
10 6689
10 6700
10 6701
10 6702
10 6703
10 6704
10 6705
10 6706
10 6707
10 6708
10 6709
10 6710
10 6711
10 6712
10 6713
10 6714
10 6715
10 6716
10 6717
10 6718
10 6719
10 6720
10 6721
10 6722
10 6723
10 6724
10 6725
10 6726
10 6729
10 6730
10 6736
10 6737
10 6756
10 6757
10 6758
10 6759
10 6760
10 6761
10 6765
10 6768
10 6769
10 6770
10 6771
10 6772
10 6773
10 6966
10 6967
10 6968
10 6978
10 6980
10 6981
10 6982
10 7005
10 7011
10 7012
10 7013
10 7014
10 7022
10 7024
10 7026
10 7028
10 7030
10 7066
10 7070
10 7072
10 7074
10 7077
10 7078
10 7079
10 7083
10 7085
10 7086
10 7088
10 7090
10 7094
10 7097
10 7109
10 7136
10 7137
10 7138
10 7139
10 7140
10 7141
10 7142
10 7143
10 7144
10 7151
10 7152
10 7155
10 7157
10 7158
10 7224
10 7240
10 7244
10 7245
10 7259
10 7324
10 7325
10 7447
10 7448
10 7449
10 7450
10 7451
10 7452
10 7454
10 7455
10 7469
10 7478
10 7479
10 7480
10 7486
10 7487
10 7488
10 7502
10 7503
10 7504
10 7505
10 7511
10 7514
10 7515
10 7516
10 7517
10 7518
10 7579
10 7588
10 7597
10 7662
10 7663
10 7664
10 7665
10 7666
10 7667
10 7699
10 7709
10 7723
10 7724
10 7725
10 7745
10 7752
10 7769
10 7770
10 7775
10 7795
10 7798
10 7827
10 7834
10 7845
10 7859
10 7866
10 7897
10 8129
10 8132
10 8162
10 8235
10 8399
10 8459
10 8469
10 8489
10 8519
10 8542
10 8570
10 8587
10 8588
10 8589
10 8590
10 8591
10 8592
10 8593
10 8594
10 8595
10 8596
10 8597
10 8598
10 8599
10 8600
10 8601
10 8603
10 8604
10 8605
10 8606
10 8607
10 8608
10 8609
10 8610
10 8611
10 8612
10 8613
10 8614
10 8615
10 8616
10 8617
10 8618
10 8619
10 8668
10 8756
10 8759
10 8801
10 8807
10 8863
10 8888
10 8903
10 8906
10 8913
10 8914
10 8976
10 8977
10 9001
10 9037
10 9070
10 9104
10 9151
10 9226
10 9259
10 9278
10 9298
10 9309
10 9352
10 9367
10 9473
10 9555
10 9556
10 9560
10 9649
10 9657
10 9668
10 9669
10 9670
10 9671
10 9672
10 9674
10 9759
10 9853
10 9858
10 9873
10 9874
10 9875
10 9877
10 9878
10 9947
10 10110
10 10111
10 10338
10 10460
10 10464
10 10466
10 10467
10 10472
10 10473
10 10485
10 10497
10 10503
10 10541
10 10616
10 10636
10 10637
10 10643
10 10651
10 10656
10 10666
10 10689
10 10709
10 11001
10 11002
10 11076
10 11084
10 11115
10 11116
10 11163
10 11196
10 11198
10 11210
10 11213
10 11216
10 11343
10 11382
10 11383
10 11406
10 11412
10 11423
10 11468
10 11485
10 11498
10 11499
10 11566
10 11567
10 11692
10 11852
10 11910
10 11917
11 8
11 67
11 136
11 527
11 8215
11 10047
12 8
12 10
12 42
12 65
12 67
12 77
12 91
12 112
12 121
12 135
12 138
12 259
12 268
12 286
12 288
12 289
12 290
12 291
12 292
12 293
12 294
12 295
12 296
12 297
12 298
12 299
12 303
12 310
12 312
12 315
12 384
12 409
12 443
12 444
12 454
12 490
12 493
12 518
12 554
12 604
12 633
12 652
12 653
12 655
12 656
12 657
12 659
12 676
12 696
12 726
12 747
12 870
12 874
12 896
12 915
12 981
12 987
12 1031
12 1090
12 1116
12 2248
12 2259
12 2264
12 2707
12 3218
12 3414
12 4969
12 5992
12 5993
12 5997
12 6457
12 6467
12 6468
12 6469
12 6470
12 6471
12 6473
12 6474
12 6505
12 6511
12 6513
12 6549
12 7074
12 7078
12 7079
12 7083
12 7085
12 7090
12 7092
12 7456
12 7769
12 7770
12 8134
12 8776
12 8801
12 8888
12 8902
12 8906
12 8976
12 9001
12 9151
12 9298
12 9352
13 8
13 10
13 65
13 67
13 77
13 112
13 118
13 121
13 135
13 138
13 218
13 219
13 236
13 286
13 288
13 289
13 290
13 291
13 292
13 293
13 295
13 296
13 297
13 298
13 299
13 303
13 310
13 312
13 315
13 384
13 432
13 443
13 444
13 450
13 454
13 464
13 484
13 490
13 493
13 518
13 595
13 604
13 632
13 652
13 653
13 655
13 656
13 657
13 659
13 676
13 679
13 696
13 733
13 747
13 781
13 784
13 812
13 870
13 896
13 924
13 949
13 950
13 987
13 1003
13 1005
13 1029
13 1035
13 1062
13 1085
13 1090
13 1116
13 1365
13 1665
13 2249
13 2271
13 2291
13 2294
13 2697
13 2707
13 3189
13 3218
13 4414
13 4481
13 5366
13 5993
13 5996
13 6395
13 6457
13 6467
13 6468
13 6469
13 6470
13 6471
13 6473
13 6474
13 6505
13 6511
13 6542
13 6549
13 7005
13 7074
13 7077
13 7078
13 7083
13 7085
13 7088
13 7090
13 8801
13 8815
13 8877
13 8888
13 8893
13 8903
13 8916
13 8966
13 9001
13 9259
13 9759
14 8
14 33
14 56
14 66
14 67
14 77
14 176
14 313
14 335
14 381
14 515
14 527
14 554
14 555
14 871
14 963
14 984
14 1096
14 1314
14 1416
14 1583
14 2011
14 2107
14 2250
14 2251
14 2252
14 2253
14 3414
14 3418
14 3687
14 4897
14 4920
14 4922
14 5120
14 6505
14 6872
14 8756
14 8759
14 8760
14 8978
14 9335
14 9369
14 9433
14 9451
14 9454
14 9463
14 9482
14 9501
14 9519
14 9555
14 9556
14 9557
14 9558
14 9559
14 9560
14 9561
14 9562
14 9563
14 9564
14 9565
14 9566
14 9567
14 9568
14 9569
14 9658
14 9674
14 9846
14 9852
14 9853
14 9854
14 9855
14 9856
14 9857
14 9858
14 9880
14 9881
14 10408
15 8
15 56
15 67
15 72
15 103
15 130
15 132
15 137
15 138
15 176
15 254
15 373
15 456
15 499
15 502
15 518
15 522
15 527
15 554
15 555
15 558
15 559
15 560
15 561
15 563
15 565
15 572
15 575
15 578
15 579
15 591
15 737
15 770
15 778
15 807
15 813
15 875
15 1052
15 1053
15 1065
15 1077
15 1078
15 1081
15 1085
15 1086
15 1087
15 1089
15 1090
15 1091
15 1093
15 1097
15 1098
15 1100
15 1101
15 1102
15 1106
15 1107
15 1109
15 1110
15 1112
15 1113
15 1114
15 1116
15 1117
15 1123
15 1124
15 1125
15 1126
15 1127
15 1128
15 1129
15 1130
15 1131
15 1132
15 1133
15 1134
15 1135
15 1136
15 1137
15 1138
15 1139
15 1140
15 1141
15 1142
15 1143
15 1146
15 1147
15 1148
15 1149
15 1150
15 1151
15 1152
15 1154
15 1155
15 1156
15 1157
15 1158
15 1159
15 1160
15 1161
15 1162
15 1187
15 1188
15 1189
15 1190
15 1191
15 1192
15 1193
15 1194
15 1199
15 1200
15 1201
15 1202
15 1203
15 1204
15 1205
15 1206
15 1207
15 1208
15 1209
15 1210
15 1211
15 1212
15 1213
15 1214
15 1215
15 1216
15 1217
15 1218
15 1219
15 1221
15 1222
15 1223
15 1224
15 1225
15 1226
15 1228
15 1229
15 1230
15 1231
15 1232
15 1233
15 1234
15 1235
15 1236
15 1237
15 1238
15 1239
15 1240
15 1241
15 1242
15 1243
15 1244
15 1245
15 1246
15 1247
15 1248
15 1249
15 1250
15 1252
15 1253
15 1254
15 1255
15 1256
15 1257
15 1258
15 1259
15 1267
15 1271
15 1272
15 1273
15 1274
15 1275
15 1276
15 1277
15 1278
15 1280
15 1281
15 1282
15 1283
15 1284
15 1285
15 1286
15 1287
15 1288
15 1289
15 1290
15 1291
15 1292
15 1293
15 1294
15 1295
15 1296
15 1297
15 1298
15 1299
15 1300
15 1301
15 1302
15 1303
15 1304
15 1305
15 1306
15 1307
15 1308
15 1309
15 1310
15 1311
15 1312
15 1313
15 1314
15 1315
15 1316
15 1318
15 1320
15 1321
15 1322
15 1323
15 1324
15 1325
15 1326
15 1327
15 1328
15 1329
15 1330
15 1331
15 1332
15 1333
15 1334
15 1335
15 1336
15 1337
15 1338
15 1339
15 1340
15 1341
15 1342
15 1343
15 1344
15 1345
15 1346
15 1347
15 1348
15 1349
15 1350
15 1351
15 1352
15 1353
15 1354
15 1355
15 1356
15 1357
15 1358
15 1359
15 1360
15 1361
15 1362
15 1363
15 1364
15 1368
15 1369
15 1370
15 1371
15 1372
15 1373
15 1374
15 1375
15 1376
15 1377
15 1380
15 1381
15 1382
15 1383
15 1384
15 1387
15 1388
15 1389
15 1390
15 1391
15 1394
15 1395
15 1396
15 1397
15 1398
15 1399
15 1400
15 1401
15 1402
15 1403
15 1411
15 1412
15 1443
15 1445
15 1446
15 1447
15 1448
15 1449
15 1450
15 1451
15 1452
15 1453
15 1454
15 1455
15 1456
15 1457
15 1467
15 1468
15 1469
15 1470
15 1471
15 1472
15 1473
15 1474
15 1475
15 1476
15 1477
15 1478
15 1479
15 1480
15 1481
15 1482
15 1483
15 1484
15 1485
15 1486
15 1487
15 1488
15 1489
15 1490
15 1491
15 1492
15 1493
15 1494
15 1495
15 1496
15 1497
15 1498
15 1499
15 1500
15 1501
15 1502
15 1503
15 1504
15 1505
15 1506
15 1507
15 1508
15 1509
15 1510
15 1511
15 1512
15 1513
15 1514
15 1515
15 1517
15 1518
15 1519
15 1520
15 1521
15 1522
15 1523
15 1524
15 1525
15 1528
15 1531
15 1532
15 1533
15 1534
15 1535
15 1536
15 1537
15 1538
15 1539
15 1542
15 1543
15 1544
15 1545
15 1546
15 1549
15 1550
15 1551
15 1552
15 1553
15 1554
15 1555
15 1556
15 1557
15 1558
15 1559
15 1560
15 1561
15 1562
15 1563
15 1564
15 1565
15 1566
15 1567
15 1568
15 1569
15 1570
15 1571
15 1572
15 1573
15 1574
15 1575
15 1576
15 1577
15 1578
15 1579
15 1580
15 1581
15 1582
15 1583
15 1584
15 1585
15 1586
15 1587
15 1588
15 1589
15 1590
15 1591
15 1592
15 1593
15 1594
15 1595
15 1596
15 1597
15 1598
15 1599
15 1600
15 1601
15 1602
15 1603
15 1604
15 1605
15 1606
15 1607
15 1608
15 1609
15 1610
15 1611
15 1612
15 1613
15 1614
15 1615
15 1616
15 1617
15 1618
15 1619
15 1620
15 1621
15 1622
15 1625
15 1626
15 1627
15 1628
15 1629
15 1630
15 1631
15 1632
15 1633
15 1634
15 1635
15 1636
15 1637
15 1638
15 1639
15 1640
15 1641
15 1642
15 1643
15 1644
15 1645
15 1646
15 1647
15 1648
15 1649
15 1650
15 1651
15 1652
15 1653
15 1654
15 1655
15 1656
15 1657
15 1658
15 1659
15 1660
15 1661
15 1662
15 1663
15 1664
15 1666
15 1667
15 1668
15 1669
15 1670
15 1671
15 1672
15 1673
15 1674
15 1675
15 1676
15 1677
15 1678
15 1682
15 1683
15 1684
15 1685
15 1692
15 1693
15 1695
15 1696
15 1697
15 1698
15 1701
15 1702
15 1705
15 1706
15 1707
15 1708
15 1709
15 1710
15 1711
15 1712
15 1713
15 1716
15 1717
15 1718
15 1719
15 1720
15 1721
15 1722
15 1723
15 1724
15 1725
15 1726
15 1727
15 1728
15 1729
15 1730
15 1731
15 1732
15 1733
15 1744
15 1745
15 1750
15 1756
15 1761
15 1762
15 1763
15 1795
15 1796
15 1797
15 1799
15 1800
15 1801
15 1802
15 1803
15 1804
15 1807
15 1808
15 1809
15 1812
15 1813
15 1814
15 1815
15 1816
15 1817
15 1818
15 1820
15 1821
15 1822
15 1823
15 1825
15 1827
15 1828
15 1829
15 1830
15 1833
15 1836
15 1847
15 1851
15 1852
15 1853
15 1854
15 1855
15 1856
15 1857
15 1858
15 1859
15 1860
15 1861
15 1862
15 1864
15 1865
15 1866
15 1867
15 1868
15 1869
15 1870
15 1871
15 1872
15 1873
15 1874
15 1875
15 1934
15 1935
15 1936
15 1937
15 1938
15 1939
15 1940
15 1941
15 1942
15 1943
15 1944
15 1945
15 1946
15 1947
15 1950
15 1951
15 1952
15 1953
15 1954
15 1955
15 1956
15 1957
15 1958
15 1959
15 1961
15 1962
15 1963
15 1964
15 1965
15 1966
15 1967
15 1968
15 1979
15 1980
15 1981
15 1982
15 1985
15 1986
15 1987
15 1988
15 1989
15 1990
15 1991
15 1992
15 1993
15 1994
15 1995
15 1997
15 1998
15 1999
15 2000
15 2001
15 2002
15 2003
15 2004
15 2005
15 2007
15 2008
15 2009
15 2023
15 2024
15 2025
15 2026
15 2027
15 2028
15 2029
15 2030
15 2031
15 2032
15 2033
15 2034
15 2035
15 2036
15 2037
15 2038
15 2039
15 2040
15 2041
15 2042
15 2043
15 2044
15 2045
15 2046
15 2047
15 2048
15 2049
15 2050
15 2051
15 2052
15 2053
15 2054
15 2055
15 2056
15 2057
15 2058
15 2059
15 2060
15 2061
15 2062
15 2063
15 2064
15 2065
15 2066
15 2067
15 2068
15 2069
15 2070
15 2071
15 2072
15 2073
15 2074
15 2075
15 2076
15 2077
15 2078
15 2079
15 2080
15 2086
15 2087
15 2088
15 2089
15 2090
15 2092
15 2093
15 2094
15 2095
15 2096
15 2097
15 2099
15 2100
15 2101
15 2102
15 2103
15 2104
15 2105
15 2106
15 2107
15 2116
15 2117
15 2118
15 2119
15 2120
15 2122
15 2132
15 2133
15 2134
15 2135
15 2136
15 2137
15 2138
15 2139
15 2140
15 2141
15 2142
15 2143
15 2144
15 2145
15 2146
15 2147
15 2148
15 2149
15 2152
15 2153
15 2154
15 2155
15 2156
15 2157
15 2158
15 2161
15 2162
15 2163
15 2164
15 2165
15 2166
15 2167
15 2168
15 2169
15 2170
15 2171
15 2172
15 2173
15 2174
15 2175
15 2176
15 2177
15 2178
15 2179
15 2180
15 2181
15 2182
15 2183
15 2184
15 2185
15 2186
15 2187
15 2188
15 2189
15 2190
15 2191
15 2192
15 2193
15 2194
15 2195
15 2196
15 2197
15 2198
15 2199
15 2200
15 2201
15 2202
15 2203
15 2204
15 2205
15 2206
15 2207
15 2208
15 2209
15 2210
15 2211
15 2212
15 2213
15 2214
15 2215
15 2216
15 2217
15 2218
15 2219
15 2220
15 2221
15 2222
15 2223
15 2224
15 2225
15 2226
15 2227
15 2228
15 2229
15 2230
15 2231
15 2232
15 2233
15 2234
15 2235
15 2236
15 2238
15 2239
15 2240
15 2243
15 2244
15 2245
15 2246
15 2247
15 2250
15 2254
15 2255
15 2256
15 2257
15 2258
15 2259
15 2260
15 2261
15 2262
15 2263
15 2264
15 2265
15 2266
15 2267
15 2268
15 2269
15 2270
15 2271
15 2272
15 2273
15 2274
15 2275
15 2276
15 2277
15 2278
15 2279
15 2280
15 2281
15 2282
15 2283
15 2284
15 2285
15 2286
15 2287
15 2288
15 2289
15 2290
15 2291
15 2292
15 2293
15 2294
15 2295
15 2296
15 2297
15 2298
15 2299
15 2300
15 2301
15 2302
15 2303
15 2304
15 2305
15 2306
15 2307
15 2308
15 2309
15 2310
15 2311
15 2312
15 2313
15 2314
15 2315
15 2316
15 2317
15 2318
15 2319
15 2320
15 2321
15 2322
15 2323
15 2324
15 2325
15 2326
15 2327
15 2328
15 2329
15 2330
15 2331
15 2332
15 2333
15 2336
15 2337
15 2338
15 2339
15 2340
15 2341
15 2342
15 2343
15 2344
15 2345
15 2346
15 2347
15 2348
15 2349
15 2350
15 2351
15 2352
15 2353
15 2354
15 2355
15 2356
15 2357
15 2358
15 2359
15 2360
15 2361
15 2362
15 2363
15 2364
15 2365
15 2367
15 2369
15 2370
15 2371
15 2372
15 2373
15 2374
15 2375
15 2376
15 2377
15 2379
15 2380
15 2381
15 2382
15 2383
15 2384
15 2385
15 2386
15 2387
15 2388
15 2389
15 2390
15 2391
15 2392
15 2393
15 2394
15 2395
15 2396
15 2397
15 2398
15 2399
15 2400
15 2401
15 2402
15 2403
15 2404
15 2405
15 2406
15 2407
15 2408
15 2409
15 2410
15 2411
15 2412
15 2413
15 2414
15 2415
15 2416
15 2417
15 2418
15 2419
15 2420
15 2421
15 2422
15 2423
15 2424
15 2425
15 2426
15 2427
15 2428
15 2429
15 2430
15 2431
15 2432
15 2433
15 2434
15 2435
15 2436
15 2437
15 2438
15 2439
15 2440
15 2441
15 2442
15 2443
15 2444
15 2445
15 2446
15 2447
15 2449
15 2450
15 2451
15 2452
15 2453
15 2454
15 2455
15 2456
15 2457
15 2458
15 2459
15 2460
15 2461
15 2462
15 2463
15 2464
15 2465
15 2466
15 2467
15 2468
15 2469
15 2470
15 2471
15 2472
15 2473
15 2474
15 2475
15 2476
15 2477
15 2478
15 2479
15 2480
15 2481
15 2482
15 2483
15 2484
15 2485
15 2486
15 2487
15 2488
15 2489
15 2490
15 2491
15 2492
15 2493
15 2494
15 2495
15 2496
15 2497
15 2498
15 2499
15 2500
15 2501
15 2502
15 2503
15 2504
15 2505
15 2506
15 2507
15 2508
15 2509
15 2510
15 2511
15 2512
15 2513
15 2514
15 2515
15 2516
15 2517
15 2518
15 2519
15 2520
15 2521
15 2522
15 2523
15 2524
15 2525
15 2526
15 2527
15 2528
15 2529
15 2530
15 2531
15 2532
15 2533
15 2534
15 2535
15 2536
15 2537
15 2538
15 2539
15 2540
15 2541
15 2542
15 2543
15 2544
15 2545
15 2546
15 2547
15 2548
15 2549
15 2550
15 2551
15 2552
15 2553
15 2554
15 2555
15 2556
15 2557
15 2558
15 2559
15 2560
15 2561
15 2562
15 2563
15 2564
15 2565
15 2566
15 2567
15 2568
15 2569
15 2570
15 2571
15 2572
15 2573
15 2574
15 2575
15 2576
15 2577
15 2578
15 2579
15 2580
15 2581
15 2582
15 2583
15 2584
15 2585
15 2586
15 2587
15 2588
15 2589
15 2590
15 2591
15 2592
15 2593
15 2594
15 2595
15 2596
15 2597
15 2598
15 2599
15 2600
15 2601
15 2602
15 2603
15 2608
15 2609
15 2610
15 2611
15 2612
15 2613
15 2614
15 2615
15 2616
15 2617
15 2618
15 2619
15 2620
15 2621
15 2622
15 2623
15 2624
15 2625
15 2626
15 2627
15 2628
15 2629
15 2630
15 2631
15 2632
15 2633
15 2634
15 2635
15 2636
15 2637
15 2638
15 2639
15 2640
15 2641
15 2642
15 2643
15 2644
15 2645
15 2646
15 2647
15 2648
15 2649
15 2650
15 2651
15 2652
15 2653
15 2654
15 2655
15 2656
15 2657
15 2658
15 2659
15 2660
15 2661
15 2662
15 2663
15 2664
15 2665
15 2666
15 2667
15 2668
15 2669
15 2670
15 2671
15 2672
15 2673
15 2674
15 2675
15 2676
15 2677
15 2678
15 2679
15 2680
15 2681
15 2682
15 2683
15 2684
15 2685
15 2686
15 2687
15 2688
15 2689
15 2690
15 2691
15 2692
15 2693
15 2694
15 2695
15 2696
15 2711
15 2712
15 2713
15 2714
15 2715
15 2716
15 2717
15 2718
15 2719
15 2720
15 2721
15 2722
15 2723
15 2724
15 2725
15 2727
15 2728
15 2729
15 2730
15 2731
15 2732
15 2733
15 2734
15 2735
15 2736
15 2737
15 2738
15 2739
15 2740
15 2741
15 2742
15 2743
15 2744
15 2745
15 2746
15 2747
15 2748
15 2749
15 2750
15 2751
15 2752
15 2753
15 2754
15 2755
15 2756
15 2757
15 2758
15 2759
15 2760
15 2761
15 2762
15 2763
15 2764
15 2765
15 2766
15 2767
15 2768
15 2769
15 2770
15 2771
15 2772
15 2773
15 2774
15 2775
15 2776
15 2777
15 2778
15 2779
15 2780
15 2781
15 2782
15 2783
15 2784
15 2785
15 2786
15 2787
15 2788
15 2789
15 2790
15 2791
15 2792
15 2793
15 2794
15 2795
15 2796
15 2797
15 2798
15 2799
15 2800
15 2801
15 2802
15 2803
15 2804
15 2805
15 2806
15 2807
15 2808
15 2809
15 2810
15 2811
15 2812
15 2813
15 2814
15 2815
15 2816
15 2817
15 2818
15 2819
15 2820
15 2821
15 2822
15 2823
15 2824
15 2825
15 2826
15 2827
15 2828
15 2829
15 2830
15 2831
15 2832
15 2833
15 2834
15 2835
15 2836
15 2837
15 2838
15 2839
15 2840
15 2841
15 2842
15 2843
15 2844
15 2845
15 2846
15 2847
15 2848
15 2849
15 2850
15 2851
15 2852
15 2853
15 2854
15 2855
15 2856
15 2857
15 2858
15 2859
15 2860
15 2861
15 2862
15 2863
15 2864
15 2865
15 2866
15 2867
15 2868
15 2869
15 2870
15 2871
15 2872
15 2873
15 2874
15 2875
15 2876
15 2877
15 2878
15 2879
15 2880
15 2881
15 2882
15 2883
15 2884
15 2885
15 2886
15 2887
15 2888
15 2889
15 2890
15 2891
15 2892
15 2893
15 2894
15 2895
15 2896
15 2897
15 2898
15 2899
15 2900
15 2901
15 2902
15 2903
15 2904
15 2905
15 2906
15 2907
15 2908
15 2909
15 2910
15 2911
15 2912
15 2913
15 2914
15 2915
15 2916
15 2917
15 2918
15 2919
15 2920
15 2921
15 2922
15 2923
15 2924
15 2925
15 2926
15 2927
15 2928
15 2929
15 2930
15 2931
15 2932
15 2933
15 2934
15 2935
15 2936
15 2937
15 2938
15 2939
15 2940
15 2941
15 2942
15 2943
15 2944
15 2945
15 2946
15 2947
15 2948
15 2949
15 2950
15 2951
15 2952
15 2953
15 2954
15 2955
15 2956
15 2957
15 2958
15 2959
15 2960
15 2961
15 2962
15 2963
15 2964
15 2965
15 2966
15 2967
15 2968
15 2969
15 2970
15 2971
15 2972
15 2973
15 2975
15 2976
15 2977
15 2978
15 2979
15 2980
15 2981
15 2982
15 2983
15 2984
15 2985
15 2986
15 2987
15 2988
15 2989
15 2990
15 2991
15 2992
15 2993
15 2994
15 2995
15 2996
15 2997
15 2998
15 2999
15 3000
15 3001
15 3002
15 3003
15 3004
15 3005
15 3006
15 3007
15 3008
15 3009
15 3010
15 3011
15 3012
15 3013
15 3014
15 3015
15 3016
15 3017
15 3018
15 3019
15 3020
15 3021
15 3022
15 3023
15 3024
15 3025
15 3026
15 3027
15 3028
15 3029
15 3030
15 3031
15 3032
15 3033
15 3034
15 3035
15 3036
15 3037
15 3038
15 3039
15 3040
15 3042
15 3046
15 3047
15 3048
15 3049
15 3050
15 3051
15 3052
15 3053
15 3054
15 3055
15 3056
15 3057
15 3058
15 3059
15 3060
15 3061
15 3062
15 3063
15 3064
15 3065
15 3066
15 3067
15 3068
15 3069
15 3070
15 3071
15 3072
15 3073
15 3074
15 3075
15 3076
15 3077
15 3078
15 3079
15 3080
15 3081
15 3082
15 3083
15 3084
15 3085
15 3086
15 3087
15 3088
15 3089
15 3090
15 3091
15 3092
15 3093
15 3094
15 3095
15 3096
15 3097
15 3098
15 3099
15 3100
15 3101
15 3102
15 3103
15 3104
15 3105
15 3106
15 3107
15 3108
15 3109
15 3110
15 3111
15 3112
15 3113
15 3114
15 3115
15 3116
15 3117
15 3118
15 3119
15 3120
15 3121
15 3122
15 3123
15 3124
15 3125
15 3126
15 3127
15 3128
15 3129
15 3130
15 3131
15 3132
15 3133
15 3134
15 3135
15 3136
15 3137
15 3138
15 3139
15 3140
15 3141
15 3142
15 3143
15 3144
15 3145
15 3146
15 3147
15 3148
15 3149
15 3150
15 3151
15 3152
15 3153
15 3154
15 3155
15 3156
15 3157
15 3158
15 3159
15 3160
15 3161
15 3162
15 3163
15 3164
15 3165
15 3166
15 3167
15 3168
15 3169
15 3170
15 3171
15 3172
15 3173
15 3174
15 3180
15 3215
15 3225
15 3226
15 3248
15 3249
15 3250
15 3254
15 3255
15 3256
15 3257
15 3258
15 3259
15 3260
15 3261
15 3262
15 3263
15 3264
15 3265
15 3269
15 3270
15 3271
15 3272
15 3273
15 3274
15 3275
15 3276
15 3277
15 3278
15 3281
15 3282
15 3283
15 3284
15 3285
15 3286
15 3287
15 3288
15 3289
15 3290
15 3291
15 3292
15 3293
15 3294
15 3295
15 3297
15 3298
15 3299
15 3300
15 3301
15 3302
15 3303
15 3304
15 3305
15 3306
15 3307
15 3308
15 3309
15 3310
15 3311
15 3312
15 3313
15 3314
15 3315
15 3316
15 3317
15 3318
15 3319
15 3320
15 3321
15 3322
15 3323
15 3324
15 3325
15 3326
15 3327
15 3328
15 3329
15 3330
15 3331
15 3332
15 3333
15 3334
15 3335
15 3336
15 3337
15 3338
15 3339
15 3340
15 3341
15 3342
15 3343
15 3344
15 3345
15 3346
15 3347
15 3348
15 3349
15 3350
15 3351
15 3352
15 3353
15 3354
15 3355
15 3356
15 3357
15 3358
15 3359
15 3360
15 3361
15 3362
15 3363
15 3364
15 3365
15 3366
15 3367
15 3368
15 3370
15 3371
15 3372
15 3373
15 3374
15 3375
15 3376
15 3377
15 3378
15 3379
15 3380
15 3381
15 3382
15 3383
15 3384
15 3385
15 3386
15 3387
15 3388
15 3389
15 3391
15 3392
15 3393
15 3394
15 3395
15 3396
15 3398
15 3399
15 3400
15 3401
15 3402
15 3403
15 3404
15 3405
15 3406
15 3407
15 3409
15 3414
15 3419
15 3420
15 3421
15 3422
15 3423
15 3424
15 3425
15 3426
15 3427
15 3428
15 3429
15 3430
15 3431
15 3432
15 3433
15 3434
15 3435
15 3436
15 3437
15 3438
15 3439
15 3440
15 3441
15 3442
15 3443
15 3444
15 3445
15 3446
15 3447
15 3448
15 3449
15 3450
15 3451
15 3452
15 3453
15 3454
15 3455
15 3456
15 3457
15 3458
15 3459
15 3460
15 3461
15 3462
15 3463
15 3464
15 3465
15 3466
15 3467
15 3468
15 3469
15 3470
15 3471
15 3472
15 3473
15 3474
15 3475
15 3476
15 3477
15 3478
15 3479
15 3480
15 3481
15 3482
15 3483
15 3484
15 3485
15 3486
15 3487
15 3488
15 3489
15 3490
15 3491
15 3492
15 3493
15 3494
15 3495
15 3496
15 3497
15 3498
15 3499
15 3500
15 3501
15 3502
15 3503
15 3504
15 3505
15 3506
15 3507
15 3508
15 3509
15 3510
15 3511
15 3512
15 3513
15 3514
15 3515
15 3516
15 3517
15 3518
15 3519
15 3520
15 3521
15 3522
15 3523
15 3524
15 3525
15 3526
15 3527
15 3528
15 3529
15 3530
15 3531
15 3532
15 3533
15 3534
15 3535
15 3536
15 3537
15 3538
15 3539
15 3540
15 3541
15 3542
15 3543
15 3544
15 3545
15 3546
15 3547
15 3548
15 3549
15 3550
15 3551
15 3552
15 3553
15 3554
15 3555
15 3556
15 3557
15 3558
15 3559
15 3560
15 3561
15 3562
15 3563
15 3564
15 3565
15 3566
15 3567
15 3568
15 3569
15 3570
15 3571
15 3572
15 3573
15 3574
15 3575
15 3576
15 3577
15 3578
15 3579
15 3580
15 3581
15 3582
15 3583
15 3584
15 3585
15 3586
15 3587
15 3588
15 3589
15 3590
15 3591
15 3592
15 3593
15 3594
15 3595
15 3596
15 3597
15 3598
15 3599
15 3600
15 3601
15 3602
15 3603
15 3604
15 3605
15 3606
15 3607
15 3608
15 3609
15 3610
15 3611
15 3612
15 3613
15 3614
15 3615
15 3616
15 3617
15 3618
15 3619
15 3620
15 3621
15 3622
15 3623
15 3624
15 3625
15 3626
15 3627
15 3628
15 3629
15 3630
15 3631
15 3632
15 3637
15 3638
15 3639
15 3640
15 3641
15 3642
15 3645
15 3646
15 3647
15 3648
15 3649
15 3650
15 3651
15 3652
15 3653
15 3654
15 3655
15 3656
15 3657
15 3658
15 3659
15 3660
15 3661
15 3662
15 3663
15 3664
15 3665
15 3666
15 3667
15 3668
15 3669
15 3670
15 3671
15 3672
15 3673
15 3674
15 3675
15 3676
15 3677
15 3678
15 3679
15 3680
15 3681
15 3682
15 3683
15 3684
15 3685
15 3686
15 3687
15 3688
15 3689
15 3690
15 3691
15 3692
15 3693
15 3694
15 3695
15 3696
15 3697
15 3698
15 3699
15 3700
15 3701
15 3702
15 3703
15 3704
15 3705
15 3706
15 3707
15 3708
15 3709
15 3710
15 3711
15 3712
15 3713
15 3714
15 3715
15 3716
15 3717
15 3718
15 3719
15 3720
15 3721
15 3722
15 3723
15 3724
15 3725
15 3726
15 3727
15 3728
15 3729
15 3730
15 3731
15 3732
15 3733
15 3734
15 3735
15 3736
15 3737
15 3738
15 3739
15 3740
15 3741
15 3742
15 3743
15 3744
15 3745
15 3746
15 3747
15 3748
15 3749
15 3750
15 3751
15 3752
15 3753
15 3754
15 3755
15 3756
15 3757
15 3758
15 3759
15 3760
15 3761
15 3762
15 3763
15 3764
15 3765
15 3766
15 3767
15 3768
15 3769
15 3770
15 3771
15 3772
15 3773
15 3774
15 3775
15 3776
15 3777
15 3778
15 3779
15 3780
15 3781
15 3782
15 3783
15 3784
15 3785
15 3786
15 3787
15 3788
15 3789
15 3790
15 3791
15 3792
15 3793
15 3794
15 3795
15 3796
15 3797
15 3798
15 3799
15 3800
15 3801
15 3802
15 3803
15 3804
15 3805
15 3806
15 3807
15 3808
15 3809
15 3810
15 3811
15 3812
15 3813
15 3814
15 3815
15 3816
15 3817
15 3818
15 3819
15 3820
15 3821
15 3822
15 3823
15 3824
15 3825
15 3826
15 3827
15 3828
15 3829
15 3830
15 3831
15 3832
15 3833
15 3834
15 3835
15 3836
15 3837
15 3838
15 3839
15 3840
15 3841
15 3842
15 3843
15 3844
15 3845
15 3846
15 3847
15 3848
15 3849
15 3850
15 3851
15 3852
15 3853
15 3854
15 3855
15 3856
15 3857
15 3858
15 3859
15 3860
15 3861
15 3862
15 3863
15 3864
15 3865
15 3866
15 3867
15 3868
15 3869
15 3870
15 3871
15 3872
15 3873
15 3874
15 3875
15 3876
15 3877
15 3878
15 3879
15 3880
15 3881
15 3882
15 3883
15 3884
15 3885
15 3886
15 3887
15 3888
15 3889
15 3890
15 3891
15 3892
15 3893
15 3894
15 3895
15 3896
15 3897
15 3898
15 3899
15 3900
15 3901
15 3902
15 3903
15 3904
15 3905
15 3906
15 3907
15 3908
15 3909
15 3910
15 3911
15 3912
15 3913
15 3914
15 3915
15 3916
15 3917
15 3918
15 3920
15 3921
15 3922
15 3923
15 3924
15 3925
15 3926
15 3927
15 3928
15 3929
15 3930
15 3931
15 3932
15 3933
15 3934
15 3935
15 3936
15 3937
15 3938
15 3939
15 3940
15 3941
15 3942
15 3943
15 3944
15 3945
15 3946
15 3947
15 3948
15 3949
15 3950
15 3951
15 3952
15 3953
15 3954
15 3955
15 3956
15 3957
15 3958
15 3959
15 3960
15 3961
15 3962
15 3963
15 3964
15 3965
15 3966
15 3967
15 3968
15 3969
15 3970
15 3971
15 3972
15 3973
15 3974
15 3975
15 3976
15 3977
15 3978
15 3979
15 3980
15 3981
15 3982
15 3983
15 3984
15 3985
15 3986
15 3987
15 3988
15 3989
15 3990
15 3991
15 3992
15 3993
15 3994
15 3995
15 3996
15 3997
15 3998
15 3999
15 4000
15 4001
15 4002
15 4003
15 4004
15 4005
15 4006
15 4007
15 4008
15 4009
15 4010
15 4011
15 4012
15 4013
15 4014
15 4015
15 4016
15 4017
15 4018
15 4019
15 4020
15 4021
15 4022
15 4023
15 4024
15 4025
15 4026
15 4027
15 4028
15 4029
15 4030
15 4031
15 4032
15 4033
15 4034
15 4035
15 4036
15 4037
15 4038
15 4039
15 4040
15 4041
15 4042
15 4043
15 4044
15 4045
15 4046
15 4047
15 4048
15 4049
15 4050
15 4051
15 4052
15 4053
15 4054
15 4055
15 4056
15 4057
15 4058
15 4059
15 4060
15 4061
15 4062
15 4063
15 4064
15 4065
15 4066
15 4067
15 4068
15 4069
15 4070
15 4071
15 4072
15 4073
15 4074
15 4075
15 4076
15 4077
15 4078
15 4079
15 4080
15 4081
15 4082
15 4083
15 4084
15 4085
15 4086
15 4087
15 4088
15 4089
15 4090
15 4091
15 4092
15 4093
15 4094
15 4095
15 4096
15 4097
15 4098
15 4099
15 4100
15 4101
15 4102
15 4103
15 4104
15 4105
15 4106
15 4107
15 4108
15 4109
15 4110
15 4111
15 4112
15 4113
15 4114
15 4115
15 4116
15 4117
15 4118
15 4119
15 4120
15 4121
15 4122
15 4123
15 4124
15 4125
15 4126
15 4127
15 4128
15 4129
15 4130
15 4131
15 4132
15 4133
15 4134
15 4135
15 4136
15 4137
15 4138
15 4139
15 4140
15 4141
15 4142
15 4143
15 4144
15 4145
15 4146
15 4147
15 4148
15 4149
15 4150
15 4151
15 4152
15 4153
15 4154
15 4155
15 4156
15 4157
15 4158
15 4159
15 4160
15 4161
15 4162
15 4163
15 4164
15 4165
15 4166
15 4167
15 4168
15 4169
15 4170
15 4171
15 4172
15 4173
15 4174
15 4175
15 4176
15 4177
15 4178
15 4179
15 4180
15 4181
15 4182
15 4183
15 4184
15 4185
15 4186
15 4187
15 4188
15 4189
15 4190
15 4191
15 4192
15 4193
15 4194
15 4195
15 4196
15 4197
15 4198
15 4199
15 4200
15 4201
15 4202
15 4203
15 4204
15 4205
15 4206
15 4207
15 4208
15 4209
15 4210
15 4211
15 4212
15 4213
15 4214
15 4215
15 4216
15 4217
15 4218
15 4219
15 4220
15 4221
15 4222
15 4223
15 4224
15 4225
15 4226
15 4227
15 4228
15 4229
15 4230
15 4231
15 4232
15 4233
15 4234
15 4235
15 4236
15 4237
15 4238
15 4239
15 4240
15 4241
15 4242
15 4243
15 4244
15 4245
15 4246
15 4247
15 4248
15 4249
15 4250
15 4251
15 4252
15 4253
15 4254
15 4255
15 4256
15 4257
15 4258
15 4259
15 4260
15 4261
15 4262
15 4263
15 4265
15 4266
15 4267
15 4268
15 4269
15 4270
15 4271
15 4272
15 4273
15 4274
15 4275
15 4276
15 4277
15 4278
15 4279
15 4280
15 4281
15 4282
15 4283
15 4284
15 4285
15 4286
15 4287
15 4288
15 4289
15 4290
15 4291
15 4292
15 4293
15 4294
15 4295
15 4296
15 4297
15 4298
15 4299
15 4300
15 4301
15 4302
15 4303
15 4304
15 4305
15 4306
15 4307
15 4308
15 4309
15 4310
15 4311
15 4312
15 4313
15 4314
15 4315
15 4316
15 4317
15 4318
15 4319
15 4320
15 4321
15 4322
15 4323
15 4324
15 4325
15 4326
15 4327
15 4328
15 4329
15 4330
15 4331
15 4332
15 4333
15 4334
15 4335
15 4336
15 4337
15 4338
15 4339
15 4340
15 4341
15 4342
15 4343
15 4344
15 4345
15 4346
15 4347
15 4348
15 4349
15 4350
15 4351
15 4352
15 4353
15 4354
15 4355
15 4356
15 4357
15 4358
15 4359
15 4360
15 4361
15 4362
15 4363
15 4364
15 4365
15 4366
15 4367
15 4368
15 4369
15 4370
15 4371
15 4372
15 4373
15 4374
15 4375
15 4376
15 4377
15 4378
15 4379
15 4380
15 4381
15 4382
15 4383
15 4384
15 4385
15 4386
15 4387
15 4388
15 4389
15 4390
15 4391
15 4392
15 4393
15 4394
15 4395
15 4396
15 4397
15 4398
15 4399
15 4400
15 4401
15 4402
15 4403
15 4404
15 4405
15 4406
15 4407
15 4408
15 4409
15 4410
15 4411
15 4412
15 4413
15 4415
15 4416
15 4417
15 4418
15 4419
15 4420
15 4421
15 4422
15 4423
15 4424
15 4425
15 4426
15 4427
15 4428
15 4429
15 4430
15 4431
15 4432
15 4433
15 4434
15 4435
15 4436
15 4437
15 4438
15 4439
15 4440
15 4441
15 4442
15 4443
15 4444
15 4445
15 4446
15 4447
15 4448
15 4449
15 4450
15 4451
15 4452
15 4453
15 4454
15 4455
15 4456
15 4457
15 4458
15 4459
15 4460
15 4462
15 4463
15 4464
15 4465
15 4466
15 4467
15 4468
15 4469
15 4470
15 4471
15 4472
15 4473
15 4474
15 4475
15 4476
15 4477
15 4478
15 4479
15 4480
15 4482
15 4483
15 4484
15 4488
15 4489
15 4490
15 4491
15 4492
15 4493
15 4494
15 4495
15 4496
15 4497
15 4498
15 4499
15 4500
15 4501
15 4502
15 4503
15 4504
15 4505
15 4506
15 4507
15 4508
15 4509
15 4510
15 4511
15 4512
15 4513
15 4514
15 4515
15 4516
15 4517
15 4518
15 4519
15 4520
15 4521
15 4522
15 4523
15 4524
15 4525
15 4526
15 4527
15 4528
15 4529
15 4530
15 4531
15 4532
15 4533
15 4534
15 4535
15 4536
15 4537
15 4538
15 4539
15 4540
15 4541
15 4542
15 4543
15 4544
15 4545
15 4546
15 4547
15 4548
15 4549
15 4550
15 4551
15 4552
15 4553
15 4554
15 4555
15 4556
15 4557
15 4558
15 4559
15 4560
15 4561
15 4562
15 4563
15 4564
15 4565
15 4566
15 4567
15 4568
15 4569
15 4570
15 4571
15 4572
15 4573
15 4574
15 4575
15 4576
15 4577
15 4578
15 4579
15 4580
15 4581
15 4582
15 4583
15 4584
15 4585
15 4586
15 4587
15 4588
15 4589
15 4590
15 4591
15 4592
15 4593
15 4594
15 4595
15 4596
15 4597
15 4598
15 4599
15 4600
15 4601
15 4602
15 4603
15 4604
15 4605
15 4606
15 4607
15 4608
15 4609
15 4610
15 4611
15 4612
15 4613
15 4614
15 4615
15 4616
15 4617
15 4618
15 4619
15 4621
15 4625
15 4626
15 4627
15 4628
15 4629
15 4630
15 4631
15 4632
15 4633
15 4634
15 4635
15 4636
15 4637
15 4638
15 4639
15 4640
15 4643
15 4644
15 4645
15 4646
15 4647
15 4648
15 4649
15 4650
15 4651
15 4652
15 4653
15 4654
15 4655
15 4656
15 4657
15 4658
15 4659
15 4660
15 4661
15 4662
15 4663
15 4664
15 4665
15 4666
15 4667
15 4668
15 4669
15 4670
15 4671
15 4672
15 4673
15 4674
15 4675
15 4676
15 4677
15 4678
15 4679
15 4680
15 4681
15 4684
15 4685
15 4686
15 4687
15 4688
15 4689
15 4690
15 4691
15 4692
15 4693
15 4694
15 4695
15 4696
15 4697
15 4698
15 4699
15 4700
15 4701
15 4702
15 4703
15 4704
15 4705
15 4706
15 4707
15 4708
15 4709
15 4710
15 4711
15 4712
15 4713
15 4714
15 4715
15 4716
15 4717
15 4718
15 4719
15 4720
15 4721
15 4722
15 4723
15 4724
15 4725
15 4726
15 4727
15 4728
15 4729
15 4730
15 4731
15 4732
15 4734
15 4735
15 4736
15 4737
15 4738
15 4739
15 4740
15 4741
15 4742
15 4743
15 4744
15 4745
15 4746
15 4747
15 4748
15 4749
15 4750
15 4751
15 4752
15 4753
15 4754
15 4755
15 4756
15 4757
15 4758
15 4759
15 4760
15 4761
15 4762
15 4763
15 4764
15 4765
15 4766
15 4767
15 4768
15 4769
15 4770
15 4771
15 4772
15 4773
15 4774
15 4775
15 4776
15 4777
15 4778
15 4779
15 4780
15 4781
15 4782
15 4783
15 4784
15 4785
15 4786
15 4787
15 4788
15 4789
15 4790
15 4791
15 4792
15 4793
15 4794
15 4795
15 4796
15 4797
15 4798
15 4799
15 4800
15 4801
15 4802
15 4803
15 4804
15 4805
15 4806
15 4807
15 4808
15 4809
15 4810
15 4811
15 4812
15 4813
15 4814
15 4815
15 4816
15 4817
15 4818
15 4819
15 4820
15 4821
15 4822
15 4823
15 4825
15 4826
15 4827
15 4828
15 4829
15 4830
15 4831
15 4832
15 4833
15 4834
15 4835
15 4836
15 4837
15 4838
15 4839
15 4840
15 4841
15 4842
15 4843
15 4844
15 4845
15 4846
15 4847
15 4848
15 4849
15 4850
15 4851
15 4852
15 4853
15 4854
15 4855
15 4856
15 4857
15 4858
15 4859
15 4860
15 4861
15 4862
15 4863
15 4864
15 4865
15 4866
15 4867
15 4868
15 4869
15 4870
15 4871
15 4872
15 4873
15 4874
15 4875
15 4876
15 4877
15 4878
15 4879
15 4880
15 4881
15 4882
15 4883
15 4884
15 4885
15 4886
15 4887
15 4888
15 4889
15 4890
15 4891
15 4893
15 4894
15 4895
15 4896
15 4897
15 4900
15 4901
15 4902
15 4903
15 4904
15 4905
15 4906
15 4907
15 4908
15 4909
15 4910
15 4911
15 4912
15 4913
15 4914
15 4915
15 4916
15 4917
15 4918
15 4919
15 4920
15 4921
15 4922
15 4923
15 4924
15 4925
15 4926
15 4927
15 4928
15 4929
15 4930
15 4931
15 4932
15 4933
15 4934
15 4935
15 4936
15 4937
15 4938
15 4939
15 4940
15 4941
15 4942
15 4943
15 4944
15 4945
15 4946
15 4947
15 4948
15 4949
15 4950
15 4951
15 4952
15 4953
15 4954
15 4955
15 4956
15 4957
15 4958
15 4959
15 4963
15 4964
15 4965
15 4966
15 4967
15 4968
15 4969
15 4971
15 4972
15 4973
15 4974
15 4975
15 4977
15 4978
15 4979
15 4980
15 4981
15 4982
15 4983
15 4990
15 4991
15 4992
15 4993
15 4994
15 4995
15 4996
15 4997
15 4998
15 4999
15 5004
15 5007
15 5009
15 5022
15 5027
15 5037
15 5042
15 5043
15 5053
15 5059
15 5060
15 5066
15 5067
15 5068
15 5069
15 5070
15 5074
15 5077
15 5078
15 5081
15 5089
15 5095
15 5096
15 5097
15 5104
15 5105
15 5106
15 5112
15 5117
15 5126
15 5128
15 5134
15 5138
15 5139
15 5142
15 5143
15 5147
15 5149
15 5154
15 5155
15 5156
15 5157
15 5158
15 5159
15 5160
15 5161
15 5162
15 5179
15 5185
15 5188
15 5195
15 5197
15 5199
15 5200
15 5201
15 5202
15 5203
15 5204
15 5205
15 5206
15 5207
15 5208
15 5209
15 5210
15 5211
15 5214
15 5215
15 5216
15 5217
15 5218
15 5219
15 5220
15 5221
15 5222
15 5223
15 5224
15 5225
15 5226
15 5227
15 5228
15 5229
15 5230
15 5231
15 5232
15 5233
15 5234
15 5235
15 5236
15 5237
15 5238
15 5239
15 5240
15 5241
15 5242
15 5243
15 5244
15 5245
15 5246
15 5247
15 5248
15 5249
15 5250
15 5251
15 5252
15 5253
15 5254
15 5255
15 5256
15 5257
15 5258
15 5259
15 5260
15 5261
15 5262
15 5263
15 5264
15 5265
15 5266
15 5267
15 5268
15 5269
15 5270
15 5271
15 5272
15 5273
15 5274
15 5275
15 5276
15 5277
15 5278
15 5279
15 5280
15 5281
15 5282
15 5283
15 5284
15 5285
15 5286
15 5287
15 5288
15 5289
15 5290
15 5291
15 5292
15 5293
15 5294
15 5295
15 5296
15 5297
15 5298
15 5299
15 5300
15 5301
15 5302
15 5303
15 5304
15 5305
15 5306
15 5307
15 5308
15 5309
15 5310
15 5311
15 5312
15 5313
15 5314
15 5315
15 5316
15 5317
15 5318
15 5319
15 5320
15 5321
15 5322
15 5323
15 5324
15 5325
15 5326
15 5327
15 5328
15 5329
15 5330
15 5331
15 5332
15 5333
15 5334
15 5335
15 5336
15 5337
15 5338
15 5339
15 5340
15 5341
15 5342
15 5343
15 5344
15 5345
15 5346
15 5347
15 5348
15 5349
15 5350
15 5351
15 5352
15 5353
15 5354
15 5355
15 5356
15 5357
15 5358
15 5359
15 5360
15 5361
15 5362
15 5363
15 5364
15 5365
15 5366
15 5367
15 5368
15 5369
15 5370
15 5371
15 5372
15 5373
15 5374
15 5375
15 5376
15 5377
15 5378
15 5379
15 5380
15 5381
15 5382
15 5383
15 5384
15 5385
15 5386
15 5387
15 5388
15 5389
15 5390
15 5391
15 5392
15 5393
15 5394
15 5395
15 5396
15 5397
15 5398
15 5399
15 5400
15 5401
15 5402
15 5403
15 5404
15 5405
15 5406
15 5407
15 5408
15 5409
15 5410
15 5411
15 5412
15 5413
15 5414
15 5415
15 5416
15 5417
15 5418
15 5419
15 5420
15 5421
15 5422
15 5423
15 5424
15 5425
15 5426
15 5427
15 5428
15 5429
15 5430
15 5431
15 5432
15 5433
15 5434
15 5435
15 5436
15 5437
15 5438
15 5439
15 5440
15 5441
15 5442
15 5443
15 5444
15 5445
15 5446
15 5447
15 5448
15 5449
15 5450
15 5451
15 5452
15 5453
15 5454
15 5455
15 5456
15 5457
15 5458
15 5459
15 5460
15 5461
15 5462
15 5463
15 5464
15 5465
15 5466
15 5467
15 5468
15 5469
15 5470
15 5471
15 5472
15 5473
15 5474
15 5475
15 5476
15 5477
15 5478
15 5479
15 5480
15 5481
15 5482
15 5483
15 5484
15 5485
15 5486
15 5487
15 5488
15 5489
15 5490
15 5491
15 5492
15 5493
15 5494
15 5495
15 5496
15 5497
15 5498
15 5499
15 5500
15 5501
15 5502
15 5503
15 5504
15 5505
15 5506
15 5507
15 5508
15 5509
15 5510
15 5511
15 5512
15 5513
15 5514
15 5515
15 5516
15 5517
15 5518
15 5519
15 5520
15 5521
15 5522
15 5523
15 5524
15 5525
15 5526
15 5527
15 5528
15 5529
15 5530
15 5531
15 5532
15 5533
15 5534
15 5535
15 5536
15 5537
15 5538
15 5539
15 5540
15 5541
15 5542
15 5543
15 5544
15 5545
15 5546
15 5547
15 5548
15 5549
15 5550
15 5551
15 5552
15 5553
15 5554
15 5555
15 5556
15 5557
15 5558
15 5559
15 5560
15 5561
15 5562
15 5563
15 5564
15 5565
15 5566
15 5567
15 5568
15 5569
15 5570
15 5571
15 5572
15 5573
15 5574
15 5575
15 5576
15 5577
15 5578
15 5579
15 5580
15 5581
15 5582
15 5583
15 5584
15 5585
15 5586
15 5587
15 5588
15 5589
15 5590
15 5591
15 5592
15 5593
15 5594
15 5595
15 5596
15 5597
15 5598
15 5599
15 5600
15 5601
15 5602
15 5603
15 5604
15 5605
15 5606
15 5607
15 5608
15 5609
15 5610
15 5611
15 5612
15 5613
15 5614
15 5615
15 5616
15 5617
15 5618
15 5619
15 5620
15 5621
15 5622
15 5623
15 5624
15 5625
15 5626
15 5627
15 5628
15 5629
15 5630
15 5631
15 5632
15 5633
15 5634
15 5635
15 5636
15 5637
15 5638
15 5639
15 5640
15 5641
15 5642
15 5643
15 5644
15 5645
15 5646
15 5647
15 5648
15 5649
15 5650
15 5651
15 5652
15 5653
15 5654
15 5655
15 5656
15 5657
15 5658
15 5659
15 5660
15 5661
15 5662
15 5663
15 5664
15 5665
15 5666
15 5667
15 5668
15 5669
15 5670
15 5671
15 5672
15 5673
15 5674
15 5675
15 5676
15 5677
15 5678
15 5679
15 5680
15 5681
15 5682
15 5683
15 5684
15 5685
15 5686
15 5687
15 5688
15 5689
15 5690
15 5691
15 5692
15 5693
15 5694
15 5695
15 5696
15 5697
15 5698
15 5699
15 5700
15 5701
15 5702
15 5703
15 5704
15 5705
15 5706
15 5707
15 5708
15 5709
15 5710
15 5711
15 5712
15 5713
15 5714
15 5715
15 5716
15 5717
15 5718
15 5719
15 5720
15 5721
15 5722
15 5723
15 5724
15 5725
15 5726
15 5727
15 5728
15 5729
15 5730
15 5731
15 5732
15 5733
15 5734
15 5735
15 5736
15 5737
15 5738
15 5739
15 5740
15 5741
15 5742
15 5743
15 5744
15 5745
15 5746
15 5747
15 5748
15 5749
15 5750
15 5751
15 5752
15 5753
15 5754
15 5755
15 5756
15 5757
15 5758
15 5759
15 5760
15 5761
15 5762
15 5763
15 5764
15 5765
15 5766
15 5767
15 5768
15 5769
15 5770
15 5771
15 5772
15 5773
15 5774
15 5775
15 5776
15 5777
15 5778
15 5779
15 5780
15 5781
15 5782
15 5783
15 5784
15 5785
15 5786
15 5787
15 5788
15 5789
15 5790
15 5791
15 5792
15 5793
15 5794
15 5795
15 5796
15 5797
15 5798
15 5799
15 5800
15 5801
15 5802
15 5803
15 5804
15 5805
15 5806
15 5807
15 5808
15 5809
15 5810
15 5811
15 5812
15 5815
15 5818
15 5819
15 5820
15 5821
15 5822
15 5823
15 5824
15 5825
15 5827
15 5829
15 5830
15 5831
15 5832
15 5833
15 5834
15 5835
15 5836
15 5837
15 5838
15 5839
15 5840
15 5841
15 5842
15 5843
15 5844
15 5845
15 5846
15 5847
15 5848
15 5849
15 5850
15 5851
15 5852
15 5853
15 5854
15 5855
15 5856
15 5857
15 5858
15 5859
15 5860
15 5861
15 5862
15 5863
15 5864
15 5865
15 5866
15 5867
15 5868
15 5869
15 5870
15 5871
15 5872
15 5873
15 5874
15 5875
15 5876
15 5877
15 5878
15 5879
15 5880
15 5881
15 5882
15 5883
15 5884
15 5885
15 5886
15 5887
15 5888
15 5889
15 5890
15 5891
15 5892
15 5893
15 5894
15 5895
15 5896
15 5897
15 5898
15 5899
15 5900
15 5901
15 5902
15 5903
15 5904
15 5905
15 5906
15 5907
15 5908
15 5909
15 5910
15 5911
15 5912
15 5913
15 5914
15 5915
15 5916
15 5917
15 5918
15 5919
15 5920
15 5921
15 5922
15 5923
15 5924
15 5925
15 5926
15 5927
15 5928
15 5929
15 5930
15 5931
15 5932
15 5934
15 5935
15 5936
15 5937
15 5938
15 5939
15 5940
15 5941
15 5942
15 5943
15 5944
15 5945
15 5946
15 5947
15 5948
15 5949
15 5950
15 5951
15 5952
15 5953
15 5954
15 5955
15 5956
15 5957
15 5958
15 5959
15 5960
15 5961
15 5962
15 5963
15 5964
15 5965
15 5966
15 5967
15 5968
15 5969
15 5970
15 5971
15 5972
15 5973
15 5974
15 5975
15 5976
15 5977
15 5978
15 5979
15 5980
15 5981
15 5982
15 5983
15 5984
15 5985
15 5986
15 5987
15 5988
15 5989
15 5990
15 5991
15 5994
15 5995
15 5998
15 5999
15 6000
15 6001
15 6002
15 6003
15 6004
15 6005
15 6006
15 6007
15 6008
15 6009
15 6010
15 6011
15 6012
15 6013
15 6014
15 6015
15 6016
15 6017
15 6018
15 6019
15 6020
15 6021
15 6022
15 6023
15 6024
15 6025
15 6026
15 6027
15 6031
15 6032
15 6033
15 6034
15 6035
15 6036
15 6037
15 6038
15 6039
15 6040
15 6041
15 6042
15 6043
15 6044
15 6045
15 6046
15 6047
15 6048
15 6049
15 6050
15 6051
15 6052
15 6053
15 6054
15 6055
15 6056
15 6057
15 6058
15 6059
15 6060
15 6061
15 6062
15 6063
15 6064
15 6065
15 6066
15 6067
15 6068
15 6069
15 6070
15 6071
15 6072
15 6073
15 6074
15 6075
15 6076
15 6077
15 6078
15 6079
15 6080
15 6081
15 6082
15 6083
15 6084
15 6085
15 6086
15 6087
15 6088
15 6089
15 6090
15 6091
15 6092
15 6093
15 6094
15 6095
15 6096
15 6097
15 6098
15 6099
15 6100
15 6101
15 6102
15 6103
15 6104
15 6105
15 6106
15 6107
15 6108
15 6109
15 6110
15 6111
15 6112
15 6113
15 6114
15 6115
15 6116
15 6117
15 6118
15 6119
15 6120
15 6121
15 6122
15 6123
15 6124
15 6125
15 6126
15 6127
15 6128
15 6129
15 6130
15 6131
15 6132
15 6133
15 6134
15 6135
15 6136
15 6137
15 6138
15 6139
15 6140
15 6141
15 6142
15 6143
15 6144
15 6145
15 6146
15 6147
15 6148
15 6149
15 6150
15 6151
15 6152
15 6153
15 6154
15 6155
15 6156
15 6157
15 6158
15 6159
15 6160
15 6161
15 6162
15 6163
15 6164
15 6165
15 6166
15 6167
15 6168
15 6169
15 6170
15 6171
15 6172
15 6173
15 6174
15 6175
15 6176
15 6177
15 6178
15 6179
15 6180
15 6181
15 6182
15 6183
15 6184
15 6185
15 6186
15 6187
15 6188
15 6189
15 6190
15 6191
15 6192
15 6193
15 6194
15 6195
15 6196
15 6197
15 6198
15 6199
15 6200
15 6201
15 6202
15 6203
15 6204
15 6205
15 6206
15 6207
15 6208
15 6209
15 6210
15 6211
15 6212
15 6213
15 6214
15 6215
15 6216
15 6217
15 6218
15 6219
15 6220
15 6221
15 6222
15 6223
15 6224
15 6225
15 6226
15 6227
15 6228
15 6229
15 6230
15 6231
15 6232
15 6233
15 6234
15 6235
15 6236
15 6237
15 6238
15 6239
15 6240
15 6241
15 6242
15 6243
15 6244
15 6245
15 6246
15 6247
15 6248
15 6249
15 6250
15 6251
15 6252
15 6253
15 6254
15 6255
15 6256
15 6257
15 6258
15 6259
15 6260
15 6261
15 6262
15 6263
15 6264
15 6265
15 6266
15 6267
15 6268
15 6269
15 6270
15 6271
15 6272
15 6273
15 6274
15 6275
15 6276
15 6277
15 6278
15 6279
15 6280
15 6281
15 6282
15 6283
15 6284
15 6285
15 6286
15 6287
15 6288
15 6289
15 6290
15 6291
15 6292
15 6293
15 6294
15 6295
15 6296
15 6297
15 6298
15 6299
15 6300
15 6301
15 6302
15 6303
15 6304
15 6305
15 6306
15 6307
15 6308
15 6309
15 6310
15 6311
15 6312
15 6313
15 6314
15 6315
15 6316
15 6317
15 6318
15 6319
15 6320
15 6321
15 6322
15 6323
15 6324
15 6325
15 6326
15 6327
15 6328
15 6329
15 6330
15 6331
15 6332
15 6333
15 6334
15 6335
15 6336
15 6337
15 6338
15 6339
15 6340
15 6341
15 6342
15 6343
15 6344
15 6345
15 6346
15 6347
15 6348
15 6349
15 6350
15 6351
15 6352
15 6353
15 6354
15 6355
15 6356
15 6357
15 6358
15 6359
15 6360
15 6361
15 6362
15 6363
15 6364
15 6365
15 6366
15 6367
15 6368
15 6369
15 6370
15 6371
15 6372
15 6373
15 6374
15 6375
15 6376
15 6377
15 6378
15 6379
15 6380
15 6381
15 6382
15 6383
15 6384
15 6385
15 6386
15 6387
15 6388
15 6389
15 6390
15 6391
15 6392
15 6393
15 6394
15 6395
15 6396
15 6397
15 6398
15 6399
15 6400
15 6401
15 6402
15 6403
15 6404
15 6405
15 6406
15 6407
15 6408
15 6409
15 6410
15 6411
15 6412
15 6413
15 6414
15 6415
15 6416
15 6417
15 6418
15 6419
15 6420
15 6421
15 6422
15 6423
15 6424
15 6425
15 6426
15 6427
15 6428
15 6429
15 6430
15 6431
15 6432
15 6433
15 6434
15 6435
15 6436
15 6437
15 6438
15 6439
15 6440
15 6441
15 6442
15 6443
15 6444
15 6445
15 6446
15 6447
15 6448
15 6449
15 6450
15 6451
15 6452
15 6453
15 6454
15 6455
15 6456
15 6476
15 6477
15 6478
15 6479
15 6480
15 6481
15 6482
15 6483
15 6484
15 6485
15 6486
15 6487
15 6488
15 6489
15 6490
15 6491
15 6492
15 6493
15 6494
15 6495
15 6496
15 6497
15 6498
15 6499
15 6500
15 6501
15 6502
15 6503
15 6504
15 6506
15 6510
15 6512
15 6513
15 6515
15 6516
15 6517
15 6518
15 6519
15 6520
15 6521
15 6522
15 6523
15 6524
15 6525
15 6526
15 6527
15 6528
15 6529
15 6530
15 6531
15 6532
15 6533
15 6534
15 6535
15 6536
15 6538
15 6539
15 6540
15 6541
15 6547
15 6548
15 6552
15 6553
15 6554
15 6555
15 6556
15 6557
15 6558
15 6559
15 6560
15 6561
15 6562
15 6563
15 6564
15 6565
15 6566
15 6567
15 6568
15 6569
15 6570
15 6571
15 6572
15 6573
15 6574
15 6575
15 6576
15 6577
15 6578
15 6579
15 6580
15 6581
15 6582
15 6583
15 6584
15 6587
15 6588
15 6589
15 6590
15 6591
15 6592
15 6593
15 6594
15 6595
15 6596
15 6597
15 6598
15 6599
15 6600
15 6601
15 6602
15 6603
15 6604
15 6605
15 6606
15 6607
15 6608
15 6609
15 6610
15 6611
15 6612
15 6613
15 6614
15 6615
15 6616
15 6617
15 6618
15 6619
15 6620
15 6621
15 6622
15 6623
15 6624
15 6625
15 6626
15 6627
15 6628
15 6629
15 6630
15 6631
15 6632
15 6633
15 6634
15 6635
15 6636
15 6637
15 6638
15 6639
15 6640
15 6641
15 6642
15 6643
15 6644
15 6645
15 6646
15 6647
15 6648
15 6649
15 6650
15 6651
15 6652
15 6653
15 6654
15 6655
15 6656
15 6657
15 6658
15 6659
15 6660
15 6661
15 6662
15 6663
15 6664
15 6665
15 6666
15 6667
15 6668
15 6669
15 6670
15 6671
15 6672
15 6673
15 6674
15 6675
15 6676
15 6677
15 6678
15 6679
15 6680
15 6681
15 6682
15 6683
15 6684
15 6685
15 6686
15 6687
15 6688
15 6689
15 6690
15 6691
15 6692
15 6693
15 6694
15 6695
15 6696
15 6697
15 6698
15 6699
15 6700
15 6701
15 6702
15 6703
15 6704
15 6705
15 6706
15 6707
15 6708
15 6709
15 6710
15 6711
15 6712
15 6713
15 6714
15 6715
15 6716
15 6717
15 6718
15 6719
15 6720
15 6721
15 6722
15 6723
15 6724
15 6725
15 6726
15 6727
15 6728
15 6729
15 6730
15 6731
15 6732
15 6733
15 6734
15 6735
15 6736
15 6737
15 6741
15 6742
15 6743
15 6744
15 6745
15 6746
15 6747
15 6748
15 6749
15 6750
15 6751
15 6752
15 6753
15 6754
15 6755
15 6756
15 6757
15 6758
15 6759
15 6760
15 6761
15 6762
15 6763
15 6764
15 6765
15 6766
15 6767
15 6768
15 6769
15 6770
15 6771
15 6772
15 6773
15 6774
15 6775
15 6776
15 6777
15 6778
15 6779
15 6780
15 6781
15 6782
15 6783
15 6784
15 6785
15 6786
15 6787
15 6788
15 6789
15 6790
15 6791
15 6792
15 6793
15 6794
15 6795
15 6796
15 6797
15 6798
15 6799
15 6800
15 6801
15 6802
15 6803
15 6804
15 6805
15 6806
15 6808
15 6809
15 6810
15 6811
15 6812
15 6813
15 6814
15 6815
15 6816
15 6817
15 6818
15 6819
15 6820
15 6821
15 6822
15 6823
15 6824
15 6825
15 6826
15 6827
15 6828
15 6829
15 6830
15 6831
15 6832
15 6833
15 6834
15 6835
15 6836
15 6837
15 6838
15 6839
15 6840
15 6841
15 6842
15 6843
15 6844
15 6845
15 6846
15 6847
15 6848
15 6849
15 6850
15 6851
15 6852
15 6854
15 6855
15 6856
15 6857
15 6858
15 6859
15 6860
15 6861
15 6862
15 6863
15 6864
15 6865
15 6866
15 6867
15 6868
15 6869
15 6870
15 6871
15 6872
15 6873
15 6874
15 6878
15 6879
15 6880
15 6882
15 6883
15 6884
15 6885
15 6886
15 6887
15 6888
15 6889
15 6890
15 6891
15 6892
15 6893
15 6894
15 6895
15 6896
15 6897
15 6898
15 6899
15 6900
15 6901
15 6902
15 6903
15 6904
15 6905
15 6906
15 6907
15 6908
15 6909
15 6910
15 6911
15 6912
15 6913
15 6914
15 6915
15 6916
15 6917
15 6918
15 6919
15 6920
15 6921
15 6922
15 6923
15 6924
15 6925
15 6926
15 6927
15 6928
15 6929
15 6930
15 6931
15 6932
15 6933
15 6934
15 6935
15 6936
15 6937
15 6938
15 6939
15 6940
15 6941
15 6943
15 6944
15 6945
15 6946
15 6947
15 6948
15 6949
15 6950
15 6951
15 6952
15 6953
15 6954
15 6955
15 6956
15 6957
15 6958
15 6959
15 6960
15 6961
15 6962
15 6963
15 6964
15 6965
15 6966
15 6967
15 6968
15 6969
15 6970
15 6971
15 6972
15 6973
15 6974
15 6975
15 6976
15 6977
15 6978
15 6979
15 6980
15 6981
15 6982
15 6983
15 6984
15 6985
15 6986
15 6987
15 6988
15 6989
15 6990
15 6991
15 6992
15 6993
15 6994
15 6995
15 6996
15 6997
15 6998
15 7000
15 7002
15 7003
15 7004
15 7005
15 7006
15 7007
15 7010
15 7011
15 7012
15 7013
15 7014
15 7015
15 7020
15 7021
15 7022
15 7023
15 7024
15 7025
15 7026
15 7027
15 7028
15 7029
15 7030
15 7031
15 7032
15 7033
15 7034
15 7035
15 7036
15 7037
15 7038
15 7039
15 7040
15 7041
15 7042
15 7043
15 7044
15 7045
15 7046
15 7047
15 7048
15 7049
15 7050
15 7051
15 7052
15 7053
15 7054
15 7055
15 7056
15 7057
15 7058
15 7059
15 7060
15 7061
15 7062
15 7063
15 7064
15 7065
15 7066
15 7067
15 7068
15 7069
15 7070
15 7071
15 7072
15 7073
15 7074
15 7075
15 7084
15 7086
15 7089
15 7093
15 7094
15 7095
15 7096
15 7097
15 7098
15 7099
15 7100
15 7101
15 7102
15 7103
15 7104
15 7105
15 7106
15 7107
15 7108
15 7109
15 7110
15 7111
15 7112
15 7113
15 7114
15 7115
15 7116
15 7117
15 7118
15 7119
15 7120
15 7121
15 7122
15 7123
15 7124
15 7125
15 7126
15 7127
15 7128
15 7129
15 7130
15 7131
15 7132
15 7133
15 7134
15 7135
15 7136
15 7137
15 7138
15 7139
15 7140
15 7141
15 7142
15 7143
15 7144
15 7145
15 7146
15 7147
15 7148
15 7149
15 7150
15 7151
15 7152
15 7153
15 7154
15 7155
15 7156
15 7157
15 7158
15 7159
15 7160
15 7161
15 7162
15 7163
15 7164
15 7165
15 7166
15 7167
15 7168
15 7169
15 7170
15 7171
15 7172
15 7173
15 7174
15 7175
15 7176
15 7177
15 7178
15 7179
15 7180
15 7181
15 7182
15 7183
15 7184
15 7185
15 7186
15 7187
15 7188
15 7189
15 7190
15 7191
15 7192
15 7193
15 7194
15 7195
15 7196
15 7197
15 7198
15 7199
15 7200
15 7201
15 7202
15 7203
15 7204
15 7205
15 7206
15 7207
15 7208
15 7209
15 7210
15 7211
15 7212
15 7213
15 7214
15 7215
15 7216
15 7217
15 7218
15 7219
15 7220
15 7221
15 7222
15 7223
15 7224
15 7225
15 7226
15 7227
15 7228
15 7229
15 7230
15 7231
15 7232
15 7233
15 7234
15 7235
15 7236
15 7237
15 7238
15 7239
15 7240
15 7241
15 7242
15 7243
15 7244
15 7245
15 7246
15 7247
15 7248
15 7249
15 7250
15 7251
15 7252
15 7253
15 7254
15 7255
15 7256
15 7257
15 7258
15 7259
15 7260
15 7261
15 7262
15 7263
15 7264
15 7265
15 7266
15 7267
15 7268
15 7269
15 7270
15 7271
15 7272
15 7273
15 7274
15 7275
15 7276
15 7277
15 7278
15 7279
15 7280
15 7281
15 7282
15 7283
15 7284
15 7285
15 7286
15 7287
15 7288
15 7289
15 7290
15 7291
15 7292
15 7293
15 7294
15 7295
15 7296
15 7297
15 7298
15 7299
15 7300
15 7301
15 7302
15 7303
15 7304
15 7305
15 7306
15 7307
15 7308
15 7309
15 7310
15 7311
15 7312
15 7313
15 7314
15 7315
15 7316
15 7317
15 7318
15 7319
15 7320
15 7321
15 7322
15 7323
15 7324
15 7325
15 7326
15 7327
15 7328
15 7329
15 7330
15 7331
15 7332
15 7333
15 7334
15 7335
15 7336
15 7337
15 7338
15 7339
15 7340
15 7341
15 7342
15 7343
15 7344
15 7345
15 7346
15 7347
15 7348
15 7349
15 7350
15 7351
15 7352
15 7353
15 7354
15 7355
15 7356
15 7357
15 7358
15 7359
15 7360
15 7361
15 7362
15 7363
15 7364
15 7365
15 7366
15 7367
15 7368
15 7369
15 7370
15 7371
15 7372
15 7373
15 7374
15 7375
15 7376
15 7377
15 7378
15 7379
15 7380
15 7381
15 7382
15 7383
15 7384
15 7385
15 7386
15 7387
15 7388
15 7389
15 7390
15 7391
15 7392
15 7393
15 7394
15 7395
15 7396
15 7397
15 7398
15 7399
15 7400
15 7401
15 7402
15 7403
15 7404
15 7405
15 7406
15 7407
15 7408
15 7409
15 7410
15 7411
15 7412
15 7413
15 7414
15 7415
15 7416
15 7417
15 7418
15 7419
15 7420
15 7421
15 7422
15 7423
15 7424
15 7425
15 7426
15 7427
15 7428
15 7429
15 7430
15 7431
15 7432
15 7433
15 7434
15 7435
15 7436
15 7437
15 7438
15 7439
15 7440
15 7441
15 7442
15 7443
15 7444
15 7445
15 7446
15 7447
15 7448
15 7449
15 7450
15 7451
15 7452
15 7453
15 7454
15 7455
15 7456
15 7457
15 7458
15 7459
15 7460
15 7461
15 7462
15 7463
15 7464
15 7465
15 7466
15 7467
15 7468
15 7469
15 7470
15 7471
15 7472
15 7473
15 7474
15 7475
15 7476
15 7477
15 7478
15 7479
15 7480
15 7481
15 7482
15 7483
15 7484
15 7485
15 7486
15 7487
15 7488
15 7489
15 7490
15 7491
15 7492
15 7493
15 7494
15 7495
15 7496
15 7497
15 7498
15 7499
15 7500
15 7501
15 7502
15 7503
15 7504
15 7505
15 7506
15 7507
15 7508
15 7509
15 7510
15 7511
15 7512
15 7513
15 7514
15 7515
15 7516
15 7517
15 7518
15 7519
15 7520
15 7521
15 7522
15 7523
15 7524
15 7525
15 7526
15 7527
15 7528
15 7529
15 7530
15 7531
15 7532
15 7533
15 7534
15 7535
15 7536
15 7537
15 7538
15 7539
15 7540
15 7541
15 7542
15 7543
15 7544
15 7545
15 7546
15 7547
15 7548
15 7549
15 7550
15 7551
15 7552
15 7553
15 7554
15 7555
15 7556
15 7557
15 7558
15 7559
15 7560
15 7561
15 7562
15 7563
15 7564
15 7565
15 7566
15 7567
15 7568
15 7569
15 7570
15 7571
15 7572
15 7573
15 7574
15 7575
15 7576
15 7577
15 7578
15 7579
15 7580
15 7581
15 7582
15 7583
15 7584
15 7585
15 7586
15 7587
15 7588
15 7589
15 7590
15 7591
15 7592
15 7593
15 7594
15 7595
15 7596
15 7597
15 7598
15 7599
15 7600
15 7601
15 7602
15 7603
15 7604
15 7605
15 7606
15 7607
15 7608
15 7609
15 7610
15 7611
15 7612
15 7613
15 7614
15 7615
15 7616
15 7617
15 7618
15 7619
15 7620
15 7621
15 7622
15 7623
15 7624
15 7625
15 7626
15 7627
15 7628
15 7629
15 7630
15 7631
15 7632
15 7633
15 7634
15 7635
15 7636
15 7637
15 7638
15 7639
15 7640
15 7641
15 7642
15 7643
15 7644
15 7645
15 7646
15 7647
15 7648
15 7649
15 7650
15 7651
15 7652
15 7653
15 7654
15 7655
15 7656
15 7657
15 7658
15 7659
15 7660
15 7662
15 7663
15 7664
15 7665
15 7666
15 7667
15 7668
15 7669
15 7670
15 7671
15 7672
15 7673
15 7674
15 7675
15 7676
15 7677
15 7678
15 7679
15 7680
15 7681
15 7682
15 7683
15 7684
15 7685
15 7686
15 7687
15 7688
15 7689
15 7690
15 7691
15 7692
15 7693
15 7694
15 7695
15 7696
15 7697
15 7698
15 7699
15 7700
15 7701
15 7702
15 7703
15 7704
15 7705
15 7706
15 7707
15 7708
15 7709
15 7710
15 7711
15 7712
15 7713
15 7714
15 7715
15 7716
15 7717
15 7718
15 7719
15 7720
15 7721
15 7722
15 7723
15 7724
15 7725
15 7726
15 7727
15 7728
15 7729
15 7730
15 7731
15 7732
15 7733
15 7734
15 7735
15 7736
15 7737
15 7738
15 7739
15 7740
15 7741
15 7742
15 7743
15 7744
15 7745
15 7746
15 7747
15 7748
15 7749
15 7750
15 7751
15 7752
15 7753
15 7754
15 7755
15 7756
15 7757
15 7758
15 7759
15 7760
15 7778
15 7779
15 7780
15 7781
15 7782
15 7783
15 7784
15 7785
15 7786
15 7787
15 7788
15 7789
15 7790
15 7791
15 7792
15 7793
15 7794
15 7795
15 7796
15 7797
15 7798
15 7799
15 7800
15 7801
15 7802
15 7803
15 7804
15 7805
15 7806
15 7807
15 7808
15 7809
15 7810
15 7811
15 7812
15 7813
15 7814
15 7815
15 7816
15 7817
15 7818
15 7819
15 7820
15 7821
15 7822
15 7823
15 7824
15 7825
15 7826
15 7827
15 7828
15 7829
15 7830
15 7831
15 7832
15 7833
15 7834
15 7835
15 7836
15 7837
15 7838
15 7839
15 7840
15 7841
15 7842
15 7843
15 7844
15 7845
15 7846
15 7847
15 7848
15 7849
15 7850
15 7851
15 7852
15 7853
15 7854
15 7855
15 7856
15 7857
15 7858
15 7859
15 7860
15 7861
15 7862
15 7863
15 7864
15 7865
15 7866
15 7867
15 7868
15 7869
15 7870
15 7871
15 7872
15 7873
15 7874
15 7875
15 7876
15 7877
15 7878
15 7879
15 7880
15 7881
15 7882
15 7883
15 7884
15 7885
15 7886
15 7887
15 7888
15 7889
15 7890
15 7891
15 7892
15 7893
15 7894
15 7895
15 7896
15 7897
15 7898
15 7899
15 7900
15 7901
15 7902
15 7903
15 7904
15 7905
15 7918
15 7919
15 7920
15 7921
15 7922
15 7923
15 7924
15 7925
15 7926
15 7927
15 7928
15 7929
15 7930
15 7931
15 7932
15 7933
15 7934
15 7935
15 7936
15 7937
15 7938
15 7939
15 7940
15 7941
15 7943
15 7944
15 7945
15 7946
15 7947
15 7948
15 7949
15 7950
15 7951
15 7952
15 7954
15 7955
15 7956
15 7958
15 7959
15 7960
15 7961
15 7962
15 7963
15 7964
15 7965
15 7966
15 7967
15 7968
15 7969
15 7970
15 7971
15 7972
15 7973
15 7974
15 7975
15 7976
15 7977
15 7978
15 7979
15 7980
15 7981
15 7982
15 7983
15 7984
15 7985
15 7986
15 7987
15 7988
15 7989
15 7990
15 7991
15 7992
15 7993
15 7994
15 7995
15 7996
15 7997
15 7998
15 7999
15 8000
15 8001
15 8002
15 8003
15 8004
15 8005
15 8006
15 8007
15 8008
15 8009
15 8010
15 8011
15 8012
15 8013
15 8014
15 8015
15 8016
15 8017
15 8018
15 8019
15 8020
15 8021
15 8022
15 8023
15 8024
15 8025
15 8026
15 8027
15 8028
15 8029
15 8030
15 8031
15 8032
15 8033
15 8034
15 8035
15 8036
15 8037
15 8038
15 8039
15 8040
15 8041
15 8042
15 8043
15 8044
15 8045
15 8046
15 8047
15 8048
15 8049
15 8050
15 8051
15 8052
15 8053
15 8054
15 8055
15 8056
15 8057
15 8058
15 8059
15 8060
15 8061
15 8062
15 8063
15 8064
15 8065
15 8066
15 8067
15 8068
15 8069
15 8070
15 8071
15 8072
15 8073
15 8074
15 8075
15 8076
15 8077
15 8078
15 8079
15 8080
15 8081
15 8082
15 8083
15 8084
15 8085
15 8086
15 8087
15 8088
15 8089
15 8090
15 8091
15 8092
15 8093
15 8094
15 8095
15 8096
15 8097
15 8101
15 8102
15 8103
15 8104
15 8105
15 8106
15 8107
15 8108
15 8109
15 8110
15 8111
15 8112
15 8113
15 8114
15 8115
15 8116
15 8117
15 8118
15 8119
15 8120
15 8121
15 8122
15 8123
15 8124
15 8125
15 8126
15 8127
15 8128
15 8136
15 8137
15 8138
15 8139
15 8140
15 8141
15 8142
15 8143
15 8144
15 8145
15 8146
15 8147
15 8148
15 8149
15 8150
15 8151
15 8152
15 8153
15 8154
15 8155
15 8156
15 8157
15 8158
15 8159
15 8160
15 8161
15 8162
15 8163
15 8164
15 8165
15 8166
15 8167
15 8168
15 8169
15 8170
15 8171
15 8172
15 8173
15 8174
15 8175
15 8176
15 8177
15 8178
15 8179
15 8180
15 8181
15 8182
15 8183
15 8184
15 8185
15 8186
15 8187
15 8188
15 8189
15 8190
15 8191
15 8192
15 8193
15 8194
15 8195
15 8196
15 8197
15 8198
15 8199
15 8200
15 8201
15 8202
15 8203
15 8204
15 8205
15 8206
15 8207
15 8208
15 8209
15 8210
15 8211
15 8212
15 8213
15 8214
15 8215
15 8216
15 8217
15 8218
15 8219
15 8220
15 8221
15 8222
15 8223
15 8224
15 8225
15 8226
15 8227
15 8228
15 8229
15 8230
15 8231
15 8232
15 8233
15 8234
15 8235
15 8236
15 8237
15 8238
15 8239
15 8240
15 8241
15 8242
15 8243
15 8244
15 8245
15 8246
15 8247
15 8248
15 8249
15 8250
15 8251
15 8252
15 8253
15 8254
15 8255
15 8256
15 8257
15 8258
15 8259
15 8260
15 8261
15 8262
15 8263
15 8264
15 8265
15 8266
15 8267
15 8268
15 8269
15 8271
15 8272
15 8273
15 8274
15 8275
15 8276
15 8277
15 8278
15 8279
15 8280
15 8281
15 8282
15 8283
15 8284
15 8285
15 8286
15 8287
15 8288
15 8289
15 8290
15 8291
15 8292
15 8293
15 8294
15 8295
15 8296
15 8297
15 8298
15 8299
15 8300
15 8301
15 8302
15 8303
15 8304
15 8305
15 8306
15 8307
15 8308
15 8309
15 8310
15 8311
15 8314
15 8315
15 8316
15 8317
15 8318
15 8319
15 8321
15 8322
15 8323
15 8324
15 8325
15 8326
15 8327
15 8328
15 8329
15 8330
15 8331
15 8332
15 8333
15 8334
15 8335
15 8336
15 8337
15 8338
15 8339
15 8340
15 8341
15 8342
15 8343
15 8344
15 8345
15 8346
15 8347
15 8348
15 8349
15 8350
15 8351
15 8352
15 8353
15 8354
15 8355
15 8356
15 8357
15 8358
15 8359
15 8360
15 8361
15 8362
15 8363
15 8364
15 8365
15 8366
15 8367
15 8368
15 8369
15 8370
15 8371
15 8372
15 8373
15 8374
15 8375
15 8376
15 8377
15 8378
15 8379
15 8380
15 8381
15 8382
15 8383
15 8384
15 8385
15 8386
15 8387
15 8388
15 8389
15 8390
15 8391
15 8392
15 8393
15 8394
15 8395
15 8396
15 8397
15 8398
15 8399
15 8400
15 8401
15 8402
15 8403
15 8404
15 8405
15 8406
15 8407
15 8408
15 8409
15 8410
15 8411
15 8412
15 8413
15 8414
15 8415
15 8416
15 8417
15 8418
15 8419
15 8420
15 8421
15 8422
15 8423
15 8424
15 8425
15 8426
15 8427
15 8428
15 8429
15 8430
15 8431
15 8432
15 8433
15 8434
15 8435
15 8436
15 8437
15 8438
15 8439
15 8440
15 8441
15 8442
15 8443
15 8444
15 8445
15 8446
15 8447
15 8448
15 8449
15 8450
15 8451
15 8452
15 8453
15 8454
15 8455
15 8456
15 8457
15 8458
15 8459
15 8460
15 8461
15 8462
15 8463
15 8464
15 8465
15 8466
15 8467
15 8468
15 8469
15 8470
15 8471
15 8472
15 8473
15 8474
15 8475
15 8476
15 8477
15 8478
15 8479
15 8480
15 8481
15 8482
15 8483
15 8484
15 8485
15 8486
15 8487
15 8488
15 8489
15 8490
15 8491
15 8492
15 8493
15 8494
15 8495
15 8496
15 8497
15 8498
15 8499
15 8500
15 8501
15 8502
15 8503
15 8504
15 8505
15 8506
15 8507
15 8508
15 8509
15 8510
15 8511
15 8512
15 8513
15 8514
15 8515
15 8516
15 8517
15 8518
15 8519
15 8520
15 8521
15 8522
15 8523
15 8524
15 8525
15 8526
15 8527
15 8528
15 8529
15 8530
15 8531
15 8532
15 8533
15 8534
15 8535
15 8536
15 8537
15 8538
15 8539
15 8540
15 8541
15 8542
15 8543
15 8544
15 8545
15 8546
15 8547
15 8548
15 8549
15 8550
15 8551
15 8552
15 8553
15 8554
15 8555
15 8556
15 8557
15 8558
15 8559
15 8560
15 8561
15 8562
15 8563
15 8564
15 8565
15 8566
15 8567
15 8568
15 8569
15 8570
15 8571
15 8572
15 8573
15 8574
15 8575
15 8576
15 8577
15 8578
15 8579
15 8580
15 8581
15 8582
15 8583
15 8584
15 8585
15 8586
15 8587
15 8588
15 8589
15 8590
15 8591
15 8592
15 8593
15 8594
15 8595
15 8596
15 8597
15 8598
15 8599
15 8600
15 8601
15 8602
15 8603
15 8604
15 8605
15 8606
15 8607
15 8608
15 8609
15 8610
15 8611
15 8612
15 8613
15 8614
15 8615
15 8616
15 8617
15 8618
15 8619
15 8620
15 8621
15 8622
15 8623
15 8624
15 8625
15 8626
15 8627
15 8628
15 8629
15 8630
15 8631
15 8632
15 8633
15 8634
15 8635
15 8636
15 8637
15 8638
15 8639
15 8640
15 8641
15 8642
15 8643
15 8644
15 8645
15 8646
15 8647
15 8648
15 8649
15 8650
15 8651
15 8652
15 8653
15 8654
15 8655
15 8656
15 8657
15 8658
15 8659
15 8660
15 8661
15 8662
15 8663
15 8664
15 8665
15 8666
15 8667
15 8668
15 8669
15 8670
15 8671
15 8672
15 8673
15 8674
15 8675
15 8676
15 8677
15 8678
15 8679
15 8680
15 8681
15 8682
15 8683
15 8684
15 8685
15 8686
15 8687
15 8688
15 8689
15 8690
15 8691
15 8692
15 8693
15 8694
15 8695
15 8696
15 8697
15 8710
15 8711
15 8712
15 8713
15 8714
15 8715
15 8716
15 8717
15 8718
15 8719
15 8720
15 8721
15 8722
15 8723
15 8724
15 8725
15 8726
15 8727
15 8728
15 8729
15 8730
15 8731
15 8732
15 8733
15 8734
15 8735
15 8736
15 8737
15 8738
15 8739
15 8740
15 8741
15 8742
15 8743
15 8744
15 8745
15 8746
15 8747
15 8748
15 8749
15 8750
15 8752
15 8753
15 8755
15 8756
15 8757
15 8760
15 8775
15 8778
15 8779
15 8807
15 8869
15 8872
15 8875
15 8878
15 8879
15 8880
15 8881
15 8882
15 8886
15 8887
15 8923
15 8924
16 8
16 37
16 112
16 135
16 288
16 292
16 293
16 296
16 297
16 303
16 409
16 444
16 657
16 696
16 726
16 915
16 981
16 987
16 1090
16 2259
16 2707
16 3634
16 3635
16 5997
16 6468
16 6470
16 6473
16 6474
16 6511
16 6513
16 7079
16 7088
17 8
17 10
17 65
17 67
17 77
17 112
17 135
17 259
17 288
17 289
17 290
17 292
17 296
17 297
17 298
17 299
17 303
17 310
17 444
17 493
17 518
17 554
17 652
17 653
17 655
17 657
17 696
17 870
17 981
17 1031
17 1040
17 1041
17 1042
17 1043
17 1044
17 1085
17 1090
17 1262
17 3218
17 5993
17 5996
17 6457
17 6467
17 6468
17 6469
17 6470
17 6471
17 6473
17 6474
17 6505
17 6549
17 7074
17 7077
17 7078
17 7079
17 7083
17 7088
17 7090
17 7091
17 9759
18 8
18 10
18 42
18 65
18 67
18 77
18 91
18 103
18 112
18 121
18 135
18 137
18 138
18 286
18 288
18 289
18 290
18 291
18 292
18 293
18 295
18 296
18 297
18 298
18 299
18 303
18 307
18 310
18 312
18 315
18 384
18 409
18 444
18 477
18 478
18 493
18 518
18 523
18 555
18 559
18 595
18 633
18 652
18 653
18 655
18 656
18 657
18 659
18 676
18 679
18 696
18 726
18 747
18 753
18 784
18 811
18 812
18 870
18 896
18 915
18 981
18 987
18 1031
18 1085
18 1090
18 1116
18 1123
18 1547
18 2130
18 2259
18 2264
18 3192
18 3218
18 5368
18 5801
18 5992
18 5993
18 5996
18 5997
18 6457
18 6467
18 6468
18 6469
18 6470
18 6471
18 6473
18 6474
18 6505
18 6511
18 6549
18 7022
18 7024
18 7026
18 7028
18 7030
18 7065
18 7066
18 7068
18 7070
18 7072
18 7074
18 7077
18 7078
18 7079
18 7083
18 7085
18 7086
18 7087
18 7088
18 7090
18 7092
18 8756
18 8801
18 8903
18 9759
19 8
19 65
19 112
19 135
19 288
19 292
19 293
19 296
19 297
19 312
19 315
19 444
19 490
19 652
19 653
19 655
19 657
19 3218
19 4961
19 4962
19 5997
19 6470
19 6471
19 6505
19 7024
19 7026
19 7028
19 7030
19 7065
19 7066
19 7068
19 7070
19 7072
19 7074
19 7086
19 7769
19 7770
19 8702
19 8902
19 8906
20 8
20 518
20 653
20 1090
20 6470
20 6471
20 6549
20 7090
20 8783
21 8
21 10
21 14
21 135
21 138
21 286
21 289
21 290
21 296
21 297
21 298
21 299
21 409
21 420
21 490
21 652
21 655
21 656
21 659
21 679
21 781
21 870
21 924
21 925
21 927
21 947
21 1668
21 2259
21 3218
21 6457
21 6467
21 7085
21 8903
22 8
22 10
22 42
22 65
22 112
22 135
22 218
22 219
22 236
22 243
22 286
22 288
22 289
22 290
22 291
22 292
22 293
22 295
22 296
22 297
22 298
22 299
22 300
22 303
22 310
22 312
22 315
22 444
22 490
22 595
22 598
22 652
22 653
22 655
22 656
22 657
22 659
22 696
22 781
22 784
22 870
22 896
22 981
22 987
22 1031
22 1085
22 1090
22 1116
22 2259
22 2264
22 2707
22 3216
22 3218
22 3919
22 5992
22 6395
22 6467
22 6469
22 6470
22 6505
22 6511
22 6513
22 6549
22 7077
22 7079
22 7085
22 7769
22 8903
23 8
23 36
23 42
23 65
23 67
23 77
23 112
23 121
23 137
23 138
23 191
23 286
23 289
23 290
23 291
23 293
23 295
23 297
23 298
23 303
23 310
23 312
23 315
23 444
23 523
23 554
23 559
23 595
23 598
23 604
23 652
23 653
23 654
23 655
23 656
23 657
23 659
23 676
23 696
23 726
23 747
23 781
23 896
23 987
23 1031
23 1085
23 1090
23 1116
23 1206
23 1311
23 1318
23 2259
23 2266
23 2291
23 2306
23 2707
23 3218
23 3390
23 5992
23 5993
23 5996
23 5997
23 6395
23 6457
23 6467
23 6468
23 6469
23 6470
23 6471
23 6473
23 6474
23 6505
23 6511
23 6513
23 6549
23 7022
23 7026
23 7028
23 7030
23 7066
23 7070
23 7072
23 7074
23 7077
23 7083
23 7085
23 7086
23 7088
23 7090
23 7091
23 8100
23 8134
23 8135
23 8776
23 8801
23 8902
23 8903
23 8906
23 9001
23 9061
23 9151
23 9226
23 9241
23 9278
23 9298
23 9309
23 9352
23 9369
23 9431
24 8
24 10
24 65
24 77
24 112
24 135
24 138
24 288
24 290
24 291
24 292
24 293
24 295
24 296
24 297
24 298
24 299
24 303
24 312
24 444
24 518
24 598
24 604
24 654
24 655
24 656
24 657
24 676
24 696
24 705
24 781
24 870
24 896
24 987
24 1031
24 1090
24 1241
24 2259
24 2264
24 2707
24 3218
24 4897
24 5992
24 5993
24 5997
24 6467
24 6468
24 6469
24 6470
24 6471
24 6474
24 6505
24 6511
24 6513
24 6542
24 6549
24 7022
24 7024
24 7026
24 7028
24 7070
24 7078
24 7085
24 7088
24 7090
24 7091
24 7770
24 7956
24 8801
24 8902
24 8903
24 9026
24 9061
24 9151
24 9226
24 9278
24 9298
24 9352
25 8
25 10
25 36
25 42
25 52
25 65
25 67
25 77
25 81
25 112
25 121
25 135
25 137
25 138
25 204
25 286
25 288
25 289
25 290
25 291
25 292
25 293
25 294
25 295
25 296
25 297
25 298
25 299
25 303
25 310
25 312
25 315
25 409
25 444
25 490
25 518
25 523
25 554
25 559
25 595
25 598
25 604
25 652
25 653
25 654
25 655
25 657
25 659
25 676
25 679
25 696
25 705
25 723
25 747
25 753
25 756
25 781
25 870
25 896
25 929
25 987
25 1031
25 1085
25 1090
25 1096
25 1116
25 1123
25 1148
25 1206
25 1311
25 1318
25 1574
25 1667
25 1845
25 2011
25 2129
25 2259
25 2264
25 2266
25 2271
25 2291
25 2294
25 2301
25 2306
25 2338
25 2631
25 2663
25 2707
25 3218
25 3414
25 4897
25 5992
25 5993
25 5996
25 5997
25 6395
25 6457
25 6467
25 6468
25 6469
25 6470
25 6471
25 6473
25 6474
25 6505
25 6511
25 6513
25 6542
25 6549
25 6840
25 7028
25 7065
25 7070
25 7072
25 7074
25 7077
25 7078
25 7079
25 7083
25 7086
25 7088
25 7132
25 7135
25 7150
25 7159
25 7160
25 7161
25 7162
25 7163
25 7192
25 7205
25 7206
25 7207
25 7208
25 7209
25 7210
25 7211
25 7212
25 7213
25 7214
25 7215
25 7216
25 7217
25 7218
25 7219
25 7220
25 7221
25 7222
25 7293
25 7294
25 7295
25 7296
25 7297
25 7298
25 7299
25 7300
25 7301
25 7302
25 7303
25 7304
25 7305
25 7306
25 7307
25 7308
25 7309
25 7310
25 7311
25 7312
25 7313
25 7314
25 7315
25 7316
25 7317
25 7318
25 7319
25 7320
25 7321
25 7322
25 7323
25 7324
25 7325
25 7326
25 7327
25 7328
25 7329
25 7330
25 7331
25 7332
25 7333
25 7334
25 7335
25 7336
25 7337
25 7338
25 7339
25 7340
25 7341
25 7342
25 7343
25 7344
25 7345
25 7346
25 7347
25 7348
25 7349
25 7350
25 7351
25 7352
25 7353
25 7354
25 7355
25 7356
25 7357
25 7358
25 7359
25 7360
25 7361
25 7362
25 7363
25 7364
25 7365
25 7366
25 7367
25 7368
25 7369
25 7370
25 7371
25 7372
25 7373
25 7374
25 7375
25 7376
25 7377
25 7378
25 7379
25 7380
25 7381
25 7382
25 7383
25 7384
25 7385
25 7386
25 7387
25 7388
25 7389
25 7390
25 7393
25 7395
25 7396
25 7397
25 7398
25 7399
25 7400
25 7401
25 7402
25 7403
25 7404
25 7405
25 7406
25 7407
25 7408
25 7409
25 7410
25 7411
25 7412
25 7413
25 7414
25 7415
25 7416
25 7417
25 7418
25 7419
25 7420
25 7421
25 7422
25 7423
25 7424
25 7425
25 7426
25 7427
25 7428
25 7429
25 7430
25 7431
25 7432
25 7433
25 7434
25 7435
25 7436
25 7437
25 7438
25 7439
25 7440
25 7441
25 7442
25 7443
25 7444
25 7445
25 7446
25 7447
25 7448
25 7449
25 7450
25 7452
25 7453
25 7454
25 7455
25 7456
25 7457
25 7458
25 7459
25 7460
25 7461
25 7462
25 7463
25 7464
25 7465
25 7466
25 7467
25 7468
25 7469
25 7470
25 7471
25 7472
25 7473
25 7474
25 7475
25 7476
25 7477
25 7478
25 7479
25 7480
25 7481
25 7482
25 7483
25 7484
25 7485
25 7486
25 7487
25 7488
25 7489
25 7490
25 7491
25 7492
25 7493
25 7494
25 7495
25 7496
25 7497
25 7498
25 7499
25 7500
25 7501
25 7502
25 7503
25 7504
25 7505
25 7506
25 7507
25 7509
25 7510
25 7511
25 7512
25 7513
25 7514
25 7515
25 7516
25 7517
25 7518
25 7519
25 7520
25 7521
25 7523
25 7524
25 7525
25 7526
25 7527
25 7528
25 7529
25 7530
25 7531
25 7532
25 7534
25 7535
25 7536
25 7537
25 7538
25 7539
25 7540
25 7541
25 7542
25 7543
25 7544
25 7545
25 7546
25 7547
25 7548
25 7549
25 7550
25 7551
25 7552
25 7553
25 7554
25 7555
25 7556
25 7557
25 7558
25 7559
25 7561
25 7562
25 7563
25 7565
25 8100
25 8776
25 8801
25 8902
25 8903
25 8907
25 9001
25 9061
25 9151
25 9165
25 9166
25 9192
25 9193
25 9278
25 9298
25 9309
25 9352
25 9367
25 9369
25 9403
25 9431
25 9519
25 9520
25 9555
25 9618
25 9649
25 9657
25 9759
25 9794
25 9852
25 9911
25 9962
25 10360
25 10441
25 10477
25 10655
25 10657
25 10730
25 10749
25 11261
25 11597
26 8
26 42
26 112
26 191
26 315
26 384
26 523
26 554
26 653
26 747
26 812
26 870
26 1090
26 2259
26 3189
26 4897
26 4969
26 5996
26 6315
26 6395
26 6513
26 6549
26 7030
26 7065
26 7068
26 7070
26 7072
26 7086
26 8134
26 8902
26 9029
27 8
27 77
27 655
27 987
27 1090
27 6473
27 6474
27 6505
27 9218
27 9219
27 9759
28 8
28 77
28 135
28 138
28 289
28 307
28 310
28 384
28 518
28 523
28 653
28 654
28 655
28 657
28 659
28 1090
28 2259
28 2707
28 3218
28 4414
28 6467
28 6468
28 6469
28 6470
28 6471
28 6474
28 6505
28 6511
28 6513
28 6542
28 6549
28 7074
28 7079
28 7085
28 7769
28 8903
28 9061
28 9259
28 9278
28 9298
28 9352
28 9367
28 9759
29 8
29 33
29 65
29 77
29 82
29 115
29 182
29 186
29 187
29 285
29 527
29 596
29 627
29 653
29 654
29 658
29 807
29 870
29 902
29 987
29 1010
29 1031
29 1061
29 1075
29 1135
29 1148
29 1162
29 1267
29 1500
29 1574
29 1583
29 1629
29 1657
29 1677
29 1691
29 1763
29 1775
29 1819
29 2004
29 2026
29 2027
29 2045
29 2219
29 2225
29 2231
29 2232
29 2267
29 2284
29 4897
29 4941
29 4943
29 5368
29 6286
29 6467
29 6505
29 6577
29 7020
29 8801
29 8888
29 9642
29 9657
29 9726
29 9774
29 9963
29 9964
29 10145
29 10453
29 10456
29 10480
29 10481
29 10586
29 10597
29 10685
29 10985
29 11186
29 11461
29 11686
29 11752
29 11833
30 8
30 36
30 42
30 65
30 67
30 77
30 121
30 135
30 137
30 288
30 289
30 307
30 315
30 518
30 598
30 652
30 653
30 655
30 656
30 657
30 659
30 696
30 915
30 987
30 1031
30 1090
30 1116
30 1206
30 2011
30 2250
30 2259
30 2264
30 4897
30 4969
30 5992
30 5993
30 5997
30 6457
30 6467
30 6468
30 6469
30 6470
30 6471
30 6473
30 6474
30 6505
30 6511
30 6513
30 6542
30 6549
30 6840
30 7022
30 7028
30 7030
30 7032
30 7066
30 7070
30 7078
30 7086
30 7094
30 7132
30 7133
30 7138
30 7140
30 7141
30 7142
30 7143
30 7144
30 7442
30 7449
30 7450
30 7451
30 7452
30 7453
30 8776
30 8902
30 8903
30 9013
30 9061
30 9105
30 9241
30 9278
30 9298
30 9309
30 9316
30 9352
30 9367
30 9519
30 9545
30 9555
30 9618
30 9645
30 9759
31 8
31 10
31 65
31 66
31 67
31 77
31 112
31 135
31 193
31 195
31 196
31 218
31 219
31 243
31 286
31 288
31 289
31 290
31 291
31 292
31 293
31 296
31 297
31 298
31 299
31 303
31 310
31 312
31 384
31 409
31 444
31 453
31 490
31 493
31 518
31 598
31 604
31 652
31 653
31 655
31 656
31 696
31 870
31 929
31 981
31 1031
31 1085
31 1090
31 3218
31 4897
31 5996
31 6467
31 6469
31 6470
31 6471
31 6473
31 6474
31 6505
31 6542
31 8903
31 9759
32 8
32 1763
32 1819
32 9289
32 9290
32 9291
33 8
33 275
33 827
33 2742
33 4123
33 4172
33 4294
33 4656
33 4790
33 8320
33 9418
33 9423
33 9424
33 9503
34 8
34 77
34 598
34 987
34 1126
34 1142
34 1547
34 2259
34 2266
34 2294
34 4059
34 6467
34 6469
34 6470
34 6471
34 6511
34 6542
34 8100
34 8903
34 9243
34 9278
35 8
35 1726
35 2372
35 7074
35 7134
35 7152
35 7161
35 7192
35 7324
35 9428
36 8
36 10
36 65
36 67
36 77
36 79
36 112
36 135
36 137
36 218
36 219
36 226
36 236
36 237
36 243
36 268
36 286
36 288
36 289
36 291
36 292
36 293
36 295
36 296
36 297
36 299
36 300
36 303
36 309
36 310
36 312
36 315
36 384
36 443
36 444
36 490
36 518
36 557
36 591
36 595
36 598
36 604
36 652
36 653
36 654
36 655
36 656
36 657
36 676
36 679
36 691
36 696
36 705
36 753
36 781
36 870
36 915
36 929
36 981
36 1031
36 1085
36 1090
36 1206
36 1311
36 1424
36 1435
36 1436
36 1461
36 1466
36 1761
36 1763
36 2061
36 2250
36 2260
36 2266
36 2291
36 2294
36 2306
36 2338
36 2707
36 3042
36 3218
36 3404
36 4897
36 5992
36 5993
36 5996
36 6457
36 6461
36 6465
36 6468
36 6469
36 6471
36 6473
36 6474
36 6505
36 6511
36 6513
36 6542
36 6549
36 6840
36 7018
36 7022
36 7024
36 7026
36 7028
36 7030
36 7032
36 7065
36 7066
36 7068
36 7070
36 7072
36 7074
36 7078
36 7079
36 7083
36 7085
36 7086
36 7087
36 7088
36 7090
36 7091
36 7094
36 7132
36 7133
36 7134
36 7135
36 7136
36 7137
36 7138
36 7139
36 7140
36 7141
36 7142
36 7143
36 7145
36 7146
36 7147
36 7148
36 7149
36 7153
36 7155
36 7156
36 7157
36 7158
36 7159
36 7160
36 7164
36 7165
36 7166
36 7167
36 7170
36 7171
36 7172
36 7173
36 7174
36 7175
36 7176
36 7178
36 7192
36 7204
36 7307
36 7325
36 7326
36 7327
36 7328
36 7329
36 7330
36 7331
36 7332
36 7333
36 7356
36 7357
36 7358
36 7359
36 7360
36 7361
36 7362
36 7363
36 7364
36 7365
36 7366
36 7367
36 7368
36 7369
36 7370
36 7371
36 7372
36 7373
36 7374
36 7375
36 7376
36 7377
36 7378
36 7379
36 7380
36 7381
36 7382
36 7383
36 7384
36 7385
36 7386
36 7387
36 7388
36 7389
36 7390
36 7392
36 7393
36 7395
36 7396
36 7397
36 7398
36 7399
36 7400
36 7401
36 7402
36 7403
36 7404
36 7405
36 7406
36 7408
36 7409
36 7410
36 7411
36 7412
36 7413
36 7414
36 7417
36 7418
36 7419
36 7420
36 7421
36 7422
36 7423
36 7424
36 7425
36 7426
36 7427
36 7428
36 7429
36 7430
36 7431
36 7432
36 7433
36 7434
36 7435
36 7436
36 7437
36 7438
36 7439
36 7440
36 7441
36 7442
36 7443
36 7444
36 7445
36 7446
36 7447
36 7448
36 7449
36 7450
36 7451
36 7452
36 7453
36 7456
36 7457
36 7458
36 7459
36 7460
36 7465
36 7466
36 7467
36 7468
36 7469
36 7470
36 7471
36 7472
36 7473
36 7474
36 7475
36 7477
36 7482
36 7483
36 7484
36 7485
36 7489
36 7490
36 7491
36 7492
36 7493
36 7494
36 7495
36 7496
36 7497
36 7498
36 7499
36 7508
36 7509
36 7519
36 7520
36 7521
36 7523
36 7524
36 7526
36 7527
36 7528
36 7529
36 7530
36 7531
36 7532
36 7534
36 7535
36 7537
36 7538
36 7539
36 7540
36 7541
36 7542
36 7561
36 7767
36 7769
36 7770
36 7773
36 7774
36 8776
36 8801
36 8903
36 8907
36 8976
36 8977
36 9001
36 9013
36 9104
36 9151
36 9187
36 9226
36 9259
36 9278
36 9298
36 9309
36 9367
36 9403
36 9519
36 9542
36 9555
36 9559
36 9569
36 9578
36 9618
36 9647
36 9680
36 9691
36 9692
36 9695
36 9759
36 9852
37 8
37 10
37 36
37 37
37 42
37 65
37 67
37 72
37 77
37 79
37 91
37 103
37 112
37 121
37 130
37 135
37 137
37 138
37 191
37 218
37 219
37 226
37 236
37 237
37 243
37 275
37 286
37 288
37 289
37 290
37 291
37 292
37 293
37 294
37 295
37 296
37 297
37 298
37 299
37 300
37 303
37 307
37 309
37 310
37 312
37 315
37 335
37 346
37 384
37 409
37 443
37 444
37 490
37 494
37 518
37 554
37 557
37 559
37 591
37 595
37 598
37 604
37 633
37 652
37 653
37 654
37 655
37 656
37 657
37 659
37 676
37 679
37 691
37 696
37 701
37 705
37 723
37 724
37 726
37 729
37 733
37 737
37 747
37 753
37 756
37 773
37 781
37 807
37 811
37 812
37 870
37 874
37 896
37 915
37 929
37 987
37 1031
37 1085
37 1090
37 1096
37 1116
37 1123
37 1126
37 1142
37 1149
37 1151
37 1187
37 1206
37 1241
37 1262
37 1311
37 1318
37 1414
37 1425
37 1435
37 1436
37 1460
37 1461
37 1463
37 1505
37 1547
37 1574
37 1667
37 1668
37 1673
37 1675
37 1689
37 1712
37 1718
37 1719
37 1721
37 1845
37 1849
37 1983
37 2011
37 2061
37 2084
37 2108
37 2129
37 2130
37 2250
37 2259
37 2264
37 2266
37 2271
37 2291
37 2294
37 2301
37 2306
37 2368
37 2601
37 2631
37 2663
37 2699
37 2707
37 3180
37 3192
37 3218
37 3296
37 3404
37 3414
37 3475
37 4059
37 4881
37 4969
37 5366
37 5368
37 5480
37 5801
37 5992
37 5993
37 5996
37 5997
37 6315
37 6388
37 6395
37 6457
37 6459
37 6461
37 6465
37 6466
37 6467
37 6468
37 6469
37 6470
37 6471
37 6473
37 6474
37 6505
37 6509
37 6511
37 6513
37 6542
37 6549
37 6840
37 7005
37 7018
37 7022
37 7024
37 7026
37 7028
37 7030
37 7032
37 7065
37 7066
37 7068
37 7070
37 7072
37 7074
37 7077
37 7078
37 7079
37 7083
37 7085
37 7086
37 7088
37 7090
37 7091
37 7094
37 7132
37 7133
37 7134
37 7135
37 7136
37 7137
37 7138
37 7139
37 7140
37 7141
37 7142
37 7143
37 7144
37 7145
37 7146
37 7147
37 7148
37 7149
37 7150
37 7151
37 7152
37 7153
37 7154
37 7155
37 7156
37 7157
37 7158
37 7159
37 7160
37 7161
37 7162
37 7163
37 7164
37 7165
37 7166
37 7167
37 7169
37 7170
37 7171
37 7172
37 7173
37 7174
37 7175
37 7176
37 7178
37 7192
37 7203
37 7204
37 7205
37 7206
37 7207
37 7208
37 7209
37 7210
37 7211
37 7212
37 7213
37 7214
37 7215
37 7216
37 7217
37 7218
37 7219
37 7220
37 7221
37 7222
37 7293
37 7294
37 7295
37 7296
37 7297
37 7298
37 7299
37 7300
37 7301
37 7302
37 7303
37 7304
37 7305
37 7306
37 7307
37 7308
37 7309
37 7310
37 7311
37 7312
37 7313
37 7314
37 7315
37 7316
37 7317
37 7318
37 7319
37 7320
37 7321
37 7322
37 7323
37 7324
37 7325
37 7326
37 7327
37 7328
37 7329
37 7330
37 7331
37 7332
37 7333
37 7334
37 7335
37 7336
37 7337
37 7338
37 7339
37 7340
37 7341
37 7342
37 7343
37 7344
37 7345
37 7346
37 7347
37 7348
37 7349
37 7350
37 7351
37 7352
37 7353
37 7354
37 7355
37 7356
37 7357
37 7358
37 7359
37 7360
37 7361
37 7362
37 7363
37 7364
37 7365
37 7366
37 7367
37 7368
37 7369
37 7370
37 7371
37 7372
37 7373
37 7374
37 7375
37 7376
37 7377
37 7378
37 7379
37 7380
37 7381
37 7382
37 7383
37 7384
37 7385
37 7386
37 7387
37 7388
37 7389
37 7390
37 7391
37 7392
37 7393
37 7395
37 7396
37 7397
37 7398
37 7399
37 7400
37 7401
37 7402
37 7403
37 7404
37 7405
37 7406
37 7407
37 7408
37 7409
37 7410
37 7411
37 7412
37 7413
37 7414
37 7415
37 7416
37 7417
37 7418
37 7419
37 7420
37 7421
37 7422
37 7423
37 7424
37 7425
37 7426
37 7427
37 7428
37 7429
37 7430
37 7431
37 7432
37 7433
37 7434
37 7435
37 7436
37 7437
37 7438
37 7439
37 7440
37 7441
37 7442
37 7443
37 7444
37 7445
37 7446
37 7447
37 7448
37 7449
37 7450
37 7451
37 7452
37 7453
37 7454
37 7455
37 7456
37 7457
37 7458
37 7459
37 7460
37 7461
37 7462
37 7463
37 7464
37 7465
37 7466
37 7467
37 7468
37 7469
37 7470
37 7471
37 7472
37 7473
37 7474
37 7475
37 7476
37 7477
37 7478
37 7479
37 7480
37 7481
37 7482
37 7483
37 7484
37 7485
37 7486
37 7487
37 7488
37 7489
37 7490
37 7491
37 7492
37 7493
37 7494
37 7495
37 7496
37 7497
37 7498
37 7499
37 7500
37 7501
37 7502
37 7503
37 7504
37 7505
37 7506
37 7507
37 7508
37 7509
37 7510
37 7511
37 7512
37 7513
37 7514
37 7515
37 7516
37 7517
37 7518
37 7519
37 7520
37 7521
37 7522
37 7523
37 7524
37 7525
37 7526
37 7527
37 7528
37 7529
37 7530
37 7531
37 7532
37 7533
37 7534
37 7535
37 7536
37 7537
37 7538
37 7539
37 7540
37 7541
37 7542
37 7543
37 7544
37 7545
37 7546
37 7547
37 7548
37 7549
37 7550
37 7551
37 7552
37 7553
37 7554
37 7555
37 7556
37 7557
37 7558
37 7559
37 7561
37 7563
37 7565
37 7769
37 7770
37 7773
37 7775
37 7906
37 7956
37 8100
37 8133
37 8134
37 8135
37 8702
37 8756
37 8776
37 8801
37 8807
37 8840
37 8888
37 8902
37 8903
37 8906
37 8907
37 8976
37 8977
37 9013
37 9029
37 9061
37 9104
37 9151
37 9226
37 9241
37 9258
37 9259
37 9278
37 9298
37 9309
37 9352
37 9367
37 9369
37 9403
37 9431
37 9444
37 9519
37 9539
37 9540
37 9541
37 9542
37 9543
37 9544
37 9545
37 9555
37 9559
37 9569
37 9578
37 9618
37 9645
37 9647
37 9649
37 9653
37 9657
37 9662
37 9674
37 9676
37 9679
37 9688
37 9697
37 9718
37 9852
38 8
38 36
38 135
38 178
38 179
38 180
38 181
38 213
38 214
38 215
38 216
38 220
38 221
38 222
38 223
38 231
38 232
38 233
38 234
38 238
38 239
38 559
38 654
38 896
38 1424
38 1726
38 1761
38 1770
38 1845
38 2012
38 2084
38 2259
38 2294
38 2301
38 2372
38 2707
38 5992
38 6469
38 6513
38 6549
38 7363
38 7527
38 7530
38 7537
38 7538
38 7539
38 7540
38 7541
38 7542
38 7543
38 7544
38 7545
38 7546
38 7547
38 7548
38 7549
38 7551
38 7552
38 7553
38 7554
38 7555
38 7556
38 7557
38 7558
38 7559
38 7561
38 7562
38 7563
38 8706
38 8801
38 8888
38 9001
38 9192
38 9278
38 9543
38 9680
38 9710
38 9716
38 9730
38 9739
38 9741
39 8
40 8
40 9
40 13
40 19
40 21
40 27
40 28
40 36
40 38
40 42
40 56
40 63
40 67
40 78
40 81
40 82
40 91
40 103
40 113
40 115
40 121
40 126
40 130
40 132
40 134
40 137
40 138
40 146
40 150
40 176
40 177
40 192
40 204
40 208
40 209
40 210
40 211
40 212
40 272
40 282
40 287
40 301
40 323
40 395
40 403
40 458
40 517
40 523
40 527
40 554
40 557
40 558
40 559
40 560
40 561
40 564
40 584
40 591
40 695
40 795
40 812
40 813
40 874
40 884
40 987
40 1052
40 1077
40 1100
40 1107
40 1116
40 1123
40 1128
40 1138
40 1143
40 1159
40 1169
40 1187
40 1189
40 1206
40 1215
40 1218
40 1222
40 1224
40 1272
40 1274
40 1285
40 1311
40 1375
40 1377
40 1394
40 1456
40 1515
40 1547
40 1675
40 1678
40 1712
40 1761
40 1763
40 1764
40 1834
40 1952
40 1983
40 1995
40 2004
40 2010
40 2011
40 2012
40 2150
40 2273
40 2290
40 2608
40 2699
40 3180
40 3244
40 3336
40 3414
40 4969
40 4970
40 5480
40 5801
40 6002
40 6264
40 6577
40 7005
40 7763
40 7769
40 7772
40 7773
40 7774
40 8133
40 8135
40 8760
40 8807
40 8824
40 8829
40 8835
40 8858
40 8888
40 8939
40 8961
40 9083
40 9104
40 9179
40 9241
40 9295
40 9355
40 9360
40 9430
40 9497
40 9520
40 9656
40 9674
40 9714
40 9728
40 9734
40 9739
40 9741
40 9743
40 9745
40 9756
40 9761
40 9762
40 9783
40 9787
40 9832
40 9846
40 9848
40 9864
40 9865
40 9870
40 9915
40 9944
40 10064
40 10066
40 10115
40 10128
40 10136
40 10139
40 10155
40 10337
40 10342
40 10354
40 10355
40 10357
40 10358
40 10361
40 10362
40 10363
40 10364
40 10365
40 10366
40 10367
40 10368
40 10369
40 10370
40 10378
40 10381
40 10382
40 10383
40 10387
40 10397
40 10398
40 10401
40 10402
40 10403
40 10404
40 10405
40 10406
40 10408
40 10409
40 10410
40 10414
40 10415
40 10418
40 10419
40 10425
40 10431
40 10433
40 10434
40 10435
40 10438
40 10440
40 10442
40 10449
40 10452
40 10453
40 10455
40 10456
40 10457
40 10458
40 10462
40 10463
40 10466
40 10467
40 10468
40 10471
40 10472
40 10473
40 10478
40 10490
40 10491
40 10492
40 10493
40 10495
40 10505
40 10506
40 10507
40 10514
40 10516
40 10531
40 10538
40 10578
40 10580
40 10581
40 10582
40 10583
40 10586
40 10587
40 10590
40 10591
40 10595
40 10600
40 10601
40 10602
40 10604
40 10608
40 10609
40 10610
40 10612
40 10613
40 10614
40 10617
40 10622
40 10625
40 10627
40 10628
40 10629
40 10630
40 10631
40 10632
40 10633
40 10634
40 10635
40 10636
40 10637
40 10640
40 10641
40 10642
40 10643
40 10665
40 10666
40 10667
40 10668
40 10670
40 10671
40 10684
40 10685
40 10686
40 10687
40 10689
40 10694
40 10695
40 10696
40 10706
40 10707
40 10708
40 10725
40 10734
40 10743
40 10744
40 10749
40 10750
40 10751
40 10752
40 10754
40 10755
40 10756
40 10757
40 10759
40 10774
40 10775
40 10788
40 10789
40 10790
40 10791
40 10792
40 10793
40 10794
40 10795
40 10796
40 10797
40 10800
40 10802
40 10808
40 10928
40 10969
40 10970
40 10971
40 10980
40 10982
40 10983
40 10987
40 10988
40 10989
40 10991
40 10992
40 10993
40 11001
40 11002
40 11003
40 11004
40 11007
40 11008
40 11009
40 11010
40 11011
40 11012
40 11013
40 11014
40 11015
40 11016
40 11017
40 11018
40 11019
40 11020
40 11021
40 11022
40 11042
40 11050
40 11055
40 11056
40 11057
40 11058
40 11059
40 11060
40 11061
40 11062
40 11063
40 11064
40 11065
40 11066
40 11067
40 11068
40 11073
40 11097
40 11099
40 11101
40 11110
40 11111
40 11112
40 11118
40 11124
40 11128
40 11141
40 11143
40 11144
40 11149
40 11162
40 11165
40 11167
40 11168
40 11169
40 11186
40 11187
40 11192
40 11193
40 11194
40 11195
40 11197
40 11209
40 11211
40 11215
40 11216
40 11228
40 11242
40 11254
40 11255
40 11261
40 11264
40 11265
40 11266
40 11267
40 11273
40 11277
40 11278
40 11346
40 11347
40 11348
40 11350
40 11357
40 11382
40 11383
40 11405
40 11406
40 11410
40 11411
40 11412
40 11414
40 11423
40 11424
41 10
41 42
41 112
41 135
41 483
41 518
41 598
41 653
41 657
41 696
41 701
41 724
41 726
41 737
41 747
41 1031
41 1085
41 1090
41 2011
41 2264
41 6471
41 6474
41 6505
41 6511
41 6549
41 7088
41 9759
42 10
42 65
42 67
42 77
42 135
42 178
42 179
42 180
42 181
42 213
42 214
42 215
42 216
42 218
42 219
42 220
42 221
42 222
42 223
42 231
42 232
42 233
42 234
42 236
42 237
42 238
42 239
42 243
42 288
42 289
42 291
42 292
42 293
42 296
42 297
42 299
42 310
42 315
42 384
42 409
42 443
42 444
42 445
42 490
42 493
42 518
42 595
42 604
42 652
42 653
42 654
42 655
42 656
42 657
42 659
42 676
42 679
42 696
42 870
42 896
42 987
42 1031
42 1085
42 1090
42 1414
42 1424
42 1461
42 1770
42 5997
42 6459
42 6467
42 6468
42 6469
42 6471
42 6473
42 6474
42 6505
42 6542
42 7074
42 7079
42 7088
42 7091
42 8706
42 8801
42 8907
42 8989
42 9001
42 9192
42 9367
43 10
43 65
43 138
43 482
43 493
43 595
43 656
43 870
44 10
44 65
44 66
44 67
44 138
44 259
44 286
44 288
44 289
44 290
44 291
44 292
44 293
44 296
44 297
44 298
44 299
44 303
44 310
44 312
44 315
44 444
44 484
44 485
44 486
44 487
44 490
44 493
44 595
44 652
44 653
44 655
44 656
45 10
45 65
45 303
45 480
45 493
45 554
45 631
45 632
45 653
45 655
45 657
45 659
45 870
45 896
45 915
45 981
45 987
46 10
46 554
46 653
46 726
46 1000
46 1031
47 10
47 42
47 65
47 66
47 67
47 303
47 493
47 554
47 595
47 652
47 653
47 654
47 655
47 656
47 659
47 726
47 896
47 981
47 987
47 1090
47 1108
47 1668
47 2130
47 2448
47 6467
47 6469
47 6471
47 6505
47 6542
47 7079
47 8903
47 9759
48 10
48 65
48 286
48 288
48 289
48 290
48 291
48 292
48 293
48 295
48 296
48 297
48 298
48 299
48 300
48 310
48 312
48 315
48 444
48 493
48 653
48 870
48 940
48 941
48 1002
48 1090
48 3218
48 6469
49 10
49 135
49 303
49 518
49 656
49 1085
49 1096
49 1149
49 1151
49 6467
49 6469
49 6470
49 6471
49 6473
49 6505
49 6549
49 7068
49 7079
50 10
50 65
50 112
50 288
50 293
50 296
50 490
50 654
50 696
50 929
50 1064
50 1090
50 3218
50 6467
50 6468
50 6471
50 6505
50 7024
51 10
51 77
51 135
51 290
51 293
51 297
51 298
51 310
51 312
51 490
51 518
51 554
51 604
51 655
51 657
51 696
51 987
51 1090
51 2707
51 5993
51 5996
51 6468
51 6470
51 6471
51 6474
51 6505
51 6511
51 6542
51 6549
51 7022
51 7083
51 8977
52 10
52 65
52 72
52 77
52 112
52 135
52 138
52 275
52 303
52 409
52 518
52 598
52 652
52 653
52 655
52 679
52 684
52 685
52 696
52 706
52 722
52 724
52 725
52 727
52 728
52 729
52 732
52 733
52 734
52 735
52 736
52 763
52 767
52 773
52 774
52 775
52 776
52 777
52 781
52 782
52 783
52 785
52 786
52 787
52 789
52 915
52 987
52 1031
52 1085
52 1090
52 2150
52 2291
52 3414
52 5992
52 5993
52 6467
52 6468
52 6469
52 6470
52 6473
52 6474
52 6505
52 6511
52 6542
52 6549
52 7024
52 7026
52 7077
52 7083
52 8801
52 8840
52 9115
52 9151
52 9241
52 9298
52 9309
52 9352
53 10
53 112
53 135
53 655
53 657
53 679
53 870
53 987
53 1085
53 1090
53 2271
53 3475
53 5996
53 6468
53 6469
53 6470
53 6471
53 6505
53 6511
53 6542
53 6549
53 7083
53 7088
53 8976
53 8977
53 9151
53 9298
54 10
54 67
54 218
54 296
54 299
54 300
54 518
54 598
54 653
54 679
54 1031
54 1667
54 3218
54 3414
54 6468
54 6470
54 6473
54 6474
54 7077
54 8776
54 8903
54 9013
54 9278
54 9309
54 9352
54 9367
54 9519
54 9555
55 10
55 121
55 291
55 557
55 733
55 747
55 753
55 1031
55 2301
55 3192
55 7022
55 9309
55 9367
55 9542
55 9759
56 11
57 30
58 31
59 32
59 33
59 67
59 74
59 78
59 80
59 124
59 191
59 192
59 274
59 282
59 284
59 302
59 303
59 304
59 305
59 306
59 319
59 325
59 555
59 9954
60 33
61 33
61 82
61 176
61 259
61 321
61 413
62 33
62 176
62 192
62 275
62 283
62 284
62 303
62 305
62 306
62 307
62 319
62 322
62 325
62 326
62 327
62 328
62 329
62 336
62 337
62 338
62 339
62 340
62 341
62 342
62 343
62 344
62 345
62 412
62 413
62 414
62 424
62 433
62 438
62 439
62 465
62 640
63 33
63 1224
63 1271
63 9183
63 10151
63 10154
63 10161
63 10162
64 36
64 37
64 52
64 56
64 115
64 176
64 204
64 527
64 831
64 1116
64 1285
64 1433
64 1675
64 3414
64 8258
64 8817
64 8888
64 8978
64 9184
64 9298
64 9407
64 9410
64 9424
64 9519
64 9520
64 9578
64 9734
64 9781
64 9787
64 9893
64 9939
64 9988
64 10026
64 10072
64 10095
64 10096
64 10397
64 10398
64 10408
64 10409
64 10433
64 10435
64 10480
64 10481
64 10482
64 10483
64 10484
64 10512
64 10541
64 10542
64 10555
64 11786
65 36
65 37
65 42
65 65
65 77
65 135
65 288
65 289
65 290
65 291
65 292
65 296
65 297
65 298
65 299
65 303
65 310
65 312
65 409
65 444
65 490
65 518
65 598
65 656
65 657
65 696
65 705
65 870
65 896
65 987
65 1031
65 2248
65 3218
65 4897
65 5992
65 5993
65 6457
65 6467
65 6468
65 6470
65 6471
65 6473
65 6474
65 6505
65 6511
65 6542
65 7079
65 7091
65 8812
65 8903
65 9001
65 9067
65 9151
65 9278
65 9759
66 36
66 42
66 112
66 138
66 290
66 298
66 315
66 1435
66 6467
66 6469
66 6471
66 6549
66 7090
66 8903
66 9309
67 36
67 56
67 176
67 282
67 4451
67 4897
67 6468
67 7957
67 9287
67 9403
67 9406
67 9431
67 9653
67 9654
67 9657
67 9661
67 9662
67 9663
67 9664
67 9665
67 9666
67 9675
67 9676
67 9679
67 9680
67 9688
67 9690
67 9708
67 9709
67 9710
67 9712
67 9713
67 9716
67 9717
67 9726
67 9731
67 9732
67 9734
67 9764
67 9766
67 9770
67 9771
67 9774
67 9781
67 9835
67 9836
67 9837
67 9838
67 9843
67 9883
67 9893
67 9906
67 9907
67 9908
67 9913
67 9914
67 9935
67 9941
67 9947
67 10049
67 10050
67 10052
67 10053
67 10065
67 10066
67 10109
67 10114
67 10125
67 10169
67 10170
67 10171
67 10173
67 10176
67 10325
67 10511
67 10536
67 10565
67 10569
67 11497
67 11849
67 11875
68 37
68 135
68 137
68 138
68 303
68 518
68 598
68 653
68 655
68 656
68 676
68 726
68 747
68 987
68 1003
68 1031
68 2699
68 4897
68 5996
68 5997
68 6467
68 6471
68 6473
68 6505
68 6513
68 8756
68 8906
68 9013
68 9298
68 9352
68 9367
68 9759
69 42
69 112
69 655
69 659
69 676
69 747
69 870
69 1090
69 2291
69 3414
69 6471
69 7083
69 7085
69 7088
69 7090
69 7091
70 42
70 118
70 262
70 478
70 486
70 489
70 554
70 655
70 753
70 915
70 924
70 1005
70 1006
70 1365
70 1668
70 2291
70 2306
70 2697
70 5996
70 6468
70 6511
70 6840
70 7065
70 7072
70 8977
70 9061
70 9241
71 42
71 384
71 653
71 679
71 696
71 870
71 1031
71 1090
71 4897
71 6457
71 6467
71 6468
71 6471
71 6473
71 7077
71 7091
71 9278
71 9367
71 9472
72 56
72 57
73 56
73 67
73 131
73 137
73 176
73 254
73 303
73 305
73 480
73 493
73 527
73 628
73 810
73 831
73 845
73 866
73 867
73 870
73 872
73 886
73 916
73 939
73 981
73 982
73 987
73 990
73 1031
73 1842
73 2107
73 2122
73 2160
73 2260
73 2264
73 2606
73 8834
73 9061
73 9070
73 10013
74 56
74 799
74 800
75 56
75 480
75 938
75 1819
76 56
76 933
76 1021
77 56
77 1015
78 56
78 582
79 56
79 1110
79 1111
79 1227
79 1230
79 1231
79 1241
79 1251
79 1378
79 1387
79 1392
79 1394
80 56
80 527
80 1065
80 1969
81 56
81 2607
82 56
82 11494
83 56
83 1670
83 3041
83 3227
84 56
84 9017
85 56
86 56
86 2378
86 4414
87 56
87 9404
88 56
88 8808
88 9226
88 9443
88 9467
88 9468
89 56
89 9471
90 56
90 9641
91 56
91 932
91 9980
91 9981
91 10112
91 10113
92 56
92 8133
92 9952
93 56
93 176
93 564
93 8978
93 9972
93 10021
93 10370
93 10409
93 11165
93 11497
93 11501
93 11581
93 11587
93 11588
93 11589
93 11590
93 11591
93 11592
93 11593
93 11594
93 11597
93 11610
93 11611
93 11612
93 11613
93 11614
93 11615
93 11616
93 11617
94 56
94 7959
95 56
95 3253
95 10002
95 10003
95 10004
95 10005
95 10006
95 10007
95 10008
95 10009
95 10010
95 10011
96 56
96 176
96 527
96 10115
96 10361
96 11415
96 11416
96 11417
96 11418
96 11419
96 11420
96 11421
96 11422
97 56
97 517
97 527
97 1121
97 2085
97 6536
97 6549
97 8771
97 8824
97 9496
97 9544
97 9824
97 10136
97 10172
97 10181
97 10182
97 10183
97 10326
97 10327
97 10328
97 10329
97 10330
97 10331
97 10332
97 10333
97 10334
97 10335
97 10336
97 10337
97 10338
97 10339
97 10340
97 10341
97 10342
97 10343
97 10344
97 10345
97 10346
97 10350
97 10351
97 10353
97 10356
98 56
98 113
98 115
98 176
98 8963
98 10183
98 10373
99 56
99 9104
99 9539
99 9540
99 9541
99 10337
99 10392
100 56
100 176
100 10155
100 10183
100 10370
100 10396
100 10397
100 10398
100 10408
100 10409
100 10433
100 10434
100 10435
100 10507
100 10510
101 56
101 176
101 9241
101 10370
101 11054
101 11056
101 11069
102 56
102 67
102 70
102 77
102 81
102 84
102 85
102 86
102 87
102 90
102 94
102 95
102 97
102 100
102 121
102 132
102 137
102 150
102 176
102 285
102 415
102 421
102 456
102 458
102 495
102 502
102 526
102 533
102 556
102 559
102 560
102 561
102 564
102 595
102 606
102 627
102 657
102 714
102 893
102 1052
102 1107
102 1113
102 1116
102 1169
102 1173
102 1206
102 1215
102 1224
102 1281
102 1375
102 1377
102 1379
102 1412
102 1459
102 1460
102 1484
102 1485
102 1505
102 1506
102 1507
102 1508
102 1509
102 1512
102 1513
102 1667
102 1696
102 1751
102 1761
102 1768
102 1771
102 1772
102 1773
102 1774
102 1775
102 1776
102 1777
102 1778
102 1780
102 1781
102 1782
102 1783
102 1784
102 1785
102 1790
102 1792
102 1819
102 1834
102 1835
102 2004
102 2010
102 2036
102 2096
102 2259
102 2260
102 2282
102 2372
102 2404
102 2409
102 2420
102 2451
102 2631
102 2676
102 2714
102 2803
102 2838
102 3027
102 3055
102 3126
102 3227
102 3243
102 3244
102 3414
102 3425
102 3429
102 3649
102 3662
102 3777
102 3784
102 3808
102 4531
102 4598
102 4653
102 4665
102 4690
102 4735
102 4748
102 4754
102 4791
102 4815
102 4834
102 4838
102 4844
102 4937
102 4948
102 5041
102 5332
102 5457
102 5741
102 5804
102 5913
102 5916
102 5947
102 5956
102 6268
102 6505
102 6872
102 6912
102 6930
102 7770
102 7772
102 7957
102 8130
102 8215
102 8219
102 8698
102 8771
102 8801
102 8804
102 8824
102 8830
102 8838
102 8860
102 8888
102 8902
102 8904
102 8905
102 8906
102 8907
102 8928
102 8939
102 8962
102 8963
102 8967
102 8983
102 9054
102 9083
102 9104
102 9147
102 9179
102 9226
102 9241
102 9258
102 9275
102 9276
102 9298
102 9309
102 9335
102 9352
102 9354
102 9359
102 9403
102 9430
102 9454
102 9461
102 9551
102 9557
102 9658
102 9699
102 9728
102 9732
102 9734
102 9739
102 9757
102 9832
102 9852
102 9854
102 9886
102 9888
102 9908
102 9915
102 9931
102 9953
102 9972
102 10021
102 10027
102 10039
102 10063
102 10064
102 10124
102 10128
102 10129
102 10139
102 10172
102 10173
102 10342
102 10352
102 10355
102 10356
102 10360
102 10361
102 10362
102 10366
102 10367
102 10370
102 10379
102 10380
102 10396
102 10398
102 10400
102 10401
102 10407
102 10408
102 10409
102 10410
102 10416
102 10419
102 10425
102 10430
102 10431
102 10433
102 10434
102 10435
102 10443
102 10450
102 10463
102 10465
102 10471
102 10482
102 10484
102 10490
102 10504
102 10510
102 10514
102 10531
102 10578
102 10586
102 10593
102 10603
102 10604
102 10606
102 10607
102 10623
102 10624
102 10626
102 10627
102 10642
102 10652
102 10655
102 10657
102 10665
102 10667
102 10670
102 10693
102 10694
102 10695
102 10701
102 10705
102 10707
102 10710
102 10728
102 10734
102 10753
102 10765
102 10773
102 10778
102 10798
102 10912
102 10928
102 10956
102 10968
102 10975
102 11013
102 11022
102 11027
102 11059
102 11069
102 11072
102 11091
102 11094
102 11097
102 11108
102 11109
102 11110
102 11112
102 11118
102 11149
102 11165
102 11168
102 11186
102 11191
102 11197
102 11214
102 11228
102 11237
102 11243
102 11261
102 11278
102 11361
102 11416
102 11454
102 11456
102 11494
102 11495
102 11496
102 11497
102 11501
102 11512
102 11516
102 11523
102 11542
102 11561
102 11562
102 11565
102 11566
102 11567
102 11568
102 11569
102 11573
102 11574
102 11577
102 11579
102 11580
102 11581
102 11582
102 11583
102 11587
102 11595
102 11596
102 11597
102 11604
102 11607
102 11623
102 11628
102 11630
102 11636
102 11639
102 11640
102 11641
102 11642
102 11643
102 11644
102 11645
102 11646
102 11647
102 11648
102 11649
102 11650
102 11651
102 11652
102 11653
102 11654
102 11655
102 11656
102 11657
102 11658
102 11659
102 11660
102 11661
102 11662
102 11663
102 11664
102 11665
102 11666
102 11667
102 11668
102 11669
102 11670
102 11671
102 11672
102 11673
102 11674
102 11675
102 11676
102 11677
102 11678
102 11679
102 11680
102 11681
102 11682
102 11683
102 11684
102 11685
102 11686
102 11687
102 11688
102 11691
102 11692
102 11693
102 11694
102 11695
102 11696
102 11697
102 11700
102 11701
102 11702
102 11703
102 11704
102 11705
102 11706
102 11707
102 11708
102 11709
102 11710
102 11711
102 11712
102 11713
102 11714
102 11715
102 11716
102 11717
102 11718
102 11719
102 11720
102 11721
102 11722
102 11723
102 11724
102 11725
102 11726
102 11727
102 11728
102 11729
102 11730
102 11731
102 11732
102 11733
102 11734
102 11735
102 11736
102 11737
102 11738
102 11739
102 11740
102 11741
102 11742
102 11743
102 11744
102 11745
102 11746
102 11747
102 11748
102 11749
102 11750
102 11751
102 11752
102 11760
102 11761
102 11762
102 11763
102 11764
102 11765
102 11766
102 11767
102 11768
102 11769
102 11770
102 11771
102 11772
102 11773
102 11774
102 11775
102 11776
102 11777
102 11778
102 11779
102 11780
102 11781
102 11782
102 11783
102 11784
102 11785
102 11786
102 11787
102 11788
102 11789
102 11790
102 11791
102 11792
102 11793
102 11794
102 11795
102 11796
102 11797
102 11798
102 11799
102 11800
102 11801
102 11802
102 11803
102 11804
102 11805
102 11806
102 11807
102 11808
102 11809
102 11810
102 11811
102 11812
102 11813
102 11814
102 11815
102 11816
102 11817
102 11818
102 11819
102 11820
102 11821
102 11822
102 11823
102 11824
102 11826
102 11827
102 11828
102 11829
102 11830
102 11831
102 11832
102 11833
102 11834
102 11835
102 11836
102 11837
102 11838
102 11839
102 11840
102 11841
102 11842
102 11843
102 11844
102 11845
102 11846
102 11847
102 11848
102 11850
102 11851
102 11852
102 11853
102 11854
102 11855
102 11856
102 11857
102 11858
102 11859
102 11860
102 11863
102 11864
102 11865
102 11866
102 11867
102 11868
102 11869
102 11870
102 11871
102 11872
102 11873
102 11874
102 11875
102 11876
102 11877
102 11880
102 11881
102 11882
102 11883
102 11884
102 11885
102 11886
102 11887
102 11888
102 11889
102 11890
102 11891
102 11892
102 11893
102 11894
102 11895
102 11896
102 11897
102 11898
102 11899
102 11900
102 11901
102 11902
102 11903
102 11904
102 11905
102 11906
102 11907
102 11908
102 11909
102 11910
102 11911
102 11912
102 11913
102 11914
102 11915
102 11916
102 11917
102 11918
102 11919
102 11920
102 11921
102 11922
102 11923
102 11924
102 11925
102 11926
102 11927
102 11928
102 11929
102 11930
102 11931
102 11932
102 11933
102 11934
102 11935
102 11936
102 11937
102 11938
102 11939
102 11940
102 11941
102 11942
102 11943
102 11944
102 11946
102 11947
102 11948
102 11949
102 11950
102 11951
102 11952
102 11954
102 11955
102 11956
102 11957
103 56
103 176
103 527
104 57
104 98
104 116
104 446
104 447
104 448
104 461
104 585
104 586
104 643
104 704
104 780
104 796
104 859
104 865
104 902
104 904
104 907
104 918
104 920
104 921
104 930
104 959
104 983
104 990
104 992
104 993
104 995
104 999
104 1011
104 1021
104 1024
104 1026
104 1032
104 1038
104 1122
104 1529
104 2006
104 2607
104 3043
104 3190
104 4461
104 6585
104 8751
104 8754
104 8766
104 9245
104 9282
104 9910
104 9996
104 10186
104 10187
104 10188
104 10189
104 10190
104 10191
104 10192
104 10193
104 10194
104 10195
104 10196
104 10197
104 10198
104 10199
104 10200
104 10201
104 10202
104 10203
104 10204
104 10205
104 10206
104 10207
104 10208
104 10209
104 10210
104 10211
104 10212
104 10213
104 10214
104 10215
104 10216
104 10217
104 10218
104 10219
104 10220
104 10221
104 10222
104 10223
104 10224
104 10225
104 10226
104 10227
104 10228
104 10229
104 10230
104 10231
104 10232
104 10233
104 10234
104 10235
104 10237
104 10238
104 10239
104 10240
104 10241
104 10242
104 10243
104 10244
104 10245
104 10246
104 10247
104 10248
104 10249
104 10250
104 10251
104 10252
104 10253
104 10255
104 10256
104 10257
104 10258
104 10259
104 10260
104 10261
104 10262
104 10263
104 10264
104 10265
104 10266
104 10267
104 10268
104 10269
104 10270
104 10271
104 10272
104 10273
104 10274
104 10275
104 10276
104 10277
104 10278
104 10280
104 10281
104 10282
104 10283
104 10284
104 10285
104 10286
104 10287
104 10288
104 10289
104 10290
104 10291
104 10292
104 10293
104 10294
104 10295
104 10296
104 10297
104 10298
104 10299
104 10300
104 10301
104 10302
104 10303
104 10304
104 10305
104 10306
104 10307
104 10308
104 10309
104 10310
104 10311
104 10312
104 10313
104 10314
104 10315
104 10316
104 10317
104 10318
104 10319
104 10320
104 10321
104 10322
104 10323
104 10324
105 59
106 65
106 288
106 289
106 290
106 292
106 296
106 297
106 298
106 299
106 490
106 493
106 604
106 870
106 981
106 987
106 1090
106 3218
106 5993
106 6470
106 6471
106 6542
106 8903
106 9309
106 9759
107 65
107 67
107 134
107 243
107 288
107 292
107 299
107 326
107 409
107 410
107 464
107 490
107 518
107 559
107 575
107 588
107 652
107 658
107 659
107 661
107 662
107 663
107 664
107 665
107 666
107 667
107 668
107 669
107 670
107 671
107 672
107 673
107 674
107 675
107 676
107 677
107 678
107 679
107 680
107 681
107 682
107 683
107 686
107 687
107 688
107 689
107 690
107 691
107 692
107 694
107 695
107 697
107 698
107 699
107 700
107 701
107 702
107 703
107 705
107 707
107 708
107 709
107 710
107 711
107 712
107 713
107 714
107 715
107 716
107 717
107 718
107 719
107 720
107 721
107 730
107 731
107 737
107 738
107 739
107 740
107 741
107 742
107 743
107 744
107 745
107 746
107 748
107 749
107 750
107 751
107 752
107 753
107 754
107 755
107 756
107 757
107 758
107 759
107 760
107 761
107 762
107 764
107 765
107 766
107 768
107 769
107 770
107 771
107 772
107 788
107 790
107 791
107 792
107 793
107 794
107 896
107 926
107 929
107 1062
107 1090
107 1133
107 1134
107 1206
107 1670
107 2010
107 2084
107 2107
107 2264
107 3251
107 6468
107 6469
107 6471
107 6473
107 6505
107 6511
107 7022
107 7026
107 7028
107 7030
107 7065
107 7066
107 7068
107 7070
107 7072
107 7074
107 7082
107 7083
107 7085
107 7088
107 7090
107 7091
107 7092
107 8131
107 8134
107 8767
107 8768
107 8903
107 8907
108 65
108 289
108 290
108 299
108 733
108 981
108 987
108 1085
108 2266
108 3415
108 3416
109 65
109 77
109 191
109 298
109 444
109 518
109 604
109 653
109 655
109 1031
109 4897
109 6457
109 6469
109 6470
109 6471
109 6473
109 6474
109 6511
109 8903
109 9001
109 9013
109 9124
109 9125
109 9126
109 9127
109 9298
109 9309
109 9352
109 9367
109 9555
109 9645
109 9649
110 67
110 138
110 176
110 256
110 266
111 67
111 286
111 290
111 291
111 292
111 295
111 312
111 444
111 490
111 595
111 3245
111 8776
111 8815
112 67
112 259
112 288
112 295
112 653
112 655
112 6457
112 6469
112 6471
112 7079
112 8776
112 9759
113 67
114 67
114 4807
115 67
115 9144
115 9145
115 9147
116 67
116 1667
116 1718
116 2061
116 6395
116 7146
116 7147
116 7148
116 7149
116 7150
116 7154
116 7155
116 7157
116 7158
116 7162
116 7167
116 7169
116 7172
116 7468
117 67
117 138
117 303
117 653
117 659
117 696
117 753
117 896
117 915
117 987
117 1096
117 1845
117 2264
117 2294
117 2301
117 2699
117 4897
117 5992
117 6457
117 6467
117 6468
117 6470
117 6473
117 6505
117 6513
117 7083
117 7088
117 7090
117 7134
117 7135
117 7136
117 7137
117 7139
117 7443
117 7444
117 7445
117 7446
117 7447
117 7448
117 9136
117 9298
118 67
118 10038
119 67
120 67
121 67
122 70
123 72
123 494
123 527
123 748
123 768
123 909
123 911
123 1049
123 1263
123 1477
123 1530
123 1807
123 1821
123 1876
123 2260
123 2515
123 2516
123 2518
123 2522
123 2550
123 2558
123 2559
123 2626
123 2627
123 2652
123 2658
123 2727
123 2728
123 2764
123 2769
123 2773
123 2774
123 2895
123 3049
123 3050
123 3052
123 3067
123 3148
123 3155
123 3422
123 3444
123 3459
123 3466
123 3934
123 3935
123 3937
123 3941
123 3974
123 4076
123 4102
123 4104
123 4107
123 4113
123 4114
123 4189
123 4235
123 4237
123 4403
123 4482
123 4483
123 4532
123 4554
123 4600
123 4602
123 4869
123 4930
123 4932
123 5068
123 5077
123 5116
123 5375
123 5382
123 5387
123 5414
123 5415
123 5564
123 5565
123 5566
123 5570
123 5584
123 5663
123 5694
123 5699
123 5704
123 5724
123 5765
123 5799
123 5831
123 5911
123 5936
123 6028
123 6029
123 6037
123 6039
123 6041
123 6044
123 6057
123 6139
123 6140
123 6190
123 6252
123 6268
123 7084
123 7700
123 8094
123 8127
123 8859
123 8880
123 9187
123 9188
124 77
124 135
124 384
124 656
124 657
124 696
124 987
124 1085
124 5997
124 6457
124 6468
124 6470
124 6473
124 6474
124 6505
124 6511
124 6542
124 7024
124 9061
125 78
125 527
125 641
125 662
125 663
125 664
125 665
125 666
125 667
125 668
125 669
125 670
125 671
125 672
125 673
125 674
125 675
125 676
125 677
125 678
125 679
125 680
125 681
125 682
125 683
125 684
125 685
125 686
125 687
125 688
125 689
125 690
125 691
125 692
125 693
125 694
125 695
125 696
125 697
125 698
125 699
125 700
125 701
125 702
125 703
125 709
125 710
125 711
125 712
125 713
125 714
125 715
125 716
125 717
125 718
125 735
125 736
125 737
125 738
125 739
125 740
125 741
125 742
125 743
125 744
125 745
125 746
125 747
125 748
125 749
125 750
125 751
125 752
125 753
125 754
125 755
125 756
125 757
125 758
125 759
125 760
125 761
125 762
125 763
125 764
125 765
125 766
125 767
125 768
125 769
125 770
125 771
125 772
125 773
125 774
125 775
125 776
125 777
125 778
125 781
125 782
125 783
125 784
125 785
125 786
125 787
125 788
125 789
125 790
125 791
125 792
125 793
125 794
126 81
126 176
126 10526
127 82
127 1061
128 87
128 1834
128 10615
129 93
130 100
130 10073
130 10074
130 10075
130 10076
130 10077
130 10078
130 10079
130 10080
130 10081
130 10082
130 10083
131 103
131 8888
132 109
132 110
132 111
132 112
133 112
134 114
135 115
135 273
136 115
137 116
137 117
138 118
139 119
140 119
140 261
140 262
140 263
140 264
140 265
140 417
140 418
140 419
140 425
140 426
140 427
140 428
140 435
140 436
140 437
140 440
140 441
140 442
141 119
141 9030
142 121
143 121
143 3247
144 121
144 10128
144 10129
145 130
145 807
146 135
146 290
146 292
146 296
146 297
146 298
146 299
146 310
146 444
146 490
146 696
146 896
146 1090
146 2264
146 2707
146 6473
146 6505
146 6549
146 8794
146 8796
146 8801
146 8907
147 135
147 289
147 296
147 315
147 518
147 595
147 598
147 696
147 1031
147 1090
147 2707
147 3218
147 4897
147 6467
147 6469
147 6470
147 6471
147 6474
147 6505
147 6511
147 7024
147 7072
147 7086
147 7091
147 9151
147 9177
147 9178
147 9298
147 9309
147 9352
148 135
148 288
148 289
148 290
148 291
148 296
148 297
148 298
148 310
148 312
148 315
148 444
148 490
148 598
148 604
148 657
148 696
148 1090
148 2707
148 3218
148 3296
148 6470
148 6471
148 6474
148 6505
148 6542
148 6549
148 7079
148 9201
148 9472
149 135
150 135
150 656
150 6511
150 8903
150 9232
150 9233
151 135
151 137
151 310
151 384
151 409
151 518
151 598
151 604
151 696
151 811
151 1090
151 2250
151 5992
151 6467
151 6474
151 6505
151 6542
151 6549
151 8134
151 9204
151 9278
151 9298
151 9352
151 9403
151 9532
151 9533
152 137
152 842
153 137
154 137
155 137
155 1658
156 138
157 138
157 218
157 219
157 236
157 243
157 286
157 288
157 289
157 290
157 291
157 292
157 293
157 295
157 296
157 297
157 298
157 299
157 310
157 312
157 315
157 384
157 444
157 490
157 598
157 653
157 654
157 676
157 747
157 870
157 928
157 929
157 987
157 2707
157 3218
157 5993
157 5996
157 6468
157 6474
157 6505
157 6511
157 6513
157 7078
157 7083
157 7085
157 7088
157 7769
157 7775
157 8801
157 8891
157 8903
157 9061
158 138
159 139
159 554
160 146
160 2012
160 6549
161 150
161 1189
161 11004
161 11096
162 165
162 933
162 1096
162 1203
162 1394
162 2250
162 3414
162 7953
162 7954
162 8098
162 8099
162 8100
163 176
164 176
165 176
165 894
165 898
166 176
166 527
166 810
167 176
168 176
168 2107
169 176
169 629
169 630
170 176
170 523
170 659
170 884
170 1018
170 1823
170 1834
170 4683
170 4970
170 5995
170 8830
170 9054
170 9147
170 10361
170 10372
170 10398
170 10409
170 10433
170 10434
170 10435
170 10454
170 10461
170 10489
170 10505
170 10506
170 10578
170 10669
170 10711
170 10730
170 10731
170 10732
170 10737
170 10738
170 10746
170 10760
170 10799
170 10800
170 10808
170 10928
170 10989
170 11005
170 11006
170 11014
170 11057
170 11058
170 11070
170 11097
170 11098
170 11099
170 11100
170 11101
170 11102
170 11103
170 11104
170 11111
170 11112
170 11124
170 11140
170 11141
170 11142
170 11145
170 11248
170 11252
170 11254
170 11255
170 11258
170 11265
170 11266
170 11267
170 11268
170 11273
170 11277
170 11350
170 11354
170 11359
170 11360
170 11361
170 11362
170 11363
170 11364
170 11365
170 11366
170 11367
170 11368
170 11369
170 11370
170 11371
170 11372
170 11373
170 11374
170 11375
170 11376
170 11377
170 11378
170 11379
170 11380
170 11381
170 11384
170 11413
170 11414
170 11429
170 11430
170 11431
170 11432
170 11433
170 11434
171 176
172 176
172 1159
172 1834
172 9143
173 193
173 194
173 8903
174 218
174 219
174 236
174 243
174 309
174 443
174 598
174 929
174 1090
174 6457
174 9298
174 9352
175 236
175 293
175 6457
175 6467
175 9244
176 243
176 957
176 958
177 252
177 527
177 9104
178 255
179 259
179 676
179 6542
180 268
180 1414
180 1689
180 6459
180 7906
180 9739
180 10096
180 10137
180 10166
180 10167
180 10168
180 10477
180 10506
180 10535
180 10556
181 286
181 288
181 289
181 290
181 292
181 295
181 296
181 297
181 298
181 299
181 604
181 3218
181 3687
181 6872
181 7918
181 9519
181 9756
181 9759
181 9775
181 9776
181 9780
181 9787
181 9859
181 9865
181 9866
181 9867
181 9868
181 9869
181 9870
181 9871
182 291
183 297
183 310
183 4481
183 9759
184 299
184 315
184 450
185 303
185 306
185 341
185 503
185 583
185 584
186 303
186 1090
186 2291
186 4623
186 4624
186 5996
186 6505
187 303
187 315
187 490
187 518
187 655
187 753
187 870
187 1116
187 1845
187 2264
187 2707
187 6457
187 6474
187 6505
187 7024
187 9151
188 307
189 308
189 309
189 310
189 311
189 312
189 314
189 315
189 395
190 310
190 312
190 493
190 652
190 870
190 987
190 1090
190 3410
190 3411
190 5992
190 6467
190 6468
190 6471
190 7078
190 8801
190 8907
191 409
192 409
193 415
193 2107
193 2122
193 9013
193 9442
193 9450
193 9464
193 9465
193 9466
193 9473
194 443
194 10025
195 444
195 490
195 778
195 781
195 1422
195 1428
195 1440
195 1466
195 1690
195 6461
195 6463
195 7774
195 9445
195 9454
196 446
196 447
196 448
196 461
196 585
196 704
196 780
196 796
196 865
196 904
196 907
196 920
196 921
196 930
196 940
196 959
196 983
196 990
196 992
196 993
196 999
196 1011
196 1024
196 1026
196 1032
196 1038
196 1122
196 1529
196 1819
196 2006
196 2607
196 3190
196 6585
196 8751
196 8754
196 8766
196 9245
196 9910
196 10059
196 10085
196 10185
196 10186
196 10187
196 10188
196 10189
196 10190
196 10191
196 10192
196 10193
196 10194
196 10195
196 10196
196 10197
196 10198
196 10199
196 10200
196 10201
196 10202
196 10203
196 10204
196 10205
196 10206
196 10207
196 10208
196 10209
196 10210
196 10211
196 10212
196 10213
196 10214
196 10215
196 10216
196 10217
196 10218
196 10219
196 10220
196 10221
196 10222
196 10223
196 10224
196 10225
196 10226
196 10227
196 10228
196 10229
196 10230
196 10231
196 10232
196 10233
196 10234
196 10235
196 10236
196 10237
196 10238
196 10239
196 10240
196 10241
196 10242
196 10243
196 10244
196 10245
196 10246
196 10247
196 10248
196 10249
196 10250
196 10251
196 10252
196 10253
196 10254
196 10255
196 10256
196 10257
196 10258
196 10259
196 10260
196 10261
196 10262
196 10263
196 10264
196 10265
196 10266
196 10267
196 10268
196 10269
196 10270
196 10271
196 10272
196 10273
196 10274
196 10275
196 10276
196 10277
196 10278
196 10279
196 10280
196 10281
196 10282
196 10283
196 10284
196 10285
196 10286
196 10287
196 10288
196 10289
196 10290
196 10291
196 10292
196 10293
196 10294
196 10295
196 10296
196 10297
196 10298
196 10299
196 10300
196 10301
196 10302
196 10303
196 10304
196 10305
196 10306
196 10307
196 10308
196 10309
196 10310
196 10311
196 10312
196 10313
196 10314
196 10315
196 10316
196 10317
196 10318
196 10319
196 10320
196 10321
196 10322
196 10323
196 10324
196 10433
197 452
197 453
198 455
199 456
199 457
199 458
200 459
200 460
201 462
202 467
203 469
203 480
203 899
204 470
204 471
205 477
205 478
205 479
205 480
206 480
207 480
208 483
209 489
209 490
209 493
209 538
210 490
210 518
210 653
210 781
210 1712
210 1721
210 1849
210 2264
210 4897
210 6457
210 6468
210 7145
210 7156
210 7170
210 7171
210 7173
210 7174
210 7175
210 7176
210 7178
210 7203
210 7204
210 7303
210 7304
210 7392
210 7451
210 8907
210 9367
210 9759
211 493
211 595
211 653
211 696
211 981
211 2248
211 2249
211 6840
212 495
213 497
213 1215
213 10117
214 502
215 518
216 518
217 523
217 527
217 8100
218 523
218 747
219 523
220 523
221 527
221 834
221 859
221 860
222 527
222 1834
222 1841
222 1972
222 2010
223 527
223 8820
224 527
224 3723
225 527
226 527
226 8991
226 9078
226 9079
226 9080
226 9081
226 9082
226 9083
226 9084
226 9085
226 9086
226 9087
226 9088
226 9089
226 9802
226 9803
226 9804
226 9832
226 9844
226 9845
227 527
227 534
227 1413
227 4683
227 9949
227 9950
228 527
229 527
229 8706
229 10589
229 10598
230 527
231 527
232 530
232 531
232 945
233 534
233 4124
234 540
234 541
235 543
235 544
236 552
236 622
236 2041
236 2084
236 9462
236 9463
237 554
237 896
237 1085
237 1318
237 6840
237 7077
237 7078
237 8769
237 8770
238 554
239 554
240 554
240 580
240 627
240 4969
240 6849
240 7032
240 7066
240 7068
240 7074
240 7307
240 7386
240 7391
240 7469
240 7507
240 7508
240 7522
240 7523
240 7533
240 7534
240 7565
240 7705
240 9119
240 9258
240 9367
240 9386
240 9508
240 9509
240 9510
240 9511
240 9512
240 9513
240 9582
240 9583
240 9584
240 9585
240 9586
240 9587
240 9588
240 9589
240 9590
240 9591
240 9592
240 9593
240 9594
240 9595
240 9596
240 9597
240 9598
240 9599
240 9600
240 9601
240 9602
240 9603
240 9604
240 9605
240 9606
240 9607
240 9608
240 9609
240 9610
240 9611
240 9612
240 9613
240 9614
240 9615
240 9616
240 9617
240 9618
240 9619
240 9620
240 9621
240 9622
240 9623
240 9624
240 9691
240 9695
240 9729
240 9740
240 9879
240 9942
240 10097
240 10108
240 10178
240 10179
241 559
241 1196
241 5799
241 9180
241 9181
241 9422
241 9514
242 559
242 696
242 4897
242 8906
243 560
243 1203
244 560
244 2722
244 3042
244 3296
244 9120
245 560
245 2130
245 9203
246 560
246 1052
246 1206
246 1761
246 6872
246 11497
246 11879
247 561
248 561
249 590
250 591
251 598
252 604
253 620
253 9351
254 627
254 1763
254 4812
255 628
256 633
257 643
258 652
258 1130
258 1241
258 1551
258 1907
258 2051
258 2058
258 2317
258 2475
258 2528
258 2540
258 2547
258 2629
258 2706
258 2833
258 3046
258 3336
258 4224
258 4342
258 4343
258 4393
258 4773
258 4825
258 5019
258 5137
258 5140
258 5142
258 5269
258 5340
258 5352
258 5418
258 5758
258 5822
258 5897
258 6609
258 6664
258 6780
258 6831
258 6849
258 7155
258 7376
258 7706
258 7905
258 7981
258 8076
258 8120
258 8282
258 9661
258 10152
259 655
260 656
260 6470
260 6473
260 9128
261 679
262 693
262 929
262 7769
262 7770
262 7775
262 8767
262 8768
262 8913
262 8914
263 696
263 929
263 1085
263 1435
263 1436
263 5997
263 6467
263 6505
263 9555
264 696
264 2036
264 2037
264 2045
264 2057
265 705
265 836
265 8870
265 8871
265 9171
266 726
266 747
266 2011
266 2250
266 2294
266 5997
266 7078
266 7392
266 7451
266 9259
266 9369
266 9431
266 9519
266 9569
267 804
268 806
268 1984
269 807
269 808
270 811
271 812
272 821
273 822
273 837
273 838
273 839
273 840
273 841
273 843
273 932
273 933
273 9059
274 824
274 885
274 886
275 826
275 989
275 990
275 995
276 827
277 836
277 6549
277 9107
278 838
279 839
280 841
281 843
282 844
283 847
284 847
285 847
286 852
286 8940
286 8941
287 857
288 858
289 868
290 870
291 896
291 918
292 900
293 922
293 923
293 998
293 1090
294 928
294 8891
295 929
295 1001
295 6853
296 929
297 929
298 931
299 936
300 949
301 950
302 954
302 955
303 979
303 8934
304 987
304 1031
304 6468
305 988
306 991
307 1002
308 1004
309 1005
310 1006
311 1010
312 1012
313 1013
314 1014
315 1017
316 1019
316 1022
317 1020
318 1023
319 1027
320 1029
320 1030
320 1035
320 1036
321 1034
322 1037
323 1039
324 1047
324 9571
325 1050
326 1052
326 1761
326 3914
326 9119
326 9439
326 9442
326 9443
326 9453
327 1054
328 1055
329 1062
330 1063
331 1065
332 1068
333 1070
334 1073
335 1075
336 1076
337 1085
337 9138
337 9139
338 1088
338 1206
338 9130
338 9378
338 9825
339 1090
340 1093
341 1102
341 10141
342 1103
342 1104
343 1116
343 1148
343 1673
343 1675
343 8801
344 1118
345 1119
346 1121
347 1128
347 1137
347 1835
347 4486
347 4487
347 4488
348 1145
348 8874
348 9129
349 1148
349 9146
349 9254
350 1149
351 1187
352 1189
353 1195
353 1668
353 1679
354 1206
355 1206
355 1845
356 1206
357 1206
358 1215
358 3243
358 4485
359 1220
360 1271
360 8888
361 1311
362 1365
363 1385
363 5366
363 8807
363 8958
364 1435
365 1505
366 1505
367 1515
368 1541
369 1548
370 1574
371 1665
372 1667
372 1719
372 2655
372 4881
372 9780
372 9795
372 9797
373 1668
374 1673
375 1705
375 9361
376 1730
377 1730
378 1762
379 1763
380 1766
380 1767
380 1779
380 1805
380 1810
380 1811
380 1826
380 1948
380 1949
380 1960
380 1974
380 3636
381 1819
381 2121
382 1819
383 1819
383 4623
383 4624
384 1819
384 9629
384 9630
384 9779
384 10021
385 1819
385 9205
386 1819
387 1819
388 1819
389 1819
389 11550
389 11560
390 1819
391 1819
392 1834
392 9504
392 9505
393 1834
393 3842
393 3945
393 9335
393 9801
394 1834
395 1834
395 10409
395 10616
395 10621
395 10627
396 1834
396 7772
396 10409
396 10608
397 1834
397 4683
397 4970
397 10361
397 10362
397 10370
397 10372
397 10398
397 10429
397 10432
397 10433
397 10434
397 10462
398 1863
398 9071
398 9951
398 10099
399 1898
399 1946
399 1947
400 1975
400 1977
400 1978
401 2004
402 2036
402 2037
402 2045
402 2057
402 6467
402 9328
403 2037
404 2050
405 2050
406 2050
407 2050
408 2050
409 2061
410 2084
411 2107
411 9439
411 9442
411 9443
412 2107
413 2107
414 2122
414 9034
415 2128
416 2130
417 2137
417 8825
418 2237
419 2237
419 6280
419 9040
419 9102
420 2241
420 2242
420 8706
421 2241
421 2242
421 8973
421 8974
421 8975
421 8976
421 8977
422 2249
423 2250
423 9241
423 9242
424 2250
425 2250
425 7005
425 7980
425 10067
425 10068
426 2264
427 2264
428 2267
428 2284
429 2267
430 2271
430 6388
431 2282
432 2284
433 2290
433 8100
434 2294
435 2301
436 2334
436 2335
437 2404
438 2420
439 2448
440 2486
441 2491
442 2512
443 2525
444 2536
445 2601
446 2631
447 2697
448 2726
449 2803
450 2837
451 2847
452 2858
453 2886
454 2974
455 3027
456 3043
456 3044
457 3045
458 3180
459 3189
460 3192
460 7022
460 7024
460 7026
460 7028
460 7030
460 7065
460 7066
460 7068
460 7070
460 7072
460 7074
460 7086
461 3193
462 3202
463 3217
464 3220
465 3221
465 3222
465 3223
466 3227
467 3245
468 3266
469 3384
470 3404
471 3412
471 3413
472 3414
472 3458
472 4378
472 4995
472 5811
472 8798
473 3415
474 3427
475 3472
475 3475
475 9346
476 3475
477 3475
477 10022
478 3475
478 9940
479 3583
479 3585
480 3583
481 3633
482 3652
483 3662
484 3675
485 3715
486 3803
486 6888
486 9393
487 3810
488 3810
489 3919
489 8026
490 4059
491 4404
492 4501
492 9375
493 4604
493 6394
493 9424
494 4622
495 4683
496 4690
496 5866
496 6081
497 4733
498 4779
499 4835
500 4892
500 4899
501 4999
501 5000
501 5001
501 5002
501 5003
501 5005
501 5006
501 5007
501 5008
501 5010
501 5011
501 5012
501 5013
501 5014
501 5015
501 5016
501 5017
501 5018
501 5019
501 5020
501 5021
501 5023
501 5024
501 5025
501 5026
501 5028
501 5029
501 5030
501 5031
501 5032
501 5033
501 5034
501 5035
501 5036
501 5038
501 5039
501 5040
501 5041
501 5042
501 5044
501 5045
501 5046
501 5047
501 5048
501 5049
501 5050
501 5051
501 5052
501 5053
501 5054
501 5055
501 5056
501 5057
501 5058
501 5059
501 5060
501 5061
501 5062
501 5063
501 5064
501 5065
501 5071
501 5072
501 5073
501 5074
501 5075
501 5076
501 5078
501 5079
501 5080
501 5082
501 5083
501 5084
501 5085
501 5086
501 5087
501 5088
501 5090
501 5091
501 5092
501 5093
501 5094
501 5095
501 5097
501 5098
501 5099
501 5100
501 5101
501 5102
501 5103
501 5104
501 5107
501 5108
501 5109
501 5110
501 5111
501 5113
501 5114
501 5115
501 5116
501 5118
501 5119
501 5120
501 5121
501 5122
501 5123
501 5124
501 5125
501 5126
501 5127
501 5129
501 5130
501 5131
501 5132
501 5133
501 5135
501 5136
501 5137
501 5140
501 5141
501 5142
501 5144
501 5145
501 5146
501 5148
501 5150
501 5151
501 5152
501 5153
501 5163
501 5164
501 5165
501 5166
501 5167
501 5168
501 5169
501 5170
501 5171
501 5172
501 5173
501 5174
501 5175
501 5176
501 5177
501 5178
501 5179
501 5180
501 5181
501 5182
501 5183
501 5184
501 5186
501 5187
501 5189
501 5190
501 5191
501 5192
501 5193
501 5194
501 5195
501 5196
501 5198
502 5085
502 9660
503 5120
503 9486
504 5203
504 5262
505 5294
506 5311
507 5332
508 5366
509 5368
510 5724
510 9773
511 5741
512 5741
513 5741
513 9903
514 5801
515 5811
516 5846
516 9094
516 9095
517 5925
518 5992
519 6226
520 6258
521 6282
521 10409
522 6315
523 6490
524 6505
525 6509
525 9648
525 10062
525 10136
526 6514
526 9308
527 6542
528 6542
528 8215
528 9298
528 9864
529 6549
530 6790
531 6790
532 6847
533 6872
534 6912
535 6997
536 6999
537 7074
538 7770
539 7918
539 9428
539 9429
540 7957
541 8065
541 9012
542 8108
543 8134
544 8139
544 8193
544 10152
545 8700
546 8761
547 8764
548 8766
549 8772
550 8781
551 8782
552 8785
553 8788
554 8799
555 8801
555 9502
556 8801
557 8801
558 8801
559 8801
560 8807
561 8808
562 8809
563 8810
564 8812
564 9065
564 9066
564 9067
565 8813
565 8819
566 8821
566 8903
566 8904
566 8905
566 8906
566 8907
567 8826
568 8840
569 8840
570 8845
571 8848
571 8849
572 8855
573 8877
574 8885
575 8888
576 8888
577 8888
578 8889
579 8890
580 8892
581 8893
582 8901
583 8912
584 8916
585 8920
586 8921
587 8953
588 8954
589 8959
590 8960
591 8964
592 8965
593 8966
594 8970
594 9382
595 8972
596 8978
597 8979
597 8982
597 8984
597 9960
597 9961
598 8983
599 8985
600 8986
601 8992
602 8993
603 8997
604 8999
605 9011
606 9013
606 9014
607 9013
608 9016
609 9026
609 9051
609 9152
609 9153
609 9222
609 9223
609 9227
609 9228
609 9323
609 9324
609 9379
609 9380
610 9027
611 9028
611 9141
612 9030
612 9076
612 9226
612 9404
612 9407
612 9420
612 9752
612 9796
612 9966
612 10509
612 10564
612 10809
612 10810
612 11105
612 11351
612 11352
612 11353
612 11488
613 9034
613 10015
613 10016
613 10054
614 9035
615 9036
616 9039
617 9045
617 9046
617 9051
617 9056
618 9057
619 9060
620 9062
621 9063
621 9064
622 9071
622 9072
622 9097
622 9099
622 9111
622 9130
622 9197
622 9212
622 9213
622 9294
622 9350
622 10359
623 9076
624 9077
625 9091
626 9091
627 9093
628 9103
629 9104
629 9539
629 9540
629 9541
629 9542
629 9543
629 9544
629 9545
630 9104
631 9104
631 9544
632 9104
633 9104
634 9110
635 9112
635 9113
635 9198
635 9376
635 9383
635 9384
635 9572
635 9573
635 9574
636 9116
637 9119
638 9123
639 9130
640 9131
641 9133
642 9133
643 9137
644 9150
645 9151
646 9154
646 9155
647 9157
648 9167
649 9169
650 9172
650 9297
651 9173
652 9180
653 9180
654 9185
655 9193
656 9196
657 9202
658 9204
659 9204
659 9521
659 9532
660 9209
661 9211
662 9214
663 9216
664 9216
664 9281
664 9348
664 9362
664 9377
664 9378
664 9404
664 9405
664 9429
664 9435
664 9469
664 9484
664 9677
664 9678
664 9681
664 9682
664 9689
664 9793
665 9218
665 9219
666 9224
666 9225
667 9226
667 9296
667 11945
668 9226
669 9234
670 9238
671 9239
672 9240
672 9258
672 9259
673 9244
674 9245
675 9248
676 9253
677 9255
677 9256
678 9274
679 9277
680 9282
681 9283
682 9284
682 9285
683 9286
684 9292
684 9293
685 9296
686 9298
687 9298
688 9298
689 9299
690 9299
691 9304
691 9305
691 9306
692 9310
693 9314
694 9315
694 9316
695 9318
696 9329
697 9335
698 9335
699 9339
700 9343
701 9344
701 9345
702 9355
703 9357
704 9358
704 9487
705 9375
705 11578
706 9388
706 9389
707 9396
708 9400
709 9408
710 9411
710 9412
711 9414
711 9415
712 9417
712 9492
713 9430
714 9430
715 9430
716 9430
717 9434
718 9436
719 9439
719 9440
719 9441
719 9442
719 9443
719 9444
719 9445
719 9446
719 9449
719 9451
719 9455
720 9439
720 9442
720 9443
720 9447
720 9448
721 9439
721 9442
721 9443
722 9439
722 9442
722 9443
722 9451
722 9452
722 9455
723 9468
724 9472
725 9483
726 9485
727 9498
728 9499
728 9500
728 9501
728 9555
728 9941
729 9516
730 9517
730 10040
731 9538
732 9548
733 9549
734 9550
735 9553
736 9570
737 9576
738 9579
739 9625
740 9628
741 9638
741 9683
742 9640
743 9642
744 9643
745 9645
746 9650
747 9652
748 9657
749 9659
750 9685
750 10126
750 10127
750 11690
751 9715
752 9719
752 9720
753 9721
753 9722
753 9723
753 9796
754 9728
754 10057
755 9746
755 9747
756 9748
757 9753
758 9759
759 9759
760 9767
761 9768
762 9769
763 9772
764 9774
765 9778
766 9805
766 9806
766 9807
766 9808
766 9809
766 9810
766 9811
766 9812
766 9813
766 9814
766 9815
766 9816
766 9817
766 9818
766 9819
766 9820
766 9821
766 9822
766 9823
766 9829
767 9825
768 9825
769 9825
770 9830
770 9831
771 9833
771 9834
772 9842
773 9847
773 9912
773 9957
774 9852
775 9890
776 9890
776 11483
777 9904
778 9938
779 9948
779 9956
780 9959
781 9972
781 11029
781 11589
781 11590
781 11605
781 11606
782 9980
782 9981
783 9980
783 9981
783 10110
783 10111
784 9987
784 10119
784 10120
784 10160
784 10163
784 10562
784 10563
784 11262
784 11263
784 11563
784 11564
785 9989
785 9990
786 9991
787 9995
788 9996
789 9997
790 9998
791 10000
791 10046
792 10012
793 10014
794 10021
795 10023
796 10024
797 10027
798 10028
798 11689
799 10032
799 10586
800 10033
801 10034
802 10035
803 10039
804 10042
805 10045
806 10048
807 10051
808 10056
809 10058
810 10069
810 10070
810 10071
810 10761
811 10084
812 10087
813 10088
814 10089
815 10093
815 10094
816 10095
817 10098
818 10100
818 11485
819 10102
820 10104
821 10105
821 10107
822 10116
822 11156
823 10118
824 10135
825 10136
826 10140
827 10143
827 10146
828 10152
829 10165
830 10177
831 10180
832 10347
833 10361
833 10605
834 10366
835 10381
836 10433
837 10434
838 10441
839 10480
840 10537
841 10547
842 10561
843 10566
843 10767
843 10768
843 10769
843 10770
843 10771
843 10772
844 10592
845 10690
845 10691
845 11358
846 10727
847 11186
848 11250
848 11251
849 11460
849 11635
850 11461
851 11484
852 11489
853 11497
854 11501
854 11581
854 11602
854 11603
854 11618
855 11503
856 11570
856 11571
856 11572
857 11597
857 11599
857 11600
857 11601
858 11631
859 11634
860 11686
861 11698
861 11699
861 11702
861 11703
861 11878
862 11702
863 11737
864 11760
865 11773
866 11833
867 11867
867 11868
868 11951
868 11955
2 3 4 5 6 7 8 9 10 11 12 13 14 15 16 17 18 19 20 21 22 23 24 25 26 27 28 29 30 31 32 33 34 35 36 37 38 39 40 41 42 43 44 45 46 47 48 49 50 51 52 53 54 55 56 57 58 59 60 61 62 63 64 65 66 67 68 69 70 71 72 73 74 75 76 77 78 79 80 81 82 83 84 85 86 87 88 89 90 91 92 93 94 95 96 97 98 99 100 101 102 103 104 105 106 107 108 109 110 111 112 113 114 115 116 117 118 119 120 121 122 123 124 125 126 127 128 129 130 131 132 133 134 135 136 137 138 139 140 141 142 143 144 145 146 147 148 149 150 151 152 153 154 155 156 157 158 159 160 161 162 163 164 165 166 167 168 169 170 171 172 173 174 175 176 177 178 179 180 181 182 183 184 185 186 187 188 189 190 191 192 193 194 195 196 197 198 199 200 1 2 3 4 5 6 7 8 9 10 11 12 13 14 15 16 17 18 19 20 21 22 23 24 25 26 27 28 29 30 31 32 33 34 35 36 37 38 39 40 41 42 43 44 45 46 47 48 49 50 51 52 53 54 55 56 57 58 59 60 61 62 63 64 65 66 67 68 69 70 71 72 73 74 75 76 77 78 79 80 81 82 83 84 85 86 87 88 89 90 91 92 93 94 95 96 97 98 99 100 101 102 103 104 105 106 107 108 109 110 111 112 113 114 115 116 117 118 119 120 121 122 123 124 125 126 127 128 129 130 131 132 133 134 135 136 137 138 139 140 141 142 143 144 145 146 147 148 149 150 151 152 153 154 155 156 157 158 159 160 161 162 163 164 165 166 167 168 169 170 171 172 173 174 175 176 177 178 179 180 181 182 183 184 185 186 187 188 189 190 191 192 193 194 195 196 197 198 199 200 1 2 3 4 5 6 7 8 9 10 11 12 13 14 15 16 17 18 19 20 21 22 23 24 25 26 27 28 29 30 31 32 33 34 35 36 37 38 39 40 41 42 43 44 45 46 47 48 49 50 51 52 53 54 55 56 57 58 59 60 61 62 63 64 65 66 67 68 69 70 71 72 73 74 75 76 77 78 79 80 81 82 83 84 85 86 87 88 89 90 91 92 93 94 95 96 97 98 99 100 101 102 103 104 105 106 107 108 109 110 111 112 113 114 115 116 117 118 119 120 121 122 123 124 125 126 127 128 129 130 131 132 133 134 135 136 137 138 139 140 141 142 143 144 145 146 147 148 149 150 151 152 153 154 155 156 157 158 159 160 161 162 163 164 165 166 167 168 169 170 171 172 173 174 175 176 177 178 179 180 181 182 183 184 185 186 187 188 189 190 191 192 193 194 195 196 197 198 199 200 1 2 3 4 5 6 7 8 9 10 11 12 13 14 15 16 17 18 19 20 21 22 23 24 25 26 27 28 29 30 31 32 33 34 35 36 37 38 39 40 41 42 43 44 45 46 47 48 49 50 51 52 53 54 55 56 57 58 59 60 61 62 63 64 65 66 67 68 69 70 71 72 73 74 75 76 77 78 79 80 81 82 83 84 85 86 87 88 89 90 91 92 93 94 95 96 97 98 99 100 101 102 103 104 105 106 107 108 109 110 111 112 113 114 115 116 117 118 119 120 121 122 123 124 125 126 127 128 129 130 131 132 133 134 135 136 137 138 139 140 141 142 143 144 145 146 147 148 149 150 151 152 153 154 155 156 157 158 159 160 161 162 163 164 165 166 167 168 169 170 171 172 173 174 175 176 177 178 179 180 181 182 183 184 185 186 187 188 189 190 191 192 193 194 195 196 197 198 199 200 1 2 3 4 5 6 7 8 9 10 11 12 13 14 15 16 17 18 19 20 21 22 23 24 25 26 27 28 29 30 31 32 33 34 35 36 37 38 39 40 41 42 43 44 45 46 47 48 49 50 51 52 53 54 55 56 57 58 59 60 61 62 63 64 65 66 67 68 69 
2 3 4 5 6 7 8 9 10 11 12 13 14 15 16 17 18 19 20 21 22 23 24 25 26 27 28 29 30 31 32 33 34 35 36 37 38 39 40 41 42 43 44 45 46 47 48 49 50 51 52 53 54 55 56 57 58 59 60 61 62 63 64 65 66 67 68 69 70 71 72 73 74 75 76 77 78 79 80 81 82 83 84 85 86 87 88 89 90 91 92 93 94 95 96 97 98 99 100 101 102 103 104 105 106 107 108 109 110 111 112 113 114 115 116 117 118 119 120 121 122 123 124 125 126 127 128 129 130 131 132 133 134 135 136 137 138 139 140 141 142 143 144 145 146 147 148 149 150 151 152 153 154 155 156 157 158 159 160 161 162 163 164 165 166 167 168 169 170 171 172 173 174 175 176 177 178 179 180 181 182 183 184 185 186 187 188 189 190 191 192 193 194 195 196 197 198 199 200 1 2 3 4 5 6 7 8 9 10 11 12 13 14 15 16 17 18 19 20 21 22 23 24 25 26 27 28 29 30 31 32 33 34 35 36 37 38 39 40 41 42 43 44 45 46 47 48 49 50 51 52 53 54 55 56 57 58 59 60 61 62 63 64 65 66 67 68 69 70 71 72 73 74 75 76 77 78 79 80 81 82 83 84 85 86 87 88 89 90 91 92 93 94 95 96 97 98 99 100 101 102 103 104 105 106 107 108 109 110 111 112 113 114 115 116 117 118 119 120 121 122 123 124 125 126 127 128 129 130 131 132 133 134 135 136 137 138 139 140 141 142 143 144 145 146 147 148 149 150 151 152 153 154 155 156 157 158 159 160 161 162 163 164 165 166 167 168 169 170 171 172 173 174 175 176 177 178 179 180 181 182 183 184 185 186 187 188 189 190 191 192 193 194 195 196 197 198 199 200 1 2 3 4 5 6 7 8 9 10 11 12 13 14 15 16 17 18 19 20 21 22 23 24 25 26 27 28 29 30 31 32 33 34 35 36 37 38 39 40 41 42 43 44 45 46 47 48 49 50 51 52 53 54 55 56 57 58 59 60 61 62 63 64 65 66 67 68 69 70 71 72 73 74 75 76 77 78 79 80 81 82 83 84 85 86 87 88 89 90 91 92 93 94 95 96 97 98 99 100 101 102 103 104 105 106 107 108 109 110 111 112 113 114 115 116 117 118 119 120 121 122 123 124 125 126 127 128 129 130 131 132 133 134 135 136 137 138 139 140 141 142 143 144 145 146 147 148 149 150 151 152 153 154 155 156 157 158 159 160 161 162 163 164 165 166 167 168 169 170 171 172 173 174 175 176 177 178 179 180 181 182 183 184 185 186 187 188 189 190 191 192 193 194 195 196 197 198 199 200 1 2 3 4 5 6 7 8 9 10 11 12 13 14 15 16 17 18 19 20 21 22 23 24 25 26 27 28 29 30 31 32 33 34 35 36 37 38 39 40 41 42 43 44 45 46 47 48 49 50 51 52 53 54 55 56 57 58 59 60 61 62 63 64 65 66 67 68 69 70 71 72 73 74 75 76 77 78 79 80 81 82 83 84 85 86 87 88 89 90 91 92 93 94 95 96 97 98 99 100 101 102 103 104 105 106 107 108 109 110 111 112 113 114 115 116 117 118 119 120 121 122 123 124 125 126 127 128 129 130 131 132 133 134 135 136 137 138 139 140 141 142 143 144 145 146 147 148 149 150 151 152 153 154 155 156 157 158 159 160 161 162 163 164 165 166 167 168 169 170 171 172 173 174 175 176 177 178 179 180 181 182 183 184 185 186 187 188 189 190 191 192 193 194 195 196 197 198 199 200 1 2 3 4 5 6 7 8 9 10 11 12 13 14 15 16 17 18 19 20 21 22 23 24 25 26 27 28 29 30 31 32 33 34 35 36 37 38 39 40 41 42 43 44 45 46 47 48 49 50 51 52 53 54 55 56 57 58 59 60 61 62 63 64 65 66 67 68 69 70 71 72 73 74 75 76 77 78 79 80 81 82 83 84 85 86 87 88 89 90 91 92 93 94 95 96 97 98 99 100 101 102 103 104 105 106 107 108 109 110 111 112 113 114 115 116 117 118 119 120 121 122 123 124 125 126 127 128 129 130 131 132 133 134 135 136 137 138 139 140 141 142 143 144 145 146 147 148 149 150 151 152 153 154 155 156 157 158 159 160 161 162 163 164 165 166 167 168 169 170 171 172 173 174 175 176 177 178 179 180 181 182 183 184 185 186 187 188 189 190 191 192 193 194 195 196 197 198 199 200 1 2 3 4 5 6 7 8 9 10 11 12 13 14 15 16 17 18 19 20 21 22 23 24 25 26 27 28 29 30 31 32 33 34 35 36 37 38 39 40 41 42 43 44 45 46 47 48 49 50 51 52 53 54 55 56 57 58 59 60 61 62 63 64 65 66 67 68 69 70 71 72 73 74 75 76 77 78 79 80 81 82 83 84 85 86 87 88 89 90 91 92 93 94 95 96 97 98 99 100 101 102 103 104 105 106 107 108 109 110 111 112 113 114 115 116 117 118 119 120 121 122 123 124 125 126 127 128 129 130 131 132 133 134 135 136 137 138 139 140 141 142 143 144 145 146 147 148 149 150 151 152 153 154 155 156 157 158 159 160 161 162 163 164 165 166 167 168 169 170 171 172 173 174 175 176 177 178 179 180 181 182 183 184 185 186 187 188 189 190 191 192 193 194 195 196 197 198 199 200 1 2 3 4 5 6 7 8 9 10 11 12 13 14 15 16 17 18 19 20 21 22 23 24 25 26 27 28 29 30 31 32 33 34 35 36 37 38 39 40 41 42 43 44 45 46 47 48 49 50 51 52 53 54 55 56 57 58 59 60 61 62 63 64 65 66 67 68 69 70 71 72 73 74 75 76 77 78 79 80 81 82 83 84 85 86 87 88 89 90 91 92 93 94 95 96 97 98 99 100 101 102 103 104 105 106 107 108 109 110 111 112 113 114 115 116 117 118 119 120 121 122 123 124 125 126 127 128 129 130 131 132 133 134 135 136 137 138 139 140 141 142 143 144 145 146 147 148 149 150 151 152 153 154 155 156 157 158 159 160 161 162 163 164 165 166 167 168 169 170 171 172 173 174 175 176 177 178 179 180 181 182 183 184 185 186 187 188 189 190 191 192 193 194 195 196 197 198 199 200 1 2 3 4 5 6 7 8 9 10 11 12 13 14 15 16 17 18 19 20 21 22 23 24 25 26 27 28 29 30 31 32 33 34 35 36 37 38 39 40 41 42 43 44 45 46 47 48 49 50 51 52 53 54 55 56 57 58 59 60 61 62 63 64 65 66 67 68 69 70 71 72 73 74 75 76 77 78 79 80 81 82 83 84 85 86 87 88 89 90 91 92 93 94 95 96 97 98 99 100 101 102 103 104 105 106 107 108 109 110 111 112 113 114 115 116 117 118 119 120 121 122 123 124 125 126 127 128 129 130 131 132 133 134 135 136 137 138 139 140 141 142 143 144 145 146 147 148 149 150 151 152 153 154 155 156 157 158 159 160 161 162 163 164 165 166 167 168 169 170 171 172 173 174 175 176 177 178 179 180 181 182 183 184 185 186 187 188 189 190 191 192 193 194 195 196 197 198 199 200 1 2 3 4 5 6 7 8 9 10 11 12 13 14 15 16 17 18 19 20 21 22 23 24 25 26 27 28 29 30 31 32 33 34 35 36 37 38 39 40 41 42 43 44 45 46 47 48 49 50 51 52 53 54 55 56 57 58 59 60 61 62 63 64 65 66 67 68 69 70 71 72 73 74 75 76 77 78 79 80 81 82 83 84 85 86 87 88 89 90 91 92 93 94 95 96 97 98 99 100 101 102 103 104 105 106 107 108 109 110 111 112 113 114 115 116 117 118 119 120 121 122 123 124 125 126 127 128 129 130 131 132 133 134 135 136 137 138 139 140 141 142 143 144 145 146 147 148 149 150 151 152 153 154 155 156 157 158 159 160 161 162 163 164 165 166 167 168 169 170 171 172 173 174 175 176 177 178 179 180 181 182 183 184 185 186 187 188 189 190 191 192 193 194 195 196 197 198 199 200 1 2 3 4 5 6 7 8 9 10 11 12 13 14 15 16 17 18 19 20 21 22 23 24 25 26 27 28 29 30 31 32 33 34 35 36 37 38 39 40 41 42 43 44 45 46 47 48 49 50 51 52 53 54 55 56 57 58 59 60 61 62 63 64 65 66 67 68 69 70 71 72 73 74 75 76 77 78 79 80 81 82 83 84 85 86 87 88 89 90 91 92 93 94 95 96 97 98 99 100 101 102 103 104 105 106 107 108 109 110 111 112 113 114 115 116 117 118 119 120 121 122 123 124 125 126 127 128 129 130 131 132 133 134 135 136 137 138 139 140 141 142 143 144 145 146 147 148 149 150 151 152 153 154 155 156 157 158 159 160 161 162 163 164 165 166 167 168 169 170 171 172 173 174 175 176 177 178 179 180 181 182 183 184 185 186 187 188 189 190 191 192 193 194 195 196 197 198 199 200 1 2 3 4 5 6 7 8 9 10 11 12 13 14 15 16 17 18 19 20 21 22 23 24 25 26 27 28 29 30 31 32 33 34 35 36 37 38 39 40 41 42 43 44 45 46 47 48 49 50 51 52 53 54 55 56 57 58 59 60 61 62 63 64 65 66 67 68 69 70 71 72 73 74 75 76 77 78 79 80 81 82 83 84 85 86 87 88 89 90 91 92 93 94 95 96 97 98 99 100 101 102 103 104 105 106 107 108 109 110 111 112 113 114 115 116 117 118 119 120 121 122 123 124 125 126 127 128 129 130 131 132 133 134 135 136 137 138 139 140 141 142 143 144 145 146 147 148 149 150 151 152 153 154 155 156 157 158 159 160 161 162 163 164 165 166 167 168 169 170 171 172 173 174 175 176 177 178 179 180 181 182 183 184 185 186 187 188 189 190 191 192 193 194 195 196 197 198 199 200 1 2 3 4 5 6 7 8 9 10 11 12 13 14 15 16 17 18 19 20 21 22 23 24 25 26 27 28 29 30 31 32 33 34 35 36 37 38 39 40 41 42 43 44 45 46 47 48 49 50 51 52 53 54 55 56 57 58 59 60 61 62 63 64 65 66 67 68 69 70 71 72 73 74 75 76 77 78 79 80 81 82 83 84 85 86 87 88 89 90 91 92 93 94 95 96 97 98 99 100 101 102 103 104 105 106 107 108 109 110 111 112 113 114 115 116 117 118 119 120 121 122 123 124 125 126 127 128 129 130 131 132 133 134 135 136 137 138 139 140 141 142 143 144 145 146 147 148 149 150 151 152 153 154 155 156 157 158 159 160 161 162 163 164 165 166 167 168 169 170 171 172 173 174 175 176 177 178 179 180 181 182 183 184 185 186 187 188 189 190 191 192 193 194 195 196 197 198 199 200 1 2 3 4 5 6 7 8 9 10 11 12 13 14 15 16 17 18 19 20 21 22 23 24 25 26 27 28 29 30 31 32 33 34 35 36 37 38 39 40 41 42 43 44 45 46 47 48 49 50 51 52 53 54 55 56 57 58 59 60 61 62 63 64 65 66 67 68 69 70 71 72 73 74 75 76 77 78 79 80 81 82 83 84 85 86 87 88 89 90 91 92 93 94 95 96 97 98 99 100 101 102 103 104 105 106 107 108 109 110 111 112 113 114 115 116 117 118 119 120 121 122 123 124 125 126 127 128 129 130 131 132 133 134 135 136 137 138 139 140 141 142 143 144 145 146 147 148 149 150 151 152 153 154 155 156 157 158 159 160 161 162 163 164 165 166 167 168 169 170 171 172 173 174 175 176 177 178 179 180 181 182 183 184 185 186 187 188 189 190 191 192 193 194 195 196 197 198 199 200 1 2 3 4 5 6 7 8 9 10 11 12 13 14 15 16 17 18 19 20 21 22 23 24 25 26 27 28 29 30 31 32 33 34 35 36 37 38 39 40 41 42 43 44 45 46 47 48 49 50 51 52 53 54 55 56 57 58 59 60 61 62 63 64 65 66 67 68 69 70 71 72 73 74 75 76 77 78 79 80 81 82 83 84 85 86 87 88 89 90 91 92 93 94 95 96 97 98 99 100 101 102 103 104 105 106 107 108 109 110 111 112 113 114 115 116 117 118 119 120 121 122 123 124 125 126 127 128 129 130 131 132 133 134 135 136 137 138 139 140 141 142 143 144 145 146 147 148 149 150 151 152 153 154 155 156 157 158 159 160 161 162 163 164 165 166 167 168 169 170 171 172 173 174 175 176 177 178 179 180 181 182 183 184 185 186 187 188 189 190 191 192 193 194 195 196 197 198 199 200 1 2 3 4 5 6 7 8 9 10 11 12 13 14 15 16 17 18 19 20 21 22 23 24 25 26 27 28 29 30 31 32 33 34 35 36 37 38 39 40 41 42 43 44 45 46 47 48 49 50 51 52 53 54 55 56 57 58 59 60 61 62 63 64 65 66 67 68 69 70 71 72 73 74 75 76 77 78 79 80 81 82 83 84 85 86 87 88 89 90 91 92 93 94 95 96 97 98 99 100 101 102 103 104 105 106 107 108 109 110 111 112 113 114 115 116 117 118 119 120 121 122 123 124 125 126 127 128 129 130 131 132 133 134 135 136 137 138 139 140 141 142 143 144 145 146 147 148 149 150 151 152 153 154 155 156 157 158 159 160 161 162 163 164 165 166 167 168 169 170 171 172 173 174 175 176 177 178 179 180 181 182 183 184 185 186 187 188 189 190 191 192 193 194 195 196 197 198 199 200 1 2 3 4 5 6 7 8 9 10 11 12 13 14 15 16 17 18 19 20 21 22 23 24 25 26 27 28 29 30 31 32 33 34 35 36 37 38 39 40 41 42 43 44 45 46 47 48 49 50 51 52 53 54 55 56 57 58 59 60 61 62 63 64 65 66 67 68 69 70 71 72 73 74 75 76 77 78 79 80 81 82 83 84 85 86 87 88 89 90 91 92 93 94 95 96 97 98 99 100 101 102 103 104 105 106 107 108 109 110 111 112 113 114 115 116 117 118 119 120 121 122 123 124 125 126 127 128 129 130 131 132 133 134 135 136 137 138 139 140 141 142 143 144 145 146 147 148 149 150 151 152 153 154 155 156 157 158 159 160 161 162 163 164 165 166 167 168 169 170 171 172 173 174 175 176 177 178 179 180 181 182 183 184 185 186 187 188 189 190 191 192 193 194 195 196 197 198 199 200 1 2 3 4 5 6 7 8 9 10 11 12 13 14 15 16 17 18 19 20 21 22 23 24 25 26 27 28 29 30 31 32 33 34 35 36 37 38 39 40 41 42 43 44 45 46 47 48 49 50 51 52 53 54 55 56 57 58 59 60 61 62 63 64 65 66 67 68 69 70 71 72 73 74 75 76 77 78 79 80 81 82 83 84 85 86 87 88 89 90 91 92 93 94 95 96 97 98 99 100 101 102 103 104 105 106 107 108 109 110 111 112 113 114 115 116 117 118 119 120 121 122 123 124 125 126 127 128 129 130 131 132 133 134 135 136 137 138 139 140 141 142 143 144 145 146 147 148 149 150 151 152 153 154 155 156 157 158 159 160 161 162 163 164 165 166 167 168 169 170 171 172 173 174 175 176 177 178 179 180 181 182 183 184 185 186 187 188 189 190 191 192 193 194 195 196 197 198 199 200 1 2 3 4 5 6 7 8 9 10 11 12 13 14 15 16 17 18 19 20 21 22 23 24 25 26 27 28 29 30 31 32 33 34 35 36 37 38 39 40 41 42 43 44 45 46 47 48 49 50 51 52 53 54 55 56 57 58 59 60 61 62 63 64 65 66 67 68 69 70 71 72 73 74 75 76 77 78 79 80 81 82 83 84 85 86 87 88 89 90 91 92 93 94 95 96 97 98 99 100 101 102 103 104 105 106 107 108 109 110 111 112 113 114 115 116 117 118 119 120 121 122 123 124 125 126 127 128 129 130 131 132 133 134 135 136 137 138 139 140 141 142 143 144 145 146 147 148 149 150 151 152 153 154 155 156 157 158 159 160 161 162 163 164 165 166 167 168 169 170 171 172 173 174 175 176 177 178 179 180 181 182 183 184 185 186 187 188 189 190 191 192 193 194 195 196 197 198 199 200 1 2 3 4 5 6 7 8 9 10 11 12 13 14 15 16 17 18 19 20 21 22 23 24 25 26 27 28 29 30 31 32 33 34 35 36 37 38 39 40 41 42 43 44 45 46 47 48 49 50 51 52 53 54 55 56 57 58 59 60 61 62 63 64 65 66 67 68 69 70 71 72 73 74 75 76 77 78 79 80 81 82 83 84 85 86 87 88 89 90 91 92 93 94 95 96 97 98 99 100 101 102 103 104 105 106 107 108 109 110 111 112 113 114 115 116 117 118 119 120 121 122 123 124 125 126 127 128 129 130 131 132 133 134 135 136 137 138 139 140 141 142 143 144 145 146 147 148 149 150 151 152 153 154 155 156 157 158 159 160 161 162 163 164 165 166 167 168 169 170 171 172 173 174 175 176 177 178 179 180 181 182 183 184 185 186 187 188 189 190 191 192 193 194 195 196 197 198 199 200 1 2 3 4 5 6 7 8 9 10 11 12 13 14 15 16 17 18 19 20 21 22 23 24 25 26 27 28 29 30 31 32 33 34 35 36 37 38 39 40 41 42 43 44 45 46 47 48 49 50 51 52 53 54 55 56 57 58 59 60 61 62 63 64 65 66 67 68 69 70 71 72 73 74 75 76 77 78 79 80 81 82 83 84 85 86 87 88 89 90 91 92 93 94 95 96 97 98 99 100 101 102 103 104 105 106 107 108 109 110 111 112 113 114 115 116 117 118 119 120 121 122 123 124 125 126 127 128 129 130 131 132 133 134 135 136 137 138 139 140 141 142 143 144 145 146 147 148 149 150 151 152 153 154 155 156 157 158 159 160 161 162 163 164 165 166 167 168 169 170 171 172 173 174 175 176 177 178 179 180 181 182 183 184 185 186 187 188 189 190 191 192 193 194 195 196 197 198 199 200 1 2 3 4 5 6 7 8 9 10 11 12 13 14 15 16 17 18 19 20 21 22 23 24 25 26 27 28 29 30 31 32 33 34 35 36 37 38 39 40 41 42 43 44 45 46 47 48 49 50 51 52 53 54 55 56 57 58 59 60 61 62 63 64 65 66 67 68 69 70 71 72 73 74 75 76 77 78 79 80 81 82 83 84 85 86 87 88 89 90 91 92 93 94 95 96 97 98 99 100 101 102 103 104 105 106 107 108 109 110 111 112 113 114 115 116 117 118 119 120 121 122 123 124 125 126 127 128 129 130 131 132 133 134 135 136 137 138 139 140 141 142 143 144 145 146 147 148 149 150 151 152 153 154 155 156 157 158 159 160 161 162 163 164 165 166 167 168 169 170 171 172 173 174 175 176 177 178 179 180 181 182 183 184 185 186 187 188 189 190 191 192 193 194 195 196 197 198 199 200 1 2 3 4 5 6 7 8 9 10 11 12 13 14 15 16 17 18 19 20 21 22 23 24 25 26 27 28 29 30 31 32 33 34 35 36 37 38 39 40 41 42 43 44 45 46 47 48 49 50 51 52 53 54 55 56 57 58 59 60 61 62 63 64 65 66 67 68 69 70 71 72 73 74 75 76 77 78 79 80 81 82 83 84 85 86 87 88 89 90 91 92 93 94 95 96 97 98 99 100 101 102 103 104 105 106 107 108 109 110 111 112 113 114 115 116 117 118 119 120 121 122 123 124 125 126 127 128 129 130 131 132 133 134 135 136 137 138 139 140 141 142 143 144 145 146 147 148 149 150 151 152 153 154 155 156 157 158 159 160 161 162 163 164 165 166 167 168 169 170 171 172 173 174 175 176 177 178 179 180 181 182 183 184 185 186 187 188 189 190 191 192 193 194 195 196 197 198 199 200 1 2 3 4 5 6 7 8 9 10 11 12 13 14 15 16 17 18 19 20 21 22 23 24 25 26 27 28 29 30 31 32 33 34 35 36 37 38 39 40 41 42 43 44 45 46 47 48 49 50 51 52 53 54 55 56 57 58 59 60 61 62 63 64 65 66 67 68 69 70 71 72 73 74 75 76 77 78 79 80 81 82 83 84 85 86 87 88 89 90 91 92 93 94 95 96 97 98 99 100 101 102 103 104 105 106 107 108 109 110 111 112 113 114 115 116 117 118 119 120 121 122 123 124 125 126 127 128 129 130 131 132 133 134 135 136 137 138 139 140 141 142 143 144 145 146 147 148 149 150 151 152 153 154 155 156 157 158 159 160 161 162 163 164 165 166 167 168 169 170 171 172 173 174 175 176 177 178 179 180 181 182 183 184 185 186 187 188 189 190 191 192 193 194 195 196 197 198 199 200 1 2 3 4 5 6 7 8 9 10 11 12 13 14 15 16 17 18 19 20 21 22 23 24 25 26 27 28 29 30 31 32 33 34 35 36 37 38 39 40 41 42 43 44 45 46 47 48 49 50 51 52 53 54 55 56 57 58 59 60 61 62 63 64 65 66 67 68 69 70 71 72 73 74 75 76 77 78 79 80 81 82 83 84 85 86 87 88 89 90 91 92 93 94 95 96 97 98 99 100 101 102 103 104 105 106 107 108 109 110 111 112 113 114 115 116 117 118 119 120 121 122 123 124 125 126 127 128 129 130 131 132 133 134 135 136 137 138 139 140 141 142 143 144 145 146 147 148 149 150 151 152 153 154 155 156 157 158 159 160 161 162 163 164 165 166 167 168 169 170 171 172 173 174 175 176 177 178 179 180 181 182 183 184 185 186 187 188 189 190 191 192 193 194 195 196 197 198 199 200 1 2 3 4 5 6 7 8 9 10 11 12 13 14 15 16 17 18 19 20 21 22 23 24 25 26 27 28 29 30 31 32 33 34 35 36 37 38 39 40 41 42 43 44 45 46 47 48 49 50 51 52 53 54 55 56 57 58 59 60 61 62 63 64 65 66 67 68 69 70 71 72 73 74 75 76 77 78 79 80 81 82 83 84 85 86 87 88 89 90 91 92 93 94 95 96 97 98 99 100 101 102 103 104 105 106 107 108 109 110 111 112 113 114 115 116 117 118 119 120 121 122 123 124 125 126 127 128 129 130 131 132 133 134 135 136 137 138 139 140 141 142 143 144 145 146 147 148 149 150 151 152 153 154 155 156 157 158 159 160 161 162 163 164 165 166 167 168 169 170 171 172 173 174 175 176 177 178 179 180 181 182 183 184 185 186 187 188 189 190 191 192 193 194 195 196 197 198 199 200 1 2 3 4 5 6 7 8 9 10 11 12 13 14 15 16 17 18 19 20 21 22 23 24 25 26 27 28 29 30 31 32 33 34 35 36 37 38 39 40 41 42 43 44 45 46 47 48 49 50 51 52 53 54 55 56 57 58 59 60 61 62 63 64 65 66 67 68 69 70 71 72 73 74 75 76 77 78 79 80 81 82 83 84 85 86 87 88 89 90 91 92 93 94 95 96 97 98 99 100 101 102 103 104 105 106 107 108 109 110 111 112 113 114 115 116 117 118 119 120 121 122 123 124 125 126 127 128 129 130 131 132 133 134 135 136 137 138 139 140 141 142 143 144 145 146 147 148 149 150 151 152 153 154 155 156 157 158 159 160 161 162 163 164 165 166 167 168 169 170 171 172 173 174 175 176 177 178 179 180 181 182 183 184 185 186 187 188 189 190 191 192 193 194 195 196 197 198 199 200 1 2 3 4 5 6 7 8 9 10 11 12 13 14 15 16 17 18 19 20 21 22 23 24 25 26 27 28 29 30 31 32 33 34 35 36 37 38 39 40 41 42 43 44 45 46 47 48 49 50 51 52 53 54 55 56 57 58 59 60 61 62 63 64 65 66 67 68 69 70 71 72 73 74 75 76 77 78 79 80 81 82 83 84 85 86 87 88 89 90 91 92 93 94 95 96 97 98 99 100 101 102 103 104 105 106 107 108 109 110 111 112 113 114 115 116 117 118 119 120 121 122 123 124 125 126 127 128 129 130 131 132 133 134 135 136 137 138 139 140 141 142 143 144 145 146 147 148 149 150 151 152 153 154 155 156 157 158 159 160 161 162 163 164 165 166 167 168 169 170 171 172 173 174 175 176 177 178 179 180 181 182 183 184 185 186 187 188 189 190 191 192 193 194 195 196 197 198 199 200 1 2 3 4 5 6 7 8 9 10 11 12 13 14 15 16 17 18 19 20 21 22 23 24 25 26 27 28 29 30 31 32 33 34 35 36 37 38 39 40 41 42 43 44 45 46 47 48 49 50 51 52 53 54 55 56 57 58 59 60 61 62 63 64 65 66 67 68 69 70 71 72 73 74 75 76 77 78 79 80 81 82 83 84 85 86 87 88 89 90 91 92 93 94 95 96 97 98 99 100 101 102 103 104 105 106 107 108 109 110 111 112 113 114 115 116 117 118 119 120 121 122 123 124 125 126 127 128 129 130 131 132 133 134 135 136 137 138 139 140 141 142 143 144 145 146 147 148 149 150 151 152 153 154 155 156 157 158 159 160 161 162 163 164 165 166 167 168 169 170 171 172 173 174 175 176 177 178 179 180 181 182 183 184 185 186 187 188 189 190 191 192 193 194 195 196 197 198 199 200 1 2 3 4 5 6 7 8 9 10 11 12 13 14 15 16 17 18 19 20 21 22 23 24 25 26 27 28 29 30 31 32 33 34 35 36 37 38 39 40 41 42 43 44 45 46 47 48 49 50 51 52 53 54 55 56 57 58 59 60 61 62 63 64 65 66 67 68 69 70 71 72 73 74 75 76 77 78 79 80 81 82 83 84 85 86 87 88 89 90 91 92 93 94 95 96 97 98 99 100 101 102 103 104 105 106 107 108 109 110 111 112 113 114 115 116 117 118 119 120 121 122 123 124 125 126 127 128 129 130 131 132 133 134 135 136 137 138 139 140 141 142 143 144 145 146 147 148 149 150 151 152 153 154 155 156 157 158 159 160 161 162 163 164 165 166 167 168 169 170 171 172 173 174 175 176 177 178 179 180 181 182 183 184 185 186 187 188 189 190 191 192 193 194 195 196 197 198 199 200 1 2 3 4 5 6 7 8 9 10 11 12 13 14 15 16 17 18 19 20 21 22 23 24 25 26 27 28 29 30 31 32 33 34 35 36 37 38 39 40 41 42 43 44 45 46 47 48 49 50 51 52 53 54 55 56 57 58 59 60 61 62 63 64 65 66 67 68 69 70 71 72 73 74 75 76 77 78 79 80 81 82 83 84 85 86 87 88 89 90 91 92 93 94 95 96 97 98 99 100 101 102 103 104 105 106 107 108 109 110 111 112 113 114 115 116 117 118 119 120 121 122 123 124 125 126 127 128 129 130 131 132 133 134 135 136 137 138 139 140 141 142 143 144 145 146 147 148 149 150 151 152 153 154 155 156 157 158 159 160 161 162 163 164 165 166 167 168 169 170 171 172 173 174 175 176 177 178 179 180 181 182 183 184 185 186 187 188 189 190 191 192 193 194 195 196 197 198 199 200 1 2 3 4 5 6 7 8 9 10 11 12 13 14 15 16 17 18 19 20 21 22 23 24 25 26 27 28 29 30 31 32 33 34 35 36 37 38 39 40 41 42 43 44 45 46 47 48 49 50 51 52 53 54 55 56 57 58 59 60 61 62 63 64 65 66 67 68 69 70 71 72 73 74 75 76 77 78 79 80 81 82 83 84 85 86 87 88 89 90 91 92 93 94 95 96 97 98 99 100 101 102 103 104 105 106 107 108 109 110 111 112 113 114 115 116 117 118 119 120 121 122 123 124 125 126 127 128 129 130 131 132 133 134 135 136 137 138 139 140 141 142 143 144 145 146 147 148 149 150 151 152 153 154 155 156 157 158 159 160 161 162 163 164 165 166 167 168 169 170 171 172 173 174 175 176 177 178 179 180 181 182 183 184 185 186 187 188 189 190 191 192 193 194 195 196 197 198 199 200 1 2 3 4 5 6 7 8 9 10 11 12 13 14 15 16 17 18 19 20 21 22 23 24 25 26 27 28 29 30 31 32 33 34 35 36 37 38 39 40 41 42 43 44 45 46 47 48 49 50 51 52 53 54 55 56 57 58 59 60 61 62 63 64 65 66 67 68 69 70 71 72 73 74 75 76 77 78 79 80 81 82 83 84 85 86 87 88 89 90 91 92 93 94 95 96 97 98 99 100 101 102 103 104 105 106 107 108 109 110 111 112 113 114 115 116 117 118 119 120 121 122 123 124 125 126 127 128 129 130 131 132 133 134 135 136 137 138 139 140 141 142 143 144 145 146 147 148 149 150 151 152 153 154 155 156 157 158 159 160 161 162 163 164 165 166 167 168 169 170 171 172 173 174 175 176 177 178 179 180 181 182 183 184 185 186 187 188 189 190 191 192 193 194 195 196 197 198 199 200 1 2 3 4 5 6 7 8 9 10 11 12 13 14 15 16 17 18 19 20 21 22 23 24 25 26 27 28 29 30 31 32 33 34 35 36 37 38 39 40 41 42 43 44 45 46 47 48 49 50 51 52 53 54 55 56 57 58 59 60 61 62 63 64 65 66 67 68 69 70 71 72 73 74 75 76 77 78 79 80 81 82 83 84 85 86 87 88 89 90 91 92 93 94 95 96 97 98 99 100 101 102 103 104 105 106 107 108 109 110 111 112 113 114 115 116 117 118 119 120 121 122 123 124 125 126 127 128 129 130 131 132 133 134 135 136 137 138 139 140 141 142 143 144 145 146 147 148 149 150 151 152 153 154 155 156 157 158 159 160 161 162 163 164 165 166 167 168 169 170 171 172 173 174 175 176 177 178 179 180 181 182 183 184 185 186 187 188 189 190 191 192 193 194 195 196 197 198 199 200 1 2 3 4 5 6 7 8 9 10 11 12 13 14 15 16 17 18 19 20 21 22 23 24 25 26 27 28 29 30 31 32 33 34 35 36 37 38 39 40 41 42 43 44 45 46 47 48 49 50 51 52 53 54 55 56 57 58 59 60 61 62 63 64 65 66 67 68 69 70 71 72 73 74 75 76 77 78 79 80 81 82 83 84 85 86 87 88 89 90 91 92 93 94 95 96 97 98 99 100 101 102 103 104 105 106 107 108 109 110 111 112 113 114 115 116 117 118 119 120 121 122 123 124 125 126 127 128 129 130 131 132 133 134 135 136 137 138 139 140 141 142 143 144 145 146 147 148 149 150 151 152 153 154 155 156 157 158 159 160 161 162 163 164 165 166 167 168 169 170 171 172 173 174 175 176 177 178 179 180 181 182 183 184 185 186 187 188 189 190 191 192 193 194 195 196 197 198 199 200 1 2 3 4 5 6 7 8 9 10 11 12 13 14 15 16 17 18 19 20 21 22 23 24 25 26 27 28 29 30 31 32 33 34 35 36 37 38 39 40 41 42 43 44 45 46 47 48 49 50 51 52 53 54 55 56 57 58 59 60 61 62 63 64 65 66 67 68 69 70 71 72 73 74 75 76 77 78 79 80 81 82 83 84 85 86 87 88 89 90 91 92 93 94 95 96 97 98 99 100 101 102 103 104 105 106 107 108 109 110 111 112 113 114 115 116 117 118 119 120 121 122 123 124 125 126 127 128 129 130 131 132 133 134 135 136 137 138 139 140 141 142 143 144 145 146 147 148 149 150 151 152 153 154 155 156 157 158 159 160 161 162 163 164 165 166 167 168 169 170 171 172 173 174 175 176 177 178 179 180 181 182 183 184 185 186 187 188 189 190 191 192 193 194 195 196 197 198 199 200 1 2 3 4 5 6 7 8 9 10 11 12 13 14 15 16 17 18 19 20 21 22 23 24 25 26 27 28 29 30 31 32 33 34 35 36 37 38 39 40 41 42 43 44 45 46 47 48 49 50 51 52 53 54 55 56 57 58 59 60 61 62 63 64 65 66 67 68 69 70 71 72 73 74 75 76 77 78 79 80 81 82 83 84 85 86 87 88 89 90 91 92 93 94 95 96 97 98 99 100 101 102 103 104 105 106 107 108 109 110 111 112 113 114 115 116 117 118 119 120 121 122 123 124 125 126 127 128 129 130 131 132 133 134 135 136 137 138 139 140 141 142 143 144 145 146 147 148 149 150 151 152 153 154 155 156 157 158 159 160 161 162 163 164 165 166 167 168 169 170 171 172 173 174 175 176 177 178 179 180 181 182 183 184 185 186 187 188 189 190 191 192 193 194 195 196 197 198 199 200 1 2 3 4 5 6 7 8 9 10 11 12 13 14 15 16 17 18 19 20 21 22 23 24 25 26 27 28 29 30 31 32 33 34 35 36 37 38 39 40 41 42 43 44 45 46 47 48 49 50 51 52 53 54 55 56 57 58 59 60 61 62 63 64 65 66 67 68 69 70 71 72 73 74 75 76 77 78 79 80 81 82 83 84 85 86 87 88 89 90 91 92 93 94 95 96 97 98 99 100 101 102 103 104 105 106 107 108 109 110 111 112 113 114 115 116 117 118 119 120 121 122 123 124 125 126 127 128 129 130 131 132 133 134 135 136 137 138 139 140 141 142 143 144 145 146 147 148 149 150 151 152 153 154 155 156 157 158 159 160 161 162 163 164 165 166 167 168 169 170 171 172 173 174 175 176 177 178 179 180 181 182 183 184 185 186 187 188 189 190 191 192 193 194 195 196 197 198 199 200 1 2 3 4 5 6 7 8 9 10 11 12 13 14 15 16 17 18 19 20 21 22 23 24 25 26 27 28 29 30 31 32 33 34 35 36 37 38 39 40 41 42 43 44 45 46 47 48 49 50 51 52 53 54 55 56 57 58 59 60 61 62 63 64 65 66 67 68 69 70 71 72 73 74 75 76 77 78 79 80 81 82 83 84 85 86 87 88 89 90 91 92 93 94 95 96 97 98 99 100 101 102 103 104 105 106 107 108 109 110 111 112 113 114 115 116 117 118 119 120 121 122 123 124 125 126 127 128 129 130 131 132 133 134 135 136 137 138 139 140 141 142 143 144 145 146 147 148 149 150 151 152 153 154 155 156 157 158 159 160 161 162 163 164 165 166 167 168 169 170 171 172 173 174 175 176 177 178 179 180 181 182 183 184 185 186 187 188 189 190 191 192 193 194 195 196 197 198 199 200 1 2 3 4 5 6 7 8 9 10 11 12 13 14 15 16 17 18 19 20 21 22 23 24 25 26 27 28 29 30 31 32 33 34 35 36 37 38 39 40 41 42 43 44 45 46 47 48 49 50 51 52 53 54 55 56 57 58 59 60 61 62 63 64 65 66 67 68 69 70 71 72 73 74 75 76 77 78 79 80 81 82 83 84 85 86 87 88 89 90 91 92 93 94 95 96 97 98 99 100 101 102 103 104 105 106 107 108 109 110 111 112 113 114 115 116 117 118 119 120 121 122 123 124 125 126 127 128 129 130 131 132 133 134 135 136 137 138 139 140 141 142 143 144 145 146 147 148 149 150 151 152 153 154 155 156 157 158 159 160 161 162 163 164 165 166 167 168 169 170 171 172 173 174 175 176 177 178 179 180 181 182 183 184 185 186 187 188 189 190 191 192 193 194 195 196 197 198 199 200 1 2 3 4 5 6 7 8 9 10 11 12 13 14 15 16 17 18 19 20 21 22 23 24 25 26 27 28 29 30 31 32 33 34 35 36 37 38 39 40 41 42 43 44 45 46 47 48 49 50 51 52 53 54 55 56 57 58 59 60 61 62 63 64 65 66 67 68 69 70 71 72 73 74 75 76 77 78 79 80 81 82 83 84 85 86 87 88 89 90 91 92 93 94 95 96 97 98 99 100 101 102 103 104 105 106 107 108 109 110 111 112 113 114 115 116 117 118 119 120 121 122 123 124 125 126 127 128 129 130 131 132 133 134 135 136 137 138 139 140 141 142 143 144 145 146 147 148 149 150 151 152 153 154 155 156 157 158 159 160 161 162 163 164 165 166 167 168 169 170 171 172 173 174 175 176 177 178 179 180 181 182 183 184 185 186 187 188 189 190 191 192 193 194 195 196 197 198 199 200 1 2 3 4 5 6 7 8 9 10 11 12 13 14 15 16 17 18 19 20 21 22 23 24 25 26 27 28 29 30 31 32 33 34 35 36 37 38 39 40 41 42 43 44 45 46 47 48 49 50 51 52 53 54 55 56 57 58 59 60 61 62 63 64 65 66 67 68 69 70 71 72 73 74 75 76 77 78 79 80 81 82 83 84 85 86 87 88 89 90 91 92 93 94 95 96 97 98 99 100 101 102 103 104 105 106 107 108 109 110 111 112 113 114 115 116 117 118 119 120 121 122 123 124 125 126 127 128 129 130 131 132 133 134 135 136 137 138 139 140 141 142 143 144 145 146 147 148 149 150 151 152 153 154 155 156 157 158 159 160 161 162 163 164 165 166 167 168 169 170 171 172 173 174 175 176 177 178 179 180 181 182 183 184 185 186 187 188 189 190 191 192 193 194 195 196 197 198 199 200 1 2 3 4 5 6 7 8 9 10 11 12 13 14 15 16 17 18 19 20 21 22 23 24 25 26 27 28 29 30 31 32 33 34 35 36 37 38 39 40 41 42 43 44 45 46 47 48 49 50 51 52 53 54 55 56 57 58 59 60 61 62 63 64 65 66 67 68 69 70 71 72 73 74 75 76 77 78 79 80 81 82 83 84 85 86 87 88 89 90 91 92 93 94 95 96 97 98 99 100 101 102 103 104 105 106 107 108 109 110 111 112 113 114 115 116 117 118 119 120 121 122 123 124 125 126 127 128 129 130 131 132 133 134 135 136 137 138 139 140 141 142 143 144 145 146 147 148 149 150 151 152 153 154 155 156 157 158 159 160 161 162 163 164 165 166 167 168 169 170 171 172 173 174 175 176 177 178 179 180 181 182 183 184 185 186 187 188 189 190 191 192 193 194 195 196 197 198 199 200 1 2 3 4 5 6 7 8 9 10 11 12 13 14 15 16 17 18 19 20 21 22 23 24 25 26 27 28 29 30 31 32 33 34 35 36 37 38 39 40 41 42 43 44 45 46 47 48 49 50 51 52 53 54 55 56 57 58 59 60 61 62 63 64 65 66 67 68 69 70 71 72 73 74 75 76 77 78 79 80 81 82 83 84 85 86 87 88 89 90 91 92 93 94 95 96 97 98 99 100 101 102 103 104 105 106 107 108 109 110 111 112 113 114 115 116 117 118 119 120 121 122 123 124 125 126 127 128 129 130 131 132 133 134 135 136 137 138 139 140 141 142 143 144 145 146 147 148 149 150 151 152 153 154 155 156 157 158 159 160 161 162 163 164 165 166 167 168 169 170 171 172 173 174 175 176 177 178 179 180 181 182 183 184 185 186 187 188 189 190 191 192 193 194 195 196 197 198 199 200 1 2 3 4 5 6 7 8 9 10 11 12 13 14 15 16 17 18 19 20 21 22 23 24 25 26 27 28 29 30 31 32 33 34 35 36 37 38 39 40 41 42 43 44 45 46 47 48 49 50 51 52 53 54 55 56 57 58 59 60 61 62 63 64 65 66 67 68 69 70 71 72 73 74 75 76 77 78 79 80 81 82 83 84 85 86 87 88 89 90 91 92 93 94 95 96 97 98 99 100 101 102 103 104 105 106 107 108 109 110 111 112 113 114 115 116 117 118 119 120 121 122 123 124 125 126 127 128 129 130 131 132 133 134 135 136 137 138 139 140 141 142 143 144 145 146 147 148 149 150 151 152 153 154 155 156 157 158 159 160 161 162 163 164 165 166 167 168 169 170 171 172 173 174 175 176 177 178 179 180 181 182 183 184 185 186 187 188 189 190 191 192 193 194 195 196 197 198 199 200 1 2 3 4 5 6 7 8 9 10 11 12 13 14 15 16 17 18 19 20 21 22 23 24 25 26 27 28 29 30 31 32 33 34 35 36 37 38 39 40 41 42 43 44 45 46 47 48 49 50 51 52 53 54 55 56 57 58 59 60 61 62 63 64 65 66 67 68 69 70 71 72 73 74 75 76 77 78 79 80 81 82 83 84 85 86 87 88 89 90 91 92 93 94 95 96 97 98 99 100 101 102 103 104 105 106 107 108 109 110 111 112 113 114 115 116 117 118 119 120 121 122 123 124 125 126 127 128 129 130 131 132 133 134 135 136 137 138 139 140 141 142 143 144 145 146 147 148 149 150 151 152 153 154 155 156 157 158 159 160 161 162 163 164 165 166 167 168 169 170 171 172 173 174 175 176 177 178 179 180 181 182 183 184 185 186 187 188 189 190 191 192 193 194 195 196 197 198 199 200 1 2 3 4 5 6 7 8 9 10 11 12 13 14 15 16 17 18 19 20 21 22 23 24 25 26 27 28 29 30 31 32 33 34 35 36 37 38 39 40 41 42 43 44 45 46 47 48 49 50 51 52 53 54 55 56 57 58 59 60 61 62 63 64 65 66 67 68 69 70 71 72 73 74 75 76 77 78 79 80 81 82 83 84 85 86 87 88 89 90 91 92 93 94 95 96 97 98 99 100 101 102 103 104 105 106 107 108 109 110 111 112 113 114 115 116 117 118 119 120 121 122 123 124 125 126 127 128 129 130 131 132 133 134 135 136 137 138 139 140 141 142 143 144 145 146 147 148 149 150 151 152 153 154 155 156 157 158 159 160 161 162 163 164 165 166 167 168 169 170 171 172 173 174 175 176 177 178 179 180 181 182 183 184 185 186 187 188 189 190 191 192 193 194 195 196 197 198 199 200 1 2 3 4 5 6 7 8 9 10 11 12 13 14 15 16 17 18 19 20 21 22 23 24 25 26 27 28 29 30 31 32 33 34 35 36 37 38 39 40 41 42 43 44 45 46 47 48 49 50 51 52 53 54 55 56 57 58 59 60 61 62 63 64 65 66 67 68 69 70 71 72 73 74 75 76 77 78 79 80 81 82 83 84 85 86 87 88 89 90 91 92 93 94 95 96 97 98 99 100 101 102 103 104 105 106 107 108 109 110 111 112 113 114 115 116 117 118 119 120 121 122 123 124 125 126 127 128 129 130 131 132 133 134 135 136 137 138 139 140 141 142 143 144 145 146 147 148 149 150 151 152 153 154 155 156 157 158 159 160 161 162 163 164 165 166 167 168 169 170 171 172 173 174 175 176 177 178 179 180 181 182 183 184 185 186 187 188 189 190 191 192 193 194 195 196 197 198 199 200 1 2 3 4 5 6 7 8 9 10 11 12 13 14 15 16 17 18 19 20 21 22 23 24 25 26 27 28 29 30 31 32 33 34 35 36 37 38 39 40 41 42 43 44 45 46 47 48 49 50 51 52 53 54 55 56 57 58 59 60 61 62 63 64 65 66 67 68 69 70 71 72 73 74 75 76 77 78 79 80 81 82 83 84 85 86 87 88 89 90 91 92 93 94 95 96 97 98 99 100 101 102 103 104 105 106 107 108 109 110 111 112 113 114 115 116 117 118 119 120 121 122 123 124 125 126 127 128 129 130 131 132 133 134 135 136 137 138 139 140 141 142 143 144 145 146 147 148 149 150 151 152 153 154 155 156 157 158 159 160 161 162 163 164 165 166 167 168 169 170 171 172 173 174 175 176 177 178 179 180 181 182 183 184 185 186 187 188 189 190 191 192 193 194 195 196 197 198 199 200 1 2 3 4 5 6 7 8 9 10 11 12 13 14 15 16 17 18 19 20 21 22 23 24 25 26 27 28 29 30 31 32 33 34 35 36 37 38 39 40 41 42 43 44 45 46 47 48 49 50 51 52 53 54 55 56 57 58 59 60 61 62 63 64 65 66 67 68 69 70 71 72 73 74 75 76 77 78 79 80 81 82 83 84 85 86 87 88 89 90 91 92 93 94 95 96 97 98 99 100 101 102 103 104 105 106 107 108 109 110 111 112 113 114 115 116 117 118 119 120 121 122 123 124 125 126 127 128 129 130 131 132 133 134 135 136 137 138 139 140 141 142 143 144 145 146 147 148 149 150 151 152 153 154 155 156 157 158 159 160 161 162 163 164 165 166 167 168 169 170 171 172 173 174 175 176 177 178 179 180 181 182 183 184 185 186 187 188 189 190 191 192 193 194 195 196 197 198 199 200 1 2 3 4 5 6 7 8 9 10 11 12 13 14 15 16 17 18 19 20 21 22 23 24 25 26 27 28 29 30 31 32 33 34 35 36 37 38 39 40 41 42 43 44 45 46 47 48 49 50 51 52 53 54 55 56 57 58 59 60 61 62 63 64 65 66 67 68 69 70 71 72 73 74 75 76 77 78 79 80 81 82 83 84 85 86 87 88 89 90 91 92 93 94 95 96 97 98 99 100 101 102 103 104 105 106 107 108 109 110 111 112 113 114 115 116 117 118 119 120 121 122 123 124 125 126 127 128 129 130 131 132 133 134 135 136 137 138 139 140 141 142 143 144 145 146 147 148 149 150 151 152 153 154 155 156 157 158 159 160 161 162 163 164 165 166 167 168 169 170 171 172 173 174 175 176 177 178 179 180 181 182 183 184 185 186 187 188 189 190 191 192 193 194 195 196 197 198 199 200 1 2 3 4 5 6 7 8 9 10 11 12 13 14 15 16 17 18 19 20 21 22 23 24 25 26 27 28 29 30 31 32 33 34 35 36 37 38 39 40 41 42 43 44 45 46 47 48 49 50 51 52 53 54 55 56 57 58 59 60 61 62 63 64 65 66 67 68 69 70 71 72 73 74 75 76 77 78 79 80 81 82 83 84 85 86 87 88 89 90 91 92 93 94 95 96 97 98 99 100 101 102 103 104 105 106 107 108 109 110 111 112 113 114 115 116 117 118 119 120 121 122 123 124 125 126 127 128 129 130 131 132 133 134 135 136 137 138 139 140 141 142 143 144 145 146 147 148 149 150 151 152 153 154 155 156 157 158 159 160 161 162 163 164 165 166 167 168 169 170 171 172 173 174 175 176 177 178 179 180 181 182 183 184 185 186 187 188 189 190 191 192 193 194 195 196 197 198 199 200 1 2 3 4 5 6 7 8 9 10 11 12 13 14 15 16 17 18 19 20 21 22 23 24 25 26 27 28 29 30 31 32 33 34 35 36 37 38 39 40 41 42 43 44 45 46 47 48 49 50 51 52 53 54 55 56 57 58 59 60 61 62 63 64 65 66 67 68 69 70 71 72 73 74 75 76 77 78 79 80 81 82 83 84 85 86 87 88 89 90 91 92 93 94 95 96 97 98 99 100 101 102 103 104 105 106 107 108 109 110 111 112 113 114 115 116 117 118 119 120 121 122 123 124 125 126 127 128 129 130 131 132 133 134 135 136 137 138 139 140 141 142 143 144 145 146 147 148 149 150 151 152 153 154 155 156 157 158 159 160 161 162 163 164 165 166 167 168 169 170 171 172 173 174 175 176 177 178 179 180 181 182 183 184 185 186 187 188 189 190 191 192 193 194 195 196 197 198 199 200 1 2 3 4 5 6 7 8 9 10 11 12 13 14 15 16 17 18 19 20 21 22 23 24 25 26 27 28 29 30 31 32 33 34 35 36 37 38 39 40 41 42 43 44 45 46 47 48 49 50 51 52 53 54 55 56 57 58 59 60 61 62 63 64 65 66 67 68 69 70 71 72 73 74 75 76 77 78 79 80 81 82 83 84 85 86 87 88 89 90 91 92 93 94 95 96 97 98 99 100 101 102 103 104 105 106 107 108 109 110 111 112 113 114 115 116 117 118 119 120 121 122 123 124 125 126 127 128 129 130 131 132 133 134 135 136 137 138 139 140 141 142 143 144 145 146 147 148 149 150 151 152 153 154 155 156 157 158 159 160 161 162 163 164 165 166 167 168 169 170 171 172 173 174 175 176 177 178 179 180 181 182 183 184 185 186 187 188 189 190 191 192 193 194 195 196 197 198 199 200 1 2 3 4 5 6 7 8 9 10 11 12 13 14 15 16 17 18 19 20 21 22 23 24 25 26 27 28 29 30 31 32 33 34 35 36 37 38 39 40 41 42 43 44 45 46 47 48 49 50 51 52 53 54 55 56 57 58 59 60 61 62 63 64 65 66 67 68 69 70 71 72 73 74 75 76 77 78 79 80 81 82 83 84 85 86 87 88 89 90 91 92 93 94 95 96 97 98 99 100 101 102 103 104 105 106 107 108 109 110 111 112 113 114 115 116 117 118 119 120 121 122 123 124 125 126 127 128 129 130 131 132 133 134 135 136 137 138 139 140 141 142 143 144 145 146 147 148 149 150 151 152 153 154 155 156 157 158 159 160 161 162 163 164 165 166 167 168 169 170 171 172 173 174 175 176 177 178 179 180 181 182 183 184 185 186 187 188 189 190 191 192 193 194 195 196 197 198 199 200 1 2 3 4 5 6 7 8 9 10 11 12 13 14 15 16 17 18 19 20 21 22 23 24 25 26 27 28 29 30 31 32 33 34 35 36 37 38 39 40 41 42 43 44 45 46 47 48 49 50 51 52 53 54 55 56 57 58 59 60 61 62 63 64 65 66 67 68 69 70 71 72 73 74 75 76 77 78 79 80 81 82 83 84 85 86 87 88 89 90 91 92 93 94 95 96 97 98 99 100 101 102 103 104 105 106 107 108 109 110 111 112 113 114 115 116 117 118 119 120 121 122 123 124 125 126 127 128 129 130 131 132 133 134 135 136 137 138 139 140 141 142 143 144 145 146 147 148 149 150 151 152 153 154 155 156 157 158 159 160 161 162 163 164 165 166 167 168 169 170 171 172 173 174 175 176 177 178 179 180 181 182 183 184 185 186 187 188 189 190 191 192 193 194 195 196 197 198 199 200 1 2 3 4 5 6 7 8 9 10 11 12 13 14 15 16 17 18 19 20 21 22 23 24 25 26 27 28 29 30 31 32 33 34 35 36 37 38 39 40 41 42 43 44 45 46 47 48 49 50 51 52 53 54 55 56 57 58 59 60 61 62 63 64 65 66 67 68 69 70 71 72 73 74 75 76 77 78 79 80 81 82 83 84 85 86 87 88 89 90 91 92 93 94 95 96 97 98 99 100 101 102 103 104 105 106 107 108 109 110 111 112 113 114 115 116 117 118 119 120 121 122 123 124 125 126 127 128 129 130 131 132 133 134 135 136 137 138 139 140 141 142 143 144 145 146 147 148 149 150 151 152 153 154 155 156 157 158 159 160 161 162 163 164 165 166 167 168 169 170 171 172 173 174 175 176 177 178 179 180 181 182 183 184 185 186 187 188 189 190 191 192 193 194 195 196 197 198 199 200 1 2 3 4 5 6 7 8 9 10 11 12 13 14 15 16 17 18 19 20 21 22 23 24 25 26 27 28 29 30 31 32 33 34 35 36 37 38 39 40 41 42 43 44 45 46 47 48 49 50 51 52 53 54 55 56 57 58 59 60 61 62 63 64 65 66 67 68 69 70 71 72 73 74 75 76 77 78 79 80 81 82 83 84 85 86 87 88 89 90 91 92 93 94 95 96 97 98 99 100 101 102 103 104 105 106 107 108 109 110 111 112 113 114 115 116 117 118 119 120 121 122 123 124 125 126 127 128 129 130 131 132 133 134 135 136 137 138 139 140 141 142 143 144 145 146 147 148 149 150 151 152 153 154 155 156 157 158 159 160 161 162 163 164 165 166 167 168 169 170 171 172 173 174 175 176 177 178 179 180 181 182 183 184 185 186 187 188 189 190 191 192 193 194 195 196 197 198 199 200 1 2 3 4 5 6 7 8 9 10 11 12 13 14 15 16 17 18 19 20 21 22 23 24 25 26 27 28 29 30 31 32 33 34 35 36 37 38 39 40 41 42 43 44 45 46 47 48 49 50 51 52 53 54 55 56 57 58 59 60 61 62 63 64 65 66 67 68 69 70 71 72 73 74 75 76 77 78 79 80 81 82 83 84 85 86 87 88 89 90 91 92 93 94 95 96 97 98 99 100 101 102 103 104 105 106 107 108 109 110 111 112 113 114 115 116 117 118 119 120 121 122 123 124 125 126 127 128 129 130 131 132 133 134 135 136 137 138 139 140 141 142 143 144 145 146 147 148 149 150 151 152 153 154 155 156 157 158 159 160 161 162 163 164 165 166 167 168 169 170 171 172 173 174 175 176 177 178 179 180 181 182 183 184 185 186 187 188 189 190 191 192 193 194 195 196 197 198 199 200 1 2 3 4 5 6 7 8 9 10 11 12 13 14 15 16 17 18 19 20 21 22 23 24 25 26 27 28 29 30 31 32 33 34 35 36 37 38 39 40 41 42 43 44 45 46 47 48 49 50 51 52 53 54 55 56 57 58 59 60 61 62 63 64 65 66 67 68 69 70 71 72 73 74 75 76 77 78 79 80 81 82 83 84 85 86 87 88 89 90 91 92 93 94 95 96 97 98 99 100 101 102 103 104 105 106 107 108 109 110 111 112 113 114 115 116 117 118 119 120 121 122 123 124 125 126 127 128 129 130 131 132 133 134 135 136 137 138 139 140 141 142 143 144 145 146 147 148 149 150 151 152 153 154 155 156 157 158 159 160 161 162 163 164 165 166 167 168 169 170 171 172 173 174 175 176 177 178 179 180 181 182 183 184 185 186 187 188 189 190 191 192 193 194 195 196 197 198 199 200 1 2 3 4 5 6 7 8 9 10 11 12 13 14 15 16 17 18 19 20 21 22 23 24 25 26 27 28 29 30 31 32 33 34 35 36 37 38 39 40 41 42 43 44 45 46 47 48 49 50 51 52 53 54 55 56 57 58 59 60 61 62 63 64 65 66 67 68 69 70 71 72 73 74 75 76 77 78 79 80 81 82 83 84 85 86 87 88 89 90 91 92 93 94 95 96 97 98 99 100 101 102 103 104 105 106 107 108 109 110 111 112 113 114 115 116 117 118 119 120 121 122 123 124 125 126 127 128 129 130 131 132 133 134 135 136 137 138 139 140 141 142 143 144 145 146 147 148 149 150 151 152 153 154 155 156 157 158 
